subject_id,week,has_onset,true_onset_week,gait_score,voice_score,touch_score,clinical_score
0,0,1,38,0.997861832327314,1.0241609148393191,0.9613312539378808,30.076738956141014
0,1,1,38,1.0077098871687649,0.9898809222372796,0.9706629898458317,30.641159072126836
0,2,1,38,1.0845291693916865,1.046774994382772,0.8964367385757359,30.48294639999471
0,3,1,38,0.9519172447267175,1.0229350273508724,0.9679003821553256,29.359496823685195
0,4,1,38,1.0612670879500372,0.9894601276575,0.9952733092814778,30.18549861878547
0,5,1,38,1.0299280803476263,0.9723877735979576,1.0346776394486432,31.078509963467646
0,6,1,38,1.1119174229888031,1.009079574795308,1.0996564753237823,28.169468839635844
0,7,1,38,0.9648144406870751,1.0189544717626287,0.9876183355835364,29.67225838942205
0,8,1,38,0.971258946154168,1.0174769127336694,1.0423775592714781,31.379346098822364
0,9,1,38,1.000456577323829,0.9568436470448942,0.9789905950109415,31.657713471635574
0,10,1,38,0.9766747285758964,0.9547340393403492,0.9611618387838533,31.034421264491293
0,11,1,38,0.918406079534205,0.9343180462654797,0.8852446855900178,30.002648780340934
0,12,1,38,1.0085493707015993,0.9550203905514866,0.9968507264426893,30.94392957011219
0,13,1,38,0.9255774214641757,1.0161024779394254,0.8824911779424492,27.993905649723494
0,14,1,38,1.15513852883335,0.9506603072228882,0.9876677993353077,29.682835730540674
0,15,1,38,1.1144448556196846,1.005835613263039,1.0074296770133757,30.08833365662403
0,16,1,38,0.9563608324009224,1.005834094071774,0.9522803381633067,29.455631662275717
0,17,1,38,1.0141492933817318,1.0040473542518558,0.9699998570271893,30.127939025303657
0,18,1,38,1.0653892167823722,0.9842086187204565,0.9595924845335974,30.36944723078391
0,19,1,38,0.9651560779346947,1.0279943407861423,0.8794433757645065,29.962443141275237
0,20,1,38,0.985434887730024,1.0170076809594584,0.7820141945609438,29.344268285698295
0,21,1,38,1.0980866907116693,0.9866965996993833,1.0335089679597385,30.55436946760358
0,22,1,38,0.986082044144996,0.9634626515385468,0.9525087029057057,29.000843808308034
0,23,1,38,1.0272146090713425,0.9917094695719638,0.9791316024920937,28.78286274987625
0,24,1,38,0.9525470627978989,1.001056940207481,1.0289937954296833,28.791602462658943
0,25,1,38,0.9566976166840148,1.0416652331780885,0.9889753342155579,30.074808742745827
0,26,1,38,0.9993369024054963,1.0283406392069219,0.9346556162283362,30.76406250338935
0,27,1,38,1.0994548448043502,0.9683884868924492,1.0798973440986919,31.115263744303515
0,28,1,38,1.0653268524962856,0.9782051726158877,0.930439502075208,29.84410268701896
0,29,1,38,1.1421608164850978,0.9731506757493128,1.043080471326403,28.68957627264211
0,30,1,38,0.9929630069305155,1.0585079012559144,0.9554291338232211,28.863170287666303
0,31,1,38,0.9130073717484068,1.021634438168792,1.0311731811444855,30.007351180183857
0,32,1,38,0.912374919592404,0.9688265468562316,0.9156475857195632,30.736941179996517
0,33,1,38,0.9546857421353976,1.0331956102806554,0.9941345132946293,30.41007418399798
0,34,1,38,0.9948152168213747,0.9868681330018261,1.0154156917991102,31.4869281196288
0,35,1,38,1.0452625636854127,0.9971748154312974,1.0805487535107825,31.16917665254455
0,36,1,38,1.0042353002122644,1.0179555202238846,1.0189870333576583,30.087433027754056
0,37,1,38,0.9648324484263904,0.9959025170287839,1.0983486257407846,28.031254592542226
0,38,1,38,0.976302223523217,1.0239061801809959,0.9909071670542267,30.570360687082793
0,39,1,38,0.9656207988818706,0.9321645253803807,0.9830836946463598,28.098158244729834
0,40,1,38,0.9948968739365285,0.8975007424232733,0.9405954284001995,24.808684338113338
0,41,1,38,0.7919140675219629,0.8277786390974494,0.969508415686364,22.825077415463472
0,42,1,38,0.7762292499808285,0.8423204952190684,0.858738024803334,21.015572250518407
0,43,1,38,0.7012390206693415,0.7764826811646909,0.8156348151357793,19.442845540720086
0,44,1,38,0.6705979283234083,0.7479823061199569,0.8320436829699616,18.975766458703106
0,45,1,38,0.5994824587527685,0.7067165586761277,0.7535288706817687,15.18613611747756
0,46,1,38,0.6250759060090335,0.675307147979956,0.793420395659826,16.09309795781919
0,47,1,38,0.5919712556167683,0.6642632777095362,0.7013884341410876,13.485552914122842
0,48,1,38,0.5280405541017005,0.6608793393506939,0.6645876628809129,10.122814414078515
0,49,1,38,0.456932602861621,0.5466119387661338,0.6796301382729443,10.56193316406474
0,50,1,38,0.5296447489221277,0.5751612839360455,0.6751489248467472,4.769608546779538
0,51,1,38,0.393038618702205,0.471766599199064,0.6149064236088305,5.1269950425980815
1,0,0,-1,1.0815503153417916,0.9999702884922546,1.1789105691946968,30.39694761020496
1,1,0,-1,1.0374265097112558,0.9977171301484468,1.009149200813626,29.555300429204596
1,2,0,-1,1.037862613057793,1.0120857951225075,0.9905506480639774,29.816075305904384
1,3,0,-1,1.073018598920836,0.9860125419089661,1.0781744995491886,28.553012196205618
1,4,0,-1,1.036092458107109,0.9955678061851811,0.9658306854145721,30.869811880219945
1,5,0,-1,0.9593440815426154,1.0362846330145206,1.0121512698914699,28.746413066365644
1,6,0,-1,0.9866131891075027,0.9926663238963095,0.9286927101184106,29.768828285294347
1,7,0,-1,1.0243445660300015,1.0443453037084764,1.0202102679363074,29.711508426554587
1,8,0,-1,0.9323365658372255,1.0158747620516764,0.9586552895958634,29.63233067253793
1,9,0,-1,1.021567602195949,0.9373613213649967,1.1370517648893832,30.550378751364242
1,10,0,-1,1.049496431755969,1.0425908604803893,1.0300630878048305,31.575517208526783
1,11,0,-1,0.9411796799309342,0.9874145349110013,1.0005217833340307,29.668893086830245
1,12,0,-1,0.9779558972727928,1.0136099153251574,1.102985893394946,28.413744972846988
1,13,0,-1,0.9744821539826766,1.003915044475049,1.101561168250862,30.870381295002357
1,14,0,-1,1.0110670071310193,0.963742665629741,1.0622710024144888,27.825797332348394
1,15,0,-1,0.8844578240334772,1.0132034698345769,1.0247725734297235,30.117013589265827
1,16,0,-1,0.9986682493089823,0.9820307247116087,0.9360746626619856,31.04083285914118
1,17,0,-1,0.9297953654219571,0.9925460975422272,0.9448021844385314,30.14721341734435
1,18,0,-1,1.03104357336314,0.9740217200926276,0.9120395332752272,29.352490228995876
1,19,0,-1,0.9323442333205367,0.9959614484097656,1.0812199506064832,28.5284252525191
1,20,0,-1,0.9604970904078833,0.9990173953494033,0.932211010794306,28.72198710093514
1,21,0,-1,0.9933239647641546,0.9741406816589241,1.0917635326109214,29.69579643190371
1,22,0,-1,0.9690004081307716,0.9841851870577464,1.0522053428040434,29.689602778609725
1,23,0,-1,0.9982136171256188,1.006728482247722,0.9382579581615366,29.47486872820369
1,24,0,-1,0.9362323149188193,0.9931729921764697,0.9653059893676523,30.521728603221494
1,25,0,-1,1.0130276514577832,0.9660198135325544,1.0000122360498975,32.18597077824339
1,26,0,-1,0.9649396621410145,1.005153119511873,1.1219476479693917,27.766077800890393
1,27,0,-1,1.03723266293697,0.9372328716350954,1.0167544536118627,28.82954698693165
1,28,0,-1,1.0430085371147622,1.0273252645906374,1.0447903320807015,31.32306598467849
1,29,0,-1,1.0387680620933644,0.9933400727358161,1.1077416401716065,31.206440861023662
1,30,0,-1,0.9981207438000694,0.9834211985507422,0.9858889170602456,30.279476855609154
1,31,0,-1,0.9697168649929959,1.0493872813196727,1.1328845213591623,29.23485377933776
1,32,0,-1,1.0559626542278815,0.9991836900044361,0.9655893948049695,29.085400674507643
1,33,0,-1,1.084307451131143,0.8999435804168057,1.0039423871537276,30.54330001823876
1,34,0,-1,0.9311902115835984,1.053417998923882,0.996696071523676,31.4587077527131
1,35,0,-1,1.0002209998473006,0.9448037877576911,0.9727758658720345,30.59396714417036
1,36,0,-1,1.0433515296272495,0.9942356210141352,1.0747125505555846,30.62176019111622
1,37,0,-1,1.0576225799616823,0.9763656901834141,1.0029517240768981,29.90300638544255
1,38,0,-1,1.0070619846852857,0.9941749276919734,0.907155840854122,28.340824608798467
1,39,0,-1,1.1131804735961481,0.9520311686097085,1.0549493978061597,30.593286266356962
1,40,0,-1,1.0384290114697634,1.0196744906280428,1.0906816739305762,28.63968694898452
1,41,0,-1,1.0184257273649016,0.9777900509063506,0.9783056342514383,30.92808253124089
1,42,0,-1,1.091337682455046,0.9451416572348289,0.9116797621191792,29.61139635387727
1,43,0,-1,0.9451313495455107,1.014616858545785,1.005279943966846,29.392909016163483
1,44,0,-1,0.9963364955476763,0.9539394234351358,0.9866848351975304,29.848330960583354
1,45,0,-1,0.9312351020223855,0.9486379703236137,1.0830411856724251,30.129392688822303
1,46,0,-1,0.9190557918989953,1.0392058894553486,1.091067448151487,30.85577832249455
1,47,0,-1,0.9492252575764312,1.0143127133660552,1.0175760139024916,28.63754057734256
1,48,0,-1,1.0174847648945695,0.9741822819138696,1.05505839545523,28.192734876986265
1,49,0,-1,0.9551670813710704,0.8742005449569081,0.939426211175496,30.391463364007528
1,50,0,-1,1.0338372489496404,1.0201506798659408,0.8911485814246833,29.631259826002093
1,51,0,-1,1.015295039406345,0.9669727235182249,0.9455001995540127,29.997030067305396
2,0,1,28,1.0384449254908918,0.9482624038285229,1.0379270088669448,30.41608213479998
2,1,1,28,0.9956055740957543,1.038411295828881,1.0637857122869732,29.377131885107218
2,2,1,28,1.0253163168576283,0.9634069229908924,1.0719872991958028,30.970897704343532
2,3,1,28,0.9919266539895447,1.0815680919930555,1.0483541911488234,31.160022812716615
2,4,1,28,0.9886371791559273,0.9584357471007057,0.9465910642824589,29.675639669124344
2,5,1,28,1.0305478201666687,0.9684007495748115,0.9953747712278502,30.791030754649363
2,6,1,28,0.9323445317896043,1.0346588211835352,1.0486752702510045,30.493837834444573
2,7,1,28,0.9791234125261544,1.0547188666801584,1.0382477787528441,30.27389167374384
2,8,1,28,0.9645196149933658,0.9750222711019656,1.0434587355370708,30.88556233935388
2,9,1,28,1.0432134596208373,1.0009724993995905,1.063951491220228,28.989229216339876
2,10,1,28,1.003955774341977,0.9871592829565998,0.937614433206993,30.531977156546485
2,11,1,28,0.9784324596653686,1.0029449779008233,0.9556204020489559,29.65087521747675
2,12,1,28,1.0869207768561289,1.0603280144146896,0.907958410392655,30.52822766104631
2,13,1,28,0.9615616494451572,1.0076789663677808,1.035174637295601,31.40472680882677
2,14,1,28,1.0166369481189972,0.9978539022220755,1.0082826957304702,29.772643435937717
2,15,1,28,1.0402386355944984,0.9904196347087774,1.0452970041227665,29.276124994778243
2,16,1,28,0.9863729736658393,0.9821326231299672,0.9844266118154684,29.529820103289744
2,17,1,28,1.0342757482116052,1.0105807168296417,1.000424839457713,28.224158047860488
2,18,1,28,0.9537153999832744,0.9273893988897948,0.9911552620220002,29.95971751266699
2,19,1,28,0.932857881651219,1.050345123891643,0.9558733845581215,29.04723167754327
2,20,1,28,1.0790785525679731,1.015074895682938,0.9057870488113168,30.24637413113678
2,21,1,28,1.1160932548621372,1.0088043789126595,1.009316000239765,31.467353891661528
2,22,1,28,1.0267663623454317,1.142876094565196,1.0434816473947088,30.677132693557127
2,23,1,28,0.9785244572176064,0.99799398343172,1.0336948664728083,29.45326410768505
2,24,1,28,1.122993085141309,0.98440333699312,0.9726858572240028,29.13645245362989
2,25,1,28,1.033665141497954,1.0252696393425085,0.9765002192572032,30.77927877697575
2,26,1,28,1.0011120808819256,0.942436962012753,0.924619584232302,30.221158930101552
2,27,1,28,1.064959876634372,1.001288928891981,1.1203462161934836,30.734204783356677
2,28,1,28,1.0531144941655135,0.9446532252101588,1.020872314151017,28.335373507261725
2,29,1,28,1.08657724611321,0.9646210581206601,0.9814004532798657,27.973025210155193
2,30,1,28,0.8931496952376411,0.8940626609182694,0.9530595520826761,26.373388293349894
2,31,1,28,0.8829586040200809,0.9352867212513383,0.9546467440036608,22.76026761615469
2,32,1,28,0.7659489578401235,0.8559436009126127,0.8614310116753581,23.224168979980178
2,33,1,28,0.7950741991427196,0.7683083320779749,0.9190759644969543,20.338040910973792
2,34,1,28,0.6926808048329628,0.7749629921032645,0.7282999923582845,16.285976860040925
2,35,1,28,0.6469122195834194,0.6566324619171009,0.8545842494147315,14.835512515479165
2,36,1,28,0.5753212523781269,0.6548572142964163,0.7713559875489784,13.250354965748734
2,37,1,28,0.5135266176562187,0.6097251949805212,0.6726830301569144,12.539552691814894
2,38,1,28,0.45317003440315956,0.5532376090812046,0.6969845995544691,8.544662301460276
2,39,1,28,0.4259203618159939,0.5331847098633052,0.7115471550501409,6.8194870357242445
2,40,1,28,0.3822609170533673,0.5180606318670258,0.6592821421009118,4.857567344951425
2,41,1,28,0.36061523705477705,0.49381006476280864,0.6402612925216169,3.601417047494293
2,42,1,28,0.3045056508510613,0.37830747345631144,0.5027466917779544,2.8374856082156246
2,43,1,28,0.27496082656345977,0.39105205842666274,0.5830702765394485,0.6385345128987597
2,44,1,28,0.16239188889977774,0.3141770077777938,0.48825141307844006,0.0
2,45,1,28,0.04537211492892124,0.39775689871035375,0.5134956973718845,0.0
2,46,1,28,0.17956197138937552,0.29439181681925325,0.4083992964245758,0.0
2,47,1,28,0.015825285951626036,0.19102061384254182,0.4726134822692909,0.0
2,48,1,28,0.0,0.21607418721969332,0.32994101963993455,0.0
2,49,1,28,0.030190860351020823,0.09967824545362922,0.42432910684248054,0.0
2,50,1,28,0.07789773349482787,0.10337053683279887,0.3161129784450419,0.0
2,51,1,28,0.0,0.08165552885827553,0.3558514536876964,0.0
3,0,0,-1,0.9498677954871622,1.0325836596264675,0.9776304011098742,29.314971954465378
3,1,0,-1,1.0029027683078986,0.959274778943659,0.9654887388450125,29.3405965342675
3,2,0,-1,1.036324674871808,1.0396023800502998,1.0450814795523462,29.9923416976088
3,3,0,-1,1.0627502277336207,0.9679578229674677,1.007856423732674,31.92009210131784
3,4,0,-1,1.0506266646413938,0.9848200426467305,0.9539978398407507,28.652270123231794
3,5,0,-1,0.9874714498455606,1.068896052292497,1.117765430220118,29.78691041854712
3,6,0,-1,0.9714676476708699,1.0159805995182902,1.067304062174199,31.546080513127492
3,7,0,-1,0.9863325507618526,1.0686499650684687,0.8937350644309422,29.49333924764599
3,8,0,-1,1.0707823934968659,0.9907413313884222,0.9541801933656301,29.892070830833653
3,9,0,-1,1.064515255723239,0.995600819001282,1.0322174015486625,28.714521210761603
3,10,0,-1,0.9041922431907394,1.0593544494565201,1.0377728267082411,30.178863638997996
3,11,0,-1,1.0298511625344076,0.9799344444555053,1.0103120153144471,30.705865595313714
3,12,0,-1,0.9619966026711584,0.9872107864404871,0.9052529312529776,30.592845784918435
3,13,0,-1,0.9549213814570247,0.9958012691119597,0.9128152941090264,30.030409243381772
3,14,0,-1,1.0314025507722364,0.915526490448951,0.968337819928607,30.30748842232009
3,15,0,-1,1.0103137300757172,0.9254302353039741,0.993546576953095,30.20228082998507
3,16,0,-1,1.0720319289743607,0.9456108846142076,0.8848088211174363,29.245022100190123
3,17,0,-1,1.0138597496393906,1.001280118676975,0.9819757849919115,30.75034573463683
3,18,0,-1,1.031019048029526,0.9805281814775945,1.0636238615883904,30.89613066195292
3,19,0,-1,0.9792672640455468,0.9781057008004553,0.9046546086444615,30.081529856197402
3,20,0,-1,1.0499563166291859,1.0804023170253696,1.0222313031050894,28.283387674756185
3,21,0,-1,1.0563190514847387,0.9700339606451249,1.060411169842397,29.029553259670816
3,22,0,-1,0.8925225604162875,1.0307797147473456,1.1163384778299879,30.2115374873768
3,23,0,-1,1.0361898169136485,1.013920977944588,1.0789351630889812,29.791632513996316
3,24,0,-1,0.8628376818961598,0.9430827676806164,1.0112517060663981,30.524989882157858
3,25,0,-1,1.0197196747068449,0.9524639997441757,1.0129362715923944,30.896438383244078
3,26,0,-1,1.0922380274719639,0.9276952780554845,0.8434904254974946,29.97120176801861
3,27,0,-1,1.0048042992387833,1.0436991490189051,1.0246321883395701,29.865172529777197
3,28,0,-1,0.9967095102461884,1.0188812399979277,0.9017670763762907,31.28611021675249
3,29,0,-1,0.9773695953263049,1.0565634908881312,1.014554103207263,31.133931585160628
3,30,0,-1,1.0888933888317114,0.9705711813523535,1.0297483705116124,30.432997117383582
3,31,0,-1,1.0065480722135998,0.9751787861777466,1.0067597460901236,29.445707193546074
3,32,0,-1,0.9588644684442341,1.0457647377818173,0.9971439974349942,31.8516954200133
3,33,0,-1,0.9989038982038279,1.0640857666000128,0.985683687173083,31.545814773065416
3,34,0,-1,0.9455691180139065,0.9978579336540452,1.0506362167008763,29.621533509947632
3,35,0,-1,0.9776742861393427,0.9308272844054047,0.975819624863776,29.53838564373307
3,36,0,-1,1.0164934214421368,1.0400125001072673,0.987400815473689,31.196809232102925
3,37,0,-1,0.9879723277219482,1.0587493824704153,1.0900842240507411,30.187272581948093
3,38,0,-1,1.0290055607777748,0.9956252408934086,0.9719267973913419,31.29069049770871
3,39,0,-1,0.974528301931187,0.9720227273226034,0.914093265401462,30.33658732367748
3,40,0,-1,0.9989942208355528,1.0494434395872434,0.961379696271041,29.596099736578672
3,41,0,-1,1.0505109390843566,0.9352275971618922,0.9373871423194119,32.01438431217308
3,42,0,-1,0.9802688749139145,1.0061265799972867,0.9704424950428472,30.250787578883248
3,43,0,-1,1.0044943814086515,1.0385935389341259,1.0534884610646371,29.587744634657195
3,44,0,-1,1.0097812198655391,1.054508806918979,0.9677454535337814,29.413704702395005
3,45,0,-1,0.9535030668882025,0.993060509221665,1.0859565711804973,30.005776636069342
3,46,0,-1,0.9514689896254261,1.0746531071502088,1.0403439189817012,29.313224560085384
3,47,0,-1,1.0190681976449927,0.9742487184578396,0.9294162738447642,28.59981182422103
3,48,0,-1,1.0680255901950644,1.0359813011322563,0.8827565834838895,28.640615836969083
3,49,0,-1,0.9991276066685526,1.0319338127387014,1.0759191762680467,29.740839315225802
3,50,0,-1,0.96820501810132,0.9690113244740969,1.1228743557044447,30.292181393968466
3,51,0,-1,0.9415327461426836,1.022498066500376,0.9857075280727394,31.917159590417725
4,0,1,18,0.9849410084324524,1.0271807285939067,0.9385975893328175,30.456170756709902
4,1,1,18,1.0528566614561052,0.9597526166169609,0.979414902297116,30.501084693991746
4,2,1,18,1.0301933425940437,0.9878209710493266,0.9285364550215123,30.48942730545648
4,3,1,18,0.9989573455927432,0.974196689294646,0.9932517398527054,29.595017860182296
4,4,1,18,0.97328378147815,1.1424732569990932,1.0167086985330847,29.96878840804574
4,5,1,18,0.9085555562689438,1.014526435807057,0.9561596262500676,29.48683435381512
4,6,1,18,1.006302787335686,0.9698109491572527,1.0044555845469259,31.398806926407623
4,7,1,18,0.966085959881501,1.0032245865804956,1.0154943625167114,28.48293873471822
4,8,1,18,1.0123663202908117,1.070107405387419,0.9863128246613234,29.38872669519539
4,9,1,18,0.9780427887860542,1.0048922833096243,0.9670536718143595,29.953451531592144
4,10,1,18,0.998746946748058,1.0740283116636025,1.0831321519975825,30.21657522648218
4,11,1,18,0.9783417141253009,1.0370022543211317,1.022540722064127,29.743234200888686
4,12,1,18,1.0848856122732935,0.9889842913951892,0.978940114634139,28.206959592699864
4,13,1,18,0.9621799744816949,0.987100357655177,0.9841209412017917,30.801128244105403
4,14,1,18,1.0860059302237566,1.0226425555221283,0.9670945294200827,29.732059851997082
4,15,1,18,1.0928931186180864,0.9140038740010478,0.961318907607267,29.363210867127794
4,16,1,18,1.0051500632349604,0.9487158672066078,0.9924043053732113,29.691431508486737
4,17,1,18,1.0712088584134207,0.9793224408942864,1.0353727459301245,28.374685284981023
4,18,1,18,0.9845066593827154,1.0030594137419138,0.9945024560537119,30.194427904936553
4,19,1,18,0.8852027734714533,0.9640173903831517,1.0916311256525189,29.873217150956503
4,20,1,18,0.9399263029744649,0.9410813488675618,0.9529253348550261,25.119834035987047
4,21,1,18,0.8290458532573554,0.9211302856565551,0.8876133524672419,26.183927740146522
4,22,1,18,0.7553458190957902,0.7691363504795696,0.8941911755138984,21.975379303006797
4,23,1,18,0.7799046491260042,0.8073222736698619,0.8681399239312639,20.284212085193097
4,24,1,18,0.5779083116518279,0.7128312445799655,0.826993034842488,19.300331340008096
4,25,1,18,0.6015822247149331,0.6121348668627259,0.7037564250497014,14.996805434148527
4,26,1,18,0.6086806815887924,0.7084270458103582,0.7661403724861673,13.308716197312872
4,27,1,18,0.5574918923726292,0.566608608408369,0.7472221516360502,10.798892958163762
4,28,1,18,0.5464288874438172,0.6210434693439204,0.7713069265035863,9.075856788480314
4,29,1,18,0.4412675554117861,0.5842026166731872,0.7333935434977638,9.68295111799952
4,30,1,18,0.27932435776659337,0.5064309483055148,0.6526865497231734,5.2357822034045824
4,31,1,18,0.2560078037304701,0.43285394058496024,0.6891764683643624,3.077893599429287
4,32,1,18,0.29136371609941114,0.399417508336036,0.46830446532596254,2.692651026197579
4,33,1,18,0.11381934546490771,0.4259205032010195,0.5952934217168662,0.0
4,34,1,18,0.21961947962665584,0.36531648380704257,0.521363298177726,0.0
4,35,1,18,0.11125542734893681,0.2478457787275838,0.4274840999019287,0.0
4,36,1,18,0.05968808481112768,0.2021255013221171,0.5176213946667928,0.0
4,37,1,18,0.030355037118810838,0.21350474021953267,0.47789903768425135,0.0
4,38,1,18,0.0,0.20841124203950287,0.3274600983534791,0.0
4,39,1,18,0.0,0.1380336220902348,0.40995979275456734,0.0
4,40,1,18,0.0,0.11903945191388682,0.35374165787600403,0.0
4,41,1,18,0.0,0.08263842757365004,0.3744680255918705,0.0
4,42,1,18,0.0,0.09021747035119641,0.3321632786671348,0.0
4,43,1,18,0.0,0.09944417337415482,0.23272364346158553,0.0
4,44,1,18,0.0,0.0,0.1324306983186731,0.0
4,45,1,18,0.0,0.0,0.10112529086846077,0.0
4,46,1,18,0.0,0.0,0.09245636240231038,0.0
4,47,1,18,0.0,0.0,0.11236427363198777,0.0
4,48,1,18,0.0,0.0,0.035804389145596416,0.0
4,49,1,18,0.0,0.0,0.007962095946890332,0.0
4,50,1,18,0.0,0.0,0.03885889692940072,0.0
4,51,1,18,0.0,0.0,0.07941905213401722,0.0
5,0,0,-1,1.0188363950665125,0.9729648292049264,0.7825333257388917,29.498518040426166
5,1,0,-1,0.9773819407892214,0.9982343048980127,0.9636567470933717,30.45495817169956
5,2,0,-1,1.0386133802016906,0.9853191045103011,0.9946281124681229,29.631508030872787
5,3,0,-1,0.9486624591367924,1.0405420188376278,0.9945423720632629,28.882452367028108
5,4,0,-1,1.006739067132046,1.026675309060575,1.0019894904583457,29.84861899897385
5,5,0,-1,1.0376966354774662,1.0409517129352615,1.0534266146286004,29.48675033080875
5,6,0,-1,0.9614983995972994,0.9720543754505595,0.9503663717243911,28.725718228743112
5,7,0,-1,1.0409306814222945,1.0093854391567765,1.079594925557693,30.451101029735653
5,8,0,-1,0.9723815619867537,0.9979873034115951,1.057664596223447,30.18320273467695
5,9,0,-1,0.9060798935004363,1.0473152022676264,1.0314984316331923,29.56745361698315
5,10,0,-1,0.9963163571635814,0.9887976695605124,1.043241522642839,30.60036082109619
5,11,0,-1,1.0685242880701644,0.9174912825860847,0.9881713523474509,28.916999947443713
5,12,0,-1,0.9605959537268709,1.066280823369322,0.9377084510819124,30.03619302484255
5,13,0,-1,1.0393853508814208,1.0440833938297918,0.920332350216714,28.92702640571504
5,14,0,-1,0.9100377192174218,0.9994305468508545,0.9798233060968612,30.475652916728187
5,15,0,-1,0.9420961238782579,0.9671237178969656,0.866889242841754,29.831714097213627
5,16,0,-1,1.0353042602038276,0.9999214963167672,0.9615162029879898,30.28558312504186
5,17,0,-1,1.0227696424900992,0.9951860304105187,1.0732640779357705,30.832123004662204
5,18,0,-1,0.9526338750603188,0.9429153698026974,1.0870831772636231,29.784332070536518
5,19,0,-1,1.0431764693450958,1.0115874792963673,0.9508744540909281,31.620054932008603
5,20,0,-1,1.0079563647582062,0.9750145468724417,0.9970932274951291,29.55016124430904
5,21,0,-1,0.9978396948593575,1.0233218563341375,1.0572791762389113,31.652062429036253
5,22,0,-1,1.0123821558019435,1.0418521808043018,0.9867242568423853,29.562190394731125
5,23,0,-1,0.9612370544685197,0.9079292219304544,1.0681031614858274,30.747203685973272
5,24,0,-1,0.9965394828209845,1.0451314978340744,1.0406520470420357,32.11807141042354
5,25,0,-1,0.9947223946475943,1.0210116799711308,0.9512814427212398,32.37482949037502
5,26,0,-1,0.9271272065611111,1.0120014187288595,0.9972155236830511,29.968399108351573
5,27,0,-1,1.0457033520522003,0.9915863559501603,1.0451493577737234,29.97263463064507
5,28,0,-1,1.0135482488833163,1.0346801119430904,0.9914461924927932,27.13851555300394
5,29,0,-1,1.0367083998872282,1.0439488736183664,0.9765638297169268,29.465172546978575
5,30,0,-1,1.049986641596545,0.9965568310779818,0.9426477558058795,28.54163511931226
5,31,0,-1,0.9594067401170586,1.006874170035098,1.0548033328756996,29.011132433338698
5,32,0,-1,1.108744139015783,1.000873564266621,0.9270071658052821,30.01911282540941
5,33,0,-1,1.0400896621164935,0.9543531984751903,0.9676520048346893,28.94481028427317
5,34,0,-1,1.0112666924241003,1.0205654609342656,0.9797581431516957,28.381865817159053
5,35,0,-1,0.9832957393999624,0.9951225437309231,1.0142364399617196,29.048814399821765
5,36,0,-1,0.945265308500038,0.9939219008776708,0.9977178464129492,31.70601884519598
5,37,0,-1,1.0865285498344344,1.0783453869090187,0.9884026343146759,31.466265013908274
5,38,0,-1,1.02608581363038,1.0423680475759711,1.1281153412470641,28.542483834464946
5,39,0,-1,0.9861867714357169,0.9876814564841347,0.9370892927320857,30.366688630382857
5,40,0,-1,1.0577976384784198,1.0094790641199842,0.9633676089056156,31.20900060899569
5,41,0,-1,0.9766971384809199,1.004656466563191,0.9620465642322563,31.898334847003397
5,42,0,-1,1.0770151114437112,1.0245312347805513,1.0586619353119378,30.089980815613824
5,43,0,-1,0.9441828373706961,0.985063109468898,1.0719435253481409,29.4562517351787
5,44,0,-1,1.0030373920592297,1.0355127256056804,1.0542341351599214,30.26610117016342
5,45,0,-1,1.0146889809304462,1.027483256433205,0.9647824568735449,28.71121627692267
5,46,0,-1,0.9935584962193679,1.0603396895012627,0.9360136440335564,29.869339092510153
5,47,0,-1,0.9487192219662961,1.000250756499593,0.936313248109256,29.00236888053346
5,48,0,-1,0.9751709691751168,1.009229865749331,0.9911004984602818,30.78305689574882
5,49,0,-1,1.0451143407260381,0.9835846172814975,1.0254325816948118,29.3890491959114
5,50,0,-1,0.9210150119979574,0.9867636471030036,1.0487867186727466,29.457009440410815
5,51,0,-1,1.0159388503572264,0.9340528740773355,0.9989292567580432,30.532339491158986
6,0,0,-1,1.0037602223038067,0.9001673687934026,0.9630050152303674,29.78740453802622
6,1,0,-1,1.064729204625717,0.9600497826379873,0.9822806611064275,31.045509060950245
6,2,0,-1,0.962410555358423,1.1129546005078421,1.00018672320729,29.625603790535834
6,3,0,-1,1.0445065687846629,1.0659989046255829,1.1410566411148317,29.665980978584624
6,4,0,-1,0.9584467280222513,1.0476300429214838,0.9247143227087635,30.12177106321967
6,5,0,-1,0.9051535731368188,1.0192304376801635,1.004678557637259,29.4750924366337
6,6,0,-1,0.9148706629171035,0.995369147676068,1.0992018149324552,30.267955086163038
6,7,0,-1,1.0092137953202314,1.0624099367203816,0.9965781198290498,27.606544523441617
6,8,0,-1,1.1317995167927357,1.0708581256781367,1.0207307645344479,30.728480620676958
6,9,0,-1,1.1014107173711891,1.0228412136929468,1.0417520260236086,30.175800939261325
6,10,0,-1,1.01833936807233,0.9816864188025802,0.990140919799354,29.36267500333077
6,11,0,-1,1.0977721244813448,1.03173399371875,0.8953287302936453,30.316579120562444
6,12,0,-1,1.005870813900593,1.0478642520891872,1.0251856839620608,28.89136552598866
6,13,0,-1,1.0168240894034455,0.9062043895675643,0.9693621742167726,29.222567595717464
6,14,0,-1,1.0044711686362204,1.0151275200685117,1.0555822080673931,28.751598385277735
6,15,0,-1,0.991908675770784,0.9776987263804301,1.0351329542077423,29.862538106128195
6,16,0,-1,1.0050894044740726,1.019779615457329,1.1032351063047172,30.871065780497485
6,17,0,-1,1.110300631215293,0.9601870460708861,0.9439399672569685,30.061407559349657
6,18,0,-1,1.0454781920560527,1.0267940938684554,0.934605126214443,29.21123217584536
6,19,0,-1,0.9688094178842557,1.0424373516265724,1.0696790769929916,29.15092140088951
6,20,0,-1,0.9229368921765421,0.9967815201485899,0.8939544532442403,29.402509713144056
6,21,0,-1,0.9967072225487884,0.9510562927020726,0.9962763827403326,29.35461365117227
6,22,0,-1,1.0240953397242067,0.9164546211846405,0.8981421178070685,28.285791641274916
6,23,0,-1,1.0015196887268534,0.9641973876541138,1.0579966588046668,31.4249671716431
6,24,0,-1,1.064808261917046,1.0276645115629768,1.0422496274771986,28.493230736353937
6,25,0,-1,1.0474063617224294,0.9919673374878482,1.0206124094510773,29.775287412531245
6,26,0,-1,1.0184239410815785,0.9861492019325031,0.8710976182230952,29.697259719437554
6,27,0,-1,0.9845299548413037,0.9903689565843481,1.018652434392719,30.207566337529208
6,28,0,-1,1.0618128615042235,0.985292112767839,1.0496141726983303,30.96454158642565
6,29,0,-1,0.989602660765396,1.0181876762503221,1.0641805387160501,29.29365641864291
6,30,0,-1,1.0242586598231034,1.0449689134789621,0.9297425426842308,29.628188286983036
6,31,0,-1,0.9743290343889642,1.0185048599153828,0.983939975751237,29.054636256229852
6,32,0,-1,0.9182866118535336,0.9922760285482091,0.895301355228067,32.43537278644472
6,33,0,-1,1.0561338996717293,0.9074892788270202,1.0624410928474595,30.72405754180787
6,34,0,-1,0.9646084121271996,1.0669052136546249,0.9078501827467766,30.11181302695375
6,35,0,-1,0.9617542511705319,0.9740221987052885,1.0311633707000598,31.272033090399532
6,36,0,-1,1.0994290152689399,1.0368184558782674,0.9710850351328622,29.08521896607228
6,37,0,-1,0.98531894053234,1.001272488494635,1.0285253148927382,30.984751719935076
6,38,0,-1,0.955281401245757,0.9786478701522975,0.9708237976893672,29.747431120211314
6,39,0,-1,1.0265121034845903,1.0208424318861105,1.0041674355630221,29.246858190684645
6,40,0,-1,1.0158929769650693,1.0251459146524178,1.0466808397780012,28.796293181373322
6,41,0,-1,1.031470471998236,0.995878532958624,1.037804014892057,30.384988047013824
6,42,0,-1,0.9701087309201171,0.9910841616713184,1.0953768151517833,31.07429921865465
6,43,0,-1,1.03255699570826,0.9237382880651064,0.9429446972259774,29.42010265043494
6,44,0,-1,1.0729279962689144,0.9841002817219006,1.0971287379830563,29.354879620990907
6,45,0,-1,1.0189263079253168,0.9934666803622213,1.0869495249143424,30.372784517522124
6,46,0,-1,0.9958388601516718,1.027497909314238,0.9487887053887325,30.23857950593967
6,47,0,-1,1.0416837291795205,0.9716996063872511,0.9283009797732489,29.669912193895872
6,48,0,-1,0.966813994707796,1.0312840081684451,0.9881580713684975,29.100298037477373
6,49,0,-1,0.9546366332757225,1.047619609363265,1.0845612606409387,28.462599275858352
6,50,0,-1,0.9896876499787444,1.0783383430847715,0.9967422898314561,30.532762267790332
6,51,0,-1,0.9674615618367749,1.0691289584252606,0.9457689888660432,29.33657885771769
7,0,1,18,0.9940119099527087,0.9772075629445801,1.1119240651806988,30.27801049184993
7,1,1,18,1.0652348776860785,1.0368049918297175,0.9018028938085566,30.987365331352418
7,2,1,18,0.9451427196768984,1.0174988796903157,0.9572583802766499,30.08227240839498
7,3,1,18,0.9711728070035243,1.001252948056166,1.0586346391140342,30.29889520107328
7,4,1,18,1.025614863723444,0.99853867232794,0.9487019271482197,28.86884090206072
7,5,1,18,0.9827592833379939,0.9741238823106826,1.0328162907534677,29.354226840213133
7,6,1,18,0.9720748884341441,1.0092177950810277,1.0069415589187967,30.508777372201273
7,7,1,18,1.0260104664321188,0.9829324640474856,0.9824451269991712,31.111912888635292
7,8,1,18,0.9955230775136338,0.9625835883892051,0.9675835865473619,29.755684197924676
7,9,1,18,1.0051742055947934,0.9860142001102898,1.090908421926268,30.57058408027078
7,10,1,18,0.9912241973479009,0.9749564326388873,0.9553991367988147,29.997022088801526
7,11,1,18,0.9092116913515549,1.006987547237966,1.0965493114449223,27.65210576232002
7,12,1,18,1.0036328999780153,0.9930184350566045,0.8498738871271818,30.472108814945233
7,13,1,18,1.0654245732220242,1.0301219262240453,0.9329478523658538,29.528973624581187
7,14,1,18,1.0158366137267145,0.9221229293575051,1.029558982459234,29.116480946651954
7,15,1,18,1.0638571724507453,1.0373976496975357,0.9390072944132718,30.19586392830607
7,16,1,18,0.946653149259971,1.018591452270531,1.0540894356842005,29.404476533927234
7,17,1,18,1.0320283998120505,1.0231657082900218,1.0897897588573724,31.33269939865208
7,18,1,18,1.0553930010334809,0.9744250728075038,1.0783393292546275,31.690519054600298
7,19,1,18,1.0133120820139243,0.9956694158553273,0.96696476135131,28.25676098076681
7,20,1,18,0.9000663932910661,0.9417775101758082,0.988506514210053,26.51768438321148
7,21,1,18,0.860940866074709,0.9131359587355401,0.9461860980171223,24.403880418790717
7,22,1,18,0.846270574219476,0.8055917279000366,0.9228916683460903,21.795474373035965
7,23,1,18,0.7464593905656208,0.7985362673008326,0.9209277116684461,19.64262659652493
7,24,1,18,0.69218856003505,0.7658978013697157,0.9070085379330501,17.082800845966155
7,25,1,18,0.7323758161001994,0.6929192450058882,0.8553119495883424,14.89812679340568
7,26,1,18,0.5831702954037268,0.6215597205139479,0.7067086559425176,14.755183445587775
7,27,1,18,0.6035573693143934,0.6331499685179525,0.7286616319573345,12.574105691347974
7,28,1,18,0.4782145674052266,0.5532298408134572,0.5883458171746935,9.384953530633396
7,29,1,18,0.4169060515158259,0.5587476033863277,0.6202476734894016,10.64297222126886
7,30,1,18,0.3786450535441831,0.533370208488208,0.599464304212381,5.677962028740468
7,31,1,18,0.31820600345596456,0.5200670345954697,0.5923914111178818,3.441309844789071
7,32,1,18,0.262300423173922,0.41588650957330087,0.5217534806316385,2.4115599912545265
7,33,1,18,0.22786166246282216,0.41737123845503205,0.589028193165196,2.2427076877329517
7,34,1,18,0.25486488835928167,0.30171775863162226,0.5072522300950306,0.0038815599463473127
7,35,1,18,0.1437382974779,0.30679318587620596,0.5953642140097011,0.0
7,36,1,18,0.10434169836964974,0.3065545178533155,0.41227734793624204,0.0
7,37,1,18,0.11659399817019274,0.2541435106057809,0.5188908804844992,0.0
7,38,1,18,0.0,0.16395406174302912,0.4117145303439265,0.0
7,39,1,18,0.0,0.1334408932256836,0.37012440220525195,0.0
7,40,1,18,0.0,0.12202150184653474,0.3103414055897163,0.0
7,41,1,18,0.0,0.11335755105999386,0.3332812710257807,0.0
7,42,1,18,0.0,0.006285576523189833,0.3668907750575471,0.0
7,43,1,18,0.0,4.1561544979757676e-05,0.2558142465907376,0.0
7,44,1,18,0.0,0.0,0.19275873879399394,0.0
7,45,1,18,0.0,0.0,0.22334751308641093,0.0
7,46,1,18,0.0,0.0,0.1159460744227713,0.0
7,47,1,18,0.0,0.0,0.11503724883095322,0.0
7,48,1,18,0.0,0.0,0.1357556902282025,0.0
7,49,1,18,0.0,0.0,0.054352994842504915,0.0
7,50,1,18,0.0,0.0,0.0,0.0
7,51,1,18,0.0,0.0,0.037447519407208044,0.0
8,0,1,13,0.8955489781134727,1.0207967412165186,1.0392507401833921,30.1602498442054
8,1,1,13,1.0112355496287226,1.0045204927588343,1.2176443144437772,31.122102600166706
8,2,1,13,0.9635260717109775,0.9822710338909533,0.8242494938669224,29.662058285440768
8,3,1,13,1.015280671281824,1.022687331602684,1.0690155010575426,31.85296665258387
8,4,1,13,1.092634560433536,1.0092246492762722,0.9723911980931548,28.603000926771205
8,5,1,13,0.93909391385057,0.9811611414628234,1.1333634674922552,30.565659066879796
8,6,1,13,1.0628228734913712,0.992631084225914,1.0042784681745334,30.53765908665788
8,7,1,13,1.0728818427221816,0.9775930129373475,1.0263096394870241,31.148152491014603
8,8,1,13,0.948476323819044,0.9273944020909712,1.0522549098637486,28.104474003696414
8,9,1,13,1.0006776070351036,1.0331597696302546,0.9098974033001186,28.619691653530445
8,10,1,13,1.0084300740818042,1.0541689700643126,1.023451821459604,30.158230927049058
8,11,1,13,0.9879767348480588,0.9783515999573221,1.070759940635607,29.79554520317406
8,12,1,13,1.038701893705676,0.9698199128906533,0.9242941857411822,31.220309845594645
8,13,1,13,1.0813283263978457,0.9864584804321657,1.1032800185337792,29.584963859798915
8,14,1,13,0.9386536012319546,0.9653914899016077,0.9464699108482445,28.699068812600427
8,15,1,13,0.8826606399086164,0.8594798327484003,0.9711730724818957,27.88485189524212
8,16,1,13,0.8746585608273993,0.8259566235427916,0.992544184696706,23.937761796013238
8,17,1,13,0.8544254780206567,0.7674869343113262,0.7331774308091389,22.710950852921613
8,18,1,13,0.759841548506898,0.7958052807207704,0.8617490203439212,20.492769140485755
8,19,1,13,0.6644694605326933,0.7003654071178491,0.9402949569043494,18.207783332088255
8,20,1,13,0.6930259308246578,0.6640513170097107,0.78218060967213,15.648345151142678
8,21,1,13,0.5625188032957601,0.665248099635341,0.8086728197695001,14.513350271920924
8,22,1,13,0.5080387476473717,0.5884024219067073,0.7617469743920535,11.912341438640027
8,23,1,13,0.5484117538062556,0.5913708754463991,0.6262811533330995,8.314665906358346
8,24,1,13,0.46820745836758254,0.5440263261491055,0.6151369878902958,8.536856426784588
8,25,1,13,0.38199008486340297,0.5470807333724976,0.5006744130781868,6.719824401242172
8,26,1,13,0.3090805339635734,0.4495221009402571,0.6338315439062274,2.953897635336645
8,27,1,13,0.3642762488160485,0.47069116411829326,0.5773412771784954,1.1605045994549368
8,28,1,13,0.26144693249139483,0.4894121049034056,0.6239504351089036,0.0
8,29,1,13,0.31361656719920694,0.27841627930982493,0.5222890981241748,0.0
8,30,1,13,0.13826676279715786,0.3106291197655759,0.37689573668128606,0.0
8,31,1,13,0.11514130227890265,0.28509659789517566,0.3974095078741102,0.0
8,32,1,13,0.05621694925630878,0.2811754428020862,0.4770960400036876,0.0
8,33,1,13,0.0,0.2562981121640629,0.36095795039927386,0.0
8,34,1,13,0.0,0.1763679988054838,0.2833329640710193,0.0
8,35,1,13,0.0,0.19246257610660006,0.26787368075922624,0.0
8,36,1,13,0.0,0.03342500642428253,0.388977027197488,0.0
8,37,1,13,0.0,0.006672675119648842,0.2760403433019163,0.0
8,38,1,13,0.0,0.048845607940349964,0.3393661832678237,0.0
8,39,1,13,0.0,0.0,0.34332645929327055,0.0
8,40,1,13,0.0,0.0,0.31029114261806257,0.0
8,41,1,13,0.0,0.0,0.1962109875771993,0.0
8,42,1,13,0.0,0.0,0.12751984480963258,0.0
8,43,1,13,0.0,0.0,0.16203424555731566,0.0
8,44,1,13,0.0,0.0,0.04554314343199958,0.0
8,45,1,13,0.0,0.0,0.047264253623092126,0.0
8,46,1,13,0.0,0.0,0.017152398888023543,0.0
8,47,1,13,0.0,0.0,0.0,0.0
8,48,1,13,0.0,0.0,0.0,0.0
8,49,1,13,0.0,0.0,0.0,0.0
8,50,1,13,0.0,0.0,0.0,0.0
8,51,1,13,0.0,0.0,0.0,0.0
9,0,0,-1,1.0307231692122536,1.0292866291447558,0.9995451027213358,30.32299937378939
9,1,0,-1,0.9790685155586618,0.9316441592703403,0.9808911158943268,29.42644890659584
9,2,0,-1,1.0386935910475787,0.9991558666566336,1.0797679180766102,31.463760286198923
9,3,0,-1,0.9887445732094777,0.9177741162568857,1.0487316435215905,30.228416389352343
9,4,0,-1,0.9493965314792612,1.0117876340196688,0.9617690339316638,29.600767371615063
9,5,0,-1,1.0454752188853482,0.93282492964584,1.0423028010919946,29.19907516859213
9,6,0,-1,0.9714794491884451,1.0044695476463463,0.9500895947533983,29.44732804750785
9,7,0,-1,1.0167123923377561,0.9989203475733803,0.8682877801050131,31.196845402021516
9,8,0,-1,0.9428326898698979,0.9996769761137557,1.0792928190133895,30.758300095918127
9,9,0,-1,0.9620085731326541,0.9638300194765004,0.9753342145143968,31.2402102115174
9,10,0,-1,1.0300980624076201,1.0221981220033054,1.039144686800657,29.298717722072297
9,11,0,-1,1.0901670471393776,0.8972872339157659,1.093837415097018,29.77998551903781
9,12,0,-1,1.0159245325697561,0.9968947927213649,0.9747442835630371,27.835329331213785
9,13,0,-1,1.0156510956378693,1.0686927664885144,0.9157095980471713,29.21827437697367
9,14,0,-1,0.8966373386771866,0.9418423823132848,0.9921719587967388,30.42362988001464
9,15,0,-1,1.0459872159645165,0.9969473382843344,1.0430847719975582,29.276192326277844
9,16,0,-1,0.9777544658567864,1.00110459533255,1.0842151156808382,31.06388954405137
9,17,0,-1,1.0847550941727178,1.0996434255863876,1.070653079520082,30.74780503373762
9,18,0,-1,0.9501376577187289,0.984140117402582,0.9286628185925517,29.314247517135904
9,19,0,-1,0.9506458368542678,1.0362115694255227,1.0441206702807868,29.62307919938896
9,20,0,-1,1.0075189330364587,1.0892576801710014,0.9792183746152868,30.383997432304362
9,21,0,-1,1.0452883524143093,0.9688102815532633,1.0237788562848702,30.35042964522598
9,22,0,-1,0.9675981758020626,0.9872542493765737,0.9333702422009414,29.579791617551518
9,23,0,-1,1.0234829290062735,0.9951556137892235,0.9567335520875498,31.136832750478813
9,24,0,-1,1.048524410163678,1.060996646761974,1.0028942682781374,28.8849174867742
9,25,0,-1,0.9950848733903022,1.0690357369349315,1.0867484567736279,30.19025431976268
9,26,0,-1,0.9964407288864131,0.9698471018987729,0.9465764884166125,28.890119005398237
9,27,0,-1,1.073368592789699,1.0221354856020133,0.977861894796212,30.42059047173287
9,28,0,-1,1.0763921272465313,1.0626784525063078,1.0048164229598566,29.479803749732802
9,29,0,-1,1.01704727641665,1.0195950453260727,1.0542325239526529,31.00423711018434
9,30,0,-1,1.00888461506143,1.0836429110813048,1.0943561823790866,30.135447042174963
9,31,0,-1,0.9998481859757674,0.942718895230025,1.0446399471417862,30.797476392747686
9,32,0,-1,0.8962980938999154,0.9722689485022444,0.9541419311394974,30.483427217015983
9,33,0,-1,1.0262520817864869,1.0778840968912604,1.0224973613093804,27.485803934432344
9,34,0,-1,1.0097296900109616,0.9110058400629332,1.0535462728621319,29.99478719880811
9,35,0,-1,0.9855645922480948,1.0516427933323624,0.9899446562093527,30.484767412069534
9,36,0,-1,1.0400019750996987,0.9870647417218019,1.009427485474598,28.77455537402606
9,37,0,-1,0.9767302280368351,1.0107056175161877,0.9857156319822984,30.514882958981353
9,38,0,-1,0.9068051230058845,0.9973056438735484,1.1310074843486084,31.346719475961937
9,39,0,-1,1.0184297934532356,1.0560457848192248,1.0404114463799579,29.70368646977605
9,40,0,-1,1.0533814145594735,1.0178992646562293,0.9646425817503554,30.269708071804903
9,41,0,-1,0.980486319162705,0.9683215846231372,1.010919373319187,31.402903887710067
9,42,0,-1,1.0138966414677522,0.9617136250292987,0.9529065892165046,32.20493957012005
9,43,0,-1,0.9715192731430486,0.9515351911165161,1.0297537960331926,28.402668816002713
9,44,0,-1,1.005091576571413,0.9601760195553324,1.0588977296369104,29.886953087891705
9,45,0,-1,0.9695073494055634,0.9572418637911942,1.0476414290878122,30.883248086877305
9,46,0,-1,0.9835690159006577,0.9974685311888792,1.0255176412106919,28.05559608201642
9,47,0,-1,0.9453193921791467,1.0053507984327918,0.9185419726675325,30.75359583534428
9,48,0,-1,1.1116609564091673,1.0146988920681865,1.0374867641981083,29.257164089646807
9,49,0,-1,0.9903249461000154,0.982086042859204,0.8721544151301963,30.168120373230877
9,50,0,-1,0.9881141137982131,1.0177781267899861,0.9514315248069776,30.839806807234055
9,51,0,-1,1.0118213849281266,1.0255162542805611,1.0439995899176113,30.85631929314437
10,0,1,20,1.0152405045718382,1.047306252881277,0.929536735020104,31.10686513240015
10,1,1,20,1.0066400764701764,1.020469762578267,0.9253230562805371,30.94270100157917
10,2,1,20,1.0335399567493078,0.9634249753535133,0.886539155308329,32.35029438580459
10,3,1,20,0.9766681860503679,1.0330382168376384,1.0627414016905055,29.757102284401135
10,4,1,20,1.0111929470966756,0.9726941872217282,1.0451330755777044,28.566190279145754
10,5,1,20,1.067336280800792,1.0384331361869716,0.9203563403644619,31.787501430433768
10,6,1,20,1.077354764840082,1.0314653019436393,0.9826390032317265,31.043861235495417
10,7,1,20,1.0392183228938585,0.9977185556463278,0.9980249804866891,32.5796363910523
10,8,1,20,1.0235848206306835,0.9961290879144169,0.8834330728583297,29.91919599741436
10,9,1,20,0.8793026234762166,1.050090149215571,1.0641299261883783,28.992328699118023
10,10,1,20,0.9258044868338418,0.9516074030774742,1.0660612886590446,30.897145631349844
10,11,1,20,0.9055055656832587,0.9907117632017719,1.0697127595260656,31.193456326804906
10,12,1,20,1.0250495150109422,1.061443021595554,0.990367675092365,30.493618337858514
10,13,1,20,0.909338160873142,1.0859642030148913,1.0632409342930282,29.422314632578246
10,14,1,20,0.9960377007903752,1.0566348035785451,0.9199403352917135,29.332857172730865
10,15,1,20,1.0640962036042605,0.9964926411051747,0.8540941411065194,29.42156517042561
10,16,1,20,1.031680577696729,1.0610116619750303,1.0433329803229119,29.75606073724558
10,17,1,20,1.0365889639287789,1.0170148363976153,0.8912809917234754,28.21565101267624
10,18,1,20,1.0628844992978093,1.0293888514560807,0.9199317251635765,32.572611180857926
10,19,1,20,1.0676826942208293,1.0330972895682975,0.9757558857258967,30.020635555373207
10,20,1,20,1.003045664124005,0.9657701802721088,0.9092370122159803,29.230746679244138
10,21,1,20,0.9507061392226938,1.0552880950572765,0.8669809539606735,27.664799911439275
10,22,1,20,0.8511952112795703,1.0113871191336048,1.0232606778566415,24.175434702052996
10,23,1,20,0.8187740599170578,0.8717228997105159,0.9615896799814299,23.250211927681693
10,24,1,20,0.7556435993648492,0.8510636996174503,0.7519114767004318,23.430631524498132
10,25,1,20,0.7799111521644696,0.7856861763869316,0.8953397158142515,17.923435937199017
10,26,1,20,0.6547078380812883,0.8238435947665699,0.8150258878645176,17.943827896256373
10,27,1,20,0.6766502044590041,0.7086445895760936,0.6924180841627373,16.567994044786147
10,28,1,20,0.6001298848663842,0.6543315358478557,0.7109575354762327,15.527637303856288
10,29,1,20,0.4842385103309333,0.6585923816953347,0.6821476792465851,12.752301406341882
10,30,1,20,0.4642973442977882,0.5911981235489433,0.8329079965658978,10.508683475809963
10,31,1,20,0.47053148769065645,0.5253772469823524,0.6987207890774726,8.307403255187662
10,32,1,20,0.4330932374978471,0.5049530666619586,0.6227055668215339,6.241122048622933
10,33,1,20,0.38581438873560997,0.5010140479522248,0.47013151250200647,4.0482401505482
10,34,1,20,0.2310139479170103,0.4787162829001696,0.5472148165988684,2.05824380959922
10,35,1,20,0.18870836844542627,0.4636319470735437,0.589277500658454,1.7344768592194615
10,36,1,20,0.16224515294079672,0.3820220661670066,0.5141672114584337,0.0
10,37,1,20,0.14739448029659538,0.23555309505792654,0.4310436506062086,0.0
10,38,1,20,0.09244185833834313,0.33297456981306767,0.47285003117195484,0.0
10,39,1,20,0.04127108555663041,0.2634324848714429,0.5009492544516023,0.0
10,40,1,20,0.0,0.15878396022078933,0.42652233263770445,0.0
10,41,1,20,0.0,0.21113695590909354,0.27009145098497067,0.0
10,42,1,20,0.0,0.08535827468153429,0.2940085519697301,0.0
10,43,1,20,0.0,0.025283279747412353,0.3879195356453139,0.0
10,44,1,20,0.0,0.05178888973570598,0.2054863889290105,0.0
10,45,1,20,0.0,0.0,0.20324628773659406,0.0
10,46,1,20,0.0,0.0,0.20250237845774383,0.0
10,47,1,20,0.0,0.0,0.10780326151102038,0.0
10,48,1,20,0.0,0.0,0.18551472840399863,0.0
10,49,1,20,0.0,0.0,0.2248401611130078,0.0
10,50,1,20,0.0,0.0,0.1393675756448814,0.0
10,51,1,20,0.0,0.0,0.07955047492209501,0.0
11,0,0,-1,0.9892056216635126,0.9570706758777301,1.0078210393525782,32.18657266794143
11,1,0,-1,1.0613385690437518,0.9731504821892881,1.0141227954151795,28.67386655784342
11,2,0,-1,1.0880686471353938,1.0027169629543986,1.0286284273431132,30.107550408136234
11,3,0,-1,0.9217496631138712,0.9679997868709146,1.0071104924037417,28.86743645834174
11,4,0,-1,0.9908865342092379,0.9381266238592804,1.1010834815298767,28.83332168733268
11,5,0,-1,1.037648196403442,1.0046628896136403,1.0397930654000416,29.18016775270057
11,6,0,-1,0.9847836809798267,1.0555963878839116,0.9550365090148626,27.850707872465414
11,7,0,-1,1.0564014761175988,0.9192761035819421,1.096783979872717,28.377378990149083
11,8,0,-1,0.9768560768033007,1.0145024016229849,1.016881935433802,29.606701407982865
11,9,0,-1,0.9533195284278642,0.9585284363664859,0.9971426319821463,29.00378516263402
11,10,0,-1,0.9492591128560035,1.0291598425076125,1.0453458789491425,30.605412371317378
11,11,0,-1,1.0536017982736081,1.0356173839842615,1.0249865765612673,30.05771941048916
11,12,0,-1,1.0495084669941457,0.9993294278669025,1.0933298695313485,30.223340923346196
11,13,0,-1,0.9758508573669925,0.9178046212811898,1.1147912240324578,31.796713925325513
11,14,0,-1,1.0182123254218118,0.9055588611241713,1.0157289925685875,29.90660108206808
11,15,0,-1,0.9490919670864666,0.9993890574534595,0.9694130381854436,27.76984924702934
11,16,0,-1,1.0709049930214518,0.9945211526144258,0.9510508117966533,30.52815757484207
11,17,0,-1,0.9540665135342734,0.9724794579030435,1.0654612539229127,28.260606358662027
11,18,0,-1,1.0623871802574003,1.008336686149948,0.9773435820359978,29.28934541631736
11,19,0,-1,0.9859211923543714,0.9662297427608287,1.0250758119883634,30.01059733194394
11,20,0,-1,0.9958635197483882,0.9873318856947574,1.0498235373444909,32.18544484740828
11,21,0,-1,1.0324812614447139,1.0030243858419594,0.9504052910696729,32.153925631612495
11,22,0,-1,0.9984162117950066,1.0458080030845198,0.9734220712199422,31.63714268450203
11,23,0,-1,1.065079138125084,0.9742748405859915,1.058153465770614,30.6901830661501
11,24,0,-1,0.9459200185705674,0.9858312714288626,0.9359315208595417,28.898361079113755
11,25,0,-1,1.033270113132406,0.9897068911932251,0.9613946169197239,29.747513841865768
11,26,0,-1,1.0065251702856681,1.004815453243298,1.0001939428789755,30.375480553104598
11,27,0,-1,0.9319335455515618,0.9952971682942955,0.9436066720486805,30.183216778601327
11,28,0,-1,0.9621493009028252,0.9620430308618559,0.9997947965434205,30.4218777861776
11,29,0,-1,0.9934590216497307,0.9719706832465448,1.0763410281567798,27.870645192749407
11,30,0,-1,1.0205984302333875,0.9582558294551441,0.9359500277624401,29.30880370738456
11,31,0,-1,0.9689851081421569,0.9987682698155566,0.9687284564121318,28.906888118949347
11,32,0,-1,1.0356883882115129,1.0208824731412516,0.977695453396618,30.508010878826028
11,33,0,-1,0.9966058052123989,0.9804433845348216,0.9739685028441193,31.339167032617052
11,34,0,-1,1.017675264714585,1.039612914855118,1.0458747558111048,32.049227064535835
11,35,0,-1,1.0249366896994943,0.9584746243092136,1.04994597247937,30.418568710467902
11,36,0,-1,0.9893898161413804,1.0527971305474741,1.0031934392238397,29.282559781239236
11,37,0,-1,1.1109891391966156,1.0099723377050953,1.0062579278063155,27.904689935798856
11,38,0,-1,0.9838228161667283,0.9788302701491187,1.0383348033267137,27.63922179846309
11,39,0,-1,0.961327913728196,1.016657754723289,1.0550383249623052,29.266060276159354
11,40,0,-1,0.9486992149565663,0.9859614955550489,0.9186455645441711,30.772389633198273
11,41,0,-1,1.038035245676835,0.935272735357399,0.9872616541346687,30.962584423384826
11,42,0,-1,1.0893138925412704,0.9442096931937491,1.0933989252159542,29.670538440282968
11,43,0,-1,1.0852124751466723,0.9298845097204501,1.0126470558233176,30.961106028113786
11,44,0,-1,1.0100952878383442,0.9257616254253535,1.0265156641948852,29.655362065744598
11,45,0,-1,0.9772036927948943,1.019591970629949,1.0562903321798216,29.245819841172004
11,46,0,-1,1.018905922331942,0.9942819514294307,0.9108761345243684,29.1221888458833
11,47,0,-1,0.941752179128723,1.004636468672258,0.9514071365071765,28.46338148597558
11,48,0,-1,1.1554573454321664,1.02756621471516,1.0009092800209352,30.02069645822023
11,49,0,-1,1.012065124088483,1.0732022040460014,0.9431447448184618,31.28121123348853
11,50,0,-1,0.988149129224688,0.9465457532459265,1.0332911248005263,31.009496772900516
11,51,0,-1,1.0465513959500572,1.0107575871802434,0.931420108001252,29.123518285732032
12,0,0,-1,0.9118977767867086,1.0313848647781085,0.9480600934280871,29.868171268275688
12,1,0,-1,1.0008313380185714,0.9370347924839942,1.0433070099517312,29.059838814609304
12,2,0,-1,0.9856306116883987,0.9989148071566673,1.0528924582959096,29.771158732506255
12,3,0,-1,0.9685307914754202,0.9790788205859742,1.0785207524266136,28.40696451924947
12,4,0,-1,0.9987313482738222,0.9250712572995674,1.079410144496088,28.67027137336336
12,5,0,-1,1.0879814645279897,1.0244618690590717,0.9953659253759981,30.17719138290581
12,6,0,-1,1.0202124841625102,1.006800565319546,1.008655823438228,28.56699891271911
12,7,0,-1,0.8889022415487988,1.0213533861364903,0.887118212963167,30.883738908760773
12,8,0,-1,1.007809524516118,0.9684183486977993,1.0958504807487295,30.049434780485765
12,9,0,-1,0.9931156829368627,1.0337774184827122,1.0172589691676477,30.902783384784815
12,10,0,-1,0.9677988528912882,0.9664629825990043,1.0762761199162272,29.40045438143227
12,11,0,-1,0.9740562513377524,1.0680684931620446,0.954311100041004,29.46509077614392
12,12,0,-1,0.9745718148484117,0.9912548922699921,1.0333370847024523,31.391763457531695
12,13,0,-1,0.9811593041078935,1.0487107865623126,1.03041831545394,30.26733215103958
12,14,0,-1,1.0134223529415995,0.9627350975648143,0.9822508050723286,28.509241302222456
12,15,0,-1,1.0148668596856811,1.0434277662359628,0.9911373500697901,31.42061662762515
12,16,0,-1,0.9729486208785417,1.0459683718766244,0.9598070325945484,31.38996274466607
12,17,0,-1,0.9634759855512698,1.0259177449469017,0.9536851795287251,29.562603331593237
12,18,0,-1,1.0185107734995393,0.9915793478697339,0.9439545038135668,29.87863897362966
12,19,0,-1,1.0376718624618988,1.0179981868035501,0.9909069531038873,31.348879067588992
12,20,0,-1,1.0551312584117611,0.9136924506641722,1.004757044919368,30.395243951442527
12,21,0,-1,0.9986905037836241,1.0431125209983791,0.9518363252083,30.503439461702555
12,22,0,-1,0.9750757547447608,1.0145966930031238,0.9943575105816951,29.81776074373659
12,23,0,-1,0.959431364402147,0.9858071514472144,0.9638105630825347,28.62900554877982
12,24,0,-1,0.9251240475935891,1.031002995880522,1.085508555921503,29.714192674540325
12,25,0,-1,1.0666940043080313,0.971241492258295,1.056325245179943,30.81273835685905
12,26,0,-1,1.0851215400456935,0.9480171013630553,1.006256086589845,27.758442485672127
12,27,0,-1,1.0639913210108947,1.0436438465077833,0.9738895208150472,30.67226194584636
12,28,0,-1,0.9325977755345162,0.9989775843411182,0.993756138141896,30.557909731204973
12,29,0,-1,1.0340686387902704,0.996184995525017,0.9414281468060374,31.21876427367028
12,30,0,-1,1.0146735286092765,1.021978006617349,0.9835440353808605,28.228326052855337
12,31,0,-1,1.0398410981690165,0.9575912673765524,0.9159102378396125,29.50580782838039
12,32,0,-1,0.8853893182665333,0.9410483359096775,0.9408314965103723,31.67696580203042
12,33,0,-1,0.9140730677522895,1.0061098891335027,0.9605097329525769,27.597799851615406
12,34,0,-1,1.03115685688889,0.9817447936136329,1.1085333990300703,29.349226365375213
12,35,0,-1,0.9902831161699484,1.0243009945659833,1.084773843599079,30.150668218208615
12,36,0,-1,1.03585873572283,0.951427617137886,0.9611666921721265,30.530675235965607
12,37,0,-1,1.196541412098655,1.0110497564266951,1.1041496268396525,29.26109741720252
12,38,0,-1,0.9337586677953834,1.0109947183905625,0.9417037521644225,30.42421348363706
12,39,0,-1,1.0011803074481356,0.9890720041116505,0.9919944011302482,33.12771252122632
12,40,0,-1,1.071837100365942,1.0255812104485378,0.9915469948307215,30.472175300854992
12,41,0,-1,1.0690340894886954,1.0206846458280625,0.9352548125691683,29.420069306186267
12,42,0,-1,1.03979016605153,0.9916580046829637,1.0811519226901605,30.001569447445082
12,43,0,-1,1.0754690332834698,0.9511269297553329,0.8752555250402417,31.95539006726514
12,44,0,-1,0.9331816802517529,0.960428308726622,1.0211963359667648,28.31301284425468
12,45,0,-1,0.9245368017169411,1.0529358291334172,1.0793218058652143,29.91997466876926
12,46,0,-1,1.015609411071593,0.9909890084564514,1.0362988130006108,31.45284101366279
12,47,0,-1,0.9970399917136911,0.9838888444506398,0.9549109962536866,30.214253051061718
12,48,0,-1,0.9952059905049816,1.0066446150803545,0.9861407513068551,30.082584494630794
12,49,0,-1,1.0257464516962498,1.0305205538762163,0.945676369212407,28.19742421673158
12,50,0,-1,0.9936718491401388,0.9652112044130738,0.9490055066685685,28.940141661818178
12,51,0,-1,1.0034989561256695,1.0271812990556108,0.9515067911757965,30.496432440217223
13,0,1,11,1.0221146185963554,0.9843011601458659,1.0438361227544313,29.14789550009641
13,1,1,11,0.9288584708168178,0.9940049731894646,0.9241718028857081,30.55960630039852
13,2,1,11,0.9127094218210932,1.0208777202006456,1.00163240252764,28.44026468611197
13,3,1,11,1.0344769482269958,0.98700281117083,1.0392299086150198,29.79544468954427
13,4,1,11,0.9617018475311793,0.9866981109175854,1.0566603184434618,30.48084351890092
13,5,1,11,1.0050319199402369,1.0178741868726162,0.9380086221531474,29.885216887292938
13,6,1,11,1.003998461443546,1.0115689961571692,1.0496988056688314,30.30374229800765
13,7,1,11,0.9939951716113723,1.0474814652160485,0.9454650533655662,30.25148187295638
13,8,1,11,0.9803169906419488,1.0111501985480478,0.9361232890137631,29.023603948291466
13,9,1,11,1.0689618883120395,1.0349374847815742,1.0154577688643969,30.277584380764
13,10,1,11,1.1068888656591187,0.9831880964119557,1.0490152504794978,30.945319599790054
13,11,1,11,1.0532635960177288,1.03780624231282,0.9337878916506248,30.89288094269054
13,12,1,11,0.989701042215344,0.9834675955241984,0.9512084969388522,27.626212213439985
13,13,1,11,0.950053239926141,0.9816656303438668,0.9258258271964912,25.428453052527495
13,14,1,11,0.7977526732165692,0.8212283360786523,0.8585264555647706,23.79259583133441
13,15,1,11,0.7896859266609698,0.8159339239950817,0.8274234307232025,22.3897721764915
13,16,1,11,0.735575644765959,0.8213099314285196,0.9254448113259375,19.34399499386489
13,17,1,11,0.7530789099395234,0.7582678768189338,0.7815244292308675,19.74001808297445
13,18,1,11,0.7219612431106753,0.7498837201590443,0.7921956977483341,17.211845580753746
13,19,1,11,0.6310571583740747,0.6825687156352953,0.7048539024030467,12.691007091563158
13,20,1,11,0.4714724886101666,0.6119099136494786,0.5961729493495665,10.940621632800335
13,21,1,11,0.3960573923259818,0.582873154397234,0.6393982941796837,9.483363994303375
13,22,1,11,0.4863575069769379,0.5281071207654117,0.7226917249829204,7.32343463912946
13,23,1,11,0.3934269056749089,0.5570213854642831,0.5784190450918276,6.245427824934883
13,24,1,11,0.4496830094239501,0.47655942045894567,0.7188144411876214,4.747174623488235
13,25,1,11,0.24034171731526233,0.48019381210668427,0.5426602218570035,2.134132885956512
13,26,1,11,0.29721128717493883,0.4297250655998329,0.553598744203969,0.48773526494369407
13,27,1,11,0.13260335261713657,0.3847824308566068,0.5122910023695575,0.0
13,28,1,11,0.15902884279162768,0.3205642877407238,0.43957153305413776,0.0
13,29,1,11,0.09423357443882036,0.2859221596992584,0.4197075492849425,0.0
13,30,1,11,0.077012587620249,0.25483981353785784,0.398733908807951,0.0
13,31,1,11,0.003195203809518698,0.2228840175384264,0.5051222818354343,0.0
13,32,1,11,0.01606947494215817,0.144824710916593,0.35613605041552465,0.0
13,33,1,11,0.0,0.17491770641156956,0.326971229021125,0.0
13,34,1,11,0.0,0.15085643702121232,0.32500423764948416,0.0
13,35,1,11,0.0,0.03764597064567127,0.24440648406542986,0.0
13,36,1,11,0.0,0.0029375041500033206,0.1904316494207957,0.0
13,37,1,11,0.0,0.0011140866709680869,0.16157478508885034,0.0
13,38,1,11,0.0,0.0,0.23661678007651527,0.0
13,39,1,11,0.0,0.0,0.23407120566009698,0.0
13,40,1,11,0.0,0.0,0.18303205274677417,0.0
13,41,1,11,0.0,0.0,0.0,0.0
13,42,1,11,0.0,0.0,0.013776164459582046,0.0
13,43,1,11,0.0,0.0,0.13156169805115445,0.0
13,44,1,11,0.0,0.0,0.0,0.0
13,45,1,11,0.0,0.0,0.0,0.0
13,46,1,11,0.0,0.0,0.0,0.0
13,47,1,11,0.0,0.0,0.0,0.0
13,48,1,11,0.0,0.0,0.0,0.0
13,49,1,11,0.0,0.0,0.0,0.0
13,50,1,11,0.0,0.0,0.0,0.0
13,51,1,11,0.0,0.0,0.0,0.0
14,0,1,25,0.9869876593895891,1.0310410731430544,0.9934552307462671,31.752847486318256
14,1,1,25,0.899281719760324,0.9558761116290251,0.9648455437920535,29.298561313297732
14,2,1,25,0.9468814439504422,0.9733942055977701,0.969750187523853,30.08655317751934
14,3,1,25,1.0488945831722858,0.9976343509842076,1.029293066242916,29.90630070389548
14,4,1,25,1.0869017983792855,1.0181996090942835,0.9507213883085509,29.368252771243636
14,5,1,25,0.9254794938381808,1.0269841250530884,0.9227415187546146,29.022352657345387
14,6,1,25,1.0211233242938842,1.0339367527015138,0.9543525582462677,30.213535372986467
14,7,1,25,1.0671331247903324,0.9692463393004197,0.95458479955435,31.07053912807209
14,8,1,25,1.1274812774588656,1.0056075003237461,0.9890477525589946,30.997136049851758
14,9,1,25,1.0705752219500102,0.9720951989208756,1.0064642651990787,30.626240445289998
14,10,1,25,0.969225938620092,1.0369037294905323,1.024014310695405,28.894538678525247
14,11,1,25,1.034501871692891,0.9727260744341998,1.0612029493064477,31.24908736914639
14,12,1,25,1.0743614445312861,0.9969275789363462,0.9764241470150086,28.96239054397785
14,13,1,25,0.9442812504313884,0.9699182465225225,0.9957356547002978,30.215470899177376
14,14,1,25,0.9732837765237504,0.9809678838587711,1.0226041737036262,30.074189539636787
14,15,1,25,0.9471788824854417,1.0484524667745005,0.9697965824170273,30.0606958575597
14,16,1,25,1.0443571533932947,1.0560574722506622,0.9063997795279491,31.243858874370876
14,17,1,25,1.0297898598551753,1.0654611940123018,1.0328963417290722,29.203576293597997
14,18,1,25,0.9810412263938572,0.9626066466967249,0.9695518280363583,28.550205977112213
14,19,1,25,1.0934959649301366,1.0196437399662295,1.0508538082402692,29.624078539878802
14,20,1,25,1.0807848127690505,1.0157531120029621,1.0544241501725546,30.728722153209862
14,21,1,25,1.0123128874717657,0.9782904995150424,1.0205686606954734,30.161007227835402
14,22,1,25,0.9750988565748606,0.9616230430052325,0.9337644836588674,28.069705553975677
14,23,1,25,1.0215582853408618,1.0283622926054476,0.9866595308526878,29.615602923080253
14,24,1,25,0.9700625397112427,0.9119115651731655,1.0579778392720864,27.858340804436146
14,25,1,25,1.0060646677047766,0.9915105124316901,0.935296784977304,31.71842539718092
14,26,1,25,1.0011128759364776,1.010685956905007,0.9023577828237263,26.2690474490866
14,27,1,25,0.8768864520844535,0.9556298225261759,1.0100412919168245,27.28940512093756
14,28,1,25,0.8868209034092992,0.922544070808385,0.8908480046048729,23.29265744668293
14,29,1,25,0.8312138752302529,0.8077571633751311,0.9609294541081589,22.214418991488134
14,30,1,25,0.6976333658769467,0.7380367545114248,0.9480874000208864,20.47017825067749
14,31,1,25,0.6675636722224862,0.8014637324190957,0.7978870369890089,17.883996101804204
14,32,1,25,0.6436309807159094,0.7283400072431763,0.8747573955708496,15.232124340801764
14,33,1,25,0.5679901297500421,0.6330772292670379,0.7016924919426076,13.018092391456205
14,34,1,25,0.585766849419043,0.6646926377246918,0.8080782469471416,10.83681498132115
14,35,1,25,0.4891767838106053,0.6003166338676911,0.7052275560097887,10.929508952832856
14,36,1,25,0.40389963747189844,0.5561461513485156,0.6530296323932913,7.403461315945116
14,37,1,25,0.3679052860146446,0.5113007153831339,0.5720549228814146,5.002021444015615
14,38,1,25,0.35397603531842803,0.5125060587563298,0.5452349062158806,3.4301638103427092
14,39,1,25,0.23847886452852507,0.45628696874442287,0.4948058430239751,1.7293304643820178
14,40,1,25,0.24455357677271486,0.38549283506836085,0.4742830398156662,0.30659462138685456
14,41,1,25,0.2873051806371892,0.37689433351944296,0.5790299614579003,0.0
14,42,1,25,0.2369629466681723,0.3916440909906507,0.4867791923521845,0.0
14,43,1,25,0.16748717787939427,0.2223678688169599,0.4379159454485901,0.0
14,44,1,25,0.0,0.17142907957035197,0.4804715232189738,0.0
14,45,1,25,0.0,0.24558376154808795,0.45909752009743665,0.0
14,46,1,25,0.0,0.20572011284462896,0.40191038994244993,0.0
14,47,1,25,0.013772126414042796,0.07187765424099912,0.34910961510223504,0.0
14,48,1,25,0.0,0.0534842142527537,0.2745184506990865,0.0
14,49,1,25,0.0,0.05994771138845026,0.2116930463933951,0.0
14,50,1,25,0.0,0.06768829862038567,0.2156537633898449,0.0
14,51,1,25,0.0,0.0,0.17777245608904085,0.0
15,0,0,-1,1.0247990212454063,1.0198765492404716,0.980958553185196,30.710253498844814
15,1,0,-1,1.060600798384343,0.9563002247020218,1.0332753492624773,31.404272744368974
15,2,0,-1,1.034603350765892,1.009597464620417,0.9131431306523348,29.754921468513164
15,3,0,-1,1.0416321796809895,0.9862328658896733,0.9183333625202826,28.575564593592933
15,4,0,-1,0.9317120731311717,1.0340316088875179,0.9747897801139471,28.854503816846034
15,5,0,-1,0.9747140459941493,0.9973599362779828,1.0509726700520439,30.755553114207554
15,6,0,-1,0.990450752532252,1.0080740436265367,1.0882006609989456,30.039796074978344
15,7,0,-1,1.014285003532315,0.9918495492045568,1.0223146998812742,31.261522458550086
15,8,0,-1,0.9906486600809401,1.0084943364600636,0.8646995477258077,31.08330907780636
15,9,0,-1,0.9534789172689773,0.9817248201734575,1.0076303229300279,29.156875440877624
15,10,0,-1,0.9326625774447225,1.0455233043979406,0.9860398634973322,30.53577155708936
15,11,0,-1,0.965898122960842,0.9847289485607883,1.0426325479938097,29.543088513325692
15,12,0,-1,0.9659993037772012,0.9809604361757069,1.0302165010150164,30.94918874356563
15,13,0,-1,0.9982919267672024,1.0363096679496189,0.9132582874290849,30.413610316690075
15,14,0,-1,1.0472113958503646,0.8997399147193894,1.024411085280553,28.88081726819911
15,15,0,-1,0.9302315877264522,1.0051367070014374,0.9561375769748255,30.270120782436788
15,16,0,-1,1.0097301832461978,0.9926274528879134,0.9850934483402713,28.175958551819658
15,17,0,-1,0.9439574923988312,1.0263127270163936,1.1174472290818684,30.740759384072515
15,18,0,-1,1.0379621447848026,0.9789284821607384,0.9492404339919258,30.496912247760566
15,19,0,-1,0.9514470673484077,1.0130128083254668,0.9975759652745492,31.553125280634017
15,20,0,-1,0.9087919971828359,0.9742165713912422,0.9885167393146327,30.78962529556663
15,21,0,-1,0.9944414639463984,1.0102865692180996,1.0358225570641426,28.116099717251863
15,22,0,-1,1.0097486990068867,1.0034683130293423,1.0969579637150968,27.446979937632833
15,23,0,-1,1.0881521324961834,0.9306094130984768,0.9409199618759263,30.272314069138588
15,24,0,-1,1.0234829707851614,1.0247268781870613,1.0174560958018248,30.866408619593862
15,25,0,-1,0.9689802569063406,1.0587796496296424,1.0004524211005228,30.478692937229198
15,26,0,-1,1.017120067268865,0.9806839341044337,1.0725057410266239,29.675018499701192
15,27,0,-1,1.0137408607560665,0.9722678495352548,0.9990887437228854,30.806151060301264
15,28,0,-1,0.9660304917310083,0.9463530885387778,1.0465431334456432,30.44995442499732
15,29,0,-1,1.0085658088112601,0.991779490020398,1.0807028065523983,29.1857781232073
15,30,0,-1,0.9213961748948152,0.9493910798104155,0.9278254178939647,29.620563355882126
15,31,0,-1,1.1128352025921313,0.9824805356853528,0.9804790158624324,28.799464897798245
15,32,0,-1,0.9975676490026093,0.9977585566076379,0.9358689685433608,31.2870528612253
15,33,0,-1,0.9541892888107434,0.924902472478356,1.0085963606600497,30.396186290469682
15,34,0,-1,0.8924441615115892,1.0339976314521122,1.0955287686664537,29.63027993669271
15,35,0,-1,0.9833509027707789,1.1017955733896232,1.0041573581861747,30.113252658292954
15,36,0,-1,0.9432397712331841,0.983093374796978,1.000699598033229,29.70411395814093
15,37,0,-1,1.056043248602436,0.9339008961819859,0.9089476901645486,28.03832593519418
15,38,0,-1,1.0834480033275569,1.0017008690219573,1.047647911535762,30.01857852513912
15,39,0,-1,1.1315703371061088,1.0027943210926795,1.0164976644347448,30.224690994801406
15,40,0,-1,0.9419173666567799,0.9387147365701951,0.947158044497089,29.843659283986913
15,41,0,-1,0.9780035689949961,1.039092288618745,1.0843622856339155,29.5721598235495
15,42,0,-1,1.0080975684796116,1.0574205131954826,0.9775792064085997,29.395707564392072
15,43,0,-1,1.090646282415273,1.0010976369610565,0.9904008767373165,30.591734679479185
15,44,0,-1,1.0573117841826152,0.9360146168328993,0.9530492194633957,31.70513442051965
15,45,0,-1,0.9571630048012639,1.0236659711285232,1.0172041273586279,30.00194555146661
15,46,0,-1,1.10317637839107,1.0192148337858924,0.9609676645184506,30.770754603159624
15,47,0,-1,0.9469528255840708,1.0210460246723365,0.9373041447877952,29.570539558780048
15,48,0,-1,0.9650812622048722,0.9881362328926662,0.9363879588457937,31.091219972359813
15,49,0,-1,0.9627057192327115,0.9922563192774557,0.9641955255657151,29.754564848026014
15,50,0,-1,1.0576854360696784,0.9901914277348062,1.0219340648719835,31.285156941638093
15,51,0,-1,1.023121488913033,1.065487838624043,1.011172021550748,31.57991548499678
16,0,1,25,0.9471947980827631,0.9942154919733789,1.0942055841396148,31.05600982452666
16,1,1,25,0.9989227651001689,0.9970698800134586,0.9502192741103871,28.676787814211032
16,2,1,25,1.0376503852573145,1.0265093603674178,0.9929892230038423,30.09804124874839
16,3,1,25,0.9808849176995185,1.0024312354639953,1.0599140640491382,29.40218948511572
16,4,1,25,0.9539765020626382,0.9328686034982863,0.9010142850796332,29.954252811533575
16,5,1,25,1.0128309370861703,0.9993746394457427,1.0779184063702876,28.142162768231504
16,6,1,25,0.9970638642194103,1.0530096415242305,0.9946447061991633,31.33812450013024
16,7,1,25,1.0002254899877467,1.007169704368338,1.0073387414753998,30.233616866246233
16,8,1,25,1.0351099855263803,1.0466283695074654,0.994913549967782,29.102181388439146
16,9,1,25,0.847199362085423,1.0101490285551182,1.0084152208945114,31.76808486541432
16,10,1,25,0.9984916109149358,1.0146056074116765,1.0245943680107046,30.951065087692033
16,11,1,25,1.0075430351123007,1.0295139077637745,1.0311390221638481,31.011388336302268
16,12,1,25,1.099008307542986,0.966647287582261,1.0245254307239908,29.243190185734115
16,13,1,25,1.0531177605235795,1.0198150477861898,1.0452720535826494,31.436706240227128
16,14,1,25,1.0399276790023346,0.9334172579680493,0.9041855961361077,29.06228539452099
16,15,1,25,1.0023724840339505,0.9371496606022153,0.9303239384680593,29.410154848026437
16,16,1,25,0.9467200394972571,1.002516064156791,1.047742477454583,28.792388157026107
16,17,1,25,0.9829580156660123,1.001968086497997,1.0059587453650336,30.616185819084105
16,18,1,25,0.9912020894296897,1.0234120831667939,0.9210561411590783,29.590289576241197
16,19,1,25,1.0803946835956362,0.9853099572203916,0.9716684398903043,29.485603284396525
16,20,1,25,1.0058192118072025,1.079581376216639,1.0812454936948792,29.44992450899771
16,21,1,25,1.0132988667999008,1.0486932373774782,1.0691852632930294,30.185499943646864
16,22,1,25,1.0070412074246886,1.0074361837928185,0.9945536921075362,30.189463444651647
16,23,1,25,0.9630986551166445,0.9499770649365383,1.178348507252602,30.32482584153533
16,24,1,25,1.0792064627835949,0.9665305973822667,0.9150267847131094,29.370089724808963
16,25,1,25,1.037246976415325,1.0696251917257977,1.1181253199890546,30.489541701814282
16,26,1,25,0.956943023002846,0.9723488376318208,0.9566105371057322,27.639362386974828
16,27,1,25,0.9751416813805303,0.8323547909883068,0.9728198669183388,25.64866384342868
16,28,1,25,0.7682814823407562,0.9318660977903778,0.876459024580887,24.44274953162652
16,29,1,25,0.8160320004933862,0.8877706436638182,0.9173043520494658,22.306272771791363
16,30,1,25,0.7804346532876868,0.824096096134933,0.7566307461590729,19.221912292732956
16,31,1,25,0.692441780366649,0.7570378569642436,0.8371647345723845,18.957148973456665
16,32,1,25,0.5809990258387514,0.7000468275699417,0.7870781713263881,15.482749049880304
16,33,1,25,0.606728748909446,0.6980231123496113,0.842937124031263,12.586221957744156
16,34,1,25,0.6746100760846027,0.6559172345670569,0.804749133506673,12.463073015535375
16,35,1,25,0.40303162119668373,0.6541664664125217,0.8114058132339462,12.848275666297047
16,36,1,25,0.4967206065945829,0.5541882927936471,0.5391910405176775,8.866409661702004
16,37,1,25,0.47225505606998197,0.5031835551085404,0.6515119230020078,6.10788915021946
16,38,1,25,0.36197537374008876,0.5353069809252693,0.7068743778852192,5.726465517811233
16,39,1,25,0.2903173572417787,0.4180600126883093,0.5345513424154729,3.3326571293076155
16,40,1,25,0.3541014150631597,0.3977032442305675,0.5524697404140163,0.5472810903132634
16,41,1,25,0.17840321297953904,0.318022219289322,0.5404656139838407,0.0
16,42,1,25,0.1582616619452661,0.31446789587669977,0.5535594285043415,0.0
16,43,1,25,0.06132082734775704,0.31245144253327384,0.40086980522745347,0.0
16,44,1,25,0.13921693577964903,0.1981721324703538,0.360934701229763,0.0
16,45,1,25,0.003955438192349216,0.2465067446312253,0.31644525236829435,0.0
16,46,1,25,0.0,0.1845379636398627,0.38410707420322954,0.0
16,47,1,25,0.0,0.12430918708385535,0.3185425555421191,0.0
16,48,1,25,0.0,0.0982382850153593,0.4270074983979867,0.0
16,49,1,25,0.0,0.04978379018031474,0.24617011706733805,0.0
16,50,1,25,0.0,0.0,0.23917807477117856,0.0
16,51,1,25,0.0,0.0,0.19328371628474963,0.0
17,0,1,30,0.9607889549135427,0.9194849586834011,1.0081125294257542,30.734821099698937
17,1,1,30,1.0200420931707848,1.0213791984650813,0.9967344574303078,30.172359805125435
17,2,1,30,1.0684385426149074,1.0564518947290065,1.156786006384018,28.568361717947276
17,3,1,30,1.020123082878175,0.9828415689837421,1.0468107074445898,30.395951342049536
17,4,1,30,1.052678552716772,0.999325041419524,0.9923959848769216,30.815866671518314
17,5,1,30,1.0413012401422828,1.0013038238253968,0.9822951505620948,29.516874166556203
17,6,1,30,1.048871198908556,1.0128340208281228,0.9848256411627437,27.84036274285934
17,7,1,30,0.9812262047375722,0.9893518734356517,0.8967032434036457,30.15772376883195
17,8,1,30,1.0247621210320874,1.0451641787751929,1.0313597502813694,30.406915742694284
17,9,1,30,1.009232152235695,1.0529595709337811,0.9931464609213765,30.481511176842567
17,10,1,30,1.0637477042275034,0.9204320736497527,0.9820976128458424,29.089135546977765
17,11,1,30,1.0435717697195888,0.9956507204900279,0.8897675592955903,28.446346156036046
17,12,1,30,0.9913655580501872,0.9738169035474687,0.8838587618707007,30.4195270405561
17,13,1,30,0.9452744118325186,0.9798826319548591,0.9759870482548707,29.010350769285022
17,14,1,30,1.050017413996543,0.9674550167065465,1.1131973280442395,29.970675587410526
17,15,1,30,0.9551495102032561,0.957272798524755,1.0316433119999162,30.0870966709104
17,16,1,30,1.0714658062644504,1.0389014915783041,0.9089650824956804,29.722582149039663
17,17,1,30,0.9570588646596074,1.0333882286565073,1.0212390138975571,30.796599431406
17,18,1,30,1.0220048574851686,0.973448440079925,1.0603828465591159,30.651902121114396
17,19,1,30,1.0276569482050557,0.9460407656533873,1.0463085208498673,30.493170619170893
17,20,1,30,1.014271814324448,0.9965422457543129,1.0019260357291293,29.56736195076126
17,21,1,30,1.0556564408173257,0.9485731686312049,1.0302615762348857,29.108053498457853
17,22,1,30,0.9798004601564392,0.9651955676252676,0.9958610367233554,29.973388569531238
17,23,1,30,1.0223477164136123,0.9937448274642757,1.0645324258021416,30.332372940259894
17,24,1,30,0.9376645758519851,0.979856467881607,1.0790675076138565,30.58791009290746
17,25,1,30,1.0697748437259018,0.9660643733102244,1.00229505281422,29.009499418710487
17,26,1,30,1.020849962811739,0.9739810587901926,1.0041689478901188,29.665959501826343
17,27,1,30,0.9911850977230833,1.0423652959130043,1.1193182494033633,31.362149159245867
17,28,1,30,1.0469894834629905,1.0089484992250142,0.9200153935068497,29.192662704921638
17,29,1,30,0.9375188462582738,0.9649373810008176,1.0419801996963245,28.745243442528768
17,30,1,30,1.0927984829697255,1.0311000572838331,1.019521732371484,30.42379711698588
17,31,1,30,0.9917502177696258,0.9543102369573337,1.004834816842045,28.830114380841255
17,32,1,30,0.9242621065638108,0.8953497627967838,1.0130441679837057,26.824533930047107
17,33,1,30,0.8061715490412923,0.8768723272659388,0.8985445297590792,22.03706892449518
17,34,1,30,0.8253308283347084,0.9168384092369971,0.9255828537863474,23.08529648842545
17,35,1,30,0.818484136701877,0.7670927046681586,0.8194116749516794,21.596561102347152
17,36,1,30,0.6604098316277512,0.717650315067347,0.8679482459810961,15.529746307312166
17,37,1,30,0.5695691515215491,0.6608811164258682,0.7424617319537434,14.102990532413727
17,38,1,30,0.6337602500314518,0.6461233089050709,0.7730707157429477,13.53929172566961
17,39,1,30,0.515889308576534,0.6865446753171274,0.6622307480449169,12.568843158615536
17,40,1,30,0.4701313259452351,0.6102153822620952,0.6169297306943393,9.565149188814447
17,41,1,30,0.5263324222650851,0.5657916932712211,0.6135457696492256,8.42830755526186
17,42,1,30,0.4292655335647153,0.5705566734242201,0.702032878619482,6.39536252224037
17,43,1,30,0.3487321792889614,0.4988848454368418,0.6126355364707841,2.1489844973061296
17,44,1,30,0.4056620382984319,0.4243813966176318,0.6034551808097478,1.762032126832024
17,45,1,30,0.2947923162985077,0.4191777196739126,0.4268049317296787,0.0
17,46,1,30,0.21104455742050046,0.3818710017296344,0.4694190063302896,0.0
17,47,1,30,0.2306684811787322,0.32539005754302,0.5690976572145582,0.0
17,48,1,30,0.10108277760591983,0.3363743855124674,0.567166416125021,0.0
17,49,1,30,0.05471635546387821,0.24154319189521625,0.42528476330213316,0.0
17,50,1,30,0.0,0.2645761915092512,0.49021349513239604,0.0
17,51,1,30,0.07762923835484925,0.14732483432094506,0.2833394080569589,0.0
18,0,1,39,0.9844036437602025,1.0051223345043672,0.8849473566256089,29.85814720612384
18,1,1,39,0.9382327964923765,1.0159947996570735,1.0554738145320117,30.48853077449751
18,2,1,39,0.9088410871083414,1.0399335303510222,0.995896197855385,27.901585435052517
18,3,1,39,0.9449585044378792,0.97500384304097,1.0949093327436636,30.49902401616203
18,4,1,39,1.0279868210754814,0.9601884946750865,0.9766639429544294,29.640755374319692
18,5,1,39,0.9787201736869865,0.9972388276529052,1.012066648484838,30.435537874050798
18,6,1,39,0.9405035421557117,1.0228103031218534,0.9250862409429291,29.244510079215154
18,7,1,39,0.9565433235248022,1.051903418083778,0.9023953275557576,30.877984716405038
18,8,1,39,1.0761238604533667,1.0508531323838366,1.0641960553384546,31.559251095514163
18,9,1,39,0.9662016226064264,1.0812873989391618,1.078186687391633,30.792523324887046
18,10,1,39,0.8999990052692614,0.943296072601954,0.9171676403521773,28.966783662181317
18,11,1,39,0.9636439086434371,1.0217014727427323,0.9349237958016694,28.634741941044915
18,12,1,39,0.99565391856553,0.989916976601316,1.0378631730778083,31.546841962358844
18,13,1,39,1.0395086333697021,1.0368539496065952,1.0111270823671783,30.021767748747806
18,14,1,39,0.9951986534305555,0.9925388937881187,0.9943620287850894,29.773015670373212
18,15,1,39,0.9621915980056867,0.9597119254641299,1.0969308122191341,30.925885148448575
18,16,1,39,0.930088566663319,0.996400416627018,1.0182002335772626,30.97230458774123
18,17,1,39,0.9783105295993099,0.9597337880913152,1.0315969539718834,30.097935828438107
18,18,1,39,1.0257187757108386,1.0558848110522372,0.9872709371718456,29.864961010246507
18,19,1,39,0.980362433546323,0.9669273613651873,1.089441265924847,29.768081937999064
18,20,1,39,1.050700867111042,0.9551798436090978,1.0363329608048013,29.52746834799989
18,21,1,39,1.0417262750398746,0.9444726047320046,0.9842976676649875,29.65042549966773
18,22,1,39,1.028112925923292,0.9593324297545276,0.9575428295154624,29.865903567896325
18,23,1,39,1.0456663215739952,0.972539125501073,0.9607935073812511,29.72295065032206
18,24,1,39,0.9762511034709456,0.9647242626452357,1.0375484339021577,28.92811222011004
18,25,1,39,1.0377545932359031,0.9625661711376399,0.9738092778252744,29.276715216055088
18,26,1,39,1.016926601697455,1.0603290083102306,1.0650311004436295,28.32353150221899
18,27,1,39,0.9642061213007944,1.0091080899857812,0.9411685638696363,29.24025118545067
18,28,1,39,0.9332206644757141,1.006782966224433,1.0852755959428604,30.38123436371959
18,29,1,39,0.9845972503115668,0.9690960502619458,0.9569512715196424,30.846472700274195
18,30,1,39,0.9807181455567278,1.05303732654791,0.9270585211334992,30.883570566143906
18,31,1,39,1.0039667340579153,1.0563789907238852,0.9493066258139106,31.246858781929973
18,32,1,39,1.0114304422481626,1.002509388973075,0.9313796616537922,28.88833427341928
18,33,1,39,0.9515725186584931,0.9744143407098789,0.9428650349045253,31.56504855083925
18,34,1,39,0.9654998415756387,1.030252287326296,0.9458972366801833,28.860112704440603
18,35,1,39,0.905224445472542,0.9831101125834811,0.9785059131136622,31.049375874871803
18,36,1,39,1.01575107776173,1.0023990684461512,0.9415201261011733,28.837486197494812
18,37,1,39,0.9648645066306487,1.02542802844247,1.059501758045818,30.45441157680602
18,38,1,39,1.015500917853039,1.0397233231781844,1.00778122055497,30.904358604022992
18,39,1,39,1.0112108587089284,0.9645782553115159,1.0038641554245995,30.171988399274074
18,40,1,39,0.993427358832375,0.951208125563437,0.8299699849209496,28.595352849917568
18,41,1,39,0.9516323836530779,0.9170088382665409,0.9026250341042983,27.407039661050995
18,42,1,39,0.9377890365344945,0.9111376303373232,0.8709759162601333,23.252477471737926
18,43,1,39,0.7637291893918334,0.9133184123379887,0.9420646652125261,22.304939543702353
18,44,1,39,0.7741939688613942,0.7627515067333029,0.9008789996600077,19.533610429102705
18,45,1,39,0.7580923295862505,0.7598393862373097,0.8796017973380151,18.721377856065168
18,46,1,39,0.6647025423667425,0.6949668786186632,0.6820039132714619,16.202651083986918
18,47,1,39,0.6128906060979102,0.6831126677317118,0.7378412565301142,13.373894863128616
18,48,1,39,0.5797388585843212,0.6562832760959572,0.6950141936842773,12.73936023407393
18,49,1,39,0.5560322634850272,0.602832872472043,0.6283098726793749,11.608730757984018
18,50,1,39,0.4878730406514252,0.6317182938563319,0.6903030029166246,8.628416107903929
18,51,1,39,0.31969328529338864,0.40105203561229763,0.6430573171499506,6.73679523499179
19,0,0,-1,1.0321664265190509,1.0281677667847564,0.9330629321204995,30.96821574292939
19,1,0,-1,0.991414881454068,0.9617916539845787,0.9992230723190789,29.42340880836901
19,2,0,-1,0.9745732502901532,0.9859658344223567,0.9871551223603041,31.166564734027954
19,3,0,-1,1.0112917279971236,1.0009889429888,0.9843457429498017,32.15331598298155
19,4,0,-1,0.9933840308358198,1.0343112237422207,1.0854195157312068,30.61591819106896
19,5,0,-1,1.0505387172136336,0.9945167402478757,1.1046594578336497,30.909520275453943
19,6,0,-1,1.0196616006002084,0.9842601511534245,1.067145702144325,29.422186079435864
19,7,0,-1,1.0205617340445496,1.0239839029659745,0.9229422828351088,30.754317166276465
19,8,0,-1,1.006676257849594,0.966055838107707,1.084688968064326,30.638096489689907
19,9,0,-1,0.9388389590685245,1.0117892011329928,0.9684268173548577,29.18165907820706
19,10,0,-1,1.0152583573852156,1.039912584317706,0.9471962156252329,30.060372195969897
19,11,0,-1,1.009540818947957,0.9881611236844876,0.9864916471782335,31.18306445016132
19,12,0,-1,0.9598387381817904,1.0237075865846745,1.0111629645946043,28.637469082877853
19,13,0,-1,0.984079067295346,1.0238916407015468,0.9803221626928061,30.93075947178448
19,14,0,-1,0.986374102715115,0.9556232176413123,0.9568258727848985,30.03523995073371
19,15,0,-1,0.9869762373219925,0.9598834354698295,0.9747622599200443,29.893320711572574
19,16,0,-1,1.0586287185479375,1.0255545029424329,0.9549380283533265,30.275760758336382
19,17,0,-1,0.9470291696842503,0.9719356157945653,1.0573252586227428,29.58808891457019
19,18,0,-1,1.0149139655448645,0.991509504817624,1.0096584772479753,30.207112590963288
19,19,0,-1,1.012349327858432,1.0056648453545305,1.019230020378082,28.22199136813227
19,20,0,-1,1.147613495389569,1.0794637591128367,1.0282527553450185,30.966770983076405
19,21,0,-1,1.0026212021240393,0.9783581769783375,1.032015525490373,30.693934661447724
19,22,0,-1,0.9627430555080854,1.0180713067424445,0.9314752156320181,29.93063419149516
19,23,0,-1,1.0000875542359986,0.9978375928810579,1.134243096195509,31.312115251615644
19,24,0,-1,0.9424843139677263,0.9786073609961388,0.9279978856972315,28.94850929619791
19,25,0,-1,1.0484960865111446,1.0757645909355433,1.0808244331585835,29.999307437062942
19,26,0,-1,1.0033581841606571,0.9867406687802902,0.9457090900766866,30.410270378844917
19,27,0,-1,0.8768837955652645,0.853708918306291,0.8974952993697306,31.43225877689196
19,28,0,-1,0.936153530416939,1.0018666194904853,1.077244575753036,30.662763875107665
19,29,0,-1,1.0773494587878631,1.0038029956732748,1.0082861640634453,28.59031602000781
19,30,0,-1,1.0215259404237644,1.0041309701412777,1.0414466244511449,30.337654063825333
19,31,0,-1,0.9640288521664478,0.9122869729988535,0.9671671452689998,30.74194705273934
19,32,0,-1,1.0083639575016332,1.0268368132802546,0.9921711529063827,29.232733907553005
19,33,0,-1,1.0159026936271736,0.9621542199021234,1.0289961874723923,29.988979067781614
19,34,0,-1,0.966582325043629,1.0094773315092933,1.0761753855381377,30.689122460218076
19,35,0,-1,0.9584786365159077,1.0424646573384617,0.9655563929848826,28.71599986743353
19,36,0,-1,0.9856252677917932,1.0390644114176926,0.9574131052542658,30.32723536901985
19,37,0,-1,1.0064537627045334,0.971132038839642,0.944981982013056,29.54672915321862
19,38,0,-1,0.986716024442252,1.0521215802293968,0.9638143648991763,30.70422823934336
19,39,0,-1,1.0155957888085185,1.0165455867227964,0.9923397421931599,32.401325908064344
19,40,0,-1,1.05340486111615,1.01614503345608,0.9232029956214571,30.406952363682517
19,41,0,-1,0.9557621910081509,1.0329391705676134,1.0306182822275727,30.369630129745968
19,42,0,-1,1.071981042245103,1.0054022495194788,0.9868111803381964,29.375716686737285
19,43,0,-1,0.9248050830115785,1.0176004353099624,1.0326336958188953,29.676656595227612
19,44,0,-1,1.0329888699194445,0.9907725922032676,1.023000585376257,30.965747354561785
19,45,0,-1,1.018275830055352,0.9942779990591347,1.0023714038358473,29.231728680743753
19,46,0,-1,0.9377364211758957,0.9347816522142106,0.9714205036987172,29.077800226188224
19,47,0,-1,0.924379310746443,1.0150462395496278,0.9855513397997684,28.112523620886442
19,48,0,-1,1.051714760179962,1.0525558879759471,0.9848577372696838,29.340502767747104
19,49,0,-1,1.030999307340509,1.012522386939854,0.9138450044895984,29.829018874173606
19,50,0,-1,0.9744911612243337,1.0198632021910465,1.0028174641498542,31.4893034626282
19,51,0,-1,1.000493152001856,0.9997455432493726,1.0498029057498832,30.347585645994915
20,0,0,-1,0.9162525408536883,0.9576538126974723,1.0829092836478407,29.113269177786925
20,1,0,-1,0.9784428700860072,1.015603298812343,1.0401264284902367,28.046592285115935
20,2,0,-1,0.9656437486389738,0.941299520940711,0.9855544638938155,30.654135911709815
20,3,0,-1,1.0222310408720732,0.9853072465606986,1.017137125751893,30.719910546693214
20,4,0,-1,1.0116784483193162,1.0405590489567507,1.0911895735817767,29.646348944300332
20,5,0,-1,1.0283355406213932,0.9981591574450526,1.0911561452750118,32.05146472374248
20,6,0,-1,1.034969653497677,1.0064518383756298,1.0433508675175995,30.650341781098955
20,7,0,-1,0.9909272743259795,0.9807226896034602,1.0568897896243972,29.98834613276168
20,8,0,-1,0.9298660158428873,0.9504507886235515,0.8980362515643352,27.572943853681917
20,9,0,-1,0.9586264309727505,1.021695041813407,1.0130219284196478,29.726264323332558
20,10,0,-1,0.9297720258378955,0.9099015728534706,0.9922404332608863,28.331772915170315
20,11,0,-1,1.034369493114208,1.0097679831018502,1.0274111598418036,31.63806803586331
20,12,0,-1,0.9838090377285391,0.9738520877039666,0.9676455126263437,30.239021213461577
20,13,0,-1,0.9902022799110711,0.9787471340003059,1.0649591600147945,29.819596054607125
20,14,0,-1,0.979402580043469,1.0087219327389219,0.9698206993916424,29.192071927230142
20,15,0,-1,0.9847142031271692,0.9641108667321882,0.9496615930288426,28.837302378090087
20,16,0,-1,1.0149491602618952,0.9885699190955625,0.9657840626493679,31.357149395243432
20,17,0,-1,1.0920839558712079,1.0052487070723481,1.0567705294163396,29.639406016314535
20,18,0,-1,0.8888905495601163,0.9591637266205633,1.0444228324830098,28.187789194485084
20,19,0,-1,1.0244891899514053,0.9643382942757889,1.008909198900404,30.885929769129824
20,20,0,-1,0.9820134052419033,0.9440664732858459,1.0310572078198126,31.071288403645543
20,21,0,-1,1.041999696823753,0.9746651037008871,0.9085431840064544,29.47821261423388
20,22,0,-1,1.0200938422943218,1.009181681612816,1.0583436279654697,30.362938522819757
20,23,0,-1,0.9874371745754233,0.9640662447408807,0.9795340188490624,32.28253327373752
20,24,0,-1,1.0159927488838933,0.9499062453539362,0.9452051606022978,30.72558872892263
20,25,0,-1,1.0043225098523794,1.025221691663381,1.0845201589927531,30.396358230985243
20,26,0,-1,1.0070693187411697,1.0608293661266923,0.9545360705825094,29.664138507193297
20,27,0,-1,1.0129158313261997,0.9327321512460328,0.9716367288764022,30.156017039692365
20,28,0,-1,0.9220210777993421,0.9497561826479393,1.1191763096362028,29.918957102737906
20,29,0,-1,1.025077784357281,0.9999658890518434,0.9946556356067072,28.91668637220943
20,30,0,-1,1.0121051216185102,0.9990288683351338,0.9960668301262762,30.19756102533026
20,31,0,-1,1.0387973072856416,0.9770643124681982,0.90153181549306,30.00501088811477
20,32,0,-1,0.954723841179742,0.9301174923469945,1.0880477580735957,27.57096185585813
20,33,0,-1,0.9306537949994074,1.0233609327093631,0.9944821437527656,31.161384955725584
20,34,0,-1,0.9979362818480698,1.0025685094121717,0.9528762059692898,29.668086115314058
20,35,0,-1,1.0682363178988619,0.9726279916463411,1.0042812257553435,29.955685190091575
20,36,0,-1,0.9664374767480949,1.0422053083170846,1.0334346443555518,29.308464535188467
20,37,0,-1,1.0408547832565889,0.9424232210387562,0.9634972384840026,28.05566714315204
20,38,0,-1,0.9447369158942487,0.9623722002577875,1.0528282785503629,30.869393711131117
20,39,0,-1,1.0289532938637114,1.0421997102924294,0.9660165759122141,28.97099868706089
20,40,0,-1,0.9960115382251022,0.9272050930358883,0.931353661999588,29.38442187223838
20,41,0,-1,1.0030260935703161,0.9904848318750854,1.0618542382836555,31.792217555368072
20,42,0,-1,0.9866468161808835,0.9572285264508386,1.0300897548410293,30.104709177633072
20,43,0,-1,0.9377049786815609,0.9325801715404604,0.9209560586936592,29.353663381202477
20,44,0,-1,0.9918439289786745,0.9526638879390479,1.0358005682927145,29.838297139273827
20,45,0,-1,1.022385881244592,1.0244725251514715,0.9448009880002003,30.791457519226704
20,46,0,-1,1.0397174756264473,1.0040189936725397,1.0477215860803115,28.856958135486884
20,47,0,-1,0.911774987171774,0.9386612166501985,1.0147619827852814,30.705515556413534
20,48,0,-1,1.0350717334086101,1.0152971480776813,0.9705401847134121,29.623864951040034
20,49,0,-1,1.0354636833015367,0.9777025550853018,0.9310070557506313,29.175296279014923
20,50,0,-1,0.9684978185454685,1.0369278290759683,1.0475730438799669,29.479259217797445
20,51,0,-1,1.0720267665558667,0.979385538861199,0.8353658009334199,29.963237098926946
21,0,1,25,1.0484923013209801,0.8975660208484215,0.9734383836103847,29.368997363577176
21,1,1,25,0.9623113953852017,1.0376475136403613,0.8964035841894116,32.13614772368146
21,2,1,25,1.0343988765710663,1.0350044157843468,1.0465904633024876,28.76325604392346
21,3,1,25,1.0250615441528093,1.0241817369051092,1.0072899059737888,29.925259643679677
21,4,1,25,0.9266154783234181,1.0205945164913015,0.9208402739635206,29.39822149544896
21,5,1,25,1.056188686327744,1.0803413141685263,1.0297447644972786,30.624463534908305
21,6,1,25,1.0601987548111595,0.9502737569409461,1.014945137693401,28.903028695450896
21,7,1,25,1.0037298064626847,0.9722095136166874,1.0925740374197361,29.441596524177633
21,8,1,25,1.0617261713527792,0.9950552538796558,1.0487332558819475,29.88102235527375
21,9,1,25,1.0264722020340529,1.0116606403076391,1.0620412784965265,31.53523281862615
21,10,1,25,1.0340943405707543,0.9943513824100612,1.038720726644017,32.59642628251399
21,11,1,25,0.9686814241530801,0.9689324213541045,1.0225012446949708,31.593357146790822
21,12,1,25,0.971052862424606,1.036370588359,0.9427662471907335,30.29502539796017
21,13,1,25,0.8959959088906694,0.948506063165845,0.91138863433094,29.19162076637791
21,14,1,25,0.9729771686975733,0.9150912584855552,0.9124390924100444,30.387989006857513
21,15,1,25,1.0502901835872815,0.9794664458817338,0.9520117533473734,30.37787944374387
21,16,1,25,0.9740623207753427,0.9190669088213864,1.0005423397437465,28.697571012838132
21,17,1,25,1.0521313759532314,0.9841360945180032,0.9791315427257957,29.881200828691732
21,18,1,25,0.9517325619428395,0.9808737855478507,0.9257725347188798,30.52531370504273
21,19,1,25,0.9355016447087962,1.013186358698558,0.9133645871705112,30.16412925260289
21,20,1,25,1.0169959876960843,1.0289049881389223,0.9440434035273242,31.10540335971807
21,21,1,25,1.0657852889343788,0.9915290818039378,0.9205648806208131,29.284623166097788
21,22,1,25,1.0783062291621999,0.9951378215197924,0.9863919681171094,29.578750174429892
21,23,1,25,0.9561805503131418,0.9616716877071995,0.881140667483745,30.098247544804554
21,24,1,25,0.9724543323276323,1.0034521127402634,1.065997204483453,29.63676495343449
21,25,1,25,0.9705952498491126,0.9893433046660407,1.0216968815514176,29.863687564410114
21,26,1,25,0.8951480879783051,0.957608222420634,0.9570358291003905,29.022399093404527
21,27,1,25,0.9273197447752588,1.0226670707920362,0.8835209327401189,26.271661966653838
21,28,1,25,0.849389767891368,0.8594843420362583,0.9453202900079627,21.573853311717386
21,29,1,25,0.7518185325271003,0.8586957339581303,0.9302389220993147,22.005053583639533
21,30,1,25,0.7164375115702661,0.8015754559079852,0.8443709771944641,19.833990315453235
21,31,1,25,0.7807173828038082,0.7671848255585086,0.8035858267358607,16.72723298027458
21,32,1,25,0.6630702425746583,0.7204562095028822,0.8078751231914338,17.526375193571123
21,33,1,25,0.6514502335352936,0.603464974994235,0.7626596273931203,13.792340924041525
21,34,1,25,0.46720335300716503,0.6680494794893884,0.6809071012816069,12.737121290812633
21,35,1,25,0.4206332020300868,0.6036024989038536,0.7034305702949535,9.526363821503054
21,36,1,25,0.4630838995318308,0.528420567023272,0.6704021982636269,8.695054544807263
21,37,1,25,0.32027735296814624,0.5297898919074184,0.6297683698213957,6.968347691778959
21,38,1,25,0.2926507490372459,0.5000964629242451,0.6201068319033094,4.833514122725509
21,39,1,25,0.3291074040605507,0.39569088244390577,0.5350330099414791,1.9542049150570717
21,40,1,25,0.2701590177270593,0.37226118111928147,0.6114271421745602,0.0
21,41,1,25,0.23691785703785442,0.3527107928711388,0.5441854226036493,0.0
21,42,1,25,0.11651936269299276,0.3321654076832166,0.48759979094511274,0.0
21,43,1,25,0.15110806144710595,0.35570911560589946,0.47468057452956397,0.0
21,44,1,25,0.0,0.25970110619740844,0.4209704799797764,0.0
21,45,1,25,0.0,0.24381155230999466,0.3731284687680263,0.0
21,46,1,25,0.016459642799278293,0.11995614921443774,0.4074176388081484,0.0
21,47,1,25,0.0,0.1389466283590352,0.38365733230195365,0.0
21,48,1,25,0.0,0.0681178572829711,0.24144101137802476,0.0
21,49,1,25,0.0,0.08667129803646806,0.27802053787299064,0.0
21,50,1,25,0.0,0.0,0.21108095712565828,0.0
21,51,1,25,0.0,0.0,0.15308352289984903,0.0
22,0,0,-1,0.94462801933129,1.0411744274464036,0.9448084088836427,31.889258077941726
22,1,0,-1,1.0376700183049596,1.0329955991827209,1.0179480621817576,28.943307269880368
22,2,0,-1,1.0027687392181324,0.9726107127362188,0.9082159243300635,29.577397323166938
22,3,0,-1,0.9295984733020731,0.9433198833211647,0.9548090894246762,29.86721364154825
22,4,0,-1,1.0221901154617776,0.9934732843421963,0.9983109852711168,30.60618451369751
22,5,0,-1,1.0494101075008861,1.0114931128222664,1.0126360667297996,30.940186521540152
22,6,0,-1,0.9768150354182717,1.0593790743903477,0.9925150309252494,30.39465884208259
22,7,0,-1,0.9522944885116007,1.0135299802153899,1.033704082739912,31.225080650790996
22,8,0,-1,0.9813926051135172,0.9611172471822649,1.0545196670538513,29.025954028442076
22,9,0,-1,0.9316896906591559,1.0229187905823702,1.0198813001783393,31.976750848216312
22,10,0,-1,1.0611407575506238,0.9816873461051216,1.0995179740519962,30.597440351292327
22,11,0,-1,0.9753109240750669,1.0220500874983207,1.1772554468397063,31.532724945376053
22,12,0,-1,1.046853637986269,0.9814276180842296,0.9581877929313961,30.940828652832863
22,13,0,-1,1.0479956736693237,1.0464427146374107,1.0112074456239366,28.649951047799444
22,14,0,-1,0.957766650058764,1.0098830754573807,1.0101861463236335,28.523185439659684
22,15,0,-1,0.9394306726488184,0.9854749257628529,0.9458135282701055,29.958007408596778
22,16,0,-1,0.9709770220905753,1.036214910894913,1.0318087750240874,29.20873291261395
22,17,0,-1,1.0669278413528913,1.0083683844573499,0.9571823123361579,30.769105777418503
22,18,0,-1,1.0387417675318507,0.9685967937317952,0.9732064453467176,29.19478453747078
22,19,0,-1,0.9712317282302986,1.0359601876957885,1.090450711655468,30.147173778032556
22,20,0,-1,1.0730854264549028,0.8984374394489337,1.0532842194078575,30.769470687100213
22,21,0,-1,0.955924947594494,0.9501869852888017,1.0541942010473915,29.343328818365716
22,22,0,-1,0.9885125499915459,0.9730341750748106,1.0491871177837147,30.81604135890481
22,23,0,-1,0.9486587634282793,1.0097213207075284,1.0585747640494463,29.98033498735667
22,24,0,-1,1.041130060469701,1.0657682731539648,0.9946416739347375,30.894172203474632
22,25,0,-1,0.9875761158601782,0.9806059198129478,1.105976687224871,30.26963181173318
22,26,0,-1,1.0163642198968228,1.0376686286931436,0.9210397396916266,30.192593267207915
22,27,0,-1,0.9779962274632602,0.9809353536185768,0.9918453628026703,30.0209586197779
22,28,0,-1,1.0864149671508334,0.9815742388905143,1.1177527190512535,29.36715225270115
22,29,0,-1,0.9197092254584772,0.9620439909794274,1.0045145912094642,30.15380921101249
22,30,0,-1,1.0006573684168918,1.013189941278728,1.0200667488578292,28.461351186069702
22,31,0,-1,1.030975588701831,1.0943601683372666,1.0199760204047184,30.22240480074013
22,32,0,-1,1.0547952299142969,1.02478780733749,0.9039127327709383,30.886655256065545
22,33,0,-1,1.1049436944417643,0.9768053662450182,1.046241888407157,30.243517262568734
22,34,0,-1,1.0307776808471172,0.947707182819207,1.0141278265086793,30.308356763822992
22,35,0,-1,0.8853468564992437,1.0533671509448996,1.0046327763874845,30.824650982697303
22,36,0,-1,1.0007262501093275,0.9297044566743645,0.9687361746967462,30.760523180211013
22,37,0,-1,1.0354635622596615,1.0019133121206085,0.9810989036709502,31.20377648918398
22,38,0,-1,0.9762639429224065,1.0328474971554176,1.0138575287236549,30.111620006898494
22,39,0,-1,1.0144053938894233,0.9629253552982721,0.9656496934989054,29.32554073806962
22,40,0,-1,0.9834974159276543,0.9316503685019409,0.9125817808959923,30.76247526860046
22,41,0,-1,0.9067394961145581,0.9624055343247757,0.9701240988654062,28.80203367734283
22,42,0,-1,0.9598753416814755,0.9755474723146591,0.9949481010532149,28.716715671930643
22,43,0,-1,1.0442754495838764,0.9374897654007448,0.9056165531516148,30.85302808631936
22,44,0,-1,0.8985102489766144,1.0573398336494562,1.0417491843173867,31.254587543024563
22,45,0,-1,1.0238410318781443,0.9654428976098508,1.0022027763826467,29.69216264825205
22,46,0,-1,1.077120061796865,0.9625314106484448,0.971009898020993,30.85955308288818
22,47,0,-1,1.0193188507003095,1.011879676201538,1.059697734428848,30.208992934498344
22,48,0,-1,1.0623428992098736,1.034776801111848,0.9313035780461295,29.905226690600504
22,49,0,-1,1.0070592552402633,1.0428378081934984,0.9946988088592479,29.83391751113059
22,50,0,-1,1.0831382745366975,0.9844246115793458,0.9966612042235247,31.665449338847772
22,51,0,-1,0.9326416657468138,1.0836896124172126,0.9404097866768882,29.50031482371291
23,0,0,-1,0.9896997473910237,1.0301905204137227,1.087235898186608,31.347736859561213
23,1,0,-1,1.110904125199155,0.9896881189539157,0.974358304364193,30.856391640249132
23,2,0,-1,0.9395901913482414,0.9482346660257248,1.0647112581746918,29.55895760465744
23,3,0,-1,1.0489129701922564,0.9983599027813724,1.0219590262971414,29.864551557490948
23,4,0,-1,0.9034885591407344,1.0051405826247914,1.0084949548423598,29.892021207304435
23,5,0,-1,0.9694297174342688,1.0116187925422992,1.0611454743159923,30.211075337682868
23,6,0,-1,1.0352329314608284,0.9936621557328509,1.0061158633438791,31.398014401161607
23,7,0,-1,0.9324093087120429,0.9997475750231992,1.064122095484,30.778002345716274
23,8,0,-1,0.9748710133507529,1.0098774808402078,1.0065968597134798,29.534670003587276
23,9,0,-1,0.985036872898335,1.0113127918256697,1.1109100256277251,30.00279864764614
23,10,0,-1,1.0152911071920991,0.9634385802462447,0.9223410286464826,27.919438064976276
23,11,0,-1,0.9632372830407745,0.9255480102091269,0.9171948841206115,27.80400047242459
23,12,0,-1,1.0661157016553773,1.0189260509357292,1.0351255046973933,30.155855412872178
23,13,0,-1,0.9662080704033477,0.9827095611946522,1.1051458087241535,30.003803317763754
23,14,0,-1,1.0306251152860353,0.9923812782107314,0.9590836140713328,29.57069727598989
23,15,0,-1,0.9381153222071413,0.9430457479117212,1.0901012737262719,29.971968260125248
23,16,0,-1,0.9479221804158966,1.0322697852130924,0.9901322056734925,29.086350303465405
23,17,0,-1,1.0084112858420378,0.9868355844785675,0.977108337330802,30.128618553363776
23,18,0,-1,1.0678060413315151,1.1071257092513058,0.9922450635692562,31.29311432473539
23,19,0,-1,1.0587996849613268,1.04078168377031,0.9237220883881514,28.12989422904525
23,20,0,-1,0.977567887251432,0.9690036556552902,0.9912634673472119,29.005060127272323
23,21,0,-1,1.0347331740230332,0.9872995604743247,1.0251666894405063,30.13911806458005
23,22,0,-1,1.0262909217659448,1.0117936279423665,0.9747368211097691,28.811228385566505
23,23,0,-1,1.0931212225577254,1.0417809372854228,1.0478074906965158,29.78064744988848
23,24,0,-1,0.9970337507048003,0.9941168833203559,1.011846589425146,28.471891059894443
23,25,0,-1,0.9827916371628755,1.0716056618425194,0.97396300083348,29.69269152982755
23,26,0,-1,0.9730636372841398,1.0507686416971003,0.9598936062287506,31.771269465690818
23,27,0,-1,0.9512491763820046,1.028931908207745,0.972485270042657,30.25472478793992
23,28,0,-1,0.9280857274391252,1.0301137026997016,0.9988394525723098,28.72974573863398
23,29,0,-1,1.023240525938263,0.9845560614529592,0.8946873567771592,30.701814407367106
23,30,0,-1,1.0496654720106695,1.006146732575036,0.936971901950747,28.705444307924193
23,31,0,-1,1.0477888559036612,0.9165957532103137,0.9640933310379176,30.22442697326832
23,32,0,-1,1.052652268341743,1.0055301418729823,1.0197038382234442,29.5627445853608
23,33,0,-1,0.9811585811576993,1.0115461205850806,0.9736854920375346,30.493221273473257
23,34,0,-1,0.9502028774075529,1.001754275519037,0.9597388657296922,30.55695180182467
23,35,0,-1,1.0791994437327308,1.0017285512962235,0.9929812873184309,31.09829454345517
23,36,0,-1,0.9808057201199711,1.0252243166449624,1.0394806072966944,29.87109694329596
23,37,0,-1,0.9628844579235278,0.991214763300206,1.0608291879073977,29.400302754985052
23,38,0,-1,1.0078342682986712,1.0114048808389213,1.1051935176393368,28.884746130953616
23,39,0,-1,1.0375845714490717,0.9374996050300749,1.0313583299314832,29.918615753044605
23,40,0,-1,0.9289066096358062,0.98283852987433,0.939931521492399,30.80790706715542
23,41,0,-1,1.0198877836891103,1.0154625853672938,0.9784267015086173,29.599737411636273
23,42,0,-1,1.0049019544765112,0.9716049447144078,0.9255345574162713,30.68080427958037
23,43,0,-1,0.9375175010222516,1.0326146660677837,1.0311558750335612,29.715791981672957
23,44,0,-1,0.9338350709179727,1.0015261517921807,0.9263493360674222,30.811078643585912
23,45,0,-1,1.0412323526293141,1.009897039294184,1.0264379457841513,29.585563627116947
23,46,0,-1,1.0979957614190994,1.0218550470404675,0.9390480734086294,28.752022916533424
23,47,0,-1,0.9242421948670076,1.017717016400118,1.0416357639568643,28.44977677837289
23,48,0,-1,1.037766568313902,0.9407949202074117,0.9336117324883196,31.099746976404074
23,49,0,-1,0.9721063863390089,0.9910697070267661,1.0720427332572549,32.89799582430628
23,50,0,-1,0.9678952403391812,0.9795493675147602,0.9955426407502249,31.002988884588273
23,51,0,-1,0.9745971820712452,1.0283565149155938,0.9873347964606399,29.80866682833152
24,0,0,-1,0.9741649990701058,1.0397660154734014,1.0453712606698429,29.64220327788313
24,1,0,-1,1.0147549755061147,0.9945908424579966,0.967033688312629,29.124386002266778
24,2,0,-1,1.0180220253161973,1.0171541121464633,1.1106149070609053,30.08408922062845
24,3,0,-1,1.0920864930978946,1.0710455307836195,0.9057382718268537,28.467738804631004
24,4,0,-1,1.0235850755845437,0.9554010771489185,0.964252044287496,30.806839454132692
24,5,0,-1,0.9906128542721857,0.98437336475839,1.0587578363514298,29.862683748808553
24,6,0,-1,1.0268135821381998,0.9574658674602725,0.975707315544216,29.80244259781999
24,7,0,-1,0.978782604011731,1.037515835460777,0.8628416055089181,30.508509116521985
24,8,0,-1,0.9511386861076944,0.9729920987313714,1.0356424822127361,29.749489666203683
24,9,0,-1,1.02205827839581,0.9602549004681997,0.92514427683615,30.887897967767838
24,10,0,-1,1.0712311420554879,1.0463948652166795,0.932108436767246,29.86701813695688
24,11,0,-1,0.9905647965523255,0.9822699412912316,0.9991709932553154,29.83142534190692
24,12,0,-1,0.9574058421373639,0.9383208499314605,0.9319380853676433,29.21781630374995
24,13,0,-1,0.9613575083824015,0.9645957707155872,0.9745489969586659,29.842947306052036
24,14,0,-1,0.9445350351010705,1.0254420928494838,1.0537792154811725,30.792119817928477
24,15,0,-1,1.0659846452527721,1.0043728688071203,0.9865428651647123,30.787045117385016
24,16,0,-1,1.0158863076820233,0.9664791758524327,1.0393178476077316,30.59723136871325
24,17,0,-1,0.9446370946896828,0.9786620059894623,1.040436428170386,31.558337882690722
24,18,0,-1,0.9997961618013327,0.9496237867666623,1.0183231836076534,30.29923705320757
24,19,0,-1,0.9639805482399421,0.908454569122066,1.0793635744960612,30.929517641941978
24,20,0,-1,0.9405209681727228,0.97942943226631,1.0128896751521848,30.155934664399204
24,21,0,-1,0.9940283870629456,0.9800934688522115,0.9831116053303184,31.52697305359316
24,22,0,-1,0.9477412284285868,0.9247185165932347,0.908794174931335,30.19826944402334
24,23,0,-1,1.0325678929356283,1.0218554762455792,1.072052402811698,29.009930837661578
24,24,0,-1,1.0746311979848648,0.9815655353799163,0.9807365569249165,30.52296190371392
24,25,0,-1,1.0077221591746706,1.0134341951548786,0.9606714582616189,30.2875167283113
24,26,0,-1,1.1674583828137453,1.0299578944554952,0.9789414447432282,30.300337679531655
24,27,0,-1,0.9563421823812994,0.9767344317502641,1.0384508428547392,30.58402389856469
24,28,0,-1,1.0151771505721028,0.957175519392836,0.999872032224458,30.49688045271894
24,29,0,-1,1.0153444044673516,1.0348631544201938,0.9558239259523873,28.525765481923834
24,30,0,-1,0.9528359258911092,1.0659817517925165,0.9758614365669901,29.937867737667105
24,31,0,-1,1.062940064722577,1.02825063764628,1.1062735487125606,29.550294239586236
24,32,0,-1,0.9796633501489244,0.9364168249832814,0.9640705302677136,28.675046649133677
24,33,0,-1,1.1036880780386131,1.0422791720359534,1.0405464583500577,30.129762065181815
24,34,0,-1,0.9256760998771343,1.1023020766075995,1.0223606812809214,29.40601838566156
24,35,0,-1,0.9305691342162872,0.9910953215515231,0.9445135323597215,29.326451206769867
24,36,0,-1,0.9536910614195933,0.9455757414588208,1.073701436626874,28.458293801269367
24,37,0,-1,0.8716200199639074,1.047891838048178,0.896331631094958,30.78715967006565
24,38,0,-1,1.049899017690121,0.9530891325093448,0.9471534322300705,30.8308838975969
24,39,0,-1,0.9498122683172079,0.9377971583604494,0.9987956590006046,30.183172288618074
24,40,0,-1,1.0581814726719205,1.0257795132097078,1.017496088057304,29.687668284260397
24,41,0,-1,0.944486087250438,1.0500248798020335,1.0616574387388005,29.425139290920104
24,42,0,-1,1.0002279375158654,1.0374438927023808,1.0721393024337351,30.078047059945764
24,43,0,-1,0.9727116992786699,0.9864547654779711,0.9652994050317667,31.154263361417577
24,44,0,-1,1.0336111343246597,1.0255546754019436,1.0332460996654025,28.8228141617207
24,45,0,-1,1.0291079885308527,0.9712231006524286,0.9588681783831661,29.97379694276402
24,46,0,-1,1.0314366414144305,1.0260914574540436,0.9292796024392965,31.12782154167474
24,47,0,-1,1.010918514509417,0.9673775092312406,1.057226468548173,29.002096704225448
24,48,0,-1,1.0299533761736672,1.0122810315680162,0.9817614383718292,28.561418133698112
24,49,0,-1,0.9861166140472281,1.058367253038991,0.9791686562956412,28.7989472802524
24,50,0,-1,0.9493571006645364,1.0074663297666373,0.9718469486365846,29.473865450255484
24,51,0,-1,0.9875519480989803,0.9968603826612006,0.9741681561252442,31.402620772420047
25,0,0,-1,0.9821276361822189,0.9618018856179955,0.8938170295420103,30.383975335331833
25,1,0,-1,1.0069796059626968,0.9905299356737062,1.0167895553985302,30.73569384035069
25,2,0,-1,0.9692838758811948,0.9781515535029156,0.8847167236577511,30.072571031710567
25,3,0,-1,1.0813459259050928,0.9997222206337592,0.9831713878633346,29.935700692800697
25,4,0,-1,1.0534903459007425,0.9036875415387647,1.0354972726892735,28.345020814613687
25,5,0,-1,0.9705129025582541,1.0114964724458082,1.059495836351028,30.68960214690772
25,6,0,-1,0.992425995253149,1.0407936800673991,0.9937462989851766,30.825371953414294
25,7,0,-1,1.0426004867530434,1.0145027375030868,0.9861360539799274,29.321985316393526
25,8,0,-1,1.017504396609067,1.1216739988678273,0.9152529604858615,30.703832143074802
25,9,0,-1,1.0186343964845161,0.9959980970298049,0.9496054073646577,28.68534250151731
25,10,0,-1,0.9921307601275337,0.9891265422299208,1.0595195965855448,28.626231601544482
25,11,0,-1,0.9993913891843943,1.035395304417351,0.9934587575930103,29.78071195267677
25,12,0,-1,0.9729712223612835,0.9696950376864305,1.0533082852515123,30.24692552639779
25,13,0,-1,1.04685210884176,1.0223058232926838,1.0976379455395548,28.88803609625649
25,14,0,-1,1.028400109142621,1.0390480884955327,1.0285737046717016,30.277244903066446
25,15,0,-1,0.9841224792502017,0.9811597648965975,0.9910952655786873,30.247377120939515
25,16,0,-1,0.9957280601959593,0.9599211749503334,0.9156359939767763,29.17961728037262
25,17,0,-1,0.9813023634124989,0.9308154821132166,0.9433173745008592,28.91467088952743
25,18,0,-1,0.9353703166347417,1.0544599623817337,0.9962307747606484,30.599866427018615
25,19,0,-1,0.9334885210495167,1.0808700691487247,1.0847449552800161,29.34384192062956
25,20,0,-1,1.03000310215885,0.9780054683444735,1.0231961677418446,30.686502815410265
25,21,0,-1,1.0167423003706486,1.0198653614668745,1.1017528102146894,30.101388814862855
25,22,0,-1,0.9796759777380573,1.016127950445511,1.0077304357332675,28.355168998215916
25,23,0,-1,1.0240841589264802,1.0077828194218859,0.9688388464675278,30.23488669461065
25,24,0,-1,1.0104301772982165,0.9830670102931609,1.0907526036342028,29.248636819701115
25,25,0,-1,1.0095719772237906,0.9873375049659351,0.9404988920451495,29.29362459915975
25,26,0,-1,0.9762112012519387,1.038394794204208,1.0556335776862127,29.923810762267834
25,27,0,-1,0.9605851252152672,0.9961792509223191,0.9648426796708096,29.647593572725853
25,28,0,-1,1.0057329922706817,0.9323818592931415,1.1129302850534661,29.948393400921102
25,29,0,-1,0.9990952852756696,1.0041747357224944,1.0405308713661854,30.363521648465174
25,30,0,-1,0.9710699390637002,1.011020044574107,1.0315386996868394,30.056791144701155
25,31,0,-1,1.0182097693882117,1.0262091309881611,1.0172596155994749,28.259891399058542
25,32,0,-1,0.9889546999469206,1.0497520177527848,1.0231271120396317,30.22115306178583
25,33,0,-1,0.9964264273409512,1.02914919145377,1.03643350395221,29.667984866665805
25,34,0,-1,1.0215895610052044,1.0027003268383745,0.9630690567539727,30.399471423250308
25,35,0,-1,0.9734731312848961,0.9740184477270303,0.9718709617571312,28.382358576475507
25,36,0,-1,1.061286326432978,1.030125418688265,1.0884395917095822,28.953089132453435
25,37,0,-1,1.0581448003158105,1.0774988259372145,1.124019064971402,29.938331220832037
25,38,0,-1,0.9226369997023222,0.9880780368862773,1.070981397685908,30.03780209472417
25,39,0,-1,0.970077363605955,0.987984948857952,1.0829928412306038,29.735609339677655
25,40,0,-1,1.0454329604849801,1.0102538519418256,0.9711902601938431,30.28185803154286
25,41,0,-1,0.9950549754889552,1.045393405564367,1.0621320071165252,30.203692996274707
25,42,0,-1,1.0829181012666522,0.9920737493493982,1.033844295762026,29.997225318206542
25,43,0,-1,1.0467284208049348,1.021648347035436,1.0315760433826668,29.776737449855535
25,44,0,-1,0.9928169706103732,0.977687858744793,1.0474814908025585,29.231715950359686
25,45,0,-1,1.0278365482571759,1.0070428593532612,1.0401750736473485,30.372788964956513
25,46,0,-1,0.9856509187908571,1.0321667513741584,1.0310734805351143,30.141017868818523
25,47,0,-1,0.9863790420853713,0.9724240835855525,1.005002994190192,30.030579689501653
25,48,0,-1,1.0440219897526408,1.0036949113384837,1.0001055208294776,30.234964121399543
25,49,0,-1,1.034769858232126,1.0385490686749932,1.030541614100258,30.851812961177284
25,50,0,-1,1.0277960645765187,1.0866055514162676,1.0290634021400191,30.763540664019512
25,51,0,-1,0.9988079957883754,0.9701745086450926,0.9779077521879983,30.283077300568934
26,0,1,21,0.9411655657084966,0.9802860772107709,0.8089355552976379,30.888956372170025
26,1,1,21,1.0353162203501356,1.0174689043729277,0.9564716339046869,29.009158860878543
26,2,1,21,1.067279705356327,1.0141702799851906,0.9236409145610772,32.02614909064
26,3,1,21,0.9588525908395743,0.9795624832279435,0.9646436676726172,30.035660918170752
26,4,1,21,0.8830288210730175,1.009691545926914,0.9977206386384256,30.477188147446792
26,5,1,21,1.1171457476625886,1.0690292667463455,0.9901305502630867,28.830202445901513
26,6,1,21,1.0226739140456367,0.9876911114260363,0.8583173639438211,30.192290538730173
26,7,1,21,0.9246513753198504,1.007506435586347,0.8940320002582586,29.251338119128118
26,8,1,21,1.0225616280861374,1.0498285257607551,1.0276471398679574,29.48070624410877
26,9,1,21,1.0162374048695166,0.9902090501697819,1.0485770881684493,27.611795249590834
26,10,1,21,1.0217170623137732,0.9366312590316671,1.015024537255612,29.36555008645938
26,11,1,21,0.9740525582354352,0.9883634336372457,0.9933196290727854,30.481178701164236
26,12,1,21,1.007397593751301,0.9819574119049358,1.0798020425953994,29.220363440099998
26,13,1,21,0.9729652766394526,0.9160094739218325,1.1088533195426113,30.22308142772857
26,14,1,21,0.9921311968008222,1.0428427507805285,0.9802114420329203,29.94554412042284
26,15,1,21,0.9606980581541901,1.0336942770963053,0.9477608263833268,29.684208627966925
26,16,1,21,1.0333574573333992,0.9752537375912614,1.0439399911705216,29.63959652964816
26,17,1,21,1.014932310209224,1.0209581976066178,1.0090317427333129,27.759434413895256
26,18,1,21,0.9376890999142075,0.9955854638578155,1.1077913868343328,30.606639471303847
26,19,1,21,0.981300979022396,1.0544289592091352,1.0026238424403804,31.12251918684473
26,20,1,21,1.0260040473087735,0.964227573322562,1.0565820097712346,29.4516845863214
26,21,1,21,1.0380270133496263,1.0221254930333474,1.0057045050193818,29.429692508233064
26,22,1,21,0.8867531336002836,1.0043871192099199,0.9104320228815379,27.079653727456712
26,23,1,21,0.882583949810737,0.9223963467153771,0.883055497413056,27.173403420520753
26,24,1,21,0.9083553524098416,0.912794847780441,0.7905353010100257,23.77465210737036
26,25,1,21,0.8399354028300974,0.8086523370252235,0.8747306455718394,22.377820594383305
26,26,1,21,0.8072814019979525,0.8150326752125828,0.8086950741500405,18.729053829045068
26,27,1,21,0.6615150192665292,0.7967827208705112,0.7580437409184908,17.790823635598638
26,28,1,21,0.6234162713092285,0.7566177291919802,0.9177384688848875,15.566795878238759
26,29,1,21,0.6457011792601599,0.7046692329491915,0.8591147894791865,12.309839593540978
26,30,1,21,0.5032842007450818,0.6581230777408675,0.7633722078097083,12.685823884097172
26,31,1,21,0.5528543182656335,0.6245719013037351,0.6984642846311813,8.792955671518197
26,32,1,21,0.5057710860687011,0.531645218350661,0.6289676513301297,7.52189783564456
26,33,1,21,0.4044577775236546,0.5663549814370071,0.6509980343767496,4.577075784348871
26,34,1,21,0.30413021341590724,0.4713436818377969,0.7813333172232202,4.702397421106168
26,35,1,21,0.19084141429038953,0.43354385072408813,0.49401521479375127,1.1743112386389665
26,36,1,21,0.2548849017574739,0.4131188340925076,0.4451644031218663,2.02477747325921
26,37,1,21,0.24432373756686146,0.3968410474052789,0.5827483878896577,0.0
26,38,1,21,0.10707951520082173,0.3255571954060461,0.28643672545278465,0.0
26,39,1,21,0.11630247438428365,0.2877617298440552,0.5572673914343087,0.0
26,40,1,21,0.008826008399181406,0.18069728391781253,0.48598520694273334,0.0
26,41,1,21,0.0,0.17171904777558655,0.3570928827954504,0.0
26,42,1,21,0.0,0.1983351228261313,0.37694976633797256,0.0
26,43,1,21,0.0,0.13180634473720637,0.3760717680767583,0.0
26,44,1,21,0.0,0.11404796844618595,0.37857170151226327,0.0
26,45,1,21,0.0,0.03852431343819951,0.33822565319031417,0.0
26,46,1,21,0.0,0.007554718767714113,0.2259867975788625,0.0
26,47,1,21,0.0,0.004148247309697699,0.14715751721911813,0.0
26,48,1,21,0.0,0.0,0.1524247017065884,0.0
26,49,1,21,0.0,0.0,0.23309870564588223,0.0
26,50,1,21,0.0,0.0,0.053626703384155955,0.0
26,51,1,21,0.0,0.0,0.11447890939141976,0.0
27,0,0,-1,1.0785848239210851,0.9769753913956178,1.0117048033255516,31.3748791248514
27,1,0,-1,0.9440619922945136,1.0632062573188485,1.023193568269673,29.75041785822924
27,2,0,-1,1.031861856017312,1.027855260259608,0.9878445135224637,31.833891146384868
27,3,0,-1,1.06788446723921,0.9812719000816968,0.971302365586832,30.133532417876847
27,4,0,-1,1.074320707323248,0.9879209585756696,0.9671712904819565,30.077998958917437
27,5,0,-1,0.9546403729703381,1.0069105545093278,0.9560641096499227,29.302357316263436
27,6,0,-1,0.9660800972345227,1.049202464575637,1.0446357222752511,30.247407995658254
27,7,0,-1,0.9871881415939395,1.0375610785714022,1.0254529582687748,29.884747444521476
27,8,0,-1,1.0670674497823156,0.9384883347368648,0.9630833657950362,29.487203445584882
27,9,0,-1,0.9524364275829713,1.0621781614294543,1.0221502700710494,30.290615351325368
27,10,0,-1,0.921619486769744,1.0619155038060464,0.9198579646575232,29.92669265017352
27,11,0,-1,1.0698491586145047,0.9923567746440866,0.9875158534191354,29.14265391339186
27,12,0,-1,1.0318950943735106,1.0378333868169516,1.0621695839272562,31.20274302883734
27,13,0,-1,1.0331263103243271,0.9757057439706116,0.9278084609606836,30.626901990670806
27,14,0,-1,1.0435674489489228,1.0590759588105985,1.0488751581560845,29.173552389748394
27,15,0,-1,1.0085638444201188,1.124869743149491,0.9895638912487149,30.1643321785438
27,16,0,-1,0.9799137282263805,1.0310671248769312,1.0640324767721712,31.778240958163416
27,17,0,-1,1.0094804476737764,0.9757935304700025,0.9282450551400316,29.518592039726993
27,18,0,-1,0.9527409875221978,1.002165854769155,1.0100956802658108,31.50801383060725
27,19,0,-1,1.1378206868917782,1.0542611480353619,1.0922148982285016,30.655491034946863
27,20,0,-1,0.9632535326432065,0.9931861804615106,0.9446586764500419,30.13646043084873
27,21,0,-1,0.9810879842789214,0.970269663737529,0.9881296067020386,30.672585283838256
27,22,0,-1,0.9612971617468834,0.9205429934006077,1.0488786150631475,30.200698766427468
27,23,0,-1,0.9551047251188162,1.0172420851138677,1.063533748181722,30.321044108886436
27,24,0,-1,0.9693173649306627,0.9528003430936718,1.0850223923015518,29.29486717994519
27,25,0,-1,1.0042556301716234,1.0048901293879604,1.0236747129805706,29.12097865826104
27,26,0,-1,1.0793430810523903,0.9943161020444271,0.9800671933832741,28.79632234004723
27,27,0,-1,0.988505137360204,0.9791763160264177,0.9944437434139831,28.32756197967636
27,28,0,-1,0.954475677236749,1.0176868562650194,0.9799186931112042,29.326820477710967
27,29,0,-1,1.018536762208444,1.0659637128263229,0.9496921260395147,28.83040491098216
27,30,0,-1,1.0742033722193833,1.013523702247016,0.8724484952360966,28.594183390742398
27,31,0,-1,1.0114009831542388,0.9993969705200261,1.0078888389520646,29.797187692645963
27,32,0,-1,1.0192673440681665,1.0386011914233717,1.0777848173278455,29.53391265527372
27,33,0,-1,1.0321486632474053,0.9932414153940289,0.9897378990187815,30.84676661991431
27,34,0,-1,0.9494319558496636,0.9369520095710734,0.9827722020156427,31.304313730053913
27,35,0,-1,1.014024152988023,0.9577462102816717,1.0300018147668335,32.060029853010604
27,36,0,-1,1.0034599981711252,1.0098479655038197,0.9263221437592037,28.724899369577145
27,37,0,-1,1.0685739249383672,0.9545809102954491,1.0486582291571651,30.610342344914244
27,38,0,-1,0.9991958279630268,1.009105719456265,1.0239989834005803,33.25547174085324
27,39,0,-1,1.0425097806361632,0.9553824075388313,0.969351197465087,30.965617725298483
27,40,0,-1,1.1418543180516403,1.0230422068517488,0.9625193384536005,28.861332585323098
27,41,0,-1,1.005672325571693,1.0198791428617662,0.987854945281481,30.41460042777347
27,42,0,-1,1.043775409394491,0.9803064109609643,0.96357317711027,30.153406021015446
27,43,0,-1,1.034980358515112,0.9852539650797659,1.0496452535377883,30.639009816159696
27,44,0,-1,1.0949214585283225,1.0175444098989064,1.0588297451982938,30.26474887530953
27,45,0,-1,0.9598226062374793,1.0399476846542348,0.8982261834086783,31.209372794085795
27,46,0,-1,1.1107752322564095,0.977510802262198,1.0340266981285855,30.071106330842493
27,47,0,-1,1.0377998162352993,0.9691356594647759,0.9645886393279092,31.832860821447625
27,48,0,-1,0.9847194745574676,1.0017045019560231,0.9367299937535026,27.622718704497203
27,49,0,-1,1.0572078714649638,1.0465972631062266,0.963200573667961,30.532192963129464
27,50,0,-1,0.9266064288298311,0.9440389012319587,1.078666664574291,31.436116936917937
27,51,0,-1,1.0276525660846663,0.9366819215088356,0.9691672972278326,30.67325296254484
28,0,0,-1,0.998742106238602,0.9901124262842558,0.9448503819313181,30.50763667586311
28,1,0,-1,1.0248863013966463,0.9119720693605025,1.059546074617495,30.606613065700405
28,2,0,-1,1.0608862778651014,0.9797432214884799,1.0503195894578319,30.072312453783237
28,3,0,-1,1.0381638892264033,1.0611815665847024,0.9891368795951065,29.9086506600454
28,4,0,-1,1.027774846510819,0.8900834581120307,1.0652114594601312,29.896198408724043
28,5,0,-1,1.0209078165773477,1.0185077162313088,1.0543327297743146,30.240447314197645
28,6,0,-1,1.0308251441382055,0.9551636848791735,1.071637029217731,30.094036277481926
28,7,0,-1,0.9833830980896388,0.9581437293900723,0.9852407748825394,29.776208989749378
28,8,0,-1,1.016557047156352,1.0273876830460644,0.9249293538455932,28.62842317610986
28,9,0,-1,1.0405071412316018,0.9844545540236582,1.0365959779373923,31.115472352306185
28,10,0,-1,1.0207362440022825,0.9690859330043173,1.0650451559498901,29.464496705956844
28,11,0,-1,0.9898903641548569,0.9701604735927538,1.0074735855698085,29.706014933727253
28,12,0,-1,1.0774406575386404,0.9869739672422786,0.9548810736009701,30.573332576883047
28,13,0,-1,0.9816363625341575,1.0733053499416565,0.9306705404507191,31.636805354288118
28,14,0,-1,0.9718875421712403,0.9901432673065514,1.0185665513834474,27.94208320131619
28,15,0,-1,1.0007542033112815,0.9894762348891923,1.0412635949870395,29.35165489969312
28,16,0,-1,1.003771687507543,1.0026322979535578,1.048870779870597,28.906613312199465
28,17,0,-1,1.0111683559781788,0.9793762039000853,1.0228064083021025,28.162015859354867
28,18,0,-1,0.9473321202714172,0.9513935924715302,0.9033912473760319,29.540702606668884
28,19,0,-1,0.974375385344749,0.9591729871728786,0.9581307297688841,29.719524067303624
28,20,0,-1,0.9238958986953417,0.9573853356937903,1.051623691407207,29.781984590693618
28,21,0,-1,1.0309134489975,1.049516218504392,0.9471715806591259,29.609684253804545
28,22,0,-1,0.9436878970356322,1.055305084892316,1.0741024605916067,28.158760853426376
28,23,0,-1,0.9660546080275985,1.0029580820049229,0.9885188097367694,30.289846410391508
28,24,0,-1,0.9886909250194521,1.0643815564572732,1.054210659657768,28.31338755778895
28,25,0,-1,0.9662002318600722,0.9680312448478736,1.0801800516191404,30.0405101108884
28,26,0,-1,1.0011524415297497,1.0345192526032112,0.922487319129567,31.417757435397704
28,27,0,-1,1.0615454061254486,1.0942897985248803,1.0587812073770357,29.512401906750195
28,28,0,-1,0.9609361844013988,0.9833037951527944,0.9010124812466418,30.141680080840032
28,29,0,-1,0.9166896215238791,1.027740087873935,1.0406912760323481,30.951750538859056
28,30,0,-1,0.9635322632856733,1.0014225791330524,1.1082655099421046,28.990513859244615
28,31,0,-1,0.9896546972537396,0.9702532942819141,1.0908742232579534,30.80299520749317
28,32,0,-1,1.0257547086925483,0.9816300349388649,0.9924093964652554,30.145862115150287
28,33,0,-1,0.9761824215707103,0.9559825905016265,1.033832827203502,29.778087109295132
28,34,0,-1,0.9352049298633185,0.9640248799677344,1.0045285324856876,29.937064333066225
28,35,0,-1,1.0038611382225402,0.9672985160999105,0.9196570044368155,29.972311268998187
28,36,0,-1,1.0107280161308798,0.9173393649492391,0.8661219877466273,30.926505978967153
28,37,0,-1,1.0472602747832624,0.981479843838106,1.0040560414764088,28.871605964595368
28,38,0,-1,0.9162974750531495,1.0663941627510285,0.9896090581533512,30.4188981997484
28,39,0,-1,0.9480897438154077,1.006770150142698,1.003056087234612,30.312494248076913
28,40,0,-1,1.001797539974311,0.9886569450715397,0.9088834737136088,30.771503343692928
28,41,0,-1,0.9572712773949543,0.9580200240825278,1.099661073899364,30.053133343553785
28,42,0,-1,0.9768349306900616,1.0325032391653923,0.9419736654853269,28.846045237508495
28,43,0,-1,1.0387835445408469,0.998548044002178,1.0517533930761993,29.890422971203787
28,44,0,-1,0.9304702378027638,0.9993767035643192,1.02805291365642,30.325850360926356
28,45,0,-1,0.9690208769858792,0.9593930789906778,1.0651669787369613,28.11541563225562
28,46,0,-1,0.9759209501477942,1.0711550318263459,0.9664284699767874,30.45674375585869
28,47,0,-1,0.9838439102702062,1.0542240637969462,0.9466515312477276,31.19500404490105
28,48,0,-1,0.9979348992678956,1.0319688417138257,1.045477963266437,30.046123713398124
28,49,0,-1,1.0313465022955963,1.0082292315052328,0.9623640500729027,29.949399222947584
28,50,0,-1,0.9456144142326622,1.0098050423059632,0.934598803797352,29.976311660586553
28,51,0,-1,0.977141611281959,0.9939846062869598,1.0056088378343042,29.67403835685072
29,0,0,-1,1.0020495853854428,1.0817768090356874,0.9472575625777987,29.368248485064466
29,1,0,-1,1.0320690976639069,1.0040693831648035,0.9965078996793086,28.551004581830334
29,2,0,-1,1.016932614779117,0.999677291760159,1.035917280503464,28.895583732110797
29,3,0,-1,1.0163050580162931,0.9919828694420313,0.9467296905590822,29.979633817664585
29,4,0,-1,0.9582433946722961,1.071868640600009,0.9707335371085725,30.026699823856863
29,5,0,-1,1.0679066316175323,1.0075079067004136,1.0079564690351939,28.0931173671024
29,6,0,-1,0.9843105563249369,1.00068177714788,1.0073839966606577,28.928326598753067
29,7,0,-1,0.9915276847579414,1.0442700741499995,1.0323227662373606,29.188920579834495
29,8,0,-1,0.9724482032009646,1.0245259242854265,0.9749957927854912,30.29219504000695
29,9,0,-1,0.9080141099598721,0.9773529828512422,0.9675505880809713,30.381323889514448
29,10,0,-1,1.0849588843203564,1.0012792510953832,0.9532717870481878,30.398144150785566
29,11,0,-1,1.0497106153903608,1.0179166979639058,1.005320879097257,29.052979535198837
29,12,0,-1,0.9900432357862342,0.9674477467748981,0.9600492825257767,29.828962414681143
29,13,0,-1,1.0007962086191908,1.0053770812681169,0.8769703235160887,30.16666727765902
29,14,0,-1,1.0143818878971143,1.0093729972615268,0.9321557857600518,30.54542281192509
29,15,0,-1,1.099778721253664,0.9746981303999301,1.0085926678298862,30.029092821815063
29,16,0,-1,0.9918177398958578,1.0035695032867773,0.9941253080354685,31.17688755338724
29,17,0,-1,0.9554002557126586,1.0000010794349585,1.0210573936016176,29.53984590559999
29,18,0,-1,1.018056955279178,1.0084518399379219,0.9180480353827744,30.019843936913603
29,19,0,-1,1.0446663868550066,1.008471078731942,1.019078600241355,30.19963392729253
29,20,0,-1,0.972365611400237,1.027654621157454,0.9137986827374649,31.471889524579325
29,21,0,-1,0.9229516261247424,0.9277305102054871,1.027691951229091,30.429284661004363
29,22,0,-1,1.019485342734634,1.0013633395257746,1.0089054180865311,31.892345651635292
29,23,0,-1,1.059544191261243,1.053225791313741,1.0285169766026951,30.5140646083912
29,24,0,-1,1.010449788513951,0.9815518683715256,0.9527787961504769,30.359533272782393
29,25,0,-1,1.0474634717320197,1.0552211425121805,1.0291089634312973,29.423411781227138
29,26,0,-1,0.9916914514121056,0.9966104130784715,1.0275897824691842,32.351544427359464
29,27,0,-1,0.9627707387939745,0.9493669139316409,1.1656227672779829,30.25641593201915
29,28,0,-1,1.0618900064061196,0.9888617804682078,1.057112561903039,30.621742126726325
29,29,0,-1,0.9970323764545862,1.0618961687400814,0.9812957786412287,30.74693249809742
29,30,0,-1,0.9422184387059164,1.006742624682828,1.0945232659599766,29.655689373927405
29,31,0,-1,0.9757320570879575,1.0097765231951148,0.9496915740594085,29.653652430429833
29,32,0,-1,1.0531999695055212,1.0224556883681455,0.9740075190692449,31.351607368793637
29,33,0,-1,1.0480617622576742,1.032708889320032,1.0110850262514823,28.943520932403526
29,34,0,-1,1.067642119946053,0.9863582154067976,1.042856047636184,29.852981796044165
29,35,0,-1,0.9742190497150643,0.9722996480231847,1.0069283778008162,29.628101675884768
29,36,0,-1,1.006224156843515,0.942335265071397,1.02426795917014,30.578692384976815
29,37,0,-1,0.9814265052291079,0.963637490372562,0.8550795280217243,31.717445704785792
29,38,0,-1,0.9608933958108626,0.988120245893231,0.9710913351819399,31.1930431134409
29,39,0,-1,1.0187715007453833,1.056008641137765,1.0769900805390584,29.29706924922075
29,40,0,-1,0.8932453212379252,1.0132121051551033,0.955764579494805,29.034654917375008
29,41,0,-1,1.0054398346419018,1.0364771818387382,1.114640261692344,28.18130006507472
29,42,0,-1,1.0639843417358077,1.0099697577804976,1.074762196570667,29.103689582159713
29,43,0,-1,1.0123410293748463,0.9915183612772944,0.9590142743823735,30.70715969034017
29,44,0,-1,0.9681772194543655,1.0291942399823153,0.9902884267029127,30.368891371362782
29,45,0,-1,1.0091050200048821,0.9787740073651129,0.9140890290790125,29.17412863228408
29,46,0,-1,1.1031437428984383,0.9865450351743172,0.9345579430973269,29.862062355889464
29,47,0,-1,1.0233842631770393,0.9250609595310406,1.0547279533144067,30.46544466175316
29,48,0,-1,1.0449125715941636,0.9478017827461902,1.0671014185204393,30.747374133592725
29,49,0,-1,0.9930514964133227,0.9927531812696716,0.9454857476600859,29.05764812689526
29,50,0,-1,0.9317102218628375,0.9189174656042651,1.0098890255146975,29.964564978420203
29,51,0,-1,0.9776834940668554,1.0127373281246417,0.9741910600943438,30.532100781842356
30,0,1,32,1.0027603892783774,1.0077317052215173,0.9500453572243042,29.343520034942813
30,1,1,32,1.0326330725409947,0.983004109441488,0.989407677248608,31.17527972536557
30,2,1,32,0.9980453344957586,1.0607616075340058,0.9705325316442013,32.66326778867435
30,3,1,32,1.0381710572635976,1.1173642316689452,0.890399350747936,30.356699747034718
30,4,1,32,0.9447570165861024,0.9354464476226161,0.9762649086189362,27.925713435057364
30,5,1,32,0.9879385001035587,0.9887910532211733,0.8629206099995814,29.93060611517165
30,6,1,32,0.9359426483318611,1.0087243760690594,1.0614796549853514,28.809935834076374
30,7,1,32,0.9951172519743652,1.0118743726981476,0.876829620226542,28.77479672119791
30,8,1,32,1.0304795405153582,1.0383975931579799,0.9692061306105145,31.4111163346506
30,9,1,32,0.9335015703078919,0.9570484056646241,0.9655340815797822,29.978987618141595
30,10,1,32,1.0459124418785246,1.0339997887447,1.0543250460878306,30.642436050289326
30,11,1,32,1.0224498165318907,0.9666326029712158,0.9849287129012422,29.123894723051045
30,12,1,32,1.0401341854440307,1.0074677547353716,1.0950513708205944,29.793507574093237
30,13,1,32,0.9738577317335888,1.0268194527124281,0.9562288117665664,30.09359221302678
30,14,1,32,1.010902506172221,0.9704550325244263,1.0534024638960566,31.363659854979
30,15,1,32,1.023421930235871,1.0194013505302721,0.9750098530132447,30.900221814081316
30,16,1,32,1.0469266569396374,1.0316471754390106,0.9365073632594615,29.100815979497334
30,17,1,32,0.9820359750620679,1.015487799106404,1.0414384393325031,32.06464374891689
30,18,1,32,1.0213373937407584,1.0010546352048122,1.0306087543024542,28.475266520355003
30,19,1,32,1.0029406886674561,0.9728066049029371,1.0080779179843358,30.700001641190436
30,20,1,32,1.0632943796259822,0.987514462973442,0.9239685786099605,28.842463457770897
30,21,1,32,0.9786963578053758,1.0273650302565405,0.9559066804469096,27.86837289883601
30,22,1,32,1.0291095101517012,0.9821702469665985,0.896875012145981,31.03509378345936
30,23,1,32,1.021615574070723,1.0076569831397062,0.938937921349104,29.202412586133654
30,24,1,32,0.9827899047614933,1.0009585705208977,1.1251641316229217,30.175683069615168
30,25,1,32,0.9954162381103981,1.0476885163842524,1.0062897196794125,31.003342539776334
30,26,1,32,0.955384744646566,1.0083815501962097,0.9476503115068207,29.821072104864236
30,27,1,32,0.9911581143025099,1.053924178299222,1.0003518411181762,29.01503844427662
30,28,1,32,0.9609271008722376,1.0144128768796206,0.938869754109161,29.76797066038656
30,29,1,32,1.1234201033319218,1.050745611687797,1.0975130143820384,30.51215674077028
30,30,1,32,0.9984487638379299,1.0499621150917975,0.9733781874793527,30.959200628008315
30,31,1,32,1.0659518248530506,1.0300159799308295,0.9247185857210016,30.186195091445878
30,32,1,32,0.9905350846021119,1.0345118385161616,1.1024585387434112,29.203078820128244
30,33,1,32,0.9125454563140012,0.9838552520451931,0.9903315788186011,26.667688192639112
30,34,1,32,0.8942940313170448,0.8905719265459383,1.0641873957713326,25.94522715892544
30,35,1,32,0.8766280318753155,0.8840348330845228,0.9074019137837239,23.3930614805991
30,36,1,32,0.7723745678484616,0.8026250524106312,0.9636277158468175,21.568687326156926
30,37,1,32,0.8566490466970709,0.8162236805965675,0.9076836758597745,20.106426409804495
30,38,1,32,0.6355496165370006,0.7525861217555209,0.8315287437541162,18.689336119522483
30,39,1,32,0.666310026150936,0.7465320024243159,0.6981124995413649,15.358563361634866
30,40,1,32,0.5710971777028204,0.6906754049166072,0.7925481010121258,13.510745803476276
30,41,1,32,0.5688812804691997,0.5864019954150214,0.7238610340561448,13.2851095655784
30,42,1,32,0.5219373879541307,0.5958785703545091,0.6181415588946106,9.396748307503817
30,43,1,32,0.48354642607675025,0.5944854785555609,0.6998590814830639,8.66746088245867
30,44,1,32,0.3968753987473529,0.5316014606464333,0.5611255446854403,6.779706784056988
30,45,1,32,0.40011772733140827,0.4463986643990703,0.6389628230506533,2.8149765629904655
30,46,1,32,0.3464268361420365,0.5031222112648956,0.5235835297697464,1.5543565647260005
30,47,1,32,0.24111905883881515,0.47441907413609585,0.6220361128243697,0.0
30,48,1,32,0.18091757272610648,0.3436757372976088,0.45885439328409033,0.0
30,49,1,32,0.02242646549720856,0.30959496766581607,0.4876377990854728,0.0
30,50,1,32,0.10935563590658941,0.20145505106756528,0.4650001453753158,0.0
30,51,1,32,0.1368364621977219,0.26077775033991096,0.3578205545362691,0.0
31,0,0,-1,0.9836407649247655,0.9877898943758188,0.9029764861403163,29.835344514196837
31,1,0,-1,0.9483445749330248,0.961785964294026,0.9867709077431386,31.93796286120361
31,2,0,-1,0.8915839666409262,0.9930946303212893,0.9756305711325471,30.439929101542567
31,3,0,-1,1.0181243918080896,0.9981778937931932,0.9558702892487903,30.058128738334233
31,4,0,-1,0.9706318087913332,1.018317242834358,1.0018747583670922,29.27963434126616
31,5,0,-1,0.9670674729965996,1.0685342344109887,1.077770659339297,29.837306561088923
31,6,0,-1,0.9806497934568137,1.0616560463737117,1.1030141831243556,29.610406315655872
31,7,0,-1,1.0087446666216606,1.0715739335779468,0.8920554308420675,30.196366046751756
31,8,0,-1,0.980420233786098,1.0070865910151454,1.0429522877406452,30.455297223745056
31,9,0,-1,0.9785214673892941,0.9589964263908238,1.0335041293760339,29.52218971369973
31,10,0,-1,0.9903040889444713,0.9863635889299021,0.9649568778807833,29.902407482248247
31,11,0,-1,1.01274265652715,1.0125329816531334,0.9322630771246911,29.533564621937845
31,12,0,-1,1.1733364683781002,1.0280937834616801,1.094067779693669,30.204738128523783
31,13,0,-1,1.0117592172377836,0.9402168589382075,0.9841680977012375,30.396898387929227
31,14,0,-1,1.0325309236690532,1.077592028488585,0.9790772389655393,30.23314308917254
31,15,0,-1,0.9670581150542757,0.9535596831082218,1.0741596924908319,30.425869145405887
31,16,0,-1,1.0192959481293067,0.9364882956499923,0.949440410088985,32.03572808716909
31,17,0,-1,0.8945322221476938,0.9943240384830683,0.9594116193598876,29.929876079517634
31,18,0,-1,0.9848579862947705,0.9412482148548262,1.0566849132792817,31.57847016066647
31,19,0,-1,1.009294328760861,0.9275960270478957,1.0142207661199283,30.471465635579197
31,20,0,-1,0.9310695447353873,1.008599818142959,1.0117458210164083,30.38496742472711
31,21,0,-1,0.9679806508654696,1.0255127308067533,0.9371833146300057,29.411291948308822
31,22,0,-1,1.0537401113168476,1.041963035010554,0.9653244304930593,29.01306999086973
31,23,0,-1,0.9966114674393157,1.0051529107847246,1.0164999296077966,31.393502529597825
31,24,0,-1,0.9640759963717009,1.0001200898474143,0.9653931545043183,28.782022446541525
31,25,0,-1,0.950950332916233,0.970864610466821,1.0422836534977422,29.944955257747957
31,26,0,-1,0.9848143263760623,1.0030614091287806,0.9423474815920325,29.506631812462057
31,27,0,-1,1.0222240173497599,0.9626357705088959,1.0165416133321137,29.585817374419054
31,28,0,-1,1.028673295473937,0.9843930268893989,0.9290325082225399,30.045685646160152
31,29,0,-1,0.9897924546021923,1.0395315157804046,0.9702535799936196,31.86062634311297
31,30,0,-1,1.005712466694293,0.9821364569787546,0.9574390082072499,29.586922924244284
31,31,0,-1,1.0678404307584297,0.9750873592967946,0.9864792967301843,28.89126646585212
31,32,0,-1,1.084746086080304,1.0360710831525166,1.1603180531857802,30.369255586388846
31,33,0,-1,0.9743465744099946,1.0057232917627204,0.8975511269417937,28.86886802393034
31,34,0,-1,1.0697315227758568,0.991399235710141,0.9582612251554509,30.33535820983997
31,35,0,-1,1.0590574357731917,1.0543125984344222,1.033772001578524,29.771167951684138
31,36,0,-1,1.0421127565009394,1.0535404310011744,0.9778126478865049,29.578538965670248
31,37,0,-1,1.0019909866139376,1.0540434008200903,1.0725692692122613,29.246736285925156
31,38,0,-1,0.9699391496013222,1.0055154916996853,0.9564764965939385,31.78020280161233
31,39,0,-1,1.0230453337162964,1.022577777187404,0.9433224598226043,31.849141866800142
31,40,0,-1,0.9900589101313798,0.951400635142643,0.9816699329581542,30.15907928237235
31,41,0,-1,0.9881401586329394,0.9551232821943543,1.0217683902576784,30.991998082122446
31,42,0,-1,1.031956986711201,0.959932681373659,0.9599945576085298,30.570320873335696
31,43,0,-1,1.00684599653248,0.9909640693393778,0.9706804620983452,29.71885525344108
31,44,0,-1,0.9957897799406641,1.0080095109165004,1.0040073308739932,31.304613976745586
31,45,0,-1,0.9646201429744469,1.0554133857171237,0.8971130876738511,28.372435113941044
31,46,0,-1,0.9980729035297279,0.9725520070899889,1.0874117910843624,29.279385525008493
31,47,0,-1,0.9901264137065445,1.009679826920828,0.9441367629558282,30.33331776594287
31,48,0,-1,1.0355273742343265,0.9781316433675513,0.9829377610975985,29.62508567847687
31,49,0,-1,0.9238510908803615,1.0555554121334558,1.1016901845867906,30.88139815661962
31,50,0,-1,1.02650560872235,0.9657625261075486,0.9861274227204065,30.00468920377146
31,51,0,-1,1.0208341859102843,1.0452332266331732,0.9993645531503638,30.738977935655274
32,0,1,10,0.9105912515306402,1.073916268379993,0.9129249044007834,29.336574423478
32,1,1,10,1.030199579481368,0.9897998796310737,1.0091356781322525,29.8814722340918
32,2,1,10,1.0260235026277915,1.0269574252230986,1.0383929129728249,30.936192950439715
32,3,1,10,1.0028812791994859,1.035077001993542,0.9326926373096082,31.63244815003632
32,4,1,10,1.0364205079119369,1.0165486637642023,1.101586906780812,30.790730468113647
32,5,1,10,0.999981099985327,1.0180896649845679,0.9357101724187528,31.529616888806316
32,6,1,10,0.9694826246255591,1.0460591891110727,1.022149771675317,30.29021080560175
32,7,1,10,1.026526213518034,0.9988324747104839,1.0477638062021803,28.46580088730829
32,8,1,10,0.9689322427367165,1.0385792339251907,0.9652017083472972,31.73245624480709
32,9,1,10,1.028283312706556,1.0646045817038254,0.9157835569849508,30.290443673981837
32,10,1,10,0.9071634495443378,0.9668513391448881,1.0033200242160807,30.409496301297605
32,11,1,10,0.825123727666405,0.985504056526998,0.9805720722620154,27.91869801721993
32,12,1,10,0.9067984568455069,0.950611023184229,0.9666985263380867,27.696455098833347
32,13,1,10,0.8541983192745288,0.8867372339493861,0.9672589914530976,23.567141577388348
32,14,1,10,0.8669584196752556,0.8279557981967202,0.8147287362532624,20.53799813794663
32,15,1,10,0.8036477162397961,0.8239039863555349,0.9099125801656905,17.397185741442915
32,16,1,10,0.5278172430013021,0.7898993082848977,0.629841323952342,17.030990499359337
32,17,1,10,0.5318085258766039,0.7079167747682087,0.8660807828415493,14.892079917367017
32,18,1,10,0.6882315039361486,0.6223841454748436,0.790267118151276,15.65125792413587
32,19,1,10,0.5905597003972352,0.6572865713341435,0.7008267910503057,10.763862304142828
32,20,1,10,0.5324048366767183,0.5822770394512937,0.6818451057362359,9.400474738131875
32,21,1,10,0.4383386556596845,0.5163452416013704,0.7249162321463729,8.405283907173272
32,22,1,10,0.3925578848108978,0.5310112493389769,0.6096816551032027,4.31082879290939
32,23,1,10,0.2224664283855972,0.48479663781694143,0.631624589258757,4.336212729011821
32,24,1,10,0.29683039286685786,0.40829624715527885,0.587066074004153,2.352051734260095
32,25,1,10,0.32015686853461256,0.36438878699567756,0.49991419299123036,0.0
32,26,1,10,0.18793681055995068,0.3719778270126347,0.4489202288718202,0.0
32,27,1,10,0.18621194146282233,0.34277673692029687,0.47418526611196166,0.0
32,28,1,10,0.1491444820684088,0.29391891992659525,0.5638360225877448,0.0
32,29,1,10,0.04383585852029533,0.23571508504261748,0.40440183165094046,0.0
32,30,1,10,0.03117809075384479,0.22334149654908408,0.46111818235879526,0.0
32,31,1,10,0.0,0.12246653708098841,0.37479108436944525,0.0
32,32,1,10,0.0,0.14908814118683805,0.3202329395342465,0.0
32,33,1,10,0.0,0.0,0.3280458810633597,0.0
32,34,1,10,0.0,0.04847613720362993,0.23220188353559235,0.0
32,35,1,10,0.0,0.0,0.37598663946517824,0.0
32,36,1,10,0.0,0.0,0.23555700839327995,0.0
32,37,1,10,0.0,0.0,0.14353495165741575,0.0
32,38,1,10,0.0,0.0,0.25910009693072056,0.0
32,39,1,10,0.0,0.0,0.01771899990498206,0.0
32,40,1,10,0.0,0.0,0.09681706846488046,0.0
32,41,1,10,0.0,0.0,0.0,0.0
32,42,1,10,0.0,0.0,0.14827205997820747,0.0
32,43,1,10,0.0,0.0,0.1063307150961107,0.0
32,44,1,10,0.0,0.0,0.0,0.0
32,45,1,10,0.0,0.0,0.0,0.0
32,46,1,10,0.0,0.0,0.0,0.0
32,47,1,10,0.0,0.0,0.0,0.0
32,48,1,10,0.0,0.0,0.0043646244154148806,0.0
32,49,1,10,0.0,0.0,0.0,0.0
32,50,1,10,0.0,0.0,0.0,0.0
32,51,1,10,0.0,0.0,0.0,0.0
33,0,1,34,1.077371698091064,1.0141739815572661,0.9855633374131443,28.870501978368665
33,1,1,34,1.0630255510692608,0.9578312203160307,1.0361850465863414,30.19538946100891
33,2,1,34,1.0042240823875968,1.0215581763159292,1.003426745477904,33.06209713965931
33,3,1,34,1.038957747383785,0.9324668740212635,1.1061449785623334,31.141942878521228
33,4,1,34,1.004626451972247,1.0173764050846699,1.0065106181767618,30.163149432676974
33,5,1,34,0.8623197113187255,0.9170125510170011,0.9680130654935922,31.148407545777562
33,6,1,34,0.9351267719277604,1.0533247424144054,1.0241149994440018,31.102985134998708
33,7,1,34,0.9898914202637652,1.019401449513831,1.0689284009520672,29.44790312460687
33,8,1,34,1.026250932104622,1.0929750264663332,1.0228382366794684,30.945145558862375
33,9,1,34,1.0779277743902753,1.0739633387181944,1.0152610457841613,30.986849781838792
33,10,1,34,1.0362918334737234,0.9645215225560411,1.1475559269145514,29.284560432856065
33,11,1,34,1.0295770856139375,1.0183436966313242,0.9721591396752433,29.714002194938992
33,12,1,34,0.9896581233465275,0.9574969191983715,1.051787120007233,30.374876072410256
33,13,1,34,0.945237587210671,0.9980720271123129,1.0175926626309695,29.96091690122481
33,14,1,34,1.001484526445553,0.9845773814120453,0.9966755896785592,30.21731544533523
33,15,1,34,1.0588127020081233,0.9337569733552449,1.026033396948495,29.10878940239916
33,16,1,34,1.0771631406961897,0.9869430714221226,1.0061950567208953,30.23278095145166
33,17,1,34,1.0372278385785134,0.9479461368999557,0.9461841890620425,30.22400402085588
33,18,1,34,0.9065945231703965,1.0575493830546299,0.9315672106285964,29.3785304663461
33,19,1,34,0.9549407476887303,0.9768583787934745,1.1681079570297992,31.326105668886008
33,20,1,34,1.0306145799654503,1.005803258332099,0.9800985405837932,28.94526465396752
33,21,1,34,1.0154274077933505,0.9744226524445952,0.9647992106847285,30.553294468667374
33,22,1,34,0.9956965971586442,1.0107364163636887,0.9978034866255865,31.07984134487925
33,23,1,34,1.0232436641438667,0.9338862971347915,0.9276717730689761,30.366595793876684
33,24,1,34,1.0745665455291333,1.0242478226929144,1.0164949224092912,29.722345400630363
33,25,1,34,1.0240229406546084,1.0149210206774553,0.9310216801570586,30.54395615065202
33,26,1,34,0.962829443284556,0.9725941277428665,1.0458744488907354,28.44160781257432
33,27,1,34,1.0592597972747948,0.949012325393443,0.967524698944448,32.26601507796431
33,28,1,34,0.9978270064828081,0.9602368439176143,1.0041531555963235,29.85219725032676
33,29,1,34,1.0127257652080541,1.0922071846157864,1.0050786246751184,29.55847956503835
33,30,1,34,0.9893056054613082,1.0590501224809898,1.0616228679621125,29.41183634266662
33,31,1,34,1.0177474324258344,0.9176743051727466,1.062314774566124,30.857883234842095
33,32,1,34,0.957736541888907,1.040613402407486,1.0286856850128887,30.212300478497784
33,33,1,34,0.9700642199964425,1.0353690078480362,0.9216145612761313,29.6661746517139
33,34,1,34,1.0225702486232584,0.909706472030256,1.1302866064782258,28.93138551430662
33,35,1,34,0.9459961312390031,0.8714774220040268,0.9557168935456596,28.521217039731493
33,36,1,34,0.9158976639329734,0.8105253929355117,1.0140020104560126,25.446975768442993
33,37,1,34,0.8977510355793312,0.859025620487228,0.9665895230401763,24.291239607099186
33,38,1,34,0.8464481707098922,0.7970997112316531,0.8392835880581094,22.193380142879995
33,39,1,34,0.7298341524467568,0.7915300145822362,0.8309417784968518,20.494741471402367
33,40,1,34,0.6099489492410091,0.7860376124986381,0.8061223190620022,18.968783494322388
33,41,1,34,0.5572744597006987,0.6875923554873594,0.732426394628819,17.689407232757567
33,42,1,34,0.631988424975573,0.7454968870347957,0.8670575575636953,13.309645842804189
33,43,1,34,0.5276965297117651,0.6424080081022159,0.7482169935791488,12.733664996748896
33,44,1,34,0.41070990554932696,0.5833360707953257,0.7759715029947927,10.433572109630894
33,45,1,34,0.4218139741833756,0.5531712936147728,0.6667616675618981,7.316334279910095
33,46,1,34,0.4354158293957465,0.5428031127432453,0.6119363183319606,7.28846684953448
33,47,1,34,0.37361615017645633,0.5031355854895491,0.6926697488157423,4.849144541644703
33,48,1,34,0.36143936408480243,0.409771117926918,0.6266701320589082,1.5731892517467736
33,49,1,34,0.17733964239232636,0.4511164821075885,0.5145482587344091,1.3238423476525207
33,50,1,34,0.1646288334323928,0.2928090479864578,0.5024502338469564,0.0
33,51,1,34,0.06089748593309924,0.3312234553150876,0.5057491541359223,0.0
34,0,0,-1,0.980655268154953,1.0186520513008173,1.0201256628326412,29.57910298852612
34,1,0,-1,1.0370689284111005,1.0049423644379265,1.0734069035925404,29.262885438503798
34,2,0,-1,0.9928940713893649,1.008218216870109,1.0419672682570578,31.152868992118936
34,3,0,-1,1.005005495682768,0.9478954983823141,1.061105555498505,30.342134525908737
34,4,0,-1,1.008223545465059,1.013146951757469,0.9362799971441974,28.975240916795666
34,5,0,-1,1.0486002512843036,0.9621741775292254,1.038116903559385,29.626921268470625
34,6,0,-1,0.9700526928631054,0.9539529876400982,1.0822177872765661,29.348807464517762
34,7,0,-1,1.0750556041127854,0.9970105451354004,0.9473363482937243,28.5764153462965
34,8,0,-1,0.9322687051378826,1.042106001305584,1.0588244099589976,28.71677340521875
34,9,0,-1,1.0445563143660497,1.0148342090809055,1.0998662837890296,30.310798014879744
34,10,0,-1,1.001848591477392,0.976361386087097,1.117715857609151,29.077389698136464
34,11,0,-1,1.007799250525285,1.0136719718136022,1.0076093161781947,29.189298898936464
34,12,0,-1,0.9288909915326544,0.9870504311369235,1.0291559577938638,30.26012690454964
34,13,0,-1,1.0063189845790248,0.9777613145037166,0.9788943239711215,29.106270368349293
34,14,0,-1,0.956587623717958,1.0012812232025117,0.9118762493904378,28.038117264701967
34,15,0,-1,1.0741748718351636,1.0080367899838247,1.0501453326291443,31.391140857829832
34,16,0,-1,1.0897174228275688,1.0537898706287703,1.0301307003635916,28.429766490917935
34,17,0,-1,0.9496277623249463,0.9722518488023383,1.033290092109303,28.619995042383454
34,18,0,-1,1.0177774069053407,1.012738402785602,0.9710627716775196,30.34417489290467
34,19,0,-1,0.9779842882142401,1.0521830277215927,0.876194984104381,30.04511516585786
34,20,0,-1,0.8836908382658961,0.95724931439868,0.9721652983799058,29.64015167633314
34,21,0,-1,0.9903244482149576,0.9720857642919702,0.9339246113190335,31.061112581854832
34,22,0,-1,0.9971975398582583,1.0662196654975555,0.9796454377243958,27.989856218567898
34,23,0,-1,1.0611403731504045,1.0352675052300917,0.9639398539316166,30.68376940152568
34,24,0,-1,1.012390030139431,1.055293580114862,1.0308069532344635,29.507067023076928
34,25,0,-1,1.0007522056289286,0.9402748071046938,1.0212587659863877,28.076797193659022
34,26,0,-1,1.0048144219332784,0.972436956674959,1.0453881033192802,30.050305134716425
34,27,0,-1,0.9563494366398684,0.9532875737234775,0.9867562595684419,30.6065251359355
34,28,0,-1,1.0358010445122197,1.0054997735392193,1.0050260187186073,28.849491475898684
34,29,0,-1,1.0595942087138206,0.9569195524296068,0.9315880616512805,29.05377746855672
34,30,0,-1,1.0244537192147318,0.9633924034441722,1.0922869274995022,30.58933410901178
34,31,0,-1,1.0551836897019125,1.0063463159288064,0.9179820225619033,30.49982116084055
34,32,0,-1,1.0541471308122488,0.9960312482043704,1.070889426171591,29.6969449477825
34,33,0,-1,1.0343946064261484,0.9856599383647716,0.9616345660407725,30.83362250379351
34,34,0,-1,0.9834392544557061,1.02684480542172,0.9301543284199537,28.75440971794935
34,35,0,-1,0.9315732788578703,0.9355839970257631,0.9397768643879572,30.378713656984402
34,36,0,-1,1.0469101042790814,1.014412360330815,0.9971155893381315,29.13075539044162
34,37,0,-1,0.9529725836274522,1.0090128671033765,1.088901403592449,29.22156912572991
34,38,0,-1,1.0274230474667163,0.9115064322462656,1.0124231667124222,30.25653408515886
34,39,0,-1,0.9447813332359464,1.0172402853844291,0.9652686885894795,28.572236888573997
34,40,0,-1,1.0032637475313133,1.0137217327314312,0.9611866442500988,29.97844124369588
34,41,0,-1,0.9811999966854996,1.0371252082870652,0.9708484048366203,29.267243593568995
34,42,0,-1,0.9122039917593885,1.0255900760241736,1.0884649703306528,27.99746157077538
34,43,0,-1,1.0077721009616876,1.0427089806951757,1.0576113132750389,29.574797043435346
34,44,0,-1,1.1051344897099276,1.0026245382198027,0.9590952115005087,31.357742394791913
34,45,0,-1,0.9863847035934266,0.9599628848713779,1.0045891847466906,29.645706204410757
34,46,0,-1,1.0135965236065403,1.0612753723940707,0.9102489907421596,28.68135770702826
34,47,0,-1,1.0010249713028505,0.9891950148478527,1.0329528297191208,29.668659737111852
34,48,0,-1,0.9771415568651726,1.0397950890478764,0.9677551480144502,30.236652492564726
34,49,0,-1,0.9558951697766266,0.978589748536729,0.9775618751042555,31.560030576756603
34,50,0,-1,0.987967163594266,0.991492604104483,1.0063089862556522,29.365972057058432
34,51,0,-1,0.9970877699247824,1.06963485479753,1.0269085600899377,30.568584518714314
35,0,0,-1,1.0298456053265264,0.9777462926410113,1.0387820205186657,28.361901772845833
35,1,0,-1,0.98755902286054,1.080486198578125,0.9931899084296609,30.052446927349678
35,2,0,-1,0.9729820099475499,0.9683819618470227,1.1246425643086784,30.505460854477146
35,3,0,-1,0.9774955527244568,0.974843812730187,1.0036933350315145,30.642823100930773
35,4,0,-1,1.0008297440555238,0.947675388513349,0.8632626045261707,29.908485631221424
35,5,0,-1,0.9613378140408961,1.0373535861024206,0.9649528232087988,29.984696455302906
35,6,0,-1,0.9510558051404916,1.0197879061207684,1.017584395602355,31.153089065265995
35,7,0,-1,1.0387201714975147,1.0433025375170186,0.9412513467738481,29.566069398719467
35,8,0,-1,1.0164561802798509,1.0078149707425659,0.983482656673152,32.21746807736618
35,9,0,-1,1.0948055843880846,1.0450255432442757,0.9809294877569499,31.4150780082616
35,10,0,-1,1.0380320874375317,1.016013519341748,0.9884828884166733,31.541715866006836
35,11,0,-1,0.9779479623004879,1.0629632444858792,0.9256218404475407,29.61205031291875
35,12,0,-1,0.9989505604054585,0.9442289637260352,0.9286327168402078,30.804957997659574
35,13,0,-1,1.0026794761328113,1.0163457053092064,1.0473749243396275,29.98017223682834
35,14,0,-1,0.9882308058001714,1.0590797637464873,1.0081553764499467,29.866445351272333
35,15,0,-1,0.9462369357771925,1.0322462843172806,1.0415323185521812,30.079710171237885
35,16,0,-1,1.0199581669503088,0.995800578998327,1.012326821231757,30.384865990195063
35,17,0,-1,1.0374796257601682,0.9952023358472327,1.0899325536325835,29.374892306550525
35,18,0,-1,0.9777550048391285,0.9600062895461525,1.0121532743444164,29.72507904075165
35,19,0,-1,1.0638283774763155,0.9611516503697047,1.0192479312495129,29.416579091108368
35,20,0,-1,1.0162749154723392,0.9506911202222595,1.046009900213296,29.071281503063375
35,21,0,-1,0.974681348428929,0.9741468737781683,1.0675388157058312,27.693369960551593
35,22,0,-1,1.002339692765558,0.9327333288594785,0.9468146233213806,28.98847244030748
35,23,0,-1,1.0313273329517805,1.0115179310659694,0.9923423695319477,30.133844430056428
35,24,0,-1,0.9623994044366823,0.9525795767632868,1.0588421801234953,28.38200104331589
35,25,0,-1,1.0067869144384145,1.0463282191161631,0.948519281498909,29.00006984919684
35,26,0,-1,1.0229208799889644,0.9399697941681292,1.018650669840933,30.60721586130663
35,27,0,-1,0.9105487580462286,0.9609901670454286,0.9154164398045961,30.24959561298789
35,28,0,-1,1.057889113860158,1.0494866379710994,1.0801560451003704,29.72558461188645
35,29,0,-1,1.0125683028385484,0.9816167149622894,1.1657261603921347,31.403009214873414
35,30,0,-1,1.042467338777771,0.9581146580948694,0.9319194780120186,28.50364356808849
35,31,0,-1,1.0100324074415774,0.9902485822659614,0.9765322216616555,29.32418103641647
35,32,0,-1,0.9596066300503371,1.0308785656599226,1.008767089464439,29.817335111815282
35,33,0,-1,1.0050012633514196,0.9815661228201364,1.0113122722136614,31.980029013423287
35,34,0,-1,0.9935012973787296,0.982173870261858,1.0205830134595522,29.844001781713235
35,35,0,-1,1.0293395001175802,1.0284242779898494,0.9289762501633567,29.05778038401515
35,36,0,-1,1.1060024283138357,1.013080767415583,1.0191288392012758,29.7362298786329
35,37,0,-1,1.0528110590447881,0.976908802616976,0.9298241740302494,30.67618760515508
35,38,0,-1,1.0437360570622696,1.0261901726290363,0.9049718072965263,29.060533478827395
35,39,0,-1,1.0029710407447268,1.089366794279352,0.9634250592532463,31.113465650417183
35,40,0,-1,1.0221267690847706,0.9992663702813495,0.9539910671146173,30.52373850787328
35,41,0,-1,1.0247454154761588,0.9779374721199832,1.046190992906054,30.120587424695117
35,42,0,-1,0.9862714006798777,0.9622985917991022,0.9193944302618087,30.496696450787667
35,43,0,-1,1.0392964760108439,1.040974991704508,0.9563040307383804,28.833354616826846
35,44,0,-1,1.072431605789472,1.0193756317169842,1.0430500506403677,30.678761502948095
35,45,0,-1,0.9692120839531687,1.018114180422918,1.0410356086545383,28.791271241453273
35,46,0,-1,0.933491658889102,1.0233928923015427,0.9252116729485952,31.53137644988922
35,47,0,-1,0.859003009889052,1.0018607959503811,0.9983238323604223,31.170908170796608
35,48,0,-1,0.9897747847229498,1.006368784841204,0.9891872687622818,31.265873660439507
35,49,0,-1,1.009675798081138,1.03653221564738,1.1054784604168988,32.271725457218196
35,50,0,-1,0.9223028104467583,1.026094896689482,0.9904136834842555,31.24128980803207
35,51,0,-1,0.9580623352793382,1.0033248407418403,1.0257372703432557,28.912956771484378
36,0,1,34,0.9317468444050749,1.040543103541822,1.0412320043326704,28.918829983353376
36,1,1,34,1.0119336151782958,1.0151125245188697,0.9109256527049803,30.226771638639832
36,2,1,34,1.036357147674124,1.0462478369542112,0.9468546339641114,30.63403855529053
36,3,1,34,0.990357009192751,0.9884399740453682,1.0388517869513185,30.409038301963736
36,4,1,34,1.0411605562310469,0.979665407678146,0.8922535468456179,30.455383934821732
36,5,1,34,0.9356132931025644,0.9518214974341697,0.9788669243561198,31.49582824742364
36,6,1,34,1.064674568927806,0.9693099056162003,1.0551881166837487,29.440160918522277
36,7,1,34,1.0207617834058993,1.0134169519269687,1.0571065758458273,29.977772630875684
36,8,1,34,1.0087686832723657,1.0277077175690184,0.9974748938574174,30.99687722624421
36,9,1,34,0.8588047500738746,0.929393703308504,0.9490418101982662,30.046591282798346
36,10,1,34,0.9879612606777292,0.9863278291241249,0.9520091785989753,30.735846530955243
36,11,1,34,0.979177359642921,0.9506045705637001,0.945618820120193,28.57200255017751
36,12,1,34,1.0513819162175695,0.9659165220845619,0.9474892934322803,31.264570269586585
36,13,1,34,0.9183336809358549,1.006046259918437,0.9616831992065182,30.986248954231733
36,14,1,34,0.9903849099008544,1.0559749407959678,0.9740063641330821,29.72741307644753
36,15,1,34,0.9637073912945158,1.000861142003987,0.9358929166543113,29.377927710413086
36,16,1,34,1.049638618703979,0.9653549475800727,1.004413738243002,28.962007743654883
36,17,1,34,1.0163122447634594,0.990991850813127,1.011611812056335,28.52910452220114
36,18,1,34,1.0586465888026637,1.0239597052446159,1.0137261799739266,28.303769400430113
36,19,1,34,1.052601421646877,1.0056198369371767,0.9618145326573825,29.924865246591832
36,20,1,34,0.9824667833774631,0.9322578296660782,1.0543406316202715,30.14538558673771
36,21,1,34,0.9590611029868703,1.0394237707478455,1.083314662886193,29.168120524323825
36,22,1,34,1.0093842106747686,0.9668546870063358,0.9767684673461972,32.32255342842981
36,23,1,34,1.0061823911459413,0.9825942932343164,0.9603774254045147,29.873949442649465
36,24,1,34,0.9787232047442984,0.9894183586262824,1.0677091984797182,31.306284460976784
36,25,1,34,1.0118737703160197,0.9453768296056646,0.9549667209587775,31.07334922379371
36,26,1,34,1.0463184261056973,0.9405972451906629,1.0011838568083107,29.739694214236213
36,27,1,34,1.0010354095035068,0.9164691949941685,0.9927079793524146,27.728508342845696
36,28,1,34,1.011225585016103,1.0316750976937834,1.0275765724922303,29.168501209585777
36,29,1,34,1.0775064501768414,0.9399809001264806,0.9513511449458488,30.59843213777424
36,30,1,34,0.9684737701217205,0.9834635517211934,1.046371807127935,30.383523351435517
36,31,1,34,0.9532070710912522,1.015273771021801,1.050372113536133,30.04070433410718
36,32,1,34,1.1174849123879969,0.9374000416077226,1.081273282874237,28.6360680603836
36,33,1,34,0.989745836742446,0.934810264959092,1.0669469003947274,28.668144825824175
36,34,1,34,0.9968876443570248,1.0464217998648455,0.9725206342628286,30.435244899920825
36,35,1,34,0.8852290404257154,0.9131148910252849,0.8541115021611179,28.702441120699554
36,36,1,34,0.8676086903157026,0.9437398892609179,0.8648125606922388,24.734703517380098
36,37,1,34,0.8420983853834533,0.8813806713790043,0.896464251592018,24.487440942176995
36,38,1,34,0.7425262489579973,0.8284165505524803,0.9702805256784661,21.777365473095646
36,39,1,34,0.730639481205928,0.7693262367013431,0.7574957669963809,20.26743901058849
36,40,1,34,0.6364294921430247,0.7736910198182982,0.7802704536948335,17.31802558885556
36,41,1,34,0.5948151008402367,0.6986223122622808,0.8307864522994285,18.8212922266985
36,42,1,34,0.5791990252938298,0.7309158001035942,0.7739121107964091,14.61735785720144
36,43,1,34,0.5617203603646777,0.6436241707485872,0.7023252334602441,12.889296687269184
36,44,1,34,0.44680698937066354,0.6059095671368893,0.5596247480104598,11.503354159610492
36,45,1,34,0.4437852665729077,0.5643810612550433,0.6169302810044318,7.515675352972122
36,46,1,34,0.4834247759057899,0.559744753428556,0.7324364193808008,6.637366512502995
36,47,1,34,0.2717489748255941,0.5474014639822284,0.6232648354147835,3.470784762148741
36,48,1,34,0.2757378929874858,0.43382491616519214,0.601802612673928,2.0555926166888474
36,49,1,34,0.31266138822367623,0.39499256093300833,0.5060422402183703,0.4598451621784348
36,50,1,34,0.13569501078325497,0.26681971796630266,0.40073171497215127,0.0
36,51,1,34,0.16099761436427662,0.2066521206052515,0.4477104984537612,0.0
37,0,1,32,0.9130941243339055,1.031193727587382,0.9956293875973649,31.966706527434898
37,1,1,32,0.9651635923234482,1.0122981438729894,1.0547716758910386,29.338231794650966
37,2,1,32,1.034358599762259,1.0003779524617784,1.048524367999505,32.06279928971948
37,3,1,32,0.9661700111606453,1.012598412393247,1.0237579900084197,29.97138052370464
37,4,1,32,1.0243487220521046,1.0391137086744753,1.0316072747061218,30.11123550079519
37,5,1,32,1.0891180161068794,0.956434754352302,0.9968456970609781,30.50795288705906
37,6,1,32,0.9830073881592493,1.0098814716797424,0.9128936530459838,30.80260892603243
37,7,1,32,1.0100990434587898,0.9523961482646658,0.854776831660009,30.20849101050667
37,8,1,32,1.0306081426167273,0.9612333096538467,1.0493327878314247,29.88856259963359
37,9,1,32,0.9057710354711254,1.0058534962302734,1.1380584502289546,30.279766787261444
37,10,1,32,1.0498186439190456,0.973553512457844,0.8606569174450123,29.905754432244084
37,11,1,32,0.9829191401785786,1.0449059117376847,1.07191648841522,29.71674963926581
37,12,1,32,0.9744713488558093,1.0278983672709956,0.95099439808967,28.488887391330675
37,13,1,32,0.994208241456986,0.9614314854591458,1.044127201537155,29.752557589329218
37,14,1,32,1.0462009983494442,0.9518399652355933,0.9915966947424257,28.459340247114152
37,15,1,32,1.0302643845413815,1.0140832314808983,0.9116796812078746,30.426382079596262
37,16,1,32,1.0140979963959849,1.030282963117629,0.9830799341340364,29.125683820414608
37,17,1,32,1.1336233815020602,0.9548348287967721,0.9624059906652563,31.18713014934616
37,18,1,32,1.0339881540099092,1.0026813666109267,1.0453040849225332,29.86242088721137
37,19,1,32,1.0299862573862602,1.030094814584855,1.0859183750052535,30.645242143096674
37,20,1,32,1.0554018592644812,1.0386096244003076,0.9293483188970382,32.18091517129844
37,21,1,32,1.0132676754378414,0.9703290548771892,1.0560382439418365,29.809512576197
37,22,1,32,1.0353716577581822,0.9671491422733245,0.912465643416326,28.901481411789355
37,23,1,32,1.0414635675410426,1.0249485449442395,0.9523640650096243,29.39213482383219
37,24,1,32,1.0462881018116812,0.977909798607656,0.9978208007865547,30.397381034057485
37,25,1,32,0.9986987161172155,1.0009869206264803,0.9917767218160403,28.792813976937897
37,26,1,32,0.9793904839483575,1.0051679828202118,0.9961577318166203,29.245024712653922
37,27,1,32,0.9744938539888687,0.9851662885617756,1.0096238129688764,31.6823911866537
37,28,1,32,0.9957361098758312,1.029404110469723,1.0051036499282031,30.556303925248653
37,29,1,32,1.0148644819029051,0.945820058742135,0.9281500275823531,30.53047449379792
37,30,1,32,1.0596974550169358,1.0406873891855168,0.9920330973262564,30.857203893164275
37,31,1,32,1.1294010041178337,1.038801725273118,1.0288810047897647,30.245748052006356
37,32,1,32,0.9562078408528654,1.0269326268692396,0.9996974286879347,31.09680282773184
37,33,1,32,0.9519320379812037,0.9632908515235018,0.9439462848879546,26.945241471011247
37,34,1,32,0.9357040628521239,0.9247848271095638,0.9654990708167204,26.974971067281484
37,35,1,32,0.8295167199346223,0.9074375517658243,0.9334314428453314,23.11101159826724
37,36,1,32,0.9272956739849034,0.8662684779424887,0.8823533048211514,22.402903621483134
37,37,1,32,0.7614288454830841,0.8530914068602165,0.8662878409738023,18.767049243455865
37,38,1,32,0.7161924143876055,0.765147678642187,0.8465550710610203,17.429031290815846
37,39,1,32,0.669831497803114,0.7440317055043458,0.7569435924622157,14.875762689334803
37,40,1,32,0.5849294624203242,0.696864646944434,0.7278882315462749,13.814895410564779
37,41,1,32,0.6237713240793318,0.6381289520700599,0.7730232396971778,12.865655031457655
37,42,1,32,0.5433644398128868,0.5658292194053831,0.6207857126330494,9.76834048422063
37,43,1,32,0.4576103974854952,0.643173640627507,0.5245500754569302,7.385407198708561
37,44,1,32,0.31838233848165925,0.4934390071451563,0.7000353237849463,6.154029116108298
37,45,1,32,0.34323472108610104,0.5484738826884432,0.6683502012153547,3.321521675439927
37,46,1,32,0.23639762957770777,0.401728928690705,0.601185341481796,1.883565987738761
37,47,1,32,0.19057940090937933,0.44756662231408967,0.587280797474301,0.0
37,48,1,32,0.1707268158318425,0.25864129613528786,0.4869414232789304,0.0
37,49,1,32,0.12148242873102102,0.2819833382345329,0.4667134058196499,0.0
37,50,1,32,0.06652829441514262,0.28130223701743745,0.4421526268435736,0.0
37,51,1,32,0.07726324484406583,0.2708694633535188,0.44601513668795456,0.0
38,0,1,14,0.9667958524315721,1.0305935410562672,0.927145139250623,28.277297088786984
38,1,1,14,1.1007554068519532,0.9910041675278138,1.0479552513050616,29.219565788116046
38,2,1,14,1.009830603096264,1.083721896096354,0.9219665057130101,29.60182843385324
38,3,1,14,0.9905426771300376,1.079357075814563,0.9852244787707625,30.31966716180643
38,4,1,14,0.9215048404967885,0.9915186428237289,1.0165547958017351,31.283027734850133
38,5,1,14,0.9560308858990488,1.0319147007667897,0.8969632920663081,29.600216063305115
38,6,1,14,0.9941100007799981,1.0510835740110924,0.9108759173696591,30.20556752978052
38,7,1,14,0.9728290606385992,1.0315594218554378,0.9266229131000988,30.918299833112275
38,8,1,14,0.9376629819664963,1.0240394842036626,0.9463448722926737,28.905878246607344
38,9,1,14,0.9029526859945961,0.9311170748624037,1.0612102643480272,30.32798955951533
38,10,1,14,0.9963407681250696,1.0329077419739177,0.839963384714859,31.024532685250538
38,11,1,14,0.9646285320930186,1.02103217219248,0.9803527154416053,30.65303896227222
38,12,1,14,1.0954679202104787,0.9669410307030897,1.0372305315803494,30.745573140615427
38,13,1,14,1.0090794729226347,1.0864200128690686,0.998251918328922,30.96904128169648
38,14,1,14,1.0197346944378627,0.9750315258507868,1.017079493605522,30.541665484154397
38,15,1,14,0.873975992258142,0.960465281389563,1.0139522740162112,27.61786341228041
38,16,1,14,0.8682796861728571,0.9157761685016456,0.8793426610293369,25.869800640719113
38,17,1,14,0.8347273270959817,0.9585331757871839,0.9460504360264335,24.09140776833917
38,18,1,14,0.7714053197218171,0.8414903253318785,0.8247782639624137,23.12106814117846
38,19,1,14,0.7321932191253792,0.8084267583848702,0.8819751432034469,21.162745940428135
38,20,1,14,0.7776784791851807,0.7302494172769859,0.9193527130117429,17.769991974317364
38,21,1,14,0.6772769891465316,0.7635815384909954,0.8222204168141679,17.391187622322807
38,22,1,14,0.5850383130488136,0.6485218279423637,0.5663608910237894,14.602668539083266
38,23,1,14,0.589334884621497,0.650227109946814,0.8146214570357284,11.971524234892993
38,24,1,14,0.5336353526639208,0.6002612056575924,0.7612299198205658,11.031057155681683
38,25,1,14,0.4353594823218352,0.5317178249505735,0.580147907157714,6.0856019771148295
38,26,1,14,0.4270574206065978,0.5671180988055318,0.6629339357270472,4.838438531762106
38,27,1,14,0.316243265340726,0.5348944822984487,0.6703979443993903,3.809680465065814
38,28,1,14,0.32136974490012865,0.42787858491370667,0.5109978315234611,2.5474295770330047
38,29,1,14,0.2879619808493362,0.393182023912182,0.5275635133957874,1.4682613609212765
38,30,1,14,0.32633038050774466,0.348471879287878,0.5227271875579647,0.0
38,31,1,14,0.1103650340734195,0.33732335833542426,0.5721175287109516,0.0
38,32,1,14,0.11519652608064583,0.2625002778949045,0.4095316277085764,0.0
38,33,1,14,0.08862338082124191,0.192509189850777,0.44355745011662334,0.0
38,34,1,14,0.0,0.27714737898583264,0.3831988372011454,0.0
38,35,1,14,0.0,0.1147222756146787,0.37279748886628283,0.0
38,36,1,14,0.0,0.2217331452849694,0.2434583531289125,0.0
38,37,1,14,0.0,0.029576606741990058,0.3248528556196126,0.0
38,38,1,14,0.0,0.07171100288902539,0.19046876132885,0.0
38,39,1,14,0.0,0.0,0.2976926600000611,0.0
38,40,1,14,0.0,0.0,0.1188665720924217,0.0
38,41,1,14,0.0,0.0,0.1635943362998525,0.0
38,42,1,14,0.0,0.0,0.0713277138731618,0.0
38,43,1,14,0.0,0.0,0.13222479980011698,0.0
38,44,1,14,0.0,0.0,0.0,0.0
38,45,1,14,0.0,0.0,0.14886818468074847,0.0
38,46,1,14,0.0,0.0,0.11330264571955567,0.0
38,47,1,14,0.0,0.0,0.02367701382853677,0.0
38,48,1,14,0.0,0.0,0.058946220308688374,0.0
38,49,1,14,0.0,0.0,0.007945437347289953,0.0
38,50,1,14,0.0,0.0,0.0,0.0
38,51,1,14,0.0,0.0,0.043765520462989066,0.0
39,0,0,-1,0.968035694246599,0.9942339438721328,0.9903045433144669,30.330868167246738
39,1,0,-1,0.9815415950348482,0.9892520655866008,1.1643521351172863,31.306578265169758
39,2,0,-1,1.1033491870693848,1.0298881046198796,1.0193588402728446,29.848967821019716
39,3,0,-1,1.0056882071143576,0.9486897791788009,0.9950888383343872,28.2509243522147
39,4,0,-1,0.9663649507273347,1.0353145253486238,0.9372667738018695,29.466997380422185
39,5,0,-1,0.9329555038766943,1.0058693088783786,1.0042432296414348,29.940086646644186
39,6,0,-1,1.0507573080010295,0.944306021941413,0.9564223782743841,30.845534189504605
39,7,0,-1,1.0012754805201338,0.9852002386321391,1.012116726256164,29.628203136571216
39,8,0,-1,1.0274790674203136,0.9954063626802468,1.0112590681310478,29.27255953135672
39,9,0,-1,1.017511359978011,0.985589929412546,0.9869621424834422,29.487724562346642
39,10,0,-1,1.0055603600945882,0.9897072876243325,0.9352672882112915,30.790043654442346
39,11,0,-1,1.008103438195762,1.0061952050717315,1.105399383635943,30.089949595431847
39,12,0,-1,0.9041767680777761,1.0213392622821267,0.9100661348943726,29.19304090785184
39,13,0,-1,0.9362652008308784,0.9175712026742331,1.1099985531584644,30.37940713990131
39,14,0,-1,0.9500769329233022,0.9395265353707608,1.0488763689186467,30.17983640140599
39,15,0,-1,1.0067849304518321,1.0090535859450391,0.9555190567070597,29.298058733272196
39,16,0,-1,1.0084725415444213,0.9692675746833234,0.9890397065641245,30.576667384547925
39,17,0,-1,0.9164434705823075,1.0389657812904833,0.9750794425304251,30.567799133939527
39,18,0,-1,0.9395089093172897,1.0015299175455932,0.9974338416301343,28.80045640464347
39,19,0,-1,1.0008394081869987,0.9734675748920149,0.9869022221217135,29.476006514108025
39,20,0,-1,1.0511465095203751,1.097517150729041,1.0664019735077856,29.804307823428196
39,21,0,-1,1.0533784569348286,0.9695271958637395,0.9847643323457284,28.83486257846021
39,22,0,-1,0.9589523230890373,0.9997541469584629,1.035717083252217,30.59198652616853
39,23,0,-1,0.9575537251375984,1.0712894607090868,0.9822191926797383,30.83212780197878
39,24,0,-1,1.0619113898628734,0.9249568933366982,0.9798616608678204,31.302382336422014
39,25,0,-1,0.9485929422378909,0.9889767778679177,0.9880765686218774,30.077135151610577
39,26,0,-1,1.0400418621242637,0.9849335043190512,1.044255864656735,31.296467580516726
39,27,0,-1,1.0121257758266475,1.0419009715194232,0.8614512818439503,31.548946188176707
39,28,0,-1,1.0614491195052134,1.0346748704744837,1.0062317863725423,30.967223619040848
39,29,0,-1,0.9791067938658964,1.0706777344391338,1.0339054241206926,28.72225093131684
39,30,0,-1,1.0272254594891899,0.9897586943396497,1.091946455162924,29.626381644759313
39,31,0,-1,1.0033779151146842,1.0115820885422933,0.9511752655225396,31.489992504552728
39,32,0,-1,0.9344955818564948,1.0173400754116373,1.05140708523748,31.4001083119317
39,33,0,-1,1.0269677378782078,0.9622312130899199,0.9221501459398087,29.157620709987487
39,34,0,-1,0.9695056218562229,0.969718558968747,1.0495878881167984,31.549219166877545
39,35,0,-1,0.9105252034538739,0.9840931331340591,1.0406216167832725,29.341371571991697
39,36,0,-1,1.0303084185712774,1.0214421998836412,0.9357230608422664,29.479689931864296
39,37,0,-1,1.0025483759485392,1.0360542705964562,0.9632059783501388,29.365526893916353
39,38,0,-1,1.0038955531235896,0.9672164309984216,0.9686095308139355,29.3118438191332
39,39,0,-1,1.0706634628771694,1.043937565838644,0.9746667774892974,29.805171834594674
39,40,0,-1,1.0290243640078263,1.0475834294676287,0.8794711592481529,30.182777767527885
39,41,0,-1,0.996803456048227,1.0402108069731213,0.9024235222277414,30.119619727132065
39,42,0,-1,0.9067662316203996,0.9858627179694991,1.042377756315734,30.090977257238613
39,43,0,-1,0.9934430679284949,1.015076178288854,1.0141540676015854,30.386802632528973
39,44,0,-1,0.9639715834389311,0.968565940850813,0.9855175086391311,28.891832709035622
39,45,0,-1,1.014777442007618,1.0441669811695202,1.0794823531912845,30.66671311473534
39,46,0,-1,1.0184407188065396,0.9858051664591584,0.91056636155063,28.434194904476378
39,47,0,-1,1.0467085234522313,0.9551774641693904,0.9365908011627206,29.897804491524287
39,48,0,-1,0.9613260069949999,1.0366416159480272,1.0466878808278772,31.44976253896639
39,49,0,-1,1.0166505061132542,0.8885964790168872,1.0364764130484296,30.11548916147421
39,50,0,-1,0.985959548750647,0.9900018087853644,0.9594089301536719,30.04225301368977
39,51,0,-1,1.0057692577182435,0.9849125550867716,1.0202392511429885,30.390033196166346
40,0,1,21,1.0061552202538508,1.0367513795569745,0.9837389680338615,29.566085743411058
40,1,1,21,1.0531531142557065,1.038108021770433,0.9714234592439277,30.4767072302341
40,2,1,21,1.088278395794998,1.0157608062392613,1.0820954208952736,31.224393638794787
40,3,1,21,1.0081286490961814,0.9464266344637318,1.099216935449967,30.409801901004982
40,4,1,21,0.9705962930083125,1.02966617743075,0.9713389824786788,32.0790275180033
40,5,1,21,0.9920416364508257,0.9632187766945189,1.0792547553297744,30.526545098969773
40,6,1,21,0.995036302766318,0.9822653941320981,1.0269180269153406,29.35119116866853
40,7,1,21,1.0169705400618523,1.0252483964355503,1.074900844150632,31.24738067455696
40,8,1,21,1.0410978873897834,0.9808482334261077,0.9871797701505873,31.974020666973257
40,9,1,21,1.037873438716986,0.9958892026195368,0.9620704605037486,28.658688756926626
40,10,1,21,1.0627612968224127,1.0290106255595595,1.0255032421813635,28.101862731514792
40,11,1,21,1.0285106990447697,0.9966888863769185,1.037223766273982,28.43307510619037
40,12,1,21,0.8955635488148046,0.9976338649721742,1.0205069444080248,29.77354197861249
40,13,1,21,0.9722749250474052,1.026843754006118,0.908600915272334,29.554986574403436
40,14,1,21,0.9568334448638043,1.0117617899090319,1.0501896519025813,28.469209693874852
40,15,1,21,1.0475701453056234,1.0175513166163257,1.0202467213998652,31.18724245184389
40,16,1,21,1.006853761521063,0.9607116903662861,0.9894556412686614,30.62490396205884
40,17,1,21,0.9775781641428174,1.0403277058319091,1.1091680566223543,29.86498859404624
40,18,1,21,0.9923307645580851,0.9310521391650219,0.971987572488554,31.950505148951738
40,19,1,21,0.9303214355007222,0.9341926724448831,1.0214569606253017,28.33616932128933
40,20,1,21,1.029196452146711,0.9912518488504471,0.9784778437514683,28.14226987083411
40,21,1,21,1.0728123412229276,0.9748552515299749,1.1333151209993308,29.51259111759329
40,22,1,21,0.998908535664419,0.9894287681518673,0.831795054007402,28.876059067266556
40,23,1,21,0.8551613135617027,0.898867004719162,0.9193749671779672,25.910122978438725
40,24,1,21,0.8309402785333655,0.842159014866509,0.8207927937692931,24.901343803233342
40,25,1,21,0.756991265800139,0.81885840591027,0.9467599024463746,23.65017201737259
40,26,1,21,0.6833555970259216,0.8074517357220525,0.834812800372647,20.26567224409927
40,27,1,21,0.7557459990346713,0.8289938515418503,0.8350423568121783,18.261026630794074
40,28,1,21,0.7283739524629289,0.7527502345431042,0.6745914457788663,16.61770154210581
40,29,1,21,0.6185363130779119,0.7037425809207462,0.7794679694861721,14.487494482687339
40,30,1,21,0.47136696822138097,0.6393219654381351,0.7969013350446875,13.24398439327514
40,31,1,21,0.4436575728879998,0.6013090619050606,0.7056513386232129,9.730237044493984
40,32,1,21,0.5223011150460755,0.6094821016685695,0.6547420230986489,10.161179139663098
40,33,1,21,0.4773545738548508,0.5078899253045616,0.6298660982255723,6.196600780644911
40,34,1,21,0.39637996382527463,0.5196704625478106,0.7058784633747017,4.400797884556568
40,35,1,21,0.26267781774890997,0.43091199470944364,0.5376162005890911,1.9302494878498677
40,36,1,21,0.2842956289302361,0.4166712804400229,0.5858668775355509,0.5594647540804191
40,37,1,21,0.14951598717881154,0.42247006404510046,0.5770700773801098,0.0
40,38,1,21,0.16539399353885761,0.3734736000442846,0.4889234357916894,0.0
40,39,1,21,0.1070850740178556,0.20446059364636993,0.42924964778458663,0.0
40,40,1,21,0.04726385312330494,0.20798468739246354,0.36323023725377945,0.0
40,41,1,21,0.0,0.14867106998176077,0.42539334237452214,0.0
40,42,1,21,0.0,0.19352738421549498,0.3106316378266771,0.0
40,43,1,21,0.03919744701063385,0.07484530031911926,0.3544413347613982,0.0
40,44,1,21,0.0,0.06473233322552505,0.36118791534337596,0.0
40,45,1,21,0.0,0.07777080009683823,0.33892241582961663,0.0
40,46,1,21,0.0,0.0,0.21874160459239783,0.0
40,47,1,21,0.0,0.0,0.23923774103771703,0.0
40,48,1,21,0.0,0.0,0.06093356067715791,0.0
40,49,1,21,0.0,0.0,0.114338575205821,0.0
40,50,1,21,0.0,0.0,0.024247399927309315,0.0
40,51,1,21,0.0,0.0,0.13889240176817752,0.0
41,0,1,25,1.038596846559586,1.0040347030483747,1.038805185992335,29.675231342244032
41,1,1,25,1.043271358897299,0.9861508731772674,1.0649060689479783,30.670825061321516
41,2,1,25,0.9955841763903753,0.998043775646379,0.9996039820977953,28.993156258759594
41,3,1,25,0.9814396937623417,1.029896173673449,0.9919713726093816,31.599733607497022
41,4,1,25,0.9190165925719794,1.0206209539793172,1.0419199304213795,29.235868521476807
41,5,1,25,0.9508898658323063,1.019457645218507,1.0357009008864881,32.2121176315901
41,6,1,25,1.030715850032607,1.0560210889080464,1.0930286634127928,28.719743839545355
41,7,1,25,0.925826340591785,1.0958177499507273,1.0051912907623375,29.13185862644469
41,8,1,25,0.9525615336241449,0.9925682412491076,0.9237599630456785,29.98822165332012
41,9,1,25,1.0439550095422638,0.9110932123862142,0.9431407831810872,29.88489687027003
41,10,1,25,0.9334704621359051,0.9894023185920853,1.0912530143749817,30.736128137652724
41,11,1,25,0.9971516420299698,0.973460332779853,0.9728588172854756,28.35340827890315
41,12,1,25,1.0734870848816116,1.0409613723036804,0.9313985515663259,30.86086907443209
41,13,1,25,1.0689403728249385,1.017908224016734,0.8778159953291264,29.790493458377995
41,14,1,25,0.9783112917313623,0.9632012923697857,0.9915040369380013,29.808543506810743
41,15,1,25,0.9110775460138776,0.9144064927466321,0.9243539232265424,31.354269435150574
41,16,1,25,1.0111934840776704,1.0276528460685634,1.1073298357909305,29.613191673252558
41,17,1,25,0.9661245183480897,1.0257988029384584,0.9473993271124946,29.84344270879987
41,18,1,25,0.9946622610281981,1.0608906979700976,0.9347136806325244,28.736578019406267
41,19,1,25,0.9986998099602238,0.9974126677239001,1.0735028251624958,32.35153073204328
41,20,1,25,1.0073841764516174,0.9561307655144489,0.9718991545064777,29.910190163860243
41,21,1,25,0.9064684231195711,1.0221151256157164,1.1029843011036096,30.729457195852458
41,22,1,25,0.9052236855075803,0.9739247501149143,1.0202879679319141,28.5340023062409
41,23,1,25,0.9474186755141425,0.971885577457155,0.9903292491164137,30.029207773216754
41,24,1,25,0.9606428061131969,1.025495569809308,0.9049756974627211,32.10653973157046
41,25,1,25,1.0582720349142578,0.9351340504758737,0.9774099315936458,28.863652335234335
41,26,1,25,0.964510875698671,0.9826907843248084,1.0889991175507714,29.139149071710236
41,27,1,25,0.9591343490110861,0.931908728509087,0.8167593319732922,27.3918722212542
41,28,1,25,0.8907978863909221,0.8427420099224755,0.8585378717292909,22.99939559468199
41,29,1,25,0.785252000410535,0.8518126940560554,0.8276392397203614,21.719026562854303
41,30,1,25,0.7386125000844654,0.7480801778827778,0.7545839424691985,18.54994711681509
41,31,1,25,0.6929296317612196,0.7776911112827734,0.7519510666219317,17.77863850888967
41,32,1,25,0.6494115321131907,0.7536175185622974,0.7704770297623322,15.563161749727096
41,33,1,25,0.6513058654600464,0.6917539045939177,0.5444463753422127,15.835342075281732
41,34,1,25,0.5947829563713012,0.6345589303507637,0.8374611647253465,10.725503866900645
41,35,1,25,0.4585240845604393,0.6290143226475723,0.7608528668209826,10.307417572526933
41,36,1,25,0.47486141640555124,0.5990290852071708,0.683227301431007,9.009567961557737
41,37,1,25,0.32289303438998046,0.5029440949039596,0.6802634043101647,6.480619805536683
41,38,1,25,0.36529040107256766,0.5443231835163482,0.5581406544286498,4.851896091053968
41,39,1,25,0.26115611559887036,0.44251121505362073,0.6070639523163616,1.3592407302599279
41,40,1,25,0.3358714856536626,0.439635532263002,0.5824347714459005,0.0
41,41,1,25,0.23920397441597246,0.34024537393722865,0.3590616602455021,0.0
41,42,1,25,0.12489592166477845,0.2701723562080678,0.5830058829744824,0.0
41,43,1,25,0.11203873232979787,0.3034038995792241,0.5467385805376971,0.0
41,44,1,25,0.098561700889362,0.24425922424423963,0.47794049225678475,0.0
41,45,1,25,0.023059274003913693,0.25701265518069794,0.4004911341096677,0.0
41,46,1,25,0.0,0.15758803603225918,0.40905242160473654,0.0
41,47,1,25,0.0,0.11950921859217911,0.3952697366587623,0.0
41,48,1,25,0.0,0.08000827822685612,0.3136211045739456,0.0
41,49,1,25,0.0,0.05511261729376755,0.22763630572460253,0.0
41,50,1,25,0.0,0.07615203408519775,0.2894717673270929,0.0
41,51,1,25,0.0,0.0,0.15475630310235947,0.0
42,0,0,-1,0.9445503149515867,0.987918508358912,0.9282094404736723,30.48433713753981
42,1,0,-1,1.0335883173713512,0.9951297659538708,1.1012324124795432,30.262210424992375
42,2,0,-1,1.0955003402119075,1.016698740117342,1.080994099276845,27.33484740411602
42,3,0,-1,1.0877488310370018,0.9614025366781501,1.022539326718417,28.90069250573587
42,4,0,-1,1.0312379502078877,1.0478320182980276,0.9188320049238214,29.888272364501404
42,5,0,-1,1.0025583046071478,0.9609008416579037,1.0791222416131083,30.543938687636977
42,6,0,-1,0.9900470300681414,0.9914008905572523,1.019809159532734,28.7690825666007
42,7,0,-1,0.9355158501475391,0.9501896732916413,0.9596129343283449,30.030957287434138
42,8,0,-1,0.9977037095743547,0.9714639086107107,1.0324342965176296,29.07672023273752
42,9,0,-1,0.9900473744577923,0.9820517273886163,0.9973969983003994,28.47403836730522
42,10,0,-1,1.0403521431523077,0.9848434345538336,0.9574470655951145,27.928372895863145
42,11,0,-1,1.0380306780776614,0.9947759787770329,0.929610845563937,30.382839984007425
42,12,0,-1,1.0574175173105396,0.9483792411222624,0.9835614599384569,29.887310081005502
42,13,0,-1,0.9966695762644742,1.0106281285502348,1.0414882352238488,29.783113534237344
42,14,0,-1,1.0033670487083248,0.9595033649043282,1.030159973598057,31.466704636894725
42,15,0,-1,1.0226251055384923,1.0611530865756644,1.0052115147527685,30.379759004274984
42,16,0,-1,1.1232293234968707,0.9673012174636685,0.980867806373567,28.982473678945844
42,17,0,-1,0.960078968986757,0.9689395540461597,1.0013258568373533,31.60793203125046
42,18,0,-1,0.9516233023862981,0.961009704817679,1.0212425220749541,29.981347110590058
42,19,0,-1,1.0305605733079202,1.0312813045802445,0.9756466533565918,31.1196262548279
42,20,0,-1,0.9930481798793412,0.9658922420982693,1.0782146822407879,30.038841869402827
42,21,0,-1,1.016770628068268,0.977625367167888,1.0021425480347759,29.730810407677083
42,22,0,-1,0.995597638679548,0.9495021511890758,1.0852108137036953,29.965893980250083
42,23,0,-1,0.9478275152371047,0.9813376393304952,1.0951731871034596,30.432510329887172
42,24,0,-1,0.9626413904126127,0.9767665428881661,1.0188652936587674,29.099686294391486
42,25,0,-1,1.0397655003075479,0.996033778890819,1.0462701987620848,30.169702468069037
42,26,0,-1,1.007315520498769,1.0032244230380956,0.9101565643102114,31.211312233162907
42,27,0,-1,1.0116522801865961,1.0130937455370221,1.0655137847664682,29.962805423057432
42,28,0,-1,1.0471119393074917,0.959450476572758,1.1626429489772196,27.92520707916168
42,29,0,-1,0.9061780181869434,1.0105654458248343,0.9870208654572518,29.618805613917107
42,30,0,-1,0.8971491482413001,0.9901656092420009,0.9596696781339297,30.536123633954993
42,31,0,-1,0.9694543582373482,1.038926776459065,0.9696073380239936,29.46492660532944
42,32,0,-1,1.0468008068229844,1.0421719326454166,0.9277378120186127,31.889328616217256
42,33,0,-1,0.9194462416589487,0.9648837844531095,1.0089780224077565,28.9753765208651
42,34,0,-1,0.9761087268186988,0.9820829648012608,1.0085746155396633,30.137510211059205
42,35,0,-1,0.9063464260908771,0.9906230204684765,0.9831978222318942,26.8329619267643
42,36,0,-1,1.0023806361924028,1.0241700926036683,1.0807882605342662,29.150517064167484
42,37,0,-1,1.0143544845184382,1.0324596078949275,0.9556968119092163,30.16578655342813
42,38,0,-1,1.0811598914804674,0.9702989214844044,0.8660333537364899,29.601280173365712
42,39,0,-1,0.9910777600631877,1.0609439080675138,0.9506495112041912,30.75653244420637
42,40,0,-1,1.0227119948127348,0.990213928372326,1.0179668097382217,30.233537180225305
42,41,0,-1,0.9876969656651848,0.956335186954396,0.9126868345684928,30.06226141665955
42,42,0,-1,0.966866619247433,0.9916354987622136,1.0101987036563835,29.18608903327834
42,43,0,-1,0.9969511699833199,1.0114577702725744,0.9319696177132564,30.620140507500537
42,44,0,-1,0.9927106168554793,0.9976291038471196,0.8967220641881377,29.716498129621833
42,45,0,-1,1.0380304874533623,0.9613500512860319,0.8993738357122615,30.673700961080407
42,46,0,-1,1.06928201786922,1.0245406810939104,0.989392710129415,29.517996244232794
42,47,0,-1,0.961899523492331,1.0317699797205917,1.0134861435817342,29.379518623458644
42,48,0,-1,1.0672049386841154,0.9826002113914453,1.0454436512456657,29.64512611495717
42,49,0,-1,0.9777462165989332,0.9768109213028604,1.042161806627286,31.2978489448576
42,50,0,-1,1.0142118149352894,1.0626338011317586,0.9647570741281685,30.212251554228445
42,51,0,-1,0.948712889705726,0.9842790497443226,0.9191889816086448,28.50204177403927
43,0,1,37,0.9614334798843235,0.921430549422874,1.00003612007488,30.548649003377125
43,1,1,37,0.9375851933835306,1.0587388497984498,0.8869748492709242,30.25750308813309
43,2,1,37,0.9391024853818254,0.9911158650968126,1.032571204344227,27.905842774422
43,3,1,37,1.0122265678997577,1.0437042762423805,0.9505283758711218,29.95780653379291
43,4,1,37,1.0060075269950601,0.9957247225906819,0.9077080780807565,30.820724153750227
43,5,1,37,1.0878965281942221,0.9577894465551566,1.106900490274408,29.941918047398516
43,6,1,37,0.9895152290439917,1.0406461723032592,0.9898860273059917,30.75232447774921
43,7,1,37,1.0174470450298536,1.036958405985905,0.9016562038023703,30.031119554055564
43,8,1,37,0.9847745489665578,0.9981844256471464,1.113991779096256,29.801294505371594
43,9,1,37,0.9919676403321795,0.9754187127844584,1.0970373172718888,28.85447632869277
43,10,1,37,1.0269027755411257,0.979126359267736,1.050269541798062,29.39749756195081
43,11,1,37,1.0718523155709494,0.9401103271538377,0.9666250618566332,27.791259672916194
43,12,1,37,0.9932502975956816,0.9921574967343798,1.0038076781818215,29.78785280903707
43,13,1,37,0.9995946625802078,1.0602339447880167,1.0000328458905239,28.156667308173486
43,14,1,37,0.9781480487332591,1.0248526500497455,0.8853703196653382,30.869019772725494
43,15,1,37,1.0233335199113378,0.9985983423982444,0.9941018474007937,29.216978440050855
43,16,1,37,0.9908001349793965,0.9160134931515979,0.9140957859235581,29.30442387116117
43,17,1,37,1.01654162641892,0.934781085202592,1.0513594962010768,29.614174274623576
43,18,1,37,1.0633820985747875,1.078209543280393,0.9432762308519591,31.651250489858697
43,19,1,37,1.005071787474932,1.0668253657099167,0.9616853293608587,28.702224457435882
43,20,1,37,1.0157872579072222,1.0127590190177533,0.9043682180330266,29.720865636434585
43,21,1,37,1.037859291503504,1.0510528214122663,0.9805726704646806,27.509847347001664
43,22,1,37,0.9186601020393844,1.0168735039753027,1.0077127898554892,30.27556669400813
43,23,1,37,0.9730907531840433,0.9551959159177658,0.8839659810147019,32.12183878774293
43,24,1,37,0.9763042744314405,0.9782685119050978,0.940745941806306,31.554328481834144
43,25,1,37,1.0105525410602294,1.0341474353170999,1.109672049578863,28.831809226990945
43,26,1,37,0.9667077207804968,1.0026102564999695,0.9772629305572271,31.343430969830834
43,27,1,37,1.0068116674652836,0.9692045124248271,1.021275382927066,30.262733414344012
43,28,1,37,1.0719674875405882,0.9468191746605428,0.8698716289224755,28.903052716931185
43,29,1,37,1.0014114626391042,0.9493485750649674,0.9333440677269965,30.174783688950896
43,30,1,37,0.9878863095453394,1.0349306648122565,1.0064967572382666,28.998099448531132
43,31,1,37,0.94954165423866,1.0225713618663426,0.9919090884212522,29.30676934780569
43,32,1,37,0.9896940558663022,1.0350735918305678,0.9421030882600389,31.948886370435755
43,33,1,37,0.9832148011892919,0.9551997467892539,0.9874233058706504,28.631312240423515
43,34,1,37,1.0777232530602736,0.9568401787556069,1.0025328312495836,29.267726533163277
43,35,1,37,1.0385481523761724,1.0187462490992454,1.0663329164047293,29.6321168442089
43,36,1,37,1.0627645998231428,1.059260531510488,0.912620303122384,28.908936908827854
43,37,1,37,0.9443576246106538,0.9478721116391016,0.8984941081008335,32.05736533350086
43,38,1,37,0.9918277633547268,1.0284239498071595,1.005135133848826,27.23993910650389
43,39,1,37,0.9801146780964465,0.9158058252011556,0.9598265620514664,26.453377332086266
43,40,1,37,0.8536952191523874,0.8215737171845631,0.8906419989520181,24.117837539931028
43,41,1,37,0.7129957715848649,0.8542395602978635,0.8398957887394389,21.98665885187779
43,42,1,37,0.7272367564854435,0.7770639797844037,0.8877273009232667,19.6866905151929
43,43,1,37,0.7612685477665037,0.7358327138185349,0.7967558551669728,17.822189320266293
43,44,1,37,0.6693981216101094,0.7245717775615876,0.7284401919133937,15.440438211705887
43,45,1,37,0.6005598441848313,0.6885137216566884,0.7060408943239578,13.404270453709275
43,46,1,37,0.549432928093854,0.6533885704206133,0.7208007812447697,12.741301606262489
43,47,1,37,0.47255101761289114,0.5678994781241632,0.7347746401606942,9.335193772150937
43,48,1,37,0.4823644000271301,0.5160310260963086,0.6098997637273773,6.967173525383815
43,49,1,37,0.41576258050159864,0.5016206277865234,0.7350450492877231,5.28749017742377
43,50,1,37,0.3584647874455658,0.5312491437707633,0.6219278665775781,2.854799173504108
43,51,1,37,0.3945874085600082,0.4004979094810798,0.5814785203843876,1.8143459278669902
44,0,1,32,1.0587146504701792,1.0194023943985502,0.9762895894311844,31.65034413725134
44,1,1,32,0.94310595310511,1.015072254724843,1.0759307388399593,28.375556657498674
44,2,1,32,0.9885464807384539,0.9530899890271533,0.9897728692303672,31.094935545453197
44,3,1,32,1.0342017775111665,0.9811479270685619,1.009172715425998,30.56064249446319
44,4,1,32,0.9849527427978665,0.9986328009138862,1.0008969736106441,29.14690976717709
44,5,1,32,1.0595988146714574,0.9820976593933787,0.9979411858742057,30.06032975413761
44,6,1,32,1.0019615466463538,1.0130980990162402,0.9231299891241789,28.948930481960033
44,7,1,32,0.9642818073363487,0.9530652356174059,0.9884512349501852,30.835145865605956
44,8,1,32,0.8728811115697419,0.9897685082907872,1.0633824306585937,30.81035571889879
44,9,1,32,0.9975070909224434,0.9608626237541201,0.9880380765429768,28.688197438702655
44,10,1,32,0.949784853376098,1.000764841945852,1.0253711598277089,30.923883901443855
44,11,1,32,0.9585239749333493,1.0644707043633967,1.0340396493628814,29.711061759786002
44,12,1,32,1.0043185018776979,0.9589993682604534,0.9972934218343782,30.99524000331949
44,13,1,32,1.0254036525067947,0.9699074736142601,1.041475809777812,29.28931857922276
44,14,1,32,1.0027240044630175,1.0340821356184595,1.124844910237589,28.208889236692375
44,15,1,32,1.0950515539094663,0.9909290004136219,1.0132776460275625,30.931441279159475
44,16,1,32,0.9602627962788062,0.9690068425619974,0.9741893281539653,29.455819957704225
44,17,1,32,1.0394006815164554,0.998195974223734,1.0265529888464442,29.236909352423172
44,18,1,32,1.0937157176017513,1.0278561484517137,0.9345633867414778,31.39362577634597
44,19,1,32,1.0255868126165648,1.034176155107356,0.9364806092588809,30.23381043933673
44,20,1,32,0.9905815860004639,1.0309612653236528,0.9801797033614,29.725734939488383
44,21,1,32,1.0428195025701952,0.9405940607513411,0.9676229343281388,31.27988381636702
44,22,1,32,1.0541727761776973,0.9882194631667267,0.9454234987414577,29.88312172791983
44,23,1,32,1.0013886312148357,1.0238544845428128,0.9748108368194275,29.71073395346197
44,24,1,32,1.0762343871961821,1.029871659347812,0.9426934539884952,30.16698057979631
44,25,1,32,1.0212140123563123,0.9799426950701121,1.0848116552899822,29.028022669139986
44,26,1,32,0.9779396921073558,0.9879166381860065,1.033571711526769,29.500673386071707
44,27,1,32,1.0026866289407779,0.9563879137754825,1.044372133624429,29.123427224977185
44,28,1,32,1.071190021767489,1.0348058281144028,0.9754989656402413,29.574135661246324
44,29,1,32,1.0543013855580108,1.027634543245005,0.9226785580220644,30.320378806025857
44,30,1,32,1.0016531323589748,0.9711287791135632,1.0954525979172978,28.79857696287884
44,31,1,32,0.9232564154571683,1.0408987458015861,0.9977045120868601,29.137046211341968
44,32,1,32,1.0280877105202901,0.952282031551908,0.9939191391722519,30.645517703612576
44,33,1,32,0.9214688552452375,0.9741257220450394,1.026783083944943,26.756211087794213
44,34,1,32,0.8874019581611747,0.850808080414573,0.8959573878606784,26.81386897588845
44,35,1,32,0.7812270019354778,0.9385576604178678,0.8854516276848245,23.014196168020558
44,36,1,32,0.8237286501757285,0.8806730189031067,0.8656877259307939,20.976355553528965
44,37,1,32,0.6742558942978283,0.8210675275499234,0.9027126480141777,18.951225384969085
44,38,1,32,0.6811387962512931,0.6816036728200429,0.7509465151641879,18.849343453212484
44,39,1,32,0.6473576851686458,0.7651311588188433,0.8057578913994531,16.67073648091087
44,40,1,32,0.5997011051562118,0.7110663596234699,0.586897776125581,12.885305529878169
44,41,1,32,0.6017237623319204,0.6158509333662817,0.7761740705393093,11.403007791901299
44,42,1,32,0.4608687550088283,0.6523945154069797,0.4890967755705944,10.884267187440475
44,43,1,32,0.43784491376775153,0.5542421038694154,0.7449516402329099,9.387030613252865
44,44,1,32,0.35969120549669825,0.4660104746278651,0.6409800322089589,5.097369079506337
44,45,1,32,0.31515347679402894,0.4783796840099132,0.7038587314478246,3.741685349100095
44,46,1,32,0.21916024816201532,0.4768726308385005,0.593793099309368,0.6389045038046195
44,47,1,32,0.28435566194247774,0.43212771379703746,0.45387784832432326,0.21915120122764403
44,48,1,32,0.20881558916501333,0.3606897153016475,0.45791072882000505,0.0
44,49,1,32,0.17000816719459924,0.32825504020445573,0.5630553281113846,0.0
44,50,1,32,0.09033290525170605,0.3378707207460516,0.4563101079233614,0.0
44,51,1,32,0.0,0.2953693492522611,0.47309959406298646,0.0
45,0,0,-1,1.0482101237332984,0.9727586559541319,0.8772409345708876,30.293650904478877
45,1,0,-1,0.9200457164009901,0.9433691856523281,0.9867136733368005,29.803607090215984
45,2,0,-1,0.8891297801779787,0.9402425298897221,0.9684298551630125,30.193009568354228
45,3,0,-1,0.9076645173784417,0.9675531959693401,0.9707437092790432,29.143170417368694
45,4,0,-1,1.0626365521750119,1.0656404902972652,0.9553977229528201,30.184914212181106
45,5,0,-1,1.0305832076684527,0.9419928754064653,0.9616386487075236,31.78540419896399
45,6,0,-1,1.04683261023127,0.9851587297385155,1.0456793954289094,30.592589755550133
45,7,0,-1,0.9724129503926793,1.0722394099540933,1.0118896977475291,29.706267975068204
45,8,0,-1,1.0070528598488093,0.96734046104195,0.9822887185041134,29.041198715333522
45,9,0,-1,1.0437809224708676,0.9804807194034645,0.9722395809937312,28.94087543349247
45,10,0,-1,0.9694884586979685,0.9372408449318731,0.8117599330359802,30.37420934879166
45,11,0,-1,1.0768663323283336,0.99156699756198,1.0066571333178362,28.624669956703077
45,12,0,-1,0.9517450029850759,1.0701108775145187,0.901705174184238,29.790030915769336
45,13,0,-1,1.0052891746619048,1.0874824249063735,1.0995801224780108,30.042688279640036
45,14,0,-1,1.0124758049817144,1.0189265302898023,0.965823039509632,29.213945578873464
45,15,0,-1,0.9737881216385071,1.066452223738823,1.0558484056421205,31.33763689205955
45,16,0,-1,0.9552902794917733,1.0330073586466768,0.9831858006194133,30.680443107960883
45,17,0,-1,0.9773065929402703,0.963506469607113,0.9117145134421759,30.361474507098766
45,18,0,-1,1.0218921744701213,0.9601425651011346,1.054152919776969,30.306605604944743
45,19,0,-1,0.954686810099142,1.0210826867286351,1.0596822237026957,31.000373784859708
45,20,0,-1,1.021764997491284,1.0465062610049412,1.1019134786832316,29.884584399108146
45,21,0,-1,0.9497598346074402,0.992828193852204,1.0064977155153796,28.979619635551035
45,22,0,-1,0.985761656078673,0.9419123672649679,0.995852790887693,30.770812560163026
45,23,0,-1,0.9684939043457746,1.0595121038982025,0.9097148240967626,29.42839520864132
45,24,0,-1,0.9637369123455352,0.9451282605165408,1.0166270340251444,27.931219428500416
45,25,0,-1,0.9917526885730077,0.9876889760845512,1.0568706091084565,28.607743904501774
45,26,0,-1,1.0436162434988268,1.0471818098264958,1.0344618768456748,29.378415907376873
45,27,0,-1,0.9066945842267646,0.9575303961367465,1.0319766507300727,28.171216641058034
45,28,0,-1,0.9934550331956145,1.0426432312978995,1.0731121787714055,28.697204862935624
45,29,0,-1,1.079838930003703,0.9866625388902291,0.9801341884077364,30.049860707541466
45,30,0,-1,0.9503993867592077,0.9529324333429783,1.0278206457410108,31.197643123053282
45,31,0,-1,1.006161818212262,0.9814389402112619,0.9164470963667446,29.822242888713326
45,32,0,-1,1.0559442644272798,0.9937613243274659,0.9687623734027173,29.477189492816375
45,33,0,-1,0.9256040064745837,0.9300986008148614,0.9966743324815471,27.920375254336022
45,34,0,-1,1.0229409869184924,0.9915415697783431,1.047937438425933,30.755476848325674
45,35,0,-1,0.991023889538658,0.9679585957493975,0.9627249176144037,29.894144239717253
45,36,0,-1,0.9702010141450517,0.96038459226169,0.9220296140841391,30.35409465997548
45,37,0,-1,0.9768897014734269,1.000908319778403,1.0434443447281643,31.755599962403203
45,38,0,-1,1.0323442356788994,0.9801525565843895,1.0363481490261262,30.931365465378352
45,39,0,-1,1.043563890017165,0.9632478979368269,1.1397177552768865,31.2286859555244
45,40,0,-1,1.089202631397542,1.039202017807213,0.9347083903988775,30.662250211385256
45,41,0,-1,0.9604026687207476,0.9493640957619975,1.0166816266727194,30.88535693492645
45,42,0,-1,0.9812129164646445,1.0082633440708768,1.0463832655652714,29.235752859733935
45,43,0,-1,0.9327853971733313,1.0041317388128883,1.1414065683744887,31.164984115054054
45,44,0,-1,0.9280507857131495,0.9898045825325544,1.0653438186446291,28.40839200468485
45,45,0,-1,0.9989666560521209,1.0042015214247262,0.9671712612129171,29.11260465053978
45,46,0,-1,0.9662758590949215,1.0104744485860107,0.9963120507616345,30.445295165237045
45,47,0,-1,1.0194954535110572,1.0821916541861123,0.9651836641615565,29.479348645200233
45,48,0,-1,0.9378773455273935,0.9462717380288688,0.9902927572956088,31.361628281498174
45,49,0,-1,1.0025139157563985,0.9995741179142179,1.015238708382028,27.320019390771833
45,50,0,-1,0.9641928532846155,1.0626994671113315,1.011571999623809,29.797089423372526
45,51,0,-1,0.9755095036009975,1.0536324538044086,0.9622930788035859,29.384854522755433
46,0,1,18,0.9632783924162389,1.0662690518429574,1.0458218555633623,30.076213182206093
46,1,1,18,1.0540533122036642,1.0104824385655762,0.8478636183508653,30.742831180822012
46,2,1,18,1.0118450612207848,1.0093700013668843,0.9664020025804304,31.09609738090828
46,3,1,18,1.0523269675792508,0.9643926679158067,0.9491120783719731,29.42813939742155
46,4,1,18,1.0274292125432662,0.9706661396631288,1.024007979346392,28.986233013401687
46,5,1,18,1.010218190963811,1.016795931393197,1.0510146864990237,29.784965856162327
46,6,1,18,0.9945075468762785,1.025067993864964,0.952414830022527,31.05178572668147
46,7,1,18,1.0141469772948635,0.9701025806239129,1.0232807538212896,30.427001961493687
46,8,1,18,0.9230861714680263,0.9499047890017464,0.9978152352327337,28.73685005503424
46,9,1,18,0.976825416741796,0.9779395110368887,1.0479576427650548,30.98753969216076
46,10,1,18,0.9670067138274854,1.0653030102367702,0.9338740403487403,30.68239702436032
46,11,1,18,0.9949812996431825,1.0169567533573503,1.050160421747136,31.836705221612164
46,12,1,18,1.0241757600910275,1.0392193699003478,0.9709638949309547,30.83637046082293
46,13,1,18,1.088459595539216,1.0225830300518262,1.096801789807649,29.539492847316552
46,14,1,18,1.0275711637342375,0.978086531088749,1.027967092855016,31.36947832091241
46,15,1,18,1.0117634158588498,0.9684529614304331,0.9339314781906958,28.734702716396754
46,16,1,18,1.0470367747474336,1.0234470615451605,0.956936650216942,30.022562052225744
46,17,1,18,0.9883564324690135,0.9411065773883178,0.9587378615605071,29.974064219887143
46,18,1,18,1.04974986555903,1.0164458066934234,0.8850986695942387,30.09199985120986
46,19,1,18,0.9961134696442693,0.9008379793010822,0.9998297008816612,29.731302194187343
46,20,1,18,0.8428511436371092,0.9482814526848724,0.9149877673549538,25.908241784466384
46,21,1,18,0.8513891563793986,0.846660024242508,0.8294042380908372,24.88416761590391
46,22,1,18,0.9337487669734326,0.7871722520661467,0.9041060963730033,20.791380345238036
46,23,1,18,0.6620014624610888,0.7754081398900695,0.8130056816122831,19.32729633463262
46,24,1,18,0.730330534106838,0.7109769229634271,0.8514242823799897,18.223713063487452
46,25,1,18,0.6463844867112924,0.6649740125779324,0.8440849043068149,16.224862399107558
46,26,1,18,0.599763894822724,0.7073753610964933,0.7870080523708061,14.711096107783293
46,27,1,18,0.4814897613626335,0.5591163915443659,0.6187497793340939,13.481785230884725
46,28,1,18,0.43822630086173747,0.5634297959202407,0.6988952829702352,8.726502616931871
46,29,1,18,0.5438998883945164,0.5636340488473931,0.8191533040089709,8.086179677604022
46,30,1,18,0.49312933153139626,0.5048099553489828,0.7460951213317107,6.372908002899634
46,31,1,18,0.34106719410062597,0.4877284856670505,0.5965621283818263,4.008093662744959
46,32,1,18,0.29083318327186886,0.4456735200675259,0.5121836506185097,0.21116300668365295
46,33,1,18,0.24397393342534293,0.3898599356498569,0.5794556907467594,0.1615652295453074
46,34,1,18,0.21272524305552293,0.34765999734557496,0.5867194223269572,0.185085387271819
46,35,1,18,0.17415308365017734,0.2928641126406975,0.43609661250745846,0.0
46,36,1,18,0.17039465630352701,0.2726887332228826,0.4090412274617114,0.0
46,37,1,18,0.09599305001278213,0.19384032612257948,0.35880179884891206,0.0
46,38,1,18,0.0,0.20866040516333634,0.2488698564350646,0.0
46,39,1,18,0.0,0.17208924460000524,0.482528837730056,0.0
46,40,1,18,0.0,0.09699771051592984,0.382332098977389,0.0
46,41,1,18,0.0,0.10794676345264813,0.3561187164731675,0.0
46,42,1,18,0.0,0.02965222450891937,0.2459132200710381,0.0
46,43,1,18,0.0,0.0,0.25921666068877136,0.0
46,44,1,18,0.0,0.0,0.22229572431713057,0.0
46,45,1,18,0.0,0.0,0.2294059702654909,0.0
46,46,1,18,0.0,0.0,0.21501580536236872,0.0
46,47,1,18,0.0,0.0,0.14133949885184818,0.0
46,48,1,18,0.0,0.0,0.04726079274217248,0.0
46,49,1,18,0.0,0.0,0.011141343237270493,0.0
46,50,1,18,0.0,0.0,0.007808353373971157,0.0
46,51,1,18,0.0,0.0,0.0,0.0
47,0,1,32,0.999648267317031,0.974996395207592,0.9500775315198337,30.203235230677887
47,1,1,32,1.0069635748227834,0.9855731226814483,1.0436087002689511,30.060601904658924
47,2,1,32,0.9866921802256091,0.9677291091761232,0.8941616799311038,30.610722479327602
47,3,1,32,0.8814177665742639,1.0411591005943417,0.9329177440660323,29.66011879599926
47,4,1,32,1.0284688546815084,0.9813807050728601,1.1393537872765975,32.440111781032925
47,5,1,32,0.9671070063166355,1.0289008820972887,0.981056963802758,30.037758099755283
47,6,1,32,0.9859768290332194,0.9773448714700138,1.0650234924347757,30.402197045219673
47,7,1,32,0.9623295276708537,0.9784329051454269,0.9345542174642966,28.909153508489684
47,8,1,32,1.0077925864968682,0.9783936378623916,1.0546642857695685,29.997163478337356
47,9,1,32,1.0180104719943246,1.0179111000229424,1.022025872120906,29.684090188323893
47,10,1,32,1.0120244290077014,1.0308034625995415,1.014493097346239,30.784667618142667
47,11,1,32,1.0713173303689696,1.0425707164273608,1.079174807447947,29.802261972504787
47,12,1,32,0.9770142894605107,0.9887777859820602,1.0709002127006753,30.251835623918577
47,13,1,32,0.9352674134105018,0.9601618730508779,0.9700406043971442,29.314546254140467
47,14,1,32,1.0105910022847135,1.011722314610192,0.9757564494152259,28.895366577950323
47,15,1,32,0.9745417736190161,0.9180486974769706,1.0511718455079193,31.539597821793397
47,16,1,32,0.9823438002824226,0.9758429253122867,1.042199872832092,29.76083432621859
47,17,1,32,0.9703809747420299,1.1195573768538885,0.9784352854972566,29.12428902723742
47,18,1,32,1.0900579146858511,0.9027184597287118,0.9472937525641846,29.700636572891405
47,19,1,32,0.9245066487096514,1.0249934614265543,0.9626761411313255,28.80013430473154
47,20,1,32,0.9565063106503173,0.9917986012844331,0.950306720185284,29.564405966043353
47,21,1,32,0.972416293202155,1.0060648019791003,1.040495824347213,28.694809728252718
47,22,1,32,0.993556417319569,1.0294837130367172,1.023091842371721,31.084141384980484
47,23,1,32,1.0385376925905276,0.9762675988151169,1.0852036537837824,27.922220113141744
47,24,1,32,1.079733814639263,0.9297443440674616,1.053521831668984,30.304322703937665
47,25,1,32,0.9080120498905104,0.9882936292624304,0.9795895154077132,30.59135837435262
47,26,1,32,1.0751276859645982,1.028689017084371,1.0102418817004337,27.988281713638695
47,27,1,32,1.0480262388486141,0.9851045177451226,0.9529742632176649,29.720919061373316
47,28,1,32,0.8777029850338837,0.9444226143940299,0.9041931614589637,28.43968111946691
47,29,1,32,0.9369714103163675,1.0003594533113502,0.9331559719021774,28.275427278048767
47,30,1,32,0.9838846243284239,1.0554517834504686,1.000906046442315,31.426241800004664
47,31,1,32,0.9595986306413592,0.987176269927208,1.1006946770790043,31.302085618500836
47,32,1,32,1.051780834398366,1.0000610735279998,0.9597869754065392,29.673160972345826
47,33,1,32,1.0134346659601619,0.9637130488371188,0.9505160979401446,27.445032927258975
47,34,1,32,0.8550429513379075,0.9755377616932979,0.9502257998601585,25.711011824556515
47,35,1,32,0.8436133840417438,0.8932647279987503,0.8569327999328769,23.870121751368448
47,36,1,32,0.8791916282539187,0.8239810289985061,0.7549887730052637,21.834572259149862
47,37,1,32,0.7502388261847949,0.8185751536149273,0.8652873200829815,18.706070134900447
47,38,1,32,0.7593911759425704,0.8681547781635836,0.773261037294916,19.556051469979856
47,39,1,32,0.6561797954885877,0.7618564311409814,0.8002560840429093,17.64064861242684
47,40,1,32,0.5921744580124269,0.6549815548855327,0.7468640615058231,15.665086945831622
47,41,1,32,0.42741025197092447,0.5203394419147153,0.8261004526869961,12.239133655101453
47,42,1,32,0.5225487065193812,0.5198154251993207,0.7071279121714854,8.569201088732946
47,43,1,32,0.546024019340449,0.5900161030418472,0.5824017184871336,6.0551026230989455
47,44,1,32,0.3548775574585092,0.5132499157896127,0.7144479569524633,7.983534697589418
47,45,1,32,0.39181779332779876,0.4996371949311205,0.5110118231223016,4.396323328575721
47,46,1,32,0.2549488597565204,0.43730185581595266,0.5751683184315515,1.1743619151332851
47,47,1,32,0.27128315155773264,0.42135471507181976,0.5901408104247111,1.901061176908495
47,48,1,32,0.2038523054162732,0.360600476461361,0.3714994144998419,0.0
47,49,1,32,0.14762836771976917,0.3113205681783537,0.4924853063865462,0.0
47,50,1,32,0.20171457438679546,0.277215721077501,0.5000360576952205,0.0
47,51,1,32,0.03799510593218694,0.2004204608877753,0.4360035221575214,0.0
48,0,1,32,0.9995115937626362,0.9998418045568386,1.054679890177407,29.59782081403821
48,1,1,32,0.898167422447455,1.0046198260209622,1.1196076635079397,28.878470249704318
48,2,1,32,0.9732935755171678,1.0560882425720408,1.1661053682653368,30.69981478901155
48,3,1,32,1.0430971061782481,1.0166844341596035,0.9698903392738015,29.292635581714173
48,4,1,32,0.98040055398741,0.9398141739152573,0.9568597647867784,30.370635407341954
48,5,1,32,0.948473372358503,0.9603954141198966,1.0268423679348428,31.343061767421585
48,6,1,32,1.0008143977094057,0.9723975520681487,0.944625941601552,30.030935770842035
48,7,1,32,1.0328529665677453,1.091929056334897,1.0349758497611705,29.14953682763739
48,8,1,32,0.9520607773358778,0.9776404828414371,1.0437249828677557,29.96891889365197
48,9,1,32,1.0270362048445103,1.0066747454836502,0.8825778747740745,29.574851898077856
48,10,1,32,0.9559877625211696,1.0709119444551791,0.9637146435229899,29.17892958814571
48,11,1,32,0.9873104258889792,1.0204285670780027,1.0040022648264548,28.6447780589361
48,12,1,32,1.0601873828369133,1.0209694299066803,1.0553621017484716,29.736157524605986
48,13,1,32,1.019910556881927,0.9917859798904827,0.9643459209126827,31.147905866592993
48,14,1,32,1.0186952172553112,0.9673670942989009,1.0698925103744599,31.574650384857243
48,15,1,32,1.0272816746163302,0.9819446970199261,1.1252608821136325,31.94205111425335
48,16,1,32,0.9760856204075583,1.0090683531950067,1.0367957120137081,29.667022886328283
48,17,1,32,0.9896070307982983,0.9730095586982102,1.1215562585168242,31.178139009977173
48,18,1,32,1.0204218159808285,0.9933258986927356,1.0053223020973983,29.327075856594806
48,19,1,32,0.9968310008055327,0.9733642681130239,0.9970370683042373,31.168847193055917
48,20,1,32,1.0461750306652267,0.9778280152178821,1.000962907540491,30.276838661050295
48,21,1,32,0.9594770576207245,1.0642166491234217,0.9400056171642814,29.5111211716239
48,22,1,32,1.013856195665457,0.9844617103639525,0.93954599423889,29.390915251236127
48,23,1,32,1.0493747444452624,1.035496302612333,0.949647640055266,29.338647059589565
48,24,1,32,1.0065503704960757,0.9455838204123166,0.8932663935918671,30.773098639194263
48,25,1,32,1.011208529432621,1.0046107640269264,0.9905458330312399,28.448053912271796
48,26,1,32,0.9900508830394231,1.0326296485151178,0.9817712348099652,30.47596848148776
48,27,1,32,1.060582353137521,1.0398030313612485,1.0519133083385817,29.54386494804872
48,28,1,32,0.974571240550421,1.0313702579219477,1.0799985109947923,31.00725891703616
48,29,1,32,1.026983448115898,0.9036489624788167,0.9857047453770222,28.777001063449507
48,30,1,32,0.9838917920173385,1.0188195557301674,0.9139594458447169,31.15372047430382
48,31,1,32,1.1072447988588694,0.9709958821724277,0.994880546287428,29.95736715559383
48,32,1,32,1.0469981501245889,1.049847514956675,0.9831819921574678,29.53108296945396
48,33,1,32,0.9804012937611511,0.9211662860320746,1.0040010600134563,28.749992159659534
48,34,1,32,0.9208706574270498,0.9015010912988559,0.9665943810572015,25.48925368905337
48,35,1,32,0.849306866119145,0.8519222404541941,0.8762490852352119,22.802214175158742
48,36,1,32,0.8048962062215991,0.9029518272540847,0.7798490495581992,20.60970436848929
48,37,1,32,0.8247375841367741,0.8978243552551742,0.888498315499168,18.10861207116155
48,38,1,32,0.703314028771125,0.7217792176501132,0.7437537141259399,18.194848079131695
48,39,1,32,0.6619371963689549,0.7252621132372552,0.7221834564262293,16.370801433850577
48,40,1,32,0.570989979849411,0.6829520955161618,0.8552001320802562,14.182531912739979
48,41,1,32,0.5945776796296869,0.6316720141294442,0.7615216427416932,13.93949504593303
48,42,1,32,0.5907390344403842,0.6409173748022376,0.6888206084219426,10.901052174993083
48,43,1,32,0.47332715340640763,0.5253060261658931,0.6735127619580952,8.485514230465444
48,44,1,32,0.4100997485648607,0.46338511843226304,0.7617571601744875,5.242485561445598
48,45,1,32,0.3434425202450085,0.4363221581834649,0.6433671521303912,2.0358685016378955
48,46,1,32,0.30846914829870725,0.44293361728608677,0.6112038669327358,1.2384962035020153
48,47,1,32,0.2747657019491363,0.3982418838599224,0.6500063599332873,1.1815952787999109
48,48,1,32,0.16066262174712945,0.31834408363885663,0.4867826251938231,0.0
48,49,1,32,0.1429831521288057,0.3707570390325533,0.5376529419881861,0.0
48,50,1,32,0.15165792897492747,0.3637362044048689,0.4221518436765117,0.0
48,51,1,32,0.015679070990995053,0.24379119234977945,0.39375751679336407,0.0
49,0,1,13,1.0421708147281576,0.9711076698529372,1.004468488167366,29.451651958906663
49,1,1,13,1.003361052178844,0.9196134490371742,1.076914956463696,29.82617092954506
49,2,1,13,1.0191133066752318,0.9625967605222875,1.0493816311022122,30.615384478050046
49,3,1,13,0.970901852071698,0.97946546023948,1.0461389608070621,29.19977385543251
49,4,1,13,1.060841037763648,0.962300984502363,0.9019952875236443,30.32773748959018
49,5,1,13,1.0713729861603989,0.9376240094883782,1.0455040783399296,29.860491820986766
49,6,1,13,1.0120926497816185,1.0545003853659103,1.0559058621513646,29.607278301453242
49,7,1,13,0.9596067646135361,0.9759309305942989,1.0923140101234365,30.83428896042097
49,8,1,13,0.9232076998136538,0.9241292978618468,1.034588928424979,30.40602372542442
49,9,1,13,1.0122361216694196,0.9768321746946269,1.0213271950078449,29.00631824340599
49,10,1,13,0.9426911011781389,0.9969674913376723,0.9505196612003024,28.50783278171764
49,11,1,13,1.0471614809527163,0.9311288240393522,1.0163068196206997,30.718544753050192
49,12,1,13,0.9514583202371887,1.0222855631034362,0.9758958774135515,30.091403287129587
49,13,1,13,0.9911980341422477,0.9666567550756339,0.9761178399463747,31.26869564139514
49,14,1,13,0.933890854834704,0.9965762920214246,0.8958388014630981,28.25866640300534
49,15,1,13,0.9568321045856278,0.9049548991299129,0.8762592055476722,26.094377743142747
49,16,1,13,0.9052607431268335,0.8198677853420319,0.8876334329048788,23.65244248207718
49,17,1,13,0.8379234740938144,0.8274243018690103,0.8679619899129354,20.971587994826336
49,18,1,13,0.7747419104043517,0.753691468791712,0.822576034438227,20.265183301820173
49,19,1,13,0.673171680049834,0.7111248374730309,0.828405478112352,17.153443051372722
49,20,1,13,0.6827734348638299,0.6521763705803895,0.91105260490159,14.986358528843976
49,21,1,13,0.45712531100584985,0.7008094256671379,0.7302098166319161,16.169220437318078
49,22,1,13,0.5319277655248283,0.5887337870848,0.7640467022639185,12.803671465471325
49,23,1,13,0.5224104968973582,0.6241406556762258,0.7181654450557049,9.31644126968006
49,24,1,13,0.4175155012580587,0.535601583820574,0.7277626084657665,6.69950973376639
49,25,1,13,0.47803392370341513,0.5156708764213654,0.6133061365835983,5.519373543588806
49,26,1,13,0.3525711120593918,0.42737956194057397,0.5954260400609839,4.403548757192997
49,27,1,13,0.27691566291131037,0.3511022569575243,0.6192173092003542,2.5600663487127595
49,28,1,13,0.19881199113407572,0.4582989693857084,0.5830661417706491,0.0
49,29,1,13,0.11331760663987737,0.33872116436278493,0.5375646612784336,0.0
49,30,1,13,0.16740866019356204,0.29009781728613393,0.5692405392713461,0.0
49,31,1,13,0.11593588005333633,0.24623285146412652,0.43779011231876974,0.0
49,32,1,13,0.07086858425726048,0.22533184896822256,0.4353866191479732,0.0
49,33,1,13,0.0,0.18721925744306,0.3858183973520215,0.0
49,34,1,13,0.0,0.15279143639974102,0.4104110069529901,0.0
49,35,1,13,0.0,0.09323528076770748,0.293121135091747,0.0
49,36,1,13,0.0,0.09090997071913869,0.2405584889360947,0.0
49,37,1,13,0.0,0.01918104722817524,0.1642083342353564,0.0
49,38,1,13,0.0,0.0,0.2219363786755401,0.0
49,39,1,13,0.0,0.0,0.2815514348601717,0.0
49,40,1,13,0.0,0.0,0.17784653518382335,0.0
49,41,1,13,0.0,0.0,0.25709637096162297,0.0
49,42,1,13,0.0,0.0,0.07382376607359359,0.0
49,43,1,13,0.0,0.0,0.022843856934361847,0.0
49,44,1,13,0.0,0.0,0.1393212136074915,0.0
49,45,1,13,0.0,0.0,0.0,0.0
49,46,1,13,0.0,0.0,0.0234973266446855,0.0
49,47,1,13,0.0,0.0,0.10965458403335163,0.0
49,48,1,13,0.0,0.0,0.0,0.0
49,49,1,13,0.0,0.0,0.0,0.0
49,50,1,13,0.0,0.0,0.0,0.0
49,51,1,13,0.0,0.0,0.0,0.0
50,0,1,30,0.9724810275570476,0.9918286384118782,0.9906477969474988,29.861088524530004
50,1,1,30,0.996566366133811,0.9969871491181349,0.9479394922014583,32.883011508019614
50,2,1,30,1.0609815290537958,1.063433746865244,0.9168657675344827,28.739889852694176
50,3,1,30,0.9706317296581807,0.9357606868724212,0.9781166580063868,30.60513172862444
50,4,1,30,1.0456066588649529,1.041890398675164,0.9323298124079313,28.382808868004016
50,5,1,30,0.9876522523763264,1.0489836063493971,0.9546692269731162,28.72984244800945
50,6,1,30,1.011884982387576,1.0337513536252063,1.0642431333249407,28.374663664720178
50,7,1,30,0.9587922401964235,0.9960849036903527,1.0365414467313077,29.500499200771337
50,8,1,30,0.9591364775058256,0.9586116611552071,1.095354130922619,28.987111457302444
50,9,1,30,0.9182491381183429,1.0165643311053807,1.012892840864195,29.133580337772422
50,10,1,30,0.9500219798651873,0.9138160437917062,0.9437043284791599,30.851103425548615
50,11,1,30,1.0229689761455651,0.9741503647836024,0.8659821455535451,29.30714146645914
50,12,1,30,1.016292082736286,1.0850390592482513,1.0436332446199983,29.092770846982173
50,13,1,30,0.9808700748477595,1.045177366362557,0.945443567475604,28.761693697647324
50,14,1,30,0.9641192377001133,1.0173068829162024,0.974981473051066,30.659962869041383
50,15,1,30,0.9634137241352446,0.974209227851013,0.9945238783719951,30.882160746023622
50,16,1,30,1.0514040618405045,0.9879536652796287,0.9975592510829553,30.394207447248256
50,17,1,30,1.050665244949576,1.0445474858093668,1.0064323759601113,29.883608455561692
50,18,1,30,0.9483615318710639,1.011178715469925,1.0521695766893395,29.207396266777813
50,19,1,30,1.0029833733675466,0.993333646675187,0.998672549539682,30.48073339463361
50,20,1,30,1.0042535733561293,0.9487393950777345,0.9862888451597315,30.223377234788046
50,21,1,30,1.0159321451129553,0.9608030011138763,1.054119200066977,29.848767815515863
50,22,1,30,0.9610121584698936,0.9567172077988872,0.9431035701477021,29.51730517605661
50,23,1,30,1.1398986466099967,1.0315919185886155,0.9713970146980265,30.242811446940383
50,24,1,30,0.930552811298288,0.966237144430437,0.9741294483076005,30.753493798083856
50,25,1,30,1.1886992231499396,0.9476599958104734,0.9935894906198455,29.072817878713582
50,26,1,30,0.976978581267162,1.0647798901128311,0.9506276721045404,29.834220628349556
50,27,1,30,0.9581125848761701,0.9567857387981168,1.0594114074722005,29.318257236644
50,28,1,30,1.0182115089367552,0.9473730408686272,0.9597421973208242,30.283014003931008
50,29,1,30,0.9838658272281218,1.0591319112738575,1.0223238438792934,29.099191597101886
50,30,1,30,1.0464119434303867,0.9569608167180363,0.9930021729385159,31.018546880209623
50,31,1,30,1.0060515708152087,0.9462291235837119,0.9071698289536273,29.101979487235653
50,32,1,30,0.8970726986001692,0.8446763172277292,0.813847020320027,24.460801140788437
50,33,1,30,0.8091452858002983,0.8850329947072869,0.9420000328917087,24.67716142522639
50,34,1,30,0.7553264832614577,0.8299145574503183,0.8097530988218455,22.68719051945283
50,35,1,30,0.7381226748645356,0.8412671995270654,0.8610946223043672,20.53911281733314
50,36,1,30,0.6352129439623189,0.6901659088982309,0.8895862053421576,18.987542775123256
50,37,1,30,0.5694563563477841,0.6873830856390785,0.7602763324025409,16.697295433080782
50,38,1,30,0.5438640815355312,0.7027044173141566,0.7021905201769901,14.946059835957756
50,39,1,30,0.6158705355560294,0.6544718535559517,0.7476725944442185,12.580781127083613
50,40,1,30,0.41748235101466147,0.5822244685233724,0.6932827231638128,10.514714176489093
50,41,1,30,0.48151093960492924,0.5523513232751552,0.48717278919890894,9.462994362728729
50,42,1,30,0.3844694759414725,0.5596756424867155,0.6489739459487276,5.856978598971725
50,43,1,30,0.3966181422021171,0.46373875078276583,0.6103381726679883,3.2139518744534454
50,44,1,30,0.3309248186279736,0.4236576045963137,0.6232369252790132,2.7242421864721846
50,45,1,30,0.22926407845828553,0.3592482447207437,0.5002755230995217,0.0
50,46,1,30,0.14694734912734875,0.34890614140557963,0.5935459889945912,0.0
50,47,1,30,0.11170095895734397,0.41966698486511467,0.4609986610056209,0.0
50,48,1,30,0.08433828510905549,0.27799261294077554,0.3701113958262025,0.0
50,49,1,30,0.08504392242935932,0.2309734808358684,0.3959571824576668,0.0
50,50,1,30,0.0034385011063519664,0.2018338225470543,0.37339184477865717,0.0
50,51,1,30,0.0,0.18438631092135624,0.43713122954980466,0.0
51,0,0,-1,0.9806921883502232,0.9308072970464955,0.9652205534304292,29.642202195202618
51,1,0,-1,0.9881060686562967,0.9994489582481354,0.9888670888396006,30.698249901732616
51,2,0,-1,0.9835524269209696,0.9995937101551619,0.9182484029028299,27.3033004308862
51,3,0,-1,1.0135061618223804,1.0710617653702414,0.887429169349514,29.028740664645884
51,4,0,-1,0.9135471074377267,0.9827380325398886,1.011736433205205,29.40590872965774
51,5,0,-1,1.0686903447182285,1.0184874366350636,1.0440329466551797,29.81759012494848
51,6,0,-1,0.9035881415547392,0.9949472045882038,0.9629045778861741,30.218872894206047
51,7,0,-1,1.032541577872497,0.9997102982164144,0.9865571170221799,29.987884944360257
51,8,0,-1,1.0354590470737537,0.9668046441152572,0.9123888718147914,29.78560943638823
51,9,0,-1,0.9298708828515443,0.923921766340775,0.9732242808534525,31.612551884171346
51,10,0,-1,0.9468513984966781,1.0131720481877262,1.0203804068764926,30.412975600984833
51,11,0,-1,1.0027163408990658,1.0346681237002222,1.022618907082786,29.598261204463274
51,12,0,-1,0.9438968389192207,1.0276703372239393,1.019736532923781,29.74067481998174
51,13,0,-1,1.0217413519213836,0.9765405953693227,1.0318606401249901,29.52665817637094
51,14,0,-1,0.9051647771245964,1.0061179921894101,1.1018794857004435,29.57524275357649
51,15,0,-1,1.0487263482300297,1.0438517324257548,1.0233888595444935,28.86575008836326
51,16,0,-1,0.9907479918742247,0.9584055866826481,1.0545927006725366,31.647070317447785
51,17,0,-1,0.9359631914057258,1.0484060863399496,1.0053946540181025,29.191235940405427
51,18,0,-1,0.9428120847780947,0.9780825286606999,0.9874637909951178,30.368268097934834
51,19,0,-1,1.0419413065062135,0.9702381353539558,1.0536078531781894,29.056105695915445
51,20,0,-1,1.0304107022240994,1.040266905864152,0.9461297387645804,31.021335310509244
51,21,0,-1,1.0147518332078054,1.000806977223792,1.0708649820262677,30.791434221027227
51,22,0,-1,0.9638926784784615,1.0084089694792742,1.066515377735907,30.34321469315147
51,23,0,-1,1.0043705798362716,1.0363220978951717,1.0773799461969626,30.814836013808865
51,24,0,-1,1.025639801768202,1.0019163665290642,1.0070376790104205,28.833551673694018
51,25,0,-1,1.1315929348688927,0.9760988024533386,0.9884602079283413,28.65526018221335
51,26,0,-1,0.9939545552747946,0.9663836680191019,0.970355667416411,31.271070703860467
51,27,0,-1,1.0841774409476246,0.9786820537601466,1.0436298661630645,30.453221949312823
51,28,0,-1,0.9709426085125523,0.9612043861709885,0.9827041230489271,28.806362049458464
51,29,0,-1,0.9739043438256948,0.9639526623568256,0.9436994281695055,28.09278070245818
51,30,0,-1,0.9810174648595398,0.9922459726038959,0.9912758392760149,29.890033605699177
51,31,0,-1,1.0314407334432412,1.034391827958885,0.8886813512679519,30.488145218111665
51,32,0,-1,1.0157247670703233,0.9295901392084115,0.9874189785754348,29.735899537050173
51,33,0,-1,0.937108189821784,1.0091896256690929,0.9485360170835898,29.630933362764704
51,34,0,-1,0.9417998005581214,1.0415606311146868,1.0433865714567085,30.33870585376258
51,35,0,-1,0.9290731760076464,0.9715905824277445,1.043042382015587,29.87437083622388
51,36,0,-1,0.9840212670244547,1.041406384643919,1.0348021087905466,29.13816145966464
51,37,0,-1,1.0065422469895584,1.0824265928698193,0.9428639498277942,29.35239478177829
51,38,0,-1,0.9994784621484054,0.9676149766001672,1.0466928574068448,31.796061384005228
51,39,0,-1,0.92268305393953,0.8774741787635668,0.9695815492070329,29.440275402972794
51,40,0,-1,1.007063966392777,0.9836318764797575,1.0305762630025614,31.38796203858237
51,41,0,-1,1.0462877424661252,0.9850643828701476,1.030570846380277,31.89400331822797
51,42,0,-1,1.027258013006587,1.039295951245934,0.9652280359435557,29.781862811443915
51,43,0,-1,1.0052461926953649,1.026885684742911,0.907253012039447,29.07790254088807
51,44,0,-1,0.99748461565266,0.9774525760571586,0.9792056407919466,29.684153146845542
51,45,0,-1,1.0387316063740675,0.9740554380231295,0.9061542830335537,30.1523614251705
51,46,0,-1,1.1065598188442556,1.0960091037178148,1.0880461505428523,30.150023414512876
51,47,0,-1,1.0361534279996933,0.9836787393814417,0.9228702392353204,29.762692032298954
51,48,0,-1,0.9659482262602545,0.9323880361451846,1.0223194354555418,30.582175235588508
51,49,0,-1,0.9941067581863339,1.0336245533709487,1.0572571541318372,29.273374323222665
51,50,0,-1,0.9907428077353982,1.087573934684046,1.1050209992501194,30.05120194675689
51,51,0,-1,0.9915767844023108,1.023791913206424,1.0580808586334578,30.36274454784753
52,0,1,29,1.0366743899674578,1.015733639554166,1.099322342348286,29.10624170612208
52,1,1,29,0.9588549487989293,1.0283247125222978,0.8980471185889596,30.214943143664478
52,2,1,29,1.1133532375426567,1.0209196884860665,0.8707902306163157,30.398012184059848
52,3,1,29,1.0418422532125198,1.0282208067117231,1.010843205389628,31.609659403406116
52,4,1,29,0.9984741018569423,0.9971507474046052,0.9421712954280576,28.435416619015193
52,5,1,29,0.9892101470821916,1.0134114483828252,1.0978593449431213,30.84242868045773
52,6,1,29,0.9443164936368657,0.9503945296973735,0.9396880003429888,30.096712585205843
52,7,1,29,0.9531359077048274,1.0287047523785315,0.9985445032107066,31.35614515815111
52,8,1,29,0.982598947820742,0.9862952490656149,1.103187525606138,29.03977919839898
52,9,1,29,0.9760986371413296,1.039954905522808,1.0982989278831676,29.13608077845507
52,10,1,29,1.0007154032440602,1.025571360885849,1.0472291247743621,30.9428636868685
52,11,1,29,0.9539598057888221,0.9683335597449414,0.9493534115113915,30.24615151793344
52,12,1,29,0.9065282104582212,1.0294565055644636,0.9173291241627083,30.457647533049084
52,13,1,29,0.989808706792791,1.071698386464415,1.0227708858614788,30.491938828078236
52,14,1,29,0.9400680415662765,0.9485077169600131,0.9631301205649954,30.358645948225888
52,15,1,29,1.0291547126172007,0.9918337859738249,1.0097839395150814,29.8977227233802
52,16,1,29,1.0170193837296861,1.0139061695740257,0.8970168832015566,30.15312433696078
52,17,1,29,0.9964678522891312,1.0009155513045975,0.9971359560885056,31.204263255802605
52,18,1,29,1.083995974083195,1.033481157740005,0.9461900125197773,30.304490947253186
52,19,1,29,0.9448850947744669,1.0136578055508976,1.094792329364766,30.156783024487645
52,20,1,29,1.0354860876709124,1.0309358431120423,1.0419233300420265,28.813566904023126
52,21,1,29,1.100710709553628,1.0070874087764565,1.0083330095624483,30.757068163286995
52,22,1,29,1.0162851630714846,0.9752540117408046,1.075485308195348,29.433350210627115
52,23,1,29,1.002882559194462,0.9943506647529674,1.0684851595799056,29.618111011132868
52,24,1,29,0.9162756982762443,1.0458858691875963,1.017310415473036,28.857830281862565
52,25,1,29,1.0020233774795497,1.0839759175002064,1.1319659635435193,28.05563602129899
52,26,1,29,1.0190212931252118,1.0363579638183713,1.0403931274956133,30.729520976737106
52,27,1,29,1.0205265041492988,1.0092765553189518,0.9215725216360179,29.852025779283217
52,28,1,29,1.012920590181892,1.001856577397822,1.1039990422721486,30.441823093727162
52,29,1,29,1.0784949529958352,0.9435771780115827,1.0462066357588964,28.969492193391563
52,30,1,29,1.0193050322093185,0.9987492940320645,0.9868177899681424,28.520116006440503
52,31,1,29,0.9138176353309891,0.9619733214191885,0.9011242815052956,25.555432706831706
52,32,1,29,0.9216754675460199,0.8960441171968435,0.93152237754717,25.858431919732148
52,33,1,29,0.7867315625697461,0.8092954457539959,0.8767685920641165,22.103273571145188
52,34,1,29,0.732034636997399,0.8248098834715302,0.9527672617621172,19.975243127930955
52,35,1,29,0.7115447376750074,0.7071714373558806,0.8303733917971879,17.59022790824452
52,36,1,29,0.6962102630456979,0.7316174368727197,0.9531004224744377,17.918936386116194
52,37,1,29,0.6149351375877858,0.71895689079806,0.7622995444617374,15.20127198785465
52,38,1,29,0.5683113976285328,0.6043369178688118,0.7497858598093957,11.526119875060306
52,39,1,29,0.5659347334921719,0.6485077602273196,0.6466424851333245,9.268245217258764
52,40,1,29,0.4195553690749236,0.5895542160572342,0.6534189985535238,8.133861003569356
52,41,1,29,0.42211863023388096,0.5381697899885483,0.6943156130963443,5.261611100997331
52,42,1,29,0.3577586603464782,0.5013608273141257,0.7482648384964276,3.8271887083079306
52,43,1,29,0.2789438974225372,0.46358378130501,0.4894828691635794,0.9541457666080959
52,44,1,29,0.23870354399415414,0.3933734223775381,0.48989171567907397,0.0
52,45,1,29,0.23611604500423636,0.45803255738392756,0.4519770399104074,0.0
52,46,1,29,0.1437483779095811,0.3238005429430286,0.40831923446276097,0.0
52,47,1,29,0.12120625266214619,0.262819510595096,0.524104002354826,0.0
52,48,1,29,0.02994243719192832,0.19775088429028628,0.4834041118874194,0.0
52,49,1,29,0.028603594847772043,0.2227015366229602,0.4624037738528041,0.0
52,50,1,29,0.0,0.164405479921308,0.3728735573222786,0.0
52,51,1,29,0.0,0.11373537651842737,0.38889998614154675,0.0
53,0,0,-1,0.9792901297397651,0.9909984030786121,0.8578919791153095,29.811990967986556
53,1,0,-1,1.04429460621636,1.028422325472598,0.9662277980750773,29.71546875166563
53,2,0,-1,0.9845751505514546,1.0131644413980627,0.9060658885115862,29.57008349643297
53,3,0,-1,1.0249389731095049,0.9826879261913699,0.9767104717890138,30.080615817007764
53,4,0,-1,1.032186553849084,0.9784951858087428,0.9418857657955804,30.981863622250227
53,5,0,-1,0.986587395740168,0.9286546796462701,1.039930169511778,29.573117428937074
53,6,0,-1,1.0206360186140742,1.0419968701810225,1.0602675831012518,31.831008632262318
53,7,0,-1,0.9672855802481723,1.0286270500260095,1.0223072800580912,30.58951690112812
53,8,0,-1,1.0614346499872505,0.9509768928120333,1.066298071282512,28.752006218586885
53,9,0,-1,0.9427343884336715,1.011246637618396,0.9009352423496796,30.406181138832324
53,10,0,-1,0.995758659580157,0.9604969661967526,0.9976244270004326,27.8619394897532
53,11,0,-1,1.019680564264887,0.9977848427606111,1.0063655861254723,31.499546543514484
53,12,0,-1,0.9915954238766596,0.9397297274666482,0.9747320377187955,30.26916482819468
53,13,0,-1,1.0564253988863106,1.0423737361902097,0.8684814776959104,29.118394320186116
53,14,0,-1,1.0391879182231358,1.0078719090262693,1.008258026479386,28.850256355603708
53,15,0,-1,0.9906534355451809,1.007867918055353,0.870359791872739,30.224107087941984
53,16,0,-1,0.9722351870109394,1.0397057103129972,0.9485876923190045,31.400900680909455
53,17,0,-1,1.0065751369606912,1.0121663753307542,0.9352387726941234,30.042527714077508
53,18,0,-1,1.0981521566709194,0.9536531776835142,0.9548978751787873,29.36605012061501
53,19,0,-1,1.0282359640957497,0.9793440501306252,1.0418651592453843,32.57185306068905
53,20,0,-1,0.9500070983036116,1.0538581891240686,1.1013055739615982,29.61793610502346
53,21,0,-1,1.0339499977424333,0.987014281684745,0.8859108800896875,29.80705005717385
53,22,0,-1,0.9392564126925387,0.9535371270696207,0.8420236995991177,29.83748712122271
53,23,0,-1,1.003977633802428,1.0463940958983995,0.972005575724414,32.396933129984895
53,24,0,-1,0.9923175416531863,1.038148653498484,1.0431017199151185,30.151348553620608
53,25,0,-1,0.9912676314990726,0.9828845558893345,1.0844786717382533,30.547461952055258
53,26,0,-1,1.0328225013425942,1.0056387229957475,1.070507371652199,29.050568295786018
53,27,0,-1,0.9975841903782381,0.9412928213929617,1.018455108409079,28.52018502904664
53,28,0,-1,1.08548168489969,0.9929976381316312,1.0648974146233685,30.073711602806284
53,29,0,-1,1.0202244592815333,0.974750934439062,0.9751167291889276,30.683194539656018
53,30,0,-1,1.009120263486768,0.9913361092361569,0.870959075844552,29.31737496074998
53,31,0,-1,1.0090093752558,1.0451309229657233,1.034576208539345,32.04984584307832
53,32,0,-1,1.0478583466382871,0.9860940436262875,0.9570044614171276,29.426112184546554
53,33,0,-1,1.0456668938752467,1.0393496201761208,0.9819021009769683,29.127431150634525
53,34,0,-1,0.9590770108458915,0.9923799496027806,0.8964654872986597,30.262821454726705
53,35,0,-1,0.9507786568544758,0.9906777966666162,0.995066680044158,28.41032375132702
53,36,0,-1,0.9798058759244778,0.9333097146380944,0.9273326266423342,30.038456948005706
53,37,0,-1,0.9960833737442064,0.9226141044899749,0.9881401713852943,29.740791057183987
53,38,0,-1,1.025889400644537,0.988132965043737,1.080817684139737,29.88613408849599
53,39,0,-1,1.018661573541882,0.9654013073224688,1.0175418438312176,31.16129486045766
53,40,0,-1,1.0178834623341495,0.9979589687199762,0.9083183893247466,29.699753479232317
53,41,0,-1,1.0262110570396288,0.9942473806870852,0.9881800364238592,31.58273315853898
53,42,0,-1,0.9718946830807322,0.9921949923071195,1.0024670916803875,29.98988827946932
53,43,0,-1,0.9645965652456625,1.018071786694738,0.9882046248999187,29.450108462211603
53,44,0,-1,1.0331720735331433,1.0143993917758274,0.9477686226852259,31.963614418957043
53,45,0,-1,1.0190333459708072,1.062157400663001,1.0036033527215835,28.315400283907238
53,46,0,-1,1.0817290958533585,1.0250172540431464,1.041948160593168,28.894240610412872
53,47,0,-1,0.9775842399107437,0.9984399667967553,1.1162893729145016,29.74984386005364
53,48,0,-1,0.9857228635400022,0.9499947671958306,1.0185715353967282,29.97292644001688
53,49,0,-1,0.9661586768754518,0.9804202425545244,0.9649289336911544,29.64155785965305
53,50,0,-1,0.8794893229430807,0.9259246058813517,0.8980951224648912,31.638812541526246
53,51,0,-1,0.9766979536927421,1.0500313907175511,0.9210047522916196,31.428244602554614
54,0,0,-1,1.0604644711452997,1.0424074710373163,0.9653089308975991,30.224259493692106
54,1,0,-1,0.9411962619619423,0.9827260500114209,1.0431554497604305,31.38435316325954
54,2,0,-1,1.0764755082214856,0.9803864149973548,1.0635770613589002,28.485462636583964
54,3,0,-1,1.0321672265730566,0.9757673890373254,0.9467825419363438,28.917675286470327
54,4,0,-1,0.9496766691253886,1.043314350872262,0.9950686027017571,29.847983831417576
54,5,0,-1,1.0216940900517937,0.985216672632555,1.066478574081313,28.88944668298952
54,6,0,-1,1.0312048434688796,0.9806113274897937,1.0959901776209415,30.192935179907572
54,7,0,-1,0.9853112474418007,1.004338886494682,0.9191566275078652,26.70397745391564
54,8,0,-1,0.9786955487928972,1.0256521359447826,0.9861964876733588,30.700104942646554
54,9,0,-1,0.9357273462886196,1.000678485068921,0.9208544563497806,30.038880862530924
54,10,0,-1,0.9042063508704812,0.9491564738396078,0.8717693769416737,30.216220713330205
54,11,0,-1,0.9488900589336156,1.0212008702814441,1.1182806411360646,31.010572917796164
54,12,0,-1,1.0421657509866424,1.0466861695695757,0.9728587882038542,28.64257636859254
54,13,0,-1,0.9304141682039487,0.9922802834380892,0.9767638615221912,28.7669189970496
54,14,0,-1,0.9462787679858351,0.9525409761407286,1.011363468357205,30.62973059287607
54,15,0,-1,0.9261142262198667,0.982791688470603,1.022092502644426,29.558737149887993
54,16,0,-1,0.9643323363586954,1.0347880390917839,1.1595462013810793,29.182364151039657
54,17,0,-1,0.9868526394394335,1.0276498865624177,0.981248129179703,29.36740156031706
54,18,0,-1,0.9916970175618928,0.9385158424588702,1.024361877852485,29.420372828237646
54,19,0,-1,0.9651389823347952,0.9854609360767628,0.9389038305367635,30.560004724372092
54,20,0,-1,1.0807344251239936,0.9330319498991774,1.046239914345201,27.54237866835957
54,21,0,-1,0.954802780828444,0.9969243935073936,1.0770996624872464,30.341321548338968
54,22,0,-1,1.0829675076821297,0.9995197609797454,0.9584758154724916,29.313978861117032
54,23,0,-1,0.9432873150703981,0.9857974923623728,0.9741165483871129,30.626754541220002
54,24,0,-1,0.9957330725996605,0.9490364951547088,1.0509082347831635,28.816170812669572
54,25,0,-1,0.9586326319151046,1.0121534332707058,0.920060020013953,30.093522317317717
54,26,0,-1,1.0060206888096876,0.9073958960009493,0.9254544828280247,28.195123160617648
54,27,0,-1,0.9213248240291391,0.9814536721905197,0.9653088449252034,30.18981122390898
54,28,0,-1,1.046393720909814,1.022571431853264,1.062504632362275,29.653608284362807
54,29,0,-1,0.894085269244917,1.0053587911007298,1.0992550726214767,31.255706428293088
54,30,0,-1,0.9700116985676688,1.0510451811764956,1.0885929677930302,26.856355802708944
54,31,0,-1,0.9804053942290873,0.9487390581812836,1.0042290818754978,28.934113041572775
54,32,0,-1,0.9391652961524614,0.9953144034453544,1.0667212419144125,28.659535935143833
54,33,0,-1,0.9395776737758653,1.0014208776838838,1.0268166457939762,30.314948033776744
54,34,0,-1,1.0005831779263803,1.022554671546419,1.1251488963086906,31.710199879743378
54,35,0,-1,0.9866020668240337,0.9778523319111297,1.1281830996396702,29.948793146116515
54,36,0,-1,1.0386479270868572,0.9581185970789841,0.9736642791748359,31.49988261144049
54,37,0,-1,0.9940003409491638,1.0074700720639407,0.9039508925159644,32.664974545850654
54,38,0,-1,0.9514636175593791,0.9871481217792158,1.0605265933999675,30.200872543466048
54,39,0,-1,0.9848023896652426,1.0214982534771189,0.9701619325028457,31.74221438103257
54,40,0,-1,0.9582588360775186,0.9764299792676733,0.9403256830266571,30.020398272668704
54,41,0,-1,0.9091517772679801,1.0296408991514365,1.09957200139048,31.099123592232782
54,42,0,-1,1.0530706137482218,1.0032281858870844,1.0367811867513674,29.841283211588088
54,43,0,-1,0.9710345243417912,1.0024374750128808,0.9524803710704239,31.761067301502912
54,44,0,-1,1.0162901114827914,1.038151941531774,0.8928784245182215,28.91615058255439
54,45,0,-1,1.000735129869841,0.9660970403398584,1.082377013396143,27.48502448502041
54,46,0,-1,1.0578986130889556,1.0173505379527519,0.9247231512293891,30.258924335529013
54,47,0,-1,1.002899366474312,0.9256838949374542,1.020326252110526,30.108554891719383
54,48,0,-1,1.03252144212497,0.9803995267949961,1.0855672017681468,28.93038786799748
54,49,0,-1,0.9943800499997165,0.9883817524114697,1.0594561720293647,28.802871903697856
54,50,0,-1,1.048083707430665,0.9762325282886924,0.8953225231773302,27.77961318792128
54,51,0,-1,0.9981778896958536,0.985619925421761,1.044007635949698,30.49214765182564
55,0,0,-1,0.9727016506677786,1.0034851855964726,1.0268364755923622,27.48150682074142
55,1,0,-1,1.0037021768323637,0.9831540142606199,1.0203649250590152,29.895292677023846
55,2,0,-1,1.0642810204263025,0.9453885048287018,1.0000143111298663,29.47726198097846
55,3,0,-1,1.0055988034117653,0.9614791884980494,0.9761726784437843,29.431795268896686
55,4,0,-1,0.8886819804335051,1.011506088216449,1.024553618100528,29.40059217555397
55,5,0,-1,1.067530154779679,0.9768120529377643,0.9546474823042348,31.23705592133669
55,6,0,-1,0.978236192908469,0.9623032828212569,1.0219186757563492,29.690880566683433
55,7,0,-1,1.0477958692199731,0.9789754581478933,1.0284998381488049,29.66847911871336
55,8,0,-1,1.090531647688972,0.9724599513411292,0.9691565845608665,29.92697079248317
55,9,0,-1,1.0235771556091346,0.9943973413722046,1.0068225524068932,31.073210607892776
55,10,0,-1,1.0599364135816198,0.9465508792845293,1.1195009018927446,30.549951425390088
55,11,0,-1,1.0454966674295227,0.9956499500339189,0.9573942139564467,30.652171940011193
55,12,0,-1,0.9739216304027661,0.9660865844138308,0.9879998575544756,31.760524506252423
55,13,0,-1,1.0214365015966227,0.9873863634489791,0.9373056577215043,33.081842712109705
55,14,0,-1,0.9124036260139774,0.9613131302914389,0.9914657161098206,29.807010880562178
55,15,0,-1,1.0140359202441382,0.9063441705983272,1.0560912334004586,29.518887238081362
55,16,0,-1,1.0786793828361303,0.9733086598638248,0.9770308735697968,29.125650027843587
55,17,0,-1,1.0070061165364073,1.025697672373546,1.019511510002909,30.523111351498233
55,18,0,-1,1.0185159902706702,0.9777182362038386,1.0402051356218134,29.08094343724971
55,19,0,-1,0.9507999024301017,0.9257880293308028,0.9237387127701233,29.381894363396082
55,20,0,-1,1.0795779658011815,1.0220012754921664,1.0347070760717143,29.969285198498078
55,21,0,-1,1.1215177046224143,0.9909746686442316,1.0279328678542559,29.82468581387081
55,22,0,-1,0.9774439745927643,0.9781366127471512,0.9463784553734863,30.574434660799103
55,23,0,-1,0.9658013830221667,0.9181623866195098,1.005662615891194,28.401846714819932
55,24,0,-1,1.0180932248516605,0.9795483213857323,0.9365739008860281,29.68327123959267
55,25,0,-1,0.954247685751551,1.0303613179075413,1.0115010536606055,30.725746524963025
55,26,0,-1,0.9560137368699952,0.9381538474208386,0.9715121460919782,30.084220417050027
55,27,0,-1,1.0145771487235593,1.0658136792037216,0.944296021821593,29.966433803360644
55,28,0,-1,0.9881572929951722,1.0061554852669996,1.0880566070919833,30.20155656342489
55,29,0,-1,0.9401517838097871,0.9601445573040678,1.0135032060630011,29.37386472362951
55,30,0,-1,0.9599550613363872,0.961819624417899,0.9931600211398007,30.67694590859976
55,31,0,-1,0.9928349659920365,1.0059038055733076,0.9152861532117438,31.843576576831563
55,32,0,-1,1.0171002925007884,0.9780956386055488,0.9236893387468392,31.29968333544532
55,33,0,-1,1.112917603317774,1.0018148001568183,0.9701657835688573,28.8776716014451
55,34,0,-1,0.9725093054728305,1.0005867762763057,1.05402202998525,29.299789113285037
55,35,0,-1,1.0105837117580005,0.9714781350874017,0.984302956667721,28.259375338837234
55,36,0,-1,1.0324190175356516,1.0331551784136368,0.9960806411197128,28.214787838219486
55,37,0,-1,1.0293173949316878,1.0574289662505523,0.9335366331661,29.971102346984285
55,38,0,-1,1.053095074663783,1.0283052664678594,1.0490955391825143,28.518212975238583
55,39,0,-1,0.993986248177735,0.9457223312719883,1.0144643900271022,30.219054948907434
55,40,0,-1,1.1053630654556317,0.9937623038646511,1.0205819725446816,28.47237739066881
55,41,0,-1,1.0783208031250684,1.054127370727023,1.0246338840880134,29.460766635900136
55,42,0,-1,1.0176797040921284,1.0587243270511932,1.047964924614176,29.781609503208443
55,43,0,-1,1.0038098426922415,1.070930249592149,0.9076721600144442,29.46440445848494
55,44,0,-1,1.0389461757410385,0.9499087625959146,0.9306700309957059,29.87326733819357
55,45,0,-1,1.0748219320033947,0.9798622301433365,1.0111685241609736,29.468269993689056
55,46,0,-1,0.9892939979955437,0.9842604641779695,1.0704437932036062,28.58425864948219
55,47,0,-1,0.9828743906060867,1.040657886042076,1.007939938489297,28.522652477292326
55,48,0,-1,1.0626346436827463,0.9747410292214267,1.0055857200476261,30.392881763121117
55,49,0,-1,1.0480795540159153,1.0130857008683836,1.0145098189159882,30.512159874560886
55,50,0,-1,0.9251951262368239,0.9970692260216516,1.0527778042844802,30.951635494976333
55,51,0,-1,0.9569902807489551,0.9337131292953067,0.999880887278234,30.914746614342036
56,0,1,33,1.0357971942073771,0.9809196320609483,1.0313113624662016,30.593390593874084
56,1,1,33,1.0583253089497957,0.9807040218537966,1.1116789677836274,29.44082135508777
56,2,1,33,0.9434826413351196,1.0089103459589612,1.1030174380693918,28.460684414187384
56,3,1,33,1.0301406567542977,0.9688103126306334,0.9001339266816498,27.487201559924436
56,4,1,33,1.090329981968005,0.9644115496695193,1.1279527526554638,28.700960460103033
56,5,1,33,0.9583281889126553,1.0146203223910464,1.0335271062366576,28.647621866057612
56,6,1,33,1.0088225352074338,1.0191243593947814,1.0131870945243666,31.176049555888017
56,7,1,33,1.0248889511945318,1.0155332784094135,0.9370940841998583,31.080365162363247
56,8,1,33,0.931936709931574,1.0091244856464159,0.967167746055558,28.997229557256265
56,9,1,33,0.9834287323018138,1.0373978049563684,1.0167776606798429,30.23910358675835
56,10,1,33,0.9806195365578185,1.1059720107846898,1.0465334639476849,31.637253459117016
56,11,1,33,0.9631736308112182,0.9885575407273466,1.071674972967717,30.145278750142843
56,12,1,33,1.0358290458690673,1.0495059496314947,1.0054116625751506,29.759371515274484
56,13,1,33,1.0161031089744825,0.9922110830807849,0.9746255316066651,30.79583082589146
56,14,1,33,1.0478082119479677,0.995244902801587,0.9773193644834272,31.146914398941668
56,15,1,33,1.0211307128085758,0.9341837265956998,1.0637340434733815,30.63093067743878
56,16,1,33,1.024971815687296,0.9398870097665339,0.9644617124211367,31.09233654095424
56,17,1,33,0.9773470385948673,0.9832311353113651,0.9958814179038313,29.99315247042942
56,18,1,33,0.9585817146418554,1.055797513039268,1.033619989696372,29.414313696209938
56,19,1,33,1.056867582606817,1.0461391566425968,1.0883580155312693,28.75400108572993
56,20,1,33,1.0367082996533092,1.027483549301132,1.0604383686822743,29.19786638578024
56,21,1,33,0.9809449533807344,1.050216642497259,0.958276486284715,30.282845519735773
56,22,1,33,0.9459530555234689,0.9987014833416668,0.960823943574186,31.78393379785763
56,23,1,33,1.0286983407887371,1.0282104605448037,0.962124094659342,31.172261711724293
56,24,1,33,1.0197907626276896,0.9893679614785836,0.9530885821580592,30.919026376284926
56,25,1,33,0.9746763763995805,0.9785061434133825,0.9499375776207983,28.44605984225883
56,26,1,33,0.9719463052161568,0.9689017619913739,1.0333822524719638,30.106373960785845
56,27,1,33,0.9386153150026675,0.9903431701058437,1.061087357520401,29.51515453503969
56,28,1,33,0.8872374789554354,1.0215196549952712,1.0988036327331199,32.710013363601234
56,29,1,33,1.032278860711813,1.0772968935341334,0.9503840651068107,30.403451611296006
56,30,1,33,1.0197934603562477,1.0347562033728004,0.9809292630630166,28.828561714804326
56,31,1,33,0.9438210466391083,0.9738723593349266,1.0303387865413856,29.488425208463205
56,32,1,33,1.0053323597936306,1.0301213660702746,0.9827510438023355,29.744861920952175
56,33,1,33,1.0055227708980055,1.015219173775211,0.9029384111793786,30.489425162705928
56,34,1,33,0.886302018685874,0.9562516472094783,0.8650743271007585,28.45370377745607
56,35,1,33,0.8564913428664428,0.950680905476551,0.9854103194231215,26.24454871135939
56,36,1,33,0.7595576558099102,0.8388180525839295,0.919895284315479,24.195541769198368
56,37,1,33,0.7390933064575749,0.8770031680607171,0.9521632143502409,22.406464250666033
56,38,1,33,0.809683852193395,0.7954051723917778,0.7153979696909172,19.742212822849154
56,39,1,33,0.6916867577693107,0.7919619210469196,0.8076084777593157,19.232008701902892
56,40,1,33,0.6511304258447063,0.6746395176230797,0.7755085278061952,15.338017929936049
56,41,1,33,0.5378875228685557,0.610112757788045,0.799159878505345,15.470196111522345
56,42,1,33,0.504752139488645,0.6289048132160912,0.7706168167537403,12.318882702768985
56,43,1,33,0.5009080429102459,0.6007858703934893,0.6339669964455653,9.97002805616988
56,44,1,33,0.3930269665710357,0.5391051063760355,0.7149201837270207,6.544356698277115
56,45,1,33,0.3143122698012419,0.5098173860908553,0.6913881438015225,7.1319675995725635
56,46,1,33,0.3242745117046525,0.4883308864565995,0.6379292391762524,4.965532546494635
56,47,1,33,0.26033891326249325,0.47222561951112235,0.5391040149248358,3.2235550329807765
56,48,1,33,0.27725000871558275,0.4053447812237932,0.5843062668838823,1.2636002333599894
56,49,1,33,0.21531619249883152,0.36751944737334824,0.5977619515056167,0.0
56,50,1,33,0.11127305646825389,0.26831144492829406,0.5460912774647059,0.0
56,51,1,33,0.12283833817414641,0.31317918597757616,0.4893651719389898,0.0
57,0,0,-1,1.0234697709874476,1.040500059150969,0.9486139960108109,28.41672234362069
57,1,0,-1,0.9825863813877382,1.0518569634301649,1.0276399581173834,27.690103248104002
57,2,0,-1,1.0513955517341453,1.0238543370400408,0.9867106331491439,29.574100028747914
57,3,0,-1,0.9739220210814978,1.0163119150934103,0.9536045181142112,29.83629421928401
57,4,0,-1,0.9447777080822812,0.9961461974918601,1.0069609239595492,30.236290971048728
57,5,0,-1,0.9567482340360212,0.9907545566076458,0.8714563643525427,30.161700753588896
57,6,0,-1,1.0026483745564223,1.0000361615030602,0.9894017284445221,30.340517246427318
57,7,0,-1,1.0088337588059642,1.0371812651146053,1.0749916438814906,30.402855611103583
57,8,0,-1,0.9877032297496209,0.9480197905902201,1.0114102407108512,30.208599776422705
57,9,0,-1,0.9797343574361583,0.9943707367376455,1.0178275796217948,30.473742529550808
57,10,0,-1,1.0686903878647216,1.0268965547611097,1.0104174043262442,29.807819522753984
57,11,0,-1,1.0349565483334067,0.9663016634842199,0.98184941761115,29.746424245713357
57,12,0,-1,0.9160447293340437,1.0476236560055223,0.932094523895817,29.970876667195498
57,13,0,-1,0.9645834128383298,1.0257805349272306,1.0589090342817844,29.28429691372253
57,14,0,-1,0.9335134733550845,0.9514547126314669,0.9786490035659439,31.002709712398143
57,15,0,-1,1.0105695064304037,1.0043410368887467,1.1002970335427087,29.047262261590525
57,16,0,-1,0.9348167153115394,1.027950617274025,0.9425844202181339,29.07992459971111
57,17,0,-1,1.0946265487726718,0.930673572883038,1.0117291989115418,31.437957020069295
57,18,0,-1,0.9358220249508389,0.9965907890241423,0.9432224259868884,31.723819876014577
57,19,0,-1,0.9942002335169169,0.9438857059789951,1.0867527993368027,31.32638334983338
57,20,0,-1,1.0439732766957526,0.9744951213381619,0.9637631999981304,28.920683770494428
57,21,0,-1,0.9230633465371916,0.9792694860454517,0.9558996472927396,32.05478234592217
57,22,0,-1,0.9989130523278891,1.0683136438409737,0.8608494597656717,30.092081319325796
57,23,0,-1,0.9492216591299513,0.9587291991902276,1.061600923216785,29.69271263197054
57,24,0,-1,0.9801519730617,1.0109605063962166,1.0578583435524453,29.601160464704606
57,25,0,-1,0.9132966264887318,1.0327105932236,0.9763005777816668,31.40152289424608
57,26,0,-1,1.019530206712715,0.9120488155122634,0.9977527541989771,29.07128085268339
57,27,0,-1,1.0109910704956564,1.067370652175085,0.9938970362610222,31.682320878724102
57,28,0,-1,1.0090244035926281,0.9640420581966017,0.9729969395343481,30.299473330069667
57,29,0,-1,1.0018953152692989,1.0010258886651682,1.0818174591398482,30.064838102593328
57,30,0,-1,0.9412694763527153,0.9480772364572805,1.0282832680348628,30.857642139345405
57,31,0,-1,1.0841219571519685,1.0391452628232876,1.013461357715122,31.411716473045804
57,32,0,-1,1.0858418711851574,1.033288022102052,1.0673649093584088,28.905185492727473
57,33,0,-1,1.0241544595235152,1.1204698677016123,0.8894975752011526,27.877869023352545
57,34,0,-1,1.0592016502144626,1.0359275567254074,1.0007620946529867,29.210506765452088
57,35,0,-1,0.9223838028192145,1.01563680988777,1.1050586452126128,30.807577350099383
57,36,0,-1,1.0345863045422221,1.0539109157064193,1.0596696367507166,30.86208326630262
57,37,0,-1,1.0074057920244608,0.9774132047824711,1.0430133510628774,29.418309037367536
57,38,0,-1,1.0443540345806772,1.03890862300575,1.0312459258500877,28.603785533649365
57,39,0,-1,1.015626870423139,0.9369004862540655,0.9535673967681427,28.822630094473773
57,40,0,-1,1.0108441494452962,0.9704798316515927,0.9791050355582673,27.71524276501653
57,41,0,-1,1.0255552805429502,0.9483701018477045,1.0933316508024327,30.68237234658518
57,42,0,-1,0.9921627659318204,1.0056676387018353,1.0559290937916306,29.718732466190428
57,43,0,-1,1.055708286972365,0.9755779777695475,0.9566003953539497,30.189261845652776
57,44,0,-1,1.0059458562224022,1.027184482228637,1.0033209681125477,28.47018293435852
57,45,0,-1,1.1129704935871052,1.0783358031930432,0.993030733489483,29.92302784030709
57,46,0,-1,0.9782645361536842,0.9831711469426775,1.0307670585062574,31.850363789496974
57,47,0,-1,0.988934734909673,1.0764998465904625,0.9950110933579815,30.375539139546298
57,48,0,-1,0.9803187654046787,1.0497770025729176,1.031439870171974,30.693563419980492
57,49,0,-1,0.9869610300814066,0.9936091945504133,0.9674476182242021,28.417473425285475
57,50,0,-1,1.058004423614837,0.9857143794792276,0.9926809168178947,29.318477093660917
57,51,0,-1,0.9566490470815704,0.967530523176926,1.0066002174000157,29.620830256168848
58,0,0,-1,1.022695913555391,1.044890256267595,1.0646226143228112,27.374777837266308
58,1,0,-1,0.9619609884952814,1.0151862192770376,0.9878215745581057,29.887977635805953
58,2,0,-1,1.009038324299455,0.9978832619899931,1.0597876347102426,30.657859798471417
58,3,0,-1,0.9240790375213407,1.0328982224376804,0.9338957313311465,29.15330061947443
58,4,0,-1,0.9884130925386245,0.9921569111623819,1.0143904111399373,28.629919752366856
58,5,0,-1,1.089352215921982,1.0691214117854515,1.0171324584324888,30.30514638160481
58,6,0,-1,0.9683788391895103,1.0263635269731786,1.008852615616387,30.34892996392516
58,7,0,-1,1.0061145190260607,1.0211052714088855,1.0148364232937481,31.810479076354138
58,8,0,-1,1.0244055204061813,1.0379857292518544,0.9826714616448823,28.051301525856626
58,9,0,-1,1.0039181646604711,0.9102352779864242,0.9441419649842322,31.009296092640152
58,10,0,-1,0.8910061400871337,1.01576531405794,0.9637896260103889,31.25942876916879
58,11,0,-1,0.9855169739928614,0.9928322202818466,0.9840544249951289,29.130715025254663
58,12,0,-1,1.04907538450567,1.0332983381524057,1.1288308720626474,28.479652141397423
58,13,0,-1,1.0585395733821241,0.9763334860593011,0.989063729847485,30.62098705377473
58,14,0,-1,0.9966357835303352,1.0671322428965728,0.9449566402216928,29.786555391186198
58,15,0,-1,0.9767777931789106,1.0402607889013575,0.995048511475849,30.488316807575874
58,16,0,-1,0.974229950167004,1.0629174100783683,0.9768324004444131,29.434810113275287
58,17,0,-1,0.9483070603509283,0.9938176360728692,1.0334362376965354,29.621217190622623
58,18,0,-1,0.9841260323069645,0.954894431756167,1.0277537631317775,31.669329894274025
58,19,0,-1,1.0573349384231419,0.9317290789790603,0.9501322957444456,29.543128271837087
58,20,0,-1,0.9898091566012803,0.9722359454655352,0.9837098503638346,31.532142748029994
58,21,0,-1,1.022573921519974,1.019321098971314,0.8985875581094832,29.805061261997146
58,22,0,-1,0.9711235701961125,1.0133650666114855,1.0878931935528364,29.71004616640606
58,23,0,-1,1.0495115432957134,1.0046981624725686,1.0674937799164195,28.299587743574726
58,24,0,-1,1.0041793269811423,0.9904991939087212,0.9816983839195526,31.159243526561315
58,25,0,-1,0.9325660222164325,0.953130497044794,0.9950616876752684,29.05985936878418
58,26,0,-1,0.9673147420052919,0.9695853693653962,1.0930253155157734,28.90669275197417
58,27,0,-1,0.9722680294232067,0.9708291903813675,1.0105194698944742,31.17170716219228
58,28,0,-1,1.076200685250365,1.0787975226155835,1.0466621892511725,30.111600696451028
58,29,0,-1,0.9628144518835626,1.0411329650031047,1.0510346307903307,29.540105859540922
58,30,0,-1,1.0328788121433095,0.9864049570001127,0.9311447685008953,28.713734847535463
58,31,0,-1,0.9350885651860722,0.9386546978039674,1.0586304376473727,29.87966401694994
58,32,0,-1,1.0279325666900103,1.0245597357807994,0.952429626456488,29.00252036793901
58,33,0,-1,0.957104289362742,0.986719146423763,1.062661665025353,29.93838630098872
58,34,0,-1,1.0361591993100876,0.9921113666147652,1.009917901063745,29.59281008478806
58,35,0,-1,0.9373057747273513,1.0220711694266558,1.024240470534984,29.819087115063716
58,36,0,-1,0.902165161835106,0.9802619549462367,0.9858488573783724,28.916394424322704
58,37,0,-1,0.9664873697926634,0.9889421675430373,0.8947915971858221,28.515937524630477
58,38,0,-1,0.97066963079991,1.0498310027829287,1.0228132939479369,29.17127430592663
58,39,0,-1,1.0810366041383452,0.9954845161869071,0.8786654937115725,29.871656501085123
58,40,0,-1,1.01364629448335,1.0191663026333513,1.047229954084228,30.21205091064437
58,41,0,-1,0.944324091512593,1.0422601944290741,0.9707188112022764,29.831724844895476
58,42,0,-1,1.0060706986604782,0.9786090330795782,0.9972654303478105,29.843956912825053
58,43,0,-1,0.9590254752754774,0.9934300194227237,1.019260239200923,30.66356097394326
58,44,0,-1,0.9842114687685943,0.981739283525995,1.0618431631277625,29.265547564572277
58,45,0,-1,1.0068830227041945,1.002883116848929,1.0724044494968472,30.81774188067669
58,46,0,-1,0.9365465696102305,0.9765078872027436,1.0224279506984684,29.929804216656184
58,47,0,-1,0.9112175603213608,1.046843385976291,1.0003186031842914,29.367806435782054
58,48,0,-1,1.0630957929455438,0.9989703574707058,1.0469708143984784,29.629797904711385
58,49,0,-1,1.0812175216269393,1.0190516521900155,0.9606623464591065,31.01218930754858
58,50,0,-1,1.0201716389284525,1.0388102585877887,1.066042386008079,31.259966553056348
58,51,0,-1,1.0695203900356156,0.9732413502832488,0.9431106488922014,30.871718645669223
59,0,0,-1,1.0781649772742004,0.9584950561363138,0.8892941456364919,30.597718560582038
59,1,0,-1,0.9940388851790566,1.0574412974356655,1.022689438453269,30.71759139874854
59,2,0,-1,0.9640772957194376,0.9358815600071272,1.0397386011432463,30.442096638168874
59,3,0,-1,0.9636340194477194,0.9843776269122622,1.1336754100135655,28.39362887284326
59,4,0,-1,0.9487339428698324,0.9416793086673119,1.077013230141334,29.264629929861457
59,5,0,-1,0.9929795839339377,1.0352626137210412,1.1584177868107828,30.09101353831608
59,6,0,-1,0.9506545773317946,0.937714753991417,0.8680369888462122,30.777856399953958
59,7,0,-1,1.0806214466774977,0.956842526934486,0.9976359239859717,28.858751816046563
59,8,0,-1,1.0015993263884881,1.0343453209680769,1.0192674955056908,29.078763710474906
59,9,0,-1,0.9757620653353031,0.9288375245935496,0.9934257191249769,29.65670156727501
59,10,0,-1,1.0642528638146185,0.9644047837883609,0.9959959435034655,28.91474201495472
59,11,0,-1,0.990543876006617,0.9999033431663531,1.1053647883430533,30.14955867709765
59,12,0,-1,0.9911845283001708,0.9920681977212075,1.0569924316861992,30.233264046717387
59,13,0,-1,1.016753101763333,1.0101399758039937,1.0316102406328744,29.912758029072492
59,14,0,-1,0.9794528811784404,0.9018905618385312,0.9125162506814054,29.936074617879946
59,15,0,-1,1.063373559771676,1.0555801444724089,0.955495204197552,32.628614293737904
59,16,0,-1,1.0646043782999932,0.951706144909522,0.9809348573833793,28.738334113273723
59,17,0,-1,0.9802882545384419,0.9579821849752802,1.1308681304338426,29.055866884317084
59,18,0,-1,1.0578963887995931,1.1023570822639268,1.0934247301788687,29.241829599841978
59,19,0,-1,1.0072133830932595,1.0072582054538446,1.0340867757613685,30.63437614017074
59,20,0,-1,0.9779950284878229,1.0566477061779318,1.1096777965175126,30.64948427761299
59,21,0,-1,1.0276364734821097,1.0021821652898795,1.0952514364743198,28.2168284324063
59,22,0,-1,0.860675106921826,1.079527911962721,1.0090335213306156,29.3945289573875
59,23,0,-1,0.9343127814728163,1.0787904229931755,0.965355827729056,31.989038485743293
59,24,0,-1,1.029425549007919,0.9790938948313125,0.9769216886438085,29.654538129086866
59,25,0,-1,0.8847507798840026,0.9769732281115575,0.9366754245311647,30.2465870216707
59,26,0,-1,1.0090754617163555,0.9889765204205362,1.0513777421474213,28.6565683138188
59,27,0,-1,1.038059451267873,0.9843876860469878,1.0534983356962508,29.689053328866528
59,28,0,-1,1.0677393066527832,0.9754425910273233,0.9663431943211374,31.07856581455204
59,29,0,-1,0.9903120926814826,0.9993845972390858,1.0188167948318962,32.297227964159525
59,30,0,-1,0.9748187734185846,0.9814942420764298,0.9261885460148509,30.886995680403462
59,31,0,-1,0.9578018839664763,1.0196244077201655,1.054537006621347,29.719652344724228
59,32,0,-1,1.0098914810459698,0.9445568553642353,0.9591138577146281,30.217904384251653
59,33,0,-1,0.9922965699676579,1.03200985989649,0.9991575195309861,30.730322771692165
59,34,0,-1,0.9953638415416725,1.059766615585381,1.0061658073034827,29.678942124050746
59,35,0,-1,1.021487228982779,1.0157641525353351,1.0228529067665042,31.606102755152424
59,36,0,-1,1.096625653363555,1.0520458519637506,1.0908229442226385,30.39284375309704
59,37,0,-1,1.0340652398930583,0.9891953490097344,0.8919185988647899,30.10852892186001
59,38,0,-1,1.029372152362,0.9768205875862063,1.0653113363524502,29.8842987451035
59,39,0,-1,0.9916831507727228,1.0164449874979415,0.9464559652772061,29.170485655291305
59,40,0,-1,1.001599561735097,1.012216953265329,0.9918139102674036,30.244497582779992
59,41,0,-1,0.9511011921425452,0.9814413759985244,0.9028194631732012,31.041998952924448
59,42,0,-1,0.9944080364621022,0.9747405807553143,0.9377290359022645,28.148554389626497
59,43,0,-1,0.986165700562424,0.9132606801565942,1.0370891302540806,29.081906407340604
59,44,0,-1,0.985619073046014,0.9696695748580361,0.9642752030543763,29.104167332088302
59,45,0,-1,1.0558966756527521,0.9666488604505447,0.9776879553357167,29.23223110772267
59,46,0,-1,0.9829058721512355,0.9864810352049858,1.0355175199800946,29.058107061217687
59,47,0,-1,1.0823112149622243,1.0158994956713892,0.9125338790355606,28.630814726932343
59,48,0,-1,0.9524749481238636,1.0914025347109044,1.0549962636884795,29.51976930538055
59,49,0,-1,1.0525174643293937,0.9758262348214285,0.998988865022001,29.42095619695082
59,50,0,-1,0.9754691276063819,0.9872783543333987,1.0538582998648636,28.209745194212168
59,51,0,-1,0.9947824424382896,1.0039471476401391,0.9656341227972868,30.152152276687932
60,0,0,-1,0.9346088993363277,1.0288044616448562,1.0132841390688445,28.753466409071457
60,1,0,-1,1.044814783323538,1.0616321375928335,0.9887384918110366,28.87630520811654
60,2,0,-1,0.977500506742917,0.9512432541607004,0.9882094594423699,28.93315934416366
60,3,0,-1,0.9929382952983833,1.0571178757899944,1.0064888724593757,30.67207532205039
60,4,0,-1,0.9899930178902143,1.0331343511336455,0.9368823488365117,30.114871934114902
60,5,0,-1,0.974848994969358,1.0295092245487225,0.9702163106346875,29.20360867054704
60,6,0,-1,0.9975511200569066,1.0139282347158283,0.8931418109045078,29.982779448255886
60,7,0,-1,1.0544140828906612,1.0408717413716615,1.024292011767902,30.279728292545343
60,8,0,-1,0.9883904436136162,0.9810452921477147,1.0039317831455377,29.683943550162258
60,9,0,-1,1.0461521634116346,1.0055611155832547,0.9010612060270127,31.33074108522126
60,10,0,-1,1.0684955891918198,1.0427328898573056,0.9522788047755967,28.464161093701136
60,11,0,-1,1.0208650517697435,0.9362434292494135,0.898822353670672,28.751735340142712
60,12,0,-1,0.943812374943478,1.0039761051223082,0.9900004804532374,30.01454986505376
60,13,0,-1,0.9665563460478097,1.027526988714814,0.8597932234618,30.99725302685739
60,14,0,-1,0.9667910507371844,0.9298965321115616,0.974593959489736,31.466865428296174
60,15,0,-1,1.083230684816436,0.9828806431603231,0.9945675050953918,30.471992421711814
60,16,0,-1,1.0850927240987605,1.0055410128895335,1.0480355328208297,30.060765658325554
60,17,0,-1,1.0497373006070028,1.0068939143633149,1.0184070263090914,29.874705404801244
60,18,0,-1,0.9788481295456334,1.0156435864125057,1.110916471157887,29.192390041030343
60,19,0,-1,1.0074030224925148,1.0070145131946677,1.0289667220104384,29.092464184491973
60,20,0,-1,0.9467618973546585,0.9625874315757084,0.9576614114604431,31.77427889054104
60,21,0,-1,1.0016028407155393,0.9366486542179348,1.0815718024956062,29.087451039165472
60,22,0,-1,1.0266026146331462,0.9835101228196103,1.0043466942291326,29.829403935250163
60,23,0,-1,0.9911624502577746,1.120270244951449,0.8726329053944732,31.407775815705676
60,24,0,-1,1.0023886810229738,1.0093818078268086,0.9851053868008776,31.61129749454056
60,25,0,-1,0.992741232915949,1.0606572359857043,1.0717494818561117,29.623001296139268
60,26,0,-1,1.029168280611553,0.9832560668338434,1.0419232387290738,29.91081383440514
60,27,0,-1,1.0317366164038024,1.0118462545739126,0.9910967800562337,28.374433279834708
60,28,0,-1,0.9925661032726738,1.001454886278908,1.0042471840055294,29.474904592117564
60,29,0,-1,0.9530868335733473,0.9909564592875524,1.0489930330055195,30.85231458611625
60,30,0,-1,1.02663795314987,1.0043983620663186,1.037150101950643,27.26837888479794
60,31,0,-1,1.038366888762204,1.01164512676969,1.1020841204850271,30.02373137430532
60,32,0,-1,1.0623861531154692,0.9455227698016228,1.0218824254371583,28.445441714223307
60,33,0,-1,1.073000188582083,0.9489487029406155,1.0928227723134785,29.72962897042612
60,34,0,-1,0.9616435159407285,0.9922377209394053,1.01652390629254,30.445151570333493
60,35,0,-1,1.015115436925556,1.0382382207169998,1.011831377993124,29.35846968456393
60,36,0,-1,1.0190245230072927,0.9720032225605769,1.0210027362926801,31.862128820734757
60,37,0,-1,1.0630762034418078,0.9975198678068371,1.0013586728059378,28.875764877868942
60,38,0,-1,1.0237725355543885,1.019716523272074,0.9991064529064678,30.385019326257247
60,39,0,-1,0.9904278095939368,0.9528728339370724,1.0492886626756703,29.5879293715744
60,40,0,-1,0.9741604301340134,1.02643267330397,1.149764928890112,31.186787470968873
60,41,0,-1,1.0174209463898691,1.0121518221751817,1.1436990133384515,29.696929818152874
60,42,0,-1,0.9534968341364448,1.041764099138421,0.9748431070909804,30.619288314033305
60,43,0,-1,0.9423147428244396,1.0132854238146387,1.0411287101519886,31.015845481497134
60,44,0,-1,1.040290651453472,0.9625020978144789,0.9856844919816536,29.582991478513378
60,45,0,-1,1.03366742835949,1.0764478987871242,1.042976519006572,27.879466816345154
60,46,0,-1,0.9837597836290715,0.9533164155757627,0.9450720409439145,30.24142127954403
60,47,0,-1,1.041029142921423,1.017200701400949,1.0088844617811985,30.55046032932293
60,48,0,-1,1.033451149019563,1.028323780105483,1.0769976375449817,29.138304457098222
60,49,0,-1,0.9604423189755183,0.9840831974259723,1.0209374692233193,30.11361434494418
60,50,0,-1,0.936916202997244,0.9428630449146981,1.0000052265502208,30.067671994697736
60,51,0,-1,0.9806422572200575,0.9735452120224143,0.9364773623430372,29.082778627920057
61,0,0,-1,1.0262402780148496,1.0027467714862486,0.9291436193380249,29.91065268241688
61,1,0,-1,1.049022178851735,0.9613980470038277,0.8998919886822085,30.537851701345698
61,2,0,-1,0.9431860522486407,0.9802739625044692,0.9803869126386389,29.58709736941749
61,3,0,-1,0.9967250684295057,1.000240023204206,1.0632980280080837,29.485963141697123
61,4,0,-1,0.9881593153682555,0.9144879196501621,0.9089880822852647,29.673180861719636
61,5,0,-1,1.03605124798513,1.07026547663874,0.9854415480341898,32.118327697148146
61,6,0,-1,1.0324459000173307,1.0263873240096548,0.9686873751793388,29.073584282480233
61,7,0,-1,0.9942023353473788,1.0155575184507746,1.006294022766282,30.486421773863977
61,8,0,-1,1.02103267632019,1.09851938085727,1.0200156955475155,30.326701760265966
61,9,0,-1,0.9806985058813376,0.9525408734008753,0.9418018590771545,31.726139985061845
61,10,0,-1,1.0249237676844563,0.976989322721213,0.9830793238440672,29.15610766002201
61,11,0,-1,0.9625963878205773,1.0173888606288002,1.1505629706249036,30.99489028777709
61,12,0,-1,1.0613738136306297,0.9317885013205138,0.9953252510886618,28.80453628894416
61,13,0,-1,1.0200115174490174,0.98990693290798,0.9087118202096397,30.221347389809203
61,14,0,-1,1.0102670945677945,0.939032016457833,0.9172868952470086,29.757005040652068
61,15,0,-1,1.0013767625081555,0.9693123347027668,1.082387872736899,31.26962604509506
61,16,0,-1,1.06924608552429,1.0268783057016917,0.9717813413526293,30.869616788376156
61,17,0,-1,0.9653605978159456,1.0477097343604385,1.09152223694809,30.325855387786962
61,18,0,-1,0.9344110313058974,1.0517607718900432,0.956515514910392,30.332704802266637
61,19,0,-1,1.0408546650782435,0.9990145296812015,1.037118866161231,30.433690055280735
61,20,0,-1,0.9226285205230591,0.9525713433129395,1.00143305646941,29.90076344815101
61,21,0,-1,1.0411339329978757,1.0449393114459795,1.0856133381600983,29.625984312463018
61,22,0,-1,1.0894104421522484,0.9941796971813505,0.998890894220892,29.027552244035054
61,23,0,-1,0.912851875250383,1.0333107376225905,1.0108799359560705,30.872633619842087
61,24,0,-1,0.8949836171829586,0.9954833012144918,1.096598624239767,29.54312227088743
61,25,0,-1,1.0746474707316056,1.0455207319667925,1.0368328426024946,32.510263155137245
61,26,0,-1,1.0707982662813262,0.964041264294923,0.994626651095422,32.1061642928979
61,27,0,-1,1.082176443815938,0.9553152691427405,1.0546345401475876,32.370881965154965
61,28,0,-1,1.0469394377715016,1.0249621875857526,0.9912684366535733,30.711430727428418
61,29,0,-1,1.0391851532314655,1.0876705902538304,0.9858513963058375,29.64769955280585
61,30,0,-1,1.0347093893576977,0.9684745727376439,0.8566014162199775,28.872580296954233
61,31,0,-1,0.9571576592463087,0.969650252276629,1.0197129452013365,29.386276149478405
61,32,0,-1,1.0510423302479706,1.0023198546201326,0.9839600510768856,29.985097298265146
61,33,0,-1,0.9976747623987003,1.000610920038659,0.9942654848202053,32.182673992016035
61,34,0,-1,0.9863240274529933,0.9572659693039617,1.0422703770472046,30.31924135163075
61,35,0,-1,1.0234229233438952,0.9726035678646323,1.0666988754044509,29.835302728935414
61,36,0,-1,0.9956018493942959,0.9935049492233526,1.0609169864605428,31.224067148942297
61,37,0,-1,1.022946629976196,1.027797604286038,0.9731184928643145,29.377807932995285
61,38,0,-1,1.0130750677234461,0.992368190619871,0.9968613299002836,30.209501344748006
61,39,0,-1,0.9382594948594895,0.9964743923397441,1.0337817316043554,29.991608746753645
61,40,0,-1,1.085325020283214,1.0020424444363656,1.0308878899710294,30.08763321812665
61,41,0,-1,1.0250759292635394,0.9864507177735324,0.9335722816311041,32.126695553276605
61,42,0,-1,1.0415774753369733,1.0680743715347631,0.9079476916504647,30.03269671225362
61,43,0,-1,1.06194423723546,0.9057691693912004,1.0245397916015806,29.83114083335794
61,44,0,-1,1.123943286478714,0.9242268005844196,0.9633857568414252,30.51838416452062
61,45,0,-1,0.9963738181179528,0.9612607434090247,0.901034743457731,28.946188985509796
61,46,0,-1,1.0270616593998418,1.0047599230760242,0.9870504992162882,29.447859194587647
61,47,0,-1,0.9536863457807144,1.0408445321868336,0.9724493169091707,29.94376907300155
61,48,0,-1,1.0061255703599532,1.0568544899959271,0.9434199706692278,29.210197465016087
61,49,0,-1,1.0411242555807232,1.0529279055439906,1.0024991147289466,29.599263538390844
61,50,0,-1,0.9798773905301327,0.9461352734721074,0.876036352749329,29.87459864947224
61,51,0,-1,0.98842331339346,0.961643451220256,0.8103199188761403,30.75197020656146
62,0,1,36,0.9024869332068153,0.9604381134297054,0.9181010446585446,29.186431898753554
62,1,1,36,0.9318238917050836,1.060066765527055,1.0873312872168646,29.371671598457237
62,2,1,36,1.0812140029148951,1.0183717355164632,0.962876578158048,30.406427658242162
62,3,1,36,1.0171737793108628,1.0143183025629838,0.8764570587959936,29.565465953910625
62,4,1,36,0.9669389495710211,1.024583564562363,0.9391953385496195,30.9492244052924
62,5,1,36,1.0822492655356744,0.9658359521926125,1.0547330582096828,30.101270590018892
62,6,1,36,0.8741966654475509,1.0181914975479358,0.9859914208512689,31.209947851922706
62,7,1,36,0.9996109993929532,0.9723799722261939,1.01205118283316,31.960404612609768
62,8,1,36,0.9477905201553223,1.0080500542443296,1.0154280755364011,30.95459069391751
62,9,1,36,1.0250459722451752,0.9637069406350662,1.090887454663569,28.347372661952043
62,10,1,36,0.9346285808049636,1.0458409185017212,0.8944748130902194,28.46084113762727
62,11,1,36,1.0392938140887433,0.9856619188551807,1.0029365263821393,31.44815310430082
62,12,1,36,0.9644707245311015,1.033359698752001,0.978747783657218,30.455814099740934
62,13,1,36,1.0642764562210423,0.9970620385987354,1.0489446603276418,30.843978109738384
62,14,1,36,0.9748818542721626,1.0159923562825461,1.0451169649413588,30.168456222290725
62,15,1,36,0.9930542936341125,0.9926202507120081,0.9731690295384346,30.87002151996506
62,16,1,36,0.9262819891649797,1.0267131719623372,1.0349071755993755,30.435580685624252
62,17,1,36,1.0686244517164574,1.036899540359565,0.9781223815234088,28.552706287515786
62,18,1,36,0.9601052667213879,0.9999516768923064,0.9705884663420747,29.396468090001004
62,19,1,36,1.0008362215769258,0.9354126656285354,1.0170184146367305,31.607103013722707
62,20,1,36,1.0073380941184154,0.9778300884289917,1.0079142998478388,30.214228959081222
62,21,1,36,1.0190189434218366,0.9797669225724182,1.013638268528346,29.61395742895951
62,22,1,36,1.036410491458084,0.953601311515639,0.9963775125745018,29.793370031513504
62,23,1,36,1.0321618809778286,1.003728273133111,0.853947446506804,31.663729417516976
62,24,1,36,1.0118203176953111,1.000934478804674,1.0454978325885096,30.429115465940164
62,25,1,36,0.9668953388507637,1.0583956562211103,1.0326628594193057,29.58557170584349
62,26,1,36,0.9334035061561402,1.0215400867588313,1.0657653968950835,27.78360418219665
62,27,1,36,1.0544463617400617,1.0063342660473633,1.028464193255839,30.11089460023837
62,28,1,36,0.9434652950473896,0.9808774598401734,0.9189673132653136,29.69373786988472
62,29,1,36,0.9971870485912111,1.0654931901424658,0.9770281984591128,29.427770103063242
62,30,1,36,1.0255252050264705,1.0010902519549942,1.1377747384884107,30.357837245605594
62,31,1,36,1.0233382834237688,1.0409069656487158,1.0554898420564176,29.33798309927501
62,32,1,36,1.0443845895641715,1.0488059696741043,0.9315652674828617,31.016498731487836
62,33,1,36,1.0030976564711207,0.9473935640125529,0.9525793960299559,30.520375132816977
62,34,1,36,1.0102240476444888,0.922667547046528,1.0114799221066237,28.776936004020783
62,35,1,36,0.9158152897227843,0.956365508731933,0.9532531939525176,29.743031687318567
62,36,1,36,0.9909789019076825,0.9261348608314286,1.0564687416716436,29.136464173123983
62,37,1,36,0.9778790904007332,1.010390128755856,0.9883111150586191,25.66101827207875
62,38,1,36,0.9050635557550794,0.9300993905547381,1.0101478734336964,28.394988297531498
62,39,1,36,0.8937861624694555,0.9065248605969629,0.9527578903987887,23.441868617288428
62,40,1,36,0.8131371422526734,0.8485191792183792,0.9538292763547965,22.832564114209195
62,41,1,36,0.8012855080831216,0.8553015347697116,0.7933081752697941,19.802931064259926
62,42,1,36,0.7331088305591866,0.7512486873337085,0.7585705069659369,19.51502490185637
62,43,1,36,0.7783786998336314,0.7931215433932203,0.8506008521718142,16.10150802427609
62,44,1,36,0.584569732285605,0.7621989490474594,0.7898652970711858,15.492197703652213
62,45,1,36,0.4975214580351749,0.6228325407089592,0.6630338559697984,12.977019120564707
62,46,1,36,0.5101295037958719,0.6346203060609527,0.7561229473832546,9.23499669106418
62,47,1,36,0.5029176436472703,0.5343343051845733,0.6097030515648961,6.9283913162229975
62,48,1,36,0.4074124184243267,0.5453169889576206,0.706943363891552,4.695269517593461
62,49,1,36,0.2628487305674152,0.5031914740925597,0.5144678119858562,4.135393802312237
62,50,1,36,0.27252176278605733,0.5124279907201233,0.663997574052468,2.460420155034378
62,51,1,36,0.23885812240041807,0.40421206047500496,0.5561323201772327,0.0
63,0,1,30,1.0199957885339144,0.9833946648701527,1.0660325990903214,30.546167214977007
63,1,1,30,0.9383564870024454,1.0161236272385776,0.8897457369807034,29.670928182708025
63,2,1,30,1.0659779169239103,1.0809162442231315,0.9724675717632573,30.141427513932697
63,3,1,30,0.9650220250499133,1.040590789620251,0.9088740530374915,29.164221989880897
63,4,1,30,1.0462872941222403,1.0121629131530618,1.0302867022030415,29.318045362151228
63,5,1,30,1.0492161604093369,1.0109591638319886,0.94554935887997,30.426618614334778
63,6,1,30,0.99277952473793,1.0131820113445789,1.0489033315025607,30.613820523557937
63,7,1,30,1.0150476863905424,1.0299658744100615,0.9470253183632314,29.616126372456975
63,8,1,30,0.9791562052425381,1.05603895948762,0.9951317325530405,29.531937729097493
63,9,1,30,0.9945498853305649,0.9756778016223506,1.0064184681322925,32.72513036915039
63,10,1,30,1.0610650493228189,1.0121264312159541,1.0666246556391892,30.635394973928808
63,11,1,30,0.9500254114866183,0.9996155753864802,0.924712730255588,31.314204418710116
63,12,1,30,1.1022271834377038,1.0293356545830175,1.0228884419497242,29.49118209593269
63,13,1,30,0.983518100972046,0.995527780572096,1.1503531658882575,28.813553213938334
63,14,1,30,0.9706188618911612,1.0703143543265994,0.8207820189520262,31.321970725620737
63,15,1,30,1.0442405112083442,1.03188404721439,1.0381784982128905,28.887985375439744
63,16,1,30,1.0195391456873364,0.9511567556320907,1.038264050723763,28.868576228308832
63,17,1,30,0.9046331594341451,0.9706398590042598,1.0416357449039353,28.908049662501956
63,18,1,30,1.0504873744493597,0.9522473625202633,1.047423898789188,30.8148592968208
63,19,1,30,1.0090287346290086,1.0253583820042547,0.9095549085676857,29.230011734058074
63,20,1,30,0.9723332700105262,1.011684443666252,0.9253572135561475,30.15192928930645
63,21,1,30,1.0408685480865667,0.9307133741385184,0.9505025425380849,30.247375446475775
63,22,1,30,1.0011249783546634,1.015377815045898,1.082834744388749,29.91631884517763
63,23,1,30,1.0336337583386634,1.06501122152234,0.9353405385321867,30.486917246042477
63,24,1,30,0.973869259663326,1.0430460961117518,0.9794258668713701,30.274381088526265
63,25,1,30,0.9632705940607316,1.0220551057127953,0.9989306669960442,29.789524896995076
63,26,1,30,0.9582181031548513,1.0209492717756925,0.9426260542699738,29.460953391697807
63,27,1,30,0.9431772000573816,0.9495502038629109,1.0899152796321312,28.4638308696071
63,28,1,30,0.9488303397488558,0.9806859363405231,0.9232591256111679,29.63738691308298
63,29,1,30,1.0290511325568876,0.9214834584105717,0.9828460798890034,30.256669350484017
63,30,1,30,0.9274184359070129,1.0431119149895192,0.9239782126302819,30.774663611747275
63,31,1,30,0.8709977161376368,0.8974389417622529,0.973651679730009,27.031314156979334
63,32,1,30,0.8946569879692777,0.9345122684245103,0.9466844009619989,26.517121552577333
63,33,1,30,0.7882765076449212,0.8777907493001266,0.9336684085799608,22.288160717518856
63,34,1,30,0.7916826564385121,0.7726719108768969,0.852318194585045,22.9347328785989
63,35,1,30,0.7504615116016874,0.7995144398935454,0.8516299563788193,20.273229990384614
63,36,1,30,0.6764277757704007,0.8151521005174323,0.8593605788452378,19.69529865292729
63,37,1,30,0.6133631343744486,0.7525848758249142,0.8667216552159471,18.288136117722516
63,38,1,30,0.6750436260758657,0.6702737941584357,0.6745984977504378,12.637064010588942
63,39,1,30,0.5457116975163122,0.6333610456171671,0.6822556833608082,11.115678623710917
63,40,1,30,0.4629107744152607,0.5034727618438546,0.654158077247782,10.15818444699221
63,41,1,30,0.3656091916590747,0.5767204073534024,0.7040758673609226,6.976058997736028
63,42,1,30,0.33595926050307817,0.5318280312640306,0.7733994939024886,4.76888843073835
63,43,1,30,0.3937708875818648,0.4442809043042296,0.6749970884767355,3.196082258642899
63,44,1,30,0.22982039699189677,0.4119235902365254,0.6450713133522924,0.28543276259842076
63,45,1,30,0.20845151921379826,0.3764826695525362,0.5167447385759951,0.0
63,46,1,30,0.28307377765591435,0.3577800148823186,0.5539353214848498,0.0
63,47,1,30,0.10194905635419454,0.30133840066455614,0.58050320349174,0.0
63,48,1,30,0.12972223513807435,0.2962652553682982,0.4564032388706061,0.0
63,49,1,30,0.0,0.2805712835951008,0.4520595642549413,0.0
63,50,1,30,0.03830975689794367,0.15353716529550865,0.4367575825932531,0.0
63,51,1,30,0.0,0.12755856879298688,0.40685414989400176,0.0
64,0,0,-1,1.0298843749399875,1.0339543896056373,0.9947527444216027,29.95040913604223
64,1,0,-1,0.9670600435915173,1.0588977211989838,1.031660002506024,29.575923773971454
64,2,0,-1,0.9968852880448152,0.9831259678749801,1.0220886329283263,28.4610162041539
64,3,0,-1,0.9752002892519087,0.9481520568358774,1.0513976092896098,28.53554679680769
64,4,0,-1,1.0288257404104912,1.0145145209994377,1.0114197013274602,30.6105792809144
64,5,0,-1,0.9973054942293241,1.0318150345583716,1.0429405890745853,30.557009899053647
64,6,0,-1,1.0005957627794404,0.9808521723187389,1.0137311099027877,28.703791812701475
64,7,0,-1,1.012244654088197,1.0555390971735137,1.054899210375336,29.447443674225184
64,8,0,-1,0.9079776006115042,0.9679015667886327,0.9883796150670834,30.923795724751887
64,9,0,-1,0.9833741668952081,0.9432149092174871,1.0742666854820895,30.563419224643344
64,10,0,-1,1.147569322135391,0.9746782515382655,1.0486859633236665,31.099050661020968
64,11,0,-1,0.9396525785227933,1.0739743697155242,1.0276137347051453,30.39432444239863
64,12,0,-1,0.9429122670105196,1.1083273381376937,1.1783210245579254,30.465083937295486
64,13,0,-1,0.931940546583033,1.039575531774077,0.9425474751480823,28.605006460403853
64,14,0,-1,1.037946111165121,1.0332364869080404,1.0393292631345108,30.15345754037609
64,15,0,-1,1.0032414714040803,0.9718307405437413,1.0143339859071743,29.427155656254122
64,16,0,-1,0.9707854827503615,1.028981159777377,1.0094475064319588,28.940305234482956
64,17,0,-1,0.9952756302103832,0.9793574641518703,0.9995514219877712,29.053847652273436
64,18,0,-1,0.9884651169676283,0.9616627409352569,1.089048782584699,28.72687287865635
64,19,0,-1,0.9848936393930459,0.9892768725191743,0.9170819295879513,29.342662513797197
64,20,0,-1,1.0182830555591096,1.0194052308313373,0.8547441419283031,28.628779145772977
64,21,0,-1,1.013409692000816,0.9955484249608763,0.9832056789861957,30.236119434770735
64,22,0,-1,0.9573758884403851,0.9713407666773552,0.9685903008049245,30.063245246582234
64,23,0,-1,0.98564166779478,1.0011283094291545,0.9680175222313508,29.271465198922375
64,24,0,-1,0.9741955268497353,1.0209506792661744,0.9349693584213199,31.377437339112802
64,25,0,-1,0.9877211670512154,0.9574251195270387,1.0464926895834306,29.779669856119412
64,26,0,-1,0.9932269291711928,1.0052828534818918,0.9926559534487454,29.136863246546188
64,27,0,-1,0.9267691974269561,0.9912646176519996,0.8758268815613478,32.206368801267836
64,28,0,-1,0.9357801400003086,0.9525662974568166,0.9986129290812332,28.729249226394757
64,29,0,-1,0.9712242388600991,1.0271252447988088,1.0649754601765729,30.6090008101674
64,30,0,-1,1.0200118536940583,0.889694517921644,1.0852170873316838,30.283456856234675
64,31,0,-1,1.0610893223665903,0.957255440229924,1.0615080120405014,29.063848618389255
64,32,0,-1,1.0638119004485316,0.94544547281035,0.9344567767949588,29.677926995691674
64,33,0,-1,0.9263823671358113,0.9922350483263416,0.9385387378978896,30.240542272972437
64,34,0,-1,0.9056078211954941,1.0072153125898806,1.0286185163801835,29.584514146205453
64,35,0,-1,1.0546426064071288,0.9376176502357897,0.9995375246781981,31.041206316223878
64,36,0,-1,1.0284516453355845,1.0169971338305703,1.0314978482500619,28.541084898863186
64,37,0,-1,0.945193964995862,1.0168011999685285,0.9813542316282816,29.961260174967656
64,38,0,-1,0.9394705047724546,0.9843042842289939,0.9644065452181435,28.853635847254242
64,39,0,-1,1.009059517690581,0.9898152540936318,1.0238402295101294,30.081746001788684
64,40,0,-1,0.9537743150401795,0.997685932234087,1.0007367007259829,29.956675248640593
64,41,0,-1,1.0457282170983664,1.0305552157582614,0.9764898393517308,31.69753510862685
64,42,0,-1,0.9949760845563967,1.089412059241176,0.9873495938097484,28.492444563705703
64,43,0,-1,0.9204078798928571,1.0163348418234084,1.0128427130754647,29.81582556903638
64,44,0,-1,0.8940842072792557,1.0681908831310198,1.104952958606414,31.36046955401999
64,45,0,-1,1.0064244297567162,1.0236067923647338,0.9952206043558347,30.057875512944513
64,46,0,-1,0.92495221388573,1.0204842624792667,0.9853605874499293,29.15589033448123
64,47,0,-1,1.047843757058477,1.054889705737588,0.9317376258422416,29.087581552011837
64,48,0,-1,1.0545180824192097,1.0874567106920952,1.0144666474996729,31.214250557070535
64,49,0,-1,0.8650577850665814,1.013123275554548,0.9686916769456912,29.394317846563123
64,50,0,-1,0.8709612034615853,1.0506005039387774,0.9004983551879724,29.6939260030849
64,51,0,-1,0.9097315845230579,1.001870503122641,0.95840289972222,29.42029947801848
65,0,1,33,1.054987685404152,1.0304061030558673,1.0208628859724176,30.047438403726726
65,1,1,33,1.028925235253914,1.0358316641883754,1.0239416777750423,28.547947018486497
65,2,1,33,0.9789892654752506,1.055296537629091,1.070843726454959,32.16748642250557
65,3,1,33,0.997077742213129,0.950109310384353,1.0099551640525235,31.207026019684765
65,4,1,33,0.9843171343598847,1.0506110581382904,0.9819228710479802,30.545407715562767
65,5,1,33,0.959788244072963,0.984922530743293,1.044759072913299,30.78643514999742
65,6,1,33,0.989348077644387,1.009455174362278,0.9494510055247114,30.14057686422598
65,7,1,33,1.0221165745647653,0.9327668272609528,0.9136949325133769,31.15292748898481
65,8,1,33,1.1046210297042276,0.9328225977148717,1.014407061920332,31.33310746160974
65,9,1,33,0.9991529358679506,0.9987533374398045,1.0240492153669452,30.8656204015
65,10,1,33,0.9961923117701743,0.9951750750299692,1.035312149567146,29.69560480676673
65,11,1,33,0.9780000624126137,0.9958020722196838,0.9748650086460603,29.20428741778649
65,12,1,33,1.0169656861297278,0.9574989756801546,0.9912979149795716,30.982960766712555
65,13,1,33,0.9911582871183542,1.0258206756190336,1.0387918585737281,31.124805583706564
65,14,1,33,0.9956964540094677,1.0823420541130198,0.9714257221647541,30.34225082909412
65,15,1,33,1.016420064053568,1.0455694995887184,0.9969358463388742,29.294743920068058
65,16,1,33,1.0673954056618453,0.9505062491905971,0.9479988650456932,30.10458813867102
65,17,1,33,0.9699949044814952,1.032339962711574,0.9727782777815858,29.65907150127879
65,18,1,33,1.0255715433177892,1.0078197289496407,1.056573344353486,29.665173070307176
65,19,1,33,0.9853239063302128,1.033876776204552,0.94637074371194,32.619343600599194
65,20,1,33,0.9925360241336126,1.0334037285588387,1.06930712548777,31.613376235194764
65,21,1,33,0.9960314341036665,0.9127082213781242,0.9988531021200935,29.61614951664867
65,22,1,33,0.9734878663237194,0.9735503645954808,0.9986047671190044,29.548223595909583
65,23,1,33,1.0612930396839033,0.9660104347923273,0.9290126772369497,31.38762182437703
65,24,1,33,1.0547637894939417,0.9291818339411049,0.8871934471437979,27.695254433783987
65,25,1,33,1.0131311141819255,1.027309092625627,0.9471489150325826,29.588150348985465
65,26,1,33,0.9937709143653074,1.0291547873727447,1.005661753186186,28.746168172391794
65,27,1,33,0.9628048369524167,0.9616493032485619,0.9372396491478523,29.59269557430328
65,28,1,33,0.9866573737097075,0.9584115708531606,1.0299397448920107,30.95873409236099
65,29,1,33,0.9283305079433742,1.0067916033639335,0.9842397003776174,30.911411379764093
65,30,1,33,1.0207314531128837,1.034820744147527,0.9340716010239136,31.367868532108854
65,31,1,33,1.077138016416405,1.0092461776688142,0.9802944201280817,28.82409535826844
65,32,1,33,0.9883680505067739,1.0242829004881713,0.942491751079804,30.041098070102972
65,33,1,33,1.0503951003798777,1.0409410222357391,1.0757662121794371,30.95900222938624
65,34,1,33,1.0653486506695324,0.9566490365507141,0.9221452029673555,28.486652776937117
65,35,1,33,0.8500644071927633,0.9070356490241198,0.92732906851,24.7843619395829
65,36,1,33,0.8705431326323753,0.9222427000206104,0.9344533462846397,25.32456023399427
65,37,1,33,0.839003236315995,0.8160838256878528,0.8334618407673053,21.17779956446659
65,38,1,33,0.8045833207348521,0.7757049354328424,0.7675519012101555,19.03092631269094
65,39,1,33,0.6424480529427875,0.763735953700465,0.7829027379673913,16.845938885032655
65,40,1,33,0.7411056136622131,0.7439230026877078,0.8714025628871657,16.17586510656204
65,41,1,33,0.6477206209215488,0.6810500544447163,0.8233237898626724,14.977579924895426
65,42,1,33,0.5153983688323128,0.622047187608963,0.7132822104842229,12.673913820498566
65,43,1,33,0.5589866278995338,0.5566102391411467,0.6685668834729512,10.892290562565412
65,44,1,33,0.4632603613030273,0.6449607683849472,0.5602828200267609,7.1103525167186366
65,45,1,33,0.4620270468848405,0.4793154123589261,0.6533902849081932,5.581458761122708
65,46,1,33,0.31583092498848314,0.46870484666485707,0.62574153402964,1.3390094173087563
65,47,1,33,0.32439887629905734,0.46500889221761005,0.5757295229232987,2.9035465899240025
65,48,1,33,0.29848653569861655,0.3949354115496395,0.5207168189468342,1.1791472591462406
65,49,1,33,0.1257489912735294,0.3928530443812387,0.5171132008752686,0.0
65,50,1,33,0.12160608891466303,0.2630603223753101,0.5805140927830952,0.0
65,51,1,33,0.1017305535596886,0.2442765344932587,0.39327274738523765,0.0
66,0,1,26,1.0495782368246411,0.9505646041786523,1.026640264622958,29.75212121953511
66,1,1,26,0.9643103900805197,1.018616963440229,1.0055538389638679,29.428441373178128
66,2,1,26,0.9761347861205344,0.9957601540828926,1.0308567001018898,29.01738489374558
66,3,1,26,1.0582484531092387,1.0202221791632828,1.0729691484323332,29.564456372214572
66,4,1,26,0.9607132560529709,0.9370948176939179,0.9993195070273687,30.874751536193354
66,5,1,26,0.9967735600233157,0.9559997301388958,1.0010279672498432,28.78082028419128
66,6,1,26,0.9844154331006782,0.9751014254491501,0.9143687081112424,29.97400933497733
66,7,1,26,1.0170982968554299,0.9932750246020223,1.0777303852483429,30.168463749532258
66,8,1,26,1.0523716463678603,0.9326484019730478,0.9391232843651524,30.647042107144163
66,9,1,26,0.9922695987416035,1.0220896647777817,0.9138138818976992,31.357009816994413
66,10,1,26,0.9373424781073383,0.9723982257365563,1.1184183848829956,32.170840366957464
66,11,1,26,0.9333917257649867,0.9745909774431615,1.0738348240435907,28.672675519887516
66,12,1,26,0.9532028034123694,0.9603972363770292,0.9359382200742292,31.5778808964364
66,13,1,26,1.02766378124401,0.92530065948445,0.9607672404343635,29.77981651074295
66,14,1,26,1.003218857735473,0.975556888642339,0.8610414968587257,31.294242160429516
66,15,1,26,1.0060559698746565,0.9769957067970142,0.898098670173108,29.52520278163777
66,16,1,26,0.9527333317882087,1.015912263421413,1.017342427552528,30.163130116438595
66,17,1,26,0.952329232000548,1.0312142284910049,0.8942846365866667,28.04760248302826
66,18,1,26,0.9646113581171635,0.9465146242134364,1.237204571981114,30.724689164816013
66,19,1,26,1.0477452677426256,1.0083338602854701,1.0141602960120573,29.566427677496872
66,20,1,26,0.9422969090562582,0.9757664782717586,1.1093093275020338,29.45454818029527
66,21,1,26,1.0128095074882926,0.9350128097899335,0.9116466894508386,31.52183888675289
66,22,1,26,1.0159097987171013,0.975522339587677,1.1225748489649952,30.09677619689856
66,23,1,26,1.0414962050871825,1.0325445984112234,0.9671942402033399,31.119042094516573
66,24,1,26,0.986546894155289,0.992402412341203,0.9454554864305327,30.046894865993483
66,25,1,26,1.0873695107287586,1.0954505192250639,1.0257556063991615,31.42594756305767
66,26,1,26,0.9426939182764816,1.0387006100592593,1.0262116513509825,31.55566995893654
66,27,1,26,0.8770683362366422,1.0944724743240548,0.956698117514669,29.36999937803624
66,28,1,26,0.9501839380791901,0.924569870060582,0.9006582399098062,25.855308499858662
66,29,1,26,0.7687244506482045,0.8572216714192389,0.8860852544147312,22.88360008885947
66,30,1,26,0.748662697289766,0.9125616635381012,0.8960796042295914,23.336495787193687
66,31,1,26,0.8156727406799723,0.7560481152803303,0.8624695455176801,22.82257325017727
66,32,1,26,0.7180637685291967,0.858976758385992,0.7942723554971884,15.5292003772446
66,33,1,26,0.6957563544319385,0.7186042788911002,0.7038896227331934,16.391285386455813
66,34,1,26,0.6109069134186733,0.6788527508328663,0.7420033707536757,14.5829711637975
66,35,1,26,0.5796962556222932,0.6402903893243663,0.7118773509473348,10.715264040481118
66,36,1,26,0.45556449341064564,0.6362354621681804,0.7341121686697716,8.333040740598978
66,37,1,26,0.47487493899784694,0.635183221684958,0.7118352334976427,6.523014068272014
66,38,1,26,0.4007874017520969,0.4636183566641266,0.6407712821793614,6.605826333761527
66,39,1,26,0.3641697155790392,0.4901017052362839,0.6129525114290544,4.8579196959487705
66,40,1,26,0.28537845507010967,0.3991626954365502,0.6141700253100879,2.6808798169615127
66,41,1,26,0.3236035293507943,0.44464973354231835,0.5729010306991147,0.5777053324569291
66,42,1,26,0.17690096639049052,0.3441107270074611,0.43120898041051176,0.0
66,43,1,26,0.1425136257834294,0.27703996477274967,0.5425305216234696,0.0
66,44,1,26,0.044159601228446484,0.29977488487430276,0.47005130290461383,0.0
66,45,1,26,0.05638172402093354,0.3024731969795312,0.4324348106520653,0.0
66,46,1,26,0.0360986928303688,0.22769946745243005,0.45731375743126307,0.0
66,47,1,26,0.0,0.19141826904072998,0.30481968134728477,0.0
66,48,1,26,0.0,0.1373347825267879,0.3842211817232514,0.0
66,49,1,26,0.0,0.1404457965727861,0.2516350708764371,0.0
66,50,1,26,0.0,0.0,0.41842124351280263,0.0
66,51,1,26,0.0,0.0,0.1874113749575519,0.0
67,0,0,-1,0.9443948319600872,0.9637588415923252,1.0873669385018594,30.498124961868083
67,1,0,-1,0.9889237303131561,1.019904161152923,1.0000260853134104,32.293551795275825
67,2,0,-1,0.9979632436429514,0.9598147749759888,0.9636218126161664,30.65452066673764
67,3,0,-1,0.9549697240911201,0.9840294814982075,0.9406983631008062,29.522579391984145
67,4,0,-1,0.9614970996643735,1.0148633558155438,1.0104849139114254,30.95915905693309
67,5,0,-1,0.9629853941674077,1.0342942823813355,1.0769647357032939,29.31929477755312
67,6,0,-1,1.0406194361830177,0.9680503048965086,0.9994577320967374,30.27120605530738
67,7,0,-1,1.0249639921418383,0.9998225667816796,1.0546869347954533,28.395864376666108
67,8,0,-1,1.0315567752006685,0.9508078668417258,0.929305566354066,30.7716429296503
67,9,0,-1,1.0219008012951951,1.0610043773049282,0.9293960863568911,30.31933167382964
67,10,0,-1,1.0278953921191465,0.9333933944902025,0.8596925628563965,28.827104438596653
67,11,0,-1,1.0183303188921875,0.9900897885717307,1.0332648047343471,29.50690317394425
67,12,0,-1,0.9339602204157775,0.9944332295771438,1.0091021221364758,28.517017390223266
67,13,0,-1,1.0778282965958246,0.9787109561860264,0.9340300651336899,29.689141065460497
67,14,0,-1,0.9364224506656262,1.0055079849021678,0.9244568386273633,30.494980893804293
67,15,0,-1,1.0267857509210805,1.035626901531945,1.013676376106757,29.226269885273133
67,16,0,-1,1.1144570766663842,1.0057874395187174,0.9511610641891998,29.349925091455994
67,17,0,-1,0.9243425222549757,0.961098075699061,0.9852549137051853,29.985308594766583
67,18,0,-1,1.0381414897075918,1.009919345248543,1.0573209131677554,28.197724639207966
67,19,0,-1,0.9810079792782311,1.0456515029489615,0.9794084825523098,30.43485323641643
67,20,0,-1,0.9553091757878039,0.9839455439166928,0.9401666830927878,30.80385024429155
67,21,0,-1,0.9169023117649211,1.024484454710893,0.8734828244640499,29.684515529897656
67,22,0,-1,1.0541047071567058,0.9678205550535766,1.0234422044667377,30.13438178987143
67,23,0,-1,1.061597776564358,1.0056297293988063,1.0346207901016822,31.65426209937951
67,24,0,-1,0.9266064173407825,1.0315065221838677,1.0585171666084203,28.616800238056886
67,25,0,-1,1.003566283980447,1.0711306372767921,0.9551062053646912,30.874820477642366
67,26,0,-1,1.020276400553109,1.0035045968567062,0.994472191973774,28.744755024533237
67,27,0,-1,1.0222486507446495,1.031250661410872,1.0308668587600747,30.504404587378254
67,28,0,-1,0.9665200738447736,0.9817767306605932,0.9667175443142648,31.318675483227228
67,29,0,-1,1.0576975512133215,0.9280989963838889,0.9485584645275988,30.960594547400387
67,30,0,-1,1.0313181902779927,0.9572194956197241,0.9205924504331963,29.4766305381731
67,31,0,-1,1.0102141084022591,0.9711555967377122,1.030784194412606,30.210269236415847
67,32,0,-1,1.0127307303906243,1.0309018150434544,0.911815515835789,28.998997525484953
67,33,0,-1,0.986987865390601,1.001985601747193,0.962151003796748,31.139906881596787
67,34,0,-1,0.9991330934530702,0.9808676386031121,1.0738632400061787,29.37257359797639
67,35,0,-1,0.9800057029635565,0.9565491328894844,1.0089590502954915,31.73677193162369
67,36,0,-1,1.0004194632929284,0.9686039656398532,1.0099122236210727,29.934619142050874
67,37,0,-1,0.9919902914678093,1.03233447820431,0.9500955641568923,30.5239652369234
67,38,0,-1,0.9770087835104972,1.0284259811235967,1.0322236712562947,31.167869820298744
67,39,0,-1,0.9844124800032151,1.0399059110481785,0.9697640126028981,29.75432989017903
67,40,0,-1,0.9681225652446052,0.9573354296047899,1.0760274309022364,30.12540968841305
67,41,0,-1,1.072436173054607,1.051204873842408,1.0066104532431897,28.38132578586776
67,42,0,-1,0.9484620485570464,0.9164279131054015,1.0439097504396881,30.270543454703386
67,43,0,-1,0.99835047874574,0.9282506278809872,0.9891395919819284,29.64545319367593
67,44,0,-1,0.9856493385447069,1.0276105354328893,1.0488438924769923,30.654023820991135
67,45,0,-1,1.0642686630326266,1.087094924001092,0.897578808669845,29.146589888999205
67,46,0,-1,1.0041130184059877,1.1454523591130206,0.9546301892198601,29.00806312003834
67,47,0,-1,1.0136606444292373,0.997147034999219,1.0042918472047915,28.548966238182192
67,48,0,-1,0.9889150634153188,1.0519831126778199,1.038883572007082,30.98424974074317
67,49,0,-1,0.962790120272925,0.9739106951100811,1.100479135877123,30.57693852529833
67,50,0,-1,1.032704506663906,1.0411678678201937,1.0233358103781611,31.34129591354465
67,51,0,-1,1.0141392973153034,1.0571262734023292,0.9844799144179364,30.512808795493257
68,0,1,38,0.9611044073435389,1.0225740024547623,0.993548114558919,29.715792203245243
68,1,1,38,0.9895678806981849,0.9851968589579447,1.0211262579685172,32.490532748861874
68,2,1,38,1.0210100938533584,0.9475074449192463,1.0367004999430534,29.8555502032069
68,3,1,38,0.9578239326486607,1.055838180167995,0.9553873352085346,28.895391266012346
68,4,1,38,1.0832746227942902,0.9885888501607724,0.9503284279350545,29.01110817729781
68,5,1,38,1.0232907368742201,1.0402262167999825,1.0213575736723728,29.173939402897215
68,6,1,38,0.9742880729701091,1.010353499529064,0.9916489034162889,30.263614533004766
68,7,1,38,1.0185902891204883,0.9983896086668924,0.9379330087942681,30.11235488264447
68,8,1,38,1.038154394802632,0.9745400425395822,0.9811682639104562,29.57078554443895
68,9,1,38,1.031191308612083,0.9996216760056151,1.0804721257967096,30.106393549902375
68,10,1,38,0.9792288347422208,1.0455314721885667,1.0075548146224433,30.16478065668826
68,11,1,38,1.0106531968665253,1.0304144609371564,1.119473915646823,29.57844375300327
68,12,1,38,1.004552637391815,1.006377876594897,1.0324394433530826,32.160346605956384
68,13,1,38,1.0528132691756158,0.9990856897554048,1.0428473319379234,29.804133148719064
68,14,1,38,0.9111369554605234,1.0395325320544277,1.0153161102022359,30.22586911992207
68,15,1,38,1.0199347567719363,0.9967980905064348,0.98620585953668,30.63583552488691
68,16,1,38,1.0037586257995015,0.9719694211531416,1.0116312590941308,29.695592151186233
68,17,1,38,0.9223819851556648,0.9945692100569443,1.0715844139471722,30.88990541249963
68,18,1,38,0.9970287714995304,1.0570382902872477,1.0105372691675287,31.234311999470172
68,19,1,38,1.0583820687972736,0.9104078726968531,1.0230979201524961,28.692453144704903
68,20,1,38,0.8772913166834135,0.9828204849411046,1.065975550331893,30.030593305894612
68,21,1,38,0.978375412857549,1.0299053223317964,0.9922242104996096,29.245777047228543
68,22,1,38,1.0498663512470467,0.9662375376116117,0.9330864977822984,32.294739972731115
68,23,1,38,1.0348331868717946,1.0596270355517596,0.9553375213798437,29.2779441923122
68,24,1,38,0.9672698475909742,0.9846828886651668,0.9794270362939272,29.31206980919873
68,25,1,38,1.015110739966388,0.9876239449492148,1.0082541974444144,30.00079798290873
68,26,1,38,1.036315704068175,1.0684984297104294,1.1595484068943054,31.114763683739454
68,27,1,38,1.027937083185864,0.964295161642095,0.9077240273039466,28.85526873718367
68,28,1,38,1.1105628694416818,1.0352057639010195,1.0648689310972466,30.520242162659216
68,29,1,38,0.9569557888895457,1.0471212681099302,1.0482885160065172,30.952313960162584
68,30,1,38,1.0700604161947387,1.0467480644289457,1.0249315398284693,30.118424329189224
68,31,1,38,1.0473802763796118,1.0641483690984477,1.0474000890610364,27.759060216577254
68,32,1,38,1.0496185506003413,0.9868727712490729,0.9722156577424804,30.51367832224093
68,33,1,38,0.9859696429842701,0.9831275918809306,1.0269036383171215,30.67843879802844
68,34,1,38,1.004706400509877,0.997450956295853,0.9976493082136595,28.864581010234144
68,35,1,38,0.9733290615574263,1.0350507509828988,0.9267765158950153,30.474711797334095
68,36,1,38,1.0372667020860782,1.0358369980703312,0.8341407702007143,30.292180390461905
68,37,1,38,1.0304849321024974,1.0544436432450208,1.0775030219781434,30.171833074082016
68,38,1,38,1.0229916010721418,0.9696406875426405,1.0429860428003799,31.645077992846165
68,39,1,38,0.9030693247308266,0.9760172883912733,0.9732884692729028,27.901173146924958
68,40,1,38,0.9133601315943913,0.9037186992574177,0.9451434120709047,25.678165000291013
68,41,1,38,0.8786966899525138,0.8767613572122398,0.7903015187443425,23.51186516394225
68,42,1,38,0.7698669810845589,0.820494173300871,0.9238269286392548,22.18354998005297
68,43,1,38,0.7784348957714415,0.8145158485155737,0.8472283228742167,19.95265727246653
68,44,1,38,0.680023773695616,0.8113299597078829,0.8322543495756657,17.277597625962056
68,45,1,38,0.6462255715666351,0.7288554634011448,0.7555601406489096,16.249538379550213
68,46,1,38,0.680046691350046,0.6858667248751037,0.6980119688494807,15.266816702221858
68,47,1,38,0.6103107946984357,0.6515291243774736,0.7036396049329483,12.037341896542612
68,48,1,38,0.543947320641553,0.5610098153428574,0.6684489982532894,9.046023922490267
68,49,1,38,0.4185467236584638,0.5732214918095907,0.6651697903376141,7.956706021949151
68,50,1,38,0.4895063141836813,0.5131875123470603,0.6617148784278495,4.971660871142241
68,51,1,38,0.32741239603810024,0.5153378582057384,0.5385736297269674,4.918520016409561
69,0,0,-1,0.9824100158846173,1.0025391699628308,0.9676153863075149,28.934683405486176
69,1,0,-1,0.985102890203139,1.0374881379154575,0.8839602617404496,29.975248688972496
69,2,0,-1,0.9933167343832833,0.9310284225991128,0.9766327892528552,28.449364399069996
69,3,0,-1,1.0138853656797873,0.9577500962967578,1.0638948944739572,30.036388957740677
69,4,0,-1,1.0672331566184283,1.0344311131419894,1.0409860190839344,30.43750886799695
69,5,0,-1,1.0325439521477047,0.9471632610257953,1.0211668986408406,31.022838891313377
69,6,0,-1,0.9673173952925015,0.9339580511888651,1.021119468906032,32.06174295811434
69,7,0,-1,0.9720573348508406,1.0460862503404487,1.0052506235037302,31.1632534738766
69,8,0,-1,0.9710781790296846,0.9916417407215578,0.9217525724358994,30.67600054029186
69,9,0,-1,0.8957139489045004,0.9472040621614254,1.0680663589022978,29.52131375343856
69,10,0,-1,0.8927721043264532,1.0259185659821588,0.9519489307413732,28.959908817936586
69,11,0,-1,0.9772889260560823,0.9580319538952926,1.0629895531270337,31.911785804957688
69,12,0,-1,0.997154062571333,0.98591327782162,0.9721170274804114,28.53187145787142
69,13,0,-1,0.9418617500668756,0.9688829630848425,0.9614061131667503,29.74303769477348
69,14,0,-1,0.9295774988546568,1.0705778542073687,0.9563056813828461,29.45246622592646
69,15,0,-1,0.9407498865646966,1.0094984933364926,0.9951327909255575,29.902681021686885
69,16,0,-1,1.0015339446689542,1.0289649582440035,1.0415548510807653,29.98758364861251
69,17,0,-1,1.0773046436864184,0.9838823685990394,1.007228666786559,30.438052341658437
69,18,0,-1,1.0493177627957857,1.0212242949284562,0.9264727372109558,29.375378809310227
69,19,0,-1,1.048759033353057,0.9974070592602099,1.0805492046789824,29.994139261494915
69,20,0,-1,1.0252129739819003,0.972778343797835,0.9884052593349664,30.398228002248803
69,21,0,-1,1.0806539125647852,1.0167805764155406,1.0619778281262395,29.11247115826773
69,22,0,-1,1.0641135119273444,0.9717575300867616,1.069659305801055,30.05700855262366
69,23,0,-1,0.9841367539725208,0.9682309858966023,0.9905572923171241,29.622103905468293
69,24,0,-1,1.0082516336214824,1.0189644387139094,0.8667750769002693,31.371842562797745
69,25,0,-1,0.9852838102818281,1.0738479564210759,0.9629736485529422,30.28717247123389
69,26,0,-1,1.055927061484002,0.9746797089810263,0.8943368150266159,29.702085789325686
69,27,0,-1,1.0543842061801094,1.0017370723631978,0.9946876921841558,27.495714351344986
69,28,0,-1,1.0646586894255485,1.0403452094025034,1.0186469391692425,31.091585070892172
69,29,0,-1,0.9957073217693919,0.9920840055975113,1.018933709186079,30.105434876127198
69,30,0,-1,0.9905525015633421,0.9711050558209534,0.9734914258050916,31.667657954689638
69,31,0,-1,0.9605946126074795,0.9853175078333722,1.0794114630429503,30.484783470015174
69,32,0,-1,1.025000414123386,1.0368883264829707,0.9932798085950804,31.29894304003053
69,33,0,-1,0.8992686079973137,0.9917589467478618,0.9421906026360379,30.390443246296076
69,34,0,-1,0.9847837850902779,1.022081674694996,1.0460859231239077,30.922488105300495
69,35,0,-1,1.0164241494022057,0.9621542298313478,0.9165013037773481,27.38688821685164
69,36,0,-1,0.9901643523285313,1.0357967525083756,1.0440516577414,30.116204277354583
69,37,0,-1,1.1543955514455067,0.9781511286338095,0.9697688590255449,29.093887622713478
69,38,0,-1,0.9658974777512682,0.9508441144048556,1.0276185278656693,27.9199441527991
69,39,0,-1,1.0004975251713408,1.0766668929773155,1.0263034224450003,31.45000483954761
69,40,0,-1,1.0083106290571355,1.0178968037709784,1.0260899884021464,30.03143743313183
69,41,0,-1,1.0159519446332423,0.9792146772981881,1.0903370315721967,29.894381396688892
69,42,0,-1,0.9746691960646283,1.0179482754716467,0.9798457556674209,31.146954666594898
69,43,0,-1,1.0318301059791615,1.0739638932004794,0.9355149179834943,31.49507261486112
69,44,0,-1,1.0568907872799669,0.9161561497012038,1.062217679501437,29.777641894293122
69,45,0,-1,0.99048396584144,1.0026929710839154,0.9733636025303825,30.00050728265998
69,46,0,-1,0.9580241582735228,1.0020293433105207,0.936253283090521,29.85147010957531
69,47,0,-1,0.9553323486458849,0.9911176071879568,1.102808805369369,29.703861608917975
69,48,0,-1,0.9823636206983711,1.0015624783073318,0.9444997210029114,28.043261277486742
69,49,0,-1,1.0011186352324442,1.0145743480581364,0.9737576536163295,30.307515377621577
69,50,0,-1,1.0786630682481129,1.0195841170443873,0.9591822624545078,29.277180467149996
69,51,0,-1,0.9277253433715799,1.0092269750226404,1.050562019284965,28.908795227857194
70,0,1,26,0.9239615143266069,1.0513198470793716,0.8842847998298965,30.416470258716185
70,1,1,26,1.0465045300008404,0.9918617371124878,1.0632167866211713,30.13147387576453
70,2,1,26,1.0228156572254783,1.0120558905436488,1.065987758288863,31.131723891469118
70,3,1,26,0.9866164725450902,1.0142869343462266,0.9569484794962527,27.800304267459065
70,4,1,26,0.9972035658105751,1.0215299161039622,0.8485275075668209,30.161922777620802
70,5,1,26,0.9156483551494874,0.9761516444006677,1.0438531229336185,31.284879856464286
70,6,1,26,1.0193827560992712,1.0660475945224528,1.0107174340573413,30.696987847178985
70,7,1,26,0.9434621036909773,0.9500464417136963,0.9193476174275925,28.884250896501907
70,8,1,26,1.047941396603016,1.0210708430574436,0.9212288940592359,28.507862362790252
70,9,1,26,0.9340405031117678,0.9754684085002604,1.0349113995441857,29.22974438575835
70,10,1,26,1.038518181966126,1.0351889415877187,0.9594517168841861,28.420996955195555
70,11,1,26,0.9422283683262267,1.0330435346028448,0.9522039120838328,29.80889746243615
70,12,1,26,1.0009589754345944,0.9924845081482698,1.03472242249189,29.76754757364118
70,13,1,26,0.9274748968471808,1.0074215140650045,0.9834992786791514,30.155285342875835
70,14,1,26,1.026322053582962,1.0060139484846178,0.9253970678935854,30.22917869007619
70,15,1,26,0.9465594494408291,1.0074104312552863,1.0183588988514658,29.005239492724016
70,16,1,26,1.0422217114456915,1.0233603856829852,1.024792081208055,31.207350008620416
70,17,1,26,1.0068775078079482,1.046977779297049,0.890443771191323,30.45208515725332
70,18,1,26,1.0159794622096618,1.0410469659818231,0.9431560726512748,29.591544428369513
70,19,1,26,1.0482742671787324,1.0257110551262651,1.1212803778875002,30.52890432517921
70,20,1,26,1.0123976677048376,0.9885762251871337,0.9497838474290033,31.012690042085364
70,21,1,26,0.9973728804887679,0.9507490864919311,1.136341285874335,29.153898065367986
70,22,1,26,0.954286521234753,1.0541810799977986,0.9972721620591642,29.41694683621308
70,23,1,26,1.0598125086959476,1.0136101646671702,0.9400758519376551,29.909262760015945
70,24,1,26,1.042034410403586,1.0190459184535297,0.9406004480979463,30.740108814785003
70,25,1,26,0.9862219736956632,1.0262702395296663,1.0652320973607248,29.72029551860652
70,26,1,26,1.0406162891221769,0.9461815655971592,0.962742906599992,30.211496628723456
70,27,1,26,1.0009660719477986,0.9433160642560174,1.0473008448761705,28.721076790680957
70,28,1,26,0.8269383779547306,0.8853240303935459,0.9471905212749556,25.749813769516116
70,29,1,26,0.8844384201547105,0.9026384105306366,0.8988138455782139,23.632844216731034
70,30,1,26,0.796367136559299,0.841290490221758,0.8997679573255523,23.02518404309889
70,31,1,26,0.7024901447391891,0.7855243346603755,0.7865091504750564,20.30845962947617
70,32,1,26,0.7089365391405268,0.82968528275573,0.8069696359301788,16.905767640193016
70,33,1,26,0.7181884358661622,0.7709049740175368,0.8148762130615721,14.772686990566797
70,34,1,26,0.6277183078818759,0.6508887136926151,0.7930578047526698,11.115038434762944
70,35,1,26,0.5536240995932719,0.6585574062530647,0.7913966038128034,12.669600906090968
70,36,1,26,0.5880677448479921,0.6226310457543209,0.731690845996365,11.249825801737886
70,37,1,26,0.5317955501465953,0.5949730986412187,0.679166454810834,9.270706858755126
70,38,1,26,0.4533383164916156,0.4636252521299285,0.5832365666822871,6.265170021740887
70,39,1,26,0.29447485038799204,0.47943848944971207,0.6324061631229353,4.217492395766186
70,40,1,26,0.2834270135159356,0.4606190176652441,0.5589113841869897,2.415871071752878
70,41,1,26,0.2574022566406368,0.4083638348801113,0.5180545748818147,0.0
70,42,1,26,0.22752932793036848,0.3334786384872477,0.4484779272910636,0.0
70,43,1,26,0.1793270250129883,0.34807282075749657,0.504663464949805,0.0
70,44,1,26,0.06178499691896306,0.3451841883648533,0.5292229217271236,0.0
70,45,1,26,0.05641645333962799,0.23079797588506715,0.5119352183259632,0.0
70,46,1,26,0.0283027063038307,0.24194110892995987,0.4075192590889334,0.0
70,47,1,26,0.0,0.15644806713645937,0.43270656965456256,0.0
70,48,1,26,0.0,0.1313903619478403,0.33597305132467603,0.0
70,49,1,26,0.0,0.05753476889519177,0.26582186081203146,0.0
70,50,1,26,0.0,0.02604090447866153,0.3257332160249718,0.0
70,51,1,26,0.0,0.07379962865893856,0.25720758167844876,0.0
71,0,1,15,0.9888279608588625,1.0059982590594154,0.9684480529511273,30.873428912007572
71,1,1,15,1.0292870840976858,1.0000806323942784,0.8867677882658037,28.310635485242276
71,2,1,15,1.0090342102938359,1.0189907744235502,0.9167592774950238,28.126554731147543
71,3,1,15,1.025097450404525,1.0415417161284566,0.9729292817525874,29.652242662040305
71,4,1,15,0.9609230592564765,0.9784259238687095,1.0342756539686841,30.897211901330444
71,5,1,15,0.9342848652995916,1.0451978316088433,1.0773090718219152,29.823822433707477
71,6,1,15,0.926506716035083,0.9341108534334535,0.979354284779795,29.97858386814394
71,7,1,15,1.0032428602420087,0.9780467571163407,0.9859691057504022,29.781955132733902
71,8,1,15,1.0076637300080755,0.993575397105445,0.9584413132729961,30.167723899552946
71,9,1,15,1.0322958836773195,0.9949273174020524,0.9507353676480669,29.88559790220262
71,10,1,15,1.120538298037535,1.0055946931056405,0.993986092610829,29.30343311833796
71,11,1,15,0.9568157905767543,1.0067032372909615,0.9218150443777476,31.235393831286913
71,12,1,15,0.9905459854076448,0.9003730009718475,1.0520843051365663,30.006267886319282
71,13,1,15,1.0151556509679656,1.0209592556214895,1.0329022218419674,30.087250496192436
71,14,1,15,1.0154367170025735,1.0136055865812985,1.091796889994881,31.140834806259516
71,15,1,15,0.907112576261411,1.0097024788032825,0.9367291368101045,28.980975890541593
71,16,1,15,0.9879907934781269,1.0122642142365321,1.0118457135202308,26.588121376774794
71,17,1,15,0.9367610314377656,0.9383551794799017,0.897190548137094,26.113826293463642
71,18,1,15,0.8800435881929055,0.9072803517372836,0.8836962321837554,23.491914978993847
71,19,1,15,0.8010644001922672,0.844338691702295,0.9060618687169201,22.31943805823159
71,20,1,15,0.7876371179610366,0.7942968614929075,0.8625008212389869,19.22812200436394
71,21,1,15,0.678884098552454,0.7587122839348243,0.8771654139638985,17.507932700374205
71,22,1,15,0.6619176159971907,0.642234799958107,0.8132037812643085,14.130779360185404
71,23,1,15,0.6190716829096418,0.6312015844026337,0.83315595350546,15.011395894616507
71,24,1,15,0.528748089960563,0.5846737906560692,0.7295973557749164,12.165925200045258
71,25,1,15,0.5278372612551671,0.5959702477688895,0.6507644331582804,11.23017833228277
71,26,1,15,0.3924598326546,0.5460000436824849,0.7246972132097643,8.033413951215085
71,27,1,15,0.4490639868013683,0.4488036729634283,0.619692081672424,4.968982938857113
71,28,1,15,0.41299782543366487,0.5015380774216189,0.6763361325761581,2.7802401662447096
71,29,1,15,0.2611996284248871,0.3425102526048261,0.638490336384885,3.1492819897673776
71,30,1,15,0.23304954199827355,0.40376599151841275,0.6426199413835301,0.8285167603548901
71,31,1,15,0.18562022445623577,0.3793485686154793,0.5138830589922916,0.0
71,32,1,15,0.25359921959484055,0.34290130454445855,0.46670630293637805,0.0
71,33,1,15,0.09126474212929066,0.22223894147315848,0.41894201479062304,0.0
71,34,1,15,0.056072614860840995,0.248126998142078,0.4140090618400878,0.0
71,35,1,15,0.0,0.22845928772284818,0.4165188006214477,0.0
71,36,1,15,0.0,0.1737346608694165,0.3396873420242069,0.0
71,37,1,15,0.0,0.09531390229743984,0.43638296665697895,0.0
71,38,1,15,0.0,0.07350384002336399,0.40423864028549306,0.0
71,39,1,15,0.0,0.08767881040794787,0.28018335918903914,0.0
71,40,1,15,0.0,0.0,0.21503228041306702,0.0
71,41,1,15,0.0,0.0,0.25589535737254526,0.0
71,42,1,15,0.0,0.0,0.21209319004494165,0.0
71,43,1,15,0.0,0.0,0.19278689645879324,0.0
71,44,1,15,0.0,0.0,0.1316715627109487,0.0
71,45,1,15,0.0,0.0,0.015243638380617097,0.0
71,46,1,15,0.0,0.0,0.20476523871942592,0.0
71,47,1,15,0.0,0.0,0.10677951216891383,0.0
71,48,1,15,0.0,0.0,0.08380779851994803,0.0
71,49,1,15,0.0,0.0,0.0,0.0
71,50,1,15,0.0,0.0,0.03251289548577771,0.0
71,51,1,15,0.0,0.0,0.0,0.0
72,0,1,17,1.0043633685709596,0.9564074607230081,0.9695167633788471,29.16847092684796
72,1,1,17,1.028867386927373,0.9651959910654718,1.0481640018547291,28.473475194442738
72,2,1,17,0.9181792181947539,1.044120500486601,0.8928990839030646,29.16277523470974
72,3,1,17,0.9455895078097375,1.0304983230803568,0.9788058829264711,30.347866073965776
72,4,1,17,0.9815287046366431,1.0375047341665977,1.170274047012069,30.74466916479053
72,5,1,17,0.9358162792801327,1.0340126419074362,0.9911527588301067,30.245205420271777
72,6,1,17,1.0085583871611483,1.000526138035716,1.001937297142845,30.388222776963687
72,7,1,17,0.9900800726284283,0.9749315190220325,0.9461105977612286,29.43881722969724
72,8,1,17,0.9534947264924873,1.038461091555459,1.0282407055069462,31.89219923061744
72,9,1,17,1.004731437670936,1.0226363932262346,0.9417644731775064,29.22156520608002
72,10,1,17,0.9771496517088966,0.9891978384567001,0.9072126570911854,31.515934204503747
72,11,1,17,0.909320121728551,1.0651931409027224,1.0870702303336053,29.18986378945581
72,12,1,17,1.034061887280982,1.0023410979514853,0.9133902886543448,28.48729889885793
72,13,1,17,1.009920967749368,1.0407579134148335,1.003123212838852,30.052638061683115
72,14,1,17,1.0114580625236163,0.9668291676407068,0.9741917518184963,31.645311706889007
72,15,1,17,1.0577801413032901,1.023305129403226,1.0347813460218178,28.830009359810138
72,16,1,17,1.0306628222138157,1.0461320811449,0.9815475799290133,29.78718011863956
72,17,1,17,0.9497999306865671,0.9447388786401136,1.12051860301674,29.79585218489539
72,18,1,17,0.9640517801330207,0.9558906160585364,0.9757219068842938,27.11999083443928
72,19,1,17,0.8793202972249962,0.8630817908867507,0.9291662401858843,27.188549142446558
72,20,1,17,0.8374077145717781,0.8504553783669859,0.923581575734843,24.441915379795272
72,21,1,17,0.8112641728676532,0.8311389457370857,0.8857595579502376,21.367188908000767
72,22,1,17,0.658886630835949,0.8402575953867806,0.8170946222239983,19.724869231973592
72,23,1,17,0.816600100924234,0.7903181655498758,0.7473610027901249,18.40305325760592
72,24,1,17,0.7241672312511723,0.7158245864684744,0.8274085685112337,14.281318271059938
72,25,1,17,0.6530986506097813,0.7147221069993286,0.8232050540144396,15.481846803120796
72,26,1,17,0.5201062499652117,0.6385691487227105,0.7556922810703106,11.412549897609296
72,27,1,17,0.4869694879870244,0.6191567814396055,0.7399763859931233,9.819054782853733
72,28,1,17,0.44192813083472227,0.49801314677044106,0.5772403529527852,8.465731634922792
72,29,1,17,0.4979020547869719,0.5112287329212855,0.6376086389787903,5.655380347091121
72,30,1,17,0.3268291444336261,0.509910819926227,0.6517838583817248,3.4667522683370695
72,31,1,17,0.323743095372067,0.4300955027933831,0.5641918138979364,1.8893283508592753
72,32,1,17,0.27032938660837724,0.4466029663895893,0.583033164838852,1.0223093847853901
72,33,1,17,0.22603502790392976,0.41942828564555706,0.45670168776994824,0.0
72,34,1,17,0.12686583573895516,0.3795817872682333,0.5306623933029945,0.0
72,35,1,17,0.18723241002621088,0.23511611466402696,0.48965757352530065,0.0
72,36,1,17,0.09904687047748295,0.17650921597033656,0.4671881768584326,0.0
72,37,1,17,0.0,0.21630510066643574,0.3509390249647904,0.0
72,38,1,17,0.0,0.10133420413190868,0.376207077960195,0.0
72,39,1,17,0.0,0.195604252185485,0.3202564424625822,0.0
72,40,1,17,0.0,0.03691775116875985,0.25419169391580015,0.0
72,41,1,17,0.0,0.09423594382190639,0.2390407156074008,0.0
72,42,1,17,0.0,0.01015946839868559,0.19123515556369655,0.0
72,43,1,17,0.0,0.0,0.2997084096395335,0.0
72,44,1,17,0.0,0.0,0.24138686756557637,0.0
72,45,1,17,0.0,0.0,0.28791640365205007,0.0
72,46,1,17,0.0,0.0,0.15244855762257856,0.0
72,47,1,17,0.0,0.0,0.15332046834507546,0.0
72,48,1,17,0.0,0.0,0.05120450833252235,0.0
72,49,1,17,0.0,0.0,0.01306494946204111,0.0
72,50,1,17,0.0,0.0,0.009403002570611255,0.0
72,51,1,17,0.0,0.0,0.10546809428904488,0.0
73,0,1,34,1.0166394122029332,0.9750619879666618,1.0641974018085447,30.56170777714895
73,1,1,34,1.0898751834394134,1.0418671608813808,0.9605797344944675,31.424805451587158
73,2,1,34,1.0750961338850662,1.0417518430101946,0.9987084731558311,30.032625294313224
73,3,1,34,1.0993160690839598,1.0683733235767479,0.9578937299466769,31.80847672032607
73,4,1,34,1.05425825110594,0.9676929750781005,1.094292044233582,30.5357779498931
73,5,1,34,1.0092187815182718,0.9729043020539253,1.0709859483509798,30.40744263547919
73,6,1,34,0.9827778534456156,0.9972131725820756,1.0227884910984455,31.932424416945597
73,7,1,34,0.9502080617200424,1.0480000964877816,1.0675688801507437,29.191238943138625
73,8,1,34,1.0219160539446812,0.9770512127298048,0.9304736596495087,30.348455004739623
73,9,1,34,0.9876043400583575,0.9625358319022382,1.0291443527158302,28.762920456388795
73,10,1,34,1.020855007096387,0.9842475164600363,1.0098279225895113,28.131773111972905
73,11,1,34,0.9893518523119694,0.9985305601100409,1.0592274653342395,29.241408196993266
73,12,1,34,0.9842396442236651,1.0556705978226595,1.0742390020257357,30.386576087079355
73,13,1,34,0.9513315008402752,0.9978134409604932,1.0052411258053922,29.52374934383091
73,14,1,34,0.9832200188575654,0.9654761020081986,0.9771822199203114,29.79679179004124
73,15,1,34,1.0646352401666868,0.9782823277664626,1.0682142585664693,29.381667901464077
73,16,1,34,0.9962296151218086,1.0056705748422696,1.0882722952208903,30.003496729492436
73,17,1,34,0.911117146899949,0.9702779552846458,1.0074294378656443,30.010536125977133
73,18,1,34,0.9500503210734447,0.9247339234119929,1.0610846079017007,30.09795785315173
73,19,1,34,1.0469191056439198,1.0172383355773198,1.1216833154762023,29.839105126657355
73,20,1,34,1.0613631883418713,0.9756026735991292,1.0153619932201923,30.31180640461921
73,21,1,34,1.0126396810569136,0.9771070683555283,1.1322997099890997,30.347085600342115
73,22,1,34,1.0371560677167115,0.9977981951365319,1.107862983455579,30.699303921918446
73,23,1,34,1.0028879012555132,0.9582600046908516,1.118728920306129,28.945320543948633
73,24,1,34,0.9929918897970906,0.9288662399510051,1.0193873973435477,30.37367816704868
73,25,1,34,1.1270226329036632,1.0292785593412215,0.9633589615642348,30.24627354418582
73,26,1,34,0.8853561475470944,0.9716540310251298,0.9615797802797044,30.44663676929275
73,27,1,34,1.0065695109010309,0.9884210007239083,0.980204092371497,30.186440543473374
73,28,1,34,0.9957186681731386,1.076260005654952,1.0588747682091566,30.709907909283384
73,29,1,34,0.9840771073581623,0.9750486739053443,0.9755885611668123,30.413525944108482
73,30,1,34,0.9768953602456187,1.0099485256929956,0.9407673945629934,29.166521498910708
73,31,1,34,1.0185785578478304,0.9718809499970386,0.9786504563249119,29.026722512590723
73,32,1,34,1.0451842911132219,1.051001251430923,0.9896392868216743,29.85944505446833
73,33,1,34,1.0444049241931832,1.0023373991513274,0.9387115211165502,30.319364581518563
73,34,1,34,1.0341878806358558,0.9217698636261081,0.9266498078394076,30.414312320278587
73,35,1,34,1.0844261411670628,0.982756908715664,1.0532510837321578,28.205893953957965
73,36,1,34,0.9505171276833547,0.9093704871976623,0.8329040055091717,25.610947843270793
73,37,1,34,0.8090802181526603,0.8982755537105989,0.8659507909345403,22.116835279884334
73,38,1,34,0.7220984922825597,0.8747047048135159,0.9292775820481011,22.05723382337964
73,39,1,34,0.8092283755605281,0.7766938540034195,0.7640151060034284,20.27978043498206
73,40,1,34,0.7262505018691,0.7175424243661378,0.8607041535812803,17.779231300001666
73,41,1,34,0.5630479217178429,0.7404931684088554,0.8125317664066416,16.340291998024956
73,42,1,34,0.5840159192547034,0.6564138369466188,0.8071727618772954,11.353625094944551
73,43,1,34,0.5579230821012522,0.7259421247521862,0.6773035374475893,13.07171572045289
73,44,1,34,0.5721514169479511,0.5907931424572542,0.8334434184633669,11.362637588395431
73,45,1,34,0.4066171429753402,0.6231017603181571,0.6659679321962292,8.434645240825539
73,46,1,34,0.31846246096974196,0.4711381819734556,0.6155902111703024,6.2588315706170095
73,47,1,34,0.443298377389269,0.4123498661324722,0.6818753727762628,4.903079721094752
73,48,1,34,0.3369483565408556,0.4247020405484444,0.6428716574534966,2.704767692715914
73,49,1,34,0.3348068050898549,0.4413936365790753,0.4221950541619771,0.0
73,50,1,34,0.22153205028702638,0.3244929773416473,0.4297382809609792,0.0
73,51,1,34,0.05265252122520249,0.24501416548914523,0.4469046263480193,0.0
74,0,0,-1,0.9942031263082116,1.0213928331032431,0.9881095065845416,30.167266963121122
74,1,0,-1,1.0549355718116857,1.061342349723436,0.9451593120868317,28.834797088417737
74,2,0,-1,1.0090436653073,0.9383379109907958,1.0337682509164743,28.67762080845606
74,3,0,-1,0.9418495473453089,0.9351703071648811,0.992318507226148,31.75155079147539
74,4,0,-1,0.9271512814041024,1.0477390211665274,1.0831180540500993,28.896657516161298
74,5,0,-1,1.071202366996678,1.0324808773956706,1.036442472354891,29.370030536764908
74,6,0,-1,1.044225845734414,1.0447809041519882,1.1399931468140385,29.72882461209552
74,7,0,-1,0.9694290849434869,1.0241257565737956,1.019508776487375,31.342288123575447
74,8,0,-1,0.9862965674405731,0.9668864728774897,0.9608245624233637,30.58194105288445
74,9,0,-1,1.0314251160218117,1.0487650400484048,0.9662609085666829,30.330424674230628
74,10,0,-1,0.9766092904253497,1.0620055626338434,0.9380698316165572,29.621215032770156
74,11,0,-1,0.9168620385526403,0.9751947531533645,1.0049130074355026,28.687435860634416
74,12,0,-1,1.1188925879526956,1.0347907081425487,1.0465171191780593,30.079878718449812
74,13,0,-1,0.896413603358043,1.021454491710068,0.9704844397665248,31.251538181867247
74,14,0,-1,1.0072563564538124,0.9798046694015081,0.8967843054698881,30.412327044355685
74,15,0,-1,0.9960710950460686,1.0014821584613625,0.9510127696774495,29.160920888566945
74,16,0,-1,1.0736948122400167,0.9491931452942041,1.0046096961355213,29.246856263397202
74,17,0,-1,0.9690143913802386,1.0476307652341321,0.9211692709783661,29.631503125530276
74,18,0,-1,0.9757984297035508,1.0397015325115897,1.055154897625673,29.423159756392216
74,19,0,-1,0.973942542161073,1.009021952945171,1.0736192126797204,30.493155981219775
74,20,0,-1,0.9926941868408314,1.0724109382610738,1.0390450078167202,27.568576546160536
74,21,0,-1,1.0274385202687502,0.9887478899056895,1.0917981772450844,30.14711995085274
74,22,0,-1,1.0345073100302182,1.016148372633184,1.008719270943537,30.843407879129053
74,23,0,-1,1.0142915741165948,0.984788290196469,0.9385898335649483,28.840090979226066
74,24,0,-1,1.0083801603741427,1.069161630215746,0.9379982109723601,30.712176248375343
74,25,0,-1,1.025167037067523,1.020565882254686,0.999979264398417,30.03306679681139
74,26,0,-1,0.9169691760574066,1.020621921986226,1.0091993744644845,30.38257782895391
74,27,0,-1,0.9707115265738434,0.939040087709645,1.0843074348113981,29.137558297887896
74,28,0,-1,1.0557838895478326,1.013289057649891,0.97028620260116,30.73511611332957
74,29,0,-1,0.9897626545634762,0.943623739985475,1.0078600037963654,29.8112531244321
74,30,0,-1,0.9939654176476724,1.0135074065007101,0.9255203958147996,28.73895792954959
74,31,0,-1,0.9946746391600024,1.0199631136590248,0.97215072513558,29.04314363906273
74,32,0,-1,0.9399038619185328,0.9990300106937561,0.9687585421984698,28.263287280883862
74,33,0,-1,1.0470376827273227,0.9896715183864586,1.0746889628441412,28.950407169281924
74,34,0,-1,1.049923354809324,1.027544804285971,1.0430392267495534,29.56216219032632
74,35,0,-1,0.9335283205363364,0.9941381351583335,0.9593344433697757,29.175087931559982
74,36,0,-1,1.00831882931917,1.0006737547619344,1.0069946349212695,29.419805680892505
74,37,0,-1,1.0435996795380185,1.0130932628965028,1.0222871301471181,30.691340067602887
74,38,0,-1,0.9722872046564758,0.9166970795750622,0.9783341178659729,29.93052414973753
74,39,0,-1,0.9404123746507836,0.9316718930868698,1.054608813437731,29.268213518810406
74,40,0,-1,0.9136281661557585,1.0205479274570484,0.9207096875476177,29.806870320343577
74,41,0,-1,1.0180440396878219,0.9595159238980769,1.0534832353385506,29.817682410395992
74,42,0,-1,1.0692727093328773,1.0725457999733492,1.013163459961087,31.41540094256976
74,43,0,-1,1.0109066043492188,0.9561734088443675,1.0264733118273952,28.58293265610814
74,44,0,-1,1.0163065615730653,0.9844279101986365,0.9945476413494095,29.820805935492366
74,45,0,-1,0.9179739916473744,0.9895747553988362,0.8870907763843905,29.928829923275625
74,46,0,-1,0.9299034116924311,1.0075485188053401,0.9561221945283753,30.78168913668624
74,47,0,-1,1.0876348928246218,1.0296359381873263,1.0256420515386306,28.303214684069697
74,48,0,-1,1.0300584471244323,1.0294450416816134,0.9891985468523261,30.732064696009243
74,49,0,-1,1.0446681133912636,0.9606915217669456,1.0408500575144977,29.685159186004576
74,50,0,-1,1.023392499068449,1.0091269762446318,1.0011592876380166,30.452399502165406
74,51,0,-1,0.9481647156385583,1.0156621219001545,1.0729317194329115,28.331309064565346
75,0,0,-1,0.9674240826377964,0.9440217950008887,0.9692007984929206,31.34601923979651
75,1,0,-1,0.9671296935690906,1.0182411911553069,0.9885726011675968,29.874696582913163
75,2,0,-1,0.9463700126347905,0.9720398814757384,0.9452107453824002,30.550040365056187
75,3,0,-1,0.9207671738005322,0.9977464168811988,0.9718291085026647,30.42646671018363
75,4,0,-1,0.9339431976702367,1.0009024278231557,1.0425648638062417,31.50876339209564
75,5,0,-1,0.9737601394872865,1.0030629453366278,1.038368086524773,29.75544119336292
75,6,0,-1,1.0878177928510668,1.0440461653954836,1.0030425568503072,30.82990519220913
75,7,0,-1,0.8889025345301722,1.0190206496487644,0.9668156969035522,29.04985506889148
75,8,0,-1,0.9686353483862471,0.9616474730284279,1.0347930427705054,31.456126892837506
75,9,0,-1,1.0637362758315934,0.98759170314474,1.0608886874500394,30.537940057125518
75,10,0,-1,1.0304322537951787,1.025120462734292,1.0454918164174325,30.38380533130072
75,11,0,-1,0.9680137852200436,1.0359095451117755,1.0861923241052265,29.478443963081475
75,12,0,-1,1.0764204487716706,1.0448963407715552,1.0100667949689455,29.975326436351654
75,13,0,-1,0.9554392911793497,0.982829667730995,1.041234873742518,29.772477269686373
75,14,0,-1,1.0665032500177465,0.9446831158095572,0.9956614926669854,28.542265125230443
75,15,0,-1,0.9330900299425319,1.0073659621098214,0.9644784960348832,30.056399695913033
75,16,0,-1,1.040081656363519,1.0272973260711526,1.063613435238482,30.31281329125719
75,17,0,-1,0.9673109284178234,0.956559259708827,0.9324740294153604,30.935045925215146
75,18,0,-1,0.9891599465266535,1.0140975898674256,0.9592459057367014,30.05407818157419
75,19,0,-1,1.0027400084428812,1.063838848262669,1.0298273684609605,31.574691112178105
75,20,0,-1,0.8374926996598152,0.9679758722922276,0.9276574945427396,31.34847389870709
75,21,0,-1,0.9742556273554296,0.9585990988165972,1.0519181004676021,30.827466986146785
75,22,0,-1,1.0130699257471085,1.065556626555853,0.9414151996809909,29.41293595088295
75,23,0,-1,1.005867842728292,0.9894388899878014,0.9349127105700259,29.356969057129376
75,24,0,-1,1.0725758266612593,1.039469363991069,0.8893882682465617,29.843282430997622
75,25,0,-1,1.0525941237320682,0.9617464829502345,0.9943389130887346,29.02584312572656
75,26,0,-1,1.0968867610552557,1.0490451970913326,0.9676726552451663,28.901091315416753
75,27,0,-1,1.0087399800531505,1.0430935857055814,0.9976078572911595,29.599404596942612
75,28,0,-1,1.0384454371391971,1.0137626641917785,0.9811466156148507,28.560671757145727
75,29,0,-1,0.860293859644552,0.9463363051693074,1.1010643538596554,29.547946827866568
75,30,0,-1,0.9771566244279855,1.025802806093807,0.9441496562013009,31.116047139942992
75,31,0,-1,1.0525373581120792,0.9437018721500122,0.9937359268326317,28.27104803272665
75,32,0,-1,0.9279001519805282,0.9852343139222961,1.0565249203680758,29.038736091025147
75,33,0,-1,0.9360286372738773,0.9460448328624804,0.8700239369589176,28.837680456408208
75,34,0,-1,1.0206490988690273,0.9201139018456619,1.0177262075559275,29.20916256858723
75,35,0,-1,0.9496815307942146,1.0060854334404308,1.0561644497252958,28.86234081228575
75,36,0,-1,0.9823708454656296,0.9944047807466445,0.9316628298879135,29.360190035555043
75,37,0,-1,0.9554489689522314,1.0389018071999283,0.9994899629955384,30.290331790250114
75,38,0,-1,0.9645582789689333,1.043964336505325,0.9138126758646716,30.364173359976263
75,39,0,-1,1.0023374958802151,1.0135658504153928,0.9794911033504576,30.866205394395468
75,40,0,-1,1.0317197658854798,0.9326407177817932,1.021714420101618,28.913017803117473
75,41,0,-1,1.048664585833063,0.9967965256211553,1.0135845015135625,28.980615046172296
75,42,0,-1,0.9760207674506373,0.973469506151273,0.9966385349784899,30.50686599366225
75,43,0,-1,0.9062544701560342,1.0877618571426906,1.0209636130703859,29.492263235957417
75,44,0,-1,1.0318567749978589,1.0115754020529677,0.9276294514353514,28.43630475820789
75,45,0,-1,0.9658154637114459,1.0469534371124827,1.028014696129104,29.492918612457494
75,46,0,-1,1.0495416826755306,1.0000117009269378,0.9970943925901781,30.608302693328135
75,47,0,-1,0.9702889702830275,0.9814513843980011,0.9897603518482373,30.115738701055953
75,48,0,-1,0.9491575965828698,0.930872007246901,0.9496396845722915,30.488183508879413
75,49,0,-1,1.0350354477098367,0.959527438139226,0.9631702991796776,28.49930576091076
75,50,0,-1,1.049922984320211,1.0720747314562344,1.0118360452885353,30.642033368065547
75,51,0,-1,1.0354365258879503,0.9793035987118844,1.0982187914465609,30.78055879381303
76,0,0,-1,1.0356120044081716,0.9879822780115582,0.958621192913863,29.669521009339807
76,1,0,-1,1.0201717101523462,1.0187435924156598,1.0120024680044137,30.871453781025235
76,2,0,-1,0.881625248830542,0.9238644397383193,0.9782933556898957,29.661662616747577
76,3,0,-1,1.0081704673377225,1.0987063576812865,0.9978228100052725,30.875174447280077
76,4,0,-1,0.9803185015463054,0.9449718002349731,1.0299088958617166,31.13246776414288
76,5,0,-1,0.9721165262763797,1.0236530054121573,0.9720723464129313,29.73179329407314
76,6,0,-1,0.9280565914117033,1.0635323480904644,0.9514131684897619,30.558465914374626
76,7,0,-1,0.9809117889135824,1.021740268496554,0.9674678557376989,29.22692664991956
76,8,0,-1,0.9194138128549645,1.0335015119913546,0.895957686776105,30.394442448650015
76,9,0,-1,1.0416433814637414,1.0664605776685225,0.9040801963494804,31.780472944482884
76,10,0,-1,1.0474520116766586,1.0419221704250519,1.062558797973274,30.075439323878573
76,11,0,-1,1.0147226600982624,1.0247487880218014,0.9730205699052276,27.686147487067814
76,12,0,-1,1.087477766983694,0.9800701608268203,1.0093994866933897,29.311774452530983
76,13,0,-1,0.9151870515702031,0.9669464939010299,1.0818479692668292,30.348377509495293
76,14,0,-1,1.0092276934291264,0.9837311895417072,0.9329312401849668,30.000433316480496
76,15,0,-1,0.9994029024751003,1.0235271087966888,0.9573586547291509,27.684657340965988
76,16,0,-1,0.9819221690905473,0.9563398918731425,0.9372884361571565,30.060762253162704
76,17,0,-1,1.0118808783243196,1.0836414217186394,0.9473487080320226,29.838848314715154
76,18,0,-1,0.996711503801491,0.89318247923317,0.9894872761102006,28.601977776631298
76,19,0,-1,0.9496918446061814,1.0068648777191092,0.9755763899601495,30.527670219482378
76,20,0,-1,1.0171594361537852,0.9133733947068157,1.1096098121925992,29.331556332446652
76,21,0,-1,1.0360351005096704,1.0047648402543963,1.0468880179703932,30.638127113490196
76,22,0,-1,0.9889921424925255,1.0637553211220308,1.020625175420447,30.389981936642783
76,23,0,-1,1.0477007941398266,1.0297202811087005,1.0194518716487828,29.796207460495488
76,24,0,-1,1.0495233411211446,0.9529511539356779,1.0390739975129215,30.210924966644843
76,25,0,-1,1.016837961124712,1.0408595433889867,1.055582099961048,31.591947769233805
76,26,0,-1,1.03470365408331,1.0281271054075956,1.0285537062712506,31.788088926431904
76,27,0,-1,0.989410292379318,0.9404330202764047,1.0130305278124783,29.628108421810527
76,28,0,-1,1.0824241177898994,0.9973432177005439,0.982806166715181,30.494992282074293
76,29,0,-1,1.0049734928213323,0.9643191492211881,1.0197339423518164,28.48052458560699
76,30,0,-1,1.0680111503091592,1.0189016346207134,1.0755667065004393,28.72009488836568
76,31,0,-1,1.0462919460476297,0.9238836296451688,1.0369292809335442,29.634580710651903
76,32,0,-1,1.0158121190477984,0.9849918393064229,0.8577576350877705,31.45239002393643
76,33,0,-1,0.9710691816215983,1.0200060954050576,1.0653822505086112,27.764208516337284
76,34,0,-1,0.9816546501344613,1.1249278379831877,1.0395348851441337,30.133954634901023
76,35,0,-1,1.0876053633322142,0.9821053698820639,1.0093990568461353,30.29001329496419
76,36,0,-1,0.9759329180402053,0.976902879646741,0.8651781872765885,30.10649570797894
76,37,0,-1,0.9764012249834015,0.9948132860019162,0.8827840882733533,30.534858370521654
76,38,0,-1,0.9218785272108976,1.0888302773567526,1.0037599871912157,31.344820883143473
76,39,0,-1,0.9891902207895721,1.0428726292845023,1.007376226901876,29.665424305780952
76,40,0,-1,1.0417463649248841,0.9909862342616734,0.969636404051772,31.039599960798732
76,41,0,-1,0.9979824996556107,1.0364627147624115,0.9162257506824167,31.946929981290513
76,42,0,-1,0.9250312612788472,1.0049372319105458,1.0400353380854173,30.000439308174457
76,43,0,-1,1.061052780714311,0.9511943032120824,1.004526397959573,30.51034607061905
76,44,0,-1,1.0076634204120023,1.022140997444156,1.1221679300967857,30.822759765926087
76,45,0,-1,0.994339650891372,0.8978578524300722,1.120293641829943,31.450657905607578
76,46,0,-1,0.9811910129267759,1.050542915748604,1.0297663849584735,28.012532265103538
76,47,0,-1,0.9863593449592197,0.9571704466406722,1.1328027420505713,29.347994668575183
76,48,0,-1,1.039298512335694,0.9467802342095707,1.0826541502914844,31.087811779644852
76,49,0,-1,0.9779708882152381,1.0217858979833019,0.9676208700506029,30.389054003984874
76,50,0,-1,1.0444981270768452,0.9744334186143271,0.993476437494971,30.226801906544726
76,51,0,-1,0.9999216625101294,1.0245492569376722,1.0031927645771852,30.683616777454592
77,0,1,34,0.977808461419344,0.9848014961030457,0.8623401844969028,30.833952632109177
77,1,1,34,1.0705086412636757,1.0809714997087874,0.963058044972693,29.302738948276204
77,2,1,34,1.0110248829356385,1.0479414211728444,1.030736009603006,29.914035446707707
77,3,1,34,0.969753139760671,1.0328038470321013,1.0230937420242445,29.52889861431614
77,4,1,34,0.8604246262313997,1.0487894300754321,0.9758048145792346,29.573456323497897
77,5,1,34,0.9703741485312214,1.029313993522183,0.9261269419020922,31.606896272119545
77,6,1,34,1.028208545402537,1.066661449933842,1.0593065178701764,29.67814946428322
77,7,1,34,0.9459790193406492,1.005923720840242,1.0227476566557343,30.132240334407367
77,8,1,34,1.0437741258126154,0.9697095833858055,0.9820129479232609,30.752900995705772
77,9,1,34,0.9982711433495943,0.9743113409411799,1.0245397880736828,30.4688117164735
77,10,1,34,1.055260426609773,1.0413393346444553,1.0475372975127175,31.002371357515784
77,11,1,34,0.9363406190635212,0.998865190219976,1.0445718446188996,28.77759161829266
77,12,1,34,0.9055094127853559,1.0165867557962374,0.9286697825871919,31.25992324599359
77,13,1,34,1.0161304039985042,1.0157296028407463,0.889339895701855,30.90403483207892
77,14,1,34,0.946330740530557,0.9374082924039084,1.0653606228549704,28.86477747435451
77,15,1,34,0.9409235140769506,0.9686970051356646,0.9049399940504367,31.87524724601752
77,16,1,34,1.025240958518709,0.8998965686076902,0.9492238649214623,29.77857059965731
77,17,1,34,1.0245630554300995,1.0059887559275262,0.8961678158735534,29.801439049745817
77,18,1,34,1.0091945552579535,1.0065393105675235,1.0122513240334088,30.91594573965217
77,19,1,34,0.9731326722057337,0.9911848601689559,0.9041693887398038,28.807549567201836
77,20,1,34,1.0205444126019516,0.9557985775390317,0.9636805237915589,31.625110726281534
77,21,1,34,1.0350855531439531,1.0114880014111662,1.0038848199598123,30.414952385769663
77,22,1,34,0.973681458472618,0.9737521699872238,0.9989717640377418,29.96864884944217
77,23,1,34,1.0501430959913585,0.9450775838998623,0.9237727696601878,32.363160148223685
77,24,1,34,0.9963469072366959,0.9973631782766443,0.9941911700057438,28.54142819649029
77,25,1,34,0.9811449414957583,1.0204337367194067,1.1238581716555547,30.433135460773343
77,26,1,34,1.0509719063503011,0.9834597855881374,1.0080761234282338,29.22297480118795
77,27,1,34,0.9648622930194488,1.0045155542222468,1.077218722229836,30.42034095434862
77,28,1,34,0.9899680917656584,1.0188715904045524,1.0467870425829773,30.689708227442487
77,29,1,34,0.9605039110832074,1.0160117574624112,0.9803034386485272,29.85720352473104
77,30,1,34,0.9658707718016978,1.0263898090528987,1.0477209745801368,28.24323683294604
77,31,1,34,0.8618469140130917,1.0038949819638594,0.9973416706968501,30.195652543852344
77,32,1,34,1.033068541678427,0.9340125113197926,0.9759185696914188,30.188316549383224
77,33,1,34,1.0510116742244926,0.9790233344543929,0.9337570570473923,28.8827563350181
77,34,1,34,0.9856172838405469,0.9556739458048595,1.0528977952752991,29.96656214265916
77,35,1,34,1.0019116203770881,0.9213732008840526,0.9333507032275458,28.93603073846804
77,36,1,34,0.9442767696913181,0.9843818215411403,0.9912939304895126,26.123767703078546
77,37,1,34,0.872864924331121,0.9004256314250839,0.9391176877339954,23.323627148559353
77,38,1,34,0.8276512982460699,0.8242700633654109,0.843052750749128,22.07548020816099
77,39,1,34,0.64500562880919,0.801415957475942,0.8299388852595311,20.28552363265964
77,40,1,34,0.6499777028201182,0.7623881652959381,0.7599791802781808,19.214855615490368
77,41,1,34,0.6432617631087449,0.7292425987952544,0.8191758014313965,15.941664796074942
77,42,1,34,0.5861659403233451,0.7367809035341337,0.7153599637077034,13.766325167917138
77,43,1,34,0.5515212960456102,0.6744844495008638,0.853129892650601,12.650333593298004
77,44,1,34,0.5220771981781127,0.6673125577814975,0.6730996245534807,11.691175247238178
77,45,1,34,0.47029846581765555,0.49548603620921106,0.6412698078246124,7.037959865937049
77,46,1,34,0.3950911428973806,0.46068165021629853,0.6711520943791922,6.223605834732872
77,47,1,34,0.3326408020407233,0.5317380822739154,0.741544518199779,3.297975399804755
77,48,1,34,0.2478508410475154,0.4227835509323396,0.5105249919931693,3.003719113783845
77,49,1,34,0.17106265634479823,0.3927617584074129,0.5609934827994407,0.9484077914631703
77,50,1,34,0.17785963248592104,0.3905169936344643,0.5233460598693687,0.0
77,51,1,34,0.2510539321180336,0.3436130869099502,0.49090608326319757,0.0
78,0,1,15,0.9314843836103354,0.9904294979323744,0.9560689128469376,30.16428690475732
78,1,1,15,1.051330840378119,1.0120723245920082,0.9833041912134006,29.969954072840792
78,2,1,15,0.992739091946451,1.0109498902041414,1.0312270766336353,31.24556905309647
78,3,1,15,1.047857134009895,0.9903623432364165,1.1129692295478482,30.88418762013539
78,4,1,15,0.8935095552786634,1.0409515249799546,1.068092612798278,30.261627879406742
78,5,1,15,1.025166937215515,0.961823620958045,1.0602050549842985,29.40181977442289
78,6,1,15,0.9628455335736434,1.0430053798094538,0.9076621073807487,29.637954295034938
78,7,1,15,1.0846285835313403,1.0105266942893103,1.036917018775034,30.863616112364536
78,8,1,15,1.016473078113947,0.9670755190876275,1.0487480463261307,31.663249009602215
78,9,1,15,1.0571392408462035,0.9885855610401872,1.0579097272540359,30.65719460557515
78,10,1,15,0.999826632735191,0.9043522123741836,0.9468068284467897,29.86960962523822
78,11,1,15,1.0466418439264666,1.061022175457426,0.9812454363866444,30.010247352072977
78,12,1,15,0.91167037338993,1.030308821042008,1.0714890810724336,30.174171278842458
78,13,1,15,1.0572775932452312,1.0376106807233578,1.084114528297995,28.284108037944844
78,14,1,15,0.9319216869198392,1.0026600965273358,1.0128636245074905,29.640586073921426
78,15,1,15,1.039205499950211,0.9807076793601903,0.9639385904902507,29.155276434360935
78,16,1,15,0.9307243297156428,0.9348236814743861,0.9545409843901068,27.670660277042614
78,17,1,15,0.9529704151734847,0.8878088651788759,0.9188314638060179,26.64574226849402
78,18,1,15,0.8635842398445062,0.8967096183009472,0.8902915103605729,22.934639216913453
78,19,1,15,0.8109991066713168,0.8931501071581354,0.8630505202209502,20.883626629054447
78,20,1,15,0.7456652877871023,0.8155137444865618,1.0050211169607322,20.055467165366654
78,21,1,15,0.673063167094441,0.7355244800675317,0.9257063727398788,18.380923372447977
78,22,1,15,0.7599867455598961,0.7277093583814874,0.729261142389214,16.18957026480023
78,23,1,15,0.6237856544484135,0.6807738580282056,0.7270974608230184,14.385825593339753
78,24,1,15,0.5507311213408232,0.6047474816357835,0.6925998189059143,11.233525441607426
78,25,1,15,0.5558034017181968,0.6272509255102596,0.7394885798672706,11.392996757911373
78,26,1,15,0.4071464974394195,0.5631547588839513,0.7815751853086775,6.7454378216583315
78,27,1,15,0.4509899048177392,0.5506624991829817,0.6909016119659154,5.373319858726134
78,28,1,15,0.3110978614292173,0.5042322111415859,0.48768753576286905,3.815971808276135
78,29,1,15,0.31220446127763285,0.4044185428335681,0.5201183957233066,0.0
78,30,1,15,0.1997355437597529,0.4259581787221376,0.5288755006725352,1.4147380313030984
78,31,1,15,0.13985105811619447,0.3626739204631471,0.48172400951982347,0.0
78,32,1,15,0.1620128852130125,0.35954949177659323,0.37059973029088356,0.0
78,33,1,15,0.08645249892821008,0.2773716772617454,0.5386241287898876,0.0
78,34,1,15,0.026511770537567522,0.20957044535343544,0.40873111469256485,0.0
78,35,1,15,0.0017024035551851495,0.1728554229463769,0.41198825131092115,0.0
78,36,1,15,0.0,0.22217860982595034,0.390064993312088,0.0
78,37,1,15,0.0,0.07138054687860874,0.3938416357744551,0.0
78,38,1,15,0.0,0.026198827045564678,0.3204084830254775,0.0
78,39,1,15,0.0,0.044131568742071255,0.31880761316266626,0.0
78,40,1,15,0.0,0.0,0.20033470790524477,0.0
78,41,1,15,0.0,0.0,0.33243680133139664,0.0
78,42,1,15,0.0,0.0,0.1983268877431638,0.0
78,43,1,15,0.0,0.0,0.22219246638046336,0.0
78,44,1,15,0.0,0.0,0.1284113536814985,0.0
78,45,1,15,0.0,0.0,0.10739884125510359,0.0
78,46,1,15,0.0,0.0,0.015034684226720094,0.0
78,47,1,15,0.0,0.0,0.05235002321439425,0.0
78,48,1,15,0.0,0.0,0.07661052289579051,0.0
78,49,1,15,0.0,0.0,0.008797328645657344,0.0
78,50,1,15,0.0,0.0,0.018356361011897762,0.0
78,51,1,15,0.0,0.0,0.01957952779848969,0.0
79,0,1,30,1.0274861855456947,1.0857401898027534,1.004311691116,32.041359286435785
79,1,1,30,0.9943844107142966,0.9206987953143992,1.04836138182539,32.4235526826586
79,2,1,30,1.0339582323878682,0.9917543180377711,0.9238948877149242,30.256202336199795
79,3,1,30,1.0266584011831799,1.0363017965163037,0.9090001780920276,31.55496648147242
79,4,1,30,1.0446531152970613,1.0474436054350542,1.0568946650552002,29.50806152574115
79,5,1,30,0.949908745912551,0.9873829810059297,1.0308743474951247,31.127280640117103
79,6,1,30,0.94973221594754,1.0253829646541828,0.9958918673245937,30.582108042974934
79,7,1,30,1.1285787970571985,0.9578664532000614,0.9564156635635318,30.619102060199605
79,8,1,30,1.1495429481600214,1.05285080778222,1.1014980200589677,30.298302541385517
79,9,1,30,0.9716727712238878,0.9576005716669106,0.9320666611833088,28.786200122226354
79,10,1,30,1.0375894482586125,0.8966688227599797,0.9434524207940475,31.71362424525872
79,11,1,30,1.068664625695766,1.061399228081709,1.0307199063526693,29.12482549027773
79,12,1,30,0.927460883740843,0.9508847516791815,0.9417807209058023,28.949477952873337
79,13,1,30,0.9610450146438725,1.051142322146478,0.974349173907559,29.666619872048464
79,14,1,30,0.98880426473349,1.0372935576825892,1.0401384340428959,30.90056888211621
79,15,1,30,1.0613342256110496,0.9661866459937022,0.9871026402282623,30.565647769712772
79,16,1,30,1.0567074020663283,1.0377914047090706,1.0854997535854198,30.322081522180248
79,17,1,30,0.9616498324618218,0.9129862493749508,1.0016533043163451,30.429115599467735
79,18,1,30,0.9733397775588571,0.9883389641973308,0.932740032844051,28.855856107765682
79,19,1,30,0.9944427043695006,1.1324447146908758,1.043483459462098,29.493799938116858
79,20,1,30,1.002586669233967,1.0251375909734248,1.038124420106051,29.016431914658966
79,21,1,30,0.9526548826633249,0.9525047427939383,1.0232996541602761,28.923844322916285
79,22,1,30,0.8898343952233876,1.0582213199526107,0.9850849814711474,29.269134167780024
79,23,1,30,0.9211752551817722,1.0003384593465021,1.075577329101306,31.584950537276644
79,24,1,30,0.9507648607364099,0.96491214516817,0.9447402724438211,30.149919061012287
79,25,1,30,1.0143290490642025,0.9360519706509655,0.8994561004475323,28.771100226443597
79,26,1,30,0.9970067761719863,1.0414934480832307,0.9876613825421198,28.850311575278667
79,27,1,30,1.0172492644716034,0.9494961689384807,1.0844356560066732,29.800905848159466
79,28,1,30,0.9821113593847515,0.9927836431827068,0.9739980808167731,29.758775648631634
79,29,1,30,1.018669216681548,1.035756745509069,0.9878894237001494,28.494254299733885
79,30,1,30,0.9960699617775494,1.0519724163302788,0.9986666562980145,30.085466209020378
79,31,1,30,0.9463451428099505,0.9441757932908161,0.8912890518009386,27.355185110286694
79,32,1,30,0.9739800677650067,0.9461126249579772,0.9723928913751422,26.03881455844584
79,33,1,30,0.8086987948775384,0.9004724731707701,0.87809282962846,24.68765152031372
79,34,1,30,0.821470643572528,0.8549837966213449,0.8330086122188065,23.278872809699497
79,35,1,30,0.835091776024081,0.8143828706022883,0.8637563149003811,20.494943715089168
79,36,1,30,0.724826182575743,0.789039677668346,0.8408803418056892,19.800907199365362
79,37,1,30,0.6375860832944839,0.758712787455454,0.8245492755662084,15.856161399224023
79,38,1,30,0.6588144318875142,0.6798401668115993,0.7676000951662969,14.485060297671064
79,39,1,30,0.5419533472068375,0.6981909946504207,0.8527322689560947,12.866186203167947
79,40,1,30,0.5311399627471441,0.5900967747477108,0.6868599656645021,11.06261673756747
79,41,1,30,0.5195203416881422,0.5151344063288108,0.6424272283863663,8.375496900763187
79,42,1,30,0.4668108215171608,0.5545694388788834,0.6361039145959171,4.442699103267605
79,43,1,30,0.4764329467242533,0.3901053895213202,0.6084063882153528,3.057482275755277
79,44,1,30,0.3217559082290887,0.47822484993783215,0.5621580299280993,0.815346106732304
79,45,1,30,0.2517093174619823,0.38440979884363385,0.5955108093980844,0.8431588881416966
79,46,1,30,0.18469826829158548,0.3908400611683737,0.5581441844165257,0.0
79,47,1,30,0.20536759058954812,0.3234406808790648,0.4970868600451299,0.0
79,48,1,30,0.03548271557683172,0.3011567831466092,0.38509085775739826,0.0
79,49,1,30,0.09184073477697846,0.2297971330589749,0.3660680869694126,0.0
79,50,1,30,0.0,0.16530841833080154,0.4498807273802324,0.0
79,51,1,30,0.02163745333253457,0.11014203189935456,0.3025311474844671,0.0
80,0,0,-1,0.9109614418278937,0.9875814360231517,0.9587836021316335,29.179024163917283
80,1,0,-1,1.0136967495829774,0.9689264181087341,0.9634912020590936,28.426239182809542
80,2,0,-1,1.0737087996516732,1.0407637755311507,0.9635330631170019,29.187574798320572
80,3,0,-1,0.9848061131328547,1.0535122629219487,1.047652106566928,31.76276829562257
80,4,0,-1,0.8978645483278619,1.004469022998321,0.9498691220459462,29.566209109876983
80,5,0,-1,0.9733154874943132,1.0142259619855731,1.053167553979416,29.403511415273268
80,6,0,-1,1.0078971246284145,0.9780086063754792,0.9938259598375442,31.943524242295474
80,7,0,-1,0.9477014780576062,1.0084124231272358,0.9652466232773182,31.079581307795465
80,8,0,-1,1.0018286601539836,0.9698056778229767,1.028937634831159,31.127562389605618
80,9,0,-1,1.0406961994416957,1.0418119855809267,0.9740310443965093,27.9163029683612
80,10,0,-1,1.0623483271818208,1.0042754138873773,0.990095742152594,31.553945403753346
80,11,0,-1,0.9640085831542674,0.9411998628805476,1.04773079628063,29.83858699728301
80,12,0,-1,0.997603779049627,1.0521726481448586,0.9833355644471616,30.426430149713767
80,13,0,-1,1.1286176321793655,1.0294995891331522,1.1417373352517337,29.66296983072656
80,14,0,-1,1.025075589008849,0.972442933954609,0.9133109338402787,30.352061527170225
80,15,0,-1,1.0126698565800352,1.0248832282598896,0.9578290713717814,29.352366641699106
80,16,0,-1,0.996566506386115,1.0535063559481346,0.922406769791721,27.91345875520458
80,17,0,-1,1.0098166409003828,1.0126712997694725,1.1221369052228405,30.627208781923937
80,18,0,-1,1.0029167750827448,0.9870628590008557,0.8792138724999606,29.55657321152044
80,19,0,-1,1.0001674205022493,1.0151179742864267,1.1130272415746014,29.85876065564075
80,20,0,-1,0.9189562986008291,0.9329904284820055,1.044242519474207,30.75153870480073
80,21,0,-1,1.0287774328712442,0.9553668317000499,0.8863607998077362,31.175922286050884
80,22,0,-1,0.9889060407373952,1.009582664775541,0.9995005352855986,29.652002781561567
80,23,0,-1,0.9931792327816673,1.0372073234145904,0.9579807675810162,31.52914688462044
80,24,0,-1,1.0716431273985396,1.0119487730882348,0.9963063438855317,30.51294665894927
80,25,0,-1,1.0229940558348083,1.030830976682213,0.9054270057404439,30.505354072153196
80,26,0,-1,1.0004864703463954,0.9848719794933516,0.95870974943773,30.027254601012757
80,27,0,-1,1.018055120374326,1.0123015253772336,1.0016517834253171,29.94231008806341
80,28,0,-1,1.0305188919331263,0.9577139982649931,0.9839105931997878,28.63950548423872
80,29,0,-1,1.0687696735984733,1.0086710853778313,0.9404110509389461,29.667761667473503
80,30,0,-1,1.0612031034466565,0.9966406743045598,0.9087531202642741,29.845595714091342
80,31,0,-1,1.0242702161595572,1.043877540345755,1.003288665606864,31.378224164122006
80,32,0,-1,1.0630121578774068,0.9493848241454872,0.909174405670355,31.289090699756244
80,33,0,-1,0.9897480653603252,0.9749059505494507,1.045528391708667,29.692357109302744
80,34,0,-1,0.9795547702385542,1.0140386357516002,1.092926248693274,29.904145737007553
80,35,0,-1,0.9971960405386809,0.9356924420204358,1.0174274636542364,29.64003446623515
80,36,0,-1,1.0264108786969919,1.0098606950163476,0.9874940291319014,29.50967477536014
80,37,0,-1,1.0595807335694003,1.0887561837083406,0.9863014318080736,29.352997448203336
80,38,0,-1,0.995849958474731,0.9802051236967168,0.9348501657579691,30.755939164714356
80,39,0,-1,1.0477765086884439,1.017945996378477,0.9990707856911216,30.74764354687238
80,40,0,-1,1.0375198951387377,0.9909304045790911,0.9550533416629373,31.49237154170698
80,41,0,-1,0.9537369792672287,0.9869062761982395,0.9801096703070371,30.350928578410144
80,42,0,-1,1.017699189955152,1.0295891646712414,0.9879933110365993,30.34276714885781
80,43,0,-1,0.9854573615178532,0.9340858152043015,0.9292589417836838,31.7927861754097
80,44,0,-1,0.9806110873295222,0.9324787297163682,0.9734192243096835,30.28299926211107
80,45,0,-1,1.0298462831625068,0.9120213464267365,0.9607611350215228,29.701942551117256
80,46,0,-1,0.9927877616150792,1.0274971810461,1.014554299991041,30.43212837261709
80,47,0,-1,0.9837342820267255,0.9641906011302467,0.9721210664374319,29.565115258234385
80,48,0,-1,1.0166900146040019,1.0309468278421745,0.9850036368838038,30.423204281556266
80,49,0,-1,1.000489519543146,1.0822322152181632,0.9351724018223587,29.655757596961884
80,50,0,-1,0.9911608000360712,0.9965394249519434,1.0576597118226032,30.41721847612911
80,51,0,-1,0.925558270866428,1.0111393455015352,0.9187815849417063,28.42773774777823
81,0,1,24,1.043907998699851,0.9502990504393991,0.8512240660904202,31.146514835396
81,1,1,24,1.0438925861634774,1.0433946271776564,1.028366719605707,30.842391741340407
81,2,1,24,1.0036252357519593,1.0212904092206774,1.054182854842399,28.6239922161138
81,3,1,24,1.0426348243351313,0.9916095265641889,0.9428925812462237,31.38804404252332
81,4,1,24,0.9839458804266109,1.0324205612612787,1.0265532956634287,30.3421478389982
81,5,1,24,1.0068773264954767,1.0364051530426512,1.0042536410804297,30.75749684605665
81,6,1,24,0.8938868529027937,0.9868512475527402,1.006757823798556,32.81655696739707
81,7,1,24,0.9817460940715146,1.03594194862583,1.023835023306249,29.623908030870666
81,8,1,24,1.0259719384582437,1.0243229451480822,0.9948374884894329,29.189135614435916
81,9,1,24,0.9655049950640712,1.0667440250389135,1.0655458522145567,29.059216574118143
81,10,1,24,1.0787300747095105,0.9932073640431389,0.9851697179120537,30.404562024443447
81,11,1,24,1.0431461644162627,1.0006699498270493,0.8843051212164893,30.031932041257424
81,12,1,24,0.9028477562413797,0.9106098353841794,1.0945673665590192,30.574946633291148
81,13,1,24,0.9754444537266045,1.0462059421156915,0.969916684749766,31.086311571329286
81,14,1,24,1.058123028857102,1.012320672251708,1.0439848642245877,30.248965145855987
81,15,1,24,0.974639316951326,0.9927937379148829,0.9742872006473613,30.07510335567205
81,16,1,24,0.9483656913089518,0.9606123426840597,1.0167929326937069,28.64483431448103
81,17,1,24,0.9921341873620975,0.9902338470332603,0.9304132149985043,28.894648844087424
81,18,1,24,0.934618759757086,1.009340038085081,0.9896154556828117,28.40220318942415
81,19,1,24,1.0133139439767531,0.9937548838113777,1.0590535540691202,29.3039173411927
81,20,1,24,1.0050209182089915,0.9834650412385803,1.0989946715292929,29.32953229992841
81,21,1,24,0.9778741107402229,1.0687906846523565,1.0012444081908938,30.356769586228587
81,22,1,24,1.0345489868523772,0.968884011971238,1.046225465961781,27.979758715366124
81,23,1,24,0.9984302137937836,0.9224377794380259,1.0052436339266162,30.192859478986144
81,24,1,24,1.0475597537653663,1.0379910306737867,1.0756382472773767,29.889067322117775
81,25,1,24,1.0040020073529372,0.9543671485640481,0.9804176042075884,28.27856863617315
81,26,1,24,0.8991127636284391,0.9321989933536396,0.8504456873696844,26.34735844281876
81,27,1,24,0.9349280754261265,0.9250024299876638,0.904914912614708,23.15161144821877
81,28,1,24,0.8646670645724525,0.8589934950537698,0.9756350702628732,22.91413908018072
81,29,1,24,0.8161656935736339,0.7696864863245729,0.8292244153932837,18.891790481005092
81,30,1,24,0.6409377634287218,0.7266582933250862,0.978931748832415,18.095051526758567
81,31,1,24,0.6661377775457042,0.8053201240711372,0.7785313799034825,14.918590774651712
81,32,1,24,0.525555817382107,0.6423483382556373,0.7322029914991017,13.60645227023051
81,33,1,24,0.5622032502900483,0.6959771443609147,0.7893370238062376,10.458782911676892
81,34,1,24,0.4625791660889529,0.6717022435219683,0.672856246461728,9.536224608485385
81,35,1,24,0.46864005092312183,0.6035770468338817,0.669455251128252,7.996570995690302
81,36,1,24,0.44535687501002763,0.518473016324429,0.6349599412065677,5.846544901890713
81,37,1,24,0.3854709130292785,0.3942512449082102,0.6964581314483834,4.446530605118891
81,38,1,24,0.25902638294047275,0.46966873525441466,0.5599738730475098,2.859918066306272
81,39,1,24,0.3238702166472443,0.4056581720378823,0.6427285967523322,0.0
81,40,1,24,0.08248105282396151,0.4371652488461799,0.4422293834941186,0.0
81,41,1,24,0.24281530564385811,0.3427501741749411,0.47074565198527635,0.0
81,42,1,24,0.09388955275770036,0.2839569558368815,0.3883806377918444,0.0
81,43,1,24,0.0,0.23675841445051546,0.4801015557540474,0.0
81,44,1,24,0.0,0.16365244792818653,0.4852387606759526,0.0
81,45,1,24,0.0,0.16703461846680145,0.4017658131983654,0.0
81,46,1,24,0.0,0.17078363388332934,0.29517633886604855,0.0
81,47,1,24,0.0,0.03690812051901315,0.42388991801957354,0.0
81,48,1,24,0.0,0.03157291689296435,0.23051980733313873,0.0
81,49,1,24,0.0,0.017370519199015808,0.23207658251284724,0.0
81,50,1,24,0.0,0.0,0.190371581172915,0.0
81,51,1,24,0.0,0.0,0.16468110928687885,0.0
82,0,1,11,0.9979753592469032,1.0533788989261799,1.0709668299050643,29.56127229899591
82,1,1,11,1.0209336490823129,0.9810032805005803,1.002569385136613,30.92460470938631
82,2,1,11,1.054192084993917,1.0099505991931552,1.0467535360449955,31.4985982861223
82,3,1,11,0.9637249259865924,0.916926921640947,0.9945193459229796,30.569740347512102
82,4,1,11,1.1014433466049969,1.0109613704070053,0.9290404331258753,29.32170614712136
82,5,1,11,1.1084324507051824,1.008802143404684,1.04006506162102,31.51421436097049
82,6,1,11,0.9944263407518364,1.0650318251512818,1.0354011942128745,29.9278742645397
82,7,1,11,1.024525186020472,0.9195198233510453,0.9610383892521438,29.14841010546264
82,8,1,11,1.014129588189641,1.0139092899021107,1.0236962209426137,31.252920986976946
82,9,1,11,0.9893465794493503,1.021761252984454,1.051443662277114,29.59920627341514
82,10,1,11,0.9575809498889069,0.9868319042285382,0.9755929082726957,29.911674525310776
82,11,1,11,1.0051707745466474,1.0197417439801293,1.034335104692466,29.560778783940485
82,12,1,11,1.033029614190243,0.9686858028000669,0.9315465879487986,27.366826754955014
82,13,1,11,0.9043731720276813,0.9464428443848816,1.0029162218515717,24.702544843518783
82,14,1,11,0.8317328993328624,0.9461270690384118,0.9415264111511072,22.405566036483126
82,15,1,11,0.8544868874958531,0.7910708802526994,0.8970860469361207,22.122840808620843
82,16,1,11,0.7520453049345306,0.7574083019359695,0.9046284482396841,22.620844264374494
82,17,1,11,0.6449550101642183,0.7144418522647233,0.8253458000493227,17.959438241156075
82,18,1,11,0.6417223233112879,0.6767565739850262,0.8221104847719855,15.58382916390824
82,19,1,11,0.6341518182914156,0.7307722551056665,0.7515261023671987,14.65079881189626
82,20,1,11,0.5537791754852307,0.635459614002147,0.7299220205549003,12.450431988294909
82,21,1,11,0.5168195287213466,0.6567530905694323,0.7772364420712403,11.094509068785337
82,22,1,11,0.5361377780986311,0.5769227822818189,0.684195152430336,7.035720838061108
82,23,1,11,0.35486532405389887,0.48350207208723195,0.8061215118679474,5.914510615449529
82,24,1,11,0.23539565157445003,0.4216911527516636,0.6999322798923827,2.906293962914528
82,25,1,11,0.2446762597005363,0.4757633375215405,0.6483949788735329,2.1578079206316003
82,26,1,11,0.31295565785930546,0.3640674841045975,0.5418113149740995,0.0
82,27,1,11,0.17482357162650664,0.41385584871970527,0.5528614744131876,0.0
82,28,1,11,0.12217128650481959,0.22675103740727093,0.5096665214755102,0.0
82,29,1,11,0.24376316504761095,0.22218704126621497,0.5128776795171641,0.0
82,30,1,11,0.08096656195698818,0.2507667945110898,0.38336610752961886,0.0
82,31,1,11,0.0,0.24694300000678,0.5001938146626904,0.0
82,32,1,11,0.0,0.18383709305230167,0.3663903807404775,0.0
82,33,1,11,0.0,0.14273524500325074,0.41184446820784637,0.0
82,34,1,11,0.0,0.10866072649871732,0.4275319448881323,0.0
82,35,1,11,0.0,0.11040345376550532,0.22459881794827072,0.0
82,36,1,11,0.0,0.0,0.21736028763926002,0.0
82,37,1,11,0.0,0.0,0.1796302670451598,0.0
82,38,1,11,0.0,0.0,0.1653491890540528,0.0
82,39,1,11,0.0,0.0,0.16345601370934398,0.0
82,40,1,11,0.0,0.0,0.15971042922970205,0.0
82,41,1,11,0.0,0.0,0.06871669333987976,0.0
82,42,1,11,0.0,0.0,0.1663719477132133,0.0
82,43,1,11,0.0,0.0,0.0,0.0
82,44,1,11,0.0,0.0,0.0,0.0
82,45,1,11,0.0,0.0,0.04640886222635687,0.0
82,46,1,11,0.0,0.0,0.0073414498840406045,0.0
82,47,1,11,0.0,0.0,0.0,0.0
82,48,1,11,0.0,0.0,0.0,0.0
82,49,1,11,0.0,0.0,0.0,0.0
82,50,1,11,0.0,0.0,0.0,0.0
82,51,1,11,0.0,0.0,0.0,0.0
83,0,0,-1,0.9909068037255774,0.9957041494669637,1.0801917111831978,30.375913318388314
83,1,0,-1,1.0161766207806893,0.9408992041959974,1.0178846803851196,32.08814106640804
83,2,0,-1,0.9006676180997129,1.115693544865245,0.8970011695553765,31.288158663848815
83,3,0,-1,0.9665654799915158,1.0370069185270583,0.9559087550406747,30.638671689040592
83,4,0,-1,1.001827579585209,1.0163718107571462,0.9951931749749072,30.338330201827056
83,5,0,-1,1.0281170008832123,1.035935690593759,1.0848112365284404,29.408270974537487
83,6,0,-1,1.0142298651660744,0.9996765928734279,0.9795891243171835,29.160676317517726
83,7,0,-1,0.939973712378856,1.0630246810501116,0.9314839675724765,30.566198833723657
83,8,0,-1,1.0232759959637523,0.9643316357410098,1.0331472243365414,30.25192163046626
83,9,0,-1,1.070512726969941,0.9968549562785501,1.073048333724922,30.351911760052335
83,10,0,-1,0.998429365918071,1.0191030619071322,0.972240315568931,28.99801597077989
83,11,0,-1,1.0473512825194367,0.9918848196149533,1.0114756110040999,29.166805365622228
83,12,0,-1,1.0707736506672183,0.9944609838206908,1.0216097925892376,29.71703506495883
83,13,0,-1,1.0560687692168955,1.0476558090185901,0.9907751190548069,30.59567318489468
83,14,0,-1,1.0740967181842684,0.974751376004019,0.9506244208999916,30.234904097879017
83,15,0,-1,0.9691501085973868,0.9567406501806345,0.9790359759727986,28.985757525570666
83,16,0,-1,1.0713784011650638,0.9578484969465146,0.9663797759872353,31.178847067301955
83,17,0,-1,0.9708934957862609,1.0359462068865692,0.9317099901686072,29.79778396537044
83,18,0,-1,1.0446951269653766,1.0275640156390722,0.9979874699114943,31.361808975341564
83,19,0,-1,1.1341294270378255,0.9852816079123109,1.0613638511382937,31.3999292382265
83,20,0,-1,0.9531711038852467,0.9874414410670758,0.996414423137378,30.46824818662252
83,21,0,-1,0.985151097449628,0.9688980192454705,0.9274634316253833,29.83028750280256
83,22,0,-1,0.9409779244477015,1.0210614391459871,1.067958497556184,29.35536689200337
83,23,0,-1,0.966263656612131,0.9928897308259096,0.9305862734350074,30.450681181464052
83,24,0,-1,1.0540237058208677,1.0407431863327408,1.1069130265661957,30.843719820358405
83,25,0,-1,0.9843743491845233,0.9551024126080979,1.0606569078412478,31.31199065196879
83,26,0,-1,0.9207069584769831,1.012858957932323,1.0327561186121283,32.71691914637929
83,27,0,-1,1.038396048241604,1.0087739248407939,1.0514730016594003,28.819070891442678
83,28,0,-1,0.8531047139845548,1.0225335737280226,1.0109751065137962,30.43246730013319
83,29,0,-1,1.003920495704461,1.0015670009773099,1.073205760565479,29.83962179380409
83,30,0,-1,0.9338774399028574,0.9672688405848553,1.0218675186314512,29.38874511984474
83,31,0,-1,0.9792780791804722,0.9690470497461505,1.0171009390705568,30.744911579840185
83,32,0,-1,1.062625867600935,0.9813640324346146,1.0109760460518302,28.91434880107662
83,33,0,-1,0.9987895292313436,0.9731439985571596,0.9805756194164557,30.526262942852053
83,34,0,-1,0.9309769940615702,1.0354935594324386,1.0719370998226794,30.43206458692298
83,35,0,-1,1.0113426267776207,0.9803628240751918,1.091862800998124,30.999650339365726
83,36,0,-1,0.9863774182466409,0.9006186074118527,1.0287751291105367,28.230176158092206
83,37,0,-1,0.9518904852081701,1.0393426974145756,0.9276803681103737,29.418329183653555
83,38,0,-1,1.0673361871228702,1.0446539570870483,0.9538020794339319,28.603117822682194
83,39,0,-1,0.9332845854797398,0.9991612341800203,0.9323667566415366,30.942820688356896
83,40,0,-1,0.950704622712785,0.9488039365230098,0.9894130407073047,30.35250732844537
83,41,0,-1,0.929134979864626,0.9960615814752004,0.9241110358288569,30.989947485619908
83,42,0,-1,0.9615779566629838,0.8867338397601181,1.055088209492415,30.0917381780189
83,43,0,-1,1.010077440288622,0.9528379126763447,1.0875693151928725,29.952868735186488
83,44,0,-1,1.0101560590363048,0.9871142509022067,1.0781363551194414,30.403412078426292
83,45,0,-1,0.9810446025207127,0.9029736923900289,1.1050172885283855,29.89238256330284
83,46,0,-1,1.046198809658355,0.9870689798680381,1.1387518122321216,29.632463538372384
83,47,0,-1,0.9991930364561327,0.9966557504440506,1.0108123687335722,29.178295377391212
83,48,0,-1,0.8873197753895379,0.9243127317721249,1.0486107398952489,28.883390986097886
83,49,0,-1,0.9596734608199639,0.991828384083437,0.9567595295358338,32.93511185927307
83,50,0,-1,1.0461627882334696,0.9905855997423325,0.956655244084517,28.977825954485144
83,51,0,-1,1.0229180432524088,0.9819036414267799,0.986916412735334,30.018698108791632
84,0,0,-1,0.9789534247332276,0.9319852860082944,1.0656729980630815,32.13066695483784
84,1,0,-1,0.9234704416719091,1.0227398796360756,0.9483089196676472,29.469771511548764
84,2,0,-1,0.9552227704129357,1.027152826753501,0.990538968227149,29.688943229147565
84,3,0,-1,1.0034005952310667,1.0001099342003392,0.9987942655794618,32.08264497606611
84,4,0,-1,1.0571497227194684,1.0507400029205,1.0459374969585504,29.64106010243531
84,5,0,-1,0.9312668072268611,1.0096401807545954,1.0048442871850993,30.91553020673159
84,6,0,-1,0.972151276084022,0.9843169586459787,1.084110159786295,31.2397752676657
84,7,0,-1,0.943571103235104,1.0319669759665417,0.974797452834971,29.860566745808942
84,8,0,-1,0.9987605782902318,1.0075114118289963,0.9562899969321124,30.13675608506691
84,9,0,-1,1.043230335522168,0.9983022020840506,1.0333449022979655,28.7941775129186
84,10,0,-1,0.954772549040191,0.9460727051026168,0.9890730644448528,30.44221154059546
84,11,0,-1,0.9709972242993912,1.0366845378868896,1.0495010002348673,30.747142546824556
84,12,0,-1,1.0100821418787886,0.9561819518612812,0.9718668075054794,30.88962893068478
84,13,0,-1,0.915428216079824,1.042295528192707,0.93534060402586,28.089833666839453
84,14,0,-1,0.9887609994100344,1.0532069410142444,0.9292608491636619,31.75027317131269
84,15,0,-1,0.956729025615324,1.0299685026211194,1.007797917314303,30.428009444049913
84,16,0,-1,1.044580884236871,1.0405803503894502,1.0283224121720191,29.056253797477872
84,17,0,-1,1.0214931434982375,1.0099857013316498,1.0505582537209472,29.24522482236971
84,18,0,-1,1.034622735275869,0.9829450000968436,1.0107013961389806,30.871878179204003
84,19,0,-1,1.0550328261289086,1.0326146757326586,1.0183135901777363,30.04052380281832
84,20,0,-1,0.9230617477601021,1.0055606297760664,1.0254502890024262,29.737016640817302
84,21,0,-1,0.9765316906210432,0.9731576382061445,0.9707343766888447,30.934864086780298
84,22,0,-1,0.9007865916933981,1.0064017841301718,1.0686338322892632,30.622051951224762
84,23,0,-1,1.058287514740727,1.026995755884633,1.050750505443199,28.491104565621146
84,24,0,-1,0.9211480461899086,1.0142335484938905,0.9706838462833829,28.43414983542291
84,25,0,-1,0.996624170873964,1.0925956303196764,0.9604425502024458,29.91573004203383
84,26,0,-1,0.9827846448867824,0.9699794673715376,1.0133677838794564,29.86367807259122
84,27,0,-1,1.0642082169792357,1.0128940281752794,0.9642183941195157,27.943141203827437
84,28,0,-1,0.8610215701677942,1.0310654494342255,1.0097310714419943,29.550198677387883
84,29,0,-1,0.9901523870776883,0.9560671822626118,1.017248072279487,29.493461031071362
84,30,0,-1,1.084006048780515,1.0288303064765774,1.0307475097844787,29.680354726440388
84,31,0,-1,1.0199475349983382,1.012025449038268,1.0763362711628162,30.687278287077152
84,32,0,-1,1.0498079667070175,0.9896600645875254,1.0037831251612368,30.97713214104863
84,33,0,-1,1.0265526771106575,0.978297343169786,1.073416987662861,30.59610058969974
84,34,0,-1,1.015891100787546,1.0134756254324049,1.073992394662422,28.731485778765382
84,35,0,-1,0.9900836237199067,1.0686757566513747,0.949160107991113,29.094571672313304
84,36,0,-1,0.9218442015744319,1.0315603993143907,0.9922597489083934,31.033603253770522
84,37,0,-1,0.9265730482533809,0.9677554101707486,1.0737922361539367,29.19696191457066
84,38,0,-1,0.9471662058571427,1.0273307272318435,1.0551976557158063,30.4075657193559
84,39,0,-1,0.9827413745759885,0.9505312532784583,1.1201875511337034,28.668264797350286
84,40,0,-1,0.9283079197142765,1.018081746763875,1.0920309345934267,28.605715415452053
84,41,0,-1,0.9596965469626452,0.9542680425298518,1.0619586249695585,29.936631172837696
84,42,0,-1,0.9872382807641128,1.068476527013518,0.9398486248503745,31.384746523676355
84,43,0,-1,0.979971950175428,1.0125788061040195,1.0135269643123974,26.67344108095346
84,44,0,-1,0.9794833653703122,0.9995633373918884,1.1248492850716603,30.319411179389196
84,45,0,-1,1.0293172908812953,1.00944863692734,0.9306630877811353,29.18388127111259
84,46,0,-1,1.0288902406872877,0.97857508448948,1.0412369071640708,31.03391508754475
84,47,0,-1,0.9783331309023873,1.0755312707737874,1.0983734169526245,29.348501379573417
84,48,0,-1,0.9636915470510311,1.0412008799672856,0.9947313443398401,28.90439237282013
84,49,0,-1,1.0171624266589743,1.0215048537902074,0.9784283732223931,30.305884683138867
84,50,0,-1,1.0718193430964094,0.9463240361140739,1.0161313852923048,30.307443841971924
84,51,0,-1,1.1071262529109955,0.9480183174106331,0.9865566119283729,30.54513864220557
85,0,1,38,0.9872992563919873,1.0311756093867959,0.8912365313409562,31.379301357355413
85,1,1,38,0.9532135485970057,0.9891491625594797,1.0173144005144117,30.054063604374925
85,2,1,38,1.041352845324824,0.9917567902205688,0.991995465906007,30.687516270339017
85,3,1,38,1.0020026706923877,0.9944792166641151,1.007214353620961,29.964115694517172
85,4,1,38,0.9611447557482153,0.9872867246814815,0.9364327568234351,29.285115412704542
85,5,1,38,0.9612310486937596,0.9624753866105805,1.0009539400248466,31.69801827614217
85,6,1,38,1.0610121559647232,1.0479199337501042,1.0715108183692106,30.49364554607268
85,7,1,38,1.0181527351765711,1.013167385465827,0.9878571776501915,29.324444983943145
85,8,1,38,0.9900388386152806,1.036277637220407,0.979171361997478,30.165633420810476
85,9,1,38,1.0405993236185374,1.0292893608464229,1.0120325331553424,30.945262749833173
85,10,1,38,1.1001935523281527,1.0695414275712674,0.9606789909419183,30.698765828455933
85,11,1,38,0.9035966777932218,0.9326665743282428,1.0590588513797425,30.38558698007374
85,12,1,38,0.9575705972073354,1.002333099407157,0.9629207753451509,30.461663190643822
85,13,1,38,0.9795845446400178,1.0287638183583232,0.9714899392933039,30.08711463438628
85,14,1,38,0.9611549254823568,1.0517972422747202,0.9344120648373184,29.753821885583722
85,15,1,38,0.9869581912135422,1.005975753964351,0.9737023459182906,30.23247252012183
85,16,1,38,0.9495737962913667,0.9949033974073244,0.9312017967485383,30.084292101622108
85,17,1,38,0.9836392690934859,1.0223263659188742,1.0366734166171154,31.090220105528896
85,18,1,38,1.0782212806294704,1.0004405774677045,0.9638853944598154,31.281467644706698
85,19,1,38,1.042390980871119,1.0024446413609982,0.8812789990475322,30.878152863460166
85,20,1,38,0.990980419669976,1.008160860941946,1.068830563523258,31.398859996840798
85,21,1,38,1.0397950101997597,1.0867515559470913,1.0124420268156882,29.03558150928243
85,22,1,38,1.018246403339389,1.0145428636416904,1.037593461418196,31.309129301305937
85,23,1,38,1.028130253680264,0.9943821141325544,1.0318748512232627,30.58069850377064
85,24,1,38,1.0993826533237827,0.9031922851890137,1.1158916386887563,31.263805445071753
85,25,1,38,1.0293030444370825,0.9539544235226827,0.858580410881745,30.6398127573481
85,26,1,38,1.0127661266158228,0.9958057092961584,0.9228702917228815,30.810110722289675
85,27,1,38,0.9540801239885552,0.9819882317834813,0.9979219388127409,30.022350761716233
85,28,1,38,0.9169217545839555,0.9493852252514073,0.9831131369732208,30.249152866056555
85,29,1,38,1.0426215796203155,1.0024460633754266,0.9439810466745083,29.360662202037236
85,30,1,38,0.9326866012594408,1.0189467176362654,0.9801049539819333,30.00241989057795
85,31,1,38,0.9022734828950292,1.026657116693611,0.9467047381236503,31.42783505401141
85,32,1,38,0.9566970002571339,0.9667710283604691,0.9947199910397233,31.489346340464643
85,33,1,38,1.031877159772465,0.962052499718522,1.0625631957534831,30.069590667649027
85,34,1,38,1.0094370880285393,0.9703480435915057,0.8807405522565847,30.146543296620923
85,35,1,38,0.9932205053100874,0.9548664004610375,0.916548565812626,30.443601882638244
85,36,1,38,1.0465827562089904,0.8952977436724889,0.9415890610957829,29.20075285328884
85,37,1,38,0.9318827454570391,1.0149892163390268,0.9770720063273348,30.576180018369897
85,38,1,38,0.9885229950312274,1.0054086541036122,1.0681034434169403,31.273093429943017
85,39,1,38,0.9355361108735857,1.0271314998080667,0.9589002888479115,27.902429869460565
85,40,1,38,0.9239119241826496,0.8576389048831161,0.935276452179311,26.65207459559751
85,41,1,38,0.9238396840158499,0.9085964880356768,0.9231378385483329,23.744154997118308
85,42,1,38,0.7922102585410179,0.8338707149440246,0.9575526574092387,22.655723463107265
85,43,1,38,0.7755012500281895,0.7943962518154877,0.8400896561193225,20.338905066603527
85,44,1,38,0.6457210310239461,0.7276366841369047,0.8621583274115927,16.063575688152593
85,45,1,38,0.6805941270702683,0.7183177917054738,0.764065990534793,16.631064480873388
85,46,1,38,0.7155673351423466,0.6243488463914894,0.7350357192920156,12.890364092875979
85,47,1,38,0.5170985034874188,0.6027870351272482,0.792750158920325,10.102556035088732
85,48,1,38,0.47320398337802766,0.6425464582547901,0.7442604632553718,9.069368650405076
85,49,1,38,0.47257017307570454,0.526964187838801,0.6391880017470962,7.823224278807446
85,50,1,38,0.39472646341515005,0.45397550054922975,0.6376385455989785,7.028670566557975
85,51,1,38,0.387008119377579,0.49795411479580926,0.5407791880678734,3.4210954516460146
86,0,0,-1,0.934366830390084,0.9744336851390665,0.9351199126997863,28.87821949678459
86,1,0,-1,0.9205057725433454,0.9764178063294686,1.0668528059065183,30.872454444350765
86,2,0,-1,1.0453298943470393,0.9771855873187719,0.8961759258580598,31.191590848804783
86,3,0,-1,1.0411972536456409,1.0215149916084147,1.041784823382138,29.491665849337565
86,4,0,-1,0.9920854378796037,0.995605640619255,1.0197453462022004,30.018439674437545
86,5,0,-1,1.079202189029057,0.9764859700504324,0.8977694581278389,29.970242563023778
86,6,0,-1,0.944565384464042,1.0106550816340674,0.9668391011221316,28.687732906460383
86,7,0,-1,1.0150956997006473,0.987570655863936,0.9525252840741563,30.11795052594513
86,8,0,-1,0.9509772956878716,1.0092449048846837,1.044659075260866,29.150106940771106
86,9,0,-1,1.1028489016999177,0.9935154356536466,1.0590143777292176,30.8010426231746
86,10,0,-1,0.92201517685248,0.9685429590572856,1.0008769585071322,30.035165680066243
86,11,0,-1,1.0843773507707504,1.0066697945032876,0.9918523377874265,30.12662717628196
86,12,0,-1,0.983994761406377,1.0281112405464827,1.0097946899602983,30.542748195676857
86,13,0,-1,1.067831013266841,1.0477719384674558,1.0443292325817253,28.75922302426268
86,14,0,-1,0.9121136972373789,1.0252799073583134,0.9693690442401739,31.556445983830777
86,15,0,-1,0.9931180355348663,0.953050384105005,0.9942365333302761,29.25251411478402
86,16,0,-1,1.0514932739659295,0.9716843618919295,0.9834690096875119,31.822418881937857
86,17,0,-1,1.0643771783200777,0.9861766340329502,0.9487747738735499,29.203522090959645
86,18,0,-1,1.0179983918284292,0.9141393118628965,1.0750542118131254,29.132003172705907
86,19,0,-1,1.0172437496429503,0.9710025669425701,1.0223616855762416,30.182669908782692
86,20,0,-1,1.083165205010118,1.053608839361368,0.9475940555966775,29.947528750635197
86,21,0,-1,1.0639295391617483,0.995496493308124,1.0397298558851291,30.158388314779415
86,22,0,-1,0.9992866948997675,1.0479012718708969,1.0195825724086531,32.00312581800245
86,23,0,-1,1.0415841475583694,1.0390191989159394,0.9895735528838187,30.425247796342894
86,24,0,-1,1.07597057979831,0.9302914779262386,1.0277549354001776,31.083716822741547
86,25,0,-1,1.0450281647664184,0.9828223525390634,1.021889667089764,29.434360080149087
86,26,0,-1,0.952383855848625,1.031346375136096,1.00633496466539,31.575504721688013
86,27,0,-1,0.9148095322904253,0.9882401441874642,0.9869731905461047,28.97108344156817
86,28,0,-1,1.0075935615827123,0.9972658967419763,0.9980808795500306,29.966418657589198
86,29,0,-1,0.9720302960549227,0.9649122642488192,0.9938374480395784,28.985671250791537
86,30,0,-1,0.940258993121085,0.9594323732881896,0.973190442807141,27.215614450399432
86,31,0,-1,0.9584806796575687,1.0130123391336354,0.9402204730589784,30.7284656585121
86,32,0,-1,1.0454384769721001,0.9589094181345817,1.0174942232724895,27.75501873976607
86,33,0,-1,0.9680984231146379,1.0047280100473635,0.9762898063268112,30.029376759250212
86,34,0,-1,0.9950593039021017,1.0239038808299574,1.0797574633046298,29.107758648744838
86,35,0,-1,1.0553384797549816,0.955970012916672,0.9710498963971915,29.56994363406669
86,36,0,-1,0.9945363878464398,1.042112377495743,0.8945018978806725,29.889585611325586
86,37,0,-1,0.9394215730189273,0.970792283777963,1.0328335029708078,31.813609950276984
86,38,0,-1,1.0038059204230931,1.0357923138117413,1.0584398452780073,29.91272361323558
86,39,0,-1,1.0529746584014212,1.03206640962854,0.9179208072526363,32.29536246051409
86,40,0,-1,1.0220276269763964,0.9684324156580185,0.9544383010964356,30.918104734114912
86,41,0,-1,0.9693284951008924,0.898853235766621,0.9883591942837333,29.306080587368612
86,42,0,-1,1.0150131422401305,1.0215874849636206,0.9775506397163987,29.029971043654708
86,43,0,-1,0.9821427149260817,1.0073839618650982,1.0472673009637627,30.7672758030625
86,44,0,-1,1.0974293175128398,0.9622061511936755,1.019185209671547,30.227273596607652
86,45,0,-1,0.9819308024313395,1.0339973763593973,0.9803329063391246,29.386182388428885
86,46,0,-1,1.0475100208559944,1.0212791017644598,0.871840937506763,30.023089344142683
86,47,0,-1,0.9720642850335417,0.9405393939109798,1.0108062012885364,31.32720327363941
86,48,0,-1,0.9377609479522244,0.956035150137386,0.934995892767212,29.58525314172259
86,49,0,-1,0.9973588225894395,1.0064759967071837,0.980730256972472,30.5173448935413
86,50,0,-1,0.9470293731922622,1.0078484040007787,0.9866372362260658,29.155257137358795
86,51,0,-1,1.0724998334591356,0.949843173883809,0.889913727841774,30.357765566354235
87,0,1,11,0.8808631265688376,0.9675506957518499,1.0240390696231298,31.28240721970682
87,1,1,11,0.9720973858915156,0.9958643530309238,1.102376720402013,29.3022349065917
87,2,1,11,1.0072305532967507,1.0415265526341277,1.0164329246940926,29.329533800652396
87,3,1,11,1.0075465892658222,1.0262287275056892,1.0310878220645894,29.971983108041872
87,4,1,11,0.9715908987196629,0.9560604787104797,1.0339338213572602,29.318117754668222
87,5,1,11,0.9562086712321325,0.9944652099860964,0.9964689422099315,29.793238810380135
87,6,1,11,0.9841655218983344,0.9903876426208518,1.0016707651638115,32.041359941155584
87,7,1,11,1.0243672074901717,1.050633756808689,0.983386716221229,29.92725128601301
87,8,1,11,1.0457159627869974,0.9572262053358731,0.9811083298498988,30.873936918999934
87,9,1,11,0.9925000525234445,1.0858373730012552,1.0480834512744839,30.599857814970242
87,10,1,11,0.9017451381735639,1.04487502757176,0.9956071458696946,29.45879957281632
87,11,1,11,0.9788710546020333,1.0448906112649368,0.9374639440799575,30.39555359439465
87,12,1,11,0.8742972416521388,0.9486596167607203,1.0640131937894242,29.202272059799547
87,13,1,11,0.9168943665272423,0.9651839978950698,1.008181537181518,25.107988403589918
87,14,1,11,0.9074907791920578,0.8711202076334907,0.9294540283331947,25.59873631604984
87,15,1,11,0.9079355350719946,0.8198855579003952,0.9563903949601089,21.960294528847317
87,16,1,11,0.7546697846407143,0.8149504791122977,0.9909988168916455,20.543951823717798
87,17,1,11,0.7682306628597246,0.7626799697922086,0.7876304021224071,18.772488522929983
87,18,1,11,0.6556697825526144,0.6580989246846961,0.7560101794185285,14.609860697007587
87,19,1,11,0.5696689852873948,0.690531907666948,0.7637031234564855,14.5568800805702
87,20,1,11,0.5169181579920719,0.6262776822437461,0.7010753840311198,13.165999304720545
87,21,1,11,0.5433014794750223,0.6061798693563651,0.7562124392073012,11.03025793496909
87,22,1,11,0.4065185133699055,0.6046608122306356,0.6877259674448292,8.04823652244704
87,23,1,11,0.36193544209134887,0.5083281629253258,0.7150014854335355,7.004829369113947
87,24,1,11,0.33240086032931093,0.529183149229311,0.5528579280806913,5.5685341844933856
87,25,1,11,0.3800094553936564,0.4316600474760585,0.5765419655457839,1.003211884389907
87,26,1,11,0.19588510477451124,0.3987497830369513,0.3952441045496854,1.025682544296085
87,27,1,11,0.1251868214306972,0.3930386410524777,0.4895112228459345,0.0
87,28,1,11,0.192510171586546,0.3110394999615947,0.49458842650818935,0.0
87,29,1,11,0.05882594543806069,0.22672950459767036,0.3795902329483478,0.0
87,30,1,11,0.05608187142988714,0.2418071277775958,0.4896020451601599,0.0
87,31,1,11,0.03908028445919117,0.2426800278181689,0.44450655281249996,0.0
87,32,1,11,0.0,0.16664602664069839,0.27818592914484186,0.0
87,33,1,11,0.0,0.10594926322283746,0.3470839456040869,0.0
87,34,1,11,0.0,0.09852899790090525,0.37999075751538397,0.0
87,35,1,11,0.0,0.02994568491388011,0.27486944372428573,0.0
87,36,1,11,0.0,0.0,0.29461923041026167,0.0
87,37,1,11,0.0,0.0,0.12989738998463723,0.0
87,38,1,11,0.0,0.0,0.1845596822095581,0.0
87,39,1,11,0.0,0.0,0.201673065648062,0.0
87,40,1,11,0.0,0.0,0.08854135469654675,0.0
87,41,1,11,0.0,0.0,0.0,0.0
87,42,1,11,0.0,0.0,0.07723177396411111,0.0
87,43,1,11,0.0,0.0,0.09464883082323014,0.0
87,44,1,11,0.0,0.0,0.0,0.0
87,45,1,11,0.0,0.0,0.0,0.0
87,46,1,11,0.0,0.0,0.0,0.0
87,47,1,11,0.0,0.0,0.0,0.0
87,48,1,11,0.0,0.0,0.0,0.0
87,49,1,11,0.0,0.0,0.0,0.0
87,50,1,11,0.0,0.0,0.0,0.0
87,51,1,11,0.0,0.0,0.0,0.0
88,0,1,26,1.0201497131530226,0.9407454607011511,1.0291266641814443,26.96750459269476
88,1,1,26,1.0013609398983883,0.9741107088246892,1.0321532710415575,30.214001363425332
88,2,1,26,0.9816663771471842,1.0054151322207976,0.9026976853153037,29.90222395611798
88,3,1,26,0.9440536510909063,0.9379153959829909,1.0410574889550066,30.360598706795027
88,4,1,26,1.026896242381453,0.9978254663414697,1.009219609097046,29.301226694047976
88,5,1,26,1.0477578750105718,0.9866321165083848,1.038154476933205,30.610055886456035
88,6,1,26,1.0153587108510957,0.9731403926344898,1.1012652899743511,30.695011473828554
88,7,1,26,0.9918997310925717,1.0432068171634776,1.0935353908284324,32.17506439539777
88,8,1,26,0.9521579486511649,0.9955386713263927,1.0019292855562771,31.41783269870796
88,9,1,26,0.9852114356037742,1.0039802620611125,0.9538128144427546,29.15795502032317
88,10,1,26,0.954683996307727,0.9367482726706998,0.972090968080267,31.80910448614303
88,11,1,26,1.0015665752841556,1.0171748316158522,0.9687610246855483,30.217813024818394
88,12,1,26,0.9825458350622865,0.9823803501594026,1.0115785659591832,29.915976619763793
88,13,1,26,0.9970754033611972,0.9749977378087654,0.9918951029609652,30.697745553204776
88,14,1,26,1.0583139875307814,0.9971606541884689,1.091520334119677,30.040779485238108
88,15,1,26,1.0046142113528203,1.0172041376113157,0.9876676719687526,30.83894287860434
88,16,1,26,0.9875829350848242,1.0443265887151962,0.993136730993115,31.16667236629512
88,17,1,26,1.016532391223357,0.9470136888875329,0.9241109546032,30.048513759801892
88,18,1,26,0.8876432674297079,0.981995991459651,1.0196722685071777,30.660929062994175
88,19,1,26,1.035251831916707,1.0068866046334166,1.0021364353340694,31.361929561628678
88,20,1,26,0.9307532269260936,0.9456303299583915,0.94142487867359,29.990740739339838
88,21,1,26,1.0371713249504935,1.013195001367305,0.9883517399496651,30.93912212852029
88,22,1,26,1.0110132023962382,1.0395363565122793,1.1037201959209708,30.60680858088009
88,23,1,26,0.9179172798326708,1.0606264505243772,0.8617196555976666,29.291297916776767
88,24,1,26,0.9455806232979904,1.0120580923052485,0.9120015437308874,29.877869770422667
88,25,1,26,0.9941874671623201,0.9454826203637526,1.0637289913676566,29.79120058748354
88,26,1,26,0.9630959884242029,1.045916212256775,1.0574624024905228,28.976544624081907
88,27,1,26,0.9252233295860299,1.0779273026302296,1.038281362242889,27.932017872428514
88,28,1,26,0.9084286719091161,0.915777812319874,1.0169501389197124,27.03443548896583
88,29,1,26,0.8408004316354957,0.8899218260115298,0.9303711685888322,24.28475127940002
88,30,1,26,0.772375200844578,0.8454196616326246,0.8735039026949837,21.230914143075946
88,31,1,26,0.7132864851135472,0.7730584774916536,0.8080705651979629,19.64762500326956
88,32,1,26,0.7687965085927536,0.7893016121434688,0.8026054775955334,18.463960096372574
88,33,1,26,0.7160387952965684,0.7010416032579736,0.7894445306195383,14.47468664071342
88,34,1,26,0.5335916965327512,0.631061988602937,0.809379497867598,14.822456171309598
88,35,1,26,0.5639187921633044,0.746535944517032,0.7782677211839912,10.048503526224286
88,36,1,26,0.48557796592306707,0.633626515324058,0.7007155303023441,10.339663177246871
88,37,1,26,0.3370997957465658,0.5537046768050352,0.5810670249430256,7.18039510379449
88,38,1,26,0.3895851126931458,0.5085508439932311,0.6462767630275886,5.579117137328807
88,39,1,26,0.29780412088560976,0.5175747250007334,0.687100894675873,4.0996034208070355
88,40,1,26,0.2921378195168449,0.500465692816462,0.55150214493073,1.2774677483179355
88,41,1,26,0.23984817010785398,0.3908130354761405,0.619476535484189,0.4435213500253952
88,42,1,26,0.2302399659495522,0.3748356087978316,0.6153389509380747,0.0
88,43,1,26,0.12461940327984661,0.33219155730408517,0.395967237967883,0.0
88,44,1,26,0.09459531143404884,0.3227000745526025,0.4647061174256319,0.0
88,45,1,26,0.0927719138022593,0.2428559548175599,0.47160005568615004,0.0
88,46,1,26,0.0,0.26195469787092096,0.43163249388384334,0.0
88,47,1,26,0.0,0.17470248323184726,0.2796839833070964,0.0
88,48,1,26,0.0,0.08330753247843184,0.4083855800162275,0.0
88,49,1,26,0.0,0.058182351744767956,0.266254353751144,0.0
88,50,1,26,0.0,0.06442580323664246,0.2193430339942427,0.0
88,51,1,26,0.0,0.022076841261385236,0.29605598374786046,0.0
89,0,1,11,0.9979787536715006,0.9825179767799865,0.9193662603200097,29.31499383409028
89,1,1,11,1.0435938142267884,0.938062723871527,0.9067004490343495,31.905541390774964
89,2,1,11,0.9643075077472748,0.9956580276948509,0.9263846475797357,29.703581971729285
89,3,1,11,1.0419498559821498,0.9764709089341381,0.9989800273957795,29.205845151202723
89,4,1,11,1.0643282838790444,1.0177290197103945,1.0590736059302324,29.623119715082154
89,5,1,11,0.9981882431157787,1.0081188734320676,1.054460749438814,29.725424576139975
89,6,1,11,0.9979637014101805,0.9359052754748739,0.896895082245423,29.473606161098992
89,7,1,11,0.9607029798234143,1.0222929044930709,0.9113093354330756,30.454316509132575
89,8,1,11,1.0751254514467843,0.9838098241265197,0.9925897360219332,30.581530337590248
89,9,1,11,1.116683065898851,0.9386429641730909,1.042136388261266,31.920371268969287
89,10,1,11,0.9557033443623998,1.0147469366382285,1.0171727282729344,31.418682350155976
89,11,1,11,1.0145642299149715,0.9121050339129398,1.027199444362007,29.694027247617687
89,12,1,11,0.9756274538831216,0.9972625318656198,0.9782135603411077,27.538953710856955
89,13,1,11,0.9010464429768479,0.8310235646779451,0.9827366282932443,25.63427300116164
89,14,1,11,0.8940140546206736,0.886213442478452,0.8989920108094606,23.894559915679796
89,15,1,11,0.7545145564916744,0.8836528309451306,0.8223314763531415,20.296272794893838
89,16,1,11,0.7264139284460256,0.720913353589813,0.8778182800405274,19.34038077968933
89,17,1,11,0.7526611967378583,0.6870593434067858,0.9018235515865417,16.831102258053765
89,18,1,11,0.6927492308149189,0.682879549186706,0.7466092801239561,15.938102468007605
89,19,1,11,0.7943022089833417,0.7546634192335595,0.8108162991918663,14.174436352890908
89,20,1,11,0.606781084661679,0.6351406868798469,0.6663095044750674,11.669335650937636
89,21,1,11,0.457693348037857,0.6395904378350107,0.7344793728986136,7.321768142724906
89,22,1,11,0.48434560784212854,0.5083164484605575,0.6841384546290166,8.2588533671794
89,23,1,11,0.47546854063279204,0.5673612347861773,0.6144107801727686,5.638486694971593
89,24,1,11,0.38574396428952473,0.4554849056749855,0.6933926157656316,3.0095724303452953
89,25,1,11,0.27924991362756624,0.4254554635471983,0.6053982349731974,2.2074450941493198
89,26,1,11,0.23178308128915734,0.4032619214949072,0.49514284186874147,0.0
89,27,1,11,0.21217550792080603,0.33774203150123216,0.5037800563734068,0.0
89,28,1,11,0.15189649500597774,0.30857273107481253,0.4964528159446734,0.0
89,29,1,11,0.05495348163659981,0.30040127535157346,0.5598843496331715,0.0
89,30,1,11,0.029591766894851813,0.200446320002503,0.4048090983670472,0.0
89,31,1,11,0.0,0.2088189254748638,0.35682444627413473,0.0
89,32,1,11,0.020148696668882235,0.1360040255976178,0.29785597199089114,0.0
89,33,1,11,0.0,0.12934516177227903,0.28278928966379324,0.0
89,34,1,11,0.0,0.09117040210274499,0.34316930669691253,0.0
89,35,1,11,0.0,0.02587305135409315,0.30800605480545584,0.0
89,36,1,11,0.0,0.0,0.272238013723458,0.0
89,37,1,11,0.0,0.0,0.21750391371470423,0.0
89,38,1,11,0.0,0.0,0.1679753582514519,0.0
89,39,1,11,0.0,0.0,0.10799901094326897,0.0
89,40,1,11,0.0,0.0,0.0762441964668078,0.0
89,41,1,11,0.0,0.0,0.1978343919435704,0.0
89,42,1,11,0.0,0.0,0.04480534554878593,0.0
89,43,1,11,0.0,0.0,0.0,0.0
89,44,1,11,0.0,0.0,0.0,0.0
89,45,1,11,0.0,0.0,0.03664836789018272,0.0
89,46,1,11,0.0,0.0,0.00492087076394284,0.0
89,47,1,11,0.0,0.0,0.0,0.0
89,48,1,11,0.0,0.0,0.0,0.0
89,49,1,11,0.0,0.0,0.0,0.0
89,50,1,11,0.0,0.0,0.0,0.0
89,51,1,11,0.0,0.0,0.0,0.0
90,0,1,19,0.9823938653737218,1.0145680648578836,1.0354803098505299,29.732204762974412
90,1,1,19,1.0043449782892495,1.0866401848153169,0.9240216738422505,28.288256145631166
90,2,1,19,0.9345244471440077,0.9754099890148274,1.000406177653432,30.193323422456253
90,3,1,19,1.0300631387400652,0.9862522162117324,1.0064730658839554,29.572488606784482
90,4,1,19,0.9916113540515359,0.9844242425897023,0.9759305120109287,30.612413722005268
90,5,1,19,0.9937496351423678,0.9959633540486459,0.9914889875729033,31.22772790421777
90,6,1,19,1.0229625703514214,0.9732483017637181,1.1433813656824579,29.122760620504625
90,7,1,19,1.0845717242429485,1.018519950181462,0.9911671226726992,30.14873375357909
90,8,1,19,1.0082047734302875,0.9595465765299671,0.9777859544318611,27.530443219814853
90,9,1,19,0.9755413742860197,0.9448190811866188,0.9001807002684599,29.683628474324784
90,10,1,19,1.024274174050734,0.9961019482849844,0.8989261534568016,29.084164696848465
90,11,1,19,1.0259664787616622,1.0581257221729476,1.0337410407314778,30.061767515247045
90,12,1,19,1.0070244816882103,1.0400494727332172,1.0077672772037933,30.90592688768574
90,13,1,19,0.9745710777683472,1.037406070481903,0.9694599922566773,29.150715441082895
90,14,1,19,0.9944964931072151,1.026175780759816,1.009130735408603,29.410348989242415
90,15,1,19,1.051464482870564,0.9841239121590123,1.0157668700409803,29.160662837345853
90,16,1,19,0.9779848510076864,1.0292947693851295,0.9994087442264116,30.069248397493187
90,17,1,19,1.037284940812778,0.9887460154984404,1.0500168711449267,28.75579854961133
90,18,1,19,1.0284518119183732,1.0156931366424478,0.9150674048559152,29.44495943381511
90,19,1,19,1.0100433359412968,0.9647042002547627,1.0033880998739242,30.09682816352021
90,20,1,19,0.9445805691312263,0.8978803897560672,0.8609856471580777,27.146848128146043
90,21,1,19,0.9266621708182161,0.9528112515926324,0.8526081495445907,26.270773902356037
90,22,1,19,0.8237644813282277,0.8874570736777316,0.8177573117245588,24.582467346035937
90,23,1,19,0.8592024879503658,0.8064350036826877,0.8525542059414398,21.99761220903739
90,24,1,19,0.7534298168148919,0.8068458958695414,0.8496249049254755,17.49327948247417
90,25,1,19,0.7194949893053029,0.7813164929186378,0.8020592507631387,20.202243052731497
90,26,1,19,0.6302746754255221,0.7724258470879449,0.9007370452533707,15.89021103839906
90,27,1,19,0.612929088049622,0.6583685622698545,0.7866849184729013,14.783185440206559
90,28,1,19,0.6033082152855199,0.634053828386537,0.7472536187477576,10.70994935402625
90,29,1,19,0.47910701115065,0.5932605953797052,0.7173680324813251,11.048067299286961
90,30,1,19,0.47371115886748055,0.5863643675942992,0.6933037007133881,9.478848265014786
90,31,1,19,0.46499552877333383,0.47541033086550477,0.7695632433747587,5.841808634297487
90,32,1,19,0.28121629892922795,0.4318457265524497,0.6385544313640245,2.6901252465266134
90,33,1,19,0.23721921804208335,0.453290042173943,0.6518315870838187,1.794340576975658
90,34,1,19,0.2823879539006362,0.4331007651558665,0.4528162258421857,0.0
90,35,1,19,0.18971402698719947,0.3773745380858447,0.42871189512523816,0.0
90,36,1,19,0.14229926664070808,0.33908767366311865,0.43091444475978047,0.0
90,37,1,19,0.05482969813589289,0.2783833530636995,0.4959608624145183,0.0
90,38,1,19,0.18305547226280647,0.2637227724283494,0.3808368805927485,0.0
90,39,1,19,0.07292083383844522,0.17763214905836083,0.45315828129925434,0.0
90,40,1,19,0.0,0.15028629469397017,0.3119426706220155,0.0
90,41,1,19,0.0,0.10465239564239785,0.3463853691339355,0.0
90,42,1,19,0.0,0.10087584148927446,0.4087477319553495,0.0
90,43,1,19,0.0,0.0,0.26784874101307415,0.0
90,44,1,19,0.0,0.0,0.22182188472777453,0.0
90,45,1,19,0.0,0.0,0.20630862472878728,0.0
90,46,1,19,0.0,0.0,0.10703524480240331,0.0
90,47,1,19,0.0,0.0,0.03839649338822032,0.0
90,48,1,19,0.0,0.0,0.11500790031940836,0.0
90,49,1,19,0.0,0.0,0.1504465495109829,0.0
90,50,1,19,0.0,0.0,0.1378712491198546,0.0
90,51,1,19,0.0,0.0,0.14454636004364207,0.0
91,0,1,29,1.066569886987707,1.0547162504041157,1.0627099187438718,28.98931104982604
91,1,1,29,1.059502834036671,1.026164108696948,1.0209183260903167,29.389141444852367
91,2,1,29,1.0269908818890374,0.9854085415798576,0.9470165854638117,29.931183301871094
91,3,1,29,0.9407593713806309,1.0071538434162304,0.9684502321774292,31.090589127578852
91,4,1,29,1.0329198717655783,0.9908886084802498,0.9636621500239562,28.74254632357675
91,5,1,29,0.9947035611676797,1.0624404350299401,1.1017901106347037,30.28794120263108
91,6,1,29,0.9705490989583814,1.0079668803705262,0.9932730176040614,29.695708865633158
91,7,1,29,1.0210343428421216,1.0095749428033753,1.1008373811127867,27.36728705518788
91,8,1,29,0.9456541636288307,1.0080216027543403,1.011895320032926,31.927067418011227
91,9,1,29,1.0518276095294745,1.0497505943601901,1.0132773681030367,30.56467099040763
91,10,1,29,0.9624551031281476,1.0204611959308436,0.8997676905034492,28.7092847319017
91,11,1,29,1.042571999106746,1.0868879241289906,0.8743716885829727,31.9876115454442
91,12,1,29,0.9591713998703977,0.9716212624764295,1.0107890302887053,29.374353368857538
91,13,1,29,0.9621771238982256,1.0468851159797066,0.9789989685356175,29.660150797644725
91,14,1,29,0.9815150641451533,0.9787420860052629,1.0508905189510276,29.61546874080736
91,15,1,29,0.9337933449460981,1.0555691019590225,0.9837277592708482,29.681543761600885
91,16,1,29,1.0313703496364888,0.9898134103501361,1.031236922781693,31.45888800521704
91,17,1,29,0.9723471657597578,1.0098678485416877,0.9518237336179965,30.95380989654592
91,18,1,29,0.9447145948667296,0.9875361134355107,1.0223939815077419,29.835898387154757
91,19,1,29,0.986017047635133,0.9761567560819613,0.9037263317530154,29.422827127563366
91,20,1,29,1.0162079839306226,1.0233754557539625,0.9023461386687989,29.112383659318695
91,21,1,29,0.9171729439946635,1.0205459543373032,0.9295508667182714,28.443934179301817
91,22,1,29,0.910183122064924,1.0058956534991752,0.9366084829448075,30.191565702145862
91,23,1,29,0.9514164421653973,0.9345869131439799,0.9873098016859331,29.985191625206113
91,24,1,29,0.931558388336636,0.9808971733200774,0.9851087199335077,30.411029899111217
91,25,1,29,0.8959455237686815,0.9132230886125315,0.8837491694045686,29.469818302145036
91,26,1,29,0.9519341111088035,0.9783246346250007,1.0019477907755405,31.15172690344087
91,27,1,29,1.0382319286318513,0.930061618679756,0.9430784048399212,30.184388140521154
91,28,1,29,0.9679043173814688,0.9925137453797526,1.0792441855595178,29.63005157267125
91,29,1,29,1.0086315844691067,0.9807632123760563,0.9767702048948584,29.93534057723043
91,30,1,29,0.8866835358733205,0.9247331297372322,0.9625589727097278,28.055481285565072
91,31,1,29,0.930592103872011,0.8627554036205908,0.9575211037177317,24.91862804195135
91,32,1,29,0.8124487015193742,0.8360193445292464,0.8498504451033191,22.667162933130427
91,33,1,29,0.8402193988076456,0.8419936298905722,0.8815585861299148,20.68687378432386
91,34,1,29,0.8003074095641294,0.7988316881115771,0.7677913765757383,18.68122344440387
91,35,1,29,0.679266886364281,0.7862732980915107,0.8628118230856723,18.86881608383179
91,36,1,29,0.6817778774007166,0.7459481199347007,0.8525387491174967,16.38600096411831
91,37,1,29,0.6057764362505408,0.7321284892783245,0.7274058071775623,12.458771848119463
91,38,1,29,0.599256809186526,0.5649513251551657,0.6864560300261942,13.141598862772037
91,39,1,29,0.4641529768858962,0.5581946000840705,0.7095063336150595,11.239097723017519
91,40,1,29,0.4589756123721618,0.5524104467654312,0.6428912661809051,9.309442981726484
91,41,1,29,0.38461375385289076,0.468135505785802,0.7118424726912506,6.522198296661312
91,42,1,29,0.3615827497859169,0.48628988852248944,0.6474384305383769,4.366926767638779
91,43,1,29,0.24420680999336503,0.4099039623399379,0.6176559496817999,1.9523299421313554
91,44,1,29,0.2806389938866708,0.47466256353190944,0.3924896161201019,2.1466255674283037
91,45,1,29,0.25907608622892353,0.302341193574932,0.5162509076564178,0.0
91,46,1,29,0.16353052343426674,0.30509110249541943,0.5011874811607482,0.0
91,47,1,29,0.15003228297489793,0.3098845644980941,0.5167402594860879,0.0
91,48,1,29,0.069248029185902,0.18693147215297212,0.5053180203329509,0.0
91,49,1,29,0.0,0.20262590501502376,0.3556541296493499,0.0
91,50,1,29,0.0,0.19123452917929662,0.3884167869029812,0.0
91,51,1,29,0.0,0.06783109718835512,0.30456996156929006,0.0
92,0,1,24,0.9970692552093345,1.0103213934075574,1.0100749932513868,29.511372566959686
92,1,1,24,1.1012531994351051,1.0190485466898063,0.9789076198109535,28.03440762565969
92,2,1,24,0.9847044877870633,1.0411278424036743,0.886172709305628,31.093833651731945
92,3,1,24,0.9067071974403532,1.0099237252338615,0.9747694884295759,28.770322697720367
92,4,1,24,0.9645677558573251,1.0012808147604266,1.0706244714489022,30.36574579191259
92,5,1,24,0.9702880348221485,1.0240074965986836,0.9704990991266702,29.464358498211936
92,6,1,24,1.017659636004984,0.966247906033348,1.013254535283054,28.980181482164944
92,7,1,24,0.9929313535751727,0.976098297185419,1.016198612113525,29.490350785930968
92,8,1,24,0.9872607206300996,1.0080647230154578,0.9585655805410332,28.712377379080642
92,9,1,24,0.9467983479339577,0.990353637163573,1.0800460681917632,30.066722168753117
92,10,1,24,1.0020196901040013,1.024907660005979,1.0371996200936455,29.549273463538217
92,11,1,24,1.0083082228190154,0.9654051663224913,0.8669201756710896,29.121193820768585
92,12,1,24,0.9416998651415879,1.019454863236602,1.0344389824366755,29.021246441023653
92,13,1,24,0.9919020167543218,1.0188959381555123,1.0868469107062666,30.47596172182459
92,14,1,24,1.0575201103561835,1.1229033979357064,1.0612200514043577,30.800129344667766
92,15,1,24,0.992788537164547,0.9861756270099835,1.0632492421582629,29.686937598332044
92,16,1,24,0.98533330403995,1.0237633967996709,0.9278113336708553,31.476513609563458
92,17,1,24,0.9992995065271298,1.063555970284475,1.0368987371852665,30.247523027762234
92,18,1,24,1.0220387674043716,1.0408586426447315,1.0231815444351684,30.39461583586367
92,19,1,24,1.0192856065829912,0.9830208454522023,0.9614792460575405,29.492556381963738
92,20,1,24,0.9583969654317127,0.9818413110244855,1.071310296310045,29.113199181196048
92,21,1,24,1.0916584260671522,1.0396633602011394,1.0659688829167828,29.709985096521173
92,22,1,24,0.9051602485298542,1.0488594687256527,1.0111179712406937,30.710111361390457
92,23,1,24,0.9669787500062142,1.0243342884934925,1.0142280408969098,29.667282211517573
92,24,1,24,1.026498738356832,0.9881735753779991,1.00729162118602,28.933601733720117
92,25,1,24,0.9954646366289136,1.0352037048560379,0.9702658738767418,26.776048659226227
92,26,1,24,0.8646127032383623,0.9296506392087639,0.9613065357895294,26.52091128764004
92,27,1,24,0.8901483588554859,0.9110148733196594,0.9087033281652585,23.872131065745865
92,28,1,24,0.8286193679072295,0.8207455296436325,0.8325432878919429,20.971039759158085
92,29,1,24,0.7367280388941413,0.7420489505901904,0.8492443243387453,18.42790592160315
92,30,1,24,0.7444646543955624,0.7610448468880218,0.7522448962014849,17.534460727633572
92,31,1,24,0.7396904917462308,0.7107694571322193,0.8553050889531831,17.02553417019804
92,32,1,24,0.6193152747633045,0.6039840913091234,0.7207847230945494,15.223645588677336
92,33,1,24,0.5451107626176789,0.7022136954105901,0.8441265630757875,10.364464320084481
92,34,1,24,0.45538207073308234,0.6098345976328442,0.6945376959943331,9.536695550104756
92,35,1,24,0.3746273572188259,0.540869224747254,0.6653754773149013,8.85486933035847
92,36,1,24,0.2822075499368034,0.5098807997971923,0.7157815871048097,4.21121143517158
92,37,1,24,0.33308683188032545,0.5105596860388903,0.43820167212520933,2.0654235867223383
92,38,1,24,0.31664698139678005,0.46242679256764524,0.6416168513007063,1.1531434328738936
92,39,1,24,0.27507502728683536,0.4278254772989726,0.6075784067284421,0.0
92,40,1,24,0.16985157933354825,0.3197229091598598,0.5276999677918265,0.0
92,41,1,24,0.1607581549652346,0.3210864981871012,0.4859374368732711,0.0
92,42,1,24,0.04371962535811101,0.2814702034235474,0.5352724950889083,0.0
92,43,1,24,0.022575477889394582,0.23613821642476976,0.45693933914151713,0.0
92,44,1,24,0.032606449441881596,0.18579082656470783,0.2694428478357308,0.0
92,45,1,24,0.0,0.2146331439582551,0.38637767343503304,0.0
92,46,1,24,0.0,0.19692126216503866,0.3140797535538065,0.0
92,47,1,24,0.0,0.13189496619913216,0.30987264354002186,0.0
92,48,1,24,0.0,0.04267722332282369,0.3216574892473077,0.0
92,49,1,24,0.0,0.026650088562921802,0.34040436934580487,0.0
92,50,1,24,0.0,0.0,0.18139247164850864,0.0
92,51,1,24,0.0,0.0,0.08416837199994752,0.0
93,0,1,33,1.0319226202383758,0.9966941510466958,0.9926250128535713,28.85024036560609
93,1,1,33,1.0438748394328983,0.9486859758177366,0.953035525482128,30.213517204411346
93,2,1,33,1.0399935494323214,0.9922890962324071,1.082800026474319,28.610649461244567
93,3,1,33,1.0493063019180302,0.949730465481279,0.9920874282902311,31.2687023226848
93,4,1,33,1.0838476156781622,1.0247051606902962,0.9948952701667707,30.019993612480043
93,5,1,33,0.9843461780592229,1.02022854461563,1.024630463856426,29.815983795676598
93,6,1,33,1.0150354030138502,0.9645423965343818,1.073407304250926,29.651974197439223
93,7,1,33,1.0195820396749495,0.9978093204305124,0.8924777363618716,30.534286576406274
93,8,1,33,0.9886833038107146,0.9999649973102852,1.0557472391948937,29.837981917524807
93,9,1,33,1.0708730626596468,1.0341669739700943,1.0264309032735432,31.465768128346188
93,10,1,33,0.9725820924525284,1.0282429196827254,0.9762848156592407,29.343413764543524
93,11,1,33,0.9159388849105058,1.0072742212626797,1.0017725109841509,28.39347066784452
93,12,1,33,0.9566172907335216,0.9765008942473787,1.0311453292544674,31.530449514041557
93,13,1,33,1.038708806873794,1.0094084899255313,1.0697734465052233,29.76015854147655
93,14,1,33,1.009549122191752,1.0359913410032673,1.004995458168495,29.605206060881862
93,15,1,33,1.0011298925565635,1.0866701142850481,0.966924405712373,29.437189236438428
93,16,1,33,0.8957224488039411,0.9669461508071445,1.0218095853115812,30.20405993534884
93,17,1,33,0.9549310159172109,0.9554699432294861,1.015475390892718,32.18477532315447
93,18,1,33,0.9687363683624186,0.9922357709062236,1.0668453531526967,29.668123794962096
93,19,1,33,0.9421728168292572,1.012817225342155,1.0575087142081165,32.77996193345791
93,20,1,33,0.9589181491883565,1.009312181163177,0.9834491306354812,29.761340034533454
93,21,1,33,0.9808343869575243,1.0069843911384389,0.933015641332434,31.12279487908639
93,22,1,33,1.0019601838110284,1.0191309156224808,0.9278928490853697,30.862999854419353
93,23,1,33,0.9307644697060611,0.9719110806404442,0.8926642174504524,28.893966420977968
93,24,1,33,1.0091254760964186,0.9890908363865237,1.0643228078657323,29.981003954530813
93,25,1,33,1.0183351664977587,1.003871539495925,1.0475021035567338,30.09162340028533
93,26,1,33,0.9454762714447019,1.000562882009972,1.0256637136874243,30.38847309194966
93,27,1,33,1.08381801431847,0.9721425640962704,1.0768936362188783,31.478323136669268
93,28,1,33,0.9890378901918753,0.9442951880400302,1.0669517390199525,28.972947456358426
93,29,1,33,0.9290471257920404,1.0641505945934069,1.0299622121921457,30.162115752105457
93,30,1,33,0.9168005715880534,0.9989343938577238,0.9423065538532527,28.23666501099164
93,31,1,33,1.0597053568411767,0.879379167584633,1.0319229387006303,28.67665504703338
93,32,1,33,1.0399168554492246,0.9755742302856699,0.8999020552846142,31.070631437241023
93,33,1,33,0.9947540827506233,1.008299084408475,0.8848222605808862,32.44068305675299
93,34,1,33,0.9665728657864077,0.9202247458480164,0.9016925088705176,28.37050194755689
93,35,1,33,1.0103264565409702,0.9279256432712572,0.967431504734887,26.89954802281757
93,36,1,33,0.8275018038320598,0.9325255539674016,0.9492333700245449,23.360500407186386
93,37,1,33,0.7860632799618411,0.7854565315901638,0.9159326666677292,22.001200012976806
93,38,1,33,0.6501162929738247,0.7774893181795159,0.7416240877469336,20.463048109854718
93,39,1,33,0.7167968876715641,0.7753733632568398,0.8411296092781512,17.787119289198916
93,40,1,33,0.7256879806602772,0.7479570161061926,0.8445642806649167,17.441070644336545
93,41,1,33,0.619383299003954,0.7003031898054117,0.6763313076619899,14.30470727591225
93,42,1,33,0.5310427181210841,0.7363258775911761,0.760967686312632,12.392783974977817
93,43,1,33,0.47279575231737747,0.6634556429779424,0.6786900984148818,8.834402371625375
93,44,1,33,0.38248293624442403,0.5661210430718615,0.6583762481796237,9.281705651657067
93,45,1,33,0.486890809969029,0.5609292023464663,0.6109874726330297,6.534120709964987
93,46,1,33,0.29708000771653315,0.47747826866494497,0.6547418588170311,6.023761014967274
93,47,1,33,0.3692168816214732,0.4355623840274205,0.6368983966886523,2.89841165449513
93,48,1,33,0.24632916680687567,0.3326002450387405,0.4946385288720536,0.0
93,49,1,33,0.20905400548889627,0.36032950334496494,0.5716480132912063,0.0
93,50,1,33,0.09672802802887545,0.3674332808306936,0.3582150466206855,0.0
93,51,1,33,0.1033149684476973,0.3229840031168656,0.5507988013031754,0.0
94,0,1,33,1.0445001804480423,1.0067975057864083,1.0522271403784953,29.09381931006987
94,1,1,33,1.0331429629480426,0.9670246407893568,0.872165522842903,29.7646007429181
94,2,1,33,0.9862943744519412,1.044969711556746,1.0360377045381834,29.194720554958664
94,3,1,33,0.9995801060162792,0.945724906242387,1.1160736135445002,28.93814613893185
94,4,1,33,1.0314109613602012,1.0032871647720107,0.9808609040785471,30.48901599215954
94,5,1,33,0.9777793280409821,0.9872309155091645,0.965042582196288,29.682497959584808
94,6,1,33,1.0660425479774112,0.9726410408966183,0.8740913386674809,29.65876569560629
94,7,1,33,1.0307869196008534,1.0641244922331607,0.9931464614780747,31.15040622218068
94,8,1,33,0.9440238468078632,1.0080824498491114,1.0495921488940498,29.35810024439629
94,9,1,33,0.879853592319048,1.073899906954999,1.0523006677996676,30.62227900748573
94,10,1,33,1.003181187910731,1.0201864863776116,0.9917988179621547,29.209689099741176
94,11,1,33,1.090340868123041,0.9999490757343903,0.9318742263487996,30.786438097336383
94,12,1,33,0.9556720448623482,1.000944401584653,1.0302442309001816,30.76097153470065
94,13,1,33,0.9958118335241729,1.0032055710262477,0.9679163084591265,31.55834984681025
94,14,1,33,1.0224687695541896,0.9338900594084585,0.9743281477909871,29.31462450124146
94,15,1,33,1.055088984183105,1.0166734081573192,1.0292111327599862,31.751208466493896
94,16,1,33,0.9813397407336202,0.9748551518678429,1.0422564261594165,31.65356948964709
94,17,1,33,1.102436899267393,1.0338477035084315,0.9917035249711109,29.236801727568608
94,18,1,33,1.0363081303255335,1.0281647702072618,1.1051139990503704,30.215077065236063
94,19,1,33,1.0404394608157794,1.0242064979062235,1.0630344094416904,29.52042697654562
94,20,1,33,1.070760675040707,0.9779176528614846,1.059166735853506,27.927659965177718
94,21,1,33,1.0307665640034616,1.0087964559139035,0.968314727793836,29.751281212133016
94,22,1,33,1.018624566612351,1.0335627651329302,0.9933121043798158,29.509258401066038
94,23,1,33,0.9913563521634002,1.0643762316811969,1.0822695991270899,29.556525888296665
94,24,1,33,0.888603272912059,1.0269127904176525,0.9851732182904811,29.97848680490706
94,25,1,33,0.9750671350401338,1.0311679966362237,1.0854398886059256,29.40040560369159
94,26,1,33,1.0463691580456456,1.0071431315004467,1.0488089233041669,31.458027197540773
94,27,1,33,1.0675546316824105,0.9692295041174487,1.0622272515367923,30.25947487974475
94,28,1,33,0.982482975189217,0.9712653832244504,1.0912443129586291,29.8681903360029
94,29,1,33,1.0557332927877559,1.0566835287520517,1.1440505775000052,32.081897005911244
94,30,1,33,1.1057620990882007,0.9929916858566981,1.0223903284652383,29.248778563189997
94,31,1,33,1.0291224877987966,1.01628292841783,0.932294899655392,29.02495026691358
94,32,1,33,1.0276874043460187,1.0102324855974985,1.0412785568768554,28.755254656011033
94,33,1,33,1.0450049851378518,1.0018630027690616,1.0351445284126377,27.200261023094676
94,34,1,33,0.9430967774302046,0.9453574342304998,0.9572075666410248,29.71870130371724
94,35,1,33,0.9151333350453281,0.9046144107466557,0.9223676416126221,26.5743051040497
94,36,1,33,0.8524902648343127,0.8505245488524311,0.8900503047047146,23.269827062917212
94,37,1,33,0.7934004273673185,0.9089312959883248,0.9036725917558707,22.20633491436195
94,38,1,33,0.6645514871268693,0.8665686087291326,0.9205149329339503,19.86671514317363
94,39,1,33,0.7549291583436158,0.7108317899204584,0.7736517940367027,17.960432486424956
94,40,1,33,0.5968181501524782,0.6999911917853128,0.8183013873302829,17.329982497332065
94,41,1,33,0.6316051390325893,0.6068992785946454,0.7431590293287342,15.346441050220688
94,42,1,33,0.5233705724697527,0.5688031622289624,0.6537336323503554,11.19121774965083
94,43,1,33,0.49454472953691675,0.5445700074641067,0.6802740362716581,10.479656076994821
94,44,1,33,0.44830211671497516,0.5494230009681389,0.6915036677808134,8.993256155711876
94,45,1,33,0.36681863119758357,0.5099890698396643,0.5586413718686947,5.316810345793915
94,46,1,33,0.3138478788340652,0.422146637188203,0.5883941122008283,3.134427319999509
94,47,1,33,0.27396843252868375,0.39916257051282733,0.5114488306161221,2.605312329445081
94,48,1,33,0.29005060751800527,0.41536783176162356,0.5178702920912504,1.5841629287903933
94,49,1,33,0.20335519941836172,0.37467297242170516,0.5366713793456716,0.0
94,50,1,33,0.1837017970223841,0.3496470323704211,0.4646713287543154,0.0
94,51,1,33,0.013791033371930786,0.27261256841143033,0.42626692744513367,0.0
95,0,1,26,1.0378166567065257,0.9836035304904311,1.0116215993781381,30.335675618105565
95,1,1,26,0.9886557195593431,0.9742511754445695,1.0615659834611093,29.552560451310846
95,2,1,26,0.9826793886264691,0.9696726577656054,0.8910969415549401,29.32614899042587
95,3,1,26,1.0213367802644038,0.9906248481971199,1.012702708075305,28.879162686869496
95,4,1,26,1.0461315508835551,0.9954063098417953,1.0737146391187231,29.64270756822671
95,5,1,26,1.0545606051564511,1.0200334649755671,0.8911069703233391,31.124518153172197
95,6,1,26,1.0565223367305785,1.0504113803227928,1.0357856285280982,29.58049295403688
95,7,1,26,0.9768487823848117,1.0532169846130963,0.9715337062541199,29.402473338623
95,8,1,26,0.9222444427418637,1.0522846673016364,1.0206895269628529,27.832954531769534
95,9,1,26,0.9738276465982982,1.0080978545134234,0.9731095572025521,28.407104875983332
95,10,1,26,0.9875582086168714,0.9936211082770144,1.0170759250998553,29.697039061875564
95,11,1,26,0.9254422215198952,0.9398689954278577,0.9372649896685006,28.65675118077542
95,12,1,26,0.9974138311916655,0.932533981390965,1.1075580857400165,28.261591178482576
95,13,1,26,0.935524890364759,1.0495373090728612,1.0393998830581657,31.335583153815268
95,14,1,26,0.9756230102238622,0.9692649613649768,1.0358969433976286,29.61838917991207
95,15,1,26,1.0419636337976503,0.9576648135856842,0.9022938625135393,30.25493002867785
95,16,1,26,1.0348503459824223,0.9929898416816737,1.0311034884600827,31.82714951819656
95,17,1,26,0.9681912911446947,1.007268906077893,1.009820964487906,29.48734732326508
95,18,1,26,1.0316814135540584,1.054105918851447,0.9742843764161426,29.35099678920826
95,19,1,26,0.9882400263457513,0.9720519373273637,0.9456826915040983,30.345893853720426
95,20,1,26,0.9862024982288432,0.9451957772178472,0.9798391818901773,31.725644493145747
95,21,1,26,1.0508773440150805,1.0330114348348962,1.0072533114675764,31.63792541774192
95,22,1,26,1.130915985856158,1.03987686413827,0.9600180611218964,30.636367532562772
95,23,1,26,1.1367135803337747,1.064449449185752,1.006541499771281,31.163607489787974
95,24,1,26,0.9907312179363987,1.063186327627378,1.0615082537111644,29.371680378475737
95,25,1,26,1.0603370598720772,1.0282419001897893,0.9463869878051987,30.4815111735687
95,26,1,26,1.0061684872856778,1.0095715404609293,0.9772660897393508,29.59097506268947
95,27,1,26,0.9719626236680748,0.9209357812244032,0.9553154380769081,28.84392047897247
95,28,1,26,0.9291142229382011,0.8633150338884672,0.947776812244486,26.878926066455634
95,29,1,26,0.8380459536756297,0.9419838489104955,0.7941865718582624,24.17060690519469
95,30,1,26,0.7711497055343512,0.8491735505933574,0.9266821768694166,21.938681948806824
95,31,1,26,0.7788088157817372,0.7834296076958754,0.9949252651782061,18.914100539247325
95,32,1,26,0.6218403765386855,0.7714052077764054,0.812222168806152,17.991005132580973
95,33,1,26,0.6625700151739023,0.7455065056442431,0.7861301027836544,18.201625587351813
95,34,1,26,0.6263317165531528,0.6948829076343289,0.7673586576357256,12.864678587649204
95,35,1,26,0.6020778117001327,0.6458607640205557,0.7234406170564744,11.843275739666407
95,36,1,26,0.5022693602788605,0.6343319422567798,0.7361356062324926,11.247885523665134
95,37,1,26,0.49917745100082817,0.6030433600267944,0.6170356770397749,8.581399051887757
95,38,1,26,0.3781688351129945,0.5586378807205913,0.603494085519933,8.630119719020575
95,39,1,26,0.3242125098442602,0.415536320650198,0.6465566466538869,2.9126955359317015
95,40,1,26,0.23833549246783997,0.4510732454338785,0.5930066610519467,0.737393130494457
95,41,1,26,0.20353879834634026,0.31872952795739995,0.5319299129295009,0.0
95,42,1,26,0.22296086864960954,0.33042057605485997,0.5246639193007067,0.0
95,43,1,26,0.14260201887192817,0.31688073601602507,0.4422237055381447,0.0
95,44,1,26,0.050312324165651345,0.2788386611364363,0.4468475490810192,0.0
95,45,1,26,0.053349936855471236,0.21340893237462322,0.46184539560183724,0.0
95,46,1,26,0.0,0.1995891835767564,0.3408107321735925,0.0
95,47,1,26,0.0,0.17331075080406474,0.40169330091279953,0.0
95,48,1,26,0.0,0.13390675768455956,0.46446138776864143,0.0
95,49,1,26,0.0,0.1413418736951525,0.2712227361931569,0.0
95,50,1,26,0.0,0.03271165740564125,0.35325681643570667,0.0
95,51,1,26,0.0,0.05095907055252187,0.2335378693196644,0.0
96,0,1,14,1.0112538691384356,0.9162629697515836,0.9724448346660731,29.942953858658417
96,1,1,14,0.986691681923349,0.9116424516461152,1.0323898009231367,29.631804107767202
96,2,1,14,0.9771996058743497,0.9944372823286229,0.9990036312812081,28.329753689897743
96,3,1,14,0.9884805462170025,1.009037919857871,1.0834536811885938,31.571296582117867
96,4,1,14,0.9956317991686188,0.968067718123705,0.9871964677553096,28.53530312199421
96,5,1,14,0.986449639193805,1.034799356533031,1.0135061777196934,29.433406101989565
96,6,1,14,0.9936491917013924,1.0293224639872245,0.9445831071383097,29.597102032656824
96,7,1,14,1.033968958241964,0.9958045973563525,1.015475802011554,31.133785348374104
96,8,1,14,0.9885932455500028,0.9860276095870942,0.9827691593820816,30.938515474771638
96,9,1,14,1.0488126653451462,1.0674576100942976,0.983755577834976,30.75049618144316
96,10,1,14,0.9328774479220293,1.0414426380412813,0.9257626387690869,30.022971749224467
96,11,1,14,0.9870271713548286,1.0558796780375836,1.0790241316723426,30.025624397129654
96,12,1,14,0.9914173807229234,0.979829198477911,1.0327548880862274,29.62814340166095
96,13,1,14,0.9377294101750613,1.0015439575875005,0.9577742378877984,30.226921915913483
96,14,1,14,0.9932182021459073,0.9866871280441962,0.9919853627300296,27.99971564434887
96,15,1,14,0.9639950353602806,0.9354869134730288,1.0419833334004127,27.87524119710049
96,16,1,14,0.9118086990292503,0.8298928632937459,1.0089502595495896,25.24014481749539
96,17,1,14,0.8574629475975366,0.9093594115559411,0.8976804823540794,23.365025734307288
96,18,1,14,0.8449134954086619,0.8440806058802813,0.9067670855975676,22.69134174144253
96,19,1,14,0.7944930276291725,0.756142004226487,0.824499233760387,19.88376853748817
96,20,1,14,0.64927523457871,0.7466908843295396,0.9170710576330743,19.616734470031766
96,21,1,14,0.6688855785157352,0.7083000414805471,0.8327972239844175,15.149000852855393
96,22,1,14,0.6010553779479049,0.7151515224136737,0.8806745449695572,15.14368228016974
96,23,1,14,0.6262473219200438,0.5973648643919139,0.8156061133108986,11.608090522759149
96,24,1,14,0.47766271241581193,0.6045116906090025,0.7413488499136472,10.182392201977967
96,25,1,14,0.5253412990589489,0.5488648720887603,0.705525758785293,8.112925079478078
96,26,1,14,0.38078280379323526,0.5576625946915836,0.6089142112550966,5.24388070933381
96,27,1,14,0.3874437541378264,0.4733786018177588,0.6417525781966966,5.553206275624091
96,28,1,14,0.3307975281467892,0.4804136280201563,0.5938892372851048,2.0970430095504957
96,29,1,14,0.2489147055808284,0.2738351335131333,0.5488352474449512,0.0
96,30,1,14,0.2610748696888733,0.3886475005661572,0.47973982737680637,0.0
96,31,1,14,0.19337072356074939,0.3274205562955433,0.5010968254991007,0.0
96,32,1,14,0.07917647409557249,0.2926685032132793,0.5380026449265257,0.0
96,33,1,14,0.025050079958768803,0.2440170215495608,0.3373953276492007,0.0
96,34,1,14,0.0,0.15290791906406842,0.42532136235964263,0.0
96,35,1,14,0.0,0.16670435845942552,0.39073054873786445,0.0
96,36,1,14,0.0,0.11826152341370147,0.3263147112262623,0.0
96,37,1,14,0.0,0.15025344279737973,0.29150725793620835,0.0
96,38,1,14,0.0,0.04357429473363858,0.28882809509341134,0.0
96,39,1,14,0.0,0.04391721529344176,0.19280902459119514,0.0
96,40,1,14,0.0,0.0,0.1640222040903202,0.0
96,41,1,14,0.0,0.0,0.26143534883152464,0.0
96,42,1,14,0.0,0.0,0.0712770121380677,0.0
96,43,1,14,0.0,0.0,0.039613545759623836,0.0
96,44,1,14,0.0,0.0,0.02537828990555309,0.0
96,45,1,14,0.0,0.0,0.07238805415470002,0.0
96,46,1,14,0.0,0.0,0.0747382930243866,0.0
96,47,1,14,0.0,0.0,0.0,0.0
96,48,1,14,0.0,0.0,0.0,0.0
96,49,1,14,0.0,0.0,0.0,0.0
96,50,1,14,0.0,0.0,0.0,0.0
96,51,1,14,0.0,0.0,0.0,0.0
97,0,1,15,1.023719195343255,0.9987538211934931,1.0601647061676476,30.831282555662472
97,1,1,15,1.010381209069489,0.9953034470224484,1.025282709155706,28.93909056500918
97,2,1,15,1.0328183069002506,1.0642585758372762,0.9553485191689278,29.347208645356186
97,3,1,15,0.9614557967399362,1.0343342619200844,0.8831135082400386,30.523812079599807
97,4,1,15,0.9387491187571078,0.9162210571540528,1.0458628764244828,30.112363306867195
97,5,1,15,0.9847236408039474,1.0243816813956599,0.944925948341209,30.195110149861197
97,6,1,15,1.0001980104122048,1.029484659916574,1.061264844821352,31.04306626009577
97,7,1,15,0.9317515972689823,1.000796594018597,1.015523195270188,30.224194415636056
97,8,1,15,1.0656594713679761,0.9961710030965909,0.9647046997194325,30.05574119822731
97,9,1,15,1.097125862081225,0.9735308570920173,1.010215546393504,29.278674262444294
97,10,1,15,0.9494495604970219,1.020807297581881,0.965492758172261,28.814560051109492
97,11,1,15,0.9552836897029908,1.020336451777744,1.0520794977857215,29.14055421372795
97,12,1,15,1.0080918217428445,0.9484399971336056,1.0358201242158678,30.120010476548362
97,13,1,15,1.0266940383304106,0.9654160654787352,1.0680720947840996,31.65951257939017
97,14,1,15,0.935206441397533,1.0479014760762917,1.0448076228026884,30.242052162985775
97,15,1,15,0.9929225119599947,1.0094070976037501,1.075808370405498,30.466527859697674
97,16,1,15,1.0684114939951475,1.0143083031300573,0.9386417319407804,27.512926021794886
97,17,1,15,0.919006748272554,0.9738922337497347,1.083476909243323,26.984051787684287
97,18,1,15,0.831032247456455,0.9142494864742314,0.902887880336681,24.431933525397604
97,19,1,15,0.8133393458838725,0.8316474764543053,0.9442007163965286,22.631785998298128
97,20,1,15,0.7878050311476238,0.8765385255595642,0.8409290671956975,21.126301521940253
97,21,1,15,0.6551056339866085,0.7214969026405456,0.8057889573090755,17.097606402705498
97,22,1,15,0.560484450221281,0.7042256013910085,0.8755923326622085,14.59249595803317
97,23,1,15,0.6384650334146434,0.7302651911081752,0.811543922651233,13.405713094588553
97,24,1,15,0.5515019943425584,0.6309677815207104,0.7202996127919996,12.136341371129435
97,25,1,15,0.47001836610697023,0.6247697826010933,0.8139813983634321,11.02799552124343
97,26,1,15,0.3920674316600012,0.5606468105156192,0.6401900562147403,8.402285178116767
97,27,1,15,0.3530926603245863,0.5242628662631587,0.7408150920827232,7.454114335095329
97,28,1,15,0.2985677208886861,0.42357391998432997,0.5666451635334825,3.575396032029434
97,29,1,15,0.2522758122137793,0.4769598122558668,0.4904467607839856,2.588710835239403
97,30,1,15,0.17780626838967373,0.38260535618215696,0.5070777031501753,0.5377687058688149
97,31,1,15,0.2043928987456324,0.30621691732318956,0.5618447973734583,0.0
97,32,1,15,0.2366909098618985,0.27311895751002613,0.5202978242000188,0.0
97,33,1,15,0.05929084609000304,0.3782313179549188,0.5525667254923761,0.0
97,34,1,15,0.00761244959454041,0.30005128640360085,0.421394770047144,0.0
97,35,1,15,0.0,0.06679257457089993,0.3530955104866627,0.0
97,36,1,15,0.0,0.2079095379994756,0.3623990972764933,0.0
97,37,1,15,0.0,0.11727529024156752,0.2938397871783026,0.0
97,38,1,15,0.0,0.044370059748555395,0.2377376057526242,0.0
97,39,1,15,0.0,0.044666894975365995,0.21808902155499194,0.0
97,40,1,15,0.0,0.0,0.18552822477194003,0.0
97,41,1,15,0.0,0.0,0.2103351642591657,0.0
97,42,1,15,0.0,0.0,0.1951565927403766,0.0
97,43,1,15,0.0,0.0,0.04469913303777022,0.0
97,44,1,15,0.0,0.0,0.02698112711088757,0.0
97,45,1,15,0.0,0.0,0.11680185049742897,0.0
97,46,1,15,0.0,0.0,0.10875145568056177,0.0
97,47,1,15,0.0,0.0,0.09906295226676531,0.0
97,48,1,15,0.0,0.0,0.07915369737316279,0.0
97,49,1,15,0.0,0.0,0.0,0.0
97,50,1,15,0.0,0.0,0.0,0.0
97,51,1,15,0.0,0.0,0.0,0.0
98,0,0,-1,0.9902538783001984,0.9614254879545371,0.9219717265785836,30.84455116885386
98,1,0,-1,1.0203463146027458,0.9889701449884338,1.055267502063637,30.586092802172764
98,2,0,-1,0.9660513995699321,1.0702956202089529,1.0351460119764568,31.236349675787515
98,3,0,-1,0.8883597962347937,0.9744549775311443,0.9671211735883875,30.023415952153176
98,4,0,-1,0.990437473448642,0.9843719500800165,0.9811738759125371,29.254657782360642
98,5,0,-1,0.9789710424505964,0.9511609263900427,0.9988936176392788,30.10058737265424
98,6,0,-1,0.9174403967569004,1.0072952707160592,0.9577972072679218,30.25276743392709
98,7,0,-1,0.9794554274955287,0.9332663706132034,1.0963834654347329,29.15733083638386
98,8,0,-1,0.9056134348614717,0.9822612074144969,0.978619339982808,31.228224502846174
98,9,0,-1,0.8837742354176881,0.9864156201843379,0.9822186267329407,28.633977090929964
98,10,0,-1,0.9974121483902261,0.9429308158802525,0.9460538370907343,30.289519491209358
98,11,0,-1,1.0606934474430514,1.030928805667069,1.1399862672692234,29.035691944683503
98,12,0,-1,1.027873618522431,1.0154386550623764,1.0524775176432606,28.40601124544257
98,13,0,-1,1.0093064502267621,0.9479231198902694,0.9374220495716693,30.148131553937404
98,14,0,-1,1.0943171064660602,0.9783921367032905,1.0019306978613212,32.969373250553915
98,15,0,-1,0.916409118338082,0.9642670462293719,1.0988788513760797,30.198702803793346
98,16,0,-1,0.9805363437436002,0.9857396315528717,1.0482522774624858,29.079166675433825
98,17,0,-1,1.0256232333869169,0.9650549609375972,1.0315680718649851,28.93564626975971
98,18,0,-1,0.9817768235037001,0.9879360008458278,1.0291765666794324,29.612928066276076
98,19,0,-1,1.0338442110393051,1.0196343589197103,1.0026477128384232,28.57796480133352
98,20,0,-1,0.9364634198651466,0.9429228307816911,1.0121068859314186,31.271548759478097
98,21,0,-1,0.9698435033243475,1.0384111571423642,0.977750997252382,31.193513469403282
98,22,0,-1,0.9550633807302409,0.9760473176106819,0.9681812845518075,30.325234361575337
98,23,0,-1,0.9935595169503324,0.9793973658520919,1.0315123144532081,29.143520576042327
98,24,0,-1,1.0086554890152826,0.9572080035866188,1.0311858388582933,28.625978191808105
98,25,0,-1,1.0126691143276567,1.0263042019918716,0.8328063172298452,30.52997436618049
98,26,0,-1,1.0472462221714738,0.9915387894421115,1.0288393146865682,29.172372870477215
98,27,0,-1,1.144002598545766,1.0342525969175935,0.8612003227246646,29.644168052300515
98,28,0,-1,0.8603999792022807,0.9531077293913904,1.049535804746288,30.109704474137253
98,29,0,-1,1.0276282680817965,1.0340521071250883,0.9641017581578347,28.63870261849752
98,30,0,-1,1.0278802925992494,0.9805784746286479,0.9551075488540098,30.693267244474203
98,31,0,-1,1.0020329734141962,1.0217153918272472,1.0157180577382483,29.71176654706582
98,32,0,-1,1.0240853978956392,0.9783878286255346,0.9761826789826366,29.815018262534164
98,33,0,-1,1.0476804339615027,1.0524773071435072,1.0422605096724638,29.997348519967183
98,34,0,-1,0.9520442472955862,1.0148391283553064,1.0565403075760933,30.652251090061657
98,35,0,-1,0.8574450125840615,0.9315544490021876,1.0615111855402577,28.834151920275506
98,36,0,-1,0.917619337469896,1.0154988065536474,0.9713521889408797,30.019375363117167
98,37,0,-1,1.0053232836642456,0.9931452829245877,0.9778381435475016,29.479222727169553
98,38,0,-1,1.0803298568219264,1.0741761907613374,0.9536835612761941,30.622498491115152
98,39,0,-1,0.9600233009468613,0.9546485484937345,0.9042783385362743,31.64352740479038
98,40,0,-1,0.9310561124901086,1.0027466598025596,0.9687652059387061,31.120478577442782
98,41,0,-1,0.930557673724681,1.018485679299506,1.0290234272045422,30.420222603821795
98,42,0,-1,0.9555032842284332,0.9721939005678981,1.0415078833670566,30.201996656951163
98,43,0,-1,1.0220105918966886,1.0190616397479622,1.0165003883471049,30.437213670322354
98,44,0,-1,1.0196332795834775,1.041521931161372,1.0341364927137684,27.056292269945764
98,45,0,-1,0.9177742764037276,0.990693368404355,1.022771252286396,31.254815589848743
98,46,0,-1,1.042787006615918,0.9682346228091971,1.0315309419986864,30.5417659693141
98,47,0,-1,1.024163524942553,1.0373265744305002,1.0686550625801063,29.593039313154563
98,48,0,-1,0.9924668098158098,0.9727415019378488,0.9857413990320021,28.84428828306793
98,49,0,-1,0.9498324621266019,1.0430843393358822,0.9859169825999441,30.838276800482337
98,50,0,-1,1.0384573569279725,0.9741461992129294,1.0329504844778299,29.422997607092242
98,51,0,-1,0.9600043141609494,0.9840075749526442,0.976321878097584,30.609873541924156
99,0,0,-1,1.0336268595090228,0.9974211242386786,0.9262252776302181,31.623059676186973
99,1,0,-1,1.0209674270728246,0.9357117561472956,0.9725840645652434,30.43501286699807
99,2,0,-1,0.9852148001796073,1.004642511379572,0.9498866621074151,30.05602967217962
99,3,0,-1,0.9999215574217611,1.0452506889181035,0.9773896352056508,29.61154618144681
99,4,0,-1,1.0459985246903296,1.1090592515268498,1.059733824082423,30.610231590466515
99,5,0,-1,1.070402494956776,1.0804737741090285,0.9853048994766928,29.90480057027321
99,6,0,-1,1.0009736958884603,1.0155483105563112,1.1062597719820115,31.066379936496865
99,7,0,-1,0.9839922209209496,0.9986131327696962,1.0725709743292018,28.73463519137847
99,8,0,-1,0.9996269343428927,0.9992897708609215,1.0946481038380564,28.766655044555193
99,9,0,-1,1.0197810996076893,1.0096114478620684,0.986412962480382,30.25968748648048
99,10,0,-1,1.0016929187977257,1.0463261718759578,1.0296046827869554,29.45398029556453
99,11,0,-1,1.0390481476008946,0.9993595280897344,0.9499354583947339,29.941232507245314
99,12,0,-1,0.9027063030633665,1.0797540795100335,0.8747018709275338,30.201465464852216
99,13,0,-1,1.0661849893074415,0.961207895589602,0.9155234229810614,29.112608196470276
99,14,0,-1,0.9859463156356861,0.9256382378145634,0.9876776428018714,30.1843958963896
99,15,0,-1,1.0090025918204695,0.9858519063550669,0.9936273980140418,30.267169537434782
99,16,0,-1,1.0769880356899322,0.9555451250083788,0.9632186184478059,30.287626175580325
99,17,0,-1,1.0482327433664818,1.0000367623427164,0.961441375138144,31.199525003540202
99,18,0,-1,0.9372225368876693,0.9787820424068592,0.9662186651081154,31.519612632583687
99,19,0,-1,0.9221910603774062,1.0659339098141785,0.8958441625964441,30.370464258299524
99,20,0,-1,0.94832024557687,1.0367937571655592,0.9674016213228891,28.61706645999665
99,21,0,-1,0.8930731492911577,1.002611977221292,0.9787573222980933,29.171563510793433
99,22,0,-1,1.0276682414585232,1.0053871757386208,1.0803276775429915,30.75494323985776
99,23,0,-1,1.065646344032645,1.0538736567783822,0.9945657256041806,29.68123826783858
99,24,0,-1,1.0568473047688085,0.9800503108411043,1.0230378518729926,29.33067567203682
99,25,0,-1,0.977508107817971,0.9778270404964576,0.9549033442847091,27.23420964762991
99,26,0,-1,1.0755083495803386,0.9782722592873331,0.8969403076056173,30.1469332746657
99,27,0,-1,0.9772356446318953,0.9825308178548076,0.9856994317335326,29.965073838740636
99,28,0,-1,0.9851282024497215,0.9770494885467749,0.947038832806455,30.234510282474144
99,29,0,-1,0.9800904751567471,0.9872826570753944,0.9056721579114014,30.177842981613992
99,30,0,-1,1.0566303853184824,0.9722237512485816,0.9432722299796152,30.52523545617862
99,31,0,-1,1.0175576536698971,0.9782851025212963,0.8925024454319563,29.628928096568277
99,32,0,-1,1.0277041990705258,0.9999653660194091,1.0752718806149684,29.72225800813187
99,33,0,-1,1.0470549886619926,0.9709500291216842,0.9243068473631655,30.026333161661473
99,34,0,-1,1.169412257176931,0.9317095625540281,1.0095674311114025,30.40372830441242
99,35,0,-1,1.0103721674097301,1.0241889190675235,1.0683614313341185,32.38953496726457
99,36,0,-1,0.9986945660628536,0.9608548962487831,1.035167867529616,31.641750114239592
99,37,0,-1,0.9949852011499302,0.9898089220316397,0.9919415108459915,28.442595536145006
99,38,0,-1,0.9682551413844953,1.0092351141141749,0.9698111588677298,30.398049909705218
99,39,0,-1,0.8978058048799439,0.9506054766168153,1.025301533524544,29.3897088273843
99,40,0,-1,0.9544555662582193,1.0623789497651897,0.9237893542809192,29.541993710322686
99,41,0,-1,1.01037647347366,1.0494217491194415,1.002933659284903,29.34851511746067
99,42,0,-1,0.9277659617914753,1.035524682671001,0.9696241349028452,29.497711171819724
99,43,0,-1,0.9963791224858544,1.0160022202183456,1.0191589411902469,29.281382887938342
99,44,0,-1,0.9742880972016666,0.9352951266155681,1.0104177330549022,31.980878147046017
99,45,0,-1,1.0190356273266756,1.1226307141090632,1.0385210724127776,29.840342397676643
99,46,0,-1,1.0771205815504752,1.0002524984204568,1.0126073337288723,31.540433391740663
99,47,0,-1,1.0160537209666052,0.9556978180456507,1.0463268229574936,29.547177717209905
99,48,0,-1,0.9705844717184207,1.0309861721290274,0.9715599039158108,29.426585770036514
99,49,0,-1,0.9126351311107225,0.9418374120509854,0.9232655819947041,29.67509242145079
99,50,0,-1,0.9843689477505176,1.038394420403435,1.0719797350142948,31.109274341093343
99,51,0,-1,0.9463464700704276,1.003192575466476,0.8766507528994111,29.29368310136721
