delta_r,VEC,dS_mix,dH_mix,Omega,delta_chi,Tm_mean,density,B_Voigt,G_Voigt,E_Voigt,nu_Voigt,n_elements,phase,x_Cr,x_Mn,x_Fe,x_Co,x_Ni
1.0240975585371463,7.718091014815602,11.936878594728181,-5.941908563937446,3.4371571316730827,0.15416742185379362,1710.939478136592,7.894849277950784,156.03320557351705,83.23179781460955,212.00010535675605,0.2735523617365862,5,SS/BCC+FCC,0.13987453767264696,0.45431670762610776,0.0966501792641864,0.166160353087114,0.14299822234994494
1.0261666894489307,8.054814082009575,12.98642327441377,-5.003981560685223,4.590873161811777,0.14270843775199013,1768.9743168379046,8.123496852156519,168.04510220077577,83.04552192807641,213.90095329207418,0.2878536272993038,5,SS/FCC,0.1430700784611958,0.2405255644361349,0.1744426357023258,0.30244363943258495,0.13951808196775853
1.2964439981408542,7.615331607896017,11.775305911328429,-5.450874977039985,4.169175606048709,0.1232809426446144,1929.9421455546915,7.924940236147903,183.0862920844302,94.03942572141685,240.87731525186436,0.28072515013777966,5,SS/BCC+FCC,0.4450320676652449,0.07208104781641465,0.10690361462710178,0.17448974873955578,0.20149352115168281
1.1041889085134944,7.898260701878953,12.463825020811377,-5.613680262824549,4.001762856549127,0.14278446508508721,1802.3857947754364,8.091916431138156,169.97217748112928,85.64014400304762,219.97566476066905,0.2843022820748696,5,SS/BCC+FCC,0.225604025212565,0.23041658518599245,0.08230133823905363,0.3434707652347015,0.11820728612768737
1.1326506811959234,8.961605550551514,10.359007673987188,-5.0233075102642575,3.618197852073538,0.12852160873352306,1754.5429672555856,8.460362618405725,184.03563768328542,80.4158758726661,210.57657573360456,0.3092972839532358,5,SS/FCC,0.09016047079048502,0.126524322935764,0.10227801756364477,0.09362356235196456,0.5874136263581416
1.155705506876125,7.122107954090224,10.769966029410632,-5.3808741427394775,3.91136851194362,0.12004437183005803,1954.192384872644,7.690417488605346,178.29771133717912,97.95403385139971,248.37722036165542,0.26782537990448574,5,SS/BCC+FCC,0.546045481539567,0.14754887968291608,0.05833461412632775,0.13439425245010359,0.11367677220108546
1.0854367278359582,8.17557838414266,12.718107295639818,-4.155841755997626,5.5658268874707995,0.11814023619224445,1818.7219854138434,8.108079236976922,176.9470168994322,84.93526524870416,219.65992006344672,0.29310198431856926,5,SS/FCC,0.17321467499150842,0.102869012099451,0.33678022091624177,0.14939543776046757,0.23774065423233123
1.0012573574811396,8.317886630561258,11.291921184604696,-4.251654862755258,4.759612829558576,0.1272557496153464,1792.0985685613678,8.36037432734293,174.54923364696182,82.03954861476173,212.78219600890444,0.2968269548146785,5,SS/FCC,0.14365161070363672,0.1379969133981082,0.08958265544442937,0.5143508755410142,0.11441794491281164
1.138629801038502,8.22137677375078,12.462563644811949,-6.400564536171524,3.3640386269028766,0.15751930544226717,1727.7143219780305,8.155384923103302,166.81999935970416,81.66768116838382,210.63115026666577,0.2895624514695285,5,SS/FCC,0.11326150563889652,0.3183969481903588,0.08320974537729375,0.2039668683679682,0.2811649324254827
0.9576112909296198,8.077021813447832,12.171800161992948,-3.554008530393797,6.237053891554306,0.11534632119057482,1821.1397391636347,8.162345351818887,174.19967913412353,84.2822365297952,217.7319563439674,0.2916835463128431,5,SS/FCC,0.16927875867555556,0.10356564940891068,0.2881042746056257,0.3589576544119647,0.0800936628979435
1.092918908864802,8.154270176984564,13.222078342499286,-4.781548671652632,4.9627707076622345,0.13223190441222996,1794.7053430651642,8.113000444183886,173.6197621074367,84.15981781849322,217.35886856766624,0.29134588335517975,5,SS/FCC,0.1607839880515007,0.16673875599917468,0.2614254524123872,0.17952669798713322,0.23152510554980413
1.1801190026001651,8.126592607994242,13.26368937229592,-5.358245902752583,4.4937859770366435,0.13393984708812048,1815.3934487777883,8.128119298517724,176.20680834269277,85.66472317682641,221.1552200536422,0.2908185064530042,5,SS/FCC,0.21384580455754745,0.15355277644699683,0.1776805392719554,0.20200476589066776,0.25291611383283263
1.1308218051531922,7.885809065143002,13.184479622753917,-5.631000976024843,4.190805537502172,0.14360018877317213,1789.864669522804,7.9679951994877465,169.0691983676357,85.86594049981635,220.30248140089748,0.2828280929466362,5,SS/BCC+FCC,0.20508657859413867,0.2529019683898461,0.2054995930982877,0.12413952911432963,0.2123723308033979
0.9958374421910637,9.089914364914655,10.456533617226281,-3.5373294589595,5.202628344022226,0.1042976474930057,1759.9920185440542,8.548377657842407,186.2166605136252,79.36059367115107,208.46736360785832,0.31341862481328564,5,SS/FCC,0.06324989389986473,0.07082860703040907,0.14074527829497416,0.16310968180470825,0.5620665389700437
1.0466739643706462,8.198420804322193,12.361099199791665,-5.795791953817283,3.643940839230863,0.15790394037977395,1708.5476217598207,8.15158081904519,163.37380844796746,80.34447854494182,207.08626093786185,0.2887398405481294,5,SS/FCC,0.07340082866476087,0.34436157382012006,0.11545658313927322,0.24397799327985661,0.2228030210959892
1.085114458840057,7.5758041793419375,12.54485635610219,-5.566270922750172,4.050375386030778,0.14151330360003697,1797.1900313465696,7.7983086883646955,165.1221435324601,88.0203149839767,224.21991715059812,0.27368276966184074,5,SS/BCC+FCC,0.2545998138132826,0.31224820125956276,0.20290370038827946,0.06324456084968559,0.16700372368918961
0.9928683395898228,7.797104339856887,12.925941141488773,-4.976441087537494,4.5644330196531655,0.14607857744734837,1757.290733116526,7.9376499295318315,162.66561964261925,84.16694400739632,215.3572320922272,0.27934567799742316,5,SS/BCC+FCC,0.15517297572335212,0.31855736707080834,0.22325718862630634,0.18001727878466722,0.12299518979486596
0.9028088168596756,8.295996999715427,12.312645636945714,-3.5285185326624466,6.2109014688532165,0.11926480983466094,1779.900745501093,8.247402163353822,172.59511246792894,81.38148542248389,210.9836774129274,0.2962633719305235,5,SS/FCC,0.0918807803848105,0.133627299494303,0.29160638365697267,0.3523852129484774,0.13050032351543653
0.9498408250163354,7.905821388762005,12.088961777864014,-4.729403511624587,4.367937998986073,0.15232494617089426,1708.810571039062,7.934769842993987,158.40955800946938,81.56628987938875,208.852318882778,0.2802612402231718,5,SS/BCC+FCC,0.07464957196347544,0.3816549426712953,0.27007590502119166,0.11046368532782315,0.1631558950162144
1.1002650355119343,7.747748359986878,12.786617326800425,-5.82816515334873,3.944406275320572,0.1447000301597937,1797.8683932845986,7.979304994745899,167.30401197632634,86.57158923007948,221.50823275158533,0.27933560375614414,5,SS/BCC+FCC,0.2409114828664233,0.2762024693675039,0.1009290363289205,0.2581402277870769,0.1238167836500755
1.2984038917679745,7.9796499839388995,12.42860996560364,-5.796846466126113,4.013795966891076,0.1300568072588855,1872.080871844278,8.100087334194642,181.5257392952808,89.46475342564446,230.5232242840531,0.28834661393016925,5,SS/BCC+FCC,0.3297694723414644,0.10117794949737971,0.08724355425479013,0.2232511696935234,0.2585578542128423
1.0315572549303769,7.948283921437964,11.119198522394447,-6.210000322501848,2.9978965593198255,0.163045747232587,1674.30607166557,8.02043792041595,155.04169496997847,80.37450691429744,205.59611728446063,0.278988358234569,5,SS/BCC+FCC,0.07302840089533146,0.47794449870561045,0.052291845265820064,0.22118528833223935,0.1755499668009987
1.2194285057398,8.324881123307186,12.459260282456617,-4.739756807111194,4.83510466083135,0.11614274478938377,1839.372847571371,8.202604558810776,182.93498686352586,85.99560641891368,223.03768070353243,0.2967969527247731,5,SS/FCC,0.22112350553325505,0.0634290613469597,0.22273002369934808,0.15487762312021644,0.3378397863002206
1.237598818581827,8.57236544226403,11.739733050511665,-6.310311142669161,3.284348932915565,0.14555049134905462,1765.3950786586497,8.30799490553614,178.5134353292866,82.50740576191887,214.47878774393843,0.2997547660317462,5,SS/FCC,0.14569927661347162,0.18982862401932482,0.06637496014495074,0.1426016589342094,0.45549548028804354
1.0396974151016767,7.233342741587635,11.777487630092525,-5.698403298404479,3.7929497263908596,0.13119979912884874,1835.175862912621,7.6647578348375855,164.65949879728197,91.86610098239208,232.38182259966194,0.2647854873268347,5,SS/BCC+FCC,0.36502601111137145,0.33563550967403794,0.11535333812140497,0.06894000870195563,0.11504513239123006
1.2785226888016445,7.605538929232701,12.171709977197443,-5.787016309792416,4.004594110229111,0.12870773275923358,1903.9769660963143,7.872321011042593,179.86139603163537,93.15319634725364,238.31684228896546,0.2791662102531361,5,SS/BCC+FCC,0.41086059807964187,0.12219778343051141,0.14343312500166128,0.09755907815387434,0.2259494153343111
0.9413557901900633,8.437832313123007,10.990664730688321,-4.470641619816031,4.2930619161146195,0.13872230434608668,1746.277048930515,8.40233856178216,170.74190230066768,79.49725334336291,206.4506848290273,0.2984768413150684,5,SS/FCC,0.07685062658086989,0.20319428841932635,0.06695979459331795,0.5112627261088982,0.14173256429758746
1.249103232434409,7.664504280580186,12.355479052961801,-6.624460934032485,3.42814086755979,0.14170447880114995,1838.0176587493052,7.86588418014445,172.5615190116862,90.1300588868795,230.2952498417234,0.2775718372200473,5,SS/BCC+FCC,0.3270541952399965,0.24091420110696865,0.11959237554220771,0.06535158405450572,0.2470876440563213
0.8915879996812457,8.149472070444958,11.597113652859871,-2.8741963766046736,7.351011564542287,0.10075166841508686,1821.854884468412,8.166632455387582,175.23895557662567,83.60299236846659,216.39621230578507,0.29418939547076256,5,SS/FCC,0.13823521390247676,0.0659530338442082,0.3892109871437325,0.32130599812504823,0.0852947669845345
1.0607307204296637,7.78314303940665,12.194871683446346,-6.108977285667742,3.4279072391822787,0.1552436198062821,1717.1981332016558,7.917230185617408,158.0785248386487,83.31327553526363,212.59187827923316,0.2758583605877454,5,SS/BCC+FCC,0.14158061706718203,0.4290067853326282,0.10851565624654941,0.1464828238336357,0.17441411752000446
1.027388728815881,8.209357867420811,12.064426066118498,-5.6371581234141805,3.682621646575763,0.15527952119223074,1720.7220715934232,8.207862422979913,164.6468220910715,80.42787439990228,207.49706574649298,0.2899574139854745,5,SS/FCC,0.08558717048977495,0.31651899794201366,0.07989427672113192,0.33894790335178554,0.17905165149529403
0.7558459402837159,8.265302616669427,11.057907585872062,-2.687813880973962,7.3111003227249975,0.10808058809967627,1777.0888471540843,8.21941030938226,170.98051713446625,80.61229827315958,208.99231313701497,0.2962805776162841,5,SS/FCC,0.05658954328966592,0.1155949035633472,0.4025094842068049,0.3565355310682576,0.06877053787192433
1.0113444740975133,8.145004537656082,11.74682489744608,-3.6892724819657405,5.746002911269924,0.11634766458437645,1804.6217895403324,8.041881753255701,174.46313316113643,84.2022539733341,217.5996011047429,0.29212456220978494,5,SS/FCC,0.13475251992328088,0.11629992128494766,0.4456364439084063,0.07581273097913921,0.22749838390422605
1.2653820390663322,8.60365578321877,11.545611779881149,-5.047060314871044,4.1756936178355994,0.11728597660453939,1825.3672584120886,8.336472610090622,186.60402248142213,84.82123005704028,220.9812075118624,0.30262911398041376,5,SS/FCC,0.20583264788737116,0.05766696557818027,0.12759607764943245,0.14482057319833852,0.4640837356866776
0.9678458220608748,7.828704835528461,12.61918754362832,-4.592591270476373,4.807733456394278,0.1449814284993148,1749.7132389870562,7.91252595120468,162.2680705972972,83.64251149694195,214.13495013247683,0.28006049973945246,5,SS/BCC+FCC,0.12927282168686108,0.31541701063455996,0.29532165813388805,0.11730952955263806,0.14267897999205284
0.9423539148403434,7.773892178376581,12.102739187157628,-5.065008491244546,4.160408441890415,0.1494036737818807,1741.135450393676,7.982077974771855,159.71015843316064,83.19246290338334,212.65384132979767,0.27808357817682355,5,SS/BCC+FCC,0.1421667217344062,0.35822210068412863,0.14450863579031512,0.2937573610527776,0.0613451807383724
1.1101603177363366,7.290798247056746,12.144610907162987,-5.472895561270354,4.182323580114625,0.12874240972584947,1884.739207760776,7.72183019397182,171.83463747665874,93.61609939931111,237.6845181716194,0.2694639046954804,5,SS/BCC+FCC,0.4164997608686043,0.22385727341487158,0.13408347430189313,0.10346394062043734,0.12209555079419385
1.1814072971418554,7.8576792907068675,12.692573944362566,-6.591975344584593,3.405971679510501,0.15150656528495807,1768.9150238616826,7.9497504259371,166.48207619826124,85.69651741763823,219.43774943612473,0.2803189443901463,5,SS/BCC+FCC,0.20804484627627082,0.3218467646010812,0.12022864368065356,0.1041437430234983,0.24573600241849614
1.1822094471573479,7.414390333536575,12.097125559187361,-6.1041215311114625,3.6967981349077497,0.13440135461431788,1865.377744312435,7.754858547526624,171.8011413671652,92.50220979071501,235.2797194418318,0.27175188557197144,5,SS/BCC+FCC,0.38644688513865894,0.24095278212881976,0.1281108379303984,0.06074210366153279,0.18374739114059008
1.325304342858265,8.25100971624812,11.960470613370974,-6.951076230788069,3.102488026685282,0.14631658000982484,1803.0756964509235,8.145657180308328,178.22340605974497,86.00121128699301,222.25424380516148,0.2921576363818938,5,SS/FCC,0.2320010606079938,0.1910748168555799,0.078463382933462,0.09083482488624037,0.40762591471672377
0.905741070674597,7.354263457136701,11.87354360760244,-3.9558351309655913,5.473672957216791,0.12975723735012237,1823.6302462715023,7.688189417040156,164.12660624822468,89.55719961431745,227.32438213533123,0.2691574943964027,5,SS/BCC+FCC,0.2797568383821446,0.2821229714434609,0.31008178476097137,0.06017670548239498,0.06786169993102813
1.1708688794151556,8.439863963468536,11.863915630296974,-6.08847602846589,3.3886885462429523,0.1500837981714988,1739.050833920102,8.18816931014094,172.64492565334854,81.64112385132785,211.57343323247278,0.29575282193418545,5,SS/FCC,0.10015841526885366,0.24660009905327976,0.17685592962236754,0.06599021905147544,0.41039533700402353
0.9892307351535536,8.086972982441377,11.604888528997552,-5.675842932596195,3.4594629426214873,0.16054868172128967,1691.9914141231034,8.12427705197145,158.96050108906584,79.80966330832356,205.10341010714973,0.28495348561230527,5,SS/FCC,0.061940061743317905,0.39777627165248464,0.08407625512557546,0.3037854453767483,0.1524219661018738
0.9656696688260186,7.838759570926673,11.62771481707869,-3.1303055635038826,6.92465179149801,0.10648984961670023,1864.1911410716057,8.017356652022158,175.91337189258837,87.45805029478775,225.07441081147002,0.2867563937958252,5,SS/BCC+FCC,0.2392096450217607,0.06447598772272825,0.3683025076986239,0.2743688704208529,0.05364298913603437
0.9914659874622166,7.798893902151776,11.731120052514024,-3.184688680137419,6.899611066572956,0.1063591074769927,1873.0624239045192,7.985298196062852,176.63007987575352,88.27046612504405,226.9975655768307,0.28580699491982803,5,SS/BCC+FCC,0.25858440278894945,0.059609454226100506,0.3743482722013566,0.23924357961141188,0.06821429117218157
1.0377837457521197,8.285930859873677,12.657895783762292,-3.742361310012461,6.140112697052097,0.11053566647172944,1815.351202855839,8.198490559176442,177.87391366516366,83.80206213417253,217.28317924434583,0.2964071152357885,5,SS/FCC,0.15082385546111496,0.07966382823369363,0.31909031500859425,0.23360160356359347,0.2168203977330037
0.9149387447395614,8.241462740958882,11.729351398711826,-4.263814053626951,4.832648479421295,0.13689191720267713,1756.748402789511,8.27610664987578,168.6012613172083,80.66510667531577,208.71038604768881,0.2936844358724193,5,SS/FCC,0.09087200353499607,0.2085170355403317,0.1581306961387599,0.4532367460026195,0.08924351878329283
1.170783717617468,7.582550239470555,12.392647905305479,-6.646431144299027,3.363769591772519,0.1449819705060526,1804.0588671288797,7.841668636707542,166.49765597466057,88.7671700795136,226.11719393928576,0.27365327596193634,5,SS/BCC+FCC,0.2928014360818191,0.3233507982230513,0.08175666239831607,0.11267829673638124,0.1894128065604322
0.96355147371311,7.902945440177511,11.831328983983063,-3.8486284258442787,5.4867825219624775,0.1313417843646288,1784.803101648171,7.91440794449195,167.87107067713623,84.55342221498768,217.19467615413467,0.28436360388755155,5,SS/BCC+FCC,0.13848061564342729,0.20913614905935915,0.43012417597332914,0.055475298124043185,0.16678376119984123
1.2740185025567223,7.697762841463341,12.288886213606055,-6.963156496811103,3.24353688252991,0.14370638614019648,1837.8604673518278,7.906116418114749,173.1121342835733,90.02212573219761,230.1687664737742,0.2784010852981407,5,SS/BCC+FCC,0.3330449634395344,0.24220206600013722,0.06877713335418373,0.10589684006974208,0.2500789971364025
1.1207227308947314,8.48222394190083,12.785199699142659,-5.089011314234453,4.44565117379341,0.13441522260161265,1769.5440118735585,8.266653770938152,176.4542952803357,82.01198895761762,213.03183171764323,0.2987846924901089,5,SS/FCC,0.11675443729607943,0.163623615759571,0.19094781467849412,0.1779918322791488,0.3506822999867066
0.997297429333541,8.310887451112409,12.820948674174298,-3.904282608772284,5.874411503552326,0.11996621518062628,1788.8979300496103,8.206900238812334,174.80673483161013,82.43627509120137,213.7140313832202,0.29623779790379245,5,SS/FCC,0.1144381090970802,0.12463156413006406,0.3070949455167651,0.2432755290755481,0.2105598521805425
1.1162572405066733,7.421609337941457,11.702746990144465,-4.535668368950965,4.95879986957058,0.12068634730819328,1921.897200213817,7.861672378681007,177.76849114431934,93.64547339051822,238.97392822079263,0.2759502385354441,5,SS/BCC+FCC,0.42821443500841777,0.10552764542245505,0.14718468433500684,0.25458061708749374,0.06449261814662667
1.244757591259174,7.368612081892998,11.314581832573323,-6.769685629509341,3.1469949432842945,0.13447439875645567,1882.8950027435435,7.746844255296496,173.77156019686728,94.02888399585419,238.98180031930278,0.2707893051769055,5,SS/BCC+FCC,0.43648162365076787,0.23704900791887681,0.05865850618311199,0.05699738738107754,0.21081347486616592
0.9343145447781463,7.722787590189971,12.618188285949987,-4.582705398982123,4.862973929484814,0.14299788378169948,1766.1475038811784,7.925994580444889,162.12834470479083,84.52523109762221,216.03293853374444,0.2779198336898821,5,SS/BCC+FCC,0.16520153085138556,0.3096358676230514,0.2301203093855461,0.22725806476424043,0.06778422737577648
1.0886728565005197,7.721447201132655,12.167983171343051,-6.3822589770613245,3.303255620446728,0.15340813380291915,1732.599054708674,7.8957480717158735,159.20073058588127,84.49205131276578,215.3745002224908,0.27452521791212675,5,SS/BCC+FCC,0.17608305694248302,0.4201024818774025,0.08480222148024336,0.1443086825047203,0.17470355719515082
0.777133230337893,8.128888809148835,11.205242914744717,-2.671572394948033,7.49097666261762,0.11012399636934887,1786.0116113762783,8.107524428242366,170.12611801463984,81.88332971031235,211.6875708197602,0.29261701721626715,5,SS/FCC,0.07603597731944652,0.12291977913571868,0.4684219002016268,0.26136414376296824,0.07125819958023974
1.127345137353167,8.501313691206729,12.03530233078437,-4.0435052113894345,5.406037164770204,0.10610198202289708,1816.268860885842,8.26235807212645,182.64975147403615,83.76946057595562,217.98347449344328,0.301091549322995,5,SS/FCC,0.1539766615430632,0.053230062040338685,0.29097125826939335,0.14114695996121576,0.360675058185989
0.960343121194384,7.893597027170227,11.258011796545974,-5.589456581179937,3.4216235987675967,0.15810681305212956,1698.7919634214095,8.044332499384963,156.44391927421793,80.94838341871396,207.12166895811902,0.2793440721772082,5,SS/BCC+FCC,0.09127068632098591,0.42653283313935814,0.07136873511315038,0.3189842579014531,0.09184348752505236
1.2942918389600868,7.477870712584124,11.563302308710986,-6.438586207992377,3.421618647883091,0.1322679274385863,1905.1988323691999,7.805662726913582,178.3799252156733,94.36228240095559,240.6521630294955,0.2751501813348383,5,SS/BCC+FCC,0.44617136079571557,0.1648468457965059,0.08874526242208301,0.06541278199932961,0.23482374898636593
1.0343474154635788,7.769681431363971,12.47993930932366,-5.079117289425748,4.324446414681143,0.14556064296288565,1759.9744944303686,7.868727057597593,163.15837956320337,84.9369646658303,217.13260732228633,0.2781985333273727,5,SS/BCC+FCC,0.1645672284635209,0.32249347526149796,0.26949144487074456,0.06558633925596238,0.17786151214827414
1.1605064633906073,7.383938427518553,12.028381579150967,-4.933371807778786,4.691451035423759,0.12262603549869688,1924.1721602266373,7.806611126142992,178.0751872488404,94.529975407443,240.95372317123625,0.2744831580283277,5,SS/BCC+FCC,0.4474034773814979,0.12023396486856662,0.14828545791358233,0.1691748525225909,0.11490224731376215
1.1545362252374471,7.872724219064676,13.230739551198406,-5.917201594030712,4.014087708412764,0.144663312731619,1795.2261934394585,7.983870171630025,169.58740524857816,86.26193669803031,221.2690721986578,0.28254175983339724,5,SS/BCC+FCC,0.223179335973035,0.25382759785397097,0.15869193062516232,0.15569178223094787,0.20860935331688393
0.9638701365095745,8.326285451350936,12.648510140464246,-3.9667515888774942,5.6710765770757785,0.12469337604929212,1778.5302335229962,8.267404834298349,173.3028111074878,81.57552618083383,211.5358357145038,0.2965643350284889,5,SS/FCC,0.10457687974668543,0.14486629553702435,0.23540464089416008,0.3499988612629297,0.16515332255920046
0.8159791805737593,7.747142380554119,11.047482146261848,-3.269099532183604,5.88910113144468,0.13925448347529734,1742.6652868050314,7.824695449686219,159.5179278585649,83.14395391737808,212.51031153972838,0.27796611495590146,5,SS/BCC+FCC,0.09239674725445052,0.3153593205975366,0.4414494351621712,0.05429379831112495,0.09650069867471654
1.0086945317777414,7.809323501935446,12.722283444601198,-5.302225186893145,4.2262784982250015,0.14750375978669222,1761.3728403371915,7.992571969175807,163.19748558505248,84.18058574591586,215.4903249206974,0.27992887559084373,5,SS/BCC+FCC,0.16926021222123583,0.3164923893537115,0.14926484779312726,0.26562878553222197,0.09935376509970348
1.1144668801997084,8.666226854202883,11.794980627113397,-4.734532345468438,4.408387727905118,0.12503385451025426,1769.537344516061,8.313107998885235,180.0230432366949,81.5034536130066,212.44903865843088,0.30331310662722377,5,SS/FCC,0.09836717169405038,0.12532704857802604,0.23193451056142317,0.1004542921639906,0.44391697700250976
0.9798262806873287,8.087589596678374,12.277841935224986,-3.3363834979177494,6.737002519781135,0.10770668829589933,1830.715111663368,8.109011563706328,176.00102206016544,84.9289413591586,219.4831117978357,0.2921573511063608,5,SS/FCC,0.17159497300267995,0.07603192319257719,0.3758220480261911,0.2462906456807919,0.13026041009775974
1.1392288876989005,8.193982586700447,12.64791447246573,-4.835524769267346,4.7717139047149155,0.12723537507938318,1824.312269034661,8.238948471266559,177.6920252006198,85.05189141545537,220.04729239340372,0.29360610758514766,5,SS/FCC,0.21349981741059668,0.11743216735472518,0.12160295949636454,0.3565157226002642,0.1909493331380495
1.1586577750079077,8.535350782240549,12.13824292277521,-4.458623658668554,4.943708212320794,0.11664920901312026,1815.9250462319922,8.385338751454427,182.89776674609186,83.52166635868555,217.46295727112704,0.30183559998209236,5,SS/FCC,0.1800854196414121,0.07158296139812066,0.10164309543444329,0.32627246413055383,0.3204160593954702
0.9349159393401946,8.19406724197258,12.425693603409943,-4.278907615975401,5.030274957130746,0.14204055337330912,1732.2241753076264,8.100238633027473,165.7271990753635,80.63722981469284,208.15181942311443,0.2906682180269249,5,SS/FCC,0.05428313566400601,0.25782545216467334,0.32025437827249614,0.17481510233238332,0.19282193156644112
0.9990912746825502,8.484048698465008,11.025890971309927,-3.343821900040102,5.98706427302989,0.1036081834295945,1815.697495310065,8.44440018448452,180.35101800966964,82.21450724366892,214.1090584219393,0.3021367250147157,5,SS/FCC,0.15013283657038592,0.052097735832878994,0.12027001971000545,0.5185867083347989,0.1589126995519306
1.1615562158197432,7.952891117929709,12.678000170446955,-4.330253598825044,5.480106402277237,0.11546026389036909,1871.7664956203403,8.06342736474943,180.06318893489936,88.5148597954478,228.15874238670634,0.2888160412498344,5,SS/BCC+FCC,0.28275713417078047,0.06515991639518469,0.25155655122542847,0.21748749375075896,0.18303890445784737
0.9523314579213158,7.875910127125161,12.628311583558352,-4.792537957871587,4.616042360704642,0.14624165293509023,1751.822696049516,8.018113143523403,162.7140205523807,83.02919295430445,212.87857765538848,0.2819501796949136,5,SS/BCC+FCC,0.13302257828749223,0.30572372440975776,0.19987120179481999,0.2750859829059588,0.08629651260197142
1.091893242979849,7.789131298214243,12.769194109015878,-6.086672860343057,3.679651341737525,0.15133924017215436,1753.974248156854,7.9442577444100015,162.77504490282826,84.7872901616906,216.7311146629946,0.278087283186461,5,SS/BCC+FCC,0.18450555647657124,0.35467254303804946,0.11704808459443955,0.1747326775764432,0.1690411383144964
1.207936325743761,8.014907935376764,12.395508987050412,-4.474914891323871,5.191074886954298,0.11377704856664442,1874.0354695359456,8.058120620829628,181.8842878040878,88.73819919601338,228.97667703391497,0.2901809993243693,5,SS/FCC,0.2842871126044152,0.052278202147819454,0.27315952571998264,0.14478995632215003,0.24548520320563252
1.0483286416450948,7.667938494033362,12.52895976904554,-5.817005136583127,3.8128429262108616,0.14751906042865004,1770.245184631619,7.919711809357569,162.4743293388311,85.79525018441956,218.8620725001512,0.27549061299839084,5,SS/BCC+FCC,0.21479203416124604,0.34668911672505864,0.10138994013778183,0.23004613887091643,0.1070827701049972
1.2257758000011647,8.083649927788509,12.14182515413573,-5.062403643724578,4.468008744995222,0.12409228879079863,1862.888645794857,8.1998161205943,181.19977602503468,87.7216798160675,226.598413214156,0.29157588916036237,5,SS/FCC,0.2902154103799049,0.08133673853664389,0.08384335134040452,0.34379151240113065,0.20081298734191594
0.9132242751295933,8.163642361903491,11.072081956567429,-2.9590216044732474,6.8543095998689365,0.10016275042566891,1831.8196273863218,8.238381010404687,176.48256168698293,83.81452921260173,217.0787997365084,0.29499504307822333,5,SS/FCC,0.16148565217681418,0.05374676226665193,0.29806540418691535,0.433043934215464,0.053658247154154404
1.1286024470116796,8.213059865143073,11.485838639258931,-6.464558095697969,3.008093866205083,0.16280958309340468,1693.0414203297564,8.071941997958685,162.77424555941698,80.6163705444997,207.5800706205199,0.2874560664197667,5,SS/FCC,0.06847163359360241,0.3855910595831376,0.14318550966661275,0.06990940239988037,0.3328423947567669
1.2736146554150016,7.628144088483634,11.66021137221482,-7.329146349342138,2.9030054966841763,0.14556747153336422,1824.7143522499518,7.846089882678855,170.6228736862138,90.13197720491671,229.91205167359925,0.2754188846367477,5,SS/BCC+FCC,0.3320038491713077,0.2896313464739621,0.06123494040288189,0.05247659460348661,0.2646532693483618
0.9605247924727414,7.700651747958486,10.714188346470284,-5.6975951673723735,3.1389211804351502,0.15597586643989386,1669.2169960987424,7.888119783469323,150.22664582730687,81.36162287787911,206.7585721342874,0.2706148477681218,5,SS/BCC+FCC,0.09145447945763231,0.5399541212890954,0.061087973188482254,0.19149202396673437,0.11601140209805569
1.084932153720376,8.387578586008175,12.712783381392967,-5.392538015836019,4.128366213322193,0.14482885893128924,1751.1803048247793,8.278669774078525,171.94518969281233,81.22988106645013,210.53602372697034,0.2959271942965253,5,SS/FCC,0.10765218392691056,0.22213120424421443,0.11005891826494045,0.2953012290216608,0.2648564645422739
0.8402486472239343,8.883176394022756,9.924258084919796,-2.6800896904403353,6.5357847551231645,0.10071649241039461,1765.018173352857,8.638776931239729,180.70897282922385,78.21176842834848,205.05268767771707,0.31088128933927844,5,SS/FCC,0.05654416118341796,0.07396864412250688,0.05667265483796178,0.5553957192001285,0.2574188206559849
1.0872809771337226,8.354578212073152,11.836355196549613,-4.581856667816944,4.659921866433245,0.1269111945672066,1803.8575541708153,8.354082792634939,177.35569276167098,83.02359753065448,215.45176038443677,0.29753327242225514,5,SS/FCC,0.17072841771354455,0.12169026966777632,0.07469446736153175,0.4480483733462764,0.184838471910871
1.0517919022958253,8.0018387969156,12.204551376236402,-5.790187719594911,3.681061809519319,0.15257628200173345,1746.4011505667602,8.119048477697154,164.48809613113156,82.6254171156211,212.3247070912776,0.2848631480683662,5,SS/FCC,0.1430853089047898,0.3146650536460057,0.07286496424043792,0.3360948780463489,0.13328979516241768
1.1016202347473192,7.722454095529698,12.933611514999724,-4.546456197173789,5.279993553715393,0.12629295216345776,1856.0372457051549,7.9162982743541,174.33956361107846,89.08482654831595,228.35857676682434,0.28169176286700187,5,SS/BCC+FCC,0.28567649529273714,0.14380825141837295,0.27692920583603886,0.1495567573721585,0.14402929008069262
1.2705060606620449,8.062636899649634,12.588830042741114,-5.623450641093626,4.135673713675186,0.12990400043136982,1847.4124325480634,8.058348672205675,180.03040695903485,88.10302013578647,227.2402289045527,0.28962791828432605,5,SS/FCC,0.2729186029609143,0.11664499553613543,0.200626666950089,0.09450036799812496,0.3153093665547364
1.1381068688278226,7.5161423385477875,12.518348381563436,-5.715629228777443,4.024165860474475,0.13692107687018182,1837.354524468787,7.78706692042422,169.5091973436197,90.32892580680556,230.11230451559058,0.27374649072962537,5,SS/BCC+FCC,0.32112929933447576,0.2562901773397623,0.18331031660459152,0.06384929888583933,0.17542090783533104
1.0703360758009357,8.458767354597304,12.556431160396837,-5.459016054935812,3.97657244974455,0.14870797898744328,1728.8492682388355,8.268113601381321,170.60822525525583,80.16630206108773,207.93099775124037,0.2968728281416444,5,SS/FCC,0.07159397062923786,0.24963426336467037,0.14139854865564674,0.22315687548043914,0.31421634187000586
1.091098311118492,7.626901778509415,11.628857361093248,-3.7525379279041,5.867908498010441,0.11332193316878612,1893.5269717757863,7.835045140141642,177.64650010530534,91.20364871373985,233.6292261545565,0.2808107430430042,5,SS/BCC+FCC,0.3271770291712926,0.079239849380163,0.3790869480729841,0.06849666051895827,0.14599951285660207
1.028737958388083,8.019007909355562,13.064985241924965,-4.22460927472489,5.589970089431663,0.1272149674961407,1807.5370647520435,8.05940994211431,172.4606814390508,84.85292392166693,218.692279061437,0.2886549393591056,5,SS/FCC,0.17275019568375163,0.15523863430220533,0.3092782240121022,0.20571895697860954,0.15701398902333127
1.0715319850785092,8.583694338052691,11.927674884291921,-5.622962654919119,3.6448135399715955,0.15134519006439554,1718.2438541486142,8.344922659192815,171.50351683572964,79.28764645759335,206.10199308032864,0.29971062510072966,5,SS/FCC,0.05872965035645377,0.25471515974699555,0.08128577446639791,0.2546700323477108,0.3505993830824418
1.1483433721469827,7.386493640379516,11.803992645806028,-4.531498891992708,5.013714984611959,0.11923111642360228,1924.7427199409206,7.755637421738014,178.36208034927114,94.60803658324636,241.1811277308627,0.27463340558095983,5,SS/BCC+FCC,0.43419036541962597,0.10728416636260593,0.2384565289559118,0.07797934094233781,0.1420895983195185
1.223349655513736,8.12011560778033,12.922779411790524,-5.1431625649323935,4.631432500350127,0.12550618768578412,1843.2733493470723,8.110913902687134,179.93978788228114,87.14188753471124,225.08988324551453,0.29151370031923196,5,SS/FCC,0.24975421742042056,0.10175437145712384,0.2089767936387603,0.1576508208890969,0.2818637965945985
1.171776902357554,7.435750599555764,12.059808940640456,-6.252603043134107,3.5590507330767323,0.13706451716988632,1845.2477243120557,7.753950531539409,169.5997620497451,91.5300831341934,232.7244509898574,0.2713003365716228,5,SS/BCC+FCC,0.35900232877218724,0.27516194371691943,0.12578259189150906,0.05118907042170854,0.18886406519767554
1.0564898148746176,7.528185420780954,12.448514156516044,-5.485977512882405,4.061785901874762,0.14137787493944562,1790.0023971896992,7.775653177227793,163.3599507859293,87.90783679640256,223.6130309694909,0.27186061629173053,5,SS/BCC+FCC,0.2509807570358396,0.3366094236745147,0.19597778512917688,0.06610770979379059,0.15032432436667825
1.089033667042309,7.3778164524752565,11.8621330076536,-6.337038662849659,3.388164334104643,0.1391329174946278,1810.0397083408527,7.761687108949982,163.6791273902752,89.93282051090065,228.03429444954077,0.2678035290903671,5,SS/BCC+FCC,0.3244905344550855,0.3579610151693382,0.05676812323008524,0.1368021177362176,0.1239782094092735
1.1096185790728486,7.75453140178196,12.194352236323514,-4.864772610274872,4.6660318591968055,0.12889176350833356,1861.450958067947,8.041420381413337,174.95830306330404,88.74994544160957,227.74152254106662,0.28305161996354417,5,SS/BCC+FCC,0.30544161293029387,0.13963704480861638,0.12795030187166054,0.34889040832769236,0.07808063206173663
0.861797765882137,7.909478862927144,11.98728230571321,-3.637676980910075,5.7607175568872,0.13851876728267024,1748.1556600150368,7.942747120234759,162.7240368072251,82.41936427602624,211.54277683288336,0.28333176730420334,5,SS/BCC+FCC,0.08555140540948136,0.27247663838529845,0.3995393937724513,0.1318068127341327,0.11062574969863614
1.1025600855094215,8.662679529126887,11.890451786635438,-4.0506398571207205,5.290161286616815,0.11198583125298708,1802.1639406850395,8.449070721856705,183.13782129783476,82.16028632300856,214.41661003674514,0.30486771427364706,5,SS/FCC,0.14587097877062055,0.06757022480282449,0.10246666974100668,0.346192541900144,0.3378995847854043
1.1233775851589012,7.900419197315575,12.591050655705793,-5.0882313298864235,4.467643128671106,0.13656703388576352,1805.441565386585,7.938245464895957,171.34584198460072,86.41721204700823,221.94024163271374,0.2841205841724287,5,SS/BCC+FCC,0.20679582668557217,0.20614418936244253,0.29846339575480035,0.05703813634520815,0.23155845185197677
1.1351836853283281,7.511632151728987,12.349035348362785,-4.5539897986345865,5.173175357848087,0.12127070461689785,1907.7273904221786,7.861425813199102,177.6458284398679,92.68496313105734,236.86150313339368,0.2777774038625306,5,SS/BCC+FCC,0.39292720177602547,0.10685619446300688,0.2045405170226519,0.1870094237325882,0.10866666300572765
0.9523897813601134,7.925214208386733,12.838650072820908,-4.413668094316223,5.151395081701619,0.13952665998778033,1770.9457875833637,8.033761552926553,165.8720342853605,83.45765494546768,214.4127442509011,0.2845600825412671,5,SS/BCC+FCC,0.13926285145809514,0.24766625963343142,0.25726757082278195,0.26020046523502754,0.09560285285066382
0.9752163360647609,8.449389397927382,12.192561646779305,-4.510818897580214,4.728757115615415,0.1368205313861287,1749.4741717034137,8.352643175396132,171.8499050344762,79.98528879514113,207.7278039788763,0.2985375630193081,5,SS/FCC,0.07800846728880238,0.19365071869205996,0.12745387395535937,0.4027168289305115,0.19817011113326685
1.0296597303450448,8.473671849230183,10.261256434251324,-3.6071102479317916,5.17028822261078,0.10950670258367345,1817.497196598355,8.470650777334118,180.4241306756196,82.42831203237654,214.60374824394964,0.30175993510370963,5,SS/FCC,0.16629864068259553,0.06163488905487877,0.05424866243318542,0.5677315960084278,0.15008621182091245
0.9875826864060108,7.515513552826683,11.754847008484607,-5.709082671159767,3.6266049151328255,0.14529812654114005,1761.3662591940217,7.850769702696562,158.7651081140585,86.17437376358106,218.9155332630458,0.27018929005297704,5,SS/BCC+FCC,0.22461126295266506,0.40067895377814405,0.07456277264011474,0.23487898874799357,0.06526802188108254
0.9750502636006488,7.542625696547204,11.430467425732976,-3.1787386971449605,6.76776585563433,0.11287628860442671,1882.0722884749011,7.792609757334608,174.24188138460477,90.58441603366244,231.61594906996515,0.27845361935044916,5,SS/BCC+FCC,0.3025620323752112,0.10289103613929179,0.42678459101817373,0.08488388349772814,0.08287845696959524
1.0058423527791618,7.724259534043025,12.696568981163903,-4.145942684123461,5.634228792530939,0.12676580618963462,1839.8037542232805,7.954374761521593,171.50044789372768,87.63463495737498,224.6409733256164,0.28169058634682803,5,SS/BCC+FCC,0.25016397231789744,0.16137733150776787,0.2731325780769686,0.24468742600814555,0.07063869208922066
0.8613210845792517,7.931065820926389,11.882707528944364,-3.229586227925468,6.563953632085362,0.1254235496327016,1784.0093062326796,7.964785137248025,167.39463615355032,83.57128918840941,214.9438373308719,0.2859909151711559,5,SS/BCC+FCC,0.1136727608906509,0.1863324305019753,0.45428750827164777,0.14667082746178456,0.09903647287394142
0.8773526759404647,8.241016980065497,12.188855203818784,-3.6303023579343465,5.937109033876344,0.1258426044780539,1768.2962428949763,8.222019360436244,170.07155652935577,81.04336734443616,209.8044118256927,0.29439594318693074,5,SS/FCC,0.08179181390056824,0.16657592739279128,0.2857308502861847,0.36062628158148546,0.10527512683897024
1.1250123478407914,7.881061171524357,12.997982101026336,-5.727506184769702,4.032400345083749,0.14618796283111277,1776.8605748819537,7.950451448614418,167.43820136217107,85.42075550629471,219.0174146369685,0.28199179074709185,5,SS/BCC+FCC,0.1906344847300006,0.28019819504151006,0.20765279014140878,0.10050072414829443,0.22101380593878622
0.8736622922711521,7.545917105907062,11.2812598640319,-4.370952608483983,4.3976062858342795,0.1460110093104244,1703.864044923204,7.749623114473543,152.04318191796966,83.45408141929381,211.64025555323232,0.26800422432247295,5,SS/BCC+FCC,0.12006271569942747,0.4804139898916624,0.23287294987017518,0.06684416187988976,0.09980618265884515
0.9086187511590447,7.656109622406614,12.512703283886818,-4.022254156142933,5.562883404777966,0.13626339482221234,1788.2096258690858,7.863585372221004,163.85335675906452,85.75593512332108,219.0526146940699,0.2771863217342442,5,SS/BCC+FCC,0.18518056224392396,0.269192789151804,0.315238073689366,0.16511361378354497,0.065274961131361
1.1151905393498895,8.301185071894635,12.492172259962496,-4.163667542001639,5.497328077351232,0.11405865635452729,1832.2715620956699,8.283094561768644,180.35576844572077,84.67676429764936,219.65447651755252,0.29701741876578885,5,SS/FCC,0.19984773806939832,0.0685430097452017,0.17135855378742226,0.35107783901732215,0.2091728593806556
1.277194102730362,8.084518400833343,12.790766679077898,-6.177952661721733,3.7938525257920035,0.13823802855742115,1832.4347313822352,8.11963802621775,178.33788125537205,87.31464798511215,225.1923715755371,0.2895452067443152,5,SS/FCC,0.26867903040708685,0.1547702903912169,0.09353869180334626,0.18937722275796698,0.29363476464038296
1.1413089057520656,8.268895763540527,13.092425765106432,-5.071068983881643,4.653530057968479,0.1320107991388829,1802.4449417883043,8.227321920004307,176.55265275737474,84.06257490818572,217.64504877606544,0.29454188747953713,5,SS/FCC,0.17950647818448842,0.1448851532632822,0.15069870789156461,0.27702544814854224,0.24788421251212236
0.8545492194554671,8.1637052975695,9.943899120630029,-2.596352445400489,6.882194450521649,0.10097844586799704,1796.9419295955088,8.019304860871506,173.02569747887586,82.90832510773946,214.46937624138175,0.2934127903481258,5,SS/FCC,0.08004739470419749,0.09018012360617461,0.5951876370315522,0.05518947873208216,0.1793953659259935
1.1033274182348645,7.475606740886163,12.581768060220758,-5.53231543651754,4.216898795176441,0.13477394092826955,1854.2082801100614,7.843261714374645,170.3475309504365,90.74516854533302,231.18439355351177,0.2738110318127866,5,SS/BCC+FCC,0.3470247204018701,0.23238937561366232,0.11914532168555494,0.20083560729425992,0.10060497500465279
1.348766732312096,8.459935855411238,10.995845888350832,-5.872409607979319,3.4431203223888946,0.125638592481896,1838.8231802308615,8.235367401697577,186.5258811173378,86.68673557433978,225.17700549961486,0.29879735352653936,5,SS/FCC,0.2498079209528148,0.0732987038193056,0.13065836188020827,0.05961962555916821,0.48661538778850305
0.955409413927977,7.8637490355151,12.21322507325219,-5.166636448205968,4.034402254574911,0.154710413680343,1706.6985701642209,7.972867263113627,157.22184586532367,81.5914789685981,208.67637086614067,0.2787877698996816,5,SS/BCC+FCC,0.09166488778855238,0.4073582431962202,0.1677487873747411,0.2120191089925454,0.12120897264794073
1.0195925119317648,8.237575582070292,12.905361563310613,-4.374507696012839,5.273420213422502,0.12933871433804897,1787.5223772830755,8.225646831538604,173.24081251331916,82.69433109738537,214.02840142988657,0.29409355266345266,5,SS/FCC,0.13637329145732432,0.15628034576043903,0.2068777385109387,0.334334737797216,0.16613388647408192
1.0750481156666138,8.331806608153316,12.63685388991552,-5.163064679045116,4.324133235936471,0.14070115138842995,1766.7201106042974,8.282965116154028,172.63613465671432,81.8599224557368,212.06159071861057,0.29527114341744126,5,SS/FCC,0.12785763268417608,0.1995574126163344,0.10411164580823859,0.34986733164449896,0.21860597724675196
1.1460373776825132,7.723108718905012,12.794860632540502,-5.527333379130848,4.270919749859945,0.13614632959929446,1845.022172720807,7.986159247856428,172.96429175529587,88.78645855740008,227.44229497981667,0.28083887270250896,5,SS/BCC+FCC,0.30245284479367146,0.19061558722983216,0.11427299862352704,0.2666871429837511,0.12597142636921813
0.9779740126924097,8.160805392424198,12.665994444016906,-4.965757916146444,4.393754543978684,0.15035348662675263,1722.5908236859777,8.126730895465435,164.03652545283853,80.58999027704293,207.74822411840506,0.28892076673686323,5,SS/FCC,0.06904306239517433,0.30320048237601555,0.20514128842126683,0.24313833402452548,0.17947683278301793
1.1747657797278948,7.63842693350308,11.35116789138279,-7.194591004733298,2.7613877139246954,0.15148788154842502,1750.2214889847062,7.829451650233704,160.93859126867326,86.51971200615014,220.11493790238518,0.27205080090152517,5,SS/BCC+FCC,0.23044787236481493,0.42459387884092475,0.053057910989310564,0.05988411853626403,0.23201621926868565
1.0641998618661668,8.379471582938379,11.600784199303222,-4.341847201107438,4.74644686918054,0.12460391269681474,1776.4619569288566,8.14123986937247,175.46368941739462,82.49923631491217,213.9639643203282,0.2967633027752836,5,SS/FCC,0.099888682820184,0.14176870007884323,0.3717423962791014,0.052182792986151694,0.3344174278357197
0.9652397545394017,8.149066803413927,11.98461664902446,-3.6012932600648497,6.052016819080323,0.11482145890904194,1818.5891189222145,8.223302085770735,174.98566472609846,83.76796721753247,216.721424622246,0.2935817342890386,5,SS/FCC,0.16443400041462927,0.09786724969330923,0.2451293622662045,0.40933672131521837,0.0832326663106386
1.2006631161080095,7.944058484775135,11.68954194496526,-7.239131060566994,2.788586292883547,0.15962817267209722,1726.923478397334,7.969967561120228,162.9470402627615,83.83541592439596,214.68767823534057,0.2804116009214361,5,SS/BCC+FCC,0.1613957708550277,0.39712754576950615,0.07107175227969856,0.07683228993683804,0.2935726411589295
1.1643615300465826,7.548625120412394,11.853738016540866,-4.222213551817676,5.393776608911147,0.11489056345449121,1921.2236727030527,7.83716890249126,180.26932299960262,93.2727433661457,238.65720208388558,0.27935125241801706,5,SS/BCC+FCC,0.39758573005837955,0.0661489210640203,0.27887979085485953,0.10482561445230736,0.15255994357043315
0.8838575477031451,7.428877156357405,11.322540211629377,-4.969636999771117,3.9162631038937814,0.14254347898510455,1718.908440547845,7.751234215786594,152.0154438310389,84.81832884722627,214.55138716114664,0.26477018633315663,5,SS/BCC+FCC,0.17308383395727908,0.4949645895091292,0.12213241170638647,0.14962891587331867,0.06019024895388659
1.2839315099250685,8.056604067365601,12.342288722732098,-5.06806838729088,4.580384266378719,0.11864120330160988,1880.826628185066,8.102284882542223,183.89505871838554,89.33354172577009,230.651567553915,0.2909572546779413,5,SS/FCC,0.3143841518340049,0.05243407888126086,0.1804768320318389,0.16760342459091868,0.2851015126619766
0.8718656082713389,8.35896533701736,11.756779905890097,-3.4521020907784004,6.042647888817519,0.11907120257207543,1774.2820415496458,8.321896236081457,172.58564499303355,80.55817582806962,209.1350533399346,0.29803741948103857,5,SS/FCC,0.08154268991235471,0.13337249353471753,0.23657998295158764,0.44158645682589204,0.10691837677544798
0.9361877189779118,8.58080829898299,11.94081532070135,-3.015220177280395,7.111612234004945,0.09566454722019667,1795.7805423389282,8.3899233808207,179.810729715562,81.06586858157199,211.42470186354362,0.30403032474017644,5,SS/FCC,0.09381640148816683,0.05222829605515644,0.26719815528336277,0.3528448963321457,0.23391225084116807
1.0365774549250164,8.27650598800031,12.780510203948566,-4.008388111233818,5.73602570383491,0.11882405447274043,1799.0066598362914,8.166741073542266,175.8439308543366,83.3242112090329,215.87495366290963,0.29539152264730567,5,SS/FCC,0.13313705742181287,0.11488354963872009,0.32918880675779094,0.18791751988069644,0.2348730663009796
1.0342386494128748,7.351624868762968,12.19441364671995,-5.579958497671622,4.0005569154596365,0.135393790959345,1830.5878579409439,7.767946374726518,165.35591044752059,90.44298251790174,229.4886219121199,0.2686922496540643,5,SS/BCC+FCC,0.33531867029766843,0.30871681387270505,0.10254424288785036,0.17586152265254062,0.07755875028923552
0.9988734452484715,8.07707161058486,11.86349930274444,-5.434970101017782,3.7848109826668326,0.15266036655689327,1733.918280658584,8.168518914092605,163.74275028656075,81.31514738417727,209.29923080300784,0.28696336129210787,5,SS/FCC,0.10923107024108197,0.3135011466743467,0.08251660914747454,0.380467450132823,0.11428372380427383
1.1182947241118326,7.5356083321230045,12.612525981122971,-5.486524149272751,4.269992292207173,0.13452476457770246,1857.4724946817964,7.884089027876621,171.6324257155821,90.46302801500472,230.833603113091,0.2758449953433108,5,SS/BCC+FCC,0.34226779266093577,0.21094062404437633,0.11803260677440318,0.22643341155131733,0.10232556496896734
0.9222532123754935,7.831808597023125,12.429068613944686,-3.973803567501772,5.530241150822517,0.13774169464437316,1768.12102556654,7.913529462850487,164.28642991993132,84.00264609353351,215.31053750509014,0.2815699714110831,5,SS/BCC+FCC,0.13188671279515837,0.26205265360329144,0.36592411558735605,0.12263835981165264,0.1174981582025413
0.9887338138340918,8.146511498831043,12.983837604187565,-4.48700870762534,5.08890107268059,0.1385296362740348,1758.6440319384756,8.105952833623098,168.36319787184289,82.11882189740618,211.90446842003686,0.29023081142576723,5,SS/FCC,0.10120169490850642,0.22461627800945802,0.28411748118157587,0.2065979251434066,0.1834666207570531
1.1653581280514218,7.7996038369189105,12.580956062070065,-4.843717430707838,4.8732647807171565,0.12473418245018157,1876.226442539151,8.037546382267099,178.0107533052679,89.52312377008306,230.01117792806764,0.28464673841582944,5,SS/BCC+FCC,0.3223940785798178,0.1045318955086372,0.1541728976475211,0.28887836694086383,0.13002276132315999
1.2262545278025045,8.14182925664895,12.587196627187852,-4.688461563930772,5.002249027256973,0.11582184248285436,1863.2311859732276,8.144817557379262,182.64547066132278,87.71146935858009,226.82514590628813,0.2930187326983805,5,SS/FCC,0.26859610049616406,0.05519459025937516,0.2111050298799782,0.1959925108283114,0.26911176853617125
1.1514937595559223,7.1300937834187135,10.838704684562334,-5.024484903075552,4.236807564083038,0.11782549307987684,1964.052024602116,7.695762613535552,179.56420428667235,98.202096112644,249.18126810276974,0.268716646419355,5,SS/BCC+FCC,0.5506901526635316,0.12095960996421572,0.08332101311351811,0.137624749807476,0.1074044744512585
1.0743550231914918,8.303864864067648,12.446427654384276,-3.901143989744314,5.8322899716024175,0.11119330558718409,1828.04330955462,8.282824069597483,179.5944913540703,84.2020603609066,218.46419907544706,0.2972615998888062,5,SS/FCC,0.18344560793536568,0.06678332462840093,0.20116680098097844,0.35966912834372944,0.18893513811152546
1.22617101686979,7.332601879859252,11.5219023826676,-5.631556596502247,3.9444680368604814,0.12523358313360897,1927.936741640662,7.740944374847471,178.60072375679658,95.80748745114052,243.82397779123053,0.272468281331221,5,SS/BCC+FCC,0.4788906282458844,0.14279612776311518,0.1282264737661945,0.06699427633547617,0.18309249388932972
1.0338017473698782,8.561102050560013,12.26923738613369,-5.055452175206998,4.208608077016044,0.14332346744044264,1734.127427528505,8.360141213462352,172.63277760453119,79.5850303217768,206.95281440612632,0.3001993815255102,5,SS/FCC,0.06662328104949632,0.21642916591797862,0.10756902382257306,0.30797927984291784,0.3013992493670341
1.1574844899111127,8.3229189560957,12.988613660262164,-5.461082688054003,4.24913441694674,0.1382299885653178,1786.555460012684,8.243601816434825,175.71214961325433,83.3935308958834,216.00791701514405,0.2951119510986373,5,SS/FCC,0.16446243788400905,0.17298214723670727,0.12010427841938237,0.2600762938193766,0.28237484264052476
1.2218335300383354,7.967282736008407,12.636939928027074,-6.855779306726453,3.279424204821736,0.1520041731848318,1779.150016449358,8.040682187543238,169.57329117887065,85.60521808470077,219.824518594638,0.2839434529396093,5,SS/BCC+FCC,0.218513117211996,0.2862043957039238,0.06558061679412236,0.1688903744435917,0.26081149584636615
0.9424798431398842,8.722501729662156,11.496384700832072,-3.1591727109622725,6.490431030807278,0.10253755763884952,1783.5519268815065,8.508610934358074,180.74318772022775,80.06869737323329,209.29970828915884,0.3070008327569412,5,SS/FCC,0.08909786030538676,0.06681569663424883,0.13926168382925108,0.4421363715550481,0.2626883876760652
1.38221861025066,8.10552172920982,11.680478054755403,-6.194357554286458,3.5417897510134777,0.1294782588887199,1878.2720654778764,8.12804155797703,185.2437873999621,89.87947772466636,232.1003993469826,0.29117572343928616,5,SS/FCC,0.3423107501829048,0.078059704328261,0.07327943895275657,0.14449727916826582,0.361852827367812
1.0196012314073504,7.707857494952813,12.857169707683108,-4.332454602605241,5.449545711371868,0.1291373104046137,1836.3228755375098,7.938304520138555,170.96739259552444,87.74736590228191,224.785728412853,0.28086881071268344,5,SS/BCC+FCC,0.253014610542776,0.17638655396411987,0.26269510377562516,0.22553419343247486,0.0823695382850043
1.1976693442087063,7.896449457515413,13.054795397950953,-5.766299097004406,4.153620114021667,0.13757129249469652,1834.653040227799,8.051421075185296,174.83147909415098,87.73546388810135,225.48766079730592,0.285042848151433,5,SS/BCC+FCC,0.2757142561463843,0.17733217297339787,0.11491354730637872,0.23886990436609956,0.19317011920773966
0.9472868311650049,7.410332558223231,12.405694987170252,-4.408181716656764,5.119904225885305,0.13296893054642486,1819.2832681140783,7.742224293368372,164.463067751141,89.09882602598204,226.41014016111865,0.2705562478179869,5,SS/BCC+FCC,0.2772305980504976,0.2857889987760993,0.2566054698663525,0.11016711351377478,0.07020781979327574
1.0305255737483419,8.495871906319614,12.48103927132512,-5.024683665408272,4.2916671545556095,0.14429438254637256,1727.762702427779,8.267191449312278,170.96649109467052,79.76228911671207,207.0828860807845,0.29812526930972794,5,SS/FCC,0.05343190773422129,0.23280861983248846,0.19649918235325203,0.19897623853953011,0.318284051540508
0.9726559347206433,8.404366153194028,12.176254453710383,-4.9073778999628175,4.2771355989621,0.14721262129368617,1723.8080125888341,8.30058737891253,168.04500997535456,79.29778915136775,205.55987938822074,0.2961261693931802,5,SS/FCC,0.05411632934463589,0.25594480683976223,0.12884399941447633,0.3536461100791889,0.20744875432193657
1.074390658128445,7.1958600241702,11.61448276142354,-4.4206467663253886,5.081175564891753,0.11810496117486417,1933.9722545244697,7.687664449013529,176.32739083307473,95.99045151424556,243.74141664848037,0.2696128250438933,5,SS/BCC+FCC,0.47515543360165485,0.1383390839618314,0.1916091676791519,0.105282654179381,0.08961366057798067
1.0144095634108141,8.552174798537761,12.261883949183213,-3.7049479870595765,5.939459742955348,0.11098236451506396,1794.6178131794643,8.39974455729547,179.52084519248854,81.56615897968288,212.51303696944674,0.30270347180612667,5,SS/FCC,0.11941296620078365,0.08111242565312053,0.17406901007408607,0.37869803955157155,0.24670755852043832
0.7815754201989877,8.191181480760312,10.508623597353802,-2.261612720140836,8.382478034078447,0.09104904699277211,1804.0352435332097,8.104954118045805,173.57397765958316,82.3697283486852,213.35923002278813,0.2951313200864392,5,SS/FCC,0.07875409380574885,0.06373052963173001,0.5512172070609129,0.20017614099967687,0.10612202850193128
0.9405361217464273,7.798565747739719,12.499578623973726,-4.8591903011677315,4.455252288668015,0.14953552790172636,1731.9722381746067,7.9463083426943495,159.201789497007,82.83760148072959,211.78078038222387,0.278288944854893,5,SS/BCC+FCC,0.12119108673946573,0.3650063739469461,0.2047225949388963,0.2122055935837872,0.09687435079090467
1.1810301048802647,7.506787020257077,11.98574014332611,-5.0120677690918445,4.582573675606542,0.12387529318463542,1916.291703884394,7.897701118848261,178.7809593230579,93.28364586654885,238.38903158045488,0.27776433567730135,5,SS/BCC+FCC,0.42276373079257984,0.107118736921011,0.11941325008559892,0.24197534563837136,0.10872893656243882
1.0461484242229966,7.981229040448516,12.504753191841639,-4.578784365729411,4.867384326201504,0.13628153096692502,1782.2589362845217,7.969051814702805,169.26010672082083,84.50915565081101,217.3536143999801,0.2859767248064689,5,SS/BCC+FCC,0.14990588903055582,0.21674011083087855,0.3476915896329153,0.07354389167079452,0.2121185188348559
0.9640190367193743,8.232464513112195,11.290481744963017,-3.915705590473816,5.06354633117966,0.13025580012985538,1756.1129974826113,8.05598062339955,169.82404915638213,81.74185329945686,211.32042281360913,0.2926084636192927,5,SS/FCC,0.06652080952856919,0.19247055431388455,0.43677133134160984,0.050497923148654596,0.25373938166728177
1.0387484349914256,7.654584290725775,12.618871286804772,-4.706869800867685,4.848586895403017,0.13627303851890507,1808.5351347791461,7.8303315513779825,167.3479307236854,87.52234650176194,223.58840436308586,0.2773218115135015,5,SS/BCC+FCC,0.23209837448357218,0.24909296145393853,0.2991217924398662,0.07149974209838911,0.14818712952423396
1.3053331445468588,7.9894130407759505,12.226923189062157,-5.258711407138544,4.397800748352072,0.12060489353618686,1891.4627173065696,8.084926829621384,184.22360756328996,90.25534760429287,232.75532798642524,0.28942679943406796,5,SS/BCC+FCC,0.34338810691097443,0.05371375250649348,0.14724543141325772,0.1814024112341545,0.2742502979351198
0.845022103277796,8.295516460402306,10.427025547080381,-2.610859816663004,7.146928212491843,0.09693639886325137,1789.545325773476,8.105456770800044,174.18644457307957,81.871893194947,212.34635167695413,0.29682082208195343,5,SS/FCC,0.061288012305486785,0.07964675465860363,0.557888959682143,0.1046133070356503,0.19656296631811632
1.112571978359073,8.083861129892163,12.754501435732651,-4.71406689679741,4.887646260795499,0.12968854997102774,1806.4756544985603,8.039530947000552,174.25481504340343,85.25401330373595,219.9000688629233,0.28967576036263276,5,SS/FCC,0.17876310116366204,0.15599993329651263,0.3184174030034051,0.09625185955683882,0.2505677029795813
1.003010866430856,8.237852298538495,13.04028657531317,-4.341257408493873,5.328130977075052,0.13159648412801744,1773.7948680953928,8.177016601912582,171.70979255806634,82.23425898694914,212.74118504542616,0.293507035061804,5,SS/FCC,0.11183133042291717,0.17672803245779228,0.26591141068480784,0.2528154610268422,0.19271376540764046
1.1552656608061316,8.533756761589688,11.802368665439143,-4.981522225577958,4.220829146417585,0.1272019117801094,1781.520220228881,8.237540343748837,179.4055065387779,82.72797400951401,215.11856230328462,0.3001561133271872,5,SS/FCC,0.1249770674776359,0.12884645816119497,0.2558905746773507,0.06801444466148118,0.42227145502233715
1.047680284075341,7.247012200882608,11.837222983520851,-4.266568366000197,5.317524333283875,0.11944122089859113,1916.6308225277203,7.698755738785486,174.73301919994688,94.72122507246154,240.6745019082348,0.27043596471709114,5,SS/BCC+FCC,0.4358106446956451,0.15025141394484182,0.2291058332496417,0.10077931200100296,0.08405279610886841
1.1178151735910387,8.572148533289774,11.93016662918578,-5.878158840427773,3.4931000310805036,0.1516152283700661,1721.099206700332,8.283664984492376,172.27223132439602,79.97243739753621,207.76730941718986,0.29899322928220984,5,SS/FCC,0.06591746189719724,0.2542639700922531,0.13003177276417968,0.14132616331631784,0.4084606319300521
1.407011616731561,7.856088683815056,10.989175221437797,-6.280742943316298,3.343916406513314,0.12770263716120497,1911.179164401076,7.9752117616139975,185.71844992434987,92.93187201645536,238.9409663330889,0.2855706075240787,5,SS/BCC+FCC,0.4121715651110714,0.07075784912023816,0.11598236726785127,0.05098677384424131,0.35010144465659787
1.2376983901824172,7.872502386668761,12.598871675883762,-5.161106211175884,4.57105591346582,0.12490475203157363,1872.5255915444302,7.977918071761884,179.75946890941378,89.8421488930708,231.03647057398115,0.2857910981679567,5,SS/BCC+FCC,0.31398997400091294,0.1001808739810479,0.23337404755955998,0.10424700026532456,0.24820810419315473
1.0650518431835896,6.9725022404591215,10.521459593648466,-4.914965540173063,4.195085019714164,0.11426423343502463,1959.6808143922685,7.600430798790647,176.58704993996267,99.00106125243016,250.2388746599354,0.2638191525133417,5,SS/BCC+FCC,0.5664765113124358,0.16741588883675135,0.0831967115644732,0.09295062465193454,0.08996026363440508
1.031328700620214,7.668375895283408,12.599476897478063,-5.32055356186958,4.26048679216224,0.14200243043216254,1799.1344102834303,7.945476739403747,165.7683423413504,86.64971125533627,221.3767652152072,0.27742355980195965,5,SS/BCC+FCC,0.23816259780268367,0.2798540719519055,0.13265240285325156,0.2741066919436382,0.07522423544852122
0.9921581799401931,7.499538955099916,11.144993930472191,-5.890161045906591,3.233088492113918,0.14653857827060504,1708.6967696984598,7.7696250970894685,152.50501953770302,84.63479538373728,214.2674746764257,0.2658356040499009,5,SS/BCC+FCC,0.17319190291671782,0.5170617644541341,0.07320425206171412,0.11009963574738159,0.1264424448200523
1.1918960204387887,8.923208085274679,10.291503487990138,-4.920967174952369,3.728511077865373,0.12012030557195734,1782.8186499226533,8.45282653483776,187.13081112089475,81.96381589037989,214.5647894326672,0.3088994643662672,5,SS/FCC,0.13379900130899894,0.08393978590005775,0.09795150417723957,0.093873543434673,0.5904361651790307
0.8997682433981117,8.775084296327076,10.929088072727376,-3.1748269487953555,6.085000659500568,0.10873163687476989,1767.6525281582362,8.558500969046168,179.41226056841833,78.99342231395582,206.65141688768205,0.3080292689836582,5,SS/FCC,0.06843488363343862,0.08997871778918222,0.09197071433197392,0.49729858710767544,0.25231709713772993
0.9543304118883511,7.506780314780504,10.612329722724947,-5.587311733692412,3.1941429574818234,0.14668775436565643,1681.692529902813,7.759432502308593,149.11945207535496,83.36431880041218,210.80910830461968,0.264384519288949,5,SS/BCC+FCC,0.13639712654303254,0.5656192957679633,0.07484328370918648,0.10108672432510317,0.12205356965471449
1.020202460668042,8.00996155907549,12.945611148948643,-4.0389187265353845,5.825857880773323,0.12325828006490173,1817.617727576961,8.071399943778703,173.40586591273055,85.16096660325793,219.54312265220003,0.2889891426138483,5,SS/FCC,0.18285456844979966,0.13467302950241927,0.31002755297831486,0.2345459726614237,0.13789887640804252
1.4448050286425267,8.309267258837302,10.17340867665376,-6.7503417734416535,2.8106047054661567,0.1323008488006174,1864.9152673954145,8.179349748956547,187.87724464475463,89.1557303067649,230.93733389045283,0.2951345533026828,5,SS/FCC,0.3240755961056642,0.077542101040653,0.05574497614251416,0.05031410133305305,0.4923232253781155
1.1140087954915965,8.338892262540185,11.640654747386769,-6.497278647887514,3.029037403129283,0.1639248718901259,1690.6697689371854,8.181105280942322,164.27783810256528,79.67055103107279,205.75042185022892,0.29125768045700456,5,SS/FCC,0.05762211240649789,0.36730690674581024,0.0812583118222917,0.16618194395180805,0.32763072507359203
0.8935115635343948,8.578224610131423,11.893487205899675,-3.0804935290104805,6.849334598667565,0.10221189793068777,1774.0245054529896,8.324853639456313,177.1759458147987,80.21578941734765,209.09212555246108,0.30331027763495594,5,SS/FCC,0.05404140804716037,0.08413364645877798,0.3511227978044566,0.25096322269468957,0.25973892499491563
0.987675356338982,7.911437136493747,10.8471077146849,-5.905201775980737,3.0625422888059703,0.16238900792582894,1667.2585633986,8.01080651428056,153.25824096511175,80.00055333112672,204.43080959414124,0.2776837226862093,5,SS/BCC+FCC,0.06223515224753229,0.4942988448027932,0.055901447396541015,0.24492282531466072,0.1426417302384727
1.0950099405848208,8.220755436354164,12.694411928445284,-3.940697702998515,5.912731734082496,0.1104102657169093,1835.4764605886471,8.183932932106394,179.54478264112913,85.22076296907537,220.73793717445707,0.29509481893841855,5,SS/FCC,0.19420633170090415,0.06458866879983043,0.2827004070979172,0.24325241624689456,0.21525217615445377
0.9490601146175756,7.553909246691791,11.163660900836659,-2.867783760579383,7.365671000156104,0.10724386127152767,1892.1354950960672,7.824762701419122,175.32483263897376,90.60153257662111,231.86481431663907,0.27958549774283675,5,SS/BCC+FCC,0.3059794230901172,0.0740017120904774,0.43081223306392746,0.13854345854845163,0.05066317320702626
1.0877676480201648,8.166472689294574,13.042382551147387,-4.431023789161528,5.352366230447445,0.12373160600754991,1818.4152592347666,8.183555503786085,176.3494531716994,84.71529036232548,219.06715427502584,0.29296112507010424,5,SS/FCC,0.1886556669846706,0.11751553796296785,0.2164413456140318,0.2934753376497764,0.18391211178855338
1.2419679209185146,7.830684798225473,12.858103722130489,-5.494287015224976,4.382761920703446,0.12939847680055294,1872.7610863070133,8.005873300660014,178.92529518940967,89.99514798176608,231.21948527748782,0.2846219516430775,5,SS/BCC+FCC,0.33142049624377307,0.11925682976315886,0.1497301083099257,0.1864025108901076,0.2131900547930349
0.9952754904358506,7.668179905668836,11.71330502335048,-5.822003342913848,3.474914496408455,0.15188613682236526,1727.178388082088,7.914692633531647,156.86018555216572,83.83547025334951,213.47511802249315,0.2731789860388128,5,SS/BCC+FCC,0.16299601010566206,0.4313167512737769,0.07132017568681755,0.24324544871355064,0.09112161422019302
1.1938456608584989,8.585848651935748,11.72353993806015,-6.269140414346442,3.2572691008602783,0.14975226392700547,1741.8186593607525,8.290331687472207,175.64728728954486,81.30404199896776,211.3084674929796,0.29949546355679535,5,SS/FCC,0.10663669555384073,0.22546449948036296,0.0975035551668344,0.11620395707413218,0.4541912927248297
0.9316326628815935,7.8813514099292314,12.03483905455061,-4.989694432539289,4.095905421298436,0.15532083169773478,1698.1797995078268,7.976097407635222,156.32769889824627,81.02480794310245,207.26574118933993,0.27902642691166196,5,SS/BCC+FCC,0.07442062093846628,0.41592672934745195,0.180976182091806,0.21123355409093647,0.1174429135313393
1.0097896333092011,7.458813056937392,12.43524688846544,-5.467127147404514,4.056629238710983,0.140918364139446,1783.487862642495,7.77463584544135,161.1001752050617,87.77326424832972,222.84789898858835,0.2694520415584806,5,SS/BCC+FCC,0.25423651473983533,0.36729066499813984,0.14731713344882175,0.12773462221120493,0.10342106460199822
0.9795211522919884,8.224857201487087,11.663508642104938,-3.491380303030612,6.094551896534624,0.10965616688463255,1824.3570776889815,8.283107225768946,176.9362987699096,83.62212763300847,216.72425811665354,0.2958547232126699,5,SS/FCC,0.1682770219530063,0.07425217839891728,0.2144806771435746,0.45031682121698696,0.09267330128751493
1.0417709347250792,7.393372989954264,12.348284048949743,-4.878516335245785,4.6733459779258375,0.1313341877336433,1846.3293585193715,7.726749034945152,168.2232730165996,90.9320889995478,231.1477529589439,0.2709911072211997,5,SS/BCC+FCC,0.3290577918566819,0.25144621498722414,0.2350692087291078,0.06591878019912163,0.11850800422786463
0.9237608964192774,7.02220065045627,11.138005587992273,-5.028036623277237,4.128071953191089,0.12033950024669088,1863.5383981686277,7.585704348478581,164.63639122803602,94.06702980586076,237.05331280362108,0.26002337531471476,5,SS/BCC+FCC,0.42420925768330503,0.32752940591631563,0.10483182994055933,0.08871044118044284,0.054719065279377095
1.1294526404377059,7.878734037162577,11.732339938827806,-5.2667360155719605,4.101284298709729,0.1343465994973037,1841.097849194842,8.12666066585976,174.36963728651438,87.24339542877709,224.3186292803882,0.28559089302934815,5,SS/BCC+FCC,0.2765517756757931,0.16017587458134322,0.06398497375841808,0.40656128887338555,0.09272608711106009
1.0941081795078715,8.015996580440397,12.299422217662736,-4.950760485871284,4.524527322828225,0.1330537255530026,1821.2120224202642,8.174419849212278,173.9338147871546,85.46487860303351,220.31040785962006,0.28889440587001713,5,SS/FCC,0.2240790329376486,0.15776376855023735,0.10836262437160059,0.39767073341509507,0.11212384072541837
0.8738960792980668,8.180266405603302,12.26713547133678,-3.676964206868734,5.839095249971744,0.13224017378693428,1750.2170840051008,8.115332232324816,167.21775595961796,80.9122417132954,209.02313884988712,0.29166572587705647,5,SS/FCC,0.05929944970301175,0.20967844889953247,0.3655035346331728,0.22249337961970858,0.14302518714457443
1.104930104506142,7.459133735396094,12.606056560401713,-4.839239220667992,4.906944483731945,0.12694591832628116,1883.6884470954544,7.807361157225842,173.89590186339058,92.07856028379099,234.79419863568148,0.27496671272896406,5,SS/BCC+FCC,0.37110215665394947,0.1669624027509676,0.20753242447115758,0.14050558079288936,0.11389743533103593
0.8997391057521305,7.879988337980709,12.36163562240451,-3.5623365595065337,6.245773049684573,0.12654852444104095,1799.8873775829009,7.995232848042449,168.47652409206742,84.52532817117462,217.24508313262052,0.28508867006509214,5,SS/BCC+FCC,0.15429161501324967,0.1795329528365255,0.3667003338256256,0.23084567580546503,0.06862942251913426
1.2064124461652297,8.148249684829558,12.95238151285461,-5.619902920205316,4.193848239087321,0.13581537621919662,1819.6672276987736,8.178185303108366,177.08867656107518,85.79397718227347,221.5964012635872,0.29144497400321545,5,SS/FCC,0.23025113704432923,0.1518202721560446,0.10425087145018688,0.26678320762461644,0.24689451172482282
0.9400210463733926,7.874132594770041,11.387993524760056,-5.318033934455891,3.675165662854072,0.15476006083745292,1716.2513609158818,8.051149912933774,158.0667430505196,81.52664093657106,208.6993839686821,0.2799459267005332,5,SS/BCC+FCC,0.10649044914480245,0.3895277843903826,0.09203154027902447,0.3472591749215531,0.06469105126423744
0.9299555731746014,7.630642130828881,12.561032117486468,-4.535815361682476,4.881395018268559,0.1426838907052013,1762.6824917416436,7.845105967124011,160.51812148213045,85.15800774915661,217.08478045199175,0.27459992424577173,5,SS/BCC+FCC,0.1738060628439686,0.33921006103895585,0.2523055687254162,0.15189229722754496,0.08278601016411445
1.0181289214867126,8.050193182555029,12.286430390460538,-5.32279709747214,4.049298222889206,0.1483321070576526,1754.2602848771019,8.154778377172011,165.9329174926832,82.35493680150745,211.9930574833127,0.2870695171211176,5,SS/FCC,0.13507044177362887,0.2780643767610683,0.10354104526499527,0.3682498295372603,0.11507430666304728
1.0185486344653372,8.43609400678134,11.924455434604388,-5.134339498341356,4.03245532354817,0.1462742864621595,1736.263663274989,8.343489102898682,170.29361937393176,79.85723021415774,207.18588036515982,0.2972268122093486,5,SS/FCC,0.07945514171814741,0.23621189359401504,0.07341171899149439,0.3906263075810377,0.22029493811530557
1.0691370621359766,8.463619434778531,11.826423143504629,-5.225266544838649,3.9087226822670575,0.1455875395405154,1726.9906146257053,8.19136240470857,170.87928464778582,80.33998967829817,208.36522142027388,0.29677152221839576,5,SS/FCC,0.055597723023502896,0.24152835822968166,0.2545622505163643,0.08028009740568438,0.36803157082476684
1.2064199686284294,8.084395930341715,12.126604630007929,-4.465504765440402,5.061599230214008,0.11305613729412725,1863.8853359610662,8.06379944253116,181.9017869760329,88.05495370749158,227.46167210903758,0.2915893003852975,5,SS/FCC,0.2606697980861876,0.054007748041429327,0.30471374639940213,0.10147414039044196,0.279134567082539
0.8807267468024293,8.30674952417857,11.640792097008152,-2.774894437432602,7.580313151027011,0.09560273689785795,1806.9712268550338,8.214574173586222,176.17140414634474,82.32782299334137,213.69563000202058,0.29783360128023895,5,SS/FCC,0.10122727282616711,0.05944986753110408,0.41395019155637486,0.28209139881069933,0.14328126927565457
1.0719845133121968,8.042393845764728,12.272189505760926,-4.511425047851621,4.8819511113661,0.13133590200103426,1794.6725315654735,7.993257470680325,171.97601407199278,84.82612375238287,218.54617962969914,0.28820091006197807,5,SS/FCC,0.15785064777425575,0.17878539101476795,0.36542996327956756,0.058987463534809256,0.23894653439659946
1.096001444671867,8.130012142664002,12.932021621989813,-5.669164563921698,4.018225901043073,0.14798422996639432,1761.5179259765678,8.156839986753964,168.8748609511439,82.8914903235796,213.70850745916732,0.2890859280302689,5,SS/FCC,0.14690227653467813,0.25688696807160616,0.11291981018685143,0.2858782266087636,0.19741271859810058
0.8372723258891207,7.55710368138116,11.656879660878673,-3.280033180633324,6.391134920378304,0.13055209964327416,1798.3492668483048,7.775414629072391,163.46870051857596,86.57510699317918,220.7539522079404,0.2749274004670446,5,SS/BCC+FCC,0.1906943016939357,0.2561694418662266,0.4101414609701772,0.09132786430406271,0.05166693116559784
1.2100728813917851,8.111212481960404,12.736679646415727,-5.289528045623915,4.433728526089078,0.1294659602776776,1841.3225793709348,8.18211005415799,179.04481876372785,86.74669680661667,224.05536499821446,0.2914345631955206,5,SS/FCC,0.2579548208462615,0.11511098618371993,0.10659513889558818,0.2984449983122146,0.22189405576221574
1.3627824328129008,8.54359677971825,10.699565188818056,-5.814112194071932,3.3917648211887053,0.12431118681638517,1843.0753259647825,8.317730531655165,188.4637282547917,86.52875394969686,225.13160806972044,0.3009063334056549,5,SS/FCC,0.26058028829681706,0.059057581340721726,0.0532324106463925,0.13044450177953168,0.4966852179365371
0.8618023746001338,7.623462681845443,11.894001272493245,-3.4331257896581504,6.214938331946284,0.13168824851564068,1793.901883365571,7.810101450995168,163.99920726181418,86.04433757790562,219.7086670129933,0.2767177550415,5,SS/BCC+FCC,0.17866901582193315,0.2508913273555019,0.40409490644800217,0.10099745990431597,0.06534729047024698
1.0786230124066578,8.091785331383928,12.805520903844448,-5.704031956388193,3.935625760383529,0.15016693256369745,1753.0672285653304,8.138880911578468,167.0799825282972,82.64847904470119,212.84915447014325,0.2876773833612948,5,SS/FCC,0.13972154043826196,0.2808024099327163,0.10798162685946297,0.29095802334595067,0.1805363994236082
1.1197455161031429,7.836408943788102,12.664598773210145,-4.62168858319618,5.041229548624315,0.12731261946363823,1839.6949250901607,7.929592021200238,174.41104848663946,87.99004699782905,225.9697094021317,0.2840640340134551,5,SS/BCC+FCC,0.24900332790119112,0.14747207400247878,0.320207813784359,0.08474589503097668,0.1985708892809943
1.087909887658303,8.502028794068323,11.87068060476488,-3.9465786779206242,5.4618103258160735,0.11137818950954122,1815.857940602866,8.40810559145752,181.54986733890172,82.95240689993395,215.96486991349556,0.3017396238665831,5,SS/FCC,0.16685758592792047,0.06418607076819868,0.11129818579448042,0.4153862783264385,0.24227187918296195
0.8493353168254156,7.539406358846113,10.196045948863409,-4.4290022647986795,3.8082224306528216,0.1473828002647119,1654.232401759733,7.746909276286825,145.7223415284931,81.51871031948848,206.1207180390979,0.2642540419939712,5,SS/BCC+FCC,0.07461078310829501,0.5909942118087969,0.1531343770166127,0.08289911926108968,0.09836150880520565
1.347860420413789,7.881932236240443,11.815807908220547,-5.793434697657988,3.8855521253026706,0.125852775911628,1905.1339157416494,8.052058583857427,184.48780546325912,91.75070412965879,236.110726108507,0.2866970795932195,5,SS/BCC+FCC,0.3911697334615359,0.06702953807536868,0.08078701576501245,0.19072618415728118,0.27028752854080174
1.0401557544004394,8.565795577686002,12.426494395410403,-4.675090318012741,4.671326242989362,0.1336807928312262,1757.4447038153098,8.380568760113748,175.52527107733002,80.41622445726438,209.28728629703346,0.30127525701144475,5,SS/FCC,0.09069304971507423,0.16645231395392548,0.11898923226332894,0.3340968170652659,0.2897685870024054
0.9559009169560052,8.696056261448893,11.832159608795385,-3.1653019740476127,6.665516743962152,0.09647198383153036,1783.138553805864,8.380503440012657,180.88684864740952,80.60551304707973,210.54298281706403,0.30600857719304475,5,SS/FCC,0.07283921138877321,0.05835399086088927,0.30340584384353186,0.23071323272628114,0.3346877211805244
1.0657799704263733,8.029979613924636,12.569590854279435,-5.4653443959558246,3.98550706302865,0.15157571481281448,1732.9261493071676,7.99898285116069,164.0977265507938,82.52462011527659,212.03053029625522,0.2846501444058453,5,SS/FCC,0.10863337764507106,0.3231075905862289,0.23559496488706494,0.09497417396226393,0.23768989291937134
1.0666590900077757,8.58392132199642,12.30096274531219,-5.143210903872111,4.169171257394492,0.1414745053610519,1743.1913000862114,8.368586868014818,174.40693602600084,80.09377318738701,208.3824758945452,0.30086564536680355,5,SS/FCC,0.08206833662250568,0.19972420784660266,0.09782101794290529,0.2929906720879379,0.32739576550004845
1.1568923329748955,7.834966138992174,12.953931381395327,-6.319422655518755,3.6556884902927957,0.14877112436215587,1783.3847997638177,7.9826442908373005,167.48232719995897,86.02897544277134,220.35734097910364,0.2807158276904677,5,SS/BCC+FCC,0.2237122126529539,0.29435747873523443,0.10102991091134328,0.18505275236762322,0.19584764533284527
0.9716073354514079,7.833506367094509,12.42050111859574,-4.743316966259947,4.541964677770033,0.14817521652746515,1734.5501966848524,7.904484456658109,160.56190175462478,83.11082543968432,212.64275393357076,0.27927230182481544,5,SS/BCC+FCC,0.1150560244933441,0.34816490276434636,0.28011507534874164,0.10154467594159164,0.1551193214519763
1.1245148150388482,7.6150715142326035,13.023892962549986,-5.220337482641025,4.615941308161213,0.13334132310824512,1850.1976416649202,7.872985517916444,172.18019812738,89.80049678664439,229.502515967894,0.277846583149565,5,SS/BCC+FCC,0.31175832888204463,0.19705769425891045,0.1996838706163007,0.14735434622988458,0.14414576001285961
0.9145187554076688,7.846643350033284,11.99163468407808,-4.897946555935614,4.17556677817504,0.15384580163640446,1705.497843672905,7.976369040223878,156.49217279563965,81.34868882589025,208.00409297843598,0.2784723145546019,5,SS/BCC+FCC,0.08505012017408885,0.4072842000973175,0.17514813847340588,0.24100729203159418,0.0915102492235935
0.9262543070774345,7.7242393395194044,10.748386247681026,-2.841600543302636,6.999380843088141,0.11009234454111566,1850.4593105940285,7.839223109918736,172.90228318609394,87.88105891012765,225.44716058492983,0.28268345523399663,5,SS/BCC+FCC,0.21749950555309447,0.10228709210153533,0.5238272849019954,0.05124679215962222,0.10513932528375267
0.7895260453914661,7.639071581939639,11.444521358828581,-3.3575077040733463,5.9377054121738135,0.14039032755697425,1741.9599281203632,7.803881008637481,157.5282572365494,83.63281344437985,213.17337910902057,0.27446016897896114,5,SS/BCC+FCC,0.11319980086078417,0.3485399452465974,0.37936384424336483,0.10378169039070244,0.05511471925855112
1.3351214829124456,7.672475626456982,11.638701060658656,-7.097111307529998,3.0643663984625595,0.14021752739111645,1868.606502389128,7.884512133698351,177.09693719135316,91.93593958014769,235.121742745641,0.2787259466721776,5,SS/BCC+FCC,0.3843748867830191,0.1973817160045053,0.06888169074923066,0.06011629689896508,0.2892454095642799
1.0637299634105528,7.706751260235131,12.896859268120002,-5.006481900929901,4.710462686401082,0.13552361792953563,1828.5731746511535,7.963520275551121,170.17273171414163,87.70396097437414,224.53766082881702,0.28008848365710526,5,SS/BCC+FCC,0.2641278865557934,0.2091230469005965,0.17312153885454082,0.2631249751308229,0.09050255255824634
1.0475366705648814,8.389897961829876,11.581808140770342,-4.349087548003675,4.706081785740521,0.12712961738374567,1767.182304486996,8.143838432386886,174.40577442160074,81.99876143784924,212.66704680338748,0.29676987233873003,5,SS/FCC,0.08605376282053144,0.15642319294016785,0.3712515646369384,0.054114278793619096,0.3321572008087433
1.2532921974259577,7.883595553765976,12.8683754975566,-5.663593888134499,4.225425189560974,0.13159221779811864,1859.6827943306614,7.996070486778866,178.41856545333508,89.3887639689421,229.7907760828931,0.28534485700425016,5,SS/BCC+FCC,0.3090706469179773,0.13298924194079118,0.1771493932572964,0.12685534622514563,0.2539353716587892
1.1785404389117078,8.352863584116605,12.881659811674782,-4.833335164191154,4.8488001202072,0.12277873795271799,1819.3215250640058,8.246364936684195,180.47724438548178,84.68764728660128,219.69889966453667,0.29711301886229186,5,SS/FCC,0.19366754112230247,0.09620379884340197,0.17873208014565717,0.2263906945726649,0.3050058853159734
0.9802207385674117,7.993880807900329,12.723934323656064,-3.814579044871209,6.056903201416322,0.12191624843075018,1815.8331769194833,8.074047194327004,172.60658825049305,84.87258768777289,218.76187683049264,0.28876638965733126,5,SS/BCC+FCC,0.17446949567262487,0.13471057498306818,0.3210318895064116,0.26204570544714456,0.10774233439075079
1.0491183457714237,7.973880336556076,12.52241672278289,-3.8106068721416877,6.081575083992424,0.1140118661373788,1850.641006693167,8.092987319810971,176.87102711787935,86.67051217478816,223.5042758775892,0.28939053358106887,5,SS/BCC+FCC,0.23078418869947556,0.08100409008722782,0.2858608979539107,0.288248842476515,0.11410198078287072
1.0491485032659171,8.003247185278877,11.817317881994976,-5.439481514594201,3.7200123404300864,0.1547808968521493,1712.3125807315664,7.958109361475544,161.17127721394962,81.88730165523756,210.08258024837528,0.28275432211007684,5,SS/FCC,0.08570930982299055,0.3687822132254504,0.24823260852717402,0.05110371869846183,0.2461721497259232
1.0057726065041621,7.768295639621729,12.291921968366887,-5.232356675903974,4.055211622383681,0.15092513179160533,1726.2001592915533,7.872603070574131,158.77655517063454,83.47605130769168,213.08528156989763,0.2763258337679867,5,SS/BCC+FCC,0.129488665822403,0.3937542918727829,0.22215216080874067,0.08818249985282976,0.16642238164324372
1.131649505672649,8.1962934215209,11.562654898214731,-4.2501463934155925,5.0335475869766615,0.11565267494937914,1850.2082216191823,8.292154625565479,180.57193393257901,85.76115503019368,222.11894327629315,0.2949857263354977,5,SS/FCC,0.24138515490019674,0.06300073730211515,0.10091194051895379,0.4473398659340595,0.14736230134467473
1.2577341838921985,7.437094877643085,11.262078997966725,-4.859160994584796,4.539345625654035,0.11674438604030109,1958.5562975046714,7.82500641298904,183.84155029586478,96.2101775529819,245.75929341867922,0.27720008251383926,5,SS/BCC+FCC,0.49414620797918696,0.05078459930298972,0.15251101705198072,0.12894445842723648,0.17361371723860602
1.00550388941628,7.531782266964704,12.597924182619803,-5.258815635589204,4.256096333470891,0.14234074026660243,1776.6443008130948,7.797019124826834,161.31414651619488,86.94732128700086,221.1153623473235,0.2715478698731433,5,SS/BCC+FCC,0.22777045060123982,0.35607972437871116,0.18561641223882253,0.1176639330165581,0.11286947976466846
1.0368602348944524,8.17947103253864,13.127036028204925,-4.66541448473073,4.9815448979614585,0.13647459306800425,1770.4664369698448,8.120890998758988,170.69367231383293,82.73250174073358,213.6757603594863,0.29136527884229585,5,SS/FCC,0.12036208168270987,0.20156074725554915,0.27101208903813884,0.1923742208875952,0.21469086113600708
1.1525722230289488,7.590343501149045,12.447052211592908,-4.649302898979967,5.091197989784288,0.12193336391085441,1901.6973868187729,7.90871306753842,178.10199820626664,91.95635056997011,235.36220753297798,0.2797496098645712,5,SS/BCC+FCC,0.37711633901454755,0.10147349679007263,0.19264543880688723,0.2114797748087716,0.11728495057972092
0.8293729717028004,7.379171697378352,10.068051323439647,-4.723187611132918,3.571852120136739,0.13917619318954083,1675.6501047232612,7.709223738835416,145.81976275231477,83.36720475597987,210.06856532325196,0.25989929696055863,5,SS/BCC+FCC,0.13356831666185315,0.597061733245793,0.08277813033338548,0.12981357557008327,0.05677824418888495
1.1280129120826745,7.313876440760368,11.581696431105497,-4.4575617000508085,5.048141650065691,0.117719512796775,1942.9284870107635,7.786690765620538,179.12068390659178,95.52272127665287,243.31578676503304,0.2736016285609261,5,SS/BCC+FCC,0.4734309500183371,0.09495105059197058,0.1602009601940232,0.18714468700232606,0.08427235219334316
1.2329448630490005,8.30881371241324,12.71136432651457,-6.257835828696458,3.621210229714913,0.1450026988363836,1782.7309608846629,8.193408651385509,175.82933326051779,84.0908527229051,217.58559270526953,0.29375304007353964,5,SS/FCC,0.18001994811574853,0.19999323300882768,0.1051527304327131,0.16082133523185663,0.3540127532108541
1.051772152071981,7.910920256572156,11.612070700384,-6.257154855979358,3.1354643648250247,0.16086628152674018,1689.5426937876566,7.9948302165152745,156.50370783105487,81.34046712298836,207.9884387462085,0.27850531293191344,5,SS/BCC+FCC,0.09624929754241496,0.4569338897626472,0.06865296668956063,0.19597495059112083,0.1821888954142564
0.9119707322253857,7.367897501074518,11.746589751072928,-4.5450246614990055,4.583821374675188,0.13640144743665764,1773.5858846797173,7.6825938751257485,158.27528570411334,87.66917408594475,222.01577837413222,0.26621347063497736,5,SS/BCC+FCC,0.23417903852374278,0.3914425245263862,0.23536534764887185,0.05032807595360806,0.0886850133473911
0.989360393648309,7.684255635744938,10.798012223427044,-5.494765689235135,3.287539223450517,0.15400128435876617,1672.9246680586418,7.809617778474196,151.00377105155928,82.05472467607187,208.41381781632106,0.2699684182664557,5,SS/BCC+FCC,0.09342297082032758,0.5331836814392175,0.14427240080219314,0.053956635051711895,0.17516431188654977
1.0373680332207702,8.487673135932283,12.237340761399746,-4.002064734908673,5.4492670267452485,0.11621290773949201,1782.1130647023283,8.237951632756063,177.66360884227498,81.93903897634398,213.0621322469671,0.30012589181378346,5,SS/FCC,0.09656394030791045,0.10811728025050353,0.3313015907085669,0.13911608066742998,0.3249011080655891
1.137505861462106,7.604984177564103,12.032453720247387,-4.026317502192344,5.723716906925545,0.11327678401679037,1915.2791125958008,7.8931730622549665,179.9809021623989,92.30334395202634,236.4831728880842,0.2810108646280124,5,SS/BCC+FCC,0.37638901223446464,0.058474638391672315,0.27034805225377495,0.17333975381547298,0.12144854330461523
1.0591136481196088,7.901081315047472,12.958186322880428,-5.338807131351662,4.329970686384516,0.1437855126576424,1783.9597404280435,8.054784439725442,167.63492755984873,84.729856766923,217.5384874042308,0.28371801691251003,5,SS/BCC+FCC,0.18958337152933913,0.25466901248352414,0.14358455015160076,0.2894090610813965,0.12275400475413946
1.1359905188092574,8.04810304121722,12.591221461613282,-4.351233499604043,5.32942410382759,0.11846046536807316,1841.725530306473,8.04297828549626,178.06039432939286,86.86982151719431,224.15658466401533,0.2901867458058927,5,SS/FCC,0.22385084056512958,0.09332329996750027,0.3295240664839413,0.11747556365187836,0.23582622933155042
1.1984851071154015,7.6464992856048974,11.412177954814528,-5.371752853819575,4.028576602198313,0.1287005782330396,1896.2657236813004,8.008559887019556,178.22081531059334,91.46589448031574,234.31320244982308,0.2808774449816884,5,SS/BCC+FCC,0.3881792947312707,0.11968465215550228,0.05119720104164788,0.3393351769202185,0.10160367515136073
1.0323087545463812,8.361575690483502,11.648468167617095,-3.876140337396449,5.45223257020872,0.11505434186351052,1814.2835386061388,8.367699753211918,178.3149655158153,82.93931842122026,215.41883109024874,0.2986532515025661,5,SS/FCC,0.1644473379807303,0.08403621634409375,0.12528623743760253,0.4779538336860905,0.14827637455148282
1.0489820296250447,8.215915033528532,13.13227814029191,-4.384652798732125,5.3782296645812675,0.1270560561515133,1795.7032951432657,8.177792113507337,174.27751544801905,83.44085273403388,215.8708937439389,0.293556373590903,5,SS/FCC,0.1474422483813652,0.1442870503411069,0.25239983975750047,0.2566551424076857,0.19921571911234165
0.9147290142367016,7.992861613454254,11.94914336611374,-4.75123935585146,4.355363679219563,0.1493019092969679,1731.7877142391221,8.106256522029282,161.6963861965075,81.22185965416197,208.71840184695068,0.2848659384041542,5,SS/BCC+FCC,0.09338542795353483,0.31689479373480645,0.16400698453711077,0.35489832445296654,0.07081446932158142
1.120544790300517,7.861592125479025,12.887319689011505,-5.811485145183913,3.986461844599212,0.14453596568309326,1797.6792954043358,8.040787942509505,169.12611572980487,85.94028506289956,220.47633811872953,0.2827298510667216,5,SS/BCC+FCC,0.22721553303703526,0.2507761950328401,0.10047098082887108,0.27627519561657227,0.14526209548468136
1.1075138684433243,8.832825267737778,10.84106622581355,-5.7237506013673825,3.253890509771256,0.14800813459081952,1717.9547313926419,8.410165874851794,176.75195516037363,79.06601122210596,206.41905935278453,0.30535900421818735,5,SS/FCC,0.0532701026769678,0.22042442930337747,0.07750312042978642,0.13781479278464667,0.5109875548052217
1.0354810540437283,7.2501164655764265,12.11930909599579,-4.967152429946707,4.592091778965989,0.12670637220772468,1882.0895027800943,7.716597059746434,170.36482890077247,93.26873033203812,236.62492609168876,0.268511564643908,5,SS/BCC+FCC,0.40557086703732903,0.22731979393417395,0.15189347753143792,0.14185372940885982,0.0733621320881993
1.0264665636495778,8.086911344523301,12.242895741161135,-4.825009474759448,4.539461460528945,0.13741087269272415,1789.0333757544256,8.20158493611696,170.69778845848285,83.400297920615,215.15966601100058,0.28992144737781045,5,SS/FCC,0.16628264227511422,0.19579143960248785,0.12356054008085737,0.41346268740706504,0.10090269063447563
1.135028401691669,8.40841008850899,12.24348884594187,-5.84537331312326,3.633656336201494,0.14987343706668435,1734.806285823494,8.184819124542491,171.22757265043117,81.28052758369756,210.5293191086035,0.29507844847472026,5,SS/FCC,0.08967659312766878,0.25410984098396217,0.1864206180993806,0.09771277982968643,0.3720801679593019
0.9712772968303615,7.8374323197120574,11.167235445560474,-2.9967032406376304,6.910219131957415,0.10585928840045326,1854.3428297380867,7.9123918524698045,175.27629584318547,87.49608616510868,225.0420492788887,0.2860120900392342,5,SS/BCC+FCC,0.2146345908550064,0.07394472578891982,0.4982122604872269,0.0857706185267039,0.127437804342143
1.1489662952144464,8.461995666732324,12.377448532430535,-5.130339187290568,4.288183194844539,0.132157865600594,1777.4130522403339,8.219743869733861,177.4652422312331,82.72824388397257,214.80627789226932,0.2982644608867674,5,SS/FCC,0.12701608201073936,0.15169064391411607,0.23680160341171766,0.10126486665893514,0.38322680400449183
1.2998749915252734,8.215476794621793,12.065752038199168,-5.335799186690919,4.2183927965122985,0.12249570906180174,1865.4867926927316,8.221123709808074,184.55848039384878,87.93346748685966,227.6461599003711,0.2944227403200574,5,SS/FCC,0.2945375605364114,0.06126469900367728,0.08566092439376517,0.251257017433998,0.30727979863214816
1.0951624068914119,7.692518123424158,12.562536224106813,-6.233457723831662,3.5490624711979253,0.1499084591860564,1761.0245278385405,7.901497548231626,162.2014212999916,85.73230628326239,218.6704884752929,0.2753097283583994,5,SS/BCC+FCC,0.21087722424229136,0.3681975004446026,0.095360314344012,0.1686598495848442,0.1569051113842498
0.9669381373854744,8.048247846961454,10.751562718891119,-5.145575752731638,3.6606128640482494,0.14832183415972844,1751.9280635270975,8.208983708276543,164.98287624787974,81.73593471072277,210.4534681585252,0.2873986754011895,5,SS/FCC,0.12889945724600593,0.27950201641085753,0.058499762964741776,0.48064874889246534,0.05245001448592934
1.2559239830992635,8.262710910190304,12.778373523678052,-5.613373393489727,4.160667156665788,0.13108158898667563,1827.727326469556,8.196104783313043,180.61144422274154,86.08128398755954,222.84106571373135,0.29436420666039526,5,SS/FCC,0.23421497009079686,0.11716303970005691,0.13054389065807864,0.18785230903017974,0.33022579052088785
0.7786265560063069,7.86632841579239,11.515214557269568,-3.165053710981826,6.372012826557699,0.13519658678104257,1751.4019486854577,7.941742098782146,161.88806688673216,82.26433560983003,211.0450888373444,0.2827252981067408,5,SS/BCC+FCC,0.07996090718501156,0.2631045513970593,0.422632609587473,0.17924908210144042,0.05505284972901574
0.8488292838136106,8.437663427947264,11.072978932650743,-2.7278784425407148,7.303790488709396,0.09579571752741628,1799.3224811460218,8.377893080614738,176.82260875332446,80.96834132491844,210.73876045715787,0.3013651818028655,5,SS/FCC,0.09374487295365248,0.058813140448424193,0.2683461896591983,0.4742252795744557,0.10487051736426921
1.0830603455192755,8.399859831126985,13.00926815789537,-4.694979344820867,4.927505740681147,0.12997017971176628,1778.312378582921,8.24129757103495,175.70563617293442,82.31754569939332,213.59624438160265,0.29739196283628294,5,SS/FCC,0.12105787567296582,0.1511221187135966,0.22568306275590402,0.21117618452855325,0.2909607583289803
1.187725390955221,8.37930289712975,12.629632391555756,-4.646871095044597,4.964433407833549,0.11707087919449957,1826.5842073117658,8.236762129309371,182.02267281332382,84.99704654678312,220.6468303645967,0.2979676313997025,5,SS/FCC,0.19652147953937657,0.07378322668555444,0.21557758366835483,0.18210633731937356,0.3320113727873408
1.1706583715991252,8.511300730931186,11.46980748582533,-4.308263575479483,4.871733534153114,0.11313416099490889,1829.910138623137,8.412382100964791,184.06190203846035,84.08903551560063,218.92789583500124,0.30176243842388095,5,SS/FCC,0.20366753381734376,0.05257739947389126,0.0630708042100404,0.39015532695768573,0.29052893554103887
1.0040174054918403,7.477544810794454,11.047812254299014,-6.077583188463566,3.1195294544395034,0.14572455474969045,1716.104731990747,7.769815503831494,153.13066931594506,85.13292421346767,215.4688390942798,0.26548477621889033,5,SS/BCC+FCC,0.18978514625306922,0.5117621738144694,0.05300563386305271,0.12201681502375634,0.1234302310456524
0.8430437105882878,7.1876172718536315,11.020741270798483,-4.617913875331763,4.205413374257892,0.12894745310616512,1762.153788090664,7.608669890101874,154.05259460268508,88.39122006381561,222.59975089678105,0.2591734265918674,5,SS/BCC+FCC,0.25960533757357995,0.46992149308766157,0.15263053972150925,0.05893581914604579,0.05890681047120345
0.9183990934086453,8.076661069211312,12.03087511239611,-3.6728470237584716,5.7840582451305576,0.1301953179561183,1765.787334376264,8.015506481807677,167.9406080776417,82.4784687809047,212.6271456604248,0.2889857729127235,5,SS/FCC,0.08769683171051038,0.2007253258726202,0.4283114991132151,0.11375262810235535,0.169513715201299
0.9604361954096856,8.096866957359921,12.093176854356647,-4.161073800311316,5.212391504244575,0.12976399854510273,1793.5031628893473,8.200957464555213,171.0001465707788,83.07185700081622,214.48354203406507,0.2909518926003883,5,SS/FCC,0.1495123782359317,0.16674568280268567,0.19318546031189093,0.41847556066451463,0.07208091798497707
1.1744095000635526,7.751854214642961,12.622706395207073,-4.927737515301064,4.819048253593673,0.12528315457638384,1881.2930399256352,8.005903290775702,178.02969707919954,90.13967437959096,231.37006539380988,0.28339749941561626,5,SS/BCC+FCC,0.33709705737254914,0.10799962189631376,0.15558112081881367,0.2645964485402737,0.1347257513720497
1.1801161905779072,8.083274241649306,13.041199646234004,-5.923869342494476,3.9245590001901216,0.14484431461627292,1782.7024583056425,8.056080479783365,171.75782241702882,84.86140626954557,218.58501966962538,0.28789416342767793,5,SS/FCC,0.18355224084780844,0.23138368598561734,0.18713544444084804,0.11409484812091367,0.2838337806048126
0.7401328737062005,7.525762400927812,10.355632032693604,-3.335598334160739,5.2211357944788706,0.14477168600237542,1681.753177849884,7.727707055638857,148.38725299124368,82.07510533729557,207.8953544398847,0.2664945941008462,5,SS/BCC+FCC,0.0740767306855045,0.5097607480513346,0.28818487857288116,0.07227867503040245,0.05569896765987717
0.9844635652014941,7.965797023314707,12.846878762737527,-4.754967691072097,4.77940431482872,0.14204662439539723,1768.9836028422837,8.076328671768103,166.35822888919444,83.27924344592367,214.10980597617032,0.28549322206078787,5,SS/BCC+FCC,0.14383290157759024,0.2522474274907897,0.20189338622847922,0.2983423154456057,0.10368396925753524
1.0307254900639005,8.860048763581057,11.338861830598097,-4.624571586898311,4.264298079977624,0.13298387042100404,1739.200662081567,8.497304161815729,178.95523877882957,78.97628417281706,206.54482484615554,0.3076382803361014,5,SS/FCC,0.061214796096878105,0.1594825887603938,0.06588795556348645,0.2848683746232774,0.42854628495596425
1.1747086095476775,7.936343107457892,12.778029842738738,-6.547478813288317,3.4356293324814065,0.15290579747501193,1760.4211272949956,7.9946386858129665,166.57562473569902,84.80928951657556,217.51339156089236,0.28236772646456637,5,SS/BCC+FCC,0.18677614280455607,0.31918300892472445,0.11580927687167515,0.12738474080636084,0.2508468305926836
0.9205236219578299,8.14921837443473,12.559122846842731,-4.35852383352074,4.992422009747035,0.14390070807982633,1732.5728535546712,8.119229882890307,164.71360883557426,80.6442643365061,207.988815648334,0.28954499963230185,5,SS/FCC,0.06328181312040299,0.2697416570514945,0.26943475694813274,0.24955988803290807,0.14798188484706168
1.1327108107313677,8.85974079353349,10.578759286421436,-4.717067524156697,3.966974116762826,0.12050407719959919,1768.873668043946,8.390140254562004,183.8838211822558,81.20205081925629,212.3488097667424,0.30753353901984154,5,SS/FCC,0.09743183551585435,0.10262361991636784,0.19212492238035553,0.05841115989327961,0.5494084622941428
0.9274190442006555,8.05778413885055,12.211174565704185,-3.268152518015722,6.7722467381979,0.1131780021453331,1812.499025644355,8.071054895727652,173.07215145222358,84.14883091745298,217.23883703734543,0.2908012783353402,5,SS/FCC,0.14258225576946165,0.1096109619743366,0.41279300108369543,0.21746794998120136,0.11754583119130496
1.194167590368621,8.186662095936063,13.055594841679671,-5.134305127292252,4.637830692321702,0.12816543210122638,1823.8956424192957,8.137471501633836,178.46569805348733,85.85442606298227,221.96908372185086,0.2927061183719039,5,SS/FCC,0.2147213064612436,0.12150800196497884,0.21321247217785833,0.16350372796830775,0.2870544914276113
1.0897867447698386,7.761340019632337,12.379425034405067,-3.8695908376457404,6.020767317023777,0.11376521678121583,1881.986602897112,7.958001785422765,177.89275867759432,89.60550227114085,230.17048561046929,0.2843546421624156,5,SS/BCC+FCC,0.2999829510715071,0.07323518124909376,0.3131855334923936,0.19265156534956615,0.12094476883743951
1.0674241622171845,7.99585798147208,11.973493812128078,-5.840100227225627,3.605300330437624,0.15106435066049276,1758.4941550626245,8.135260453681193,165.88436224651238,83.15862757656444,213.7567821848955,0.28523514886106593,5,SS/BCC+FCC,0.16193551943518164,0.2951895115496851,0.05355064876017767,0.36373010861778543,0.12559421163717038
1.0610019888599913,8.112176972729229,12.507692715698344,-3.7421524891241282,6.13862750449022,0.11028610781756351,1836.6046285682862,8.09682201924226,177.80819166892758,85.67615357852316,221.45878869471713,0.29241789835807513,5,SS/FCC,0.1920301595998693,0.07312031405081146,0.35849473233683593,0.18335198204518766,0.19300281196729563
0.9558062274580519,9.118200200756393,10.165821611232913,-3.1921513081896546,5.606254715130986,0.10352252566472864,1760.4104826539528,8.636969899759158,186.1978949384862,78.82545302214356,207.2328754213137,0.3145048171375435,5,SS/FCC,0.06721971734014612,0.06881801855101767,0.05048710805684729,0.30549265811627596,0.507982497935713
1.165674433526156,8.225932172512643,13.183366522254584,-5.3225987787535365,4.45404626142761,0.13503176056585842,1798.2588594205522,8.152567495634528,175.78122772330246,84.49109601535437,218.46998871393617,0.29285805852390734,5,SS/FCC,0.1790007418848604,0.1628230031320565,0.1988992403750501,0.17179736980164623,0.28747964480638677
1.0333680606461346,8.454577611334415,11.43010287178056,-3.8379844210007636,5.320196585570162,0.11220230599095202,1786.4088505001805,8.185464300956067,177.7610834504799,82.31716683065234,213.9295152923217,0.29942224404072343,5,SS/FCC,0.09484603092069127,0.09818012010243843,0.399391146139197,0.07271561239710975,0.3348670904405635
1.0776218121326584,8.123114140895106,13.024435892138465,-5.4472768681937715,4.217934125181431,0.14599153372275128,1764.0886254020807,8.15203374849484,168.95049482883567,82.88832556922141,213.71494756674525,0.2891739946433613,5,SS/FCC,0.14411645563554157,0.2476434428564316,0.135292897357427,0.2869039132785799,0.18604329087202007
0.9986216048592721,8.3868736426727,12.79496115888945,-4.0691484830626745,5.577342622146198,0.12402680175090544,1773.7483190405762,8.230401122318339,174.3571377160692,81.60571708289537,211.77723923116852,0.29756374186409296,5,SS/FCC,0.09324280603718303,0.14251218311881383,0.29429121023886395,0.22403616334439763,0.24591763726074156
1.1596960295593077,8.735945906261064,10.842655730961756,-6.1835039163736605,3.0185025160614054,0.15155866135692156,1721.4348229145853,8.34068782791756,175.81914602917016,79.90986969789861,208.18895555530395,0.3026485735890188,5,SS/FCC,0.06966278603692236,0.23633444031629303,0.09505216876901669,0.08629529110433347,0.5126553137734344
1.129960132047614,8.324365738675652,13.0560460855406,-5.301153119452573,4.385589532836666,0.13801516917154408,1780.6835136690265,8.241710468954885,174.82166049670928,82.95937743047304,214.88743928127283,0.29513652306134214,5,SS/FCC,0.15030420337873152,0.1782495344165408,0.13780421750158686,0.2640604095566273,0.26958163514651357
1.2138062049778564,7.409389180435592,10.909598511240155,-4.877202222753157,4.3705354588614345,0.11906886070101486,1953.8748014561747,7.877917240627612,182.17315857925826,95.65934505727735,244.22961370197643,0.27655909391675537,5,SS/BCC+FCC,0.49354480535692224,0.06716992591111873,0.07806371137842345,0.2587943976465153,0.10242715970702021
1.2462327420280404,7.664736506405345,12.496519404977196,-6.211452646359922,3.760540681288824,0.1365292741639926,1869.194402864924,7.93780461568846,175.9819248835781,91.01215221251084,232.88892079936548,0.2794385976917473,5,SS/BCC+FCC,0.36435261006082836,0.1788292651145138,0.07590973535034971,0.18954578730709978,0.19136260216720827
1.1471060211579014,7.9878687899543745,12.509568309900875,-4.096345244753782,5.711098253797803,0.11140887145120827,1870.1393450042956,8.064191050482686,180.39321150257297,88.18455919339257,227.4852366458366,0.2898246514276472,5,SS/BCC+FCC,0.26853355878686874,0.053589004767233134,0.29102666837493174,0.19517662384658635,0.19167414422437995
1.154309179895836,7.836546523614959,12.848057325400346,-4.563547291405913,5.270375570729914,0.12123824773137441,1872.003900801596,8.008950997614347,178.21674216717668,89.19043818396601,229.31667015103196,0.2855451482256356,5,SS/BCC+FCC,0.30051824479134015,0.09418088576074912,0.23331522746986674,0.212207384997699,0.15977825698034487
0.9244517350596771,8.006186511414908,11.612547564444647,-4.8080679454038435,4.20794749692197,0.14782811957653041,1742.26211531629,8.142973847560551,163.09310414229623,81.49161836312817,209.57004386721908,0.28583802896986943,5,SS/FCC,0.10783951667463697,0.2959930198765943,0.13404681443053668,0.40638273339568753,0.05573791562254459
1.0886038273539074,8.90297722592081,11.213373829565116,-4.7280735101782625,4.15546910616987,0.12743258597018503,1752.137033629689,8.459157355278036,182.10553925789446,79.99680996047645,209.3372968630094,0.30841027890009265,5,SS/FCC,0.07870338398366968,0.13091731521639782,0.11551041649493293,0.15843645950545174,0.5164324247995479
1.0529766696337586,7.917662859666057,12.03454598708702,-6.139162590353303,3.342768424849016,0.15892555910262487,1705.2410807051203,8.0082055501386,158.48881603583348,81.85413689295169,209.49645560659818,0.27969375500578736,5,SS/BCC+FCC,0.11026949035976953,0.42097865154330805,0.08362675481946197,0.21106971462601568,0.17405538865144474
0.9622330608171711,7.8518592991183995,12.120367697423493,-4.772793099521726,4.360429025076127,0.151006131915292,1717.0625876878828,7.903628116498988,158.6905056378468,82.31392234023463,210.53905304544844,0.27887875501309967,5,SS/BCC+FCC,0.09309686099618665,0.3795302958947095,0.2727145303639931,0.09173330848473839,0.1629250042603723
1.0499376125787252,7.67218526883414,12.467710011121326,-4.13969884411241,5.631889980308561,0.1219710997106435,1869.9772494503775,7.949214362163131,174.63048401206112,89.37384054700946,229.04699645237832,0.2813984217893301,5,SS/BCC+FCC,0.30184959782060095,0.12164896097911264,0.24902860075185146,0.25741225544241664,0.07006058500601837
1.0072304269884738,8.68736580966008,11.425960882140531,-3.526901162384983,5.803899083242054,0.10812704062744967,1791.5153428317903,8.502902687939827,181.40977753294578,80.85667750056089,211.1928994793482,0.30597067556902263,5,SS/FCC,0.11591314573397961,0.07028243243850925,0.09541897871357986,0.4472963526613151,0.2710890904526162
1.0930058603260981,7.743807167047549,11.91844960759271,-6.509194029790833,3.1511576271580686,0.15515416448382477,1720.987229053502,7.901691831593557,158.16731393022397,83.95569804042,214.0026686175492,0.27449758391931184,5,SS/BCC+FCC,0.16253538974523052,0.4405415667564561,0.07245246422359858,0.13952164525496416,0.18494893401975068
1.1971674726259662,8.537831032426471,11.122563900958268,-6.902958287850512,2.761571765925785,0.16069254964614088,1713.9049629573954,8.265855495834955,171.3759900816948,80.46370430094365,208.7246226693127,0.29701102181834826,5,SS/FCC,0.08685459985264946,0.29815852363951545,0.05027179162701981,0.11973141399034479,0.44498367089047053
0.7847252397321798,8.221258280534444,11.48044109236398,-2.940015049563026,6.912417310210379,0.11609552580557102,1770.1948618344497,8.17842922447852,169.63641045275745,80.78689783887592,209.15788342875445,0.2945037439480959,5,SS/FCC,0.05826202009321786,0.1433659066317489,0.40002215681782527,0.3155516055617856,0.08279831089542236
0.9444237076091442,7.859261308174204,12.774435410405298,-4.105330822533107,5.572556330760096,0.13393493276102164,1790.8574510379804,7.993102794026169,167.2826484154578,84.5854088217319,217.15518048491228,0.2836444459503528,5,SS/BCC+FCC,0.16321192520417588,0.21681657907422777,0.30089190691659645,0.23565743995321717,0.08342214885178278
1.3092865818044486,7.784843786903907,12.402301555393116,-6.2992772751310095,3.6961490458462025,0.13481862482683177,1877.31859946758,7.974740643310168,179.41204011696607,91.10417742741242,233.74742971042087,0.2828579122876115,5,SS/BCC+FCC,0.36602264676186036,0.14115893387738074,0.09167577831053132,0.1442372677954451,0.25690537325478235
0.973509226639863,8.605914275162249,12.090347187254691,-3.3970735920554826,6.347527466406916,0.10337082943622837,1783.49090762558,8.330217400701146,179.38669486764394,81.0232843074032,211.26292982197555,0.30371739203043024,5,SS/FCC,0.07979952850461207,0.07454710960371508,0.3173384561150421,0.21656936977807412,0.31174553599855676
1.3147020538875407,7.829128510152035,12.153435025384441,-6.000077246112999,3.8077419430216706,0.13103307771323827,1879.8594431465003,7.953670675144,180.6686585821019,91.09639941986336,233.9659182683319,0.28416666168101135,5,SS/BCC+FCC,0.35454107858329903,0.1185197376384222,0.16386076309986788,0.06942643639976534,0.2936519842786455
0.876044487470862,8.052058273964253,11.732371751224312,-2.9518651869735337,7.182777301358872,0.11033658647524924,1807.187659411636,8.04857622467951,172.12308793830502,83.72715641656299,216.13591747536154,0.2907157410197518,5,SS/FCC,0.12268124592379634,0.1092916532905525,0.46800683101652374,0.19332812043585498,0.10669214933327235
1.07957231634453,8.543225044429308,12.26308734979867,-4.5124523618520715,4.84926108360756,0.12588489408559508,1784.3846215107162,8.398027712406968,178.5404716019576,81.68249170600629,212.62246023838244,0.301517961790751,5,SS/FCC,0.13065831252381205,0.12259309789497194,0.09817507946040353,0.3700122528697212,0.27856125725109127
1.2073433254356043,7.846981293837903,12.798044913771625,-6.675075484899193,3.436712623137322,0.14902758771075045,1792.4862563480078,7.980533824344293,169.2242964047975,86.73305056515031,222.2320577101841,0.2811267231010887,5,SS/BCC+FCC,0.2443584021196612,0.28340873074710976,0.08477569946053679,0.15580750652105027,0.2316496611516421
0.9469160610844964,8.2417373663868,11.78024120309684,-3.0545262246376117,6.996798701027322,0.10012499859901539,1814.2168525359812,8.138015254820466,176.58526191521392,83.46977952555334,216.32463391681785,0.29582607709292247,5,SS/FCC,0.12267208731770554,0.06465307383247165,0.44565299518879614,0.18230907246737071,0.18471277119365595
1.126379010349929,8.056876487888635,11.949482139337578,-3.9789388036547138,5.561301169720668,0.11042352979246502,1851.8026410088232,8.031540788584373,179.44903244726805,87.17114337988201,225.0693694705812,0.29096258660824403,5,SS/FCC,0.2252237123844033,0.06331695460883281,0.38121819147638025,0.08984141579449247,0.24039972573589105
1.2709356438135586,8.283686723425925,12.368987736277296,-6.257176030190603,3.5761600783291514,0.14095362595562397,1809.0944202957485,8.224858121879157,178.7135940011712,85.36323069424147,220.91591521717433,0.29397583374311703,5,SS/FCC,0.2251001075109064,0.16245262465159788,0.05319044999212134,0.22217407259141478,0.33708274525395976
1.1718509037680704,8.40255595705686,12.644968659619359,-5.973457058155807,3.727485349502278,0.14665105224519404,1760.8566693207094,8.257484871683657,174.19897937583443,82.30634323903207,213.32191917368428,0.29590205796265306,5,SS/FCC,0.13660595414003154,0.2164262044562662,0.09139675340203295,0.21894810621014948,0.33662298179151984
0.9258231828293304,8.383697763762713,11.448525650309689,-3.936678835209952,5.151774145514397,0.12684603023582378,1771.4844700246533,8.372577366774115,172.7942834418341,80.55737668763201,209.16726240111487,0.2982502099849804,5,SS/FCC,0.09729081163907537,0.15191804281424653,0.13483322081294932,0.5017184196123464,0.11423950512138231
0.9037742915081421,8.368466105782352,11.650380059882162,-3.977285675433057,5.154099772081345,0.1304797556625984,1759.541941291745,8.345000947780093,171.03507985661636,80.10692712010491,207.86804286491693,0.29744112237171977,5,SS/FCC,0.07956323753611282,0.17455349588711577,0.15874010311837602,0.4721402501750983,0.11500291328329709
1.2555274633279057,7.621852975685545,12.412371377259797,-6.5168184840588665,3.547634993182399,0.13859319959924307,1862.6011213502707,7.891757567445789,174.76500001914192,91.25412112903314,233.17755380936086,0.2776275247867889,5,SS/BCC+FCC,0.3668597095299457,0.20632236240418605,0.07742080864185152,0.13689948169841046,0.21249763772560631
1.1959521399427187,8.461692602991167,11.993633664619125,-4.8713855923491,4.4567607795087865,0.12030155326956353,1810.1774085906995,8.222361984141438,181.8281220612442,84.31553101625025,219.0829382490666,0.2991849520988159,5,SS/FCC,0.16988130274179492,0.09031269762571541,0.2508832762009504,0.08607754076260533,0.4028451826689338
0.870811390795253,8.361023495519254,11.562793856604769,-2.778690200596067,7.509497581501115,0.09572743786652935,1804.6308798193636,8.287211714504508,176.52647673114086,81.78803719121959,212.5395827045895,0.2993317238294528,5,SS/FCC,0.10006446301411423,0.05832028446723645,0.3467900099112529,0.37017777920007183,0.12464746340732435
1.1286692504562137,8.476191504805989,12.45365557181766,-4.1559517822264676,5.454808932048997,0.11146844003407194,1820.3432901231308,8.339516384196713,182.23087283377592,83.71816643493611,217.80133550097403,0.3008009179838185,5,SS/FCC,0.17492483487878127,0.061380163337697365,0.16899075628954252,0.3019871530867093,0.2927170924072695
0.9942020663130734,7.408924367077397,11.356910956268033,-3.2170118212385455,6.752751658352835,0.1108778065181476,1912.8166758735856,7.760616973426474,176.11854271321414,92.82927733463409,236.8708771107802,0.2758414366240307,5,SS/BCC+FCC,0.3712306564244173,0.08610487289732366,0.36760068799035156,0.11263701255225989,0.06242677013564743
1.1523778516643057,7.2531657654151775,11.47610810605868,-4.708797240050948,4.741965146762401,0.11834651734592501,1945.6907281719846,7.713354931697384,179.0926887862523,96.51705227320441,245.45705871603704,0.2715735351160437,5,SS/BCC+FCC,0.49258835150795527,0.1110925588651659,0.17700400496952126,0.08919514201846022,0.1301199426388972
0.9758385374980645,8.37862493057657,11.681155811447368,-5.060053409826517,3.9799333739457454,0.1493243205420913,1724.0314010634352,8.319705716055886,167.47041721604344,79.3249183165473,205.52477337306757,0.29546161366922447,5,SS/FCC,0.0627255222778306,0.2656086496351317,0.08193050377665104,0.40978602385340906,0.1799493004569776
1.011820058217233,8.45797438486117,12.601953973242672,-4.789052678937856,4.5897834383986975,0.13991410474377397,1744.2310381280784,8.315243960366937,171.82316108169803,80.15308984759366,208.10060097138347,0.2981445965905644,5,SS/FCC,0.07586451790832748,0.20683706763459356,0.1489898483583552,0.32007664388502655,0.2482319222136971
1.021744666469934,7.801336632304698,12.857127754200416,-4.305820891153574,5.466687521583795,0.1284635772196308,1830.780812988464,7.996724663584029,171.63279273555744,86.86840871584242,222.98540100855212,0.28346659219904446,5,SS/BCC+FCC,0.23335932016404337,0.16435887154997744,0.2558085108979988,0.260532450593199,0.08594084679478142
1.1910970549284166,7.6598123101065365,12.614092049786107,-5.363337313136857,4.38594020302584,0.13109707784772456,1864.8414041353544,7.863340148956472,175.3078727833967,90.6598914189844,231.9889068335153,0.2794461983269938,5,SS/BCC+FCC,0.33045390357550386,0.16393993592484737,0.22586520494776385,0.07482185792137881,0.20491909763050617
0.9965101047689348,8.01264161362654,12.024910376726728,-3.286624552810666,6.7703319976863305,0.10497595274700901,1850.454219407215,8.102126657856632,177.159035108968,86.09322516769367,222.27384886060423,0.290890476153355,5,SS/FCC,0.20816913400902656,0.05735545577430547,0.3481472571291435,0.2863209687561509,0.10000718433137366
0.7876604817750438,7.879809093446599,10.324554123446486,-2.603890134590886,7.057213902472375,0.12160126493306633,1779.8557202415168,7.883811582434301,165.9758214028295,83.50132967326128,214.52810273462313,0.28457896164088925,5,SS/BCC+FCC,0.09200483173209104,0.1869941711460839,0.5679184735572835,0.05535211907221702,0.09773040449232442
1.1653023934683246,8.201862556687868,12.65558568945892,-4.846987953011847,4.74462315915746,0.1254367575834882,1817.1530423752047,8.1050982277011,177.87868895706626,85.42706287430046,220.91589522707352,0.2930088416602518,5,SS/FCC,0.19101795890632262,0.11978561476125826,0.28658929950914735,0.10153016438477015,0.30107696243850146
1.0453883051678654,7.7474329947872835,12.79793236948682,-5.260400125440826,4.379094177326957,0.14151211190879356,1799.9619996230533,7.983752223649541,167.1363557109605,86.22167219465699,220.71170887639462,0.2799085384131052,5,SS/BCC+FCC,0.22708162089958908,0.25800652815420444,0.1452112915327683,0.27979835408620957,0.08990220532722848
0.7799784908657299,8.04239274799213,11.563009745318178,-3.286101903553881,6.148265614411416,0.13327123907843824,1747.281541081318,8.069003507092626,163.95600390273802,80.92174199118428,208.46820013853215,0.28808522288881866,5,SS/FCC,0.05664767878947711,0.2331477233244993,0.38057658941220407,0.27042018805205553,0.059207820421763854
1.2128218383337934,7.891115676753445,12.766838098014256,-4.987581069919118,4.779850806271098,0.12409621219090407,1867.3298741020462,7.993456147017872,179.17186435418233,89.29543241992386,229.72324367472817,0.2863101585892069,5,SS/BCC+FCC,0.2991505200039865,0.10061967490597713,0.24214079169539138,0.12614163512189466,0.23194737827275036
1.2096605233499305,8.802454515636988,11.027674958022633,-5.187126871573103,3.796082871077549,0.12500423008260045,1785.5774075969268,8.404686484950519,185.1850550997762,82.4227400521776,215.3227184986071,0.3062094172208867,5,SS/FCC,0.1436100400629043,0.09902019216950918,0.10636658260233607,0.11331158239819483,0.5376916027670555
1.0848163609419808,7.793461507670243,12.457951550403461,-3.9059416260375306,5.9670616469649636,0.11527825386656776,1870.8533537617866,7.9504126983147785,177.09836810951955,89.01595936554098,228.72593857850782,0.2847468038807099,5,SS/BCC+FCC,0.2791634482308452,0.08492328727181737,0.3386162325391862,0.1578823725125508,0.13941465944560036
1.3072976813344257,8.712459873904878,10.526620577700472,-5.377386845456982,3.5698333461961105,0.1205144252049024,1823.6031501702914,8.391666488660086,188.77133327304682,84.80092914571233,221.26947749103238,0.3046406432105709,5,SS/FCC,0.21579329660520027,0.058003340532530215,0.0576671843235848,0.1350225494295591,0.5335136291091255
1.0064702714088298,8.202273572087922,12.868829515848043,-5.0306838811956665,4.444486608751189,0.14728463251583637,1737.4394120138275,8.163778869643389,166.65131840911232,81.07148897417042,209.27833009710102,0.29070239578168866,5,SS/FCC,0.08728016804619607,0.2690536369454518,0.1877307943029192,0.26598325628510033,0.18995214442033267
1.173817933157596,7.734819536263821,12.26166869624507,-6.790916752390764,3.1855049333482133,0.15145890685781888,1764.238011815417,7.8833086225377045,164.02605444730025,86.31100023070684,220.29333091609834,0.27616022481062996,5,SS/BCC+FCC,0.2232688200908165,0.36431565354566153,0.09871593865799233,0.08172634541994372,0.23197324228558588
0.9228268285076979,8.558932486126869,12.201138942034405,-3.8293607960227147,5.590607016327937,0.12437804432712184,1754.6277463612846,8.387367275988451,174.23682289666235,79.50108840452387,207.01720529138385,0.3019771769539944,5,SS/FCC,0.05874729338572715,0.14815146332325071,0.19088919035890445,0.37984556964265886,0.2223664832894587
0.9099961025036266,8.960208945330217,10.667135421697695,-2.9201497468075184,6.455385036033154,0.10038680836934093,1767.175224527352,8.617117964412545,183.2225460536796,78.7805917536608,206.71460149410248,0.3119640059348552,5,SS/FCC,0.06577150573351004,0.06639630296391022,0.07422878050077471,0.4290585618424616,0.36454484895934336
1.2475340712326488,8.009261220004774,12.73659228214671,-6.3791050989773606,3.6041596109382374,0.14431277435385437,1805.13877232701,8.019189756798335,173.86334434168668,86.6847172522409,222.99405579675386,0.28623627592780326,5,SS/FCC,0.23520894990868807,0.21775801944436843,0.15686538368704142,0.08289815465328575,0.3072694923066163
1.067275395039735,7.696473511228586,11.775235587419209,-6.010212957847904,3.371058429869636,0.15237976871585576,1720.6265027572076,7.832488025926343,157.48061414657,84.23850151569832,214.47385358171402,0.27301560285794985,5,SS/BCC+FCC,0.1558148931672714,0.4421230217293476,0.14865618348762163,0.05658548393904316,0.19682041767671632
0.8557719364401997,8.008239211707473,11.63035163749324,-3.007943534371454,7.002787874869253,0.112711909173736,1811.1230141718836,8.084391136598386,171.47733383464072,83.80353162619579,216.19186484289457,0.28987323474155385,5,SS/FCC,0.13727204982052138,0.11499042644373181,0.4003314641929412,0.2970383812933615,0.050367678249443826
1.1810343816800468,8.166461587234817,12.650518367572555,-6.335199196371634,3.533242047211884,0.15044100989777337,1769.39751091167,8.168608379416867,171.12391488696358,83.69101112976777,215.87982157366608,0.2897431794612439,5,SS/FCC,0.17474186407300257,0.25274760280310016,0.06177047132190432,0.25278720542006333,0.25795285638192966
0.9795963961655026,6.921197713216688,9.500006839712198,-2.982609123990836,6.387005019466185,0.10086649637277521,2005.256012385908,7.556374078821606,181.08952142837626,100.66780950631103,254.79065276999935,0.2655021203874819,5,SS/BCC+FCC,0.593344623266509,0.060347189287497896,0.23383873211368203,0.05670476162742098,0.05576469370489031
1.3120855214276406,7.967299418129284,12.298751817787556,-5.602440728513087,4.13965549247487,0.12585936169035258,1885.734342501895,8.086688553943679,183.16278052543512,90.19414087088816,232.4307617309277,0.2885025539721565,5,SS/BCC+FCC,0.34668116226969076,0.0763755832720578,0.10766224694122596,0.20152468909332802,0.2677563184236975
0.8302966373173253,8.1657538557921,11.879989639296443,-3.522044214185902,5.93049468902657,0.1295615757575613,1758.2061156139139,8.173460206074962,167.3601582282665,80.79930298000096,208.7964994613142,0.29206869218286735,5,SS/FCC,0.06868281845157405,0.1950164033699876,0.31376118882140536,0.3469432826488298,0.07559630670820325
0.8720908662311045,7.934687152862592,12.204344537374613,-4.229241189525338,4.984938335578882,0.1469432148753115,1727.4595498717108,8.016882015837353,160.31276410920933,81.3500291441934,208.74172165803284,0.2829849224026516,5,SS/BCC+FCC,0.07756646405436628,0.3240222355668908,0.2669813279489658,0.24901762832133784,0.08241234410843913
1.007087081583428,7.790600050892615,12.762436629964407,-4.673167482990693,4.9380724388198995,0.1361325795487953,1808.1535021014638,8.005398068369734,168.52220429317248,85.95123189188028,220.3859455695379,0.2820406451344737,5,SS/BCC+FCC,0.21485269863691403,0.21752519559142838,0.20210182825647563,0.2932099112724925,0.07231036624268945
1.1410160640767335,7.734325553282979,12.958328405150203,-5.79328353816132,4.079281721839348,0.14067340407519677,1823.7259457433893,7.970671981443851,170.59231243143023,87.95045581448205,225.15737363796958,0.28002391546954786,5,SS/BCC+FCC,0.27733976499244106,0.23167755061292306,0.11255688285582308,0.23616896919684155,0.14225683234197123
1.1446823647614641,7.779258558133371,12.035512043118468,-6.832025032204592,3.058026306417996,0.1552910520180403,1735.9058142075392,7.914986959719039,160.93679844709425,84.68374353865424,216.14069060294358,0.2761640048676242,5,SS/BCC+FCC,0.18357507774155873,0.4095299619827129,0.0691971082171967,0.11945702851786015,0.21824082354067137
1.0017264834009005,8.08070062429105,12.45015765046423,-5.082490498696599,4.201894706792606,0.15262692335420755,1715.3272051053384,8.033244272239612,162.26985020153623,81.0945150582739,208.5435911747014,0.28580577259043705,5,SS/FCC,0.07026666432529342,0.33648231352906677,0.24668174835260506,0.13542228111536542,0.21114699267766923
0.9407489821927566,8.286514806476053,12.549303726896726,-4.093304036246084,5.412194577552972,0.1309559959605183,1765.3380461227914,8.249837119726845,170.84136215150636,81.10511680296197,210.07217469148978,0.29506116859335996,5,SS/FCC,0.09163130654520084,0.17822528018114972,0.22613801674442255,0.36000809331084926,0.14399730321837761
1.0817543711861202,8.374684563457633,12.048104656240307,-5.797499257242253,3.5980096809393016,0.15282326539309166,1731.3480124860614,8.286648256764611,169.18793661815562,80.47674835611951,208.38912093731767,0.2947163323198035,5,SS/FCC,0.09380049806016189,0.27118518128370905,0.0551914110465837,0.3261750783574268,0.2536478312521186
1.0394242345014508,7.793677195753456,12.804935882458855,-4.938575969628283,4.6962364481637655,0.1374175296670842,1811.2332134830604,8.014612180347447,169.12731201507745,86.25063837824443,221.15708152298555,0.28206054866006336,5,SS/BCC+FCC,0.22740586746042743,0.2186464990668113,0.17082873591146527,0.2991023653814701,0.08401653217982591
0.9057952939489009,8.605838813129495,11.524336703028911,-3.1510873824417285,6.519088501630493,0.10552257125393712,1782.5081452365273,8.461760061007961,178.14418487362653,80.09717907285444,208.97218319707216,0.3044915290149992,5,SS/FCC,0.08437718248667093,0.0802871246919251,0.17267483308082016,0.470441416686406,0.1922194430541778
1.155791779427796,8.343368295499394,12.928988838870918,-5.379909158082611,4.298587160542891,0.13678822215164899,1788.6946163090486,8.259838953243731,176.28355940365157,83.3483553593031,216.00246901309333,0.29578123096692754,5,SS/FCC,0.16492637812039457,0.16436705383808545,0.11586881019977949,0.27208741010521337,0.28275034773652713
1.3002167060098353,7.9080020687774315,12.28161861948251,-5.464348662054209,4.25505579263841,0.12453471624338089,1893.1635481370445,8.064670520379686,183.0025702417476,90.7006606889329,233.52216874706966,0.2873234162425649,5,SS/BCC+FCC,0.35927309376438227,0.0722357157333295,0.1138126617358804,0.21057308549329,0.2441054432731178
0.949535697369057,7.4100938265537755,11.671691669546286,-3.4296887219962255,6.38437915552201,0.11913830085714801,1876.0296442848,7.732985435319101,171.48063879138323,91.24725379869331,232.50248354952117,0.27402455345374316,5,SS/BCC+FCC,0.32334963905413666,0.1553497941635056,0.37512834097882747,0.08020155278150633,0.06597067302202388
0.9948885286791939,8.848846577232663,10.710266854780825,-3.6609405249758837,5.15527577862014,0.10592270404681153,1762.1562026933336,8.38083570499963,181.90097544289034,79.97670416365361,209.26135056955587,0.3082644049781767,5,SS/FCC,0.05096302586455986,0.08414280927593505,0.3039488273236582,0.08697523683397697,0.47397010070187
1.0083757575919108,7.5268247355545075,11.977119205398575,-5.574645111061076,3.8507536327782437,0.1426462147589217,1792.299833998954,7.8788249011331475,162.73614667731383,87.29908453925388,222.16990078912463,0.27246409261729587,5,SS/BCC+FCC,0.25736486716424684,0.3344673410843465,0.08734580864133448,0.2656221552527976,0.05519982785727469
0.856264348897259,8.168641056574447,12.071624562311134,-3.329573074831858,6.406696579914873,0.12365923612480685,1767.0836868467456,8.109721244928464,168.98918167006514,81.48833240177434,210.6119154067709,0.2922826446389824,5,SS/FCC,0.07043108462324595,0.17010031883823332,0.4088190991713641,0.22169545007514216,0.12895404729201454
1.2291105548403096,8.222290943619834,11.575788809176371,-7.2939886747138205,2.736076204734131,0.1618623378077057,1724.021741891202,8.102184703294562,167.3814603010648,82.45694102803223,212.47962355050973,0.2884277593942922,5,SS/FCC,0.13042617734545914,0.34462169304403906,0.06982428753667715,0.08249069279285887,0.37263714928096586
1.1690756688360788,7.3527138289888105,11.945607924946534,-6.144098533848402,3.6549145385456168,0.13291928412743015,1879.8673833616872,7.774927591054973,172.38184759368806,93.28628081803299,237.09077310172427,0.2707697799861946,5,SS/BCC+FCC,0.41872173694946296,0.23249512537535144,0.06669519349564654,0.1415234600959918,0.14056448408354735
1.2477911616462813,7.415489698725576,11.733743481775159,-5.670846244829888,3.9791720636450205,0.126249561566071,1923.1097875007918,7.7826596035182005,179.28758010082305,95.09983430744185,242.4345113031452,0.2746316177554787,5,SS/BCC+FCC,0.4611323000786878,0.1316743458495451,0.13320120377943073,0.07855565585217619,0.19543649444016017
1.3113610522304922,8.100242260750077,12.503239962156098,-5.8244024175558655,3.992246842629409,0.12955206750129078,1859.7144599572748,8.119226591443928,182.2780096565476,88.57535160251052,228.68414221673626,0.29090169036514774,5,SS/FCC,0.30005845087863753,0.09806080227026802,0.12302889254467873,0.15928374383520988,0.31956811047120576
0.8732082706319403,8.053672316126143,11.98381397174015,-4.08387443507432,5.142253186949832,0.1393843968176703,1752.3904760737566,8.135980661662186,164.95346307909887,81.37733455651694,209.65524014256158,0.2881672844479504,5,SS/FCC,0.09141269141646215,0.2458188101610892,0.23975045606454815,0.36371957559564566,0.05929846676225485
0.8354046915501592,8.562423362207134,10.971376683847225,-2.957995085363723,6.586158447006019,0.10611645529110371,1775.696110453617,8.460848640624816,175.99348117626715,79.49105331337604,207.26760911321432,0.30371658490992215,5,SS/FCC,0.06736572373024224,0.09128969154374811,0.18552071018824898,0.5232032478641532,0.13262062667360744
1.0206364984840444,7.4006801979885175,11.97495911119276,-3.829455658041113,5.951991228305506,0.11799956666807841,1903.3795628189453,7.788716672731495,174.8592528192421,92.62834165330129,236.18091829651897,0.27488473873644814,5,SS/BCC+FCC,0.3785517064961393,0.12146884328114327,0.277640627036489,0.16542519211051768,0.05691363107571081
0.7567943598202317,8.12173733941032,10.635697391668026,-2.4461856220971607,7.744781092951761,0.10790473008517469,1781.2823365481631,8.048099492683725,169.6211065795871,81.82754062350119,211.47627343783444,0.29220719470760687,5,SS/FCC,0.058950299935414396,0.12377587955212199,0.5535356386944147,0.16406254480282612,0.09967563701522274
1.2374443125538042,7.811890315944538,11.869755289960912,-7.295445275454134,2.879278274281743,0.15342489070943516,1769.6759072927714,7.913224317292645,166.4056875842005,86.54994309240828,221.28529572778237,0.2783676558372711,5,SS/BCC+FCC,0.23325918886152702,0.3470962372461728,0.07816627899263084,0.05745165888557375,0.28402663601409556
0.9757496569221886,7.899547055457534,12.261551393695802,-5.302808277670163,3.9405261456811775,0.15577361782315535,1704.177386147357,7.982363739457077,157.6414868550831,81.43620233353089,208.41939897582336,0.27964831981124844,5,SS/BCC+FCC,0.08760574939879584,0.40704970106871513,0.16591373093910378,0.19705338186293125,0.14237743673045408
1.2725389646168535,8.35979808662058,12.473362716876885,-5.677410459255975,4.007552422176939,0.13055717827398003,1824.089025684425,8.237731242267204,182.01267761190945,85.6775217779882,222.17207622107748,0.29655988881646606,5,SS/FCC,0.22675889139438465,0.10964620799528998,0.11365176417967018,0.17692419545666827,0.3730189409739867
0.7848689945618101,8.23453778154517,10.693681888247484,-2.3762398102494573,8.137548213348879,0.09134912088372446,1808.2428822932882,8.209614609698889,174.39651338214892,82.0479602416232,212.77581723494407,0.2966551307816803,5,SS/FCC,0.09270919383846593,0.0570016263173474,0.4356146708899879,0.35239122236894943,0.06228328658524939
0.832323724657929,8.541151060282585,10.74492713226666,-2.91411835198914,6.561917625906522,0.1049756975327003,1779.6501460107124,8.462263373761303,176.0085769094344,79.65103263873871,207.63239890545563,0.3033879915103102,5,SS/FCC,0.07307750063712921,0.08688384198693927,0.18078074989224072,0.5443259114235999,0.11493199606009107
1.1563070200490533,7.336700261294555,12.00970977435426,-5.108920417047502,4.5161116081060255,0.1238987979325737,1921.1504482563794,7.7731910925024215,177.099522962289,94.82825654036783,241.39893841262642,0.2728217686353028,5,SS/BCC+FCC,0.4540649855784366,0.1409994046579383,0.14009568390660887,0.1438502146046651,0.1209897112523511
1.2072313272525266,8.198695696837227,13.10705516894789,-5.482787991791938,4.336815221843588,0.13361490827474298,1814.1254806107904,8.147082411180623,177.554371282106,85.5294582704851,221.08832889375466,0.2924688953048641,5,SS/FCC,0.2102256956447156,0.14542412457909187,0.1773141141813183,0.16950091848399795,0.29753514711087625
1.0805403824374,7.483265362505037,11.99623026427594,-6.290576455322231,3.3758180949340835,0.1441890758610607,1770.2098687201988,7.775086040229865,160.3681828578608,87.64362023236224,222.41343353651467,0.2688512463705197,5,SS/BCC+FCC,0.25605400893719177,0.4057616590833024,0.08943281638226848,0.09636799173175083,0.15238352386548643
1.1148157531257588,8.53508820637703,11.390491954808368,-4.097737438175941,5.013968003018749,0.10810151764460478,1803.7789320487564,8.2375862659247,181.85785592813806,83.2304440406207,216.64141504948302,0.301455360154939,5,SS/FCC,0.13060109698626587,0.06674075702668729,0.33488301520926317,0.07251910417931995,0.39525602659846376
1.0713311536407757,7.243232881682551,11.19187260212766,-3.7960748107192184,5.763757912335318,0.11196216526366211,1954.9598863105462,7.737467608309114,179.338324963223,96.21370133352775,244.8536973221778,0.27244713553522365,5,SS/BCC+FCC,0.4827577438015348,0.07579023898216439,0.2196430043107798,0.1590794175432566,0.06272959536226436
1.0765332276777886,8.482443963494406,12.608567467212838,-4.248884252973598,5.309721999843,0.11852898944619372,1789.2912546320733,8.261513930222431,178.58533211615767,82.4225811386145,214.29920263026415,0.30000298261629066,5,SS/FCC,0.11881031938914029,0.10615950228014945,0.2742920534632734,0.17525214518203713,0.32548597968539966
1.2114353236797206,7.508184963833566,12.435440655732695,-5.719976284216267,4.115301642055257,0.13068771079826977,1892.9310638784943,7.848683763637105,176.44524859638608,92.83400248862264,236.9466986040338,0.27618486897122096,5,SS/BCC+FCC,0.404602759094089,0.16183699714729238,0.11960961260743795,0.1486737831333246,0.16527684801785603
0.7938708386871678,7.786947887525731,11.128857470579035,-2.8644796728815134,6.904589248744812,0.1280169254537397,1777.1871469736727,7.866347722227621,164.11160127456205,83.94893393095128,215.1595431747192,0.2814906223329159,5,SS/BCC+FCC,0.11242333102513904,0.22388066034156412,0.49806235591189707,0.09559209552522722,0.07004155719617264
1.322750099192448,7.849020973755756,12.189772217187407,-6.43641648696364,3.5479116243416433,0.13615109200075629,1873.3607170211035,8.025463155092357,179.91691052833357,90.58792908040539,232.70776827636075,0.284430335468926,5,SS/BCC+FCC,0.3593711972287497,0.13916094672948245,0.05637261817956123,0.1832661607816744,0.26182907708053216
1.212491768830582,7.406805915414593,11.545409278576617,-4.756485249476574,4.733471013804965,0.11780112787563837,1950.098887463173,7.823136626553481,181.94903467856156,95.71268445504079,244.3006524092052,0.27621878855545406,5,SS/BCC+FCC,0.48130496876485557,0.06875045624334405,0.1496577681596665,0.16240730447661997,0.13787950235551402
1.1399784145405485,7.819781267092234,12.412962213990308,-4.230504764977764,5.498577093833745,0.11688687700979766,1873.9896000344418,7.947185195366167,178.37904691758416,89.44182730087286,229.90036251771974,0.28519491079022324,5,SS/BCC+FCC,0.2912608435275535,0.08280453359305713,0.3251253200671873,0.11651111788400435,0.1842981849281976
0.8179994174400891,8.809100687809575,10.458295623484926,-2.6426168389840274,6.989376556565414,0.0991360394650871,1766.0861613320735,8.589864381372465,179.3360838036172,78.32082401475142,205.10430835087135,0.3093855365479861,5,SS/FCC,0.05012037811255999,0.07454691838475279,0.11365819472415627,0.5394606551376143,0.22221385364091667
1.0704314581020011,8.18770021710103,12.68015096078424,-5.661551108213262,3.9037990696246276,0.15105624305741683,1743.004631492758,8.184908930398834,167.38132126411838,81.71717687448125,210.8401343107423,0.2900600728938283,5,SS/FCC,0.11688035159812084,0.27941216774898076,0.10339356652089463,0.29975474021775644,0.20055917391424738
1.0396663415069483,7.700416687204885,12.674414994399834,-4.0977772286690435,5.7502379932989705,0.12282682705854207,1859.1153965699752,7.937781746451867,173.77463125607935,88.77873370796272,227.5804416639104,0.28172836082870534,5,SS/BCC+FCC,0.2797124028981261,0.1318881931294611,0.2824193171702063,0.22023048747381388,0.08574959932839252
1.2049736387757934,8.541705109051152,12.380531924906581,-5.252849331340608,4.23969984421063,0.12872857726247322,1798.8329472858718,8.330019544617937,181.59126128478084,83.44627353257158,217.08639343658632,0.3007554696367059,5,SS/FCC,0.17047860156294725,0.1143210436742048,0.11100778678355729,0.21140178010732938,0.3927907878719613
0.7610791489096564,7.640919187300017,10.845528932149852,-3.55171847229844,5.152449190861322,0.14827503555187316,1687.336250329192,7.808628166509459,150.68865649627807,81.42906013561934,207.0008433294279,0.2710501814995159,5,SS/BCC+FCC,0.06202702186601028,0.46810336510705663,0.2890448521798148,0.1285729255551425,0.05225183529197582
1.16242619458945,7.659169733480351,12.67344509762888,-5.96727579725432,3.8550901253811665,0.1415937010902841,1815.1646753742798,7.847836009473134,169.06138030895173,88.64030365454698,226.36007973176532,0.27684625615648895,5,SS/BCC+FCC,0.2773297139960519,0.26745598597906994,0.18140253792024716,0.06633837675773875,0.20747338534689239
1.127460363493267,7.967496188593295,12.670528361586296,-6.387988398940677,3.454626212138934,0.15535851935176853,1741.6886644878057,8.035055833597859,164.27226624576272,83.46035847786224,214.11919336846427,0.28275984715102276,5,SS/BCC+FCC,0.15559899520422163,0.3444443294457448,0.09192993985161882,0.19291496254934556,0.21511177294906914
1.102827414868573,8.981960268818192,10.56475270061658,-3.9568958755080432,4.761711105578093,0.10466902413813793,1783.4397386920634,8.492433954518901,187.65029379175456,81.14852927866005,212.77446613411112,0.3110186224290895,5,SS/FCC,0.10928113890287273,0.05356150378484536,0.14326387678865649,0.13370291063847023,0.5601905698851554
1.1710807545353974,8.607918849617144,11.93709040100551,-5.9539490209728285,3.4988717184163476,0.14630322629651704,1745.1578769556338,8.310661610183582,176.23565479298725,81.13746710671896,211.0273131143536,0.30043074204419273,5,SS/FCC,0.10267007972782992,0.20920168422945934,0.10744059042854705,0.13891459792606267,0.4417730476881009
1.08774963076059,7.805423875340716,12.363776362362339,-5.493534649557709,4.078008278691416,0.14109178077911008,1811.9612650371735,8.049820048214986,169.58255468678738,86.4592704846391,221.70080358210723,0.28211123190945725,5,SS/BCC+FCC,0.24531074488268786,0.23016475221795035,0.09056200825438951,0.34171487196590217,0.09224762267907007
0.9429228245494754,7.602482422168807,10.898013644475677,-5.199008684452657,3.511840145408762,0.150631879212033,1675.3595216395247,7.784272228176668,149.73792244140066,82.38359917217001,208.84892937168118,0.2675394827993408,5,SS/BCC+FCC,0.10266710626884636,0.5438713605943902,0.13790037710930791,0.07943431675402211,0.1361268392734335
1.155164426951076,8.016510300141512,12.889582057794202,-5.296699217930878,4.391200036352388,0.13663229337807226,1804.4704696581973,8.009870614773135,173.22411314769823,85.88498470804348,221.11226706155998,0.2872579986665114,5,SS/FCC,0.20051686725308365,0.18909399846807523,0.26396064065136376,0.08621895413920053,0.2602095394882769
0.878386364576424,7.561280285124682,11.969208349792014,-3.543216322155324,6.095915983477679,0.13098050433269057,1804.5600407178927,7.784589072949311,164.4888701803081,86.99696012683174,221.87488006404348,0.2751875452922434,5,SS/BCC+FCC,0.20601647700164083,0.25014920274894414,0.3845095142678528,0.09518717008621604,0.06413763589534616
1.1353431285030426,7.853890965147279,12.15942292657094,-5.338281772272639,4.192129591949775,0.13501672976744286,1840.4469780335876,8.095628656691764,174.0520310192727,87.49024920340644,224.8036125432744,0.28473523958439956,5,SS/BCC+FCC,0.2788628316503494,0.16737298530236547,0.08012732068499263,0.3682841109742403,0.10535275138805214
1.1010234415542262,8.691789512310038,11.941271907604651,-4.971679987738034,4.228840744859273,0.1338577295037424,1760.6539147642752,8.428885462134485,178.76795878223885,80.6466759189132,210.31405880564958,0.30392267510883786,5,SS/FCC,0.10412055753239602,0.1528508557133568,0.0700746623037485,0.2930263658128115,0.3799275586376873
1.2546379343485685,7.4251698923823,11.548799244386943,-6.758359208262599,3.2099373676671896,0.1357782517990368,1878.4561509458229,7.772879412419555,174.07818946705027,93.4757570211462,237.85343338408782,0.27227337313930694,5,SS/BCC+FCC,0.4215568290148307,0.23049966411060463,0.06758068705781946,0.06194242511092314,0.21842039470582197
1.168732659370514,8.85610572644483,10.66400634137472,-5.106167706736172,3.693632227267507,0.1264630086891298,1768.595093561643,8.400647162007576,183.98656523076454,81.4436450303581,212.9146152390352,0.30712847613629857,5,SS/FCC,0.1106981604064546,0.1152297648955837,0.1420174771327763,0.07137738297704789,0.5606772145881376
1.14101179225175,8.03660738705964,12.688776906217987,-6.411952972433035,3.455113910684714,0.15504735113415202,1745.9548330436141,8.07830630325211,165.9524267376136,83.29062000982665,214.06000880040406,0.28501870183670863,5,SS/FCC,0.15478897939547162,0.3222748253532492,0.08305469458027939,0.2113028301381685,0.22857867053283132
1.1616964743771316,8.076272777194442,13.124707120014873,-5.115286990559639,4.660697743091917,0.13178063731136222,1816.483291768836,8.065822578750172,175.57169067452588,85.95439608163221,221.68630042670327,0.28955766390449916,5,SS/FCC,0.20881110638688652,0.15253089013443835,0.2480075486243786,0.13487502960593917,0.2557754252483573
0.9859943811190857,7.491649164606249,11.933731553998506,-3.630950477545977,6.1474106407961795,0.12034156843702265,1870.4082330226302,7.771754850164119,172.15086741943904,90.61993143324165,231.27829118165886,0.276089528670843,5,SS/BCC+FCC,0.30846753850390174,0.14927513487885863,0.37106591296180785,0.08452345081795236,0.08666796283747948
1.2114440373368667,7.79174690668755,12.920521173272016,-5.329684520305263,4.519619373121006,0.12962320063410865,1864.3326849728037,7.951124227071532,177.23995953188424,89.80231074799977,230.480944625456,0.28326845214609175,5,SS/BCC+FCC,0.31488247165357974,0.13545540246827956,0.20723564317482696,0.12788571294363954,0.2145407697596742
1.0102684860931537,7.843474924079638,12.75926815808608,-5.128231627090528,4.415067115578839,0.14452846188280866,1774.5133147434492,8.023703983522537,165.26368634121988,84.40376370303846,216.37541263423566,0.2817877020005821,5,SS/BCC+FCC,0.17700757251757857,0.2793653151811671,0.15909640870199412,0.2922060229025567,0.09232468069670341
1.1339276298892964,8.594724814846376,12.527054152949681,-4.81520465341504,4.640191675405847,0.1262365804825293,1783.6178334938018,8.349752229645928,180.18165854329698,82.1507129225329,213.93831335777858,0.3021086838255423,5,SS/FCC,0.13127415622421013,0.11967374279571345,0.14914461665890086,0.22286809855184198,0.37703938576933366
1.0627774377206032,7.301287579933067,12.195679454462175,-4.935055533111098,4.640490827623167,0.1272501847317302,1877.8030909401073,7.7047872066200505,170.89046353234693,92.97670584692445,236.10986656878674,0.2697259190786707,5,SS/BCC+FCC,0.3895703396681736,0.2203665061695073,0.20021182803035684,0.07890788682500416,0.11094343930695826
1.197659191936205,7.796853413509998,12.769659680360176,-6.028598735071933,3.8910388030635743,0.1398997243323544,1836.9726433180904,8.014158422858431,173.52922036094847,88.4320961757566,226.7742100191453,0.2821940213225138,5,SS/BCC+FCC,0.2971595377447981,0.20111795819682637,0.08133436125491296,0.2484858384105047,0.17190230439295798
1.1363041052217144,8.572117439620428,12.454262864579878,-4.375090938369276,5.136679355645799,0.11512807744056511,1804.4780878030651,8.34402891317159,182.31228767260808,82.99716078527979,216.18552916968142,0.3023670154752066,5,SS/FCC,0.15129692338542164,0.07708873843228232,0.18209290118656596,0.2272428491679093,0.3622785878278209
0.895514564132063,7.407998849215622,12.076985970112508,-4.345145943171021,4.948009636344329,0.13666804495746038,1780.2313424350223,7.719898612273663,159.43386018355469,87.40820444196034,221.7081096002093,0.2682339776663932,5,SS/BCC+FCC,0.228369755835285,0.36135935723680196,0.2515187435508333,0.09140656863116364,0.06734557474591589
0.7496372026204393,8.05266015454256,10.047725702612702,-2.0883266976863126,8.709829100321373,0.09394373741660245,1810.258151014783,8.022198363437925,171.9646835168226,83.20951479382211,214.95762726760628,0.29166494841504487,5,SS/FCC,0.09196936694700088,0.07378509403697513,0.5949326620420831,0.16824177147434505,0.07107110549959582
0.9101718088784035,7.5080796300058905,12.214125387779518,-4.726448469128658,4.54242787990643,0.14235189929630557,1757.7644866016926,7.799475381517683,157.9782292379259,85.74452246252321,217.82461848265928,0.2701955310198675,5,SS/BCC+FCC,0.1944929696689548,0.3868882785439662,0.19398943318605885,0.1653047893142744,0.05932452928674575
1.1183681733533528,7.691377366335613,12.64653825678659,-6.319564017717048,3.5520758051433283,0.14873381394386684,1774.9975165272376,7.90800512628413,164.03297518000454,86.41429747172609,220.5189851102258,0.2759403915907403,5,SS/BCC+FCC,0.23109600617880427,0.3437648137764132,0.090400369630427,0.17214342835907792,0.16259538205527765
1.155557242236768,7.727790011799582,13.03319254075184,-5.659516670970142,4.196976897728083,0.1392355181015112,1822.490141465777,7.896638314216942,170.8323859294651,88.30964005241155,225.98831951383357,0.27952236799804675,5,SS/BCC+FCC,0.26992664604534067,0.2304376311101198,0.19904730925020225,0.10309589218828948,0.19749252140604756
0.9511433481913921,7.5341443900169685,11.815591236955422,-3.3041729464618546,6.691577683072629,0.11682515307403678,1871.2679033767408,7.809386331237314,172.53168653808444,90.01740821338657,230.04415595901762,0.2777759353707297,5,SS/BCC+FCC,0.29274162617649063,0.12772118061217694,0.3911308517634279,0.129463859913684,0.05894248153422071
1.057801225558962,8.361571496346114,12.288630875062001,-5.673607619355615,3.7289055564458558,0.1537656925175094,1721.6198387688585,8.258531489694224,167.71025162951156,80.06751976803207,207.22505576683315,0.29406441193130545,5,SS/FCC,0.0759800965784863,0.2868469165970388,0.08971532740360154,0.294536712741622,0.25292094667925136
1.273363289003126,7.695570297803443,12.199259517495234,-5.722956646025349,4.023053813519194,0.12952524568515217,1887.3085329017067,7.888679314326843,179.22436155101224,91.91795850112823,235.49483185806574,0.28100556027457485,5,SS/BCC+FCC,0.37140541288626366,0.1272860952223411,0.18602985973517266,0.06489004551413394,0.25038858664208874
1.384308127434471,7.942081346830147,11.722090016055331,-6.732050844946822,3.268089030291475,0.13601593475544022,1876.8790169406889,8.037044300625086,182.52947347202576,90.82901849294016,233.71973758808892,0.28659178237324645,5,SS/BCC+FCC,0.3639088622871103,0.12124886943200917,0.06392035639652797,0.11069588293232865,0.3402260289520239
1.2373101636248818,8.139965907564147,12.472527716123775,-5.857639284281394,3.8910545792780136,0.13690952723457392,1827.4080900579413,8.195123425130229,178.04085027585768,86.315861140764,222.92259976193859,0.2913188654770887,5,SS/FCC,0.2518185633819593,0.14801412988661392,0.05745152855699094,0.29381439213419347,0.24890138604024237
1.0482528708730734,7.822011261185317,12.293315953945228,-5.8352527360337305,3.6132316947156635,0.15508635243098068,1715.0884126571766,7.917447409455665,158.42035602332453,82.94636295895236,211.863054096544,0.2771087636560302,5,SS/BCC+FCC,0.12577760906461813,0.41706163526875273,0.15169308704699766,0.120307222655956,0.1851604459636753
0.965460905412577,8.369220808754882,11.905081103455611,-3.2416763033977523,6.665885195268248,0.102293649609617,1815.0778274231138,8.325122797058754,178.3486429450019,82.62959100999147,214.72743301673333,0.29933738260164416,5,SS/FCC,0.13795008280635065,0.058288175536170585,0.2473484484183117,0.40941743657457913,0.14699585666458787
0.978320871997977,8.04690643646639,12.847243369992324,-4.344352020712551,5.21523779524503,0.13790761259851553,1763.5560732372542,8.036013342448467,167.37664693464595,82.83890588716646,213.32364182130948,0.2875812369605301,5,SS/FCC,0.11180928728123773,0.23157752823189198,0.32434186602693604,0.1624400976591122,0.1698312208008221
0.9156857442717239,8.17663534362588,12.545986563751937,-4.15910776903173,5.28773719862004,0.1371082816762544,1752.933022792828,8.172406004374047,167.42649217202506,81.09142457811893,209.4579531339898,0.29149262220821975,5,SS/FCC,0.08258050039975853,0.2215139772765442,0.25434298170551944,0.3198147595344134,0.12174778108376452
0.8979643594279453,7.9039312173992835,10.85368089264639,-5.148426709677102,3.53719008446338,0.15923655066737294,1677.8609602927143,8.036126928868065,153.72070253873534,79.74769110853909,203.97086572943405,0.27885123001130746,5,SS/BCC+FCC,0.05376308680691271,0.45586443031954327,0.09959507206566312,0.3142330002831093,0.07654441052477157
1.3456107884227126,8.20350046513842,11.997639125827206,-6.630445075499754,3.3205972275132254,0.13945723782516806,1835.1144441479785,8.165231450097263,181.30186561260416,87.46138602293792,226.03686282195187,0.2922094715184978,5,SS/FCC,0.27875966740788827,0.1407398266469753,0.053347612422307226,0.15254616044448516,0.374606733078344
1.2367116255531805,7.858413129574486,11.408575624018006,-5.172837697280123,4.173127586689049,0.12479529054223155,1892.1657339647445,8.11779560855475,181.162570861497,90.15082694380047,231.97389521048282,0.28658772789235787,5,SS/BCC+FCC,0.35791700039308194,0.07954037287864764,0.05309257000644762,0.36511261020434777,0.144337446517475
1.0343840131334971,8.308483338510229,12.650633587851143,-5.149144514339297,4.2424904517663204,0.1483113856044269,1726.8068454941715,8.161014487488472,167.64016615686458,80.56392889731394,208.32047632818328,0.29288925688881623,5,SS/FCC,0.06582105319878728,0.269759988229997,0.22582254273448313,0.16730739853566495,0.2712890173010677
0.9437827351784145,8.279915798237377,12.538670069097897,-3.757989911915918,5.91046266985206,0.12371992426638648,1771.4370723625202,8.161427718429897,171.94749793914696,81.67140894589184,211.5243665598181,0.29497194483295364,5,SS/FCC,0.08330150760118726,0.154321234861382,0.36045011395439036,0.20301423886494618,0.1989129047180942
0.9100045429602771,7.069720641826196,11.315477003004974,-4.728373238369465,4.42733388278639,0.12212904447077647,1850.0405657196866,7.581824864453454,163.60910952425579,93.0939336032317,234.75620616996395,0.2608566266546421,5,SS/BCC+FCC,0.38977468798932946,0.33270575250369633,0.15845835785527032,0.056146632994857254,0.06291456865684679
1.05172981544617,9.01456878802337,9.821421977875847,-4.148562452230401,4.1572489705670215,0.11306061154843772,1756.019767806256,8.45387649669357,184.87383308832852,79.8935547083316,209.5018052754067,0.31113082926549923,5,SS/FCC,0.06285688347961561,0.09227997923883434,0.20280750690646993,0.05154872652872404,0.5905069038463561
1.0878490370990213,8.13064568839721,12.657240609722674,-5.837695451648299,3.7898221522245388,0.15171109555215112,1747.9189985078472,8.160006512989218,167.14333121654002,82.31290272231786,212.11816989564892,0.28848675529782036,5,SS/FCC,0.13357604710191315,0.28610962215313107,0.09022865945244997,0.2962639378308429,0.19382173346166287
1.230684002110404,8.121976072179734,12.7573904531827,-6.118549431644148,3.777601164119942,0.14169357915791203,1811.7688972621504,8.161359915978874,175.9043276416375,85.85995425053042,221.53558196320017,0.29009841606007813,5,SS/FCC,0.2345138924625035,0.1824915373604079,0.06986644728757452,0.25276085131387965,0.2603672715756345
1.248675499948257,8.571169777757397,11.475867636118231,-6.24211965974541,3.254183363720521,0.14283167008527178,1770.0626958564897,8.270300329943865,179.35224166316743,82.9062405280439,215.51169427245387,0.29973143698124155,5,SS/FCC,0.14696105898279102,0.177385801393054,0.1189288007085207,0.07097098071523435,0.48575335820039983
0.8359773951710244,7.511458318299981,11.289872296135684,-3.158778388742858,6.453974960532561,0.1287360848860889,1805.7496618248501,7.737065717138291,163.81297044851186,87.25488820621867,222.29604310356322,0.2738314590363555,5,SS/BCC+FCC,0.2041949246640257,0.2514054837518741,0.4318269031067912,0.05389172557471045,0.058680962902598464
0.9079573969194557,8.463053490559389,11.781894109694555,-3.717557666243571,5.599367834961985,0.12276375783722654,1766.7769058644242,8.385968171165377,173.65432024913176,80.04256524471296,208.14722979560312,0.3002283794830765,5,SS/FCC,0.07858759571529021,0.14029773400441772,0.1698073417961996,0.46208824097379697,0.14921908751029545
1.1578338716314605,7.34041378295402,11.830893630081809,-5.131352369643063,4.4381958057582604,0.12391712838709065,1924.9561119463706,7.798961081204276,177.4997469816728,94.86738738856654,241.56598148533226,0.2731771588475613,5,SS/BCC+FCC,0.4609025331511865,0.13479679447745485,0.11242298915584567,0.1867397226971782,0.1051379605183348
1.2712619497712094,8.534198585232751,11.859240750724084,-6.002237945066367,3.5480216293962235,0.13624572376472283,1795.7366790618175,8.287605193142074,181.82476161648214,84.0597328553833,218.5064891223619,0.2997096332573489,5,SS/FCC,0.18419735507048318,0.136703088936598,0.09810368356252343,0.12269536055047375,0.4583005118799216
1.0015683131422337,7.766742600215629,12.650709134111988,-3.8809116913746387,5.9832217763388345,0.12382994004634211,1835.498791485924,7.923438977077678,171.85231123196914,87.32632787028444,224.0318982024895,0.2827282657257104,5,SS/BCC+FCC,0.22820547236716843,0.15055859221439877,0.35542480062427234,0.15791013242395746,0.10790100237020314
1.1328947941394358,7.661965987543696,11.90306634923275,-6.732954526749284,3.0851013697465715,0.15160859678438338,1745.0839732029117,7.8474938162502905,160.29040259376993,85.79325693576719,218.4123567874998,0.27289931976252857,5,SS/BCC+FCC,0.20887549768079888,0.4184457338071388,0.07987126813828868,0.08745228403511535,0.2053552163386583
1.3566673185502138,8.280146955879554,11.72257202780514,-5.944177475161129,3.6658988352262187,0.12777489006230802,1858.871662019543,8.21276461439168,185.56111417738998,88.04240443034293,228.05855147135384,0.29516312592182997,5,SS/FCC,0.2960854560458984,0.07476492523731539,0.07274916413323254,0.1657181159584401,0.3906823386251135
1.1747561178833594,8.471776473937183,12.549921053563601,-5.884791578554853,3.752517378311182,0.14478946798987194,1759.5956440310247,8.269657283972878,175.4150188860255,82.08615589901498,213.029183133687,0.2975950743494575,5,SS/FCC,0.12770693540425668,0.20413536634125734,0.11227112558090194,0.18044743426021445,0.3754391384133696
0.9415798820564673,7.982896544064621,12.617144726867062,-4.474393896563011,4.970098788407062,0.1411551623769034,1762.5370189269822,8.084967280599244,165.56170251018267,82.64894290572991,212.57424311675499,0.28600702951046214,5,SS/BCC+FCC,0.12444518907116005,0.2527643871126451,0.22478961361619304,0.31145031108041676,0.08655049911958501
0.8117971069695628,7.90584249227646,11.57063612051292,-3.954167744239066,5.000369443799408,0.14911076511313795,1708.8347052299498,7.9956136164306555,157.2753736640084,80.50690571193627,206.31716300839392,0.2813631401175847,5,SS/BCC+FCC,0.051412090933239514,0.36102733395493375,0.27802241322511156,0.24938231567555855,0.06015584621115677
1.237466355733941,7.77629184158713,12.178006929751032,-4.872627755240222,4.766171456698768,0.1196835497588534,1907.0266773768685,8.021245428835805,182.04316338517845,91.44661346947484,234.9916760050394,0.284857181088944,5,SS/BCC+FCC,0.3755791673482779,0.06086316184848409,0.14440480760260752,0.24999238826909037,0.16916047493154016
0.9806116110708337,7.410666880735425,12.304564761618293,-5.2786123392911986,4.15966809154873,0.1391256005915975,1784.482417741794,7.750448002655971,160.3744536609857,88.00756122603279,223.19553549104333,0.26804749717926335,5,SS/BCC+FCC,0.25870741159060145,0.3741453572251554,0.15345043794382146,0.12516652533905967,0.08853026790136198
0.880271163544808,8.571501481928276,11.512194415740762,-2.8690296387641445,7.180170320819696,0.09751468664217064,1789.4180638410587,8.429437710040299,178.28848856200932,80.35821553164504,209.5863781785625,0.30407561188331417,5,SS/FCC,0.0826634894759417,0.062480557915862524,0.2321625818445113,0.4460777227313469,0.17661564803233767
1.0032049360740065,7.553158598661903,12.83062590739137,-4.605038881264634,5.081098945829849,0.13413206290659593,1823.657197636697,7.830305279996258,167.24228769593324,88.42550218407861,225.5287910640281,0.2752474427260619,5,SS/BCC+FCC,0.2651952503716313,0.24439042100417094,0.25032566167644354,0.15223781348617194,0.08785085346158227
0.9157740504572992,8.31673470798403,11.493723727074693,-3.7506860762044174,5.462024787022621,0.12287487850718479,1782.394136578745,8.335806466685419,172.92186658130686,81.19646603133464,210.62298335513927,0.2969960002560794,5,SS/FCC,0.10887695602361411,0.1375179006525726,0.1716143513024705,0.4919750633588529,0.09001572866248984
1.1026418238398963,8.720106335732458,11.81160963873673,-4.904393841543599,4.245292131009341,0.13221438211938044,1762.7223947433672,8.444209592532113,179.56214987658376,80.65345255399342,210.45110376467824,0.30466270878975604,5,SS/FCC,0.10587121405800626,0.1446206123394259,0.06414504246626794,0.2942568860847029,0.39110624505159697
0.9940724532833077,7.678991892261743,12.001692319191944,-5.704020041028061,3.6368424425294656,0.15156300796562586,1728.4750569650214,7.908549815438683,157.22989038172818,83.8354799615378,213.55106908072062,0.27363181542405424,5,SS/BCC+FCC,0.15952685344653553,0.4231952334039251,0.09470774633143518,0.22389950107746856,0.09867066574063556
1.1453867903095745,7.652806447551789,12.449514602914322,-6.570417120715819,3.365537215956922,0.1485361983815926,1776.21276129837,7.86546384568377,163.95050789256462,87.03633884097137,221.8510283909063,0.27447357819279283,5,SS/BCC+FCC,0.24448154621616158,0.35664951550030016,0.09136610164035386,0.1165866178019563,0.19091621884122809
1.1464092121563234,8.201117755005981,13.055725661188895,-4.786437759973768,4.9524140792303575,0.12594021848102865,1815.6345590758515,8.135895128377086,177.36882785057162,85.11586242985607,220.13478228820242,0.29314781054833006,5,SS/FCC,0.18921790991536674,0.1226090592449202,0.25534002412747336,0.16350337934284428,0.2693296273693954
1.0440344797236287,7.050097305130034,10.862392025447647,-4.1267299785138265,5.17398261168365,0.11239174886233509,1965.647554968159,7.640722905238077,178.0727238798355,98.26539286171057,248.9953642578161,0.26695348691186077,5,SS/BCC+FCC,0.5406217763030171,0.11757983757872265,0.1578850187598092,0.11890603940210952,0.06500732795634143
0.947397820798551,7.875304278283986,12.255129686685557,-4.759753664020843,4.540750373930651,0.14427402835487035,1763.5764225287505,8.053918160068735,163.92256987823433,83.31207711623937,213.727852859344,0.2826942998981101,5,SS/BCC+FCC,0.14784931614012112,0.2829830226242394,0.17266926352309117,0.3390108622366286,0.05748753547591969
0.9145037000175475,7.631137495777939,11.493053652945408,-5.183652108498957,3.8071097501569624,0.15029592333883604,1717.1012062351474,7.8914739923015995,154.59538305138892,83.20965051501159,211.65509904186442,0.27181821899180053,5,SS/BCC+FCC,0.13995431518735119,0.44635511854568566,0.11029334436292858,0.24939319910974234,0.05400402279429236
1.0067826001818778,8.165001350499576,11.450896840087609,-4.894377373082454,4.1508547160029865,0.14046798519475798,1774.1713889771534,8.267270636634613,169.88567480816306,82.2050228446031,212.36215869411492,0.2916616974582889,5,SS/FCC,0.1433363709682265,0.2106761853706017,0.07656255378077324,0.47649950195416724,0.09292538792623131
1.1001503811021305,8.324229821004424,13.072515765531811,-5.312519588972025,4.329392680521585,0.14226833230991928,1759.4155681693323,8.201806246690762,172.20216832151766,82.07712541836126,212.47404178796626,0.29435601396216915,5,SS/FCC,0.11655897122900254,0.2133683955541148,0.18258118264813,0.20426674212096038,0.28322470844779224
1.2070143732008707,8.471685640996801,12.489373143977147,-5.866161765996388,3.7794457607667886,0.14077876984418805,1775.1766835955777,8.260180464190867,177.62890449586726,82.96232202361881,215.35887812067944,0.29793183741511137,5,SS/FCC,0.1495860241889003,0.17632278892421513,0.12506257611925226,0.15087674323644748,0.3981518675311848
1.306034395899296,7.322094581495167,10.32646543847618,-5.431659508872353,3.7555459109743023,0.11887608328886536,1975.3952148903243,7.7504931746009875,184.88716222897926,98.32223707056431,250.55245423635202,0.27413930816349535,5,SS/BCC+FCC,0.5520063950749221,0.06454587026283486,0.10957403490880974,0.057094157599022234,0.2167795421544112
1.0370051853784688,7.88404693147568,11.992162265659674,-3.7130479260188376,5.942682271527254,0.11682384989767337,1839.9909488509295,7.937237262466448,174.6658481170544,87.12092440273909,224.10294950694254,0.2861603055941448,5,SS/BCC+FCC,0.2134274438110266,0.11015939321700699,0.42481762851090354,0.0821298566073827,0.16946567785367997
1.2477528752453075,8.66344026699073,11.451081697321866,-5.754536816092768,3.5599874440352335,0.1342071058959853,1789.0084895916334,8.372079081721825,183.07900938148956,83.1172131941695,216.576634636513,0.30283864384727377,5,SS/FCC,0.168394095520512,0.12703331525479356,0.05632836603350023,0.16922667309584083,0.4790175500953533
1.0221195749020537,8.52310002762638,12.523992029431698,-4.784311910284,4.545074091383828,0.13927058155790084,1736.271997179776,8.282005103180285,172.4383659560014,79.91471063853149,207.66421450954462,0.2992865321683195,5,SS/FCC,0.05675856929556836,0.20674453131674805,0.21381561791189885,0.20200086541730336,0.32068041605848124
1.132994610911882,7.935015489258592,12.552789273311932,-5.181351555041554,4.4441319603059535,0.13350656920555667,1834.3823023006692,8.120289126649311,174.63013081922037,86.78671691144997,223.3589231623059,0.28682666605652923,5,SS/BCC+FCC,0.256903724621234,0.15670877341039058,0.10807357787699642,0.35109613627130754,0.12721778782007143
0.9410866091836242,8.599866008288817,12.260528534792762,-3.4110044428914814,6.378183821630601,0.10846394046670293,1774.476497453224,8.357875052767717,177.8010656310007,80.38910268051892,209.5813407643397,0.3035432277261167,5,SS/FCC,0.06936808174189099,0.0930920619406907,0.2809820982105806,0.2814212825003862,0.2751364756064515
0.9647085626735772,8.140085315090293,11.158150517576253,-3.454018885218884,5.79378971925129,0.11667352445580591,1793.475080798392,8.01920520117278,172.81512794465488,83.56246403419308,215.89041020179656,0.2917905945991248,5,SS/FCC,0.10981193746981552,0.1290543905423255,0.49076738308084505,0.05196899724178051,0.2183972916652335
0.8794309219023914,7.717879707968805,11.715836670979622,-4.55421816394088,4.364635170504825,0.15178380311575324,1696.635562218143,7.873869991055911,153.4624479796404,81.80661946620572,208.39073170126903,0.273678909243739,5,SS/BCC+FCC,0.08598592816346373,0.451030625825023,0.2106451365322285,0.16379442883781276,0.08854388064147192
1.1120643791138713,7.501161437614721,12.09772829137848,-4.1065763137812255,5.642459537504276,0.11641649302864364,1915.3344969035766,7.840763436570955,178.3406206792887,92.92011851746027,237.51061261754862,0.27803653507458087,5,SS/BCC+FCC,0.3917159802134307,0.08442505822839716,0.2585774476622072,0.1615445715219485,0.10373694237401625
1.0251366045964279,7.831338753077225,12.122862219917764,-3.4713769812098225,6.527034415260587,0.10987445148931262,1869.0143582187834,8.003498490042693,176.84243783392134,88.13564265193534,226.7391246952219,0.286307774430479,5,SS/BCC+FCC,0.25923624967243614,0.06826567848628744,0.3434438865032055,0.24003143976775726,0.08902274557031363
0.9617350333385036,7.101735099127186,11.33288051056738,-4.132451767565594,5.2223429078494465,0.11830054839284088,1904.2895036787554,7.603470216617253,170.94618339031314,95.10988925397375,240.6915515305838,0.26533399112609957,5,SS/BCC+FCC,0.43958433756158366,0.20879842804234458,0.2316546339305482,0.050222998638349496,0.0697396018271741
1.1214869266119891,7.626481447944577,12.151047556122851,-4.202026335699327,5.461749331858228,0.11867421505218771,1888.760609914757,7.847870339271794,177.21287683160418,91.22275629538841,233.58748313215543,0.28031366633877947,5,SS/BCC+FCC,0.3349819522242687,0.10020190582678198,0.32385493335494864,0.08527515896810625,0.15568604962589452
0.8725709380419435,7.725795072181505,11.755186670593602,-3.28708730449888,6.427193182350574,0.12816310815104656,1797.2280774842573,7.85035053496696,166.0191290688646,85.52506514689135,218.9736359409918,0.2801722837913036,5,SS/BCC+FCC,0.1613875675652453,0.21339665240320177,0.44740309437313636,0.09365851160163463,0.08415417405678186
1.2728999217126855,8.541884628832877,11.665484949514683,-5.300593201914517,4.010450203224421,0.12171751401538757,1822.2790725183395,8.28703739620351,185.25610276336337,85.04452100795791,221.27389188684788,0.30092973224073144,5,SS/FCC,0.20559893349786734,0.07457701660148396,0.1518025173884793,0.10838355259424297,0.45963797991792643
1.056730414983405,7.546875030418242,12.807839963169467,-4.719215776721188,5.0051433606647775,0.13147928107446574,1844.2107791373994,7.817148202301437,170.09874114007386,89.65848750638362,228.77920652417583,0.27583686099928323,5,SS/BCC+FCC,0.2973393401161505,0.2112741578230974,0.25729698800404055,0.11535115963978228,0.11873835441692926
1.1113922253872635,8.295023866953283,12.431904366437243,-4.855166407787983,4.618740763081436,0.13035507561424708,1803.8072814069847,8.296290215043209,176.6451909952326,83.56639832416012,216.5509285180349,0.29568183421055294,5,SS/FCC,0.1784946254487406,0.13618334832304158,0.09737568412159572,0.3876962180394366,0.20025012406718531
1.2475402913365012,8.883116534140296,10.045014613070732,-4.9522402649365,3.6609263927227853,0.11593825606004048,1804.8545918834338,8.450400776498865,189.39624468730187,83.26413844981201,217.86570025924465,0.30828051737162077,5,SS/FCC,0.1732991713270187,0.056671815423916465,0.07364083200830117,0.10638967026327806,0.5899985109774856
0.9293948385540894,7.86155715016393,11.977492871434228,-3.2701503122693936,6.672048368175131,0.11787662772709478,1821.633956364036,7.939319129970485,171.28911144836871,85.79812673909856,220.56725394611254,0.2853850213818197,5,SS/BCC+FCC,0.17485403938176666,0.13469533385570437,0.4512092365480548,0.1325222176457812,0.10671917256869302
1.0021315036234957,7.108951054003311,11.537931356049905,-4.966937483442567,4.405630919402108,0.12249661255104684,1896.5702847546165,7.656249135454914,170.09514308813,94.86746840892317,239.9863919997626,0.2648508283435422,5,SS/BCC+FCC,0.4507384943997157,0.24023728071205275,0.1169173014324716,0.133548523396724,0.05855840005903589
0.9714004165681082,7.619344196897725,11.917095396316181,-3.356777427017759,6.651492905183031,0.11473318485690047,1873.5763329109536,7.880852026723761,173.99811936407121,89.48352546907199,229.16558403559156,0.28049036308251823,5,SS/BCC+FCC,0.28636153165192674,0.10444967467072533,0.36549217038963394,0.19087631170312416,0.05282031158458975
1.2010250337115498,8.581721959044913,12.168678390517554,-4.7542162497186125,4.641038070111885,0.1175247431494357,1813.2210040755515,8.339730626725988,184.10990219418824,83.84451878047805,218.3827162919891,0.3023076491366083,5,SS/FCC,0.17734718571907182,0.07217908296132271,0.15047416721814028,0.19140371475855136,0.4085958493429138
0.9808115846517986,8.104727473185218,11.459122780229134,-4.454020994254319,4.610833966598098,0.13348485042405514,1792.1752208219348,8.240927074588262,170.90638886974287,82.99551341564661,214.29750800667767,0.2910186297267822,5,SS/FCC,0.15916134503708534,0.1777459955960324,0.12254651653631575,0.48029612680571326,0.06025001602485345
1.2237045118306917,8.325331870868478,11.95394228250647,-6.958643635487091,2.983591914203684,0.15793589709886635,1736.8124571455487,8.168052913038483,170.58695801354298,82.35272697774106,212.8123483396987,0.2920783327382669,5,SS/FCC,0.1314405927964926,0.29417574255855655,0.07629939515900654,0.1137797399518691,0.3843045295340753
0.9589484819067471,7.382970570009204,11.104894640086423,-5.75872450530137,3.3426135102359313,0.1409556292649256,1733.3972360507505,7.7385661157989825,153.58747696386482,86.19758345358713,217.84010008448854,0.2636090906294607,5,SS/BCC+FCC,0.21777418136408658,0.49560112683483915,0.059589540489144825,0.13995024305164291,0.0870849082602866
1.1869845196297115,7.917013695951143,13.111580883561391,-6.092238166771121,3.8667557465603952,0.14496671647351753,1796.671279896334,7.989684095851521,170.79086588978782,86.35648758200796,221.7030989036666,0.28365051145189,5,SS/BCC+FCC,0.22477788037435745,0.24550512519597656,0.1626242848479461,0.12211083726760553,0.24498187231411436
1.3005145850132445,8.205390868502098,12.02871209305354,-5.291343540430689,4.247567898017639,0.12166326566188775,1868.4747821226495,8.218516460705692,184.7482052302439,88.09170169939084,228.0317181144283,0.29428603214282745,5,SS/FCC,0.2987888748744584,0.057193450731597144,0.08690356336218133,0.2540661530809164,0.3030479579508469
1.2737128271696252,8.221808966355422,12.672709056587735,-5.817101394743774,3.982505440263119,0.13295594746835637,1828.0733685424457,8.147728564328743,180.26011964858805,86.5436858996097,223.8131596094783,0.2930646371423366,5,SS/FCC,0.24017473770596356,0.1265907393749147,0.15435234695604522,0.12901517078388808,0.3498670051791884
1.2844524784742855,8.831041629117966,9.968910592246008,-5.192157827005019,3.4820501839923534,0.1179421328317224,1813.574054215391,8.43000133775137,189.72771900783306,84.00053682619807,219.5937736624177,0.30709744222688623,5,SS/FCC,0.1941961839300894,0.05493347489964857,0.06118230483604713,0.10500860079063641,0.5846794355435784
1.1719865955792068,8.241306807952117,12.170056883834574,-5.183672661330416,4.274318761808114,0.1312372022220557,1820.589155597601,8.278067433382153,178.2020278456696,84.89267910251257,219.77836970612378,0.2944483083207289,5,SS/FCC,0.21843072508899228,0.12682992597343531,0.06223394498664701,0.38001262379831285,0.21249278015261258
1.079647219288059,8.11652400047067,12.450193083685694,-6.0466585189823645,3.521900651350576,0.15868004313878625,1710.4742035129038,8.08490210679229,162.62218063474364,81.17217551104716,208.7794064978396,0.28602815671378484,5,SS/FCC,0.08998773108438549,0.3632787052004239,0.12581335534317095,0.18206224890417264,0.23885795946784705
0.9816018213113944,7.599021140587958,11.767590482247455,-3.500868841040951,6.242193003721754,0.11957407775109526,1857.058610397246,7.804944859894694,172.09887983614112,89.32069679735486,228.44115993935642,0.2787694685008409,5,SS/BCC+FCC,0.2683710482877463,0.14162425750009178,0.41649687942415625,0.06962813491246908,0.10387967987553663
1.1155469527279682,7.4916716578251545,12.499909112377123,-5.252727035063597,4.408429189984603,0.1328484858941647,1852.51583740685,7.776322892848428,170.8506163655339,90.90292896364369,231.62861256172417,0.2740437255567596,5,SS/BCC+FCC,0.33255929734718126,0.2236718910957857,0.22114702166438163,0.06478143616999732,0.1578403537226539
0.9754935567318707,8.030572819672395,12.37122643145261,-4.257509034483621,5.224835566011091,0.13092009009003286,1798.1070813047256,8.153250354222328,170.66528013451133,83.76361362055243,215.95941849287593,0.28910041698515987,5,SS/FCC,0.1637939633114639,0.17360469686719585,0.20603402466049112,0.3813691871591796,0.0751981280016695
1.0261656231424874,7.5968693781692895,12.350722552293393,-5.151146749042899,4.365148036754458,0.13816343881915313,1820.5835641244682,7.925437539489821,167.2508267695046,87.887852475942,224.36362736864922,0.27642001168514985,5,SS/BCC+FCC,0.2722686412287953,0.2536238213114529,0.13271107463322324,0.28776244371472387,0.05363401911180463
1.0941128533554845,8.154901548373468,13.064330783943609,-4.816947254752261,4.8971877327146265,0.13145896218628964,1805.6416583761022,8.189064386828584,174.57731860750576,84.31211149497587,217.86388237087965,0.29200822104818297,5,SS/FCC,0.18332242483597397,0.15258960715640574,0.1698510044646346,0.31433792188415116,0.1798990416588346
0.9860019469791403,8.117865129644573,12.877139530325307,-4.035817796326121,5.734197232383911,0.1257646934913887,1797.152303723744,8.144396643030861,172.3141064367017,83.49644044237621,215.65651554979405,0.2914114326743432,5,SS/FCC,0.14509291174826075,0.1499700041095823,0.2799700103623659,0.29191319030890733,0.1330538834708838
1.0883268050129866,7.317543316194652,11.115464661523731,-3.6528925224720683,5.922418024090856,0.11051011049996333,1946.294023358236,7.7240909698119,179.6263339227742,95.52308953852096,243.4200068460067,0.2741422415354579,5,SS/BCC+FCC,0.45167280104389185,0.0662235707632721,0.29828429410741564,0.08052617912513216,0.10329315496028822
1.1068808242193915,8.05910810155799,11.360687558398002,-4.498627020600071,4.664443210185819,0.12307094391751779,1847.035649733036,8.23788429875072,177.66448097298553,86.13000145549474,222.44381034913977,0.29132594096193876,5,SS/FCC,0.25064291391694715,0.09742709460893113,0.08858568598180297,0.46886758698382064,0.09447671850849809
0.9882918626418338,8.225668988156102,11.848015121208531,-4.813992695883624,4.333330548206857,0.1414632874641118,1760.6852901382772,8.274409426130314,169.24879674626615,81.35288221595026,210.3548631551425,0.29285439818074294,5,SS/FCC,0.11620502817004981,0.22043386397679712,0.10097422907765434,0.44626084907799723,0.11612602969750145
1.0088956096639088,8.1830566541508,11.730646226485597,-4.391232717836838,4.804946931780805,0.12965519011601395,1798.6771207551633,8.276848741004574,173.20255034179135,83.03299923998172,214.77765401494776,0.2933270867056002,5,SS/FCC,0.1622475291629246,0.1511830299058498,0.12077508154876021,0.4728539763824297,0.09294038300003546
1.3130299374414078,8.27450800842722,12.08015425983894,-5.354835491697565,4.198759224777161,0.1207910157621704,1861.2071197995022,8.205006743199906,185.38979556124707,87.76599797762572,227.41145662886152,0.2955555788634442,5,SS/FCC,0.28160610549626247,0.05603004665853501,0.13078089411349966,0.16941564138512555,0.36216731234657734
1.3128756015364942,8.19083055519786,12.052487485855643,-5.966524463213329,3.7175568851823777,0.13162040249318546,1840.3585021279114,8.106682707213237,181.72049255221054,87.593581836664,226.4034674596804,0.2923519207255139,5,SS/FCC,0.26340216421701285,0.11381246625839159,0.17419792782303065,0.06572753351285276,0.3828599081887121
1.3397212702064099,8.21607259843024,12.146858625174877,-6.334983446380637,3.5295478037709085,0.13539013057346097,1840.7747327613051,8.157172711311727,182.23029165007642,87.60198404736484,226.50990607988967,0.29283547937350235,5,SS/FCC,0.2773652239269366,0.12111761885488305,0.09156263836837608,0.1279883725606154,0.3819661462891891
1.044311389763784,7.809874630612031,12.702157212665337,-5.7422598190280585,3.865530023274694,0.15122925114670963,1747.4891253348962,7.9724046369433434,161.8573060472125,83.98953935028939,214.81243783106916,0.27880471480600527,5,SS/BCC+FCC,0.16428336726860687,0.3539771702814437,0.12395211317982704,0.22315616310955647,0.13463118616056585
1.161304659865538,7.809979498974612,11.364300487040568,-5.223075192510317,4.0618682889335345,0.13060494814732637,1866.8502809508323,8.10441310181219,176.65824566214866,88.86268734813854,228.30703591922313,0.2846057368532059,5,SS/BCC+FCC,0.3221605328371924,0.13063046499646824,0.05200276839822917,0.4054814378907551,0.08972479587735506
0.8272133760487984,8.363468202208255,11.1216667944033,-3.5320642098020545,5.5316049655977615,0.12591662483551525,1756.7501179938379,8.345679579079114,170.14802374986417,79.55262068583576,206.47826065724846,0.29774644051425714,5,SS/FCC,0.0599013295570788,0.16658827287774042,0.20173320942583556,0.49369524207853843,0.07808194606080679
1.0671093684771684,8.193682687559319,12.612381298233291,-3.8446490968238467,6.020171308122722,0.11102838567224116,1835.1373666376803,8.202698522422356,178.6758710914252,85.02175712170468,220.14679533742017,0.2946497625442525,5,SS/FCC,0.19418223377585594,0.06866680004729285,0.25827969768747444,0.3070285818204294,0.17184268666894736
1.1318734239488324,8.093446114318365,12.446025018102604,-4.75118858624712,4.744573167809208,0.1284090857667202,1811.2101328171043,8.032007909516079,175.2015383210807,85.57012124956145,220.76853623121744,0.28998611318637607,5,SS/FCC,0.18529683610941755,0.14633823531339854,0.32886022133221465,0.06863139263934179,0.2708733146056277
0.8635069258012072,7.829444869569404,11.972185731728189,-4.224990327771162,4.849736170141538,0.1498183467289898,1711.4747231597098,7.931799609871756,156.8497600739795,81.48709333179872,208.37590574594608,0.27858227128977453,5,SS/BCC+FCC,0.0741050692841948,0.3823783734932131,0.27210753025620754,0.18278467230176224,0.08862435466462223
0.81353686165903,7.98925041177781,10.915960503002893,-2.5417781339940055,7.75792267846841,0.107264929249851,1806.4306830210107,7.988482896066225,170.82283236358114,83.78879711277935,216.0432384485213,0.2892131519547179,5,SS/BCC+FCC,0.11131343126693803,0.1098346365932641,0.5442576671204548,0.1474766191337347,0.08711764588560826
0.9330610796902157,7.847741823867796,12.306570040705191,-4.866306645332618,4.393924641251688,0.14917107217453984,1737.461291327704,8.007151778104232,160.38228021143365,82.54164931604363,211.36490010284197,0.28035302089462194,5,SS/BCC+FCC,0.12139577121687287,0.3422771604878642,0.17752829586538887,0.2847870180703416,0.07401175435953244
1.1778756830258166,7.92797859549359,12.92014766106887,-4.701914430098859,5.1200058276049605,0.12174553922039996,1863.2785812155525,8.034081182095344,178.84983191491142,88.54520022317737,228.00808983092614,0.28752371250069914,5,SS/BCC+FCC,0.28201567508954645,0.09323715453709959,0.24139058395133506,0.18146607263425613,0.2018905137877629
0.9957548997358713,8.496550437098598,11.924248602504676,-4.409687221609345,4.765853154665459,0.13202790852695379,1762.4528993494519,8.398629827976595,174.30183064142523,80.35191039763833,208.94789722502887,0.30020491231015073,5,SS/FCC,0.09525900977534023,0.1635031621843883,0.0972754458867219,0.4373531454734339,0.20660923668011572
0.8658476226815738,7.986223388587873,12.133765458923202,-3.323362788198437,6.521951855936259,0.12428230325867973,1786.3225311028605,8.028972550323232,168.3796837799224,83.22683494948205,214.36214487658813,0.2878186765524849,5,SS/BCC+FCC,0.11461007273134455,0.17301680453953122,0.40928470077614626,0.2177165053158629,0.08537191663711516
1.123848650905163,8.193772934384148,12.534786163641334,-4.412162479716387,5.216826172532303,0.11956067135759647,1836.2889975132298,8.2411875268051,179.02857961873167,85.36673204294382,220.97713398162082,0.294281324195812,5,SS/FCC,0.2190396329472411,0.08627170872885699,0.15457807993189632,0.36209724777652164,0.17801333061548383
1.1078431741098393,7.637551168242659,11.934000514620136,-5.497858492150726,4.01006510708609,0.13654727694646304,1847.3917850201667,7.981826319003427,171.5147385172199,89.06360051446657,227.76623781774637,0.2786718508014412,5,SS/BCC+FCC,0.3164456732560058,0.20585777166629993,0.0729673457772318,0.33315813217995577,0.07157107712050685
0.9990883843999105,7.820058921002797,12.578187806575361,-4.686974160136302,4.839387214934696,0.13694145153910967,1803.2874063800234,8.032918509877012,168.24888973552663,85.47316206978068,219.28589099410652,0.28277628722265186,5,SS/BCC+FCC,0.2054926882010767,0.2202881383188787,0.1868985907772893,0.3233087296816817,0.06401185302107372
1.0020526219854702,8.543137809340863,11.17203164366397,-3.3140822674506527,6.056923844814919,0.0962044338606377,1796.732287068677,8.243150559863405,180.34093912669732,82.10768490339314,213.86594390197894,0.30235034731286675,5,SS/FCC,0.09171969372746606,0.053379852754786336,0.4125401434053147,0.10476357067428464,0.3375967394381483
1.095173953347125,9.051653915948467,10.179587289425902,-4.457447114186743,4.0192612195723205,0.11950819871396881,1759.9582217067405,8.524317893030208,186.13948574494412,80.13485456285107,210.2351410397335,0.3117584238880888,5,SS/FCC,0.0891730939586858,0.0980602239811685,0.08254953284901248,0.13237397057526026,0.5978431786358731
1.2384365287983425,8.611254054910095,10.626016916420761,-7.02080310060098,2.615361220698218,0.15769829212643788,1728.017085541759,8.28526350371375,174.87671479651328,81.14743762827544,210.8317962739234,0.299066257887976,5,SS/FCC,0.10594657650826446,0.2632810049692581,0.05009934421180469,0.07491793572546332,0.5057551385852094
1.1872596347115723,8.69653105673169,11.756746427187615,-5.313788716908276,3.9374659319508933,0.13175235946891378,1779.647635462558,8.402919400491356,181.98921054792177,82.11622717253559,214.1408417344307,0.30388870207405083,5,SS/FCC,0.14193474814719187,0.12808983232213655,0.0684953689427274,0.21446971582767912,0.4470103347602652
1.178413191671612,7.4944444166231055,11.393198164415466,-5.360200083442911,4.0571232603262235,0.12777650043874625,1908.7701435392173,7.922482874221891,177.50299868883218,92.97773388859443,237.47016855069714,0.27702708282411503,5,SS/BCC+FCC,0.4239463979011865,0.13196837998139593,0.05772301029149151,0.2984188312449764,0.08794338058094954
1.0211560510455764,8.362341422139846,12.220522687875201,-3.9490254403999634,5.582906749891157,0.11773455366914859,1804.10011361314,8.335461691322786,177.17693731553408,82.59067140342842,214.45017551319546,0.29827117196854136,5,SS/FCC,0.14709851596879764,0.09984198139514466,0.16300523828242358,0.42372809323468336,0.16632617111895076
0.8139085815732485,8.118937871684766,11.82058970135929,-3.5134145707476363,5.885812848138184,0.13304968675342474,1749.4310376729516,8.131724589219129,165.51706796973838,80.68710194383863,208.22566973071585,0.29032809900428114,5,SS/FCC,0.060132081192181955,0.2199651226735347,0.3328367306061052,0.31496497431369164,0.0721010912144864
1.2169010281132462,8.759843681319243,10.922212143472185,-5.723491816677296,3.375092202001488,0.13539815567498362,1768.6266957673351,8.361724429472423,182.46182041154972,82.03405763197134,214.02696831527098,0.3045006823596257,5,SS/FCC,0.12865000251516356,0.14248666160078705,0.11091798411191726,0.07626035559390906,0.5416849961782232
1.0325349181681207,7.72807918305161,12.468255190479042,-5.506331288627449,4.0339393596599695,0.14558110934288163,1781.5011168060169,7.977831546784359,164.47631084211943,85.56763582063424,218.76578986808278,0.278320873131617,5,SS/BCC+FCC,0.2124267395172188,0.30315102301984953,0.11078758752789071,0.29118561476418603,0.08244903517085499
1.2986147081351838,7.95829900991746,12.379059539483398,-7.067323308446253,3.1737337710501246,0.14778471781126185,1811.9151747464152,8.015357674141061,174.20738896750066,87.62131558244496,225.12084011159402,0.2846237163591345,5,SS/BCC+FCC,0.2703448679805686,0.23383512913425952,0.07939705931968674,0.10002201211811297,0.3164009314473721
1.0764129099452335,7.533293924308751,11.493826883050348,-3.5061065719064084,6.278477303951817,0.10955803813773371,1915.2034426314558,7.817180084963981,178.7186454715201,92.51806797807654,236.7082670452115,0.279254270102694,5,SS/BCC+FCC,0.3663489276995335,0.0593225693448035,0.3594793433273791,0.1043839702039464,0.11046518942433763
0.939502466672207,8.129473297248996,11.814505701567155,-4.0550184732849015,5.071451375618692,0.13886836937925892,1740.6427831528697,8.022678031131475,165.95522986742927,81.46531151585518,210.029068450811,0.289070553728467,5,SS/FCC,0.06218152926997948,0.2477994073252928,0.39690450200566246,0.08459335968388126,0.20852120171518398
1.2572540225642117,7.69868383302895,12.051059550354774,-5.476030049132207,4.190950739590434,0.12685171030065048,1904.3783062797315,7.993059292244837,180.67949927822548,92.03315326175095,236.02464512674587,0.2822805519629953,5,SS/BCC+FCC,0.397138481577117,0.09693689068669743,0.08448667209822226,0.25297822440604606,0.16845973123191738
1.2150271034296933,8.728737905151892,11.214669383001809,-5.950145751749117,3.320267931554688,0.1407986545821719,1761.6285218199466,8.370989753867145,180.8645408757107,81.75568976668356,213.1504672158786,0.3035818535943661,5,SS/FCC,0.12707308740153125,0.1657761718006028,0.07101900905777389,0.12360321172462856,0.5125285200154636
0.8850391089986556,8.183499937752675,11.334821787320323,-2.689980583520014,7.656765764993534,0.0954040917012876,1817.1047841439765,8.116432254075338,175.54125773913623,83.44168240495529,216.08684720663942,0.2948375498826643,5,SS/FCC,0.1170133309780824,0.05828857193870479,0.48460972543910547,0.2043615716406697,0.13572680000343765
1.1248894669369027,8.344750616985818,11.6684828773336,-6.508663872868503,3.0359361542273695,0.16326036788054543,1693.4413163235977,8.168822690928689,164.88119020203914,79.8842403207105,206.3306168085184,0.2914350564026449,5,SS/FCC,0.060129065714256295,0.36055569400690163,0.09882571424628363,0.13541460964388272,0.34507491638867555
1.1092000852046953,7.7693071795594575,13.01573401009728,-5.830223379620219,4.007400302516314,0.14491266593616584,1795.061494380787,7.970935108489724,167.44912480852562,86.45278200905491,221.27708822470555,0.27975689782619945,5,SS/BCC+FCC,0.23392827097136676,0.27609806264791176,0.12099635022990332,0.22469284815153195,0.1442844679992861
1.1510547892531067,8.641740649316702,12.179098993723946,-4.5823866172127365,4.771986856568929,0.11789021838334227,1795.4606898516713,8.348614455388116,182.76493438195206,82.66056266060994,215.49396068925725,0.3034871391696084,5,SS/FCC,0.140365449769948,0.08633980644582548,0.18313360406381557,0.17151092413839852,0.41865021558201243
0.7410357161236576,7.780088871162011,10.390776613512013,-2.8108575722333873,6.3956671006671755,0.13877774758900377,1730.12243104947,7.8331576435582795,158.12375073228128,82.07020464504016,209.8967210305195,0.27876323653839236,5,SS/BCC+FCC,0.05817138841614274,0.31948932618432485,0.48397626435975605,0.06080506790093234,0.07755795313884412
1.234142958565827,7.51828529647955,12.07366485357883,-6.680527495994133,3.362787344611693,0.1388841195233006,1860.6775120967359,7.845168559745479,172.86303173078875,91.78423967295363,233.9468473770351,0.27443909875288214,5,SS/BCC+FCC,0.3817970807225847,0.23779344476861264,0.052739904598907136,0.1356662371264587,0.1920033327834368
1.0330039680483807,8.160034428571034,12.346128507533109,-5.710011241793791,3.6856987730326556,0.15819782138048022,1704.6141307163434,8.124958465153334,162.1959000309696,80.31982710288159,206.82018530521344,0.28747902457694335,5,SS/FCC,0.06932681220867791,0.35749418479019146,0.12922183007452936,0.2317321080746218,0.21222506485197962
1.0068004592391253,8.256672024760496,12.630725677375914,-4.302412674106152,5.24832112453868,0.12853508659143623,1787.7396080861267,8.258226950091178,173.38279117431816,82.44227290571652,213.48927874465429,0.2947804034272993,5,SS/FCC,0.1350050563069401,0.15187209407543875,0.18364386191312013,0.3804037439591876,0.14907524374531353
0.9402431341556969,7.928767247751933,11.13756017192696,-5.431777722944231,3.4360898753490616,0.16055320535251036,1675.7781405382943,8.03209056604669,154.20001878367896,79.84463677430767,204.27594152490587,0.27920890981269764,5,SS/BCC+FCC,0.055996348469651056,0.46109468153404326,0.09268230664456044,0.27859870047821195,0.11162796287353333
0.8721538841421123,7.8222523537752515,11.958455099117208,-4.301870517978089,4.747847500285298,0.15062266954168183,1707.965599560479,7.923256452947575,156.38669424277086,81.47436781541832,208.25715376202857,0.27805320462159944,5,SS/BCC+FCC,0.07369373592626961,0.39349164976690454,0.2652918647765042,0.17191402366594996,0.09560872586437183
1.0440344347330126,8.586665714988298,12.121826820555981,-3.777339780246974,5.748047630862949,0.10726887132137013,1791.1767792327498,8.304289146864186,180.53195652085174,81.9190390618689,213.46889664108932,0.3029260296856517,5,SS/FCC,0.10372738216953746,0.07463252446436122,0.3030375958505408,0.16845199123938773,0.35015050627617283
0.962177978030446,8.314883458405419,12.192304962496882,-3.2385779230409137,6.808472338459115,0.10300800340128283,1808.4993019174913,8.202322101323608,177.08511729968095,82.92652464791719,215.18948237912778,0.2974707627792319,5,SS/FCC,0.11966445543230071,0.06987820931243705,0.3808500437560279,0.23512400441601164,0.19448328708322268
1.273361439537164,8.294911018210634,12.481247023354372,-6.469331165442071,3.46493331108521,0.14421951875417616,1795.9587274069456,8.191657652428205,177.52189228109228,84.97907411172577,219.85583094264138,0.29358805824118056,5,SS/FCC,0.20721799217835324,0.18541179356045515,0.0826648335603998,0.1546519652737902,0.37005341542700176
0.9113271220966187,7.933156571637944,12.458010757322613,-4.396985977059057,4.897361255195486,0.14750075904843873,1728.4969551331487,7.990131237164972,160.7882611723049,81.73168892111529,209.66886175965223,0.2826656620421587,5,SS/BCC+FCC,0.0838782551742321,0.3267657215957074,0.27889663092639166,0.19323998102521942,0.11721941127844926
0.7960399763043335,7.596505035438565,11.130971435357859,-3.4049049615120572,5.658319771288791,0.14179392437391816,1730.8504323534225,7.762318609709697,155.69816534268824,83.64758752925094,212.82917489383803,0.2721776035645574,5,SS/BCC+FCC,0.11094524133559326,0.38540540563825126,0.3710005853190459,0.061496611666214514,0.0711521560408949
1.3983862754053051,8.27252910072982,11.204255919625057,-6.346898396336809,3.2889463754129644,0.13060003927399505,1863.0966584875398,8.195898702128982,186.40124451170666,88.67970424128461,229.62473869087037,0.294685974967253,5,SS/FCC,0.31397850484009077,0.07856207753580606,0.05434087090200536,0.1271889054983897,0.4259296412237082
1.1031200229475153,7.827962038640971,12.813140543189265,-4.535431879101949,5.194923615532838,0.1271037730519302,1838.8331331333607,7.935532839346008,173.9990025949407,87.84963478160243,225.5841548852561,0.2839219846847795,5,SS/BCC+FCC,0.24639758142507293,0.14877417471774432,0.3167414616721067,0.10664218816129062,0.18144459402378538
1.0643664739137435,7.897532924884063,12.976741951494466,-4.553513927494848,5.159141312073556,0.1319217686497707,1810.3332150237304,7.965140253956755,171.31802971559677,86.0671286605457,221.16494252248538,0.28483978706187657,5,SS/BCC+FCC,0.19829027469719837,0.1842487423814927,0.31720268367414484,0.12215438183437408,0.1781039174127899
1.0845264007481605,7.649262972046393,12.522728950664145,-4.182997560159871,5.637081232821002,0.12011229489124112,1882.9683827935855,7.924915410506326,176.20751407247587,90.32716656083858,231.43549019324217,0.2810957046757472,5,SS/BCC+FCC,0.3254232664091696,0.10593647031240866,0.2561355389154317,0.21896347354883883,0.09354125081415111
0.9551208314249611,8.144789048535031,12.615414725071602,-4.78284069266713,4.556936364316869,0.1483998279247226,1727.6566572774313,8.134882763041087,164.15895168881417,80.65111162507672,207.90543187072564,0.28891857583573544,5,SS/FCC,0.07184502253953953,0.29226233159385856,0.2079265772222941,0.2751907120806449,0.15277535656366284
1.0462497039858656,8.42125626123983,12.940270522062304,-4.377006995507128,5.256058392905848,0.1261277644370348,1777.8461100467614,8.26149578889013,175.71535388623712,81.90841591770632,212.6789989601798,0.2982731785086598,5,SS/FCC,0.10990465381550135,0.14016987395070776,0.240030037336961,0.2385554269721217,0.27134000792470825
0.8566099508364498,8.26034175031902,12.040349700505889,-3.6401238713124604,5.814442528758128,0.1284834070361992,1757.8639647700675,8.232053246810192,168.99918263107864,80.43891830383068,208.27274104674981,0.29460182607174257,5,SS/FCC,0.06625982499230748,0.182094371756956,0.2796047310375861,0.36912637236571166,0.10291469984743885
1.0308552414872103,8.960659510723193,11.081241128946704,-3.7193061523642177,5.276852042763986,0.10967709196265715,1771.1223243172349,8.553539724282818,184.82685693599063,79.95231817812471,209.62977073118935,0.3109674335155483,5,SS/FCC,0.09004853816317744,0.07597074028642821,0.08296838558329081,0.28529734459822914,0.46571499136887434
1.1937967065532293,7.466068500960372,12.288507397926118,-5.232454664591876,4.489285640235537,0.12555473784013643,1911.5411919095818,7.8319686972788025,177.98210157252828,93.7014399966998,239.13829717844138,0.27606521941852696,5,SS/BCC+FCC,0.4248313297502766,0.12861788817437986,0.1494896234289075,0.14977326865756618,0.14728788998886982
1.0924112207247263,8.84422642569495,11.056478576591891,-5.37286456304715,3.5525390003336166,0.14205774582267403,1726.3466232987553,8.410034624975346,177.92408249665968,79.2569124959006,207.02999012165054,0.30606898251530273,5,SS/FCC,0.05465726740159977,0.19507215273717812,0.11149883193922337,0.12893038260866904,0.5098413653133297
1.1740396150271846,7.988390226276604,12.738862498717683,-4.47642857686028,5.303371831951628,0.11731095132037679,1863.6020702810538,8.053434728887165,179.86750078897768,88.19600676850342,227.4174847114293,0.28927313743554145,5,SS/BCC+FCC,0.2698069079028784,0.07433406064580694,0.2699893923160248,0.16940117554241205,0.21646846359287777
1.1037932546561338,7.584013433909793,12.956654701423714,-5.1998388691746955,4.6096985022096995,0.13366100169392792,1849.9909590112807,7.879320098748397,171.44133689137232,89.79294214445417,229.33969615565928,0.27704745316569307,5,SS/BCC+FCC,0.3156743148626598,0.20472001060080908,0.1758266384806463,0.1874759978758473,0.11630303818003747
1.1026628885440122,8.352046001826006,12.40236160977568,-4.265557391084484,5.291743208207771,0.11780073965693634,1819.9952844015852,8.319786373483398,179.57784946654547,83.86171068344012,217.69737070223118,0.2979545070574093,5,SS/FCC,0.18322866230652027,0.08464062488993516,0.1403735566367669,0.38037036100457366,0.21138679516220396
0.8792237802395058,8.346455114378806,12.254867960517933,-3.4795336483511683,6.202785551583369,0.12169646790778736,1761.161957236966,8.218449079073949,171.31826187731303,80.50259691139482,208.8023270636777,0.2968670271189883,5,SS/FCC,0.056579732854495565,0.15365230237885927,0.35016243374994277,0.2659441795667503,0.1736613514499522
1.1948396348897798,7.357084668361442,10.892390169978823,-4.287427774533571,4.97750076188325,0.1127357482323716,1959.2283841042856,7.745389796283553,182.5445936107639,96.50895024171439,246.14837095299026,0.2752618816000586,5,SS/BCC+FCC,0.4864112161704771,0.05240414494277645,0.24021980104572094,0.059618430036879756,0.16134640780414589
0.9977359869268827,8.513021595135012,11.84332141427828,-4.90867323162356,4.183358398253068,0.14370798948459246,1733.8669493841655,8.37943840777889,171.25305448034567,79.34129128471471,206.1825199018693,0.2993393261144895,5,SS/FCC,0.06637437142862024,0.22259265709251919,0.07982697194923918,0.3940490039744699,0.23715699555515143
0.8584127135283461,8.50746732019936,11.599881402685627,-3.3318638804795735,6.146334127545095,0.11613353296692962,1765.4279481270628,8.400783107095707,174.03670974606507,79.54905278391678,207.09415298972556,0.3016757946336971,5,SS/FCC,0.061410618094671916,0.1240924011493573,0.2070468098437951,0.46051938428629047,0.14693078662588535
1.0176435895806333,8.378136827069294,12.747649961514327,-4.430079704533065,5.103814109940527,0.1304683547208359,1773.6844419349893,8.298736999064449,173.93710847215544,81.52537123185917,211.52796897929557,0.2973137428452022,5,SS/FCC,0.11183566731929734,0.15916366069659396,0.1729148432350637,0.35119983509360975,0.20488599365543544
0.9158741843937567,8.580873364332462,12.188019860045141,-3.376421633617645,6.380815480292562,0.11043895981602758,1767.6644816788032,8.3388399169663,176.51153473828586,80.0688570576203,208.65644583171854,0.30298129322342016,5,SS/FCC,0.056425420189741754,0.10483000883841867,0.30408882151230443,0.2707572853687046,0.2638984640908305
1.2549392083305158,8.404509329097838,12.240956100437774,-6.481985739536217,3.356162962045796,0.14664005826350637,1777.1980911626201,8.235781415617371,177.02735785484919,83.68192307978413,216.87331791548806,0.29581939523973655,5,SS/FCC,0.17389703309071258,0.19946991647961926,0.07537772861349162,0.15073733187346847,0.400517989942708
1.022819701844074,7.716122820289066,11.621071021827888,-3.23430990398923,6.765600304232419,0.10714505108591425,1882.9636954210714,7.895941913202384,177.07702765724048,89.59628806005506,229.99791257892133,0.28352366799368495,5,SS/BCC+FCC,0.28288223024712356,0.06154441962778445,0.4183703526716208,0.13097429449584522,0.10622870295762601
1.0489666039728138,8.497325736998818,12.690831181435971,-4.011464605623343,5.676068930857556,0.11551259444978759,1794.1579212391657,8.33045119572411,178.92855374605236,82.13425300818724,213.70368748752352,0.30094132265512485,5,SS/FCC,0.12456499591851183,0.09412004605764908,0.21448902129331746,0.29307609856755124,0.27374983816297016
1.1568179077542375,8.009167854909638,13.268568472096122,-5.590234281436679,4.290275902337393,0.1397020445547039,1807.5538266831,8.09105177961877,173.04677305335227,85.7658894031888,220.81703196717478,0.28732432849326195,5,SS/FCC,0.2194371703491589,0.19630327266775496,0.14288794840734842,0.23839774887576645,0.20297385969997137
0.9479689862374544,8.250708395902292,12.596906835406697,-3.766843853313432,5.977430845338907,0.12155389457803048,1787.4272557541608,8.222319959548381,173.0351804738982,82.17024217005797,212.82261425350106,0.2950102654744974,5,SS/FCC,0.1137062375138739,0.13549567350700603,0.27714894000213175,0.333681753516931,0.13996739546005732
1.4347659944383198,7.940362571541556,10.855686995740859,-6.5251996379657315,3.1754731893348445,0.12955240527921855,1908.7322330701281,8.045148985683593,186.8365973672009,92.48646713914734,238.16171869950657,0.2875490115823567,5,SS/BCC+FCC,0.41193607073061583,0.06717257900036246,0.053727256523392504,0.10292089548810632,0.3642431982575227
1.0603254193699072,8.658329304243786,11.524666864023208,-3.9857607187922146,5.1826671668353566,0.11553175278318792,1792.4055105921254,8.481340255322062,181.37469330280516,81.37804253426923,212.3721931387908,0.3048494810461831,5,SS/FCC,0.13134996103699287,0.08458077041649086,0.07052253536697614,0.42148346962481703,0.29206326355472295
0.9070284978257764,8.554848782119556,11.877109448470177,-3.0103937262484823,7.037986256224686,0.09791584039731815,1783.8613680433068,8.316607474784494,178.01602961745272,80.73093797367765,210.38877997525208,0.30302449876062026,5,SS/FCC,0.06724023295513876,0.0688622290875289,0.3589482249952449,0.2517071488068112,0.2532421641552762
1.03979861549468,7.530555324705959,12.447296043968446,-4.997022012176475,4.593605444756184,0.1339243421063166,1844.1235779419526,7.887002020428178,169.3257199219425,89.39299097702619,228.0475393841491,0.27553366819752606,5,SS/BCC+FCC,0.3095868166707023,0.22342606939912224,0.1512057648856612,0.258407670642543,0.05737367840197123
0.9648862054161763,7.9065767018559505,12.473084789428055,-5.099800727457244,4.239796358955445,0.15090532476570545,1733.5022699271958,8.032067133755929,161.03022215881168,82.24591747697248,210.8420163315898,0.28177800673584885,5,SS/BCC+FCC,0.11587756899921309,0.34212721248873357,0.16298025415224532,0.2775708763765073,0.10144408798330083
0.9009707091367167,7.823623883658237,10.395340174959857,-5.301354836189656,3.2747592478077414,0.15916765377783113,1670.0428998273412,7.995400335780114,151.5491964300877,79.99743554651208,204.0829309038949,0.27555920705256276,5,SS/BCC+FCC,0.0615675044458034,0.4960370097777682,0.06877336412721079,0.30444834097082385,0.06917378067839379
1.0442709538095838,8.056605980588927,12.337533214387149,-4.728701605443408,4.600108255641218,0.14026644780301759,1763.1193785485498,7.995584039771282,168.16591181251832,83.38912987508535,214.6822611509577,0.2872316899849292,5,SS/FCC,0.12075432541840475,0.2397861983792662,0.33767133890367707,0.06567544479230022,0.23611269250635167
0.9906028075769895,7.049898958175421,10.192616608393976,-3.1635093476974627,6.359258439990334,0.10570321694255318,1973.7404683724017,7.597914064624101,178.92071513854893,98.32617227727785,249.30910730865807,0.2677657511451341,5,SS/BCC+FCC,0.5246242972612296,0.07991820015754529,0.2797399169905372,0.05236941832595191,0.06334816726473604
1.1745067971433303,8.067054209191003,12.623304913114135,-5.191086312067723,4.466714690600668,0.13069428477246278,1836.8490753095055,8.178380522639614,177.39661901636998,86.46457052857109,223.140247825843,0.2903565383009058,5,SS/FCC,0.25148519650098466,0.12829072762967844,0.10173856300745905,0.33865569590110545,0.17982981696077235
0.9525207708062835,7.878774094191763,11.96518041816024,-4.751796259063122,4.2978580239461825,0.15257300301287396,1706.8317621883443,7.914607486312301,157.8005408918519,81.70483049038035,209.03665835973467,0.27921848136228583,5,SS/BCC+FCC,0.07702526935723629,0.3930608041554226,0.26945062361186,0.0950411686893056,0.16542213418617555
0.9394468223610675,8.03689130487228,12.596270819926804,-4.576299127710205,4.7545396893791105,0.14793458621356612,1727.3525552728072,8.04446738045714,162.45561939745514,81.24904582963127,208.91831507187177,0.2856662680688364,5,SS/FCC,0.07517371031423231,0.30978082358347203,0.2651250049682714,0.20282137318383156,0.14709908795019264
1.0260060285723291,7.74231960228017,12.950354529177618,-5.192502699851993,4.453055628591078,0.1431595674393016,1785.4729594475632,7.954131962728371,165.29291645416953,85.67232460503243,219.15401973357987,0.2790245901691495,5,SS/BCC+FCC,0.20573397928071838,0.2839694184794871,0.17245342285055645,0.23792937945738205,0.09991379993185599
1.0728063925891593,7.984878128487868,12.98999709985989,-5.525499574856078,4.107668295909629,0.14986720766859216,1747.261631845287,8.007171996846925,165.0227736946751,83.26623525479768,213.8337135768327,0.2840361577684751,5,SS/BCC+FCC,0.13451279487265969,0.30772066180546204,0.20637287199408305,0.14116296261694133,0.21023070871085386
0.9335130424441994,7.929062787872341,11.243044584378552,-2.9394580839942535,7.01172977962572,0.10703626414530067,1833.1949713933366,7.9518832761380285,173.89105247037884,85.89877336096946,221.26310670745286,0.28792937343614083,5,SS/BCC+FCC,0.17072320485788484,0.08823976663200012,0.512396770552008,0.09853155169610273,0.13010870626200421
0.9476873067034821,7.8330094653542615,12.55537953957625,-4.5906033719804356,4.849579473442067,0.1415989451760459,1773.1443850721776,8.012898445132622,164.55516868658108,84.01079170801903,215.3796001148656,0.2818567456394244,5,SS/BCC+FCC,0.15965906404650262,0.26988029871239166,0.2116450870488513,0.29542320822484935,0.06339234196740492
1.0688208562136274,7.986935310930216,12.688938778730458,-5.815782375983872,3.815442336804201,0.15201758801147885,1748.7503487372835,8.083844064965492,164.8073980852355,83.02128482023828,213.2549797415843,0.2843391920718545,5,SS/BCC+FCC,0.14742047231314348,0.31344827982154594,0.10182244011420354,0.2793930801241658,0.15791572762694125
0.9656821537833621,7.757722606525469,12.373844632473142,-4.987607859248804,4.386388871811852,0.14508289780267172,1768.051292622907,7.984122034757552,162.8642376310105,84.42193223916551,215.9522863026798,0.27900582570706634,5,SS/BCC+FCC,0.175479798727354,0.30807357344067166,0.1587671058399741,0.2986032665631502,0.059076255428849964
0.9531027405577702,8.132729242491795,12.790150647176368,-4.051724295822008,5.618763174564435,0.13003649342384085,1779.9387601929288,8.148695288761036,170.25197026061068,82.56825482588768,213.23364177523715,0.29125680459690334,5,SS/FCC,0.11958144482062334,0.17782618352018895,0.2783207943734918,0.2988248389181623,0.12544673836753373
0.9863274601454249,8.744931130101527,11.887216507072148,-3.941837261616611,5.287400388275345,0.11842503899675068,1753.318545396271,8.37602023305176,178.50654108424803,79.67399119818356,208.066134370924,0.3057343509588583,5,SS/FCC,0.05021860318217344,0.12252577834892257,0.25431318264437897,0.17799075683425292,0.39495167899027206
0.9926350325572594,8.171423523436376,10.980578961023168,-3.892902542107806,5.135505674139419,0.11921509199608923,1820.6715966741,8.298917033457625,175.44869779407622,83.69741516811348,216.6426175304098,0.29420136270196884,5,SS/FCC,0.18216839901730836,0.10354540780105276,0.13393475501581809,0.5213971470595962,0.05895429110622463
1.1228362268375243,8.353991323884621,12.536113628887536,-6.027081312285853,3.606983612685514,0.15324265641885013,1734.1568349082502,8.231211908839995,169.71182062876937,81.13802696498436,209.95478002452683,0.2938124568590642,5,SS/FCC,0.1025115116504768,0.2732313623497448,0.09208155825384345,0.23210542595655106,0.300070141789384
1.105622123921638,8.476788545712946,12.582458408587504,-5.3916448580972025,4.0722496385412965,0.1432689424354206,1744.9791752773842,8.245429347089036,173.3316154552803,81.06955853949925,210.4055021075443,0.29768501209383713,5,SS/FCC,0.08887219566202571,0.2141560411170694,0.1857911667020983,0.15367221488354704,0.35750838163525955
1.1093752864385706,7.076640825754947,10.397214023999771,-4.027040511539294,5.141881432172983,0.10949737107580206,1991.5498446965682,7.663809619878815,181.991860877983,99.42507002526648,252.3254058318821,0.2689224446498238,5,SS/BCC+FCC,0.5754035083759551,0.0664290599132601,0.15093799748323852,0.12058196603497451,0.08664746819257176
1.2522283827717018,7.745939535347675,12.053506958258739,-5.0116719314880696,4.599234722309115,0.1207741173174107,1912.2949232267622,8.01054109949692,182.3365943279194,91.96635189207812,236.18954501361299,0.2841084818215893,5,SS/BCC+FCC,0.39159973554322,0.06258936463725384,0.12576094256855783,0.24837154343056733,0.17167841382040105
1.1467758810432125,7.874412521089823,12.516597040178226,-5.427965824828759,4.234112726291411,0.1359043013586622,1836.1718714056944,8.087943970570787,174.02546676710713,87.351825021629,224.4939984993778,0.28499890210531553,5,SS/BCC+FCC,0.27232336679022134,0.17217469057106985,0.09180744814165383,0.3361550437527732,0.12753945074428175
0.9924017968003842,8.154485501929592,11.765758216971578,-5.605761430776811,3.561230872564435,0.159496377979235,1696.738439172403,8.159665673400259,160.66473894003084,79.64200736266424,205.04546525967802,0.28729468310590484,5,SS/FCC,0.05858185231246246,0.37223012816570344,0.0918901802880683,0.3107163437473106,0.1665814954864552
0.9972971525839983,8.025240135320079,12.99573391054159,-4.4028164423517,5.284136961752073,0.1335206278349468,1790.2098137070725,8.101082206073354,170.0181838658433,83.82126430056178,215.97150228709182,0.2882858788234978,5,SS/FCC,0.15535849050385142,0.19113543701083666,0.24609955643888418,0.2877204787542352,0.11968603729219245
0.9974050631976711,7.50518788703876,12.335819861461657,-3.9052999029446234,5.911260825317039,0.1224538745541699,1871.39991487493,7.825785488425599,172.28464123081284,90.46603060790457,230.97078837682432,0.2765608639219049,5,SS/BCC+FCC,0.3175164729564641,0.15199318533044207,0.29945940896940015,0.16984784720525772,0.061183085538435975
1.0490672249210486,7.983801085542427,12.541537795077621,-3.7509940487009907,6.16206660658476,0.11362280418733983,1842.9862197709938,8.035449183372519,176.42133307911334,86.54081674985667,223.13696279007613,0.28920069841174495,5,SS/BCC+FCC,0.21205350948526694,0.08715737240958508,0.3644713152487828,0.17757012879018472,0.15874767406618054
1.1498959505013415,7.448693866654551,12.13649352955436,-4.627667523070038,5.01667423863278,0.12114316264227148,1912.8676176593913,7.790536589575133,177.7351037560282,93.64265312711478,238.96110146957463,0.27592017894451365,5,SS/BCC+FCC,0.410018168016395,0.11432792301470933,0.2346513122083738,0.09894706781899384,0.142055528941528
0.920913848157353,7.7349448315928075,12.20889881663367,-4.824369676688505,4.348918013288201,0.15056186625455173,1718.4836121375124,7.901175660924679,156.5446768167448,82.69338148303345,210.93806969403812,0.27542292932667867,5,SS/BCC+FCC,0.1144833852789489,0.40773165964345726,0.19865764082313822,0.1866113667147465,0.09251594753970897
1.2729658817712028,8.529201468568838,11.428759760811555,-5.042340500657814,4.16419449425634,0.1188875538212763,1837.232661692462,8.367866869822077,186.39667530207856,85.34610806040581,222.1350667351324,0.30137783540118096,5,SS/FCC,0.2338772019864483,0.05487243059542584,0.05386904035589333,0.2629343509873045,0.394446976074928
1.1090504788457707,7.014473029994861,10.07319605510486,-4.127928522193678,4.868018631013917,0.10881635320808308,1994.882032636266,7.60652228579449,181.79756806557646,100.2621597681779,254.07808488627677,0.2670686801169347,5,SS/BCC+FCC,0.5930206026213579,0.0795667545326046,0.15880003728362754,0.05714422135463772,0.11146838420777218
1.1525757791421762,8.037821074687589,12.97236687214975,-4.988891100915907,4.731029959171698,0.1305819818021401,1819.4519338780328,8.034664567135778,175.3075066401173,86.24757765648648,222.28892047001122,0.28866761542776714,5,SS/FCC,0.21153653044582976,0.1508574254773761,0.27606765247049764,0.11132522215596724,0.25021316945032906
1.0604173841986346,7.742209791811796,12.839976539936346,-5.714349454106727,3.946108613869624,0.14906769711115667,1756.1907126141946,7.905193912462429,162.20164917676115,85.00843018221322,217.09878208581657,0.2769250156747475,5,SS/BCC+FCC,0.18298601540960538,0.35268526901391317,0.1602137642131144,0.1473628110818139,0.15675214028155304
1.217843501408034,7.603970617267517,12.543459362524095,-5.422055012551865,4.368225136254042,0.12863539956901257,1888.216055848917,7.862674375028662,177.44408522808033,92.07839036497278,235.50029561265723,0.2788032820686833,5,SS/BCC+FCC,0.37540932300450897,0.1392273927536318,0.18705681274869732,0.10259628695615552,0.1957101845370063
0.9483510969203561,8.745240183830386,11.913405715104584,-3.346008124103184,6.301094567224992,0.10405280242064661,1769.7307065636808,8.40709408544835,180.11776207012855,79.92098220399996,208.87001558917905,0.30672828229284066,5,SS/FCC,0.05911378582158288,0.08062975095606552,0.2687588405131372,0.23889773898881322,0.3525998837204013
0.871863511825924,8.387195453519352,10.336738630903685,-4.071124897480532,4.437557990802614,0.13539594108669858,1747.7328104163157,8.400001107568563,169.4846743330126,79.23868491485376,205.6647678943826,0.2977548031960681,5,SS/FCC,0.06839598960364483,0.19763750527642593,0.09057960958989096,0.5651488530570089,0.07823804247302941
1.075595128373117,7.753355470631923,13.101375574918755,-5.1252240100242945,4.649701911134546,0.13734602743230348,1818.9516351035768,7.9715209945607235,169.84860891505502,87.16022681120809,223.2864719493784,0.28089657472452545,5,SS/BCC+FCC,0.24799254753288835,0.21843522075320204,0.17907255901784375,0.24122355894123085,0.11327611375483511
0.8737136300313173,7.9671588850980175,11.889563989843337,-4.048893682405522,5.032509876308318,0.14787836645684785,1713.7804628280996,7.971180363327535,159.48514006002372,80.86794472605945,207.52774995998445,0.28312739159493744,5,SS/BCC+FCC,0.0508246187454294,0.33854254537278683,0.3355089953339046,0.14289701313409542,0.13222682741378375
1.1963763159601823,7.613675778975931,11.91787590491185,-4.6716067720221135,4.856980029399874,0.12003764059011715,1903.8548341109336,7.8431512652009605,179.4552167997865,92.48385290742492,236.77658155053533,0.2800968715454873,5,SS/BCC+FCC,0.3747915059883163,0.0907775331855823,0.27618464647973795,0.06245630455458028,0.1957900097917831
0.9590769528944234,7.764039323366031,11.596023176950592,-3.41183160189701,6.2124850723021545,0.12073142442819036,1827.864500185735,7.861934561664304,170.91597598689896,86.9747727371912,223.0837741540455,0.2824625298425923,5,SS/BCC+FCC,0.20029227375244285,0.15029006167928455,0.4620531590493017,0.05981507848773821,0.12754942703123254
0.9586898713285388,7.80506679408626,11.217203630362237,-5.349570593330891,3.494699307782782,0.15821902043121502,1666.6492612779803,7.903123050659942,151.65282868093524,80.65562723507065,205.53021932039698,0.27412200714390095,5,SS/BCC+FCC,0.06257966963061078,0.5101319048551954,0.1373554022171196,0.13950800839147257,0.1504250149056017
0.9988480921906606,8.033770167417483,12.067515328541125,-3.4585572444790893,6.437322987715814,0.10892925570989946,1844.941223226176,8.140276389075094,176.69070492634722,85.68975301213432,221.29536255778535,0.29125919248739257,5,SS/FCC,0.2060420867710943,0.06919494137922798,0.2976254331605519,0.33922579503935263,0.08791174364977325
1.0770744877347846,8.363980623066928,12.05805023491974,-5.263259121764312,4.041188323489215,0.14231304919649168,1763.952291885765,8.323713960985183,172.73961111531273,81.54905366205362,211.38305183377528,0.2960484661769654,5,SS/FCC,0.12769842205063603,0.20350698193025582,0.05912487490347671,0.3964549931328076,0.21321472798282384
0.9794409737880965,7.631913519238144,11.700313777736676,-3.271319175486169,6.6845437303165784,0.11397540175602841,1868.9484046584462,7.837469659427015,173.92782063364638,89.44245359590725,229.06224308364122,0.28050066760535924,5,SS/BCC+FCC,0.2734103393223946,0.10605610403424809,0.4271948577000827,0.1018870959693679,0.09145160297390668
0.9749358101673098,7.656304953766267,11.667598889516983,-5.667642745397522,3.527713157563189,0.15212759058178585,1713.6191946899592,7.889885185801328,154.99093530152237,83.34420873948034,212.02765676704036,0.2719999384108521,5,SS/BCC+FCC,0.1453102469295904,0.45841218249277954,0.08613625909812818,0.21494499284077426,0.09519631863872743
0.9824680409161483,7.905616761943052,12.605341838009936,-5.116490531746428,4.307297092992207,0.1486066409463016,1748.3261766497176,8.043259485139753,162.88552710705386,82.88083328067967,212.58589698559135,0.2824792450243572,5,SS/BCC+FCC,0.13512066210124746,0.3142378014317532,0.1599501549740574,0.29128687540858167,0.09940450608436015
1.0940670799124443,7.617749662289812,12.863792892528908,-5.567666917909875,4.214665517614989,0.13939649128236575,1824.1787770677342,7.9076509742512755,168.62390333021503,88.46565386854373,225.8932770472269,0.2767286916959596,5,SS/BCC+FCC,0.2859697586807894,0.25229013643496223,0.12968297054627542,0.22213495258959073,0.10992218174838214
0.8436295649161429,8.569180007062661,10.378516793742087,-2.693148619901982,6.904772854347525,0.09643802836853307,1791.73833388294,8.493507356493916,177.97447327245862,80.01022347683035,208.748938614348,0.3045141579613151,5,SS/FCC,0.08734963846021501,0.05926773930846211,0.1661753225159592,0.5712675761391736,0.11593972357619005
1.1986046520711016,7.924936584723375,12.677884735664419,-5.835903252611834,3.983070922833628,0.13843067332414125,1833.4936009970831,8.09341839008431,174.99175700197048,87.42686094344775,224.83726438485644,0.2858591853726337,5,SS/BCC+FCC,0.2752542699217668,0.17662771007749778,0.07577806145292672,0.2926070824512117,0.17973287609659708
1.1139258295946262,7.736502161115148,12.607957709478715,-5.320406129293525,4.278905156486177,0.13964034410482262,1805.6467212786315,7.864776539024489,168.7712491827005,87.41604927280258,223.63681799439644,0.27915193980275027,5,SS/BCC+FCC,0.23478383861651853,0.24994419297200698,0.2605221116681385,0.0534856821664797,0.20126417457685625
1.2716476763970228,8.575909163852971,11.00355879012729,-6.891344862696036,2.8021597382688928,0.151733577772508,1754.9460394812281,8.282247485569602,177.72641604733894,82.49901902719881,214.33320266258303,0.2990045529627463,5,SS/FCC,0.14384329807956356,0.21938575100711583,0.052691692485237925,0.08517700583695034,0.4989022525911323
1.2403418848911865,7.7020029453123176,11.655229264157935,-5.143757471609546,4.33303552761603,0.12338351696620416,1912.2822638504624,8.019821155637253,181.42193982860314,92.06754406733586,236.2404056895065,0.28297332182949436,5,SS/BCC+FCC,0.4014995658389498,0.07634230636565667,0.08037574409434628,0.3022203840462202,0.13956199965482693
1.2641080213690705,8.068220999219685,12.80529215431933,-5.4249684748181535,4.384174383808212,0.12694473459135075,1857.3580296187693,8.105719056494337,181.04912966109683,88.23106923256213,227.7040383177908,0.29038467003953883,5,SS/FCC,0.2859121077535639,0.09690626785346715,0.16089874910230056,0.17561426800105703,0.28066860728961135
1.1574477151690112,8.141837194544182,12.289391189210466,-4.32546394819883,5.235903348414774,0.1144908446877695,1842.8672386642447,8.080577509870759,179.94304630124378,86.60386958141049,223.89285865500221,0.29262618250871286,5,SS/FCC,0.21778916847683055,0.07310225676259147,0.3323105752233821,0.10307821081395697,0.2737197887232389
0.7750123288127024,8.36279018400682,10.664598462926007,-2.2713316624676914,8.419106940675563,0.08573788861505455,1793.0907243851593,8.208253141937469,175.04261344857736,81.07683681116578,210.6996489191953,0.2993825191400293,5,SS/FCC,0.05467031783039307,0.05433240655460423,0.5046535651405525,0.2462241947266907,0.14011951574775972
1.111900603655036,8.34277541310447,12.690312389482829,-4.756635994929452,4.765379398321847,0.1287874493793836,1786.1798232577717,8.169678699943926,176.11157367760802,83.21773453347394,215.6813442226142,0.29588569931483405,5,SS/FCC,0.13349570956881232,0.14570686419768758,0.2825503029655538,0.12102055009610983,0.3172265731718364
1.1139099208594838,7.5011998625191945,12.432003991665708,-6.201365490418596,3.6363996523676296,0.1416188338921852,1813.918895544128,7.830025613228024,165.97714897641364,89.21750505267067,226.98261437241786,0.27207443336605186,5,SS/BCC+FCC,0.3063261202545373,0.31527378966530256,0.08157991015182023,0.16451446716310655,0.13230571276523326
1.2929747252888468,8.143500983249654,12.268719988991018,-5.357247641797677,4.27971923507078,0.12345271864610508,1868.7784935944155,8.183114934319306,183.71477466443307,88.36738445817177,228.47048018019615,0.29273080549499236,5,SS/FCC,0.302814527444748,0.06748492418872055,0.09974365620820466,0.24329882198878236,0.28665807016954425
1.2707149430284457,7.478061512501923,10.889372019197053,-5.243376160278175,4.055089472716614,0.12104525734646598,1952.5794037197916,7.904225894520762,183.46492721417067,95.56503709800725,244.28066359656174,0.2780859559863842,5,SS/BCC+FCC,0.49407511710736307,0.06304520620887585,0.057934289079431475,0.24063382228313582,0.14431156532119394
0.9806590211792138,7.805683849495601,10.656023975734733,-5.4659432247417366,3.223864575389746,0.15904705849227774,1653.6621912007336,7.87455898799387,150.36606731089665,80.41890950230103,204.7544172939351,0.2730489542890184,5,SS/BCC+FCC,0.0526139788811709,0.5406952327942256,0.13833164551871596,0.08511124555960521,0.18324789724628227
1.226870763662357,8.135809350341598,12.245216924541218,-4.92280345922257,4.5957193602951145,0.12061478560210996,1847.5644735092283,8.07621511557718,180.97888140050046,87.3923615947469,225.82737790953072,0.29203155624017996,5,SS/FCC,0.24514067278751836,0.08332843071401082,0.2769415912822447,0.07975948380180663,0.3148298214144194
1.1683703179281522,8.187038219006219,12.775437907549682,-6.048340481630085,3.714011042284417,0.14915906171359905,1758.3434096616047,8.093050458112515,170.46826351537368,83.36574542828178,215.04246932622019,0.2897531727297863,5,SS/FCC,0.14412013785349878,0.25773953150780043,0.17938801156603942,0.10448661192430642,0.314265707148355
0.9512446896227517,7.84017648452486,12.382442526688285,-4.753822132303219,4.4855196583208805,0.15031441913055818,1722.0646949232896,7.919475132656823,158.93952439518375,82.42766455097302,210.8357933418708,0.27891403020093214,5,SS/BCC+FCC,0.10011267351960547,0.3718253208388087,0.25646139750903507,0.13097406386222146,0.14062654427032922
1.116586391466864,7.936079429133011,12.375619186278715,-6.482751403049619,3.307651782743124,0.1569137146488987,1732.6557338483399,8.025824219268468,162.55497249222677,83.20975552077124,213.24371431418953,0.2813624615262726,5,SS/BCC+FCC,0.15072415420564675,0.37119922584811,0.07066776321334667,0.2060907500733767,0.2013181066595197
1.0606706559196983,8.094723274418097,12.265102686066081,-5.087165467238226,4.209127266872579,0.1459900937473563,1745.8093614412403,8.010732422438352,166.7986496800351,82.6715698000846,212.84937314483025,0.28731904849236606,5,SS/FCC,0.10543111185031352,0.2738228921082754,0.30004642043167123,0.06199076099248108,0.2587088146172589
1.0702865143673856,8.267164654945486,12.277987945242508,-4.643805679499488,4.76035320525714,0.12970118413557982,1800.4709004389952,8.294868710826004,175.39465806650094,83.21674158759947,215.55922732355384,0.2951674339269933,5,SS/FCC,0.1682168683184817,0.14069564757823966,0.10900971368623055,0.41986150167340636,0.16221626874364167
1.0046076842639367,7.9246697988319195,11.671622727334729,-3.605887608422989,5.901227349616839,0.11842794788173203,1823.1542410861277,7.936657605438373,173.1216805381256,86.08172754741676,221.52817862979265,0.286731719619401,5,SS/BCC+FCC,0.1799982818296628,0.1270185346900317,0.45687755272114344,0.060526364337047035,0.175579266422115
0.8148699826792443,8.635443380455884,10.54181094833537,-2.9514182653554375,6.306294776853725,0.10864671882806959,1765.5903704434686,8.514224276999956,175.90119112650183,78.70815087074169,205.4770915912087,0.3053101192064157,5,SS/FCC,0.054280834834376984,0.10111361496479114,0.14149373782735658,0.561104959657522,0.14200685271595329
1.1763759487182632,8.277895917086585,12.28918689609383,-6.536221239537251,3.2533266208865164,0.15685031907640598,1730.3395246333203,8.137058256402668,168.63920851203625,81.958289161713,211.59640330056172,0.29087860096163076,5,SS/FCC,0.1135808688898853,0.30417783654323993,0.1214186078877383,0.1124098819486768,0.34841280473045966
1.0727340739355546,8.008951912593956,12.227793238672238,-4.709962817447283,4.736419881177645,0.13034385538031287,1824.3983872765448,8.17358998973323,174.04287313410046,85.45248210192446,220.30237474758275,0.28903438103070234,5,SS/FCC,0.22177323342697774,0.1470688326410979,0.12810851951548585,0.4065316167438678,0.09651779767257071
1.256696647001742,7.681427266389706,11.95384128947457,-5.247084785919193,4.327370910201582,0.12414864249984775,1899.4803296670643,7.877161625355402,180.39246817643948,92.33805689851187,236.6379655154314,0.2813674743855538,5,SS/BCC+FCC,0.37769430708042456,0.09797806114778994,0.22848825759714436,0.05688480665093801,0.2389545675237032
1.1993043980158344,8.038585497747157,13.207597789421857,-5.508098108966653,4.371257120685578,0.1348277656807881,1822.989905915837,8.065564023496368,175.95858641247995,86.65462936549619,223.306507453967,0.28848573405174766,5,SS/FCC,0.2349365151455479,0.16003260902780517,0.19419725779045652,0.15317609900632315,0.2576575190298672
1.1724325174961723,8.321701069339545,12.884044662249869,-5.825358575845228,3.9269923609074597,0.1436179050529201,1775.5404574861664,8.23224875509974,174.51345320261072,83.14924062213552,215.2599120864939,0.2944189897339162,5,SS/FCC,0.15838505392813718,0.2010454455093585,0.10133869510374141,0.23894498821234822,0.3002858172464146
1.1803823283360884,7.844636550241011,11.685443679437304,-4.800607923429578,4.588959653630682,0.12273675162813646,1885.2344221420763,8.109232030888814,179.65485060314535,89.51232295832587,230.28994842085302,0.2863589102031727,5,SS/BCC+FCC,0.3353025908071545,0.08258747317808039,0.09426877053859034,0.3778531259189504,0.10998803955722446
1.2741027715126747,8.235658878203306,12.054657173554553,-7.05662695049391,3.0201354746410587,0.15328097710295252,1767.9451267502145,8.12124873030946,173.30188981558797,84.36797232105124,217.7658469486718,0.29057177124034983,5,SS/FCC,0.18315433732854527,0.25647045576825256,0.08973177538887252,0.08284885440000844,0.38779457711432114
1.0037401817131764,8.30072023677166,12.798789630765487,-4.723505283908865,4.714647373276446,0.14199283495577902,1739.9822277377161,8.169988976111025,168.84594072927018,80.8252024123637,209.10929166361865,0.2935896565823603,5,SS/FCC,0.07106836241533421,0.23559736781462615,0.2568697981056121,0.19447461391190204,0.2419898577525256
0.9174486140665998,7.629610100475838,12.210809660317693,-3.5309726777360386,6.3274647348571085,0.12528506609371956,1829.6994259267005,7.850925095451895,168.6091584144721,87.54311540300102,223.88224359587448,0.2786970315440685,5,SS/BCC+FCC,0.22746059229076104,0.18440581265185407,0.3782831197639168,0.1507638528777217,0.059086622415746304
1.078982626014265,7.214853324982723,11.88963061761719,-5.236443948082467,4.295305936072696,0.1257824805667753,1891.743637189981,7.676062351884624,171.53399802900506,94.35645516366564,239.20853734085912,0.26757908044521606,5,SS/BCC+FCC,0.43243419329611754,0.2260773240023627,0.14880844786696124,0.07956103409179517,0.11311900074276333
1.2264552621068265,8.193139927471348,12.095092195118399,-7.012515024353224,3.0040127304267252,0.1577336431759747,1741.672330367241,8.095391890680684,168.99348511909616,83.20590798957538,214.4260105320971,0.2885263541560168,5,SS/FCC,0.1487501686621506,0.3109986817716662,0.09381483987519564,0.09123367281465758,0.3552026368763299
1.16604370689913,8.47934146871385,11.871003577942158,-4.890260716201068,4.35423501131567,0.1241051236839562,1793.7277703079048,8.214390327829857,179.9817811315683,83.4512865913498,216.84012117440037,0.29920178604458464,5,SS/FCC,0.14243193316580108,0.11398176581628643,0.2704351752010975,0.06811515077189113,0.40503597504492383
1.2354711901162596,7.960580660051088,12.928506407682116,-5.264160523252885,4.572349807563796,0.12672731334944187,1861.7454459803587,8.049946193480976,179.64016474478382,88.77707261194787,228.6632275273344,0.28785068486567944,5,SS/BCC+FCC,0.2948789187626541,0.10486712094552914,0.18843696492868553,0.16842837220433768,0.24338862315879362
1.0263942196283342,7.602361411161744,12.617176872204551,-4.611439361275768,4.968864947670032,0.13480165843153627,1816.0658760274941,7.811726902338287,167.3955926930814,88.07752409466525,224.80455560362722,0.2761743584095782,5,SS/BCC+FCC,0.247128914741647,0.24587031814853286,0.2966746800901869,0.07816261524569465,0.13216347177393856
1.0448271262066426,8.17514236579908,12.355501985456833,-5.782532511969001,3.6406309275888407,0.158559187448859,1703.8620015821948,8.123069879426856,162.48704293692902,80.33251157247572,206.9007504815949,0.28777718031963784,5,SS/FCC,0.06869411850083397,0.3574107386558885,0.13238220990068186,0.21308452442855538,0.2284284085140402
1.0317674584388268,8.099944105052503,11.796822351849977,-3.6728980090448786,5.84352805895315,0.11356636906610196,1819.3618397321368,8.02844021655811,175.6204259435576,85.10252230727812,219.80331339526228,0.29140304797090766,5,SS/FCC,0.159974434264082,0.09931867152966442,0.4409706874615132,0.08026076837915117,0.21947543836558925
0.8793018711816465,8.062418466140096,9.93273341153715,-2.5362506667663944,7.120848546060596,0.09768976008314433,1818.2571952207777,7.9775646304664125,174.07205518255893,84.35869059671695,217.8798122991446,0.29138924963128815,5,SS/FCC,0.11798394237159367,0.07141430425463617,0.5993095978838139,0.05278365584199437,0.15850849964796207
1.1709429480679923,7.800166176625224,12.774632284190455,-5.077332229963828,4.698195095111449,0.12820012917486384,1867.3180993854417,8.02779296865424,177.0240216593631,89.26966063199711,229.27019602834108,0.28414398803126634,5,SS/BCC+FCC,0.3149779508664227,0.12489315068856778,0.14701045799803858,0.2712216518473044,0.14189678859966653
1.0909184107824046,8.30437116383954,12.415165392385063,-5.858987827906942,3.634394922837276,0.155680656665965,1715.1506706601003,8.153934632594368,166.5665805950736,80.58686224267078,208.18626851503984,0.2916886370890684,5,SS/FCC,0.07227981158171849,0.31085467158033536,0.16366639391691606,0.1466127872587455,0.30658633566228455
1.0528828332678013,7.728466164821895,12.375471806114257,-3.7843318129759917,6.134029295996515,0.11541468980299541,1875.7433012878637,7.947965608698327,176.33969906647857,89.30460631842585,229.21897676672165,0.28335472388409066,5,SS/BCC+FCC,0.2911778468120126,0.08841597936943608,0.31562460805885045,0.21032529370404376,0.09445627205565697
0.9825292525056921,7.9664280079533185,12.29327273469684,-4.5625572156408545,4.692466977804435,0.14512969863532008,1741.5747802273918,7.954812498572782,163.64222264468913,82.66315984632166,212.25036250011775,0.28382681532323745,5,SS/BCC+FCC,0.09927716228275303,0.29710931634299753,0.3306447452689988,0.08384590334867804,0.1891228727565725
0.7325406070586172,7.471128304721387,10.062826232813297,-3.3217905281257285,5.071849715650876,0.14280794355354196,1674.2440967964344,7.696398556587014,146.69380702184606,82.21108482147787,207.81212037954435,0.2638935542014209,5,SS/BCC+FCC,0.07832679910542431,0.5427823710541976,0.264401241112255,0.05841490346981207,0.056074685258311094
0.9966462385518212,8.03497048481337,12.152448797563551,-3.3230065779681586,6.747407383398354,0.10588295790773122,1845.0343827958666,8.101620072936473,176.9153710166721,85.8048417169646,221.59037725939024,0.29124634942120803,5,SS/FCC,0.1985077176531027,0.06262284115080796,0.3572877907703699,0.26855453958105596,0.11302711084466352
1.2272423955060987,7.279678391917358,11.193370586837279,-5.295012437609719,4.1305715027749255,0.12072464759873225,1953.9629678588924,7.736662695076954,180.99592150887375,97.1781235194925,247.27902424694702,0.27229779342953914,5,SS/BCC+FCC,0.5189315549064865,0.1055760184062827,0.11886651951981592,0.0901342941982155,0.1664916129691994
0.9279686116295902,8.367187988885721,12.559538146539523,-3.695146307208226,6.0175620840120985,0.12146534690273199,1770.429618609993,8.249460900015634,172.99935475181425,80.99318111037188,210.17958781320837,0.2975140927406607,5,SS/FCC,0.07829844001296404,0.14179076647158337,0.3010519502624003,0.29214205112287195,0.18671679213018036
0.9451567584531296,8.174380683278871,11.037709702901957,-4.33825793563361,4.525467521608401,0.1343061946698644,1778.6887354335527,8.285193160778029,170.1243377868498,81.85913028880509,211.63335076240324,0.29266796517227256,5,SS/FCC,0.13162190089129822,0.18574795545887296,0.11381501680589474,0.514257813167527,0.054557313676407045
1.1464597451634757,8.375231326247574,12.778025535859994,-5.882049423801003,3.8032532222606665,0.14809200526182548,1750.7342715069367,8.224790163952946,172.3838542008556,81.90560810718759,212.12138985847125,0.29491371079788514,5,SS/FCC,0.11893017945519062,0.23514031696064455,0.1256921453253687,0.19224271439899288,0.3279946438598033
1.158260764049862,7.8157898345453996,13.105790871002219,-6.028066356014674,3.926029939474167,0.14418145949600844,1805.795098504474,7.987740557862266,169.87169754839923,86.94699423219599,222.8242533118028,0.2813798526303295,5,SS/BCC+FCC,0.24869683193665754,0.2508882966742785,0.11648885554107931,0.2037802366029784,0.18014577924500647
1.0882868533841104,8.563432992882266,11.38580250684482,-5.163005105582007,3.8291268323011423,0.1404432999386872,1736.3558872845056,8.229258528841772,174.03350680397014,80.51111717412434,209.26361301587025,0.29959451788060654,5,SS/FCC,0.06129784671616864,0.2060308468860167,0.2594614613913385,0.0543601568123349,0.41884968819414137
1.0551501487583097,8.340803445869305,12.910303740983647,-4.250567973544981,5.439944067679883,0.12246415370150775,1791.038997672602,8.204734565191814,176.07270256175966,82.85503160730475,214.8623062951852,0.29661592136935633,5,SS/FCC,0.12697263842704562,0.12543479752219028,0.28772449049241783,0.19955262687110556,0.2603154466872407
0.9394226289155674,8.865360119931847,11.698153321330961,-3.390181224729494,6.070605951991756,0.10723990218453104,1759.2913878340219,8.482364225107798,181.02295022945214,79.1477537419392,207.23979086939565,0.30919565667712956,5,SS/FCC,0.050180035525156784,0.08918799178100999,0.19869051796744394,0.2689747266896079,0.39296672803678123
1.158123347389947,7.420049979934774,11.15600054556508,-4.3648110624814676,4.977683639427055,0.11589091703141466,1947.530703664675,7.875447306149404,181.13441527495223,94.89416025189107,242.35941208494364,0.27699856051001753,5,SS/BCC+FCC,0.4657413083376582,0.06100066997002019,0.1351537492021073,0.2636752784003186,0.07442899408989576
1.03257240869077,7.202091685479912,11.837819990380057,-4.53179225381917,4.972178309172184,0.12177136047572974,1903.4656834285154,7.667718769703828,172.48931177195365,94.56901068911986,239.86998346549586,0.26822720105441905,5,SS/BCC+FCC,0.43166129909312784,0.19184242918028577,0.206803570944219,0.08212868871828097,0.0875640120640864
0.9868556358368699,8.392837835668981,12.342151569140986,-3.3866557689479877,6.594479150339332,0.10415904055444934,1809.5092518570868,8.292565264693126,178.45461666736526,82.62145644510798,214.72617821381354,0.2994577162681296,5,SS/FCC,0.12950184871651604,0.06517521270750906,0.28362347979796987,0.3263821717464874,0.19531728703151757
1.0842832850127408,8.309425784168283,12.128838355223147,-5.893892292720074,3.5078404248516195,0.1578110728318795,1704.6015905605593,8.14342924693311,165.38136639653328,80.16774999217907,207.04809120477276,0.29134278575219935,5,SS/FCC,0.05879918468432326,0.33038331992604075,0.16845741837858008,0.12731268055914177,0.3150473964519141
0.8444553422517403,7.8193337462816475,11.591948756423788,-4.349079421396404,4.531083067671928,0.1522576535766503,1699.9768607855904,7.955503898329116,155.02428974973967,80.9161807743667,206.77294000565166,0.2776983418324838,5,SS/BCC+FCC,0.06682830158481465,0.4116146858819212,0.21919274308080988,0.24012350357171097,0.062240765880743336
1.183826158359373,8.417942784421731,12.13510418577524,-6.348379886291775,3.321748637296777,0.1529422452949409,1737.7457362747346,8.200314325326326,172.0750462547852,81.70762247865034,211.62678223783425,0.29502472240659633,5,SS/FCC,0.10888933039604237,0.26055856983166875,0.13051088352609744,0.10380241744689736,0.3962387987992941
0.9661205898180298,8.452474795879349,11.611232006479474,-3.769311229460932,5.507441561960341,0.1184211253949119,1787.8608248421988,8.405538984155635,176.2801581470048,81.15757155668581,211.07973506531582,0.30043156181603947,5,SS/FCC,0.1161297389943013,0.11046607200900414,0.13109019399968297,0.48942764411706935,0.15288635087994232
1.0815139004301322,8.615833355704565,12.134044993948043,-5.179893212806775,4.092516118313595,0.1405794612437959,1747.0514216523934,8.389918360364213,175.54607687033402,80.22607312562599,208.86110917845937,0.30170343032622216,5,SS/FCC,0.08926743599147088,0.19032675603710714,0.0787224357581925,0.29867176070184565,0.3430116115113838
1.117754676009121,8.742595905404754,11.229533360957126,-5.850620896596391,3.2979281384982,0.15000525552531094,1718.2308436416083,8.364201824548623,175.12995201090183,79.37451833374718,206.87015568858595,0.3031269986342216,5,SS/FCC,0.05728582925829509,0.23428232211158442,0.09536722969577772,0.13467935183575874,0.47838526709858414
0.9998510848481464,7.338405812541688,12.198277162112172,-4.204524700587013,5.444979827782591,0.12433185852572923,1876.7861494569993,7.723526009071788,170.81106807995778,92.15002214383907,234.3138002706001,0.2713713725692566,5,SS/BCC+FCC,0.3606705861496748,0.19390784036108963,0.26741676058685593,0.10235480060263027,0.07565001229974921
0.865996544344148,7.669071658613317,11.815252341503417,-3.8422070908258243,5.3649704293161715,0.1421467346896878,1744.637540931011,7.81240079907353,158.7512576851762,83.978576347921,214.1706769563576,0.27515067693606865,5,SS/BCC+FCC,0.12579437253955844,0.3476805419088219,0.35178292733171845,0.08114337083854564,0.09359878738135549
1.1590549347580499,8.15872270143374,12.417629001543478,-6.573701182580807,3.284579057846462,0.1569123008380709,1738.8057348742416,8.139781646771034,167.20562713137468,82.50424959148411,212.55278496094522,0.2881323447785433,5,SS/FCC,0.13882385579456397,0.31478629696453664,0.06092291363711349,0.2197771572201655,0.2656897763836203
1.2036172921704165,8.199388297420217,12.565169162027708,-5.753153450465573,3.9541918372541174,0.1384985666437188,1810.4870752748407,8.222666260292021,176.6909632377205,85.10434927649288,219.9927378111633,0.29248821994065,5,SS/FCC,0.21902012044696226,0.16316657788319497,0.0635120415692659,0.30800740400381493,0.24629385609676183
0.9562457036182427,8.294165966240088,12.301208657981626,-3.2874721752935936,6.762100164852266,0.10566121679787242,1807.1576150507908,8.206321531228104,176.4497424650798,82.8817771377152,214.98456155350945,0.2969350379414166,5,SS/FCC,0.1214009402277089,0.07784931282786005,0.3625343580895598,0.26161361818637774,0.17660177066849367
1.0752464520924836,8.560768218739636,12.351953549951055,-3.902940805283638,5.713483316204062,0.10997323179597497,1805.3332858179176,8.385639773125442,181.51074850161427,82.4373477446515,214.7941203090946,0.3027719000277419,5,SS/FCC,0.1421819136397487,0.06766532280778827,0.1695956628194935,0.3283168326390184,0.2922402680939512
0.9789472204343567,7.823591508273264,12.934456203737891,-4.800105655599388,4.745473928793829,0.1445609829827114,1761.0930549205357,7.958337545266738,163.40106856567274,84.00850401844357,215.1535955060461,0.2805465233544118,5,SS/BCC+FCC,0.1510415770064053,0.30023010414034607,0.23609300925660096,0.19936585276687463,0.11326945682977306
1.169647822688228,7.574338478203449,12.775790855862143,-6.099550906841209,3.8468237799002662,0.13948522559357668,1836.5909074980216,7.849482876421362,170.29818167728752,89.98476782977352,229.52725798421363,0.2753672844853932,5,SS/BCC+FCC,0.32329114936456066,0.2529129364879322,0.1239290387457939,0.1259000373829252,0.17396683801878815
1.1873271229363005,7.460886384071257,12.328231968215768,-6.047598240629933,3.8007331126836,0.13491407230707508,1864.445018990747,7.7832198430601345,172.3300724526496,92.10413964606401,234.52986533680098,0.2731776564986534,5,SS/BCC+FCC,0.37684054170636866,0.2296502039634542,0.13265109310477394,0.07749865100335745,0.18335951022204564
1.0549193683437843,8.245816749324888,11.446094488362098,-4.872845598747376,4.203656604538002,0.13572269923227273,1789.5862915120942,8.314937011197909,173.42494091552157,82.69632257887648,214.06404720227172,0.2942779105932768,5,SS/FCC,0.1621951017730099,0.17055260951734733,0.056600099526008724,0.48054481597901255,0.13010737320462148
0.8826744619621414,8.291439432666262,11.280495836119853,-4.246656727384831,4.62570420973423,0.1397787444976787,1741.3935355541316,8.30796258370938,167.3417055357582,79.63749020579274,206.20211702755594,0.294629680661113,5,SS/FCC,0.0663504871312088,0.2271942545402646,0.1412267874053634,0.4791222803773833,0.08610619054577999
0.9212565500341524,8.65727966042176,12.16598467641855,-3.4552780351640555,6.205541524100638,0.11214000817375602,1762.4448904350456,8.391218247558344,177.2459685079447,79.6230287194726,207.75901837018623,0.3046415196171549,5,SS/FCC,0.053052287263504916,0.10796038881221896,0.2545922967308521,0.29744543062586015,0.28694959656756397
0.8674039854694577,8.225368094462032,11.948778972907062,-3.8787843136391946,5.400854620247807,0.1336406706270765,1753.213079731182,8.231146894037659,167.8093792527708,80.44219901670866,208.07804694368085,0.293338878642918,5,SS/FCC,0.07147672363174674,0.20474611084705513,0.2393568926248992,0.3957728932200155,0.08864737967628333
0.9607663243332896,8.02329613151088,12.866561968414178,-4.599594379430893,4.886155273201431,0.1443554919194935,1746.7243598539312,8.056475433228128,164.64793520584433,82.12147148520106,211.24372754588688,0.2861662347584377,5,SS/FCC,0.10204981237487146,0.27632785700282325,0.25650828494422,0.22650447809272423,0.1386095675853611
1.117984552992585,7.890692742484695,11.435645773463648,-4.405161032759187,4.86193918774974,0.12034018866320502,1872.8832931463028,8.1447322763124,178.3009396752638,88.21180513078976,227.17205505975858,0.28765109569481906,5,SS/BCC+FCC,0.29942364449897646,0.08290690483344587,0.11855678073104993,0.42577840355696206,0.07333426637956565
1.2132951418532385,7.541494555711785,12.360258070352433,-5.2825621483447875,4.465577687840175,0.12591125453950183,1908.5116180897514,7.87711202256963,178.7714063786355,93.1204605386473,238.0318181952548,0.2780854863602492,5,SS/BCC+FCC,0.41252142621845056,0.11766055964797877,0.1418226622067853,0.1717927360569047,0.15620261586988057
1.0580202204355125,7.854374149812985,11.312424075987122,-6.134943796590154,3.0964098919929763,0.159805856065536,1679.2425414209881,7.909781574603115,154.71413248284395,81.56020236099499,208.1108714165892,0.27581139693269846,5,SS/BCC+FCC,0.08911262697908716,0.4892260351201243,0.11732863004506591,0.0868399768201609,0.21749273103556158
1.3960528075603957,7.956900457877477,11.25527287796251,-6.075053965354192,3.5230566953434868,0.12596779114977047,1901.576559034544,8.025223792673307,186.00138424353366,91.8321536626046,236.56445135702475,0.2880262627084464,5,SS/BCC+FCC,0.38324962508973937,0.062127193732110134,0.12784452043445735,0.06803041969832146,0.3587482410453718
0.9960500929775166,7.8657149788840846,11.639235522881622,-5.728561634216162,3.4186572318316553,0.15926767696188654,1682.5840527896726,7.96243385619054,154.62163160754304,81.00348660659594,206.8830294197329,0.277000769266189,5,SS/BCC+FCC,0.08039454942057157,0.46986523392228263,0.10770182488669731,0.18770747189338555,0.15433091987706293
1.0214766912076825,8.17150136533997,12.218190320396397,-5.599380183715482,3.7004402659088047,0.15892960553097993,1695.8465249803578,8.108078752330341,161.35272522305263,79.93087544186997,205.80821739257556,0.2874137575426053,5,SS/FCC,0.05349269993144678,0.3689373110289198,0.15569551416303323,0.19632487352141498,0.22554960135518512
1.0581307698275435,9.026764602207466,10.635804893494823,-4.155160234143773,4.503070739286805,0.11561197248364685,1759.244848684266,8.517001790276776,185.25726081053756,79.84830762855206,209.45264450656785,0.31156596005093073,5,SS/FCC,0.07769494918482063,0.09336374330166608,0.11505971894841456,0.1522449332514234,0.5616366553136752
0.905744246515169,7.675448866333577,11.71663064456189,-3.172627614644343,6.768096239203035,0.12021810354897439,1832.6647349874895,7.842574377033184,169.7307573854849,87.3458388963614,223.6696634145749,0.2803681677381682,5,SS/BCC+FCC,0.21201556223015441,0.15678037690768876,0.45162982408563074,0.10288810585147715,0.07668613092504895
0.9944889829318629,8.531123010970493,12.129799944118254,-3.3280225466444096,6.579560441191967,0.1009607777351816,1805.217907610651,8.379936997947084,180.3538852651718,81.92434003425117,213.45320456127428,0.30274595115464525,5,SS/FCC,0.12215750339256713,0.05436929685338582,0.22677857453499822,0.3635819358290855,0.23311268938996335
1.0000683628488038,7.405914679198552,12.2783212881766,-4.133663811004788,5.578379642861786,0.12397872603460175,1878.037810781838,7.787330631757944,171.7032296702874,91.51270639255462,233.12236122965422,0.27371580635834414,5,SS/BCC+FCC,0.34970074613461316,0.17204329745695102,0.25467498060324895,0.16980248268564582,0.05377849311954114
1.2305652887245162,8.083934717012099,12.161103142430255,-7.005349722110683,3.0407010526729175,0.1561366348694313,1751.582653776271,8.037347834227774,168.46015805792703,84.19623087905156,216.51702342015278,0.2857880997736165,5,SS/FCC,0.1712221833243432,0.31422788959581244,0.10804686768972838,0.07239914552363398,0.334103913866482
1.0652761170675196,8.091257339504754,12.666930201033537,-5.225190555417242,4.317708390252684,0.1418938857965292,1781.0829507580052,8.177678788515326,170.2033903378276,83.45500841431559,215.19343799653436,0.2892781516970095,5,SS/FCC,0.16584709725188634,0.21896220458633353,0.11481908318271482,0.35882949136327025,0.1415421236157951
1.0316215207454995,7.893907573374257,12.228030371545222,-3.756363421409196,5.977188681317651,0.11810626828853725,1836.150076532245,7.95118064070098,174.2621422456324,86.84630316087569,223.42338072496605,0.2863148608127422,5,SS/BCC+FCC,0.2086253924178519,0.11624241210980439,0.4105061551093703,0.1018513104061836,0.16277472995679
1.1124260190435773,8.211915925440277,11.252773813032395,-6.717626866689178,2.8100057738465423,0.16683605612556207,1677.5040008435192,8.118834146502886,160.47687375730385,79.75861172423848,205.26893106544358,0.2868135905822368,5,SS/FCC,0.05895611747284572,0.4237400512339343,0.05864280500777706,0.16375384095098344,0.29490718533445953
0.8592981658196951,7.813141174902653,12.088447619462727,-4.124576892901326,5.053556367614582,0.14729526125109357,1724.2732508378306,7.9307497082996825,158.10931660366109,82.01929238524095,209.78288298039644,0.2788630386803122,5,SS/BCC+FCC,0.08782865587052573,0.3577604205531222,0.2853695605733673,0.19152381880914415,0.07751754419384069
1.0351068289259795,8.006370143341222,13.171262979483826,-4.522732221273542,5.220265344928546,0.13373254548826394,1792.5287450525548,8.041809892703222,170.52237565450704,84.45535532542068,217.464532451465,0.2874525932283253,5,SS/FCC,0.1619923666320138,0.19267762355225185,0.29090595944866915,0.1858156005766304,0.16860844979043488
0.9431129805908626,7.620815430214782,11.133199560465263,-5.231704380995905,3.574269493149122,0.15140741609583377,1679.6182300406285,7.804648743502609,150.46390501631046,82.36549248010894,208.96636365939892,0.2685310156426478,5,SS/BCC+FCC,0.10427468940142622,0.5300986764773102,0.13503416834611956,0.10172144605534293,0.12887101971980097
1.0792405133147838,7.201108225153467,11.77253686783467,-4.953339676156498,4.555452646586521,0.12269070320905623,1916.7244193809963,7.707367513273061,174.22299831253846,95.28152029865421,241.77031278103848,0.26871565453208524,5,SS/BCC+FCC,0.4637916079117338,0.17950163312627257,0.1325453918173193,0.14012966018614176,0.08403170695853267
1.3111475645919894,8.648469656619604,10.781094162597308,-5.687267794183711,3.4446736227954413,0.12541449697383164,1817.1425372610406,8.329982552923944,186.96991725448692,84.88354062700009,221.17915870101817,0.30283890768020477,5,SS/FCC,0.20849583020187817,0.07932261206040946,0.0992268249171575,0.0811255365573391,0.5318291962632157
1.166086935121357,7.69020055102569,12.842402042516825,-4.9272415646362795,4.899131232292629,0.12602429164250362,1879.6489829219272,7.939589119158685,177.04279132554493,90.56989647831179,232.12663184291705,0.28147784677275717,5,SS/BCC+FCC,0.33892178835233217,0.12248431508370491,0.1963941422041971,0.1938710659054731,0.1483286884542927
0.9403072482244926,7.951719002014384,12.658658091013834,-3.7676844914547503,6.046443452397831,0.12658355419320147,1799.6455158760307,8.0306956271813,169.81674214895583,84.3329480496638,217.06630295104858,0.2869602449046244,5,SS/BCC+FCC,0.1528786696761438,0.17012554847749,0.3483366200887859,0.22971643367099903,0.09894272808658129
1.123311670442005,8.112097304036075,11.755806108684013,-4.357396253811461,4.994295375920292,0.11874982257597101,1851.181344313146,8.245604284598429,179.25747139491048,86.1842500810007,222.84005389365532,0.29281193306328,5,SS/FCC,0.2489088718890766,0.07707035728051898,0.11333114275640156,0.43439385105325934,0.12629577702074352
0.8402702656147226,8.927890597420113,10.640092538190087,-2.527960340656996,7.4362848012327225,0.09301928691313348,1766.77415428092,8.615252706880858,182.05177889385322,78.35055923307745,205.56207557236107,0.31180988103004137,5,SS/FCC,0.05059322103389245,0.05841849785168947,0.11208114301122908,0.4703187388667902,0.3085883992363987
0.9735111640274318,8.486899671183513,11.631735271558004,-4.67617471669343,4.329103038862292,0.1407230570316393,1740.380608118849,8.390221256994177,171.29545494370154,79.43066870261704,206.39052288411196,0.2991866130249001,5,SS/FCC,0.07087645127675493,0.20996334918210635,0.07953769143005329,0.44062909330304123,0.19899341480804417
1.2702605605397246,7.884416589932483,12.022255530534117,-7.253432859534487,2.962036710656245,0.15175510820113156,1787.0970481113739,7.950330601867643,169.91983845861566,87.00461634174715,222.95960181544004,0.28130903387742423,5,SS/BCC+FCC,0.24668004114347497,0.29735613448668335,0.09110264696564165,0.05458954810228477,0.3102716293019154
1.0100971418537232,8.180001349139927,11.85271094791286,-5.706663269187082,3.53027597779496,0.15942769871136322,1699.703964045416,8.170780642418052,161.57967684395518,79.75034575847187,205.44995306161152,0.2880818954931402,5,SS/FCC,0.06267863145205195,0.3637021240583302,0.08661881406796389,0.30494012474094967,0.1820603056807045
1.1112151170609665,7.41563613498986,11.762930111289743,-3.992431104653623,5.688789799422504,0.11434329496580876,1930.8205368016243,7.792735950776106,179.09476510722956,94.21135957726987,240.4685616556021,0.2762185087583603,5,SS/BCC+FCC,0.42404369955399196,0.07648443684254715,0.2628672175503849,0.13300132116575983,0.10360332488731609
1.0791918230418913,8.553104774203996,12.60835036400576,-4.173678433811078,5.412950368986088,0.11590875671291993,1791.8220051825808,8.324965921961113,180.0443303642129,82.18678456708636,213.99831170131137,0.30190220257754224,5,SS/FCC,0.12263337786844511,0.09282390004844435,0.2254376430310723,0.22701472811474485,0.3320903509372932
1.3267468400891167,7.719112671896307,12.051933704083412,-6.735636896479979,3.3574693089929943,0.1377750675315569,1876.4372646905113,7.933528808621242,178.52692290084224,91.72172929011711,234.93160526439692,0.2806758392076592,5,SS/BCC+FCC,0.3828398947660564,0.1665363490839394,0.0676603810970927,0.11459793959346354,0.2683654354594479
1.1327935999668775,8.416405008362446,12.200754343954884,-4.638423112306503,4.7631420024116755,0.12375270972876105,1810.8284202339394,8.354824433188378,179.79102970209686,83.47798945512527,216.8694055188356,0.29896160014381196,5,SS/FCC,0.18030465233993542,0.10160005905925608,0.08736050522375831,0.38285519465252715,0.247879588724523
1.0362205036404912,8.055732634791013,11.841185907901709,-4.8781013007915,4.363127268198491,0.13692187351196103,1797.436619202336,8.206598029522967,171.17988982135972,83.88448620880303,216.31872888859237,0.28938459699292673,5,SS/FCC,0.18380595984424863,0.18936551597980447,0.0986130256038132,0.44372092668495305,0.08449457188718065
1.105585576893522,7.8093282370474,13.24412326995336,-5.554334146973794,4.275140977753462,0.14330071699801644,1792.9133780319748,7.951216805904781,167.9715772532673,86.20833434731766,220.84367908880722,0.28087197578292317,5,SS/BCC+FCC,0.21676337104811982,0.26313272382001673,0.18742310153512542,0.15937390422981945,0.17330689936691857
0.9832505476339907,8.197775128920977,12.495983558914702,-5.117406030020903,4.180675922890064,0.15314575944087067,1712.0877486089512,8.142502832727589,163.41454462547551,80.05924027788552,206.4615206652285,0.2894296770029345,5,SS/FCC,0.05705030260526852,0.31981297478128307,0.18617803603128524,0.24222866425153022,0.19473002233063302
0.8592266517080116,8.083778721093493,11.52876207748166,-3.1683282296905926,6.445849883382722,0.12284387559548873,1771.4455774578946,8.01688769159342,168.4106439670373,82.288382909984,212.2890951472737,0.2899092656827313,5,SS/FCC,0.07647288835974281,0.17321345915605613,0.4846236543106533,0.12144203937805978,0.14424795879548796
0.9637794406327249,8.013660916050672,12.847994454267132,-4.421200145423787,5.151984677642818,0.1378657517447137,1772.8806343339531,8.092453785302572,167.5033611378051,83.02637327036918,213.7608475853011,0.2873069072233522,5,SS/FCC,0.13301974218187598,0.22535703405679844,0.24259015451963137,0.29300870401216705,0.10602436522952709
1.0353061536824821,8.140880527943324,12.70921680561619,-4.4414795051225395,5.159715965966146,0.12897125886713262,1803.1620850689435,8.204182396091596,173.50605133192565,83.78062792248204,216.49557681575592,0.2920383994738516,5,SS/FCC,0.16945112857754205,0.14962997489088276,0.1819461270448875,0.3685327789840853,0.13043999050260238
1.0750836563807054,8.058550407127047,13.001423631420405,-5.5736638067017195,4.064040742007856,0.15073853966536102,1742.240042235778,8.051048835682733,165.56574622088857,82.64804946281873,212.57301366096175,0.28601349361906586,5,SS/FCC,0.12172880980443805,0.3025537782032413,0.1924796956101769,0.1619136278251218,0.22132408855702188
1.160012355461278,7.839593201083374,13.102850510415273,-6.133892206309449,3.836184647588672,0.14608108549459917,1795.8494549936672,7.9887479371659085,169.0852146324651,86.47222011540157,221.6344777761512,0.28153572026003704,5,SS/BCC+FCC,0.23490108240354554,0.26598456804209936,0.11699662033914188,0.1888555244978618,0.19326220471735142
1.1266924467721222,8.457812403939892,12.21655077139483,-4.112681551692178,5.420577005544387,0.11133695400968398,1824.8287006677676,8.360294847751051,182.27811814736418,83.83664164267314,218.07609401353747,0.30060132264730377,5,SS/FCC,0.18444277146837462,0.05814041877131981,0.1373684441206523,0.3552583656313462,0.26479000000830716
1.3725728737803993,7.740906418943024,11.206875654782829,-5.98268425033772,3.6117029474419766,0.1260448054225593,1928.0736770770486,7.990046246728409,185.3525860184077,93.75750686790852,240.68958618254464,0.28357501294079474,5,SS/BCC+FCC,0.4465962648331137,0.06339935364355402,0.054070617410035667,0.17436922597378718,0.2615645381395093
0.9751081993560405,8.081250586712807,12.74561166390488,-4.686999444968592,4.71847508076936,0.14635974211010508,1735.1458200919067,8.053856247466703,164.425084439095,81.57164724203656,209.98952025838486,0.2871477244741131,5,SS/FCC,0.08286296722433256,0.2876162302440456,0.2751989604016481,0.17405093285442952,0.18027090927554423
1.1047926376910833,7.938351504443926,12.7499051005572,-6.18452667315312,3.5923663247237676,0.1542875652955852,1742.5297499968506,8.023643886486767,163.7311915769464,83.48071708495456,214.0613862323068,0.2821007875056115,5,SS/BCC+FCC,0.15433074986290415,0.34442436992154835,0.10494963960955767,0.20115310712069806,0.19514213348529186
0.8891704777751853,8.152087350129754,12.15242810648882,-3.256597973075097,6.674307558672323,0.11657983040512408,1788.576155406663,8.107692487149961,171.507684271562,82.54817083276359,213.4063835886047,0.292617276892483,5,SS/FCC,0.09924780242500102,0.13243432268115177,0.41672775528398454,0.2201629615588161,0.1314271580510466
1.0322851445695167,8.406522393797088,12.38327953081654,-4.018141930774889,5.498359846658084,0.11844631752800111,1784.1150798320778,8.20011519615927,176.41434089467683,82.28320891538615,213.63505906503818,0.2981692248094285,5,SS/FCC,0.10278477558458313,0.11753519041820841,0.3439662536178422,0.14180042537426996,0.2939133550050963
1.3944350527657046,7.753624897065643,11.086193383721206,-6.011839463993305,3.5609103160373325,0.12478398999071574,1931.016714721849,7.959524239729471,186.30094204678431,94.1154640645901,241.6535630236413,0.2838143307554534,5,SS/BCC+FCC,0.4486069180141254,0.05504426442413342,0.09268451329653216,0.10144561101239202,0.3022186932528172
1.0531191096128287,7.597912876646168,12.748192334469875,-5.367221927217482,4.247629778377757,0.1421927313933029,1788.3300890587677,7.81855839161023,164.07027044248818,87.24987332480697,222.33776375972496,0.27414376254750206,5,SS/BCC+FCC,0.23444418290572094,0.31864202264924185,0.2073760559149198,0.09363221195338228,0.145905526576735
1.1692821649576752,8.483006784844326,11.598864949780186,-6.658977746561895,2.985783461645913,0.15975829215668394,1714.1564022877028,8.25474672316745,170.11128874701535,80.38740354131063,208.3440188031376,0.29587478650228316,5,SS/FCC,0.08397697960688959,0.3015988659660368,0.06047417969672993,0.15534033943654454,0.39860963529379906
0.8683236686681939,7.845134129128841,11.71663615793397,-4.523084836675274,4.396467513062464,0.15347844321474985,1697.210673071057,7.964557351709286,155.23573217751328,80.80047884406804,206.56268617834144,0.2782268690323872,5,SS/BCC+FCC,0.06504313185697139,0.41520298877866674,0.20840901405217951,0.23226634900291304,0.07907851630926926
0.8973677203406468,7.89398994845982,11.780568015425786,-4.795178537674283,4.163371847569732,0.15530348957130424,1694.664931695485,7.996266965723873,155.80870401767595,80.54744182520614,206.1229632436229,0.27951278509207567,5,SS/BCC+FCC,0.06309969953902238,0.41502836054408987,0.1812493291629766,0.24602751342586582,0.09459509732804525
1.1521060401473784,7.3528490890907445,11.315847183629524,-4.58244442265073,4.805648962914004,0.11825640465833509,1946.087087923022,7.831976781220108,180.0672572072881,95.4023061189624,243.24810013234077,0.2748544035666251,5,SS/BCC+FCC,0.47797774566334666,0.0843157901416636,0.12381490318721976,0.23466275145643883,0.07922880955133119
1.0073305626808875,7.6243643038828655,12.680073842687834,-4.179628413210058,5.60641512827316,0.12705176691308898,1847.9969331021841,7.8930514085022025,171.12130716911224,88.71638592188559,226.93214451714005,0.27897536717147653,5,SS/BCC+FCC,0.2757121435305214,0.1713210277607079,0.27605915995325825,0.20670571880640734,0.07020194994910497
0.9098797886590775,7.667409361044423,12.111535796187642,-4.800309456463561,4.3472826234732524,0.14903579885969517,1723.0107383433344,7.873341618489699,156.00893362210678,83.25394407732824,212.04301508842892,0.2734712897894564,5,SS/BCC+FCC,0.12984083851915085,0.4157212952753693,0.1886313610385156,0.18880067697583594,0.07700582819112839
1.0351811278184855,8.143622599685155,10.51131927021407,-4.034465592025925,4.77972455242655,0.11896975773860727,1834.5593478922324,8.306565807905585,176.86342957883696,84.58293474577437,218.85973928561714,0.2937582500739077,5,SS/FCC,0.2126955782634132,0.09143511797302319,0.09309894661553812,0.5450918401110454,0.05767851703698016
1.0356859943945682,8.02510661110378,12.439913646101148,-5.282900227395395,4.05846393566329,0.1523190960928053,1723.5219405060175,7.993972714306278,162.66882259020338,81.99201854730778,210.59337691470756,0.2842309571461479,5,SS/FCC,0.0922950180055286,0.3378815852624399,0.24636708129895454,0.0993343984888763,0.2241219169442007
1.0644298518049302,8.402957970593436,12.510170558551982,-5.530734551484375,3.9120154798208238,0.15038171846209028,1729.4986499933525,8.269475986765325,169.50051772980285,80.2682075979885,207.97522709413954,0.29550187625811225,5,SS/FCC,0.07946057253093702,0.2611432007249977,0.11019822552684996,0.2753736860541226,0.2738243151630927
1.0357686254039842,7.293933501914178,12.311297066017367,-5.03425932283209,4.559559343853556,0.12912249068422466,1864.4671289526252,7.716910045115837,168.88436014053454,92.29452506920472,234.2173422366864,0.2688582668422878,5,SS/BCC+FCC,0.3752816323202385,0.248850032075131,0.17129764813368945,0.11579457631209461,0.08877611115884632
1.0228384052249513,7.696564585631311,12.652551719405091,-4.128181859801848,5.676568504397378,0.12469723341910556,1852.1096235792431,7.942832642924609,172.7054997152599,88.40126999284477,226.54978399288328,0.2813717722110794,5,SS/BCC+FCC,0.27103986382922,0.1458571470402895,0.27185604753940795,0.23799242285212585,0.07325451873895676
0.9343238967706073,8.308371680080745,12.487470126191136,-3.937553187726004,5.559995063008424,0.1303781091615585,1753.1799173770958,8.169222911456151,170.17272771221442,80.8260223832279,209.3357153688754,0.2949772189477085,5,SS/FCC,0.06189648245876262,0.1871849857559736,0.34162400536056425,0.1992394220951574,0.21005510432954227
1.1019101977365977,7.996740721873166,12.645192172327583,-6.085082800891748,3.5897615485147902,0.15580719966129963,1727.4549528582318,8.010083155081846,163.01025837805184,82.69496035221368,212.20164521540315,0.28303855707527814,5,SS/BCC+FCC,0.12460186867470774,0.35716767139276834,0.14966665612143415,0.13401547700683128,0.2345483268042586
1.0195171924175537,7.432538776336552,12.439159718716075,-4.926968940971482,4.598523415008983,0.13478637329106466,1821.4081297238413,7.739577645852434,165.57564398914403,89.53951392668135,227.59287191419068,0.27090745712866554,5,SS/BCC+FCC,0.2910242814081675,0.2886543653963904,0.23262560717690517,0.07214978748779678,0.11554595853074014
1.207636815494336,8.28727080609791,10.964515196457523,-7.299049462031293,2.5527736911852243,0.16563180675514264,1699.3750892083983,8.114703290708196,165.39455795473773,81.12075572644548,209.16587093327453,0.28922535952833933,5,SS/FCC,0.0925940530553662,0.37808609744744026,0.07292800678527425,0.062238675767755984,0.3941531669441632
0.9509734233754739,8.604378191421674,12.140577833162638,-3.2579264876477176,6.649891197045969,0.10170059556928458,1784.500179352577,8.35617394678859,179.19643170866652,80.8240125356705,210.7819643755662,0.30395632289686564,5,SS/FCC,0.07938097512102844,0.07111330530162532,0.2974465727793558,0.269864846630626,0.2821943001673646
0.9811077228727687,8.135499997512198,12.176232685320628,-3.9907602252001846,5.409081440043781,0.1296028304466806,1772.8268695867391,8.040479142231554,170.18883636566372,82.85344545810206,213.85627879289885,0.2905696172951749,5,SS/FCC,0.10177870811304507,0.18445452426016745,0.40434173327099004,0.09533813071313683,0.21408690364266053
0.93403022072169,7.624808536012596,12.257126823566475,-4.339029945651453,4.982834641643534,0.14130216528700984,1763.9267357163858,7.8035406754491525,160.81779614026536,85.4063374413047,217.68356698626036,0.2743993801154562,5,SS/BCC+FCC,0.17040430944830265,0.3336129360049672,0.30655824787316033,0.07961892243297239,0.1098055842405975
1.0248214430993905,8.055644480466844,11.751933641119148,-4.020453400382186,5.360947045363159,0.11986654856135219,1834.0337681394221,8.20865012983126,175.57619188357805,85.15014370818193,219.90148942681535,0.2912573006361547,5,SS/FCC,0.21126386259567237,0.10319489191208572,0.17387297307858224,0.44196944725704407,0.06969882515661556
1.0446775472664613,8.196988784623437,12.583505428193087,-5.361370444346784,4.107521528191103,0.14774814651296886,1750.0646981042116,8.209921002381389,168.1126343648956,81.67225465966192,210.86876965024837,0.29094495143402016,5,SS/FCC,0.11768395814271303,0.25758501786146804,0.1086681959666271,0.3421839372880527,0.1738788907411392
0.9265147633121529,8.23126127442047,11.572754264655371,-4.302862160939616,4.741033347645756,0.13620406172569072,1762.7625429389211,8.284273930435386,169.16641231684594,80.96588241954058,209.47778650463772,0.2936176340250794,5,SS/FCC,0.10218603884537855,0.20136773578912764,0.14155188250426073,0.47278759782211016,0.08210674503912278
1.0931921863411278,7.572937859493102,12.666013704011943,-4.4607589725680175,5.326954526924052,0.1244867643571007,1876.0650418265488,7.847623453056306,174.542382043835,90.8507297653147,232.2552701261015,0.278224570821074,5,SS/BCC+FCC,0.33192424039452045,0.1420866885350896,0.26906617970583435,0.13497275391187824,0.12195013745267737
1.0908021751438688,7.86588328718802,12.77861236048498,-5.8861658009033215,3.848371955411139,0.14874616825159193,1772.6618980567262,8.030824841888911,165.96847187096063,84.79709930805811,217.3713029854039,0.28171426121381193,5,SS/BCC+FCC,0.19447430573251634,0.297215322437847,0.09819111746809972,0.2681912876321716,0.14192796672936517
1.0963509831101723,8.480269991153364,11.74440163890379,-4.160906128855792,5.071986490855389,0.1132260885474633,1796.9467833382346,8.213465897223918,179.87742239723156,83.02382836086697,215.8607474462286,0.29999273526619197,5,SS/FCC,0.12305740040844063,0.08753120525872336,0.3408628650747906,0.08318106128712213,0.3653674679709233
1.0382753807686596,8.180645716660225,10.670138861097367,-4.53320480143303,4.2585518520833965,0.1297185932773532,1809.2446792751882,8.316993678374185,174.43876675518442,83.50528060127506,216.0421244468876,0.29358360867293976,5,SS/FCC,0.18681642122578784,0.1405712010439166,0.056012695705308126,0.5383496038942571,0.07825007813073023
0.8922962855041653,8.578769705614443,12.113254851167776,-3.3046177714197587,6.477562990069316,0.11104011565112056,1767.1448766698188,8.3773995364077,176.05742680831236,79.7735819820044,207.9175004808118,0.3031726501118789,5,SS/FCC,0.057113062112564734,0.10689345122884071,0.26219873727207793,0.3477002177046208,0.22609453168189592
1.2682185796537773,7.820827909404973,12.613693055281493,-6.6987018111117775,3.4540701598996693,0.14340073126429576,1834.3390304879167,7.987372812470159,174.35773060193594,88.91641267660603,227.99304812706774,0.28206391409587794,5,SS/BCC+FCC,0.3081397737662031,0.21583926795875033,0.06881736093772735,0.16146046977850903,0.24574312755881023
0.8612254157243384,8.118720064127247,11.890109728036782,-3.169039850035771,6.675878594399957,0.11940475908257421,1779.3050240442153,8.068250735820932,169.7776918276731,82.28699305528531,212.52568738234788,0.29136865676669244,5,SS/FCC,0.08489187015871538,0.15223794850540234,0.4505618604126118,0.18387488889646061,0.1284334320268098
0.905379376937055,7.627190972068048,12.129327598510903,-4.704145259689414,4.453767121757864,0.14747696436467408,1727.3152017031089,7.842471711097681,155.98512149176673,83.71912731278447,213.04310051509768,0.27236813947632116,5,SS/BCC+FCC,0.1387480927862464,0.4155736321187731,0.20404081977439759,0.1630141208818522,0.07862333443873078
0.818717620628062,7.724993164320255,11.114091138770009,-3.466099772781946,5.531033268104479,0.14358053654939298,1724.9380489587425,7.816584342652305,157.01497742510227,82.64870261109662,210.9357056203464,0.2760981053320589,5,SS/BCC+FCC,0.08308789917650566,0.3632618556869641,0.39641983100810635,0.06003000989661675,0.09720040423180702
0.9048607911450809,8.412415529992462,10.261114310303768,-4.4671394531438064,3.9877177093641083,0.14200296738909043,1736.0390457136436,8.406330978496909,168.72348770139754,78.92819664371281,204.8430013376214,0.2976541340624853,5,SS/FCC,0.06378901866982156,0.2256771215995174,0.05234882266511411,0.550699385199472,0.10748565186607495
1.35067951505207,8.063096520266681,12.112652342148458,-6.365284841225535,3.5363501827018413,0.1343829426959302,1858.3774314432872,8.073425117013114,182.00522413605202,89.19066342378177,230.00164189837642,0.28938183140057727,5,SS/FCC,0.31370374406239265,0.11868548144324832,0.1157741275215899,0.09448380411082288,0.35735284286194613
1.0494921121134537,8.510652490674653,11.518996385369636,-4.48914099942826,4.568180547158846,0.12876510738526536,1780.2949553199192,8.426566108694276,176.9975395412262,81.2713911942713,211.4504926180473,0.3008913069581622,5,SS/FCC,0.1280159003087657,0.13624334661018553,0.054824363832327846,0.4589051405950719,0.22201124865364893
1.077283052831944,8.75357020543219,11.291492423074367,-3.964496685105555,5.08124940423651,0.10682235656232593,1784.05127911823,8.354773427487993,183.1955728463933,81.52586443087336,212.98354771082003,0.3062329924229815,5,SS/FCC,0.09688952960593596,0.06966014182357817,0.2735104501805566,0.10287035031221779,0.4570695280777114
1.1449290533572931,7.93979698894093,13.02133089431345,-4.974330340704075,4.78115506283066,0.13109992338815604,1826.4684053295057,7.991984607051428,174.52015901313416,87.00535221518115,223.8213876120853,0.286250684087408,5,SS/BCC+FCC,0.23061968718044024,0.15837435327879607,0.27483281972606566,0.11293556304878963,0.22323757676590839
1.0057898925691173,8.445912013228924,12.074718721860112,-3.7079201104970037,5.81679993334062,0.11169479654209089,1786.230865098666,8.214584418938946,177.2203579125336,82.03461992796244,213.2063882706231,0.29949031553902106,5,SS/FCC,0.09334831739246753,0.09820645102143222,0.3731864450911004,0.1397024739547101,0.2955563125402899
0.9780277504976068,7.729584292751538,12.834533235966843,-4.249105328273864,5.479975544067321,0.13235695779015766,1814.2458580285388,7.934210362623423,168.38143153628675,86.53489876906293,221.63671236193127,0.2806203942840259,5,SS/BCC+FCC,0.21626603775663467,0.20840801918831162,0.28192834220577934,0.21627081424543093,0.07712678660384352
0.9009414011079556,8.541390190463625,11.819822704549422,-3.2791251315863397,6.411433726575534,0.10982331022230968,1778.6984119191375,8.411878015500829,176.55882822149428,80.20004125428352,208.96070327114185,0.30274685650477245,5,SS/FCC,0.07987025195919885,0.09600658225054774,0.20602384200888244,0.439061370930172,0.17903795285119897
1.0395787302992654,7.921039324492529,12.24683616922675,-5.563166239749992,3.885004025964932,0.14863231345183595,1764.7763736607208,8.091534717292996,165.31360072160751,83.65988974279436,214.75312266194757,0.2834891566447725,5,SS/BCC+FCC,0.1693974700993742,0.29212573382673424,0.08775060013354327,0.34949239336268323,0.10123380257766489
0.834211336832835,8.381325817096812,10.760247375086271,-3.8307108278259876,4.896591947763744,0.13343390491224175,1743.2157492741355,8.37017805933583,168.7571882712843,78.96403162073388,204.9289761056487,0.29760963250918754,5,SS/FCC,0.05155933997374669,0.19765634908260554,0.14746451128379007,0.5245387531928036,0.07878104646705403
1.103471819591655,7.170387727780984,11.084350431615896,-5.063583485810968,4.241780241970538,0.12128387322558619,1937.7421128980238,7.732466637594482,176.3804326419876,96.39976293008543,244.63188207073867,0.2688406829805151,5,SS/BCC+FCC,0.5045922754739753,0.15504237792598982,0.07520663617094521,0.19570276420325583,0.0694559462258338
0.9932095232087409,8.695020447398603,11.536401165197143,-4.294942240483057,4.707079493627257,0.1297544266311533,1752.4216576795266,8.481606187139326,176.8013356835057,79.37680046598845,207.132329429063,0.30474098359391244,5,SS/FCC,0.07507874290894548,0.1516846494536021,0.06791077209794853,0.4137890884089104,0.2915367471305934
1.0610489426199865,7.444846966839423,12.1227467174909,-5.0705006896417135,4.465769068908081,0.1311335004408766,1867.8679128697324,7.858934414395158,171.12903499463596,91.07554896614377,232.05906326718582,0.27399211918805433,5,SS/BCC+FCC,0.35834986409445496,0.2047078957388308,0.1241763086012237,0.25927727236381753,0.05348865920167313
0.9835760986007805,8.39273922568169,11.581094885352094,-4.195630994688524,4.912213095203548,0.12777712373664388,1779.6105317323252,8.379339641055468,174.30397678774614,81.19672045480038,210.84982200481392,0.2983887823535141,5,SS/FCC,0.1189405564813518,0.1450388474584751,0.10241302695871553,0.4915559521000452,0.14205161700141244
0.9112389571550916,8.11611634492385,12.266526936566928,-3.8121469513902584,5.644744293446095,0.13380908510480796,1754.2537105783965,8.051286351431072,167.04227770355027,81.73690602777171,210.82400970683395,0.2896500488726742,5,SS/FCC,0.07401708478340008,0.2185023245896995,0.39088013620293083,0.15054806976759144,0.16605238465637812
1.139667932757967,8.395820385073593,12.194078039994592,-4.974656247802137,4.415342874055446,0.13033200875256565,1801.2692191988942,8.342284413757874,178.31995372505685,83.27032646915025,216.1635739158181,0.2979628102929425,5,SS/FCC,0.17570648335063513,0.12890243403486054,0.06821408697377265,0.3782182054717398,0.24895879016899194
1.1446142565778754,8.110614783123827,13.0591235072298,-5.171399733401343,4.586157216749215,0.13341350988785314,1816.1139820035096,8.169477675739486,175.49527616560863,85.32028674984356,220.26547661574395,0.2908153793572889,5,SS/FCC,0.2136034175534041,0.1527332723821962,0.1385406722037731,0.29969038510842066,0.1954322527522058
1.2641055976823006,8.176799402324338,12.677792451571776,-6.3650787373846995,3.5881903202644354,0.1432572044412363,1801.505868520786,8.109120796668291,176.2535461871138,85.75602078573986,221.36621174432696,0.2906744606154659,5,SS/FCC,0.2170437782641818,0.19212472674310221,0.1366988196996358,0.10525366499035678,0.34887901030272345
1.2908348436315582,7.895622258624186,12.158968445700648,-5.173711290599453,4.453582358103075,0.12034658741917735,1895.0253786917388,8.004153437687554,183.24653872513096,90.94798964876324,234.11275230048915,0.2870694184919391,5,SS/BCC+FCC,0.3500203031031896,0.060698022198305876,0.20466327793900685,0.11287590649012581,0.27174249026937203
0.9818034027227304,8.32201373288799,12.363021912855771,-3.376101695243604,6.625614081564775,0.10515359710982325,1809.3273405229927,8.215411330757522,177.38609908183705,83.02583237678539,215.4617623774604,0.29755858032026783,5,SS/FCC,0.12663841522725972,0.07242993193590853,0.35297339968872105,0.24819601101780392,0.19976224213030688
1.061487836039159,7.434216196396407,10.995731154937483,-3.308855092581225,6.412417801478549,0.10757547829944263,1929.6368210194964,7.761840878941992,179.0495033411186,93.76661375438476,239.4930552616447,0.27706998084083745,5,SS/BCC+FCC,0.3963200124744829,0.05420064498201166,0.3706791439616908,0.07654353083624625,0.10225666774556846
0.9046941144512086,8.461920279953702,9.932733711003143,-2.7636777446634646,6.4374632546806145,0.0890545491062828,1791.1564816043092,8.168944377371332,177.7540673243817,81.66678478950149,212.4626278272653,0.30078971747751504,5,SS/FCC,0.06038191777167447,0.053513639106064485,0.5359200263411749,0.06417107895905662,0.28601333782202953
1.1852437637473936,8.568337312563502,11.217197069026847,-6.472446941105057,2.9868159126993183,0.15492526396605996,1723.4261273692396,8.250945920531233,173.1659525594867,80.71525266019663,209.58256384281037,0.2982835147969656,5,SS/FCC,0.0840474320971234,0.2636439508328359,0.11887650780747339,0.06678809093455078,0.4666440183280166
1.065616932844575,7.5251329635256,12.48003555228776,-5.683979785479028,3.9237386976266992,0.14231420937034522,1787.050627468952,7.782152610113265,162.97808498542412,87.86383242894111,223.43852234841017,0.2715045324770779,5,SS/BCC+FCC,0.25334255535845424,0.3478096415066233,0.1697639669952796,0.07853995653015433,0.15054387960948862
0.9496908234926746,7.906273506372244,12.78563317140063,-3.971175575624818,5.777993970022874,0.13085988329815057,1794.6263591529803,8.004947326744821,168.56612501300762,84.5000320785569,217.20591786191582,0.28524162961255817,5,SS/BCC+FCC,0.15786220142635818,0.19515651283077926,0.32934310423332397,0.21812194096333704,0.09951624054620149
0.9694435753582691,7.690730396215218,12.40828699258206,-4.930093361550553,4.486614224984351,0.14252317070673268,1782.6337758202503,7.950959611426093,163.68530125973325,85.46006803891058,218.3755854093799,0.2776469199038781,5,SS/BCC+FCC,0.20167222995850856,0.29520554380967595,0.16577481145267944,0.28541442961635966,0.051932985162776314
0.9807067397448299,7.324582812917513,12.338897410141689,-4.759740783895093,4.783023452030413,0.1306623567589354,1845.055990113616,7.735807100340028,166.50909251058692,90.89782472699814,230.71144542667324,0.26907022318515506,5,SS/BCC+FCC,0.33601882545223366,0.26943352923501457,0.18847890552806132,0.14608348651238665,0.05998525327230383
1.233523211636411,8.394110062863447,12.461114750594842,-6.280427614461783,3.525465581743328,0.1454550975967791,1776.8422297711377,8.23951204633931,176.57638214183334,83.4958524912228,216.3815243102221,0.2957621118544083,5,SS/FCC,0.16860509372398422,0.19719381541453007,0.08357006321760764,0.17274798956180754,0.37788303808207035
0.9232755130927538,7.940350793497822,11.877896106800176,-5.01657934100474,4.046160151902117,0.15457604517744528,1708.8790213418547,8.052725403687631,158.25538494160975,80.83713147306918,207.22736000499825,0.2817584953149648,5,SS/BCC+FCC,0.07980120437453311,0.38070459450534716,0.14763766555429217,0.3030552743794197,0.08880126118640785
1.0465038756798006,8.31280328322264,12.45383173720779,-4.1360187141482045,5.444750078399993,0.12011627531270508,1808.2461798156078,8.301091444082491,177.0511892223411,83.17619797649675,215.7440682721096,0.2969098944211948,5,SS/FCC,0.16043765641885904,0.10513569910948488,0.16672015907578358,0.3965986756219004,0.17110780977397214
1.1227229798713956,8.07452267763121,13.08548610611519,-4.735496629993685,5.019009100466965,0.1282893483378445,1816.3257755530285,8.06474139078648,175.2277890082342,85.64763434623919,220.94513463179814,0.2898496048274097,5,SS/FCC,0.19652194651493346,0.14263766403700584,0.2833552480304759,0.1447660481370868,0.23271909328049803
1.047469395132976,8.128945389766205,12.980850128868159,-5.271438807461166,4.284215439623212,0.1487857130002512,1739.7923547352989,8.0862037941903,166.21893999031875,81.96865294859798,211.19067138644436,0.2882404662601977,5,SS/FCC,0.10239407657396321,0.28449112719534264,0.21622693787240957,0.17555104660709722,0.2213368117511875
1.0123975525870477,8.208561279704572,11.98246075988183,-3.5650882906276005,6.087571835454868,0.1103865162925751,1811.2086983976392,8.094984173958771,176.22428435593125,84.05766882480148,217.5785570265351,0.29422193161237076,5,SS/FCC,0.13688397961816606,0.09027964866641737,0.42767731618965676,0.11770922344419842,0.22744983208156133
1.1975899832260313,8.465824089879955,12.235318122775709,-6.080222516464265,3.536430982484278,0.14610695597219087,1757.3953213384627,8.228916363101089,175.41922376237423,82.34446960629363,213.6095450868802,0.2970485213408545,5,SS/FCC,0.12716854774631844,0.21134741205889707,0.14278918637107413,0.10588111021592958,0.4128137436077808
0.9432843104947618,8.214778226879101,11.185076712222337,-3.2142740880172602,6.35771957298748,0.1048966487810208,1827.0290106926875,8.286180823470014,176.81875065487864,83.49952225565345,216.43013459473974,0.29599624493711446,5,SS/FCC,0.16334150601432557,0.06316521423287706,0.23525849809513566,0.47184311017469355,0.06639167148296805
1.0580461280387223,6.942642396263272,10.086998331632602,-4.523687897409131,4.422675595856303,0.11097194082263905,1983.4253790918713,7.612518977590132,178.95996325539122,100.0473474909609,252.99628788206684,0.26438278588507585,5,SS/BCC+FCC,0.598592077048707,0.12730499237410106,0.07517697841982943,0.13072036157993572,0.06820559057742667
1.0243423174159159,7.932401270762667,12.7460885969478,-5.487987112272387,4.044852162191607,0.151435888671195,1741.5617672171525,8.040950600093383,162.8383814053911,82.81202127589812,212.42606142271524,0.28257986068829594,5,SS/BCC+FCC,0.1341718215092162,0.33052585875659357,0.14088456596244994,0.2575647350057875,0.1368530187659528
1.290540370300026,7.343699424979802,10.605851146176404,-5.399075545816895,3.8746312588653913,0.11979155610210956,1972.4424249505844,7.804507245128676,184.44221803581928,97.73219065674674,249.18404759991535,0.27483097393721156,5,SS/BCC+FCC,0.545712242573267,0.0649166707382208,0.06667059708589375,0.1453603983406777,0.17734009126194056
0.8742136567444119,8.310047211629719,12.256376670768391,-3.480027441897647,6.2212894686146685,0.12181537229495497,1766.448998560357,8.229346123475963,171.15188580576722,80.72868105357367,209.28150736588,0.29620293949182236,5,SS/FCC,0.06803104289228486,0.15192200640933576,0.32272086988996096,0.31662085779321303,0.14070522301520547
1.0047735112871556,8.932917680127002,11.099699157361869,-3.9284347838254594,4.962866713407273,0.11874995559500785,1756.4713161053983,8.554749436364883,182.22294557897914,79.22236069717164,207.58430192063625,0.31013706290658016,5,SS/FCC,0.0727224807598203,0.10832553117140839,0.06405289466798783,0.3231100139835181,0.4317890794172655
1.0554398748606844,8.545915440941407,12.664510650731174,-4.874827631427131,4.546731819512291,0.13682331584245003,1750.1298758748048,8.324127528194795,174.61849194945808,80.48312536182388,209.2942227242482,0.30023667559711953,5,SS/FCC,0.08192463533876909,0.18373107617193268,0.16400801803547516,0.2471767531167679,0.3231595173370552
1.1696672218502717,8.076718037361768,12.619832125085727,-4.5071656612094175,5.207308524246867,0.11778695475960439,1859.7876059272585,8.165688055112179,180.42114659070188,87.27984601270937,225.48036425191614,0.29170922356509726,5,SS/FCC,0.2645781570032354,0.0696916064371124,0.17601469819822635,0.30386511891749984,0.18585041944392602
1.095684539620643,8.017279129343022,13.350756258690833,-5.01176002151827,4.800328911229057,0.13596987187344528,1802.002887447227,8.079046872770189,172.1208096349904,85.08599647742885,219.14702883601885,0.2877972751612128,5,SS/FCC,0.19173550387870264,0.18823169363659265,0.21183756493525716,0.22740864436187494,0.18078659318757268
1.053693845388391,7.566707635537211,12.480630619247249,-5.852698733098503,3.8082276604238516,0.1444678312825454,1785.8402905834341,7.8666008599854225,162.9887875379693,87.18556493374088,221.9769119208456,0.2730141284829847,5,SS/BCC+FCC,0.250483148164182,0.3432468346617278,0.09857511489668551,0.20446903802750482,0.1032258642498999
1.032076643675348,8.212502078860929,12.649461072726083,-3.740919648572084,6.146233216067726,0.11220069847600829,1817.6719637884337,8.151839481814264,176.92540232666795,84.2306572123051,218.0835597922712,0.29456166560939384,5,SS/FCC,0.15693621227540164,0.087183513339313,0.34334961569575373,0.2115033006280188,0.20102735806151295
0.932786113820442,8.48122830023637,12.21481967043004,-3.213998998477236,6.803045589911567,0.1035171189621576,1790.0377660545973,8.308849994027007,177.44203790415105,81.2877246368052,211.557705404009,0.3012893788653338,5,SS/FCC,0.08802043152218283,0.07712656485537613,0.31985729899783794,0.2955956811130948,0.21940002351150834
1.0028045451062662,8.158297958600201,11.240794672184489,-3.1497474651947677,6.537274932928929,0.09878798876674365,1831.7896809823678,8.063533578266831,177.87744958692534,85.02747073018064,220.02435337857435,0.29384275157838124,5,SS/FCC,0.15591209894872338,0.051219896635308876,0.4822041421216833,0.09998567145561116,0.21067819083867337
1.2403737110948936,7.971052974696272,12.268696405492223,-5.675652479926258,4.013318890317043,0.132824223907339,1856.611865926097,8.13385986887913,178.79820560789784,88.29801484474339,227.45224181262887,0.28798049544241633,5,SS/BCC+FCC,0.30439740892194245,0.12647324067520246,0.059879230294046695,0.3121792070022575,0.19707091310655098
1.2868589690645278,8.16099834964358,11.749234607698773,-5.307392705873548,4.1084368825389515,0.12204742697097057,1855.8734061772864,8.082965965681677,182.94788735643027,88.11454001210947,227.77526059213957,0.29249531666871714,5,SS/FCC,0.26885340001138525,0.07574088962576947,0.2423000155277124,0.051765350378147224,0.36134034445698565
0.8320880613729107,8.373225881063284,11.68589597848537,-2.884054873688201,7.225907440779283,0.10462815518984958,1783.3395775278725,8.273689374235344,174.0144187081002,80.78583122285193,209.87888241696183,0.29898324520546166,5,SS/FCC,0.06889235299800311,0.09401295733159462,0.3607695523606188,0.3476267302286803,0.12869840708110308
1.1235045722731611,8.084880977356509,12.927722882886842,-4.3421509133080685,5.472447611224291,0.11887913194794478,1838.0807726789294,8.093834643261516,177.94238018333039,86.3201656694755,222.91500784894237,0.2912104959488594,5,SS/FCC,0.217588001118294,0.09400546353166536,0.2893709828552942,0.18400866186473058,0.2150268906300158
1.0640702669968363,8.47282224333425,11.956613763301371,-5.12804105600421,4.035408350233941,0.14372261101326342,1730.7361551366541,8.201598757087112,171.43741561750596,80.38682757494226,208.5622713330329,0.2972415856229461,5,SS/FCC,0.05759810566214,0.23081836838904743,0.2565470722252124,0.09123608439962397,0.36380036932397625
1.0937769039197405,8.01597317387625,11.62183084065342,-4.0233219725140215,5.384105309655546,0.11412236756690178,1863.9055133204783,8.194849638984959,179.05721886080204,86.97289407021219,224.56035322239669,0.2909789631762268,5,SS/FCC,0.26293701588753166,0.06294989982964594,0.15911622677427695,0.42519660953613236,0.08980024797241301
1.0948723429499256,8.429718313433604,12.541836410992838,-4.707149666097955,4.769914204409077,0.12879054185354558,1790.2246599895557,8.340645906456182,177.33056984621243,82.43931925809316,214.13486134254225,0.29874229475469843,5,SS/FCC,0.14696641671505487,0.1332364318146817,0.11132830437801336,0.3600501155061056,0.2484187315861445
1.1737546839616664,8.611090654706045,11.893136126720892,-4.364982441358703,4.95439385340071,0.11252855667327426,1818.3468936738718,8.408055262694994,184.77987825590526,83.5311506507397,217.77746497551868,0.30357036434281515,5,SS/FCC,0.1807620804381833,0.055614314195570856,0.1017005815022945,0.29561691794992,0.36630610591403134
1.338330936985232,7.989069955760531,11.855267790973576,-7.267181236660002,2.9686809164910533,0.1472453795204736,1819.7771322433894,8.012404834800442,176.10466785930453,88.15644153191528,226.64971015087764,0.2854971583036486,5,SS/BCC+FCC,0.28353560540948497,0.21794179323649612,0.08346122301598952,0.05603979686006212,0.3590215814779673
0.8223961443686675,7.995120721637185,11.746019281091662,-3.9440441774700523,5.11949078318026,0.1463801795018806,1719.0081551294636,8.052977860563708,159.9182949332169,80.35952578273547,206.49107203489893,0.28479523755018027,5,SS/BCC+FCC,0.0506977594998681,0.318671433373545,0.2840466002953379,0.27798073965203185,0.06860346717921703
1.026119688461237,8.043648538853729,13.138062760012087,-4.614385168905983,5.060368812625807,0.13715118028794854,1777.3165104382738,8.051724421894749,169.23926265512674,83.64271322809738,215.4365733958525,0.28783826517169175,5,SS/FCC,0.1399912029354435,0.2148144011346686,0.2863195695264464,0.17930430694759825,0.17957051945584324
1.0739191199341331,8.221760075309405,12.235220611119646,-5.972788093452036,3.484019395346093,0.15966357695200636,1700.7713802059711,8.120493751437895,163.23236089860626,80.28873940494458,206.93757599978835,0.28870858811269445,5,SS/FCC,0.06494969670163421,0.3578908124009942,0.14084968713236526,0.16306932641634603,0.2732404773486604
1.2428182325306074,8.068672381520543,12.73891971239002,-5.747705756916473,4.047865235803817,0.13497076418861198,1826.3669834019104,8.049699476548938,177.37717529891444,87.08668157426357,224.51650254599372,0.28904040484385835,5,SS/FCC,0.24295772415351563,0.15333988508799315,0.2063484679517357,0.08678013069794326,0.3105737921088122
1.293280546215024,7.630457196514179,11.997782859913288,-6.40360498008185,3.520532542686827,0.13529032694197216,1879.0224416167723,7.8586473495834435,177.42414437034665,92.26344587382309,235.8997640085566,0.27840317351232763,5,SS/BCC+FCC,0.3855792822776747,0.17243268158492026,0.12731043123242256,0.05530676715551627,0.25937083774946623
1.1855691723540314,7.2920654382128,11.16821955952346,-5.150422974396721,4.224654382434738,0.12152108258446516,1948.2748435293554,7.796554548804303,179.83291018526424,96.3164911485542,245.177952331546,0.2727724474171022,5,SS/BCC+FCC,0.5060574425105923,0.10954051482602352,0.07583907417872253,0.20340509890931496,0.10515786957534677
1.15865705316055,7.61204246085399,12.812919273990943,-5.198387054032677,4.624426000044238,0.1296331883321782,1876.197013446124,7.908035062703913,175.3926968740425,90.93564109948899,232.60708461181756,0.2789654408293643,5,SS/BCC+FCC,0.35122767586513476,0.15309455905961802,0.1627801527595633,0.19820285298748963,0.1346947593281943
1.2029677886863654,7.546584480411506,12.19714270288276,-6.460362167093434,3.4625981460167576,0.140467318266344,1834.0067071352437,7.8022958249048955,170.03432715053412,90.49857290075533,230.58677513865118,0.27398017309909733,5,SS/BCC+FCC,0.3326348331242077,0.2724605098688779,0.126740942098704,0.05201277328762196,0.21615094162058845
1.17870278725463,8.009636408795767,12.213032620999108,-6.952217001971368,3.044589977977285,0.15884523854274873,1733.1201766481252,8.03530068682838,164.39598655519922,83.37813993746309,213.96208385186063,0.28308261621295866,5,SS/FCC,0.15501253275572802,0.3645936250483958,0.06442535873507999,0.14768186756597348,0.26828661589482283
0.9701141625573638,7.5365277217353785,12.149734823601534,-3.5994520969779344,6.3013952541322125,0.12027062974635666,1866.8371772779788,7.824231007128756,172.07191464884716,89.91657102454302,229.73374851382474,0.2774828148813535,5,SS/BCC+FCC,0.2960044386287759,0.14340967425772952,0.34892429952798776,0.15137690192035444,0.06028468566515242
1.1086308650378704,8.339246116531323,12.773881109640616,-5.747403185716474,3.8749072222947527,0.14953466450160405,1743.452737466916,8.230160620205687,170.45641950932412,81.41423990272344,210.69786660504465,0.2939865732136895,5,SS/FCC,0.10820932921434699,0.2520235146827499,0.11373144273483811,0.24438313709336254,0.28165257627470236
0.9611599380004915,8.786033605749012,11.896653598807308,-3.6323757621137656,5.771954321617966,0.11402761031608126,1762.3369946595024,8.48564303031035,179.76450163051385,79.43246030812153,207.70460105663165,0.3074289796069363,5,SS/FCC,0.06596963063987368,0.1031349221938183,0.14886538146188086,0.34295234218627696,0.33907772351815024
1.2097812575075457,8.428177163210538,12.70477072987142,-5.522007514673692,4.135219569276856,0.13387447145720419,1797.3341004811018,8.270566967523491,179.42261042022335,83.86583657012162,217.68126835922496,0.297794651921334,5,SS/FCC,0.17745734900649107,0.13897050996297153,0.1216462924817655,0.20178932591105286,0.36013652263771906
1.134397078029522,7.173598187058411,10.450478869168606,-4.176971756922884,4.963295089680326,0.11181733052627886,1983.7893204422273,7.743782794725833,182.2491869594328,98.2858039151201,249.92904162452834,0.271440186012864,5,SS/BCC+FCC,0.5532670173932009,0.05831356270734664,0.12148032548874556,0.19543240426925404,0.07150669014145279
0.8193967834017231,8.080538186632523,10.20196687644894,-2.681525214687052,6.76739867879852,0.11391659754949901,1778.7704255665326,7.977488289914438,169.23353914052788,82.47230260955816,212.84222403584496,0.2903860890333473,5,SS/FCC,0.0671170687565495,0.14391209047540165,0.5802822404426979,0.05869278602967735,0.1499958142956736
1.0194407299132946,8.402093662588356,12.555909705616363,-3.775460976195469,5.999004736148214,0.11269319436318886,1803.852911287903,8.312589759583405,178.05935531430612,82.54901983475199,214.49946067412364,0.2992247582316074,5,SS/FCC,0.13580877960729423,0.08629339350124124,0.2236735360053175,0.3484439664681064,0.20578032441804064
1.1850778307026277,8.332457490218312,12.32250776704813,-5.298532562858472,4.2114261668743165,0.13236340601652263,1810.8637717685453,8.300196600158413,178.79716676887895,84.29928339771536,218.55046159995612,0.29627710219586045,5,SS/FCC,0.20171630336118618,0.13048746725373922,0.06376250743044826,0.34168987971483095,0.26234384223979557
1.1196638256981732,8.423203582163431,12.312133940735338,-6.013301037689528,3.524494152783453,0.15442694628894982,1721.378923651619,8.221540293022741,169.57165549525553,80.50327052370056,208.51298887648443,0.2950591169777207,5,SS/FCC,0.07776935563210825,0.2820455219620465,0.13046393969802494,0.1586545500259454,0.3510666326818749
1.1143369633452007,7.537475267745609,11.355217078141685,-3.922327396644959,5.584834098154253,0.1125666000488077,1929.117974847767,7.923478791576971,180.20913275358475,92.937599753796,237.9137716553913,0.2799651179159799,5,SS/BCC+FCC,0.4067003009716736,0.050887567261094536,0.20083576758773083,0.28138929140894936,0.06018707277055156
0.8193591108937723,7.9828228596438136,10.959302811277745,-2.58693973174108,7.647208689375794,0.10870073888178639,1805.1217293049756,7.981420895213946,170.61244754989139,83.82472327944855,216.08539169658525,0.28891204911119156,5,SS/BCC+FCC,0.11183128314460773,0.11504158250329787,0.5428632186958529,0.13900082287615592,0.09126309278008561
1.3064748304637017,8.76238727753271,10.149053766382218,-5.644096951169118,3.2554553020305175,0.12493328788573556,1810.4257818768865,8.386284972473904,188.25832635990395,84.27703730614294,220.0019140831729,0.305230470335583,5,SS/FCC,0.19835283625083028,0.0765805569305102,0.06574934103018447,0.08296102461206925,0.5763562411764057
1.0655149764668737,9.037418992160687,10.363968095796583,-4.629194529954669,3.9028768702177343,0.12712441533272012,1743.2686008463388,8.51929562352246,183.58200200007542,79.3073379119193,207.9738169325089,0.311188992142756,5,SS/FCC,0.06642760705305864,0.13029909481631888,0.07896715594739795,0.14803898328332657,0.576267158899898
1.0771929233873292,7.983970038217772,11.046823237468049,-4.0255314019256,5.115791980962242,0.11562303753315252,1864.2270214866578,8.203248707385136,178.33709018570715,86.9634557467921,224.41311672395122,0.2902725334269464,5,SS/BCC+FCC,0.2671436718941631,0.06937281391441241,0.1345088667048545,0.4703190990526303,0.05865554843393979
1.1752942245748492,7.55998368716353,12.193461819918246,-4.543094309899036,5.14917032609794,0.11862392311795471,1918.5012348301007,7.886691026419177,179.9480269116432,93.02351467398246,238.0507113820278,0.279519013102865,5,SS/BCC+FCC,0.40398169602375544,0.07802775001952901,0.20301894471003273,0.18396838926279668,0.13100321998388614
1.029932357019899,7.73118384523389,11.584083083582229,-3.4589422756684995,6.250331580719256,0.11288135293276699,1866.3145141343175,7.86808411212813,175.49504770860514,89.04541631317915,228.49111892220364,0.2830032604855475,5,SS/BCC+FCC,0.2620220753638016,0.09197376384239948,0.4369300805309235,0.07094640072185841,0.1381276795410169
1.1517696463028197,7.772168321370675,12.473118903107915,-5.270880062251922,4.396275675528302,0.13220298383797227,1857.7748181978043,8.036921752981083,175.16130219511595,88.87221302960238,228.0481118294256,0.28301132634935744,5,SS/BCC+FCC,0.3100485453633438,0.15256032653605486,0.10657441229894755,0.31680769296988937,0.11400902283176431
0.9211246234309353,8.196087180824385,12.614400796783618,-3.8202750171825803,5.854770293366866,0.12750407841215902,1773.1193814267808,8.171826356871202,170.3150016025195,81.81068897040326,211.5581341928891,0.29297367407225167,5,SS/FCC,0.09670228148053328,0.17077841181819894,0.30396665187584193,0.29683515404720284,0.13171750077822328
1.1048780044596398,8.484329491530032,12.842910757203617,-4.651183227367521,4.935834237045733,0.12600953741900453,1787.560062221161,8.314247869439443,178.3367956649889,82.38966543087125,214.18524316622597,0.29983076182010554,5,SS/FCC,0.13479879960651833,0.1244343484870605,0.17029768316732177,0.2625768982480701,0.3078922704910292
0.9975579130284176,7.959224582282067,12.419800232379961,-5.021433352783359,4.376765656451199,0.14422361273098452,1769.5648086261501,8.107989903870779,166.22690854368258,83.31210793546018,214.15801042347226,0.285275428328948,5,SS/BCC+FCC,0.1550109286892321,0.2606405412593238,0.14044627149815006,0.35791753618673366,0.0859847223665604
0.9488516882734119,8.324544682655333,11.310161473732014,-4.7229700177907254,4.170473837053489,0.1437513294964914,1741.5336738210758,8.330803612647076,168.2992816671241,79.89472519169358,206.93837421504185,0.2950690656894372,5,SS/FCC,0.08127375241355837,0.2354558581454801,0.08283425079779524,0.4783242316584017,0.12211190698476447
0.8173322615625268,8.169703944830292,11.62087422026829,-2.9945350693691717,6.926709140614815,0.11419631617727041,1784.9156587051787,8.164610579980293,170.68722665958921,81.73001082579788,211.4418606536982,0.2935386800839447,5,SS/FCC,0.0855240659821503,0.12898188765222124,0.38861008972772465,0.3240339488289935,0.07285000780891038
0.9743216009771165,8.027654769113408,12.719635453762464,-4.59518767018049,4.903609723688831,0.13958286842278161,1771.5139657258449,8.120350412969444,167.5171871355122,82.89532217018626,213.4737143124559,0.2876101372414527,5,SS/FCC,0.1363673844159112,0.23041681799474897,0.20267112040252225,0.33028299843365483,0.10026167875316269
1.0499626119327703,7.395146908790868,11.309396533603424,-3.436776054454991,6.3688337483989335,0.10951288339464728,1935.4049197143095,7.798393784648815,178.85073593787226,94.03298482199921,240.03230429184515,0.27631971241908887,5,SS/BCC+FCC,0.4171825028204803,0.05922601091957515,0.29295427830127857,0.17253649056592985,0.05810071739273629
1.1013503085563683,8.643531731296594,12.020236452303946,-5.045521181082619,4.195271250786979,0.13557274577427927,1760.974855652422,8.414076711332054,177.8562350077266,80.7705978642414,210.45371720716116,0.30278667468136233,5,SS/FCC,0.10755133729998473,0.16076150965494698,0.06722369638947298,0.30953099775967785,0.3549324588959173
1.1152609073300277,7.975768053763955,13.238897194626498,-5.458438856455587,4.3582253764622285,0.14128345744244042,1796.9103278446246,8.078808596760389,170.87186109053522,85.22358531825412,219.22420037880713,0.2861709558460177,5,SS/BCC+FCC,0.20321926958676684,0.21838489804151148,0.14988491050126623,0.25643035276191173,0.1720805691085438
0.9270429799228781,8.407440737308303,9.948128774771652,-2.8625802948331054,6.24270554509839,0.0919035754908455,1796.343063820035,8.13921221578804,177.57109043779604,82.22400132417101,213.689194044148,0.2994331983533057,5,SS/FCC,0.07370463082630996,0.05622273792276117,0.538740629224351,0.051591267169473556,0.27974073485710443
1.0456097028486278,7.98644264064772,11.401628461796204,-3.515649343017703,5.975716439426066,0.10926091299302766,1842.5902598421549,7.972641498021131,176.7312777355932,86.70381319242178,223.553262061177,0.2891777987033004,5,SS/BCC+FCC,0.19916240727234616,0.07747917764561414,0.4610639966486886,0.06234220402867477,0.19995221440467623
1.084731867217658,7.671697712907956,12.079322035714059,-5.12453577698994,4.358185907224584,0.1338535517622593,1848.9186641848987,7.997584530899425,172.03254270300752,88.6936324576349,227.0596964159358,0.2800225344496538,5,SS/BCC+FCC,0.3033259126992332,0.18574094790628384,0.10805935140277653,0.3416570897707071,0.06121669822099937
1.0947239776011717,8.799797023004512,11.20193906075015,-5.508019859734811,3.502701369980459,0.14512988866291462,1722.2868386129303,8.391303669065598,176.56333190305833,79.2120847584802,206.7221488401351,0.3048649677030757,5,SS/FCC,0.0527181145210146,0.21107773044883782,0.1098678035473802,0.13636172047015507,0.48997463101261235
1.3524704211249092,7.736784339568252,11.755935974520614,-6.7966575849111734,3.2550218343960773,0.1369533613372057,1881.880961479425,7.922534075709432,179.79169995188323,92.10758899777287,236.01853648597105,0.2812111306684944,5,SS/BCC+FCC,0.3900611392116746,0.1543994972519011,0.08397233607390059,0.0718279396815437,0.29973908778097985
1.1013276355053934,8.346043881689962,11.35948488740134,-5.902950038895048,3.2783925744497333,0.15721943141710096,1703.6151766632597,8.120401443113973,166.23749774364964,80.23984066361331,207.35702397786216,0.29210765040746917,5,SS/FCC,0.052662809943144456,0.3238689646956318,0.2107602707742913,0.05017744290198179,0.36253051168495065
1.1420215178824298,7.895920631745689,12.79428055972431,-6.408346273753846,3.5119408986468534,0.1527224333166997,1759.0466910875016,8.003830467294389,165.3684134151152,84.64534799527569,216.9244502880206,0.2813725469007926,5,SS/BCC+FCC,0.18675677341353578,0.32805749062476475,0.09381764537492092,0.18524451197603026,0.20612357861074823
1.1837361331564444,7.202101807549757,10.849797090121804,-4.689333714957911,4.570337641308586,0.11532619443312624,1975.322006711059,7.727200153809326,182.11818859164492,98.21344173699177,249.74569799362772,0.27144357012977915,5,SS/BCC+FCC,0.5487329204337229,0.0765429973891166,0.11957079580715445,0.1341959269336931,0.12095735943631294
0.8424919569718893,8.068964852484013,11.517348376308023,-2.9404028455923727,6.997364453785653,0.11597817129577515,1786.4422154015115,8.029873936261707,169.8050109688983,82.7559164216687,213.57232029863525,0.29037493349970167,5,SS/FCC,0.09046453617303181,0.14192815472998468,0.49317594817055027,0.15704064229280545,0.1173907186336278
1.0538698164526419,8.396362516321247,11.976400121337907,-5.797685950279243,3.5297007136379306,0.15692394799456993,1708.7020772953165,8.268347385142887,166.74859644459866,79.44036813457353,205.66150744050913,0.2944395416956937,5,SS/FCC,0.06001236995978717,0.3075949787813878,0.07723797966163824,0.28632710817216617,0.2688275634250206
0.825385334628789,7.940822130534347,11.939747394917173,-3.3901712637780803,6.228147950210345,0.13128750301121217,1768.4205316184486,8.017601430973418,165.17856480060263,82.55863504027111,212.30488759349686,0.2857824471658057,5,SS/BCC+FCC,0.099130096422812,0.21894574596821664,0.38019303596831955,0.24543417393311504,0.056296947707536654
0.966406780623871,8.276618612664633,12.320641778878764,-3.804847193546184,5.743767369701752,0.12310565041189947,1773.7844580648182,8.131416316340626,172.47348414378254,82.02091314140338,212.3942411577196,0.29475662378662887,5,SS/FCC,0.08661085557213856,0.15078846085384803,0.38941212175171297,0.14574833898184136,0.22744022284045903
1.1080487809569093,7.965167524721529,12.594971405514022,-4.178741417773375,5.607611424897381,0.11679866612338417,1860.4856628217924,8.106740658025824,178.26945154450172,87.47073351043969,225.5261985751461,0.2891523228636777,5,SS/BCC+FCC,0.2610964486400897,0.07849722627192579,0.22592941707034242,0.30309616776165055,0.13138074025599158
1.1761384748487247,8.002786577109813,13.278029415835908,-5.885302486295115,4.055074629285342,0.14323047569700062,1797.3559257563575,8.054213371153079,172.02415761042835,85.69836269608896,220.48210054282944,0.2863845562879793,5,SS/FCC,0.21232032492641625,0.22186361311076866,0.15432755855983,0.1736861667325545,0.2378023366704306
0.9935437869583891,8.068248204266228,12.96196368148634,-4.741285424160273,4.778415706019471,0.14428826361484126,1747.8707758072048,8.06095493627138,165.82300743689586,82.19506078248867,211.61995913929786,0.28730338006138856,5,SS/FCC,0.1025493262122662,0.2678872335329473,0.26373351873716167,0.1904257528115439,0.1754041687060811
0.8340033451478737,8.310152389769682,10.887200861635105,-2.9235119072810063,6.691618636185246,0.1054594709524097,1796.8836712131347,8.321257757047642,174.16875099545786,81.30206809471932,211.0645256634821,0.2980267944573417,5,SS/FCC,0.09974605466137597,0.0870932661589166,0.2725344696946217,0.4845146537188192,0.05611155576626641
1.1701086726544072,8.169705155489531,12.842624262237873,-5.636857839434439,4.060429218801648,0.14146177748462518,1782.1954350248675,8.082476210088439,173.1277487055403,84.35755100131374,217.71213184199712,0.2904128276472047,5,SS/FCC,0.16613626358787395,0.20730458163031046,0.22501987772047036,0.09379628982710166,0.3077429872342437
1.1787079703439185,7.511496695281502,12.577523876917567,-5.895943707368577,3.9861085931234337,0.1347199887113824,1868.5614189732096,7.850824972418414,173.23690703061888,91.62774526215875,233.68358536091992,0.27517917576341727,5,SS/BCC+FCC,0.37275593774114985,0.20711351170550624,0.10563277172184787,0.16487347519368373,0.14962430363781226
1.2845120243440264,8.130459781644184,12.186758432620252,-6.969096992064477,3.1233003708500844,0.15017568650800941,1786.0849924491013,8.068395320470428,173.86280494877786,85.66863960660845,220.74887203100613,0.2883878689138049,5,SS/FCC,0.21401024190505688,0.2417011598643039,0.110691557982625,0.0670126551774258,0.36658438507058844
1.0628345159916213,7.68914416110872,12.555565333147191,-5.11989949275789,4.487874231331428,0.13638882974186878,1830.0625164020123,7.977898920989863,169.96778298115984,87.80013053127028,224.70798046003682,0.2796563006247831,5,SS/BCC+FCC,0.27264457405047354,0.21397481934678952,0.1379275962388086,0.3024978921713997,0.07295511819252863
0.9102086777710819,7.3507220861585605,11.054697593398785,-5.1100759394257,3.7268944512252267,0.13815469759792262,1722.7714489677235,7.678858870076687,151.7806525405232,85.90964142864617,216.82114773608765,0.2619139373091929,5,SS/BCC+FCC,0.19687600347966636,0.513879033356438,0.12624712409041547,0.06764255167263099,0.09535528740084921
1.3094846729838263,7.5747046411524215,11.620173723776755,-6.825815525695755,3.1998233385120542,0.13723893999003267,1879.611057675626,7.835797734744441,176.81870843130056,92.84340280967345,237.0418209525892,0.27656792932567703,5,SS/BCC+FCC,0.4049629752259577,0.19425110726621572,0.08622294877594354,0.0502442385932138,0.26431873013866924
1.09164336088338,8.767226512731996,11.84590714078118,-3.950577384097659,5.3775675278099815,0.10891043333210862,1793.4044038935992,8.458875425114334,184.18946801840923,81.61367063367786,213.33212115745712,0.3069631564238559,5,SS/FCC,0.12566600143504686,0.06382508766300121,0.13248194165760416,0.27367033522360384,0.40435663402074395
1.109442622358109,8.20948483676076,12.766458090727776,-5.386885066155719,4.223218122761972,0.14116305133762141,1782.0130452913957,8.226031022334862,172.65208960943596,83.2457781557656,215.15731457786427,0.29230165988281087,5,SS/FCC,0.16382432395362564,0.1998225105011546,0.09911404074900172,0.3375222544232699,0.19971687037294822
1.1771459926021302,8.750530560558236,11.669749614100212,-5.074234131385418,4.095193319953374,0.12687190445466595,1780.6700658610935,8.406018649612557,183.18622393712974,82.00741624107664,214.07682078262215,0.3052284207644219,5,SS/FCC,0.13422861296767644,0.1118803394693716,0.10172166076151004,0.17347064763992395,0.478698739161518
0.9489901665476197,8.058016529938678,12.1046269304862,-3.280602521231835,6.748971615006602,0.10926915360200971,1829.1104857698454,8.123478062517767,174.9699182473275,84.7255446422656,218.85181962136383,0.2915338611596772,5,SS/FCC,0.1710471280189673,0.08379412080592506,0.35121711033447334,0.30397837489873036,0.08996326594190393
1.0390010089782065,7.800757886917166,11.968720655775618,-6.01367109624899,3.455977847041619,0.15387656872811525,1736.4527205319775,7.996429116889576,160.17736580234342,83.50606203487851,213.42887425662485,0.2779244348001983,5,SS/BCC+FCC,0.1602126460703946,0.38446827707620007,0.06366883805964886,0.27764902145335696,0.11400121734039945
1.2650819806876306,7.946579772767609,12.539078675962902,-6.7410913035262245,3.356736196274201,0.14691041161286816,1804.60376096446,7.989883117387917,172.94359782062642,87.18796558539631,223.9326787645001,0.2841948843568848,5,SS/BCC+FCC,0.2507430130090861,0.24052014043306447,0.12703942632995185,0.07480890123694912,0.3068885189909484
0.973797190020105,8.12781368018913,12.276964646351558,-5.217134318654402,4.0061955336654105,0.15613564503243008,1702.4455811504358,8.111333769881945,160.9876938292822,79.98448357754188,205.86048358875158,0.28687761913957815,5,SS/FCC,0.055392422554496,0.35598341864370625,0.16736190195589973,0.247942569749968,0.17331968709593
1.1651578194801018,8.789707501167179,11.23454959288675,-4.3718765944142985,4.624267853309833,0.1095332787280891,1799.5143331118466,8.400348844771745,186.2887186189888,82.59650415555353,215.8834503183889,0.30685585622253964,5,SS/FCC,0.14111887181426722,0.05662214142980245,0.17486903972425788,0.12621250783782853,0.5011774391938438
1.2635863649714787,7.500016931157335,11.406363978528146,-5.20371145198066,4.234246040878292,0.12144295211165154,1931.7110070435763,7.804397109474922,181.73595593843325,94.92784697296369,242.5520456777465,0.2775600280222699,5,SS/BCC+FCC,0.4497490466986064,0.08573062712086317,0.1967796588801382,0.05023568292537377,0.2175049843750185
1.262492634888071,7.58907333134746,12.136488035106815,-5.594443446025464,4.131692585174026,0.12735845536552134,1904.5480512112567,7.854496493541728,179.6115163290549,93.1898514351646,238.34797296446476,0.27883009412399207,5,SS/BCC+FCC,0.4075608705095587,0.11977407539803923,0.1696270274397364,0.08210690554071362,0.22093112111195198
1.1964736211516884,7.507324033208569,12.38114568337558,-6.393950072909114,3.576223369308658,0.13873707016460338,1846.856327670601,7.810289830701519,170.86429081516494,91.13801123616246,232.13999597118996,0.27356298882611363,5,SS/BCC+FCC,0.3549498777751458,0.25776306787436126,0.10265800642205695,0.09427123922365013,0.19035780870478586
0.8810028541591481,8.0070250004145,12.280269570796703,-4.220677802822132,5.053072063169254,0.14435466219015788,1736.7203564381948,8.072319009797273,162.54250309604035,81.24938303747359,208.93501643102627,0.2857637105666507,5,SS/FCC,0.07985290398258003,0.28903833266510615,0.25930664622719046,0.28783509320548123,0.08396702391964203
1.0693012512119333,8.049154060847227,13.072940019076468,-5.5527804753712005,4.127364670139265,0.14918470826904234,1753.1139934098724,8.090261035839417,166.47252749303328,82.91031571072592,213.3172885768147,0.28643394219531526,5,SS/FCC,0.1379554046001439,0.28468294949134415,0.1526226943905546,0.23973008349705527,0.18500886802090208
1.0126385919921626,8.165147904401291,12.626232911364383,-5.2492316065235665,4.178265629139185,0.14974130313135461,1737.0729918543916,8.175304973497342,165.86788343045762,81.18638524834972,209.39532044224998,0.28959627776078606,5,SS/FCC,0.09817947987559397,0.283892286744806,0.13702074860363142,0.31641581865465174,0.16449166612131688
1.1792863645033185,8.38690943747908,11.037872559424994,-7.068183410695174,2.643317499163446,0.1659147716412606,1692.668169479039,8.17534490436213,166.01616749767476,80.16168662782151,207.14478264213395,0.2920435644267043,5,SS/FCC,0.07077067371319766,0.3669278613699763,0.06625888155688546,0.0967065204444299,0.39933606291551066
1.1024217408881984,8.239143825808569,12.763928103233994,-4.068150506304354,5.7515074040085565,0.1129030016898269,1833.1350129753323,8.211849881045714,179.52297482207467,85.03771875689824,220.32481482198136,0.29545346490205926,5,SS/FCC,0.19581991142736854,0.07055250613285664,0.24437546286446157,0.2771680843544639,0.2120840352208494
0.7587922093577044,8.17141904035677,11.086646828670169,-2.6570598282774625,7.432001846532472,0.10988582874900618,1781.1770580659747,8.145803376624311,170.05430594842187,81.32780815858183,210.4365973366363,0.2937554945923544,5,SS/FCC,0.0660167644419648,0.12335758831551952,0.44719033966593275,0.3000604575969463,0.06337484997963663
0.8994537941102544,7.585518076973301,11.873914366717361,-4.870627584023336,4.21426905356933,0.14722407732140416,1728.6750332825893,7.848177919611775,155.3796359110384,83.95748193339392,213.4308622613252,0.27106517100314265,5,SS/BCC+FCC,0.1519530669941303,0.4278151922766552,0.1588863527516368,0.2054513727169396,0.05589401526063811
1.145331544259107,8.757311276473175,11.272006356922674,-5.423203350923576,3.6348389822712552,0.13717714895129646,1748.7991010095313,8.353278711307928,179.46205355327692,80.74631675029191,210.64651451234698,0.304372279690302,5,SS/FCC,0.08778700353883424,0.16716245912603755,0.1513986958615785,0.08725594027022054,0.5063959012033293
0.9423117810070026,8.03992015926772,12.068017804500837,-3.7388726344205585,5.73056312643287,0.12922818077822135,1775.4242437239038,7.995012699891892,168.6875462846741,83.20367497659721,214.36625681497378,0.2882018545170558,5,SS/FCC,0.10648496129278134,0.1925793106672676,0.42867820221703545,0.09904565912528232,0.17321186669763342
1.0606105260660088,8.033274652218346,12.238956338713399,-5.938246865528184,3.505006939621972,0.15933180713401499,1700.602518863111,8.023315133988454,160.03000466506086,81.19358898765827,208.3451096713882,0.28301453519352016,5,SS/FCC,0.08379073159602744,0.39809020680150664,0.14609645450021352,0.14509889199259676,0.22692371510965556
0.8150689756484152,8.641404712016584,10.9926107056628,-2.7328659842833334,7.1328707996565806,0.09994003692672494,1773.2991400758228,8.486568333883362,177.12138992480726,79.08101141507345,206.509039322474,0.3056803120446166,5,SS/FCC,0.05518255073399603,0.07828833250083377,0.19962837831125568,0.5037433309224193,0.16315740753149513
0.9747259666813831,7.886717086148393,11.755546488702725,-3.086656974095095,7.083544951844961,0.10433606760707853,1859.9288881623183,8.011085137238307,176.34680129383,87.15510751356383,224.4834914891946,0.2878389912734519,5,SS/BCC+FCC,0.22469364558043495,0.0590654619668812,0.4065213619569308,0.22426922171536143,0.08545030878039167
1.3366120397557615,7.655928556528076,11.804006273013522,-6.324940670507957,3.556328021371781,0.1315941299286676,1905.58754173103,7.9033209376259155,181.26129317245073,93.34853749864385,239.01513333456307,0.2802296626127402,5,SS/BCC+FCC,0.42372909530920055,0.12213225216472799,0.0924330413539727,0.09789222303299079,0.26381338813910793
1.0435156866858875,7.145563252678853,11.485768748693253,-4.321884426867485,5.135192026110142,0.11733144663059222,1932.279159315003,7.655713093819257,175.3092190879876,96.19819471699901,243.96972583329676,0.2680577143418334,5,SS/BCC+FCC,0.47803704545892695,0.1522159012617176,0.19796788775200222,0.08970508619628087,0.08207407933107216
1.0329920673515183,8.086612520617418,12.828948096402394,-5.350712622100235,4.1884527969095355,0.14909616878351337,1746.9250999801322,8.13090935765024,165.94951421922556,82.13096170041122,211.5011614154102,0.2875848342486366,5,SS/FCC,0.1209989188639605,0.28379654906925045,0.14232704677849958,0.2933480631619906,0.15952942212629898
1.1736640257878554,8.043715699259145,12.35518279103151,-6.57635721103281,3.265939138485957,0.15614637772976234,1738.3786248558117,8.013448460096452,165.75386160952667,83.4674141628698,214.4122579736191,0.28440697560869,5,SS/FCC,0.14609985562736796,0.33724356760415525,0.13974290825111263,0.08066835891669213,0.296245309600672
1.1783522847515377,7.4345060780223395,12.346183405710429,-5.932214656841002,3.8944322014256243,0.13355009923172728,1871.2350951401957,7.778705825423275,172.68660302836759,92.47037094570041,235.3946665621406,0.27281130244609286,5,SS/BCC+FCC,0.38743857345716387,0.22160823401293578,0.13079460061780063,0.08932572487459603,0.17083286703750375
1.0162543305927747,7.985114818024138,12.098345425222783,-3.7647846243610505,5.928248867680086,0.11536778357816958,1844.7635052762334,8.13712083563903,175.896641623905,86.01699653331896,221.88263251670733,0.28976040468211656,5,SS/BCC+FCC,0.2214943024229677,0.08890142891161766,0.24677726720468737,0.3686491511397658,0.0741778503209616
1.0751727418255002,7.9834146529155054,12.395118211767299,-5.628690153033364,3.909786022199223,0.14690964699861223,1775.455273392549,8.126677684158187,167.8345114978257,83.9261761519081,215.80689006646446,0.2856947615238039,5,SS/BCC+FCC,0.17974190975877447,0.261201435192919,0.08083134602597304,0.35235071041869165,0.12587459860364172
1.0380401507834756,7.479458368882864,12.477735544618383,-4.227633585492545,5.528649223097984,0.1244603837099414,1873.185129068254,7.796032578577769,172.51720409769302,91.09011310697437,232.3723445257704,0.2755080469209488,5,SS/BCC+FCC,0.3336970809487148,0.16392215519982684,0.2847684157622264,0.12445001019834388,0.09316233789088815
1.1468729283417158,8.490128147905843,12.692320164535161,-4.627513560743112,4.951019477641511,0.12091475175341243,1805.1005983387063,8.318634266644613,180.89748693961457,83.34069142360643,216.7378744385001,0.3003124328358327,5,SS/FCC,0.16228191523714455,0.09474040857205979,0.16299980863387795,0.2505233481616441,0.32945451939527354
1.1180887477337245,8.441829258290817,11.835745457340732,-4.392527992215472,4.889259556024868,0.1198342009992073,1814.5214788296973,8.386363821917248,180.48450692979202,83.33408389527852,216.6569860951214,0.299930208432978,5,SS/FCC,0.18025029032486928,0.08714413636502218,0.07732841685352634,0.4210803376075854,0.23419681884899674
1.1234120287011702,8.363166008892112,12.709910635600876,-5.035447634428624,4.483678502385414,0.13382354573756045,1776.356533051756,8.178663659216264,175.35394241229193,82.85981503307131,214.75366947862398,0.2958855229939309,5,SS/FCC,0.12696117847101743,0.16702938894284808,0.2543927520335471,0.11911560632818077,0.3325010742244065
1.1586356614488857,7.870708614480565,11.806427775066277,-4.103072591460071,5.406159050204512,0.11219584695116087,1878.795928178409,7.949608475215561,180.0117668059695,89.514590667884,230.36000584358348,0.28671764080485246,5,SS/BCC+FCC,0.28834109874207803,0.05973821472563116,0.36084818989253753,0.07501596658915388,0.21605653005059935
0.904594268513507,8.509699538847313,10.679089965797013,-3.8330262321317563,4.908705159796849,0.1263723601591564,1761.873025910289,8.459670620281575,173.60415522491047,79.49518587351113,206.90432809214602,0.30136388649598284,5,SS/FCC,0.07961467475773304,0.14965207037013425,0.08301786223256064,0.5568498265462316,0.13086556609334046
1.0338174033385412,8.563874871321136,11.656324065479348,-5.426921825024209,3.684935589360889,0.15132659097868537,1715.6232913831798,8.369225015826409,170.3738345460466,78.86465355289525,204.96796314564088,0.2994919391116514,5,SS/FCC,0.052492611821138305,0.2593687699795371,0.06092296917349198,0.3262024331087143,0.3010132159171183
1.0412593509541945,7.59211679120077,12.739962669119636,-4.440909675318478,5.327219842464427,0.1278319680210952,1856.9683508973342,7.887144708177561,171.94041876362706,89.50330430460825,228.80803063650916,0.27820996338751103,5,SS/BCC+FCC,0.3015814428993601,0.17060363270044757,0.2399454590665392,0.20985562096736654,0.07801384436628636
1.2244864691168504,7.600782070140198,11.754556497086872,-5.002859306145592,4.518178430481011,0.12183936800825641,1922.9832730429714,7.9562389503119135,181.21053494235773,93.12218663030801,238.5105410066282,0.2806321975315459,5,SS/BCC+FCC,0.4237589980834979,0.07610712289137707,0.1053906131536431,0.26507934254439325,0.12966392332708876
0.9877235992964023,8.626765567721908,11.827739663421086,-4.208717911054681,4.942687229021782,0.12796851206438328,1758.7790908643906,8.450675877368292,176.25052537719048,79.76460444700469,207.927060940752,0.3033792518766766,5,SS/FCC,0.08149968269474502,0.14659834255057197,0.09422030851316317,0.4190000568210709,0.258681609420449
1.2278011519402896,7.810278361110597,12.057655211656176,-5.698298737371838,3.9584974866612046,0.1328729616275226,1870.7372862032894,8.064379348140163,177.88560989635795,89.69946645283191,230.37578919932412,0.2841536204703417,5,SS/BCC+FCC,0.34047742440554707,0.1350618395307552,0.05478597563728308,0.31305447140038317,0.15662028902603148
0.952061742812942,8.429301564254756,10.764829007703367,-3.3604938125096133,5.7871965304657165,0.10843063413333283,1806.6096456977343,8.43069017947876,177.88198181480692,81.72311672995139,212.61002172219338,0.3007948682668885,5,SS/FCC,0.13594610892837206,0.07383427990890958,0.12564085029039643,0.5541294597242342,0.11044930114808767
1.0584278465499217,7.614720294734204,12.801097310061877,-5.233301931201679,4.463155696584254,0.13775420547886502,1824.6127830764026,7.912094858607056,168.34409894624926,88.21408658020529,225.29069205132174,0.2769541735632256,5,SS/BCC+FCC,0.27728969857592134,0.24383536025936067,0.15161213564378945,0.2413905588964496,0.08587224662447894
1.0763207633628766,7.871485559901927,12.233075665150539,-5.9041818908533115,3.668063495467134,0.14953433461134003,1770.3575392897023,8.062482618588225,165.51352995006926,84.46716173145386,216.56186614515798,0.2819293421606393,5,SS/BCC+FCC,0.1922657919513837,0.3012762029679703,0.06507373747932603,0.32547518842997325,0.11590907917134657
1.1999746386913108,8.340331837946493,12.948517908060493,-5.476863718168265,4.259176012385146,0.1341049789816639,1801.5135783362298,8.230677615567947,178.2956442856229,84.292791568849,218.45246686342688,0.2957956593773408,5,SS/FCC,0.1853932157106164,0.14415297789936776,0.1394541984937252,0.2067279685254882,0.3242716393708025
1.0763875130109173,8.277460961056702,12.600929638641786,-4.26637816638294,5.363718678177855,0.12045367949256164,1816.0293152294432,8.276188383097569,177.64832360661063,83.87141065117682,217.40106705099146,0.2960379786335517,5,SS/FCC,0.1777615816988906,0.10116212471929159,0.1679036160940086,0.37219910580184445,0.1809735716859648
0.9708855555146347,7.280567193223664,11.534587766509114,-3.5596141651115043,6.168071877897914,0.11689217134032724,1903.4891094949007,7.688212250329144,173.17302589520565,93.47320474804694,237.6593368821702,0.2712698656410189,5,SS/BCC+FCC,0.38912973964179015,0.14554447934457468,0.32334898426985526,0.07958244163574209,0.06239435510803796
0.9371276166634471,8.061840235975207,11.866799343997961,-3.0979817496935205,6.977421396172225,0.10719965552862408,1821.5468633180376,8.050003517606633,174.43032471209932,84.60304421671474,218.48549954320274,0.29123899480225385,5,SS/FCC,0.14802977220428337,0.08685341024177613,0.45685041431308554,0.1717796158561603,0.13648678738469472
1.046275788211144,8.78043372096474,10.926875480459813,-3.492722537094988,5.62425271808437,0.10426993910712595,1797.7655078208236,8.54483363528363,184.23554013082435,81.13659843613763,212.25154949825878,0.30798895682890454,5,SS/FCC,0.1296339398483321,0.05181424381716204,0.05887747984895424,0.4278328284925354,0.33184150799301615
1.2857958561848086,7.507508384160538,11.292495230159126,-5.16360406665732,4.252307226953946,0.11947546773587457,1944.4095122078286,7.8248251169494205,183.49852774822833,95.48016845063273,244.10240267496786,0.2782885003034902,5,SS/BCC+FCC,0.46935361932749586,0.0634349575325272,0.17623058627433935,0.07231109338321799,0.2186697434824195
0.95123966218043,7.542886089840286,12.307949923683768,-3.78350942068052,5.984475093806222,0.12647335206870455,1839.650308955923,7.8021763062289,168.83938924497502,88.81835806192397,226.70259611503423,0.27621474356110964,5,SS/BCC+FCC,0.2625536751604849,0.1956061723015714,0.3515033632966765,0.11707396601970708,0.07326282322156016
1.0903937385282991,7.370633246120055,11.427286576568,-3.8351971534358773,5.749078239934993,0.11365053760570705,1929.4916690869481,7.738994244087095,178.341752504875,94.4914767853515,240.92446131509507,0.2748475815569236,5,SS/BCC+FCC,0.4224607091972134,0.08498012240073208,0.30564403866835815,0.07329547255217879,0.11361965718151755
1.2670364189104384,8.050962669957471,12.571135824929955,-6.499823886806374,3.4930907644819977,0.14448399125836164,1806.0801027881744,8.03654696285443,174.82951567197895,86.66282221736203,223.12143927014583,0.28729617592263057,5,SS/FCC,0.2362566888339551,0.2106812129082889,0.14859183126184397,0.07478327345815307,0.329686993537759
0.9019314863628616,7.56720946140494,12.15430317149354,-3.826919986220525,5.703361342900787,0.13401727432544366,1795.768371677358,7.785851530158586,163.64467005960284,86.77906946995337,221.23160133593277,0.2746829545834933,5,SS/BCC+FCC,0.20297893667089742,0.2731909781848576,0.3555774828238359,0.09014689170922591,0.07810571061118322
0.9679552363614365,8.462370992702482,12.343369831066942,-3.997500768701399,5.4198940511784475,0.1257697650233522,1755.277234036117,8.233277643820696,173.41524452835654,80.5302556007299,209.20703883775573,0.29893440221403894,5,SS/FCC,0.058104828176004285,0.1585903470395444,0.3272293642777464,0.1749799249193737,0.2810955355873312
1.0578451150608426,7.500940599857204,12.478797079586148,-5.351964158541815,4.284716422597064,0.13630407169637812,1837.649323225627,7.865205474073138,168.28533723067792,89.54779210809227,228.17186342260038,0.2740228321161529,5,SS/BCC+FCC,0.31515410613249945,0.2513924864150215,0.12335875325593389,0.23754800985586536,0.07254664434067962
1.00442362151799,8.001803747000158,11.82089221855102,-5.4929948893821825,3.6221242078999834,0.1598003914562855,1683.1481936365335,7.992030204017648,157.08116299924959,80.37666150756178,205.99489540828415,0.2814347569592965,5,SS/FCC,0.055007531664766025,0.4297220556730195,0.17890019561732165,0.13119956808707509,0.20517064895781761
0.9470119257730645,6.9226873428360385,10.539850195575909,-3.8879935743019347,5.305224575915209,0.10934635691096246,1957.0187416202218,7.553910783078251,174.99548804298897,98.65406307249766,249.1437558274115,0.2627141146955291,5,SS/BCC+FCC,0.5434203764380156,0.1619294397427848,0.17409036304628053,0.0696621060909845,0.050897714681934665
0.9219095485181815,7.558615340256346,12.500212046324597,-4.436388409858253,5.032317199658952,0.13882827736690742,1785.9952014317043,7.833756665713061,162.17040164726433,86.43466506389612,220.18537134350322,0.27370986617888216,5,SS/BCC+FCC,0.21097269341595343,0.3100099483789668,0.24302052705999835,0.18142298682294172,0.054573844322139686
0.9861298543663912,7.619941380050819,10.952239657029201,-3.063010356611496,6.717760188270992,0.10956087211305673,1878.7550667283367,7.807560517373011,175.1297310222149,90.02320629671841,230.5635363981944,0.2805783413126393,5,SS/BCC+FCC,0.28174988311636434,0.08551321182825039,0.47186758396180584,0.052784284075360385,0.10808503701821896
0.8950255121861461,8.200575662069179,11.46219931612036,-2.8606617442934437,7.30260585228313,0.09848239138750019,1822.5378848983767,8.215856580312396,176.0696856966934,83.30944296965322,215.87966176036502,0.2956494129903294,5,SS/FCC,0.13788343169466163,0.057036997971215746,0.35470721961078605,0.36736517801695706,0.08300717270637957
1.0034954190616567,7.608030930186026,12.716311567954158,-4.3265883543628485,5.41125083327081,0.12958923559442145,1841.120369212786,7.888045058432295,170.00162398441233,88.54734491577655,226.34404835285605,0.27809619005599434,5,SS/BCC+FCC,0.2729706935379447,0.1915967589559244,0.25649920121541914,0.21229761636358357,0.06663572992712823
0.8928813763788879,7.906127818842153,10.571491194473298,-2.560863785921309,7.594172939047149,0.10028269235013865,1839.6316754224295,7.9336433816235035,174.11026728124313,86.0425087121335,221.6204349621677,0.2878543308379582,5,SS/BCC+FCC,0.16823424772638493,0.06969351773701225,0.560518391829337,0.09081785338259779,0.1107359893246681
1.0517040799457247,7.301932628649186,11.966689896981253,-5.7048182808876495,3.8265624720941482,0.13402688508964902,1824.217687451787,7.688687694466125,164.33662635225917,90.96080118025014,230.3775263370111,0.26635607507727077,5,SS/BCC+FCC,0.33882094600664037,0.3375073557394047,0.13306546735987518,0.06413058538628798,0.12647564550779167
1.2422555241346769,8.254239949907753,12.504807481671216,-4.829957229333106,4.798824960180856,0.11670098281062756,1853.5370609685692,8.196359838023485,183.49462578986976,86.94241303412491,225.25144015278022,0.29540596063493746,5,SS/FCC,0.2525367575865577,0.05651315906684828,0.18625169419926194,0.19357015414694712,0.311128235000385
1.1246449740981357,8.750798161607243,11.716527138068559,-4.88490818045393,4.245063363894919,0.12929297103384743,1769.8716312039658,8.449406797290097,181.2382210887578,81.04148984545841,211.58709430448874,0.3054245097663771,5,SS/FCC,0.11620723232167475,0.12834451903375346,0.06546419747707903,0.26841095705064005,0.4215730941168527
0.7972233677957697,7.3594016632839345,10.237467740785645,-4.279661186756748,4.016939667850936,0.13766415830616563,1679.2379950069153,7.678262916926398,145.93234031526262,83.55746046319639,210.49712953298368,0.25959506407987937,5,SS/BCC+FCC,0.1305961305014156,0.5863801298528964,0.13301805115427684,0.09303732284315819,0.05696836564825279
1.0057758562899666,8.826486391293347,11.733280801096994,-3.451932846604683,6.049196923649196,0.10112391913439522,1779.6750933949602,8.452795905403294,183.24395363660216,80.46528235353681,210.5737698735889,0.3084759272228744,5,SS/FCC,0.08293893079243679,0.06116460972531581,0.21317928497709712,0.2319054864067658,0.4108116880983846
1.122680712619802,7.813267529002763,11.97474458835382,-3.80139415151014,5.944967181865177,0.10924025585810031,1887.2360286505213,7.949266691952597,179.7450215547001,89.82001162395147,230.98501992213397,0.28582158778378136,5,SS/BCC+FCC,0.2988846229276537,0.050386700604198184,0.35654813817930064,0.12693760111542607,0.16724293717342148
1.0228131212800946,8.34727535458237,11.002483047859926,-4.362397420736549,4.523240004902854,0.1279555151242955,1793.4292621190325,8.38439844210292,175.31720132783286,82.07973127825228,212.99872465494133,0.297511098890361,5,SS/FCC,0.14981870074159845,0.13557925656192393,0.05959703155120474,0.5275180096630545,0.12748700148221834
0.9820298529549256,7.605854175471698,12.727950117650503,-4.620560106692536,4.9945812918492605,0.13605576169973468,1813.1567022194506,7.886061553158622,166.40318837974905,87.38181596417404,223.09484806867013,0.2765519096109054,5,SS/BCC+FCC,0.24413896220099487,0.25094929095741836,0.22153633353938093,0.22166943577330578,0.06170597752890015
1.0569168543851641,7.762288102393846,11.150960119528554,-6.107216819515304,3.0773202514133065,0.15684125738602375,1685.4033082651933,7.856511286321765,154.10806971974935,82.42294352895524,209.85583125431617,0.27304256721063136,5,SS/BCC+FCC,0.109226591987495,0.49957977204094794,0.1208041673566756,0.060457878819980417,0.20993158979490123
1.0824921858086674,7.372205840415833,12.076285761692773,-4.298917158154785,5.359998758065058,0.12039062902733497,1908.0532245953636,7.7508819557583335,175.61699512478148,93.58585511077784,238.40847334433676,0.2737420257694498,5,SS/BCC+FCC,0.403804901377025,0.13294592432234076,0.25654537065198835,0.10064603980506727,0.10605776384357857
1.2152660170928566,8.294032391812706,12.218930761513946,-5.449312899335205,4.0450896597428985,0.1321832233211398,1804.0009995246864,8.131242944050946,178.3306026751867,84.98145902165331,219.9984426450216,0.29439083052790327,5,SS/FCC,0.18353446594422276,0.14151867345315683,0.24329156919001008,0.06069058567091142,0.370964705741699
1.2205763442185042,8.287796395753857,12.652338847325542,-5.543566183449195,4.121629460173918,0.13338409822801717,1805.874004282401,8.152318792210627,178.3679017209933,85.0420759760974,220.1401573641724,0.2943014080820811,5,SS/FCC,0.19168926168996533,0.14348458807182615,0.2063417249055107,0.10230934345978127,0.35617508187291647
1.1002778312600408,7.859794296713835,11.904479605762042,-6.1765886248497335,3.307699684003787,0.15621087346479454,1716.186194350553,7.90718347394568,159.66078912869187,83.23042856577956,212.72678957172994,0.27793880938391086,5,SS/BCC+FCC,0.1305903455522109,0.41347210025965114,0.15930210109534354,0.05882381810768162,0.23781163498511282
1.0859813380797256,7.6617165698143035,11.54648813908488,-3.728379445985212,5.842563848520116,0.11339015283567958,1886.5736962484723,7.842497204129616,177.31149753833176,90.68195851245777,232.4233233958538,0.28153012577426745,5,SS/BCC+FCC,0.31084572815353867,0.08179561340922165,0.3953877439482453,0.05873818944738773,0.15323272504160676
1.147878275675923,7.6091855845876974,12.237928211464911,-4.46497283775044,5.18581996353574,0.12069465708968967,1892.031891703617,7.844606000702193,177.53938063606586,91.6672579981049,234.62175137892612,0.27974675201791593,5,SS/BCC+FCC,0.3507033756325227,0.10603096096774718,0.2927051869390318,0.08449765610090734,0.16606282035979097
0.8136751403142644,8.209883177648349,11.584988869554001,-2.961417323732299,6.924033913063354,0.11611837772152196,1769.9594824970316,8.122262141641269,169.83823084691483,81.16742227092688,210.04188123699186,0.29388044710781785,5,SS/FCC,0.05691469398640703,0.14477164908834345,0.4551971696666205,0.2177487598077513,0.12536772745087768
0.9291666347880241,8.3147639254326,11.443207902305986,-4.332238912892244,4.639500903879619,0.1365911645490858,1756.450740324012,8.331076873478205,169.80888630848972,80.3439127446915,208.19620205169227,0.29565635366350934,5,SS/FCC,0.09031057468666004,0.19965000228705923,0.11848676175126972,0.4880702454570423,0.10348241581796865
0.8328586673283319,8.524546504521723,10.326791128997883,-2.9153503525852096,6.315409921275663,0.10526149472217007,1782.900285880744,8.475387790923838,175.99412125701633,79.7593747395772,207.8755195147744,0.3031416068237118,5,SS/FCC,0.08049408629279381,0.08539538289074011,0.15765127839011106,0.5819884448546602,0.09447080757169495
0.9863750349641921,7.675315483928942,11.424067164148376,-3.0618851018712236,7.013172475479505,0.10748092542514792,1879.67516508358,7.86671128471508,175.8769880816381,89.54107569952622,229.65060495184275,0.2823757317953347,5,SS/BCC+FCC,0.2765411403990018,0.07110237810622246,0.44348461372535686,0.11824359270566934,0.09062827506374956
1.2409018045901667,8.137609744978786,12.589250237648946,-5.936018926050006,3.870193673808829,0.13786677023618793,1824.8542472130748,8.183997018355697,177.77142767282123,86.29880040544282,222.8376906242381,0.29108220263386103,5,SS/FCC,0.24949399471854125,0.15405574423675547,0.06357680276827943,0.27509343790022545,0.2577800203761984
1.0930632339550332,7.819224783408236,12.3528190234753,-5.870597337648022,3.664654266767928,0.15167647375991858,1741.6035324129546,7.894805617123733,162.06383856911535,84.35563861291652,215.6508650605943,0.2782243641717502,5,SS/BCC+FCC,0.15793041444328118,0.3657288589322925,0.1938791068566789,0.06410876830840449,0.21835285145934297
1.0274837346503554,8.097170288357612,12.499707720586267,-3.6527950456694667,6.255471923231753,0.11202522743058607,1828.0397922700872,8.084145638588513,176.30627742566293,85.21323605214255,220.1686948046874,0.2918691098056918,5,SS/FCC,0.17624137033115983,0.08713210233097639,0.37686177819490063,0.18274436693501736,0.17702038220794572
0.9669676077610311,8.21919044153575,12.644739399599874,-4.682379944799576,4.663235394857898,0.14637219992092318,1726.8085852910885,8.13392324189274,165.57624017300958,80.4532460678143,207.71666629082944,0.29091538528939137,5,SS/FCC,0.05915038374096537,0.27495752459433837,0.25510549723137615,0.20912445525462017,0.20166213917869985
0.9463002559399086,8.085289489684417,12.021698817045548,-3.4317540738716987,6.300416556754841,0.11769658184138354,1798.5383609421,8.033474677411524,172.19795093736275,83.77853812419048,216.26316489193871,0.29068356726013467,5,SS/FCC,0.12330986813398681,0.13193400024128843,0.44991503791211246,0.12583896123154625,0.16900213248106608
1.0238678211782588,8.202717499340501,12.370204076333199,-5.338753135607781,4.032917328962676,0.14956382323003187,1740.5334573062244,8.216141705494323,166.87874531996988,81.12926251546386,209.44649717998632,0.2908196789047861,5,SS/FCC,0.10376445665176094,0.27345303118492587,0.10299439912351119,0.35587678225065544,0.16391133078914658
1.0603153565009138,7.446005865432312,12.626592297343963,-5.300951707359369,4.392232013973102,0.13460487686486236,1843.966577642556,7.814891355039839,168.4460318504806,90.32797437035157,229.8913880523323,0.27253704987205923,5,SS/BCC+FCC,0.33026565128728097,0.2524859244630178,0.1457037440985066,0.18406626783249744,0.08747841231869717
1.3315490494281896,8.389966633684134,11.614265553000182,-5.436503867877028,3.965692536677403,0.12064837107987414,1856.295319042458,8.267125550815368,186.923357050729,87.22739882498277,226.45697049046723,0.29808393658993154,5,SS/FCC,0.27469755782660144,0.05042186097306264,0.09036325486454976,0.17925104236117217,0.40526628397461395
1.0758660167795724,8.350908191704491,12.39247044384693,-4.69221231717964,4.732070207118924,0.13035019791039473,1791.7236877249954,8.322393865909248,175.88059585253802,82.60618776958515,214.2726154299515,0.2969525722917134,5,SS/FCC,0.15237161509728817,0.14300749815394675,0.10565689247169682,0.3992690685011248,0.19969492577594358
1.0270170420246754,7.854725978276708,12.151743477976593,-5.848075234825948,3.542876505587999,0.15703471064816493,1705.0238044279663,7.9607408577606265,157.39418703392866,82.11207486922676,209.84447959457088,0.27779306471534876,5,SS/BCC+FCC,0.11026339815716975,0.42959268601262135,0.11730833176450435,0.18082570752773966,0.16200987653796486
1.2100762094971937,7.306963946188065,10.987017108285514,-4.6257689230752375,4.681901331903347,0.11515031897993357,1971.1809083825085,7.7844156122670976,183.13711828315948,97.30517656485083,247.99382554879534,0.2743095193065877,5,SS/BCC+FCC,0.5258669895906029,0.05619145435554891,0.13109791751669245,0.15879789734949365,0.12804574118766238
1.0504640936564735,7.370580152875927,12.505963590587255,-4.9944271712337205,4.650096855248097,0.13064316249962363,1857.079989445727,7.742409127640312,169.15541056485574,91.49788860745991,232.56195404270767,0.27085967546439466,5,SS/BCC+FCC,0.35103910591212756,0.2407168557078129,0.1985407207644549,0.1060314148232124,0.10367190279239212
0.8463991454586888,7.793649564064887,11.787862519172581,-4.250519325750765,4.7397753361375425,0.1502951935834539,1709.08944458566,7.933416464109191,155.81316489237636,81.46859388964404,208.13122899644938,0.27737094172989146,5,SS/BCC+FCC,0.07784481423020846,0.3970358191685901,0.24317529983358144,0.21751312184134605,0.064430944926274
0.9393656924864678,7.918699323667102,12.540771363764605,-3.628447012968706,6.2521640199408495,0.12365932905132933,1808.9518943353758,8.007539401148636,170.47002876522143,84.89663351959824,218.4295090012728,0.28644387854819214,5,SS/BCC+FCC,0.16438946009248165,0.1562801519831776,0.37143831250692105,0.2120257549995956,0.09586632041782404
1.1640583542286822,7.685317924804353,11.14516867447632,-4.993742290771378,4.22669489176045,0.12605230111578172,1893.8277090596082,8.045346125688157,178.1191398443849,90.74450601066671,232.71404912000114,0.28224869664641933,5,SS/BCC+FCC,0.36983554598628693,0.10621932295662755,0.06486795883903299,0.38694600470255053,0.0721311675155019
1.2107010025887341,8.041226550052611,12.258988852235609,-4.919962157878261,4.6508444251650785,0.12265670917476049,1866.547355629809,8.1762362636412,180.85242159578556,87.97484436267621,227.10052462760225,0.29071285247962786,5,SS/FCC,0.29352735891956344,0.07850731830869338,0.10511218365377728,0.33891769203549926,0.18393544708246654
0.8931273874763292,8.633959981536227,11.879396477186067,-3.434393828289126,6.08951966315074,0.1155141858293103,1760.5115611768695,8.439350824610194,176.08715606586526,79.24077346420006,206.71453269113354,0.30434449118877227,5,SS/FCC,0.05560489462910882,0.1183323620331661,0.1882261051766433,0.4121711434945538,0.2256654946665281
1.2761191258517024,7.772603999327792,12.38097050960348,-6.2776231144441015,3.6846103085727466,0.13670987787361183,1868.2379145870682,7.999451923966449,177.66395164604188,90.44582467285375,231.9729274008922,0.282386048443628,5,SS/BCC+FCC,0.3541860057340082,0.15946097365814757,0.06080707312684236,0.21065491050804575,0.21489103697295592
1.0055319252342958,7.502593031268666,11.622973803213705,-5.787928136311056,3.4688612353647996,0.14590340013386155,1727.39983363264,7.763263370610756,154.97246632465163,85.42357153534346,216.49253908458434,0.2671709646032064,5,SS/BCC+FCC,0.19035380257624115,0.4754133353701488,0.11041062263444103,0.08893050704704109,0.1348917323721279
0.8975872855590576,7.6797173146827005,11.252887378028753,-4.584889140489286,4.131256510167433,0.15181158655929747,1683.2441848020107,7.815916620669758,151.57547855016168,81.83102033817507,208.0526202107634,0.2712332031970556,5,SS/BCC+FCC,0.08020086850737988,0.4913185685855527,0.2193442832702145,0.08683493899069294,0.12230134064616001
1.133341561471691,7.42238479341966,12.371391110360628,-5.859023803654354,3.8996734644554096,0.13549588695163226,1846.8645401778847,7.75609999868398,169.27164733385115,91.35904722037523,232.2872325905404,0.27128751698898435,5,SS/BCC+FCC,0.3527585522876158,0.2665164742876466,0.1461182291077778,0.07479511635138074,0.15981162796557902
1.1663175835816593,7.724625902685616,12.886224773997373,-4.858904985501102,4.974499408147516,0.12535366447712662,1875.6948115550992,7.940974385512466,177.14920017614483,90.23249118409996,231.4076398878812,0.2822855539682693,5,SS/BCC+FCC,0.3261352081836312,0.11919442226616123,0.2211105994901535,0.17102879880106897,0.1625309712589852
0.9841229307990063,7.689147813159446,12.803477625623707,-4.431399271134212,5.24344621711666,0.13411897995653055,1814.804513869451,7.926768662168665,167.82744570676553,86.84286766113021,222.20218424407412,0.27933467784095917,5,SS/BCC+FCC,0.22859398131309067,0.22226591137180243,0.24882289790963202,0.2320327316535214,0.06828447775195357
0.9220887847199941,7.78479180215899,10.931524212855486,-2.90845113836714,6.911114259490709,0.11157126895428465,1838.7778918219842,7.867321938657965,172.35819027921838,87.00904367535168,223.4301485914177,0.2839478469909444,5,SS/BCC+FCC,0.19491769056981448,0.11037720280770016,0.5225659952305588,0.0592738366775327,0.11286527471439371
0.9608343981923012,7.131556961897569,10.886368245862334,-5.783151842780862,3.395479306562663,0.12715923429658177,1803.776554390844,7.621344151527593,158.96447281363223,91.08266931838938,229.42898372709703,0.25945465500743636,5,SS/BCC+FCC,0.3475497542029816,0.4273905591175403,0.05526619638229424,0.08553995117329459,0.08425353912388923
1.2055673203525556,8.175763811390958,12.521271199423404,-5.787658120007732,3.9213661116939025,0.13878365400160061,1812.5580045163133,8.214552510145944,176.54644610082025,85.30431538584978,220.41298036489388,0.2919216300366431,5,SS/FCC,0.22473646942021994,0.16478135356912751,0.05952440849682419,0.3118974332271303,0.23906033528669798
1.269546148372831,7.944097288230398,12.465657103501078,-6.225554181758996,3.664715794894115,0.1394121173947718,1830.2196360085468,7.983001880477365,176.11341001257657,88.21015017483356,226.7696486650448,0.28539430108431196,5,SS/BCC+FCC,0.2729635068020006,0.18315486712064905,0.17871161142415382,0.0571608603513438,0.30800915430185266
0.993868110456957,7.914347640228931,12.27207897929156,-3.884057192653445,5.702512599850563,0.1266237323341486,1804.8197717382745,7.94385422283829,170.57515707935752,85.3499432407151,219.4483587795559,0.28557999248247223,5,SS/BCC+FCC,0.1656177809325749,0.17082106058120555,0.41113808211227904,0.08844189007259384,0.1639811863013466
1.22626842119899,8.550471013597559,12.162939166327654,-5.597589062789022,3.8905081324438933,0.13305145646252722,1790.4775616782986,8.29434167533087,181.11083674313733,83.42284043242148,216.9571009872612,0.3003459236263488,5,SS/FCC,0.16325627130131265,0.13243489858145702,0.13221754517234205,0.13476411510813535,0.4373271698367529
