dataset_id,repository,field,year,identifier,access_protocol,license,metadata_schema,documentation_present,indexed_in_searchable_resource,protocol_supports_auth,metadata_persists,community_standard,community_standard_name,metadata_field_count,metadata_completeness,provenance_completeness,format_open_ratio,file_formats,vocabularies,related_resource_count,reuse_count,fair_total_score,Findable,Accessible,Interoperable,Reusable,F1,F2,F3,F4,A1,A1.1,A1.2,A2,I1,I2,I3,R1,R1.1,R1.2,R1.3
DS-0001,GEO,Social Science,2021,10.5281/dataset.20210000,https,Missing,Dublin Core,True,True,True,True,True,DDI,11,0.8333333333333334,0.75,0.6666666666666666,JSON|SAV|TSV,Dublin Core,1,12,93.33333333333333,100.0,100.0,100.0,75.0,1,1,1,1,1,1,1,1,1,1,1,1,0,1,1
DS-0002,GEO,Chemistry,2018,local-geo-2018-0001,email-request,ODC-BY-1.0,free-text,True,True,True,False,True,JCAMP-DX,8,0.6666666666666666,1.0,1.0,SDF,MeSH,0,7,46.666666666666664,25.0,25.0,66.66666666666666,75.0,0,0,0,1,0,0,1,0,1,1,0,0,1,1,1
DS-0003,Zenodo,Chemistry,2021,10.5281/dataset.20210002,https,Apache-2.0,free-text,True,True,False,True,True,JCAMP-DX,10,0.8333333333333334,0.5,0.5,CDX|CSV,MeSH|Schema.org|ORCID,1,11,86.66666666666667,100.0,75.0,100.0,75.0,1,1,1,1,1,1,0,1,1,1,1,1,1,0,1
DS-0004,Figshare,Climate Science,2020,10.18112/dataset.20200003,https,Custom-Restricted,Dublin Core,False,True,False,True,True,CF Conventions,9,0.75,1.0,1.0,HDF5|JSON,EnvO|Dublin Core|Schema.org|ORCID,2,10,86.66666666666667,100.0,75.0,100.0,75.0,1,1,1,1,1,1,0,1,1,1,1,0,1,1,1
DS-0005,Figshare,Neuroscience,2019,local-figshare-2019-0004,api,Missing,free-text,True,True,False,True,True,BIDS,9,0.6666666666666666,1.0,1.0,CSV|HDF5|JSON,UMLS|OBO,1,5,53.333333333333336,25.0,50.0,100.0,50.0,0,0,0,1,1,0,0,1,1,1,1,0,0,1,1
DS-0006,Figshare,Imaging,2020,local-figshare-2020-0005,email-request,BSD-3-Clause,free-text,True,True,False,True,False,OME,8,0.6666666666666666,0.5,0.5,CSV|CZI,MeSH|OBO,0,13,33.33333333333333,25.0,25.0,66.66666666666666,25.0,0,0,0,1,0,0,0,1,1,1,0,0,1,0,0
DS-0007,GEO,Climate Science,2020,local-geo-2020-0006,web-form,Apache-2.0,JSON-LD,True,False,False,True,True,CF Conventions,11,0.9166666666666666,0.25,0.6666666666666666,GeoTIFF|HDF5|MAT,EnvO|Dublin Core|Schema.org|ORCID,2,7,53.333333333333336,25.0,25.0,100.0,75.0,0,1,0,0,0,0,0,1,1,1,1,1,1,0,1
DS-0008,Figshare,Social Science,2022,10.5281/dataset.20220007,custom-client,CC0-1.0,free-text,True,False,False,False,True,DDI,7,0.5833333333333334,0.25,0.0,SAV,Dublin Core|ORCID,2,2,33.33333333333333,50.0,0.0,66.66666666666666,25.0,1,0,1,0,0,0,0,0,0,1,1,0,1,0,0
DS-0009,Dataverse,Social Science,2024,10.5061/dataset.20240008,email-request,CC-BY-NC-4.0,DataCite,False,True,True,True,True,DDI,10,0.8333333333333334,0.5,1.0,CSV|JSON|TSV,Dublin Core|Schema.org|DataCite,2,24,73.33333333333333,100.0,50.0,100.0,50.0,1,1,1,1,0,0,1,1,1,1,1,0,1,0,1
DS-0010,Figshare,Social Science,2018,local-figshare-2018-0009,globus,CC-BY-4.0,XML,True,True,False,False,False,DDI,5,0.4166666666666667,0.25,1.0,Parquet,Schema.org,0,2,33.33333333333333,25.0,25.0,66.66666666666666,25.0,0,0,0,1,1,0,0,0,1,1,0,0,1,0,0
DS-0011,Figshare,Chemistry,2018,local-figshare-2018-0010,s3,BSD-3-Clause,Dublin Core,False,False,False,True,True,JCAMP-DX,7,0.5833333333333334,0.25,0.5,JSON|XLSX,ChEBI,0,9,40.0,0.0,50.0,66.66666666666666,50.0,0,0,0,0,1,0,0,1,1,1,0,0,1,0,1
DS-0012,Dryad,Genomics,2020,10.5281/dataset.20200011,globus,MIT,Schema.org,True,True,True,True,True,MIxS,12,1.0,1.0,1.0,FASTA|HDF5,Gene Ontology|NCBI Taxonomy|EDAM|ORCID,0,16,86.66666666666667,100.0,75.0,66.66666666666666,100.0,1,1,1,1,1,0,1,1,1,1,0,1,1,1,1
DS-0013,Zenodo,Imaging,2018,10.5061/dataset.20180012,email-request,Missing,RDF,True,True,False,True,False,OME,7,0.5833333333333334,0.75,0.5,CZI|JSON,Schema.org|ORCID,2,6,53.333333333333336,75.0,25.0,100.0,25.0,1,0,1,1,0,0,0,1,1,1,1,0,0,1,0
DS-0014,Dataverse,Social Science,2024,10.5281/dataset.20240013,https,Custom-Restricted,JSON-LD,True,True,False,False,False,DDI,10,0.8333333333333334,0.75,1.0,CSV|JSON|Parquet,Schema.org|ORCID|DataCite,0,11,73.33333333333333,100.0,50.0,66.66666666666666,75.0,1,1,1,1,1,1,0,0,1,1,0,1,1,1,0
DS-0015,Zenodo,Chemistry,2022,local-zenodo-2022-0014,web-form,BSD-3-Clause,free-text,False,True,True,False,False,JCAMP-DX,8,0.6666666666666666,0.5,0.3333333333333333,CDX|JSON|XLSX,Schema.org|ORCID,1,4,40.0,25.0,25.0,100.0,25.0,0,0,0,1,0,0,1,0,1,1,1,0,1,0,0
DS-0016,Figshare,Chemistry,2021,local-figshare-2021-0015,ftp,BSD-3-Clause,free-text,True,False,False,True,False,JCAMP-DX,10,0.8333333333333334,0.75,1.0,CSV|JSON,ChEBI|MeSH|Schema.org,0,11,60.0,25.0,75.0,66.66666666666666,75.0,0,1,0,0,1,1,0,1,1,1,0,1,1,1,0
DS-0017,GEO,Neuroscience,2019,10.18112/dataset.20190016,ftp,MIT,JSON-LD,True,True,True,True,True,BIDS,10,0.8333333333333334,0.75,1.0,HDF5|JSON,SNOMED CT|UMLS|ORCID,0,10,93.33333333333333,100.0,100.0,66.66666666666666,100.0,1,1,1,1,1,1,1,1,1,1,0,1,1,1,1
DS-0018,Dryad,Social Science,2020,10.5061/dataset.20200017,api,MIT,DataCite,False,False,False,True,False,DDI,9,0.75,0.5,1.0,CSV|Parquet,Schema.org,1,9,53.333333333333336,50.0,50.0,100.0,25.0,1,1,0,0,1,0,0,1,1,1,1,0,1,0,0
DS-0019,Zenodo,Social Science,2024,10.1594/dataset.20240018,s3,CC-BY-NC-4.0,Schema.org,True,True,True,True,False,DDI,10,0.8333333333333334,0.75,0.5,DTA|Parquet,ORCID|DataCite,0,13,80.0,100.0,75.0,66.66666666666666,75.0,1,1,1,1,1,0,1,1,1,1,0,1,1,1,0
DS-0020,Dataverse,Chemistry,2023,local-dataverse-2023-0019,s3,MIT,free-text,True,False,False,False,True,JCAMP-DX,9,0.75,0.5,0.5,CDX|SDF,MeSH|Schema.org,0,9,46.666666666666664,25.0,25.0,66.66666666666666,75.0,0,1,0,0,1,0,0,0,1,1,0,1,1,0,1
DS-0021,PANGAEA,Social Science,2021,10.6084/dataset.20210020,https,CC-BY-NC-4.0,RDF,True,True,True,True,True,DDI,10,0.8333333333333334,0.75,0.6666666666666666,JSON|Parquet|SAV,Dublin Core|Schema.org|ORCID|DataCite,0,7,93.33333333333333,100.0,100.0,66.66666666666666,100.0,1,1,1,1,1,1,1,1,1,1,0,1,1,1,1
DS-0022,Dryad,Imaging,2020,10.6084/dataset.20200021,custom-client,Custom-Restricted,free-text,True,True,True,True,False,OME,8,0.6666666666666666,0.5,0.0,JPEG,MeSH|Schema.org|ORCID,2,6,53.333333333333336,75.0,50.0,66.66666666666666,25.0,1,0,1,1,0,0,1,1,0,1,1,0,1,0,0
DS-0023,PANGAEA,Social Science,2022,10.18112/dataset.20220022,https,BSD-3-Clause,JSON-LD,True,False,True,True,True,DDI,11,0.9166666666666666,0.75,1.0,TSV,Dublin Core|Schema.org|DataCite,3,17,93.33333333333333,75.0,100.0,100.0,100.0,1,1,1,0,1,1,1,1,1,1,1,1,1,1,1
DS-0024,PANGAEA,Climate Science,2019,10.5281/dataset.20190023,https,CC-BY-NC-4.0,Dublin Core,False,True,False,True,False,CF Conventions,7,0.5833333333333334,0.75,1.0,GeoTIFF,Dublin Core|ORCID,2,11,73.33333333333333,75.0,75.0,100.0,50.0,1,0,1,1,1,1,0,1,1,1,1,0,1,1,0
DS-0025,GEO,Neuroscience,2023,10.5281/dataset.20230024,https,ODC-BY-1.0,free-text,True,True,True,True,False,BIDS,10,0.8333333333333334,0.75,0.0,XLSX,SNOMED CT|OBO|ORCID,0,14,73.33333333333333,75.0,100.0,33.33333333333333,75.0,1,1,0,1,1,1,1,1,0,1,0,1,1,1,0
DS-0026,Dryad,Imaging,2021,10.18112/dataset.20210025,api,Custom-Restricted,free-text,False,True,True,True,True,OME,9,0.75,0.5,0.0,CZI,MeSH|OBO|Schema.org|ORCID,1,10,66.66666666666666,100.0,75.0,66.66666666666666,25.0,1,1,1,1,1,0,1,1,0,1,1,0,1,0,0
DS-0027,Zenodo,Chemistry,2018,local-zenodo-2018-0026,custom-client,Missing,free-text,False,True,True,False,True,JCAMP-DX,6,0.5,0.5,1.0,JSON,ChEBI|MeSH|ORCID,0,8,33.33333333333333,25.0,25.0,66.66666666666666,25.0,0,0,0,1,0,0,1,0,1,1,0,0,0,0,1
DS-0028,Zenodo,Genomics,2019,10.18112/dataset.20190027,globus,Missing,Dublin Core,True,True,True,True,True,MIxS,10,0.8333333333333334,0.75,1.0,TSV,Gene Ontology|EDAM|ORCID,1,11,86.66666666666667,100.0,75.0,100.0,75.0,1,1,1,1,1,0,1,1,1,1,1,1,0,1,1
DS-0029,Dryad,Neuroscience,2023,10.6084/dataset.20230028,ftp,CC0-1.0,Schema.org,True,True,False,True,False,BIDS,12,1.0,0.75,1.0,HDF5|JSON,SNOMED CT|UMLS|OBO|ORCID,0,19,80.0,100.0,75.0,66.66666666666666,75.0,1,1,1,1,1,1,0,1,1,1,0,1,1,1,0
DS-0030,PANGAEA,Imaging,2019,10.5281/dataset.20190029,https,Missing,DataCite,True,True,True,True,False,OME,10,0.75,1.0,1.0,TIFF,MeSH|ORCID,1,14,86.66666666666667,100.0,100.0,100.0,50.0,1,1,1,1,1,1,1,1,1,1,1,1,0,1,0
DS-0031,Dryad,Neuroscience,2021,10.18112/dataset.20210030,globus,Custom-Restricted,DataCite,True,False,True,True,True,BIDS,9,0.75,0.75,1.0,CSV,SNOMED CT|OBO,1,14,86.66666666666667,75.0,75.0,100.0,100.0,1,1,1,0,1,0,1,1,1,1,1,1,1,1,1
DS-0032,PANGAEA,Imaging,2019,10.5281/dataset.20190031,https,BSD-3-Clause,DataCite,True,True,False,True,True,OME,11,0.9166666666666666,0.25,1.0,OME-TIFF,MeSH|OBO|Schema.org|ORCID,1,8,86.66666666666667,100.0,75.0,100.0,75.0,1,1,1,1,1,1,0,1,1,1,1,1,1,0,1
DS-0033,PANGAEA,Neuroscience,2018,local-pangaea-2018-0032,web-form,MIT,Dublin Core,True,True,True,True,False,BIDS,8,0.6666666666666666,1.0,0.5,CSV|XLSX,OBO,0,1,46.666666666666664,25.0,50.0,66.66666666666666,50.0,0,0,0,1,0,0,1,1,1,1,0,0,1,1,0
DS-0034,Zenodo,Climate Science,2019,10.5061/dataset.20190033,email-request,Missing,free-text,True,True,False,True,True,CF Conventions,9,0.6666666666666666,1.0,0.3333333333333333,HDF5|MAT|XLSX,EnvO|Dublin Core|Schema.org|ORCID,1,6,46.666666666666664,50.0,25.0,100.0,25.0,1,0,0,1,0,0,0,1,1,1,1,0,0,1,0
DS-0035,Figshare,Social Science,2024,10.5061/dataset.20240034,globus,CC-BY-NC-4.0,XML,True,True,False,True,False,DDI,6,0.5,0.75,1.0,CSV,Dublin Core,1,9,66.66666666666666,75.0,50.0,100.0,50.0,1,0,1,1,1,0,0,1,1,1,1,0,1,1,0
DS-0036,Figshare,Genomics,2020,10.1594/dataset.20200035,https,Institutional-Access,XML,True,False,False,True,False,MIxS,9,0.75,0.25,1.0,TSV,Gene Ontology|EDAM|ORCID,2,3,66.66666666666666,50.0,75.0,100.0,50.0,1,1,0,0,1,1,0,1,1,1,1,1,1,0,0
DS-0037,Figshare,Imaging,2023,local-figshare-2023-0036,https,CC0-1.0,Dublin Core,True,True,False,True,True,OME,8,0.6666666666666666,0.5,1.0,CSV|OME-TIFF|TIFF,MeSH|Schema.org,2,8,60.0,25.0,75.0,100.0,50.0,0,0,0,1,1,1,0,1,1,1,1,0,1,0,1
DS-0038,GEO,Social Science,2023,10.1594/dataset.20230037,https,Custom-Restricted,free-text,True,False,True,True,True,DDI,10,0.8333333333333334,0.75,0.6666666666666666,DTA|JSON|TSV,ORCID|DataCite,2,24,93.33333333333333,75.0,100.0,100.0,100.0,1,1,1,0,1,1,1,1,1,1,1,1,1,1,1
DS-0039,Dryad,Neuroscience,2019,10.5281/dataset.20190038,ftp,ODC-BY-1.0,free-text,False,True,False,True,True,BIDS,8,0.6666666666666666,0.75,0.0,MAT,UMLS|ORCID,0,10,60.0,75.0,75.0,33.33333333333333,50.0,1,0,1,1,1,1,0,1,0,1,0,0,1,1,0
DS-0040,Dataverse,Social Science,2018,10.5061/dataset.20180039,https,Missing,Dublin Core,True,False,True,True,False,DDI,5,0.4166666666666667,0.25,0.5,DTA|Parquet,Dublin Core|Schema.org|ORCID,1,19,60.0,50.0,100.0,100.0,0.0,1,0,1,0,1,1,1,1,1,1,1,0,0,0,0
DS-0041,GEO,Imaging,2018,10.5061/dataset.20180040,web-form,CC0-1.0,JSON-LD,False,True,True,True,True,OME,7,0.5833333333333334,0.25,1.0,JSON|OME-TIFF,OBO|Schema.org,0,4,53.333333333333336,50.0,50.0,66.66666666666666,50.0,1,0,0,1,0,0,1,1,1,1,0,0,1,0,1
DS-0042,PANGAEA,Genomics,2022,10.6084/dataset.20220041,api,CC0-1.0,Schema.org,True,True,False,True,False,MIxS,12,1.0,0.75,1.0,HDF5,Gene Ontology|NCBI Taxonomy|EDAM|ORCID,1,17,80.0,100.0,50.0,100.0,75.0,1,1,1,1,1,0,0,1,1,1,1,1,1,1,0
DS-0043,Figshare,Social Science,2023,10.5061/dataset.20230042,https,CC-BY-4.0,DataCite,False,True,False,True,False,DDI,11,0.9166666666666666,0.75,1.0,TSV,Dublin Core|ORCID,0,9,73.33333333333333,100.0,75.0,66.66666666666666,50.0,1,1,1,1,1,1,0,1,1,1,0,0,1,1,0
DS-0044,GEO,Climate Science,2024,local-geo-2024-0043,https,Data-Use-Agreement,Schema.org,True,True,False,True,True,CF Conventions,11,0.9166666666666666,1.0,1.0,NetCDF,EnvO|Dublin Core|Schema.org|ORCID,0,4,73.33333333333333,50.0,75.0,66.66666666666666,100.0,0,1,0,1,1,1,0,1,1,1,0,1,1,1,1
DS-0045,Zenodo,Neuroscience,2019,10.18112/dataset.20190044,https,ODbL-1.0,Schema.org,True,True,True,True,False,BIDS,10,0.8333333333333334,1.0,1.0,CSV|NWB,,0,9,80.0,100.0,100.0,33.33333333333333,75.0,1,1,1,1,1,1,1,1,1,0,0,1,1,1,0
DS-0046,Zenodo,Neuroscience,2018,10.5061/dataset.20180045,web-form,Missing,free-text,False,False,True,True,False,BIDS,5,0.4166666666666667,0.5,1.0,NWB,OBO,1,9,46.666666666666664,50.0,50.0,100.0,0.0,1,0,1,0,0,0,1,1,1,1,1,0,0,0,0
DS-0047,Zenodo,Genomics,2019,10.5281/dataset.20190046,email-request,MIT,DataCite,True,True,False,True,False,MIxS,12,1.0,0.75,0.6666666666666666,CSV|FASTA|XLSX,Gene Ontology|NCBI Taxonomy|EDAM|ORCID,0,4,66.66666666666666,100.0,25.0,66.66666666666666,75.0,1,1,1,1,0,0,0,1,1,1,0,1,1,1,0
DS-0048,Figshare,Neuroscience,2018,10.18112/dataset.20180047,s3,Missing,XML,True,True,False,True,True,BIDS,9,0.6666666666666666,0.5,0.6666666666666666,CSV|JSON|XLSX,UMLS|OBO,2,4,60.0,75.0,50.0,100.0,25.0,1,0,1,1,1,0,0,1,1,1,1,0,0,0,1
DS-0049,Figshare,Genomics,2024,10.1594/dataset.20240048,ftp,Missing,XML,True,True,False,True,False,MIxS,10,0.75,1.0,1.0,FASTA,Gene Ontology|NCBI Taxonomy|EDAM|ORCID,1,17,80.0,100.0,75.0,100.0,50.0,1,1,1,1,1,1,0,1,1,1,1,1,0,1,0
DS-0050,GEO,Chemistry,2023,10.6084/dataset.20230049,ftp,CC-BY-NC-4.0,DataCite,True,True,True,True,True,JCAMP-DX,9,0.75,0.75,0.6666666666666666,CDX|SDF|mzML,ChEBI|MeSH|Schema.org|ORCID,0,18,93.33333333333333,100.0,100.0,66.66666666666666,100.0,1,1,1,1,1,1,1,1,1,1,0,1,1,1,1
DS-0051,GEO,Climate Science,2024,10.18112/dataset.20240050,globus,Data-Use-Agreement,free-text,True,False,False,True,True,CF Conventions,12,1.0,1.0,1.0,CSV|GeoTIFF,EnvO|Dublin Core|Schema.org|ORCID,2,11,80.0,75.0,50.0,100.0,100.0,1,1,1,0,1,0,0,1,1,1,1,1,1,1,1
DS-0052,PANGAEA,Climate Science,2020,10.6084/dataset.20200051,web-form,BSD-3-Clause,XML,True,True,False,True,True,CF Conventions,8,0.6666666666666666,0.75,1.0,HDF5|JSON,EnvO|Dublin Core|Schema.org|ORCID,2,6,66.66666666666666,75.0,25.0,100.0,75.0,1,0,1,1,0,0,0,1,1,1,1,0,1,1,1
DS-0053,Zenodo,Chemistry,2022,10.6084/dataset.20220052,https,Missing,free-text,False,True,False,True,False,JCAMP-DX,9,0.6666666666666666,0.75,1.0,CSV|JSON|SDF,Schema.org|ORCID,1,11,66.66666666666666,75.0,75.0,100.0,25.0,1,0,1,1,1,1,0,1,1,1,1,0,0,1,0
DS-0054,Figshare,Social Science,2020,local-figshare-2020-0053,ftp,Missing,Schema.org,False,True,True,True,True,DDI,9,0.75,0.5,0.6666666666666666,DTA|JSON|TSV,Dublin Core|Schema.org|ORCID|DataCite,0,9,60.0,50.0,100.0,66.66666666666666,25.0,0,1,0,1,1,1,1,1,1,1,0,0,0,0,1
DS-0055,Zenodo,Neuroscience,2022,10.6084/dataset.20220054,s3,BSD-3-Clause,DataCite,True,False,True,True,True,BIDS,9,0.75,0.5,0.6666666666666666,HDF5|JSON|XLSX,SNOMED CT|UMLS|OBO|ORCID,2,7,73.33333333333333,50.0,75.0,100.0,75.0,1,1,0,0,1,0,1,1,1,1,1,1,1,0,1
DS-0056,Dataverse,Neuroscience,2019,10.5281/dataset.20190055,email-request,Apache-2.0,free-text,True,True,False,False,True,BIDS,8,0.6666666666666666,0.5,1.0,CSV|JSON,SNOMED CT|UMLS|OBO|ORCID,2,7,53.333333333333336,75.0,0.0,100.0,50.0,1,0,1,1,0,0,0,0,1,1,1,0,1,0,1
DS-0057,Dataverse,Social Science,2023,10.18112/dataset.20230056,https,CC-BY-NC-4.0,XML,True,True,True,True,True,DDI,11,0.9166666666666666,0.5,1.0,CSV,Dublin Core|Schema.org,1,9,93.33333333333333,100.0,100.0,100.0,75.0,1,1,1,1,1,1,1,1,1,1,1,1,1,0,1
DS-0058,Figshare,Chemistry,2023,local-figshare-2023-0057,s3,ODbL-1.0,free-text,True,True,True,True,True,JCAMP-DX,7,0.5833333333333334,0.75,0.5,CDX|JSON,MeSH|Schema.org,3,17,66.66666666666666,25.0,75.0,100.0,75.0,0,0,0,1,1,0,1,1,1,1,1,0,1,1,1
DS-0059,PANGAEA,Neuroscience,2024,10.6084/dataset.20240058,api,CC-BY-NC-4.0,XML,True,True,False,True,True,BIDS,11,0.9166666666666666,1.0,0.6666666666666666,CSV|JSON|MAT,SNOMED CT|UMLS|OBO|ORCID,3,12,86.66666666666667,100.0,50.0,100.0,100.0,1,1,1,1,1,0,0,1,1,1,1,1,1,1,1
DS-0060,Dataverse,Neuroscience,2024,10.5061/dataset.20240059,globus,Custom-Restricted,free-text,True,False,True,True,False,BIDS,11,0.9166666666666666,1.0,1.0,CSV,UMLS|OBO,3,11,80.0,75.0,75.0,100.0,75.0,1,1,1,0,1,0,1,1,1,1,1,1,1,1,0
DS-0061,Dataverse,Social Science,2018,10.6084/dataset.20180060,https,ODbL-1.0,free-text,False,True,True,True,True,DDI,10,0.8333333333333334,0.5,1.0,Parquet,Schema.org|DataCite,0,17,80.0,100.0,100.0,66.66666666666666,50.0,1,1,1,1,1,1,1,1,1,1,0,0,1,0,1
DS-0062,Figshare,Chemistry,2020,10.5061/dataset.20200061,web-form,Data-Use-Agreement,RDF,True,True,False,False,False,JCAMP-DX,9,0.75,0.5,1.0,CSV|SDF,ChEBI|Schema.org,1,8,60.0,100.0,0.0,100.0,50.0,1,1,1,1,0,0,0,0,1,1,1,1,1,0,0
DS-0063,Zenodo,Neuroscience,2024,10.5061/dataset.20240062,s3,Missing,free-text,True,True,True,True,True,BIDS,9,0.6666666666666666,0.5,1.0,CSV|HDF5|JSON,SNOMED CT|UMLS|OBO|ORCID,0,3,60.0,75.0,75.0,66.66666666666666,25.0,1,0,1,1,1,0,1,1,1,1,0,0,0,0,1
DS-0064,PANGAEA,Chemistry,2024,10.5061/dataset.20240063,globus,BSD-3-Clause,JSON-LD,True,True,False,True,False,JCAMP-DX,10,0.8333333333333334,0.75,1.0,CSV|SDF|mzML,ChEBI|MeSH|Schema.org|ORCID,3,25,80.0,100.0,50.0,100.0,75.0,1,1,1,1,1,0,0,1,1,1,1,1,1,1,0
DS-0065,Dataverse,Chemistry,2020,10.18112/dataset.20200064,https,CC0-1.0,free-text,False,True,True,True,True,JCAMP-DX,12,1.0,0.75,1.0,JSON|SDF,MeSH|Schema.org|ORCID,3,43,93.33333333333333,100.0,100.0,100.0,75.0,1,1,1,1,1,1,1,1,1,1,1,0,1,1,1
DS-0066,Figshare,Climate Science,2023,10.5281/dataset.20230065,ftp,MIT,JSON-LD,True,True,True,True,True,CF Conventions,12,1.0,1.0,1.0,JSON,EnvO|Dublin Core|Schema.org|ORCID,1,10,100.0,100.0,100.0,100.0,100.0,1,1,1,1,1,1,1,1,1,1,1,1,1,1,1
DS-0067,Dataverse,Climate Science,2021,10.18112/dataset.20210066,ftp,Missing,free-text,True,True,True,True,False,CF Conventions,9,0.75,0.5,0.5,HDF5|XLSX,EnvO|Schema.org,1,9,80.0,100.0,100.0,100.0,25.0,1,1,1,1,1,1,1,1,1,1,1,1,0,0,0
DS-0068,Zenodo,Imaging,2019,10.6084/dataset.20190067,ftp,Missing,free-text,True,True,True,True,False,OME,10,0.75,0.75,0.6666666666666666,CZI|JSON|OME-TIFF,MeSH|OBO,0,7,80.0,100.0,100.0,66.66666666666666,50.0,1,1,1,1,1,1,1,1,1,1,0,1,0,1,0
DS-0069,Figshare,Imaging,2023,local-figshare-2023-0068,s3,CC-BY-4.0,JSON-LD,True,True,False,True,True,OME,10,0.8333333333333334,0.5,0.6666666666666666,JPEG|JSON|OME-TIFF,OBO|Schema.org|ORCID,2,18,66.66666666666666,50.0,50.0,100.0,75.0,0,1,0,1,1,0,0,1,1,1,1,1,1,0,1
DS-0070,Dryad,Chemistry,2023,10.18112/dataset.20230069,s3,CC-BY-4.0,free-text,True,True,False,True,True,JCAMP-DX,10,0.8333333333333334,0.25,0.6666666666666666,JSON|XLSX|mzML,MeSH|Schema.org|ORCID,0,10,66.66666666666666,75.0,50.0,66.66666666666666,75.0,1,1,0,1,1,0,0,1,1,1,0,1,1,0,1
DS-0071,PANGAEA,Social Science,2024,10.18112/dataset.20240070,ftps,BSD-3-Clause,RDF,True,False,False,False,True,DDI,9,0.75,0.25,1.0,TSV,Dublin Core|DataCite,0,7,60.0,50.0,50.0,66.66666666666666,75.0,1,1,0,0,1,1,0,0,1,1,0,1,1,0,1
DS-0072,Figshare,Imaging,2021,10.5061/dataset.20210071,s3,MIT,free-text,True,False,False,True,True,OME,12,1.0,0.5,1.0,HDF5,MeSH|OBO|Schema.org,0,8,66.66666666666666,75.0,50.0,66.66666666666666,75.0,1,1,1,0,1,0,0,1,1,1,0,1,1,0,1
DS-0073,Dataverse,Social Science,2024,10.1594/dataset.20240072,https,MIT,JSON-LD,False,True,True,True,True,DDI,10,0.8333333333333334,0.75,0.5,CSV|DTA,Dublin Core|Schema.org|DataCite,0,28,86.66666666666667,100.0,100.0,66.66666666666666,75.0,1,1,1,1,1,1,1,1,1,1,0,0,1,1,1
DS-0074,Dryad,Climate Science,2022,10.1594/dataset.20220073,web-form,Data-Use-Agreement,free-text,True,True,False,True,True,CF Conventions,7,0.5833333333333334,1.0,1.0,JSON,EnvO|Dublin Core|Schema.org|ORCID,1,7,60.0,50.0,25.0,100.0,75.0,1,0,0,1,0,0,0,1,1,1,1,0,1,1,1
DS-0075,Zenodo,Neuroscience,2019,10.5061/dataset.20190074,api,Missing,XML,True,True,False,True,False,BIDS,8,0.6666666666666666,1.0,1.0,HDF5,SNOMED CT|OBO|ORCID,0,8,46.666666666666664,50.0,50.0,66.66666666666666,25.0,1,0,0,1,1,0,0,1,1,1,0,0,0,1,0
DS-0076,Dataverse,Genomics,2018,10.5281/dataset.20180075,s3,CC-BY-4.0,DataCite,True,True,True,True,False,MIxS,10,0.8333333333333334,0.5,0.6666666666666666,CSV|DOCX|HDF5,Gene Ontology|NCBI Taxonomy,1,15,80.0,100.0,75.0,100.0,50.0,1,1,1,1,1,0,1,1,1,1,1,1,1,0,0
DS-0077,Figshare,Chemistry,2022,10.5061/dataset.20220076,https,Missing,free-text,False,True,True,True,False,JCAMP-DX,9,0.6666666666666666,1.0,0.5,CDX|CSV,ChEBI|MeSH|Schema.org,0,19,66.66666666666666,75.0,100.0,66.66666666666666,25.0,1,0,1,1,1,1,1,1,1,1,0,0,0,1,0
DS-0078,Figshare,Imaging,2024,10.5061/dataset.20240077,ftp,Institutional-Access,RDF,True,True,False,True,True,OME,9,0.75,0.5,0.5,JPEG|OME-TIFF,Schema.org|ORCID,3,19,86.66666666666667,100.0,75.0,100.0,75.0,1,1,1,1,1,1,0,1,1,1,1,1,1,0,1
DS-0079,PANGAEA,Chemistry,2020,10.1594/dataset.20200078,ftps,BSD-3-Clause,free-text,False,True,False,True,True,JCAMP-DX,10,0.8333333333333334,1.0,1.0,CSV|SDF,ChEBI|MeSH|Schema.org,1,9,86.66666666666667,100.0,75.0,100.0,75.0,1,1,1,1,1,1,0,1,1,1,1,0,1,1,1
DS-0080,Zenodo,Neuroscience,2022,local-zenodo-2022-0079,ftp,BSD-3-Clause,free-text,True,True,True,True,True,BIDS,8,0.6666666666666666,0.25,1.0,CSV|HDF5|NWB,SNOMED CT|UMLS,0,6,60.0,25.0,100.0,66.66666666666666,50.0,0,0,0,1,1,1,1,1,1,1,0,0,1,0,1
DS-0081,PANGAEA,Social Science,2021,10.5281/dataset.20210080,https,Institutional-Access,RDF,True,True,False,True,True,DDI,7,0.5833333333333334,1.0,1.0,JSON|Parquet|TSV,Dublin Core|ORCID|DataCite,1,9,80.0,75.0,75.0,100.0,75.0,1,0,1,1,1,1,0,1,1,1,1,0,1,1,1
DS-0082,PANGAEA,Neuroscience,2019,10.5061/dataset.20190081,ftp,ODC-BY-1.0,Dublin Core,True,False,True,True,True,BIDS,8,0.6666666666666666,0.5,0.6666666666666666,HDF5|JSON|XLSX,UMLS|OBO|ORCID,2,10,73.33333333333333,50.0,100.0,100.0,50.0,1,0,1,0,1,1,1,1,1,1,1,0,1,0,1
DS-0083,Zenodo,Imaging,2024,10.6084/dataset.20240082,globus,CC0-1.0,free-text,True,True,True,False,False,OME,11,0.9166666666666666,0.75,0.0,CZI,MeSH|OBO|Schema.org,3,6,73.33333333333333,100.0,50.0,66.66666666666666,75.0,1,1,1,1,1,0,1,0,0,1,1,1,1,1,0
DS-0084,Dryad,Neuroscience,2023,10.6084/dataset.20230083,api,MIT,Dublin Core,True,True,False,True,True,BIDS,9,0.75,0.5,1.0,NWB,SNOMED CT|UMLS|OBO|ORCID,0,6,66.66666666666666,75.0,50.0,66.66666666666666,75.0,1,1,0,1,1,0,0,1,1,1,0,1,1,0,1
DS-0085,Dataverse,Genomics,2020,10.5061/dataset.20200084,https,CC0-1.0,Dublin Core,False,True,False,True,False,MIxS,12,1.0,0.75,0.5,HDF5|XLSX,NCBI Taxonomy,0,8,73.33333333333333,100.0,75.0,66.66666666666666,50.0,1,1,1,1,1,1,0,1,1,1,0,0,1,1,0
DS-0086,GEO,Social Science,2022,local-geo-2022-0085,ftps,CC0-1.0,JSON-LD,True,True,False,False,False,DDI,10,0.8333333333333334,0.75,1.0,Parquet,Dublin Core|ORCID,1,5,66.66666666666666,50.0,50.0,100.0,75.0,0,1,0,1,1,1,0,0,1,1,1,1,1,1,0
DS-0087,GEO,Neuroscience,2020,local-geo-2020-0086,ftps,Missing,Dublin Core,True,True,True,True,True,BIDS,10,0.75,0.5,1.0,NWB,SNOMED CT|UMLS|OBO|ORCID,1,15,73.33333333333333,50.0,100.0,100.0,50.0,0,1,0,1,1,1,1,1,1,1,1,1,0,0,1
DS-0088,Dataverse,Genomics,2021,10.18112/dataset.20210087,web-form,ODC-BY-1.0,free-text,True,True,False,True,True,MIxS,10,0.8333333333333334,1.0,1.0,CSV|FASTQ|TSV,Gene Ontology|EDAM,0,14,73.33333333333333,100.0,25.0,66.66666666666666,100.0,1,1,1,1,0,0,0,1,1,1,0,1,1,1,1
DS-0089,Dataverse,Social Science,2019,10.5281/dataset.20190088,web-form,Data-Use-Agreement,free-text,False,True,True,True,True,DDI,10,0.8333333333333334,0.25,0.0,DTA,Dublin Core|ORCID,1,14,53.333333333333336,75.0,50.0,66.66666666666666,25.0,1,1,0,1,0,0,1,1,0,1,1,0,1,0,0
DS-0090,Figshare,Imaging,2018,10.5061/dataset.20180089,globus,CC-BY-4.0,RDF,True,True,True,False,True,OME,8,0.6666666666666666,0.5,1.0,JSON|OME-TIFF,OBO|Schema.org|ORCID,0,5,60.0,75.0,50.0,66.66666666666666,50.0,1,0,1,1,1,0,1,0,1,1,0,0,1,0,1
DS-0091,Figshare,Climate Science,2021,10.1594/dataset.20210090,api,ODC-BY-1.0,RDF,True,False,True,False,True,CF Conventions,11,0.9166666666666666,0.75,1.0,CSV,EnvO|Schema.org|ORCID,0,13,73.33333333333333,75.0,50.0,66.66666666666666,100.0,1,1,1,0,1,0,1,0,1,1,0,1,1,1,1
DS-0092,Zenodo,Chemistry,2020,local-zenodo-2020-0091,custom-client,MIT,free-text,False,True,False,True,False,JCAMP-DX,9,0.75,0.25,1.0,SDF|mzML,MeSH|Schema.org|ORCID,0,5,40.0,50.0,25.0,66.66666666666666,25.0,0,1,0,1,0,0,0,1,1,1,0,0,1,0,0
DS-0093,PANGAEA,Social Science,2021,10.18112/dataset.20210092,api,ODC-BY-1.0,DataCite,False,True,False,True,True,DDI,6,0.5,0.75,1.0,CSV,Dublin Core|Schema.org|ORCID,3,10,73.33333333333333,75.0,50.0,100.0,75.0,1,0,1,1,1,0,0,1,1,1,1,0,1,1,1
DS-0094,PANGAEA,Imaging,2018,10.5281/dataset.20180093,globus,CC-BY-4.0,Dublin Core,True,True,False,True,False,OME,11,0.9166666666666666,0.5,0.5,JSON|LIF,MeSH,1,11,73.33333333333333,100.0,50.0,100.0,50.0,1,1,1,1,1,0,0,1,1,1,1,1,1,0,0
DS-0095,Figshare,Neuroscience,2023,10.6084/dataset.20230094,web-form,ODbL-1.0,JSON-LD,False,True,False,False,False,BIDS,12,1.0,1.0,0.6666666666666666,HDF5|JSON|XLSX,SNOMED CT|UMLS|OBO|ORCID,1,11,60.0,100.0,0.0,100.0,50.0,1,1,1,1,0,0,0,0,1,1,1,0,1,1,0
DS-0096,Zenodo,Genomics,2024,10.5281/dataset.20240095,globus,ODC-BY-1.0,JSON-LD,True,True,True,True,True,MIxS,12,1.0,0.75,1.0,CSV|FASTQ,Gene Ontology|NCBI Taxonomy|EDAM|ORCID,1,20,93.33333333333333,100.0,75.0,100.0,100.0,1,1,1,1,1,0,1,1,1,1,1,1,1,1,1
DS-0097,Zenodo,Imaging,2020,10.5281/dataset.20200096,ftp,Missing,DataCite,True,True,True,False,False,OME,6,0.5,0.75,1.0,OME-TIFF,OBO|Schema.org,0,12,53.333333333333336,50.0,75.0,66.66666666666666,25.0,1,0,0,1,1,1,1,0,1,1,0,0,0,1,0
DS-0098,Figshare,Neuroscience,2019,local-figshare-2019-0097,https,BSD-3-Clause,free-text,False,True,True,False,False,BIDS,9,0.75,0.25,0.5,CSV|MAT,ORCID,2,9,60.0,50.0,75.0,100.0,25.0,0,1,0,1,1,1,1,0,1,1,1,0,1,0,0
DS-0099,Zenodo,Chemistry,2020,10.18112/dataset.20200098,https,Missing,JSON-LD,True,True,False,True,False,JCAMP-DX,12,0.9166666666666666,0.5,0.6666666666666666,CSV|JSON|XLSX,MeSH|ORCID,1,6,73.33333333333333,100.0,75.0,100.0,25.0,1,1,1,1,1,1,0,1,1,1,1,1,0,0,0
DS-0100,Dataverse,Genomics,2020,local-dataverse-2020-0099,email-request,ODbL-1.0,free-text,False,True,False,True,True,MIxS,10,0.8333333333333334,0.5,1.0,BAM|FASTA|FASTQ,Gene Ontology|NCBI Taxonomy|ORCID,3,2,53.333333333333336,50.0,25.0,100.0,50.0,0,1,0,1,0,0,0,1,1,1,1,0,1,0,1
DS-0101,Figshare,Climate Science,2022,10.5061/dataset.20220100,s3,CC-BY-NC-4.0,free-text,False,True,False,True,True,CF Conventions,9,0.75,0.5,1.0,HDF5,EnvO|Dublin Core|Schema.org|ORCID,2,7,66.66666666666666,75.0,50.0,100.0,50.0,1,1,0,1,1,0,0,1,1,1,1,0,1,0,1
DS-0102,Zenodo,Imaging,2021,10.18112/dataset.20210101,email-request,Missing,free-text,False,True,False,False,True,OME,8,0.5833333333333334,1.0,0.5,CZI|HDF5,MeSH|OBO,0,3,40.0,50.0,0.0,66.66666666666666,50.0,1,0,0,1,0,0,0,0,1,1,0,0,0,1,1
DS-0103,Zenodo,Chemistry,2018,10.18112/dataset.20180102,custom-client,Missing,free-text,True,True,False,True,False,JCAMP-DX,8,0.5833333333333334,0.5,1.0,mzML,Schema.org,2,4,46.666666666666664,75.0,25.0,100.0,0.0,1,0,1,1,0,0,0,1,1,1,1,0,0,0,0
DS-0104,Dataverse,Genomics,2018,10.6084/dataset.20180103,globus,CC-BY-NC-4.0,DataCite,False,True,True,True,False,MIxS,11,0.9166666666666666,0.5,1.0,TSV,NCBI Taxonomy|EDAM,2,8,73.33333333333333,100.0,75.0,100.0,25.0,1,1,1,1,1,0,1,1,1,1,1,0,1,0,0
DS-0105,GEO,Climate Science,2020,10.1594/dataset.20200104,s3,ODC-BY-1.0,RDF,True,True,True,True,False,CF Conventions,10,0.8333333333333334,0.75,1.0,CSV,EnvO|Dublin Core|Schema.org|ORCID,1,6,86.66666666666667,100.0,75.0,100.0,75.0,1,1,1,1,1,0,1,1,1,1,1,1,1,1,0
DS-0106,Figshare,Chemistry,2019,10.18112/dataset.20190105,ftp,ODbL-1.0,RDF,True,True,True,True,True,JCAMP-DX,8,0.6666666666666666,0.5,1.0,mzML,Schema.org|ORCID,3,8,80.0,75.0,100.0,100.0,50.0,1,0,1,1,1,1,1,1,1,1,1,0,1,0,1
DS-0107,Zenodo,Neuroscience,2023,10.5281/dataset.20230106,ftp,Data-Use-Agreement,Schema.org,True,True,True,True,True,BIDS,10,0.8333333333333334,0.5,1.0,CSV|HDF5,OBO|ORCID,3,16,93.33333333333333,100.0,100.0,100.0,75.0,1,1,1,1,1,1,1,1,1,1,1,1,1,0,1
DS-0108,Dryad,Imaging,2023,local-dryad-2023-0107,ftp,ODbL-1.0,Dublin Core,True,False,True,True,False,OME,9,0.75,1.0,1.0,CSV,MeSH|Schema.org|ORCID,1,11,73.33333333333333,25.0,100.0,100.0,75.0,0,1,0,0,1,1,1,1,1,1,1,1,1,1,0
DS-0109,Zenodo,Social Science,2024,10.6084/dataset.20240108,s3,ODbL-1.0,JSON-LD,True,True,False,False,True,DDI,7,0.5833333333333334,0.75,1.0,JSON,Dublin Core|Schema.org|DataCite,0,6,53.333333333333336,50.0,25.0,66.66666666666666,75.0,1,0,0,1,1,0,0,0,1,1,0,0,1,1,1
DS-0110,Dryad,Imaging,2021,10.18112/dataset.20210109,https,Data-Use-Agreement,free-text,True,True,False,True,False,OME,11,0.9166666666666666,1.0,1.0,HDF5|OME-TIFF,MeSH|OBO|Schema.org|ORCID,2,21,86.66666666666667,100.0,75.0,100.0,75.0,1,1,1,1,1,1,0,1,1,1,1,1,1,1,0
DS-0111,Dataverse,Genomics,2021,local-dataverse-2021-0110,web-form,ODC-BY-1.0,RDF,True,True,True,True,True,MIxS,11,0.9166666666666666,0.75,1.0,TSV,Gene Ontology|NCBI Taxonomy|EDAM|ORCID,1,10,73.33333333333333,50.0,50.0,100.0,100.0,0,1,0,1,0,0,1,1,1,1,1,1,1,1,1
DS-0112,PANGAEA,Chemistry,2022,10.1594/dataset.20220111,ftps,Missing,DataCite,False,True,False,True,True,JCAMP-DX,9,0.6666666666666666,0.5,0.5,SDF|XLSX,MeSH|Schema.org|ORCID,2,3,66.66666666666666,75.0,75.0,100.0,25.0,1,0,1,1,1,1,0,1,1,1,1,0,0,0,1
DS-0113,Dataverse,Neuroscience,2021,local-dataverse-2021-0112,globus,Custom-Restricted,Schema.org,True,True,False,True,False,BIDS,9,0.75,0.75,1.0,HDF5|JSON,SNOMED CT|UMLS|OBO|ORCID,2,7,66.66666666666666,50.0,50.0,100.0,75.0,0,1,0,1,1,0,0,1,1,1,1,1,1,1,0
DS-0114,Zenodo,Neuroscience,2019,10.6084/dataset.20190113,https,ODC-BY-1.0,JSON-LD,True,True,True,True,False,BIDS,7,0.5833333333333334,0.0,0.5,JSON|XLSX,UMLS|ORCID,1,8,73.33333333333333,75.0,100.0,100.0,25.0,1,0,1,1,1,1,1,1,1,1,1,0,1,0,0
DS-0115,Dryad,Genomics,2019,10.5061/dataset.20190114,ftp,Missing,DataCite,False,True,False,True,False,MIxS,10,0.75,1.0,1.0,BAM,Gene Ontology|NCBI Taxonomy|EDAM|ORCID,1,11,73.33333333333333,100.0,75.0,100.0,25.0,1,1,1,1,1,1,0,1,1,1,1,0,0,1,0
DS-0116,GEO,Genomics,2020,10.5061/dataset.20200115,s3,Missing,JSON-LD,False,True,False,True,False,MIxS,10,0.75,0.75,1.0,HDF5|TSV,NCBI Taxonomy|EDAM|ORCID,0,6,60.0,100.0,50.0,66.66666666666666,25.0,1,1,1,1,1,0,0,1,1,1,0,0,0,1,0
DS-0117,Dataverse,Imaging,2021,10.5281/dataset.20210116,s3,ODbL-1.0,free-text,True,True,True,True,False,OME,8,0.6666666666666666,1.0,0.6666666666666666,CSV|CZI|TIFF,MeSH|ORCID,2,6,73.33333333333333,75.0,75.0,100.0,50.0,1,0,1,1,1,0,1,1,1,1,1,0,1,1,0
DS-0118,GEO,Imaging,2022,10.5281/dataset.20220117,https,ODC-BY-1.0,free-text,True,True,True,True,True,OME,11,0.9166666666666666,1.0,0.6666666666666666,CSV|JPEG|TIFF,MeSH|OBO|Schema.org,1,15,100.0,100.0,100.0,100.0,100.0,1,1,1,1,1,1,1,1,1,1,1,1,1,1,1
DS-0119,Dryad,Neuroscience,2023,10.18112/dataset.20230118,ftp,CC-BY-4.0,DataCite,True,True,True,True,False,BIDS,12,1.0,1.0,0.6666666666666666,CSV|HDF5|MAT,SNOMED CT|UMLS|OBO|ORCID,2,23,93.33333333333333,100.0,100.0,100.0,75.0,1,1,1,1,1,1,1,1,1,1,1,1,1,1,0
DS-0120,GEO,Neuroscience,2020,10.1594/dataset.20200119,https,CC-BY-4.0,JSON-LD,False,True,True,True,True,BIDS,8,0.6666666666666666,0.75,0.0,MAT,SNOMED CT,2,31,80.0,75.0,100.0,100.0,50.0,1,0,1,1,1,1,1,1,1,1,1,0,1,1,0
DS-0121,PANGAEA,Climate Science,2020,10.1594/dataset.20200120,s3,CC0-1.0,Schema.org,True,True,True,True,True,CF Conventions,11,0.9166666666666666,1.0,1.0,NetCDF,EnvO|Dublin Core|ORCID,3,8,93.33333333333333,100.0,75.0,100.0,100.0,1,1,1,1,1,0,1,1,1,1,1,1,1,1,1
DS-0122,Zenodo,Chemistry,2023,10.5281/dataset.20230121,web-form,Missing,Schema.org,False,True,True,True,True,JCAMP-DX,9,0.6666666666666666,0.75,0.0,CDX|XLSX,ChEBI|ORCID,3,11,60.0,75.0,50.0,100.0,25.0,1,0,1,1,0,0,1,1,1,1,1,0,0,1,0
DS-0123,Zenodo,Chemistry,2019,10.6084/dataset.20190122,https,Institutional-Access,free-text,True,True,False,True,True,JCAMP-DX,9,0.75,0.75,0.0,XLSX,ChEBI|MeSH|Schema.org|ORCID,0,9,73.33333333333333,100.0,75.0,33.33333333333333,75.0,1,1,1,1,1,1,0,1,0,1,0,1,1,1,0
DS-0124,Dataverse,Social Science,2024,10.18112/dataset.20240123,api,CC-BY-NC-4.0,XML,False,True,False,True,False,DDI,11,0.9166666666666666,0.75,1.0,TSV,Dublin Core|Schema.org|ORCID|DataCite,3,10,73.33333333333333,100.0,50.0,100.0,50.0,1,1,1,1,1,0,0,1,1,1,1,0,1,1,0
DS-0125,Dryad,Genomics,2021,10.5061/dataset.20210124,https,Custom-Restricted,Dublin Core,True,True,False,True,True,MIxS,11,0.9166666666666666,0.5,1.0,CSV|FASTQ,Gene Ontology|NCBI Taxonomy|EDAM|ORCID,0,19,80.0,100.0,75.0,66.66666666666666,75.0,1,1,1,1,1,1,0,1,1,1,0,1,1,0,1
DS-0126,Dataverse,Social Science,2023,10.1594/dataset.20230125,s3,Institutional-Access,free-text,True,False,True,True,False,DDI,10,0.8333333333333334,0.75,0.0,XLSX,Dublin Core|Schema.org|DataCite,1,8,73.33333333333333,75.0,75.0,66.66666666666666,75.0,1,1,1,0,1,0,1,1,0,1,1,1,1,1,0
DS-0127,GEO,Neuroscience,2019,10.5281/dataset.20190126,ftp,Custom-Restricted,XML,True,True,True,True,True,BIDS,11,0.9166666666666666,0.75,0.0,XLSX,SNOMED CT|UMLS|OBO|ORCID,2,16,93.33333333333333,100.0,100.0,100.0,75.0,1,1,1,1,1,1,1,1,1,1,1,1,1,1,0
DS-0128,Zenodo,Climate Science,2022,10.6084/dataset.20220127,s3,ODbL-1.0,DataCite,True,True,True,True,True,CF Conventions,12,1.0,0.75,1.0,CSV|HDF5|JSON,EnvO|Schema.org|ORCID,0,16,86.66666666666667,100.0,75.0,66.66666666666666,100.0,1,1,1,1,1,0,1,1,1,1,0,1,1,1,1
DS-0129,PANGAEA,Imaging,2022,local-pangaea-2022-0128,https,BSD-3-Clause,DataCite,False,True,True,True,True,OME,9,0.75,0.5,1.0,CSV|TIFF,Schema.org|ORCID,0,10,66.66666666666666,50.0,100.0,66.66666666666666,50.0,0,1,0,1,1,1,1,1,1,1,0,0,1,0,1
DS-0130,GEO,Neuroscience,2023,10.5061/dataset.20230129,s3,Data-Use-Agreement,RDF,False,True,False,True,True,BIDS,7,0.5833333333333334,0.25,0.6666666666666666,JSON|NWB|XLSX,OBO,2,21,60.0,50.0,50.0,100.0,50.0,1,0,0,1,1,0,0,1,1,1,1,0,1,0,1
DS-0131,Zenodo,Genomics,2019,10.18112/dataset.20190130,web-form,Institutional-Access,free-text,False,True,False,False,False,MIxS,4,0.3333333333333333,0.5,0.5,TSV|XLSX,EDAM,0,8,40.0,75.0,0.0,66.66666666666666,25.0,1,0,1,1,0,0,0,0,1,1,0,0,1,0,0
DS-0132,Zenodo,Chemistry,2023,10.6084/dataset.20230131,s3,Missing,DataCite,False,True,False,False,True,JCAMP-DX,9,0.75,0.75,0.0,CDX|XLSX,ChEBI|MeSH|ORCID,2,22,60.0,100.0,25.0,100.0,25.0,1,1,1,1,1,0,0,0,1,1,1,0,0,1,0
DS-0133,Dataverse,Climate Science,2021,10.18112/dataset.20210132,api,CC-BY-NC-4.0,free-text,False,False,True,True,False,CF Conventions,12,1.0,0.75,1.0,CSV|JSON,EnvO|Dublin Core|Schema.org|ORCID,1,5,73.33333333333333,75.0,75.0,100.0,50.0,1,1,1,0,1,0,1,1,1,1,1,0,1,1,0
DS-0134,Zenodo,Chemistry,2023,10.5061/dataset.20230133,globus,Institutional-Access,free-text,False,True,True,True,False,JCAMP-DX,8,0.6666666666666666,1.0,1.0,SDF|mzML,MeSH|Schema.org|ORCID,1,3,73.33333333333333,75.0,75.0,100.0,50.0,1,0,1,1,1,0,1,1,1,1,1,0,1,1,0
DS-0135,Dryad,Genomics,2021,10.1594/dataset.20210134,api,CC-BY-4.0,Dublin Core,True,True,True,True,False,MIxS,12,1.0,1.0,1.0,BAM|FASTQ|HDF5,Gene Ontology|NCBI Taxonomy|EDAM|ORCID,0,14,80.0,100.0,75.0,66.66666666666666,75.0,1,1,1,1,1,0,1,1,1,1,0,1,1,1,0
DS-0136,Figshare,Neuroscience,2021,10.1594/dataset.20210135,https,Institutional-Access,Schema.org,True,False,False,True,False,BIDS,8,0.6666666666666666,1.0,1.0,HDF5|JSON,,0,6,53.333333333333336,50.0,75.0,33.33333333333333,50.0,1,0,1,0,1,1,0,1,1,0,0,0,1,1,0
DS-0137,Figshare,Social Science,2019,local-figshare-2019-0136,email-request,Missing,DataCite,True,True,True,True,True,DDI,9,0.75,0.0,1.0,Parquet,Dublin Core|Schema.org,1,15,60.0,50.0,50.0,100.0,50.0,0,1,0,1,0,0,1,1,1,1,1,1,0,0,1
DS-0138,Zenodo,Neuroscience,2018,10.6084/dataset.20180137,email-request,Missing,free-text,True,True,True,True,False,BIDS,10,0.75,0.75,1.0,NWB,SNOMED CT|OBO|ORCID,0,9,66.66666666666666,100.0,50.0,66.66666666666666,50.0,1,1,1,1,0,0,1,1,1,1,0,1,0,1,0
DS-0139,Dataverse,Genomics,2024,10.18112/dataset.20240138,ftp,Missing,Schema.org,True,True,True,True,True,MIxS,12,0.9166666666666666,0.75,1.0,FASTQ|HDF5,Gene Ontology|NCBI Taxonomy|EDAM|ORCID,0,18,86.66666666666667,100.0,100.0,66.66666666666666,75.0,1,1,1,1,1,1,1,1,1,1,0,1,0,1,1
DS-0140,Dryad,Neuroscience,2023,10.1594/dataset.20230139,https,Apache-2.0,XML,True,True,False,True,False,BIDS,10,0.8333333333333334,1.0,1.0,CSV|HDF5|JSON,SNOMED CT|UMLS|ORCID,2,15,86.66666666666667,100.0,75.0,100.0,75.0,1,1,1,1,1,1,0,1,1,1,1,1,1,1,0
DS-0141,Zenodo,Climate Science,2020,10.6084/dataset.20200140,web-form,MIT,XML,False,True,False,True,True,CF Conventions,11,0.9166666666666666,1.0,0.6666666666666666,GeoTIFF|JSON|XLSX,EnvO|Dublin Core|Schema.org|ORCID,0,19,66.66666666666666,100.0,25.0,66.66666666666666,75.0,1,1,1,1,0,0,0,1,1,1,0,0,1,1,1
DS-0142,PANGAEA,Social Science,2024,10.5281/dataset.20240141,ftp,Apache-2.0,free-text,False,True,True,True,True,DDI,9,0.75,0.5,0.5,DTA|TSV,Dublin Core|Schema.org|ORCID,3,31,86.66666666666667,100.0,100.0,100.0,50.0,1,1,1,1,1,1,1,1,1,1,1,0,1,0,1
DS-0143,Zenodo,Chemistry,2022,10.5281/dataset.20220142,web-form,CC0-1.0,XML,True,True,False,True,True,JCAMP-DX,9,0.75,1.0,0.0,CDX,MeSH,1,7,66.66666666666666,75.0,25.0,100.0,75.0,1,1,0,1,0,0,0,1,1,1,1,1,1,1,0
DS-0144,Dataverse,Climate Science,2019,10.6084/dataset.20190143,ftp,MIT,RDF,True,True,True,True,False,CF Conventions,11,0.9166666666666666,0.75,1.0,GeoTIFF|JSON,EnvO,2,14,93.33333333333333,100.0,100.0,100.0,75.0,1,1,1,1,1,1,1,1,1,1,1,1,1,1,0
DS-0145,Figshare,Genomics,2022,10.18112/dataset.20220144,https,BSD-3-Clause,Schema.org,False,False,True,False,True,MIxS,8,0.6666666666666666,0.5,0.3333333333333333,CSV|DOCX|XLSX,NCBI Taxonomy|ORCID,1,1,60.0,50.0,75.0,100.0,25.0,1,0,1,0,1,1,1,0,1,1,1,0,1,0,0
DS-0146,Figshare,Climate Science,2018,local-figshare-2018-0145,https,CC-BY-4.0,JSON-LD,True,True,True,True,True,CF Conventions,9,0.75,0.75,1.0,JSON,EnvO|Schema.org|ORCID,1,23,86.66666666666667,50.0,100.0,100.0,100.0,0,1,0,1,1,1,1,1,1,1,1,1,1,1,1
DS-0147,GEO,Chemistry,2018,10.5281/dataset.20180146,email-request,Missing,free-text,True,True,True,True,False,JCAMP-DX,9,0.6666666666666666,0.25,1.0,JSON,Schema.org,0,9,46.666666666666664,75.0,50.0,66.66666666666666,0.0,1,0,1,1,0,0,1,1,1,1,0,0,0,0,0
DS-0148,PANGAEA,Climate Science,2022,10.18112/dataset.20220147,https,Institutional-Access,Schema.org,True,False,True,True,True,CF Conventions,10,0.8333333333333334,1.0,1.0,CSV|JSON,EnvO|Dublin Core|Schema.org|ORCID,0,16,86.66666666666667,75.0,100.0,66.66666666666666,100.0,1,1,1,0,1,1,1,1,1,1,0,1,1,1,1
DS-0149,Dryad,Neuroscience,2021,10.6084/dataset.20210148,ftp,CC-BY-4.0,RDF,True,True,False,False,False,BIDS,9,0.75,0.75,0.0,XLSX,SNOMED CT|OBO,2,15,73.33333333333333,75.0,50.0,100.0,75.0,1,1,0,1,1,1,0,0,1,1,1,1,1,1,0
DS-0150,Figshare,Climate Science,2021,local-figshare-2021-0149,https,MIT,Dublin Core,True,True,False,True,True,CF Conventions,9,0.75,0.75,1.0,JSON,EnvO|Dublin Core|Schema.org,1,10,80.0,50.0,75.0,100.0,100.0,0,1,0,1,1,1,0,1,1,1,1,1,1,1,1
DS-0151,Figshare,Genomics,2019,10.6084/dataset.20190150,email-request,ODC-BY-1.0,free-text,True,False,True,False,True,MIxS,8,0.6666666666666666,1.0,0.6666666666666666,DOCX|HDF5|TSV,NCBI Taxonomy|EDAM|ORCID,0,8,53.333333333333336,50.0,25.0,66.66666666666666,75.0,1,0,1,0,0,0,1,0,1,1,0,0,1,1,1
DS-0152,Figshare,Social Science,2022,10.5061/dataset.20220151,globus,CC0-1.0,Schema.org,True,True,False,True,True,DDI,6,0.5,0.5,1.0,CSV|TSV,ORCID|DataCite,0,9,60.0,75.0,50.0,66.66666666666666,50.0,1,0,1,1,1,0,0,1,1,1,0,0,1,0,1
DS-0153,Figshare,Social Science,2018,10.5281/dataset.20180152,https,Institutional-Access,RDF,True,True,False,False,False,DDI,7,0.5833333333333334,0.5,0.5,CSV|XLSX,Dublin Core|ORCID|DataCite,0,5,46.666666666666664,50.0,50.0,66.66666666666666,25.0,1,0,0,1,1,1,0,0,1,1,0,0,1,0,0
DS-0154,Dataverse,Climate Science,2018,local-dataverse-2018-0153,api,ODC-BY-1.0,RDF,False,True,True,True,False,CF Conventions,9,0.75,0.5,1.0,CSV,EnvO|Dublin Core|Schema.org|ORCID,0,6,53.333333333333336,50.0,75.0,66.66666666666666,25.0,0,1,0,1,1,0,1,1,1,1,0,0,1,0,0
DS-0155,Figshare,Neuroscience,2022,10.5281/dataset.20220154,email-request,CC0-1.0,Schema.org,True,True,False,False,False,BIDS,10,0.8333333333333334,0.75,1.0,JSON,SNOMED CT|OBO,0,2,53.333333333333336,75.0,0.0,66.66666666666666,75.0,1,1,0,1,0,0,0,0,1,1,0,1,1,1,0
DS-0156,Dryad,Social Science,2019,local-dryad-2019-0155,globus,Missing,JSON-LD,False,True,True,True,True,DDI,10,0.75,1.0,1.0,CSV,Dublin Core|Schema.org|ORCID,1,9,66.66666666666666,50.0,75.0,100.0,50.0,0,1,0,1,1,0,1,1,1,1,1,0,0,1,1
DS-0157,Dryad,Genomics,2021,local-dryad-2021-0156,https,ODC-BY-1.0,free-text,True,True,False,True,True,MIxS,7,0.5833333333333334,0.75,0.5,DOCX|HDF5,ORCID,0,7,60.0,25.0,75.0,66.66666666666666,75.0,0,0,0,1,1,1,0,1,1,1,0,0,1,1,1
DS-0158,Dryad,Chemistry,2024,10.18112/dataset.20240157,https,Apache-2.0,Dublin Core,True,True,False,True,True,JCAMP-DX,11,0.9166666666666666,0.75,1.0,CSV|JSON,MeSH|Schema.org|ORCID,3,10,93.33333333333333,100.0,75.0,100.0,100.0,1,1,1,1,1,1,0,1,1,1,1,1,1,1,1
DS-0159,Dryad,Imaging,2019,10.5281/dataset.20190158,globus,CC0-1.0,DataCite,True,True,False,True,False,OME,5,0.4166666666666667,0.5,1.0,CSV|TIFF,OBO|ORCID,1,1,60.0,75.0,50.0,100.0,25.0,1,0,1,1,1,0,0,1,1,1,1,0,1,0,0
DS-0160,Figshare,Imaging,2018,local-figshare-2018-0159,web-form,ODbL-1.0,free-text,True,True,True,True,True,OME,8,0.6666666666666666,0.5,1.0,OME-TIFF,Schema.org|ORCID,3,7,53.333333333333336,25.0,50.0,100.0,50.0,0,0,0,1,0,0,1,1,1,1,1,0,1,0,1
DS-0161,Figshare,Chemistry,2020,local-figshare-2020-0160,https,BSD-3-Clause,Schema.org,True,True,False,True,False,JCAMP-DX,5,0.4166666666666667,0.5,0.5,CSV|XLSX,Schema.org,3,7,53.333333333333336,25.0,75.0,100.0,25.0,0,0,0,1,1,1,0,1,1,1,1,0,1,0,0
DS-0162,PANGAEA,Neuroscience,2019,10.18112/dataset.20190161,https,ODbL-1.0,Schema.org,True,True,False,True,False,BIDS,12,1.0,0.75,1.0,HDF5,SNOMED CT|UMLS|OBO,1,19,86.66666666666667,100.0,75.0,100.0,75.0,1,1,1,1,1,1,0,1,1,1,1,1,1,1,0
DS-0163,Figshare,Imaging,2020,10.18112/dataset.20200162,https,Custom-Restricted,RDF,True,False,True,False,False,OME,9,0.75,1.0,1.0,CSV|JSON|TIFF,OBO|Schema.org|ORCID,1,16,80.0,75.0,75.0,100.0,75.0,1,1,1,0,1,1,1,0,1,1,1,1,1,1,0
DS-0164,Zenodo,Neuroscience,2024,10.1594/dataset.20240163,globus,CC-BY-4.0,RDF,True,True,False,True,True,BIDS,11,0.9166666666666666,0.75,1.0,CSV|NWB,SNOMED CT|UMLS|OBO|ORCID,2,17,86.66666666666667,100.0,50.0,100.0,100.0,1,1,1,1,1,0,0,1,1,1,1,1,1,1,1
DS-0165,PANGAEA,Neuroscience,2019,10.1594/dataset.20190164,email-request,Data-Use-Agreement,free-text,False,True,True,True,True,BIDS,9,0.75,0.75,1.0,CSV|HDF5|JSON,SNOMED CT|UMLS|ORCID,1,9,73.33333333333333,75.0,50.0,100.0,75.0,1,1,0,1,0,0,1,1,1,1,1,0,1,1,1
DS-0166,PANGAEA,Chemistry,2019,local-pangaea-2019-0165,custom-client,Missing,Dublin Core,True,False,True,True,True,JCAMP-DX,10,0.75,0.5,1.0,SDF,ChEBI|MeSH,1,9,53.333333333333336,25.0,50.0,100.0,50.0,0,1,0,0,0,0,1,1,1,1,1,1,0,0,1
DS-0167,Figshare,Neuroscience,2018,10.6084/dataset.20180166,email-request,MIT,DataCite,False,True,True,True,False,BIDS,10,0.8333333333333334,0.25,0.5,JSON|XLSX,SNOMED CT|UMLS|ORCID,0,6,60.0,100.0,50.0,66.66666666666666,25.0,1,1,1,1,0,0,1,1,1,1,0,0,1,0,0
DS-0168,PANGAEA,Social Science,2020,10.6084/dataset.20200167,ftp,Missing,Schema.org,True,True,False,True,False,DDI,10,0.75,0.75,0.5,CSV|SAV,Dublin Core|DataCite,2,24,80.0,100.0,75.0,100.0,50.0,1,1,1,1,1,1,0,1,1,1,1,1,0,1,0
DS-0169,Zenodo,Genomics,2024,10.18112/dataset.20240168,s3,ODbL-1.0,Schema.org,True,True,True,True,True,MIxS,9,0.75,1.0,0.6666666666666666,BAM|FASTA|XLSX,ORCID,0,6,86.66666666666667,100.0,75.0,66.66666666666666,100.0,1,1,1,1,1,0,1,1,1,1,0,1,1,1,1
DS-0170,PANGAEA,Neuroscience,2020,10.5061/dataset.20200169,s3,Missing,XML,True,False,True,True,True,BIDS,10,0.75,0.25,0.0,MAT,SNOMED CT|OBO,1,13,66.66666666666666,75.0,75.0,100.0,25.0,1,1,1,0,1,0,1,1,1,1,1,1,0,0,0
DS-0171,GEO,Imaging,2018,10.1594/dataset.20180170,s3,Apache-2.0,DataCite,False,True,False,True,False,OME,11,0.9166666666666666,1.0,1.0,CSV|HDF5|TIFF,OBO|ORCID,0,8,66.66666666666666,100.0,50.0,66.66666666666666,50.0,1,1,1,1,1,0,0,1,1,1,0,0,1,1,0
DS-0172,PANGAEA,Neuroscience,2020,10.6084/dataset.20200171,web-form,ODC-BY-1.0,free-text,True,False,False,True,True,BIDS,8,0.6666666666666666,0.5,0.5,CSV|XLSX,SNOMED CT|UMLS|ORCID,2,8,53.333333333333336,50.0,25.0,100.0,50.0,1,0,1,0,0,0,0,1,1,1,1,0,1,0,1
DS-0173,Dryad,Neuroscience,2020,10.18112/dataset.20200172,globus,CC-BY-4.0,free-text,True,True,False,True,True,BIDS,9,0.75,0.5,0.3333333333333333,HDF5|MAT|XLSX,UMLS,1,10,73.33333333333333,100.0,50.0,100.0,50.0,1,1,1,1,1,0,0,1,1,1,1,1,1,0,0
DS-0174,GEO,Climate Science,2020,10.5281/dataset.20200173,ftps,Institutional-Access,Dublin Core,True,True,True,True,False,CF Conventions,9,0.75,0.25,1.0,CSV|NetCDF,Dublin Core|ORCID,0,2,73.33333333333333,75.0,100.0,66.66666666666666,50.0,1,1,0,1,1,1,1,1,1,1,0,1,1,0,0
DS-0175,Figshare,Social Science,2019,10.18112/dataset.20190174,email-request,Data-Use-Agreement,DataCite,False,True,False,True,False,DDI,10,0.8333333333333334,0.5,0.5,Parquet|SAV,Schema.org|ORCID|DataCite,0,3,53.333333333333336,100.0,25.0,66.66666666666666,25.0,1,1,1,1,0,0,0,1,1,1,0,0,1,0,0
DS-0176,Figshare,Climate Science,2018,local-figshare-2018-0175,email-request,MIT,XML,True,True,True,True,False,CF Conventions,7,0.5833333333333334,0.5,0.3333333333333333,JSON|MAT|XLSX,Dublin Core|ORCID,1,7,46.666666666666664,25.0,50.0,100.0,25.0,0,0,0,1,0,0,1,1,1,1,1,0,1,0,0
DS-0177,GEO,Chemistry,2019,10.6084/dataset.20190176,https,Apache-2.0,RDF,True,True,False,True,False,JCAMP-DX,8,0.6666666666666666,0.25,0.0,CDX,ChEBI|MeSH|Schema.org,0,10,60.0,75.0,75.0,66.66666666666666,25.0,1,0,1,1,1,1,0,1,1,1,0,0,1,0,0
DS-0178,GEO,Genomics,2019,10.18112/dataset.20190177,email-request,Missing,Schema.org,False,True,True,True,True,MIxS,11,0.8333333333333334,0.5,1.0,BAM|CSV,Gene Ontology|NCBI Taxonomy|EDAM,2,3,66.66666666666666,100.0,50.0,100.0,25.0,1,1,1,1,0,0,1,1,1,1,1,0,0,0,1
DS-0179,Zenodo,Climate Science,2023,10.6084/dataset.20230178,https,Institutional-Access,Dublin Core,True,False,False,True,True,CF Conventions,10,0.8333333333333334,0.75,1.0,NetCDF,EnvO|Schema.org|ORCID,1,24,86.66666666666667,75.0,75.0,100.0,100.0,1,1,1,0,1,1,0,1,1,1,1,1,1,1,1
DS-0180,PANGAEA,Genomics,2022,local-pangaea-2022-0179,https,Missing,free-text,True,True,False,True,False,MIxS,7,0.5833333333333334,0.75,1.0,BAM|TSV,Gene Ontology|NCBI Taxonomy|EDAM|ORCID,0,8,46.666666666666664,25.0,75.0,66.66666666666666,25.0,0,0,0,1,1,1,0,1,1,1,0,0,0,1,0
DS-0181,Figshare,Climate Science,2019,local-figshare-2019-0180,web-form,Apache-2.0,free-text,False,False,False,True,True,CF Conventions,10,0.8333333333333334,0.25,0.3333333333333333,CSV|MAT|XLSX,Schema.org|ORCID,0,1,33.33333333333333,25.0,25.0,66.66666666666666,25.0,0,1,0,0,0,0,0,1,1,1,0,0,1,0,0
DS-0182,Figshare,Genomics,2021,local-figshare-2021-0181,api,Data-Use-Agreement,free-text,True,False,False,True,True,MIxS,5,0.4166666666666667,0.75,1.0,HDF5,Gene Ontology|ORCID,1,2,53.333333333333336,0.0,50.0,100.0,75.0,0,0,0,0,1,0,0,1,1,1,1,0,1,1,1
DS-0183,Figshare,Genomics,2019,10.1594/dataset.20190182,s3,Missing,Schema.org,False,True,True,True,True,MIxS,7,0.5,0.75,1.0,FASTQ|HDF5|TSV,EDAM|ORCID,1,4,73.33333333333333,75.0,75.0,100.0,50.0,1,0,1,1,1,0,1,1,1,1,1,0,0,1,1
DS-0184,Dataverse,Genomics,2022,10.5281/dataset.20220183,https,Missing,RDF,True,True,True,True,False,MIxS,10,0.8333333333333334,0.5,0.5,DOCX|FASTA,Gene Ontology|EDAM|ORCID,3,15,80.0,100.0,100.0,100.0,25.0,1,1,1,1,1,1,1,1,1,1,1,1,0,0,0
DS-0185,PANGAEA,Social Science,2020,10.6084/dataset.20200184,ftp,MIT,free-text,True,True,False,True,False,DDI,8,0.6666666666666666,0.25,1.0,CSV|JSON,ORCID|DataCite,2,10,66.66666666666666,75.0,75.0,100.0,25.0,1,0,1,1,1,1,0,1,1,1,1,0,1,0,0
DS-0186,PANGAEA,Imaging,2024,10.5281/dataset.20240185,ftp,ODbL-1.0,DataCite,True,True,True,True,True,OME,9,0.75,0.75,0.0,LIF,OBO|Schema.org|ORCID,0,17,86.66666666666667,100.0,100.0,66.66666666666666,75.0,1,1,1,1,1,1,1,1,1,1,0,1,1,1,0
DS-0187,Dryad,Genomics,2023,10.18112/dataset.20230186,api,Missing,Dublin Core,True,True,True,True,True,MIxS,10,0.75,0.5,0.3333333333333333,DOCX|FASTQ|XLSX,Gene Ontology|EDAM,0,9,66.66666666666666,100.0,75.0,66.66666666666666,25.0,1,1,1,1,1,0,1,1,1,1,0,1,0,0,0
DS-0188,GEO,Neuroscience,2024,local-geo-2024-0187,globus,Custom-Restricted,free-text,True,True,True,True,True,BIDS,9,0.75,0.75,1.0,CSV|NWB,SNOMED CT|UMLS|OBO|ORCID,1,24,80.0,50.0,75.0,100.0,100.0,0,1,0,1,1,0,1,1,1,1,1,1,1,1,1
DS-0189,Figshare,Chemistry,2023,local-figshare-2023-0188,ftp,Missing,free-text,True,True,False,True,True,JCAMP-DX,7,0.5,0.5,0.6666666666666666,CSV|SDF|XLSX,MeSH,0,8,46.666666666666664,25.0,75.0,66.66666666666666,25.0,0,0,0,1,1,1,0,1,1,1,0,0,0,0,1
DS-0190,Zenodo,Neuroscience,2020,10.5061/dataset.20200189,api,Data-Use-Agreement,free-text,True,True,True,True,True,BIDS,8,0.6666666666666666,0.75,0.5,MAT|NWB,SNOMED CT|UMLS|OBO|ORCID,0,14,73.33333333333333,75.0,75.0,66.66666666666666,75.0,1,0,1,1,1,0,1,1,1,1,0,0,1,1,1
DS-0191,Dataverse,Neuroscience,2023,local-dataverse-2023-0190,globus,Apache-2.0,Dublin Core,False,True,False,False,False,BIDS,7,0.5833333333333334,0.75,1.0,JSON,UMLS|ORCID,0,6,40.0,25.0,25.0,66.66666666666666,50.0,0,0,0,1,1,0,0,0,1,1,0,0,1,1,0
DS-0192,PANGAEA,Genomics,2018,10.5281/dataset.20180191,ftps,Custom-Restricted,Dublin Core,True,True,True,True,False,MIxS,7,0.5833333333333334,1.0,0.5,BAM|XLSX,Gene Ontology|NCBI Taxonomy|EDAM|ORCID,0,12,66.66666666666666,50.0,100.0,66.66666666666666,50.0,1,0,0,1,1,1,1,1,1,1,0,0,1,1,0
DS-0193,Figshare,Genomics,2021,10.18112/dataset.20210192,web-form,Apache-2.0,JSON-LD,True,True,True,True,True,MIxS,10,0.8333333333333334,0.5,0.5,TSV|XLSX,NCBI Taxonomy|EDAM|ORCID,1,13,80.0,100.0,50.0,100.0,75.0,1,1,1,1,0,0,1,1,1,1,1,1,1,0,1
DS-0194,PANGAEA,Genomics,2018,10.18112/dataset.20180193,https,BSD-3-Clause,DataCite,True,True,False,False,True,MIxS,9,0.75,0.25,1.0,CSV,EDAM,2,3,80.0,100.0,50.0,100.0,75.0,1,1,1,1,1,1,0,0,1,1,1,1,1,0,1
DS-0195,Dataverse,Social Science,2020,local-dataverse-2020-0194,web-form,Apache-2.0,free-text,True,True,False,True,True,DDI,9,0.75,0.5,1.0,Parquet,Dublin Core|Schema.org|ORCID,2,4,60.0,50.0,25.0,100.0,75.0,0,1,0,1,0,0,0,1,1,1,1,1,1,0,1
DS-0196,Dryad,Neuroscience,2019,local-dryad-2019-0195,https,ODC-BY-1.0,DataCite,True,True,False,True,True,BIDS,10,0.8333333333333334,0.75,1.0,HDF5,SNOMED CT|OBO|ORCID,0,11,73.33333333333333,50.0,75.0,66.66666666666666,100.0,0,1,0,1,1,1,0,1,1,1,0,1,1,1,1
DS-0197,Zenodo,Chemistry,2018,local-zenodo-2018-0196,email-request,Missing,Dublin Core,True,True,True,True,True,JCAMP-DX,7,0.5833333333333334,1.0,0.6666666666666666,CDX|CSV|JSON,ChEBI|MeSH|Schema.org|ORCID,0,2,46.666666666666664,25.0,50.0,66.66666666666666,50.0,0,0,0,1,0,0,1,1,1,1,0,0,0,1,1
DS-0198,Zenodo,Climate Science,2021,10.18112/dataset.20210197,email-request,ODC-BY-1.0,XML,True,False,False,True,False,CF Conventions,9,0.75,0.75,1.0,HDF5,EnvO|Dublin Core|Schema.org,1,4,66.66666666666666,75.0,25.0,100.0,75.0,1,1,1,0,0,0,0,1,1,1,1,1,1,1,0
DS-0199,Figshare,Climate Science,2019,10.18112/dataset.20190198,s3,MIT,RDF,False,True,False,True,False,CF Conventions,10,0.8333333333333334,1.0,1.0,GeoTIFF,Schema.org|ORCID,0,16,66.66666666666666,100.0,50.0,66.66666666666666,50.0,1,1,1,1,1,0,0,1,1,1,0,0,1,1,0
DS-0200,Dataverse,Social Science,2022,10.18112/dataset.20220199,https,CC0-1.0,free-text,True,True,True,False,False,DDI,6,0.5,0.25,0.0,SAV|XLSX,Dublin Core,0,2,46.666666666666664,50.0,75.0,33.33333333333333,25.0,1,0,0,1,1,1,1,0,0,1,0,0,1,0,0
DS-0201,Zenodo,Imaging,2020,10.18112/dataset.20200200,https,Custom-Restricted,RDF,True,True,True,True,True,OME,10,0.8333333333333334,0.75,1.0,JSON,MeSH|OBO,0,17,93.33333333333333,100.0,100.0,66.66666666666666,100.0,1,1,1,1,1,1,1,1,1,1,0,1,1,1,1
DS-0202,Zenodo,Chemistry,2020,local-zenodo-2020-0201,https,Institutional-Access,RDF,True,True,False,True,True,JCAMP-DX,9,0.75,0.25,0.0,XLSX,Schema.org|ORCID,2,5,66.66666666666666,50.0,75.0,100.0,50.0,0,1,0,1,1,1,0,1,1,1,1,1,1,0,0
DS-0203,Dryad,Neuroscience,2019,10.6084/dataset.20190202,s3,Missing,XML,True,True,True,True,False,BIDS,9,0.6666666666666666,0.75,0.5,JSON|XLSX,SNOMED CT|UMLS|ORCID,0,2,60.0,75.0,75.0,66.66666666666666,25.0,1,0,1,1,1,0,1,1,1,1,0,0,0,1,0
DS-0204,Dataverse,Climate Science,2024,10.6084/dataset.20240203,ftp,BSD-3-Clause,DataCite,True,True,False,True,True,CF Conventions,12,1.0,1.0,1.0,JSON|NetCDF,EnvO|Dublin Core|Schema.org|ORCID,2,4,93.33333333333333,100.0,75.0,100.0,100.0,1,1,1,1,1,1,0,1,1,1,1,1,1,1,1
DS-0205,GEO,Genomics,2020,10.5281/dataset.20200204,https,ODC-BY-1.0,Dublin Core,True,True,True,True,True,MIxS,10,0.8333333333333334,0.75,1.0,BAM|HDF5,Gene Ontology|NCBI Taxonomy|ORCID,2,21,100.0,100.0,100.0,100.0,100.0,1,1,1,1,1,1,1,1,1,1,1,1,1,1,1
DS-0206,Figshare,Neuroscience,2022,10.1594/dataset.20220205,https,Missing,XML,False,True,False,True,True,BIDS,3,0.25,0.25,1.0,HDF5|JSON,OBO|ORCID,0,0,53.333333333333336,50.0,75.0,66.66666666666666,25.0,1,0,0,1,1,1,0,1,1,1,0,0,0,0,1
DS-0207,Zenodo,Climate Science,2022,10.6084/dataset.20220206,globus,MIT,free-text,True,False,False,True,True,CF Conventions,11,0.9166666666666666,1.0,1.0,GeoTIFF,Schema.org|ORCID,0,12,73.33333333333333,75.0,50.0,66.66666666666666,100.0,1,1,1,0,1,0,0,1,1,1,0,1,1,1,1
DS-0208,Zenodo,Chemistry,2018,10.5281/dataset.20180207,web-form,MIT,XML,True,True,True,True,True,JCAMP-DX,9,0.75,0.5,0.5,CDX|CSV,ChEBI|Schema.org|ORCID,0,17,73.33333333333333,100.0,50.0,66.66666666666666,75.0,1,1,1,1,0,0,1,1,1,1,0,1,1,0,1
DS-0209,Zenodo,Neuroscience,2020,10.5061/dataset.20200208,custom-client,CC-BY-NC-4.0,DataCite,True,False,True,True,True,BIDS,4,0.3333333333333333,0.75,1.0,JSON,SNOMED CT|UMLS|OBO,1,2,60.0,25.0,50.0,100.0,75.0,1,0,0,0,0,0,1,1,1,1,1,0,1,1,1
DS-0210,Zenodo,Chemistry,2019,local-zenodo-2019-0209,s3,Custom-Restricted,free-text,False,False,True,True,False,JCAMP-DX,7,0.5833333333333334,1.0,0.5,CDX|mzML,ChEBI|MeSH|Schema.org|ORCID,3,9,53.333333333333336,0.0,75.0,100.0,50.0,0,0,0,0,1,0,1,1,1,1,1,0,1,1,0
DS-0211,GEO,Social Science,2020,local-geo-2020-0210,https,Missing,JSON-LD,True,True,False,False,True,DDI,6,0.5,0.75,1.0,JSON,Dublin Core|ORCID|DataCite,0,2,46.666666666666664,25.0,50.0,66.66666666666666,50.0,0,0,0,1,1,1,0,0,1,1,0,0,0,1,1
DS-0212,Figshare,Neuroscience,2021,local-figshare-2021-0211,ftp,BSD-3-Clause,free-text,True,True,False,True,True,BIDS,8,0.6666666666666666,0.5,0.6666666666666666,HDF5|MAT|NWB,SNOMED CT|UMLS|OBO,0,6,53.333333333333336,25.0,75.0,66.66666666666666,50.0,0,0,0,1,1,1,0,1,1,1,0,0,1,0,1
DS-0213,GEO,Chemistry,2020,local-geo-2020-0212,https,CC-BY-NC-4.0,free-text,True,True,True,True,True,JCAMP-DX,10,0.8333333333333334,0.5,1.0,SDF,ChEBI|Schema.org|ORCID,3,14,80.0,50.0,100.0,100.0,75.0,0,1,0,1,1,1,1,1,1,1,1,1,1,0,1
DS-0214,Dataverse,Imaging,2021,10.6084/dataset.20210213,globus,Custom-Restricted,JSON-LD,False,True,True,True,True,OME,12,1.0,1.0,0.0,LIF,OBO|Schema.org|ORCID,0,14,73.33333333333333,100.0,75.0,66.66666666666666,50.0,1,1,1,1,1,0,1,1,1,1,0,0,1,1,0
DS-0215,Dataverse,Social Science,2024,10.6084/dataset.20240214,https,CC-BY-NC-4.0,Schema.org,True,True,True,True,False,DDI,11,0.9166666666666666,0.75,0.5,SAV|TSV,Schema.org|ORCID|DataCite,0,11,86.66666666666667,100.0,100.0,66.66666666666666,75.0,1,1,1,1,1,1,1,1,1,1,0,1,1,1,0
DS-0216,Zenodo,Social Science,2024,10.5281/dataset.20240215,web-form,Missing,XML,False,True,True,True,False,DDI,7,0.5833333333333334,1.0,0.0,DTA,Dublin Core|Schema.org|ORCID|DataCite,1,3,60.0,75.0,50.0,100.0,25.0,1,0,1,1,0,0,1,1,1,1,1,0,0,1,0
DS-0217,PANGAEA,Neuroscience,2022,10.18112/dataset.20220216,ftps,CC0-1.0,Dublin Core,False,True,True,False,False,BIDS,10,0.8333333333333334,0.5,0.5,HDF5|XLSX,SNOMED CT|OBO,2,6,73.33333333333333,100.0,75.0,100.0,25.0,1,1,1,1,1,1,1,0,1,1,1,0,1,0,0
DS-0218,Zenodo,Imaging,2023,10.5281/dataset.20230217,ftp,Missing,RDF,True,True,False,True,True,OME,11,0.8333333333333334,1.0,1.0,CSV|HDF5,MeSH,2,19,86.66666666666667,100.0,75.0,100.0,75.0,1,1,1,1,1,1,0,1,1,1,1,1,0,1,1
DS-0219,PANGAEA,Imaging,2024,local-pangaea-2024-0218,ftp,CC0-1.0,DataCite,False,True,True,True,False,OME,10,0.8333333333333334,0.75,1.0,HDF5|OME-TIFF,MeSH|OBO|Schema.org,2,15,73.33333333333333,50.0,100.0,100.0,50.0,0,1,0,1,1,1,1,1,1,1,1,0,1,1,0
DS-0220,Figshare,Climate Science,2018,local-figshare-2018-0219,https,ODbL-1.0,free-text,False,True,True,False,True,CF Conventions,6,0.5,0.5,0.0,MAT|XLSX,ORCID,2,4,46.666666666666664,25.0,75.0,66.66666666666666,25.0,0,0,0,1,1,1,1,0,0,1,1,0,1,0,0
DS-0221,GEO,Genomics,2022,10.5281/dataset.20220220,web-form,CC0-1.0,Dublin Core,True,True,True,True,True,MIxS,8,0.6666666666666666,0.75,0.5,DOCX|FASTA,EDAM|ORCID,1,6,73.33333333333333,75.0,50.0,100.0,75.0,1,0,1,1,0,0,1,1,1,1,1,0,1,1,1
DS-0222,Dataverse,Imaging,2023,10.5061/dataset.20230221,email-request,MIT,free-text,True,True,False,True,True,OME,9,0.75,1.0,1.0,CSV|HDF5,MeSH|OBO|ORCID,1,8,73.33333333333333,75.0,25.0,100.0,100.0,1,1,0,1,0,0,0,1,1,1,1,1,1,1,1
DS-0223,Dataverse,Chemistry,2021,10.5281/dataset.20210222,https,Institutional-Access,free-text,False,True,False,True,True,JCAMP-DX,11,0.9166666666666666,0.5,1.0,SDF,ChEBI|MeSH|Schema.org|ORCID,1,1,80.0,100.0,75.0,100.0,50.0,1,1,1,1,1,1,0,1,1,1,1,0,1,0,1
DS-0224,Figshare,Neuroscience,2024,local-figshare-2024-0223,ftp,ODbL-1.0,Schema.org,True,True,True,True,True,BIDS,10,0.8333333333333334,1.0,1.0,HDF5|JSON,OBO|ORCID,0,1,80.0,50.0,100.0,66.66666666666666,100.0,0,1,0,1,1,1,1,1,1,1,0,1,1,1,1
DS-0225,Dataverse,Imaging,2020,10.1594/dataset.20200224,web-form,CC-BY-4.0,DataCite,True,True,False,True,True,OME,8,0.6666666666666666,0.5,1.0,JSON|OME-TIFF,Schema.org|ORCID,2,7,53.333333333333336,50.0,25.0,100.0,50.0,1,0,0,1,0,0,0,1,1,1,1,0,1,0,1
DS-0226,GEO,Imaging,2024,10.6084/dataset.20240225,https,CC-BY-NC-4.0,Dublin Core,True,True,False,True,True,OME,11,0.9166666666666666,0.75,1.0,JSON|OME-TIFF,OBO|Schema.org|ORCID,2,20,93.33333333333333,100.0,75.0,100.0,100.0,1,1,1,1,1,1,0,1,1,1,1,1,1,1,1
DS-0227,GEO,Climate Science,2018,10.1594/dataset.20180226,https,Missing,free-text,True,True,False,False,True,CF Conventions,11,0.8333333333333334,0.75,1.0,GeoTIFF,EnvO|Dublin Core|Schema.org|ORCID,3,6,80.0,100.0,50.0,100.0,75.0,1,1,1,1,1,1,0,0,1,1,1,1,0,1,1
DS-0228,Figshare,Social Science,2018,10.18112/dataset.20180227,ftp,CC-BY-NC-4.0,free-text,True,True,False,False,False,DDI,8,0.6666666666666666,0.5,1.0,TSV,Dublin Core|ORCID,2,7,53.333333333333336,50.0,50.0,100.0,25.0,1,0,0,1,1,1,0,0,1,1,1,0,1,0,0
DS-0229,Figshare,Imaging,2020,10.5061/dataset.20200228,api,CC-BY-NC-4.0,Dublin Core,False,False,True,True,False,OME,8,0.6666666666666666,0.5,0.3333333333333333,CZI|LIF|TIFF,OBO,2,9,60.0,50.0,75.0,100.0,25.0,1,0,1,0,1,0,1,1,1,1,1,0,1,0,0
DS-0230,PANGAEA,Imaging,2021,10.1594/dataset.20210229,globus,CC0-1.0,free-text,True,False,True,True,True,OME,9,0.75,0.75,0.6666666666666666,HDF5|JPEG|JSON,MeSH|OBO|Schema.org,1,15,86.66666666666667,75.0,75.0,100.0,100.0,1,1,1,0,1,0,1,1,1,1,1,1,1,1,1
DS-0231,Zenodo,Climate Science,2020,10.5061/dataset.20200230,globus,CC0-1.0,RDF,True,True,True,True,False,CF Conventions,10,0.8333333333333334,1.0,1.0,NetCDF,EnvO|Dublin Core|ORCID,1,10,86.66666666666667,100.0,75.0,100.0,75.0,1,1,1,1,1,0,1,1,1,1,1,1,1,1,0
DS-0232,Zenodo,Neuroscience,2023,local-zenodo-2023-0231,ftp,CC-BY-4.0,Schema.org,False,True,False,True,True,BIDS,10,0.8333333333333334,0.75,1.0,JSON|NWB,SNOMED CT|UMLS|OBO|ORCID,2,17,73.33333333333333,50.0,75.0,100.0,75.0,0,1,0,1,1,1,0,1,1,1,1,0,1,1,1
DS-0233,Dryad,Climate Science,2018,10.1594/dataset.20180232,email-request,Apache-2.0,DataCite,True,True,True,True,True,CF Conventions,9,0.75,1.0,0.6666666666666666,GeoTIFF|MAT|NetCDF,EnvO|Dublin Core|Schema.org,1,16,86.66666666666667,100.0,50.0,100.0,100.0,1,1,1,1,0,0,1,1,1,1,1,1,1,1,1
DS-0234,PANGAEA,Chemistry,2023,local-pangaea-2023-0233,globus,CC0-1.0,RDF,True,True,False,True,False,JCAMP-DX,8,0.6666666666666666,0.5,1.0,SDF,MeSH,1,5,46.666666666666664,25.0,50.0,100.0,25.0,0,0,0,1,1,0,0,1,1,1,1,0,1,0,0
DS-0235,GEO,Social Science,2018,10.18112/dataset.20180234,custom-client,Missing,free-text,True,True,False,True,True,DDI,8,0.5833333333333334,0.5,1.0,Parquet,Dublin Core,0,6,40.0,50.0,25.0,66.66666666666666,25.0,1,0,0,1,0,0,0,1,1,1,0,0,0,0,1
DS-0236,Zenodo,Neuroscience,2021,10.5061/dataset.20210235,https,CC-BY-NC-4.0,free-text,False,False,False,True,False,BIDS,8,0.6666666666666666,0.75,0.5,HDF5|MAT,SNOMED CT|OBO,1,6,66.66666666666666,50.0,75.0,100.0,50.0,1,0,1,0,1,1,0,1,1,1,1,0,1,1,0
DS-0237,GEO,Chemistry,2023,10.18112/dataset.20230236,email-request,ODC-BY-1.0,free-text,False,True,True,True,True,JCAMP-DX,10,0.8333333333333334,0.75,1.0,CSV|SDF,ChEBI|MeSH|Schema.org|ORCID,2,12,80.0,100.0,50.0,100.0,75.0,1,1,1,1,0,0,1,1,1,1,1,0,1,1,1
DS-0238,Zenodo,Chemistry,2022,10.18112/dataset.20220237,email-request,MIT,free-text,True,True,True,True,False,JCAMP-DX,12,1.0,0.75,0.5,CSV|XLSX,MeSH|Schema.org|ORCID,2,13,80.0,100.0,50.0,100.0,75.0,1,1,1,1,0,0,1,1,1,1,1,1,1,1,0
DS-0239,PANGAEA,Imaging,2018,10.1594/dataset.20180238,https,Data-Use-Agreement,DataCite,True,False,True,True,True,OME,12,1.0,0.75,1.0,HDF5,Schema.org,3,15,93.33333333333333,75.0,100.0,100.0,100.0,1,1,1,0,1,1,1,1,1,1,1,1,1,1,1
DS-0240,Zenodo,Imaging,2023,10.18112/dataset.20230239,https,ODC-BY-1.0,XML,True,True,False,True,False,OME,9,0.75,1.0,0.5,CSV|LIF,MeSH|Schema.org,2,10,86.66666666666667,100.0,75.0,100.0,75.0,1,1,1,1,1,1,0,1,1,1,1,1,1,1,0
DS-0241,GEO,Neuroscience,2020,10.18112/dataset.20200240,api,Missing,JSON-LD,True,False,False,True,True,BIDS,9,0.6666666666666666,1.0,1.0,CSV|JSON,ORCID,1,5,60.0,50.0,50.0,100.0,50.0,1,0,1,0,1,0,0,1,1,1,1,0,0,1,1
DS-0242,PANGAEA,Chemistry,2021,local-pangaea-2021-0241,web-form,Missing,free-text,True,True,False,True,False,JCAMP-DX,7,0.5,0.75,1.0,SDF,Schema.org|ORCID,1,12,40.0,25.0,25.0,100.0,25.0,0,0,0,1,0,0,0,1,1,1,1,0,0,1,0
DS-0243,Dryad,Chemistry,2022,local-dryad-2022-0242,email-request,CC0-1.0,free-text,False,False,False,True,False,JCAMP-DX,8,0.6666666666666666,0.75,1.0,CSV|JSON,ChEBI|MeSH|ORCID,1,5,40.0,0.0,25.0,100.0,50.0,0,0,0,0,0,0,0,1,1,1,1,0,1,1,0
DS-0244,Dryad,Chemistry,2021,10.18112/dataset.20210243,globus,Data-Use-Agreement,JSON-LD,False,True,False,True,True,JCAMP-DX,9,0.75,0.25,1.0,SDF,ChEBI|MeSH|ORCID,3,9,73.33333333333333,100.0,50.0,100.0,50.0,1,1,1,1,1,0,0,1,1,1,1,0,1,0,1
DS-0245,GEO,Chemistry,2018,10.1594/dataset.20180244,api,Missing,Dublin Core,False,True,True,True,False,JCAMP-DX,9,0.6666666666666666,0.75,1.0,CSV,Schema.org|ORCID,0,6,60.0,75.0,75.0,66.66666666666666,25.0,1,0,1,1,1,0,1,1,1,1,0,0,0,1,0
DS-0246,GEO,Genomics,2018,local-geo-2018-0245,https,Missing,free-text,True,True,True,True,False,MIxS,9,0.75,0.5,1.0,FASTQ,Gene Ontology|NCBI Taxonomy|EDAM|ORCID,1,11,66.66666666666666,50.0,100.0,100.0,25.0,0,1,0,1,1,1,1,1,1,1,1,1,0,0,0
DS-0247,Dataverse,Chemistry,2020,10.18112/dataset.20200246,ftp,CC-BY-NC-4.0,Schema.org,True,True,False,True,True,JCAMP-DX,12,1.0,0.75,1.0,CSV|JSON,MeSH|Schema.org,0,13,86.66666666666667,100.0,75.0,66.66666666666666,100.0,1,1,1,1,1,1,0,1,1,1,0,1,1,1,1
DS-0248,Dataverse,Climate Science,2020,10.5061/dataset.20200247,https,Custom-Restricted,free-text,True,True,True,True,True,CF Conventions,9,0.75,0.75,1.0,CSV,Schema.org|ORCID,2,13,100.0,100.0,100.0,100.0,100.0,1,1,1,1,1,1,1,1,1,1,1,1,1,1,1
DS-0249,Zenodo,Chemistry,2022,local-zenodo-2022-0248,ftp,Institutional-Access,free-text,True,True,False,True,True,JCAMP-DX,9,0.75,0.75,1.0,JSON,ChEBI|MeSH|Schema.org,0,21,73.33333333333333,50.0,75.0,66.66666666666666,100.0,0,1,0,1,1,1,0,1,1,1,0,1,1,1,1
DS-0250,Figshare,Neuroscience,2019,local-figshare-2019-0249,web-form,Missing,free-text,False,True,True,True,True,BIDS,6,0.5,0.5,0.5,HDF5|XLSX,UMLS|OBO|ORCID,0,6,40.0,25.0,50.0,66.66666666666666,25.0,0,0,0,1,0,0,1,1,1,1,0,0,0,0,1
DS-0251,Zenodo,Neuroscience,2020,10.5061/dataset.20200250,ftp,Custom-Restricted,free-text,True,True,True,True,False,BIDS,5,0.4166666666666667,0.75,0.0,XLSX,SNOMED CT|ORCID,1,6,66.66666666666666,50.0,100.0,66.66666666666666,50.0,1,0,0,1,1,1,1,1,0,1,1,0,1,1,0
DS-0252,Dryad,Neuroscience,2023,local-dryad-2023-0251,s3,Data-Use-Agreement,free-text,True,True,True,True,True,BIDS,6,0.5,0.75,1.0,HDF5,SNOMED CT|OBO|ORCID,0,8,60.0,25.0,75.0,66.66666666666666,75.0,0,0,0,1,1,0,1,1,1,1,0,0,1,1,1
DS-0253,Figshare,Climate Science,2019,10.1594/dataset.20190252,api,Institutional-Access,Schema.org,False,True,True,True,True,CF Conventions,10,0.8333333333333334,0.5,0.5,CSV|XLSX,Dublin Core|Schema.org,0,10,73.33333333333333,100.0,75.0,66.66666666666666,50.0,1,1,1,1,1,0,1,1,1,1,0,0,1,0,1
DS-0254,PANGAEA,Climate Science,2019,10.6084/dataset.20190253,s3,CC-BY-NC-4.0,Schema.org,True,True,True,True,True,CF Conventions,9,0.75,0.5,1.0,GeoTIFF|JSON,EnvO|Dublin Core|Schema.org|ORCID,2,17,86.66666666666667,100.0,75.0,100.0,75.0,1,1,1,1,1,0,1,1,1,1,1,1,1,0,1
DS-0255,Zenodo,Neuroscience,2023,local-zenodo-2023-0254,api,Apache-2.0,JSON-LD,True,True,True,False,False,BIDS,8,0.6666666666666666,0.75,1.0,CSV,SNOMED CT|OBO|ORCID,1,8,53.333333333333336,25.0,50.0,100.0,50.0,0,0,0,1,1,0,1,0,1,1,1,0,1,1,0
DS-0256,Zenodo,Genomics,2022,10.1594/dataset.20220255,email-request,Apache-2.0,free-text,False,True,True,True,False,MIxS,12,1.0,0.75,1.0,FASTA,EDAM|ORCID,3,21,73.33333333333333,100.0,50.0,100.0,50.0,1,1,1,1,0,0,1,1,1,1,1,0,1,1,0
DS-0257,Dryad,Social Science,2022,10.5281/dataset.20220256,ftp,CC0-1.0,Dublin Core,True,True,False,False,True,DDI,11,0.9166666666666666,1.0,1.0,JSON,Dublin Core|Schema.org|ORCID|DataCite,0,18,80.0,100.0,50.0,66.66666666666666,100.0,1,1,1,1,1,1,0,0,1,1,0,1,1,1,1
DS-0258,Dataverse,Social Science,2021,local-dataverse-2021-0257,https,CC-BY-NC-4.0,JSON-LD,True,True,True,False,False,DDI,8,0.6666666666666666,1.0,1.0,CSV|JSON|TSV,Dublin Core|Schema.org|ORCID|DataCite,2,2,60.0,25.0,75.0,100.0,50.0,0,0,0,1,1,1,1,0,1,1,1,0,1,1,0
DS-0259,Figshare,Imaging,2024,10.5061/dataset.20240258,s3,BSD-3-Clause,free-text,True,True,False,True,True,OME,11,0.9166666666666666,0.75,1.0,OME-TIFF,MeSH|Schema.org|ORCID,0,25,73.33333333333333,75.0,50.0,66.66666666666666,100.0,1,1,0,1,1,0,0,1,1,1,0,1,1,1,1
DS-0260,Zenodo,Neuroscience,2018,10.1594/dataset.20180259,custom-client,Missing,XML,False,True,True,True,False,BIDS,10,0.8333333333333334,0.5,1.0,CSV,,2,8,53.333333333333336,100.0,50.0,66.66666666666666,0.0,1,1,1,1,0,0,1,1,1,0,1,0,0,0,0
DS-0261,Zenodo,Chemistry,2022,10.5281/dataset.20220260,api,Apache-2.0,JSON-LD,False,True,True,True,False,JCAMP-DX,7,0.5833333333333334,0.5,1.0,SDF,ChEBI|MeSH|Schema.org,1,11,66.66666666666666,75.0,75.0,100.0,25.0,1,0,1,1,1,0,1,1,1,1,1,0,1,0,0
DS-0262,Zenodo,Genomics,2023,10.18112/dataset.20230261,https,Institutional-Access,JSON-LD,True,False,True,True,True,MIxS,10,0.8333333333333334,1.0,1.0,BAM|FASTA|FASTQ,Gene Ontology|NCBI Taxonomy|EDAM,0,8,86.66666666666667,75.0,100.0,66.66666666666666,100.0,1,1,1,0,1,1,1,1,1,1,0,1,1,1,1
DS-0263,Figshare,Neuroscience,2022,10.5281/dataset.20220262,https,BSD-3-Clause,free-text,False,True,True,True,False,BIDS,11,0.9166666666666666,1.0,1.0,HDF5,SNOMED CT|UMLS|OBO,1,15,86.66666666666667,100.0,100.0,100.0,50.0,1,1,1,1,1,1,1,1,1,1,1,0,1,1,0
DS-0264,Dryad,Neuroscience,2019,local-dryad-2019-0263,email-request,Institutional-Access,free-text,True,True,False,False,True,BIDS,7,0.5833333333333334,1.0,0.5,CSV|MAT,SNOMED CT|ORCID,0,4,40.0,25.0,0.0,66.66666666666666,75.0,0,0,0,1,0,0,0,0,1,1,0,0,1,1,1
DS-0265,Dryad,Neuroscience,2020,10.1594/dataset.20200264,email-request,CC-BY-NC-4.0,Schema.org,False,True,False,True,True,BIDS,10,0.8333333333333334,0.5,0.5,CSV|XLSX,SNOMED CT|ORCID,0,7,53.333333333333336,75.0,25.0,66.66666666666666,50.0,1,1,0,1,0,0,0,1,1,1,0,0,1,0,1
DS-0266,Dataverse,Social Science,2020,10.5061/dataset.20200265,https,ODC-BY-1.0,DataCite,True,False,True,True,True,DDI,10,0.8333333333333334,0.75,1.0,CSV|JSON,ORCID,0,10,80.0,50.0,100.0,66.66666666666666,100.0,1,1,0,0,1,1,1,1,1,1,0,1,1,1,1
DS-0267,Dryad,Neuroscience,2021,10.1594/dataset.20210266,api,Institutional-Access,free-text,True,True,False,True,False,BIDS,12,1.0,1.0,0.6666666666666666,HDF5|NWB|XLSX,UMLS|OBO|ORCID,0,10,73.33333333333333,100.0,50.0,66.66666666666666,75.0,1,1,1,1,1,0,0,1,1,1,0,1,1,1,0
DS-0268,PANGAEA,Climate Science,2023,10.5281/dataset.20230267,api,CC-BY-4.0,Dublin Core,True,True,True,True,False,CF Conventions,11,0.9166666666666666,1.0,1.0,GeoTIFF|NetCDF,EnvO|Dublin Core|ORCID,2,20,86.66666666666667,100.0,75.0,100.0,75.0,1,1,1,1,1,0,1,1,1,1,1,1,1,1,0
DS-0269,Dataverse,Genomics,2021,10.5281/dataset.20210268,web-form,Data-Use-Agreement,free-text,False,True,True,True,False,MIxS,12,1.0,0.75,1.0,BAM|CSV|HDF5,Gene Ontology|NCBI Taxonomy|EDAM|ORCID,1,20,73.33333333333333,100.0,50.0,100.0,50.0,1,1,1,1,0,0,1,1,1,1,1,0,1,1,0
DS-0270,Dryad,Social Science,2024,10.1594/dataset.20240269,api,ODC-BY-1.0,XML,True,True,False,False,False,DDI,9,0.75,1.0,1.0,CSV|TSV,Dublin Core|Schema.org|ORCID|DataCite,2,17,73.33333333333333,100.0,25.0,100.0,75.0,1,1,1,1,1,0,0,0,1,1,1,1,1,1,0
DS-0271,GEO,Genomics,2024,10.5061/dataset.20240270,globus,CC-BY-NC-4.0,DataCite,True,True,True,False,True,MIxS,9,0.75,1.0,1.0,FASTA,NCBI Taxonomy|ORCID,0,19,80.0,100.0,50.0,66.66666666666666,100.0,1,1,1,1,1,0,1,0,1,1,0,1,1,1,1
DS-0272,Zenodo,Social Science,2022,local-zenodo-2022-0271,https,Data-Use-Agreement,JSON-LD,True,True,True,False,False,DDI,7,0.5833333333333334,0.5,1.0,Parquet,Dublin Core|ORCID|DataCite,0,3,46.666666666666664,25.0,75.0,66.66666666666666,25.0,0,0,0,1,1,1,1,0,1,1,0,0,1,0,0
DS-0273,Zenodo,Chemistry,2024,10.5061/dataset.20240272,s3,Data-Use-Agreement,free-text,True,True,True,True,True,JCAMP-DX,10,0.8333333333333334,0.5,1.0,JSON,ChEBI|MeSH|Schema.org|ORCID,2,8,86.66666666666667,100.0,75.0,100.0,75.0,1,1,1,1,1,0,1,1,1,1,1,1,1,0,1
DS-0274,PANGAEA,Chemistry,2019,local-pangaea-2019-0273,web-form,Apache-2.0,free-text,False,True,False,False,True,JCAMP-DX,8,0.6666666666666666,0.5,0.5,JSON|XLSX,ChEBI|MeSH|Schema.org|ORCID,1,5,40.0,25.0,0.0,100.0,50.0,0,0,0,1,0,0,0,0,1,1,1,0,1,0,1
DS-0275,Zenodo,Social Science,2020,10.1594/dataset.20200274,s3,CC-BY-4.0,free-text,True,True,True,True,False,DDI,8,0.6666666666666666,0.25,0.5,Parquet|SAV,Dublin Core|DataCite,1,8,66.66666666666666,75.0,75.0,100.0,25.0,1,0,1,1,1,0,1,1,1,1,1,0,1,0,0
DS-0276,Figshare,Social Science,2024,10.5281/dataset.20240275,s3,Institutional-Access,Dublin Core,False,True,False,False,False,DDI,9,0.75,0.75,0.6666666666666666,CSV|Parquet|XLSX,Dublin Core,0,7,60.0,100.0,25.0,66.66666666666666,50.0,1,1,1,1,1,0,0,0,1,1,0,0,1,1,0
DS-0277,Figshare,Chemistry,2024,10.6084/dataset.20240276,web-form,Missing,DataCite,True,True,False,False,False,JCAMP-DX,10,0.75,0.75,1.0,SDF,ChEBI|MeSH|ORCID,3,11,53.333333333333336,75.0,0.0,100.0,50.0,1,1,0,1,0,0,0,0,1,1,1,1,0,1,0
DS-0278,Dataverse,Genomics,2022,10.18112/dataset.20220277,https,ODC-BY-1.0,free-text,True,True,False,True,False,MIxS,11,0.9166666666666666,0.75,1.0,TSV,Gene Ontology|EDAM|ORCID,0,18,73.33333333333333,75.0,75.0,66.66666666666666,75.0,1,1,0,1,1,1,0,1,1,1,0,1,1,1,0
DS-0279,Figshare,Neuroscience,2018,10.1594/dataset.20180278,email-request,Missing,DataCite,False,True,True,True,True,BIDS,8,0.5833333333333334,0.75,1.0,HDF5|JSON,SNOMED CT|UMLS|ORCID,1,4,66.66666666666666,75.0,50.0,100.0,50.0,1,0,1,1,0,0,1,1,1,1,1,0,0,1,1
DS-0280,GEO,Social Science,2020,10.6084/dataset.20200279,api,CC-BY-NC-4.0,XML,True,True,False,False,True,DDI,7,0.5833333333333334,0.5,1.0,CSV,,2,8,53.333333333333336,75.0,25.0,66.66666666666666,50.0,1,0,1,1,1,0,0,0,1,0,1,0,1,0,1
DS-0281,Figshare,Genomics,2023,10.5281/dataset.20230280,https,BSD-3-Clause,RDF,True,True,True,True,False,MIxS,12,1.0,0.75,1.0,CSV|HDF5,NCBI Taxonomy,0,31,86.66666666666667,100.0,100.0,66.66666666666666,75.0,1,1,1,1,1,1,1,1,1,1,0,1,1,1,0
DS-0282,Dataverse,Neuroscience,2019,local-dataverse-2019-0281,globus,BSD-3-Clause,Dublin Core,True,True,True,True,True,BIDS,8,0.6666666666666666,0.75,1.0,NWB,UMLS|OBO|ORCID,1,8,66.66666666666666,25.0,75.0,100.0,75.0,0,0,0,1,1,0,1,1,1,1,1,0,1,1,1
DS-0283,GEO,Neuroscience,2021,10.1594/dataset.20210282,globus,Missing,free-text,True,True,False,True,False,BIDS,10,0.75,1.0,1.0,NWB,SNOMED CT|OBO,3,8,73.33333333333333,100.0,50.0,100.0,50.0,1,1,1,1,1,0,0,1,1,1,1,1,0,1,0
DS-0284,GEO,Social Science,2023,10.1594/dataset.20230283,ftps,Missing,free-text,True,True,False,True,False,DDI,12,0.9166666666666666,0.75,0.0,SAV,Dublin Core|ORCID|DataCite,2,7,73.33333333333333,100.0,75.0,66.66666666666666,50.0,1,1,1,1,1,1,0,1,0,1,1,1,0,1,0
DS-0285,GEO,Imaging,2020,10.6084/dataset.20200284,api,ODC-BY-1.0,DataCite,True,False,True,True,False,OME,10,0.8333333333333334,0.75,0.6666666666666666,CSV|CZI|TIFF,MeSH|Schema.org|ORCID,0,13,73.33333333333333,75.0,75.0,66.66666666666666,75.0,1,1,1,0,1,0,1,1,1,1,0,1,1,1,0
DS-0286,GEO,Climate Science,2021,10.1594/dataset.20210285,https,MIT,Schema.org,True,True,True,True,True,CF Conventions,11,0.9166666666666666,0.75,1.0,JSON,EnvO|Dublin Core|Schema.org,3,10,100.0,100.0,100.0,100.0,100.0,1,1,1,1,1,1,1,1,1,1,1,1,1,1,1
DS-0287,Figshare,Chemistry,2020,local-figshare-2020-0286,api,Missing,free-text,True,True,False,False,True,JCAMP-DX,8,0.5833333333333334,0.0,0.6666666666666666,CSV|XLSX|mzML,Schema.org|ORCID,2,5,40.0,25.0,25.0,100.0,25.0,0,0,0,1,1,0,0,0,1,1,1,0,0,0,1
DS-0288,Dataverse,Genomics,2022,10.5281/dataset.20220287,globus,CC0-1.0,free-text,True,True,True,False,True,MIxS,11,0.9166666666666666,0.75,1.0,FASTA|HDF5|TSV,Gene Ontology|ORCID,2,6,86.66666666666667,100.0,50.0,100.0,100.0,1,1,1,1,1,0,1,0,1,1,1,1,1,1,1
DS-0289,Dryad,Imaging,2021,10.5281/dataset.20210288,ftp,MIT,free-text,False,True,False,True,True,OME,9,0.75,0.75,0.0,JPEG,,2,5,66.66666666666666,100.0,75.0,33.33333333333333,50.0,1,1,1,1,1,1,0,1,0,0,1,0,1,1,0
DS-0290,PANGAEA,Genomics,2024,10.5061/dataset.20240289,api,ODbL-1.0,Schema.org,True,True,True,True,True,MIxS,10,0.8333333333333334,1.0,1.0,BAM,Gene Ontology|NCBI Taxonomy|EDAM|ORCID,3,26,93.33333333333333,100.0,75.0,100.0,100.0,1,1,1,1,1,0,1,1,1,1,1,1,1,1,1
DS-0291,Zenodo,Genomics,2022,10.5061/dataset.20220290,api,ODbL-1.0,DataCite,True,False,True,True,True,MIxS,12,1.0,0.75,1.0,TSV,Gene Ontology|NCBI Taxonomy,3,22,86.66666666666667,75.0,75.0,100.0,100.0,1,1,1,0,1,0,1,1,1,1,1,1,1,1,1
DS-0292,PANGAEA,Climate Science,2021,10.18112/dataset.20210291,web-form,Apache-2.0,XML,True,False,True,True,True,CF Conventions,9,0.75,0.75,0.6666666666666666,GeoTIFF|JSON|XLSX,EnvO|Dublin Core|Schema.org|ORCID,1,8,80.0,75.0,50.0,100.0,100.0,1,1,1,0,0,0,1,1,1,1,1,1,1,1,1
DS-0293,Zenodo,Chemistry,2019,local-zenodo-2019-0292,api,CC0-1.0,free-text,True,True,False,True,True,JCAMP-DX,9,0.75,0.5,0.5,CDX|mzML,ChEBI|MeSH|Schema.org|ORCID,0,3,60.0,50.0,50.0,66.66666666666666,75.0,0,1,0,1,1,0,0,1,1,1,0,1,1,0,1
DS-0294,Figshare,Climate Science,2024,local-figshare-2024-0293,web-form,Missing,XML,True,True,False,True,False,CF Conventions,8,0.5833333333333334,1.0,0.0,MAT,EnvO|Dublin Core|Schema.org,1,9,40.0,25.0,25.0,100.0,25.0,0,0,0,1,0,0,0,1,1,1,1,0,0,1,0
DS-0295,Figshare,Climate Science,2022,10.1594/dataset.20220294,api,ODC-BY-1.0,free-text,False,True,False,True,True,CF Conventions,7,0.5833333333333334,0.75,1.0,CSV|GeoTIFF|HDF5,EnvO|Dublin Core|Schema.org|ORCID,1,7,66.66666666666666,50.0,50.0,100.0,75.0,1,0,0,1,1,0,0,1,1,1,1,0,1,1,1
DS-0296,GEO,Social Science,2018,10.1594/dataset.20180295,api,Missing,Schema.org,False,True,True,True,True,DDI,10,0.75,1.0,0.5,CSV|XLSX,Dublin Core|ORCID|DataCite,2,32,80.0,100.0,75.0,100.0,50.0,1,1,1,1,1,0,1,1,1,1,1,0,0,1,1
DS-0297,Zenodo,Neuroscience,2020,10.5061/dataset.20200296,custom-client,Missing,free-text,True,True,False,True,True,BIDS,7,0.5,0.25,1.0,CSV|JSON,UMLS,0,10,40.0,50.0,25.0,66.66666666666666,25.0,1,0,0,1,0,0,0,1,1,1,0,0,0,0,1
DS-0298,Zenodo,Neuroscience,2018,10.6084/dataset.20180297,s3,Missing,JSON-LD,True,True,True,True,True,BIDS,10,0.8333333333333334,0.5,0.0,MAT,UMLS|ORCID,1,17,73.33333333333333,100.0,75.0,100.0,25.0,1,1,1,1,1,0,1,1,1,1,1,1,0,0,0
DS-0299,Dataverse,Imaging,2018,10.5061/dataset.20180298,api,Data-Use-Agreement,free-text,True,True,True,True,True,OME,10,0.8333333333333334,0.75,0.5,CZI|HDF5,MeSH|OBO|Schema.org,2,11,93.33333333333333,100.0,75.0,100.0,100.0,1,1,1,1,1,0,1,1,1,1,1,1,1,1,1
DS-0300,Dryad,Neuroscience,2018,10.18112/dataset.20180299,https,ODC-BY-1.0,Schema.org,True,True,True,True,True,BIDS,10,0.8333333333333334,0.5,1.0,JSON,SNOMED CT|UMLS|OBO,1,17,93.33333333333333,100.0,100.0,100.0,75.0,1,1,1,1,1,1,1,1,1,1,1,1,1,0,1
DS-0301,PANGAEA,Chemistry,2023,10.5281/dataset.20230300,https,CC-BY-NC-4.0,XML,True,True,False,True,True,JCAMP-DX,12,1.0,0.75,1.0,JSON|SDF,ChEBI|MeSH|Schema.org|ORCID,3,19,93.33333333333333,100.0,75.0,100.0,100.0,1,1,1,1,1,1,0,1,1,1,1,1,1,1,1
DS-0302,Figshare,Climate Science,2024,10.18112/dataset.20240301,api,Data-Use-Agreement,free-text,True,True,False,False,True,CF Conventions,12,1.0,0.5,0.6666666666666666,GeoTIFF|JSON|XLSX,EnvO|Dublin Core|ORCID,1,8,73.33333333333333,100.0,25.0,100.0,75.0,1,1,1,1,1,0,0,0,1,1,1,1,1,0,1
DS-0303,Dryad,Social Science,2020,10.1594/dataset.20200302,https,CC-BY-NC-4.0,free-text,True,True,True,False,True,DDI,8,0.6666666666666666,0.25,0.0,XLSX,Dublin Core|Schema.org|ORCID|DataCite,0,7,53.333333333333336,75.0,75.0,33.33333333333333,25.0,1,0,1,1,1,1,1,0,0,1,0,0,1,0,0
DS-0304,Zenodo,Genomics,2019,10.5061/dataset.20190303,web-form,CC0-1.0,free-text,True,True,False,True,True,MIxS,3,0.25,0.75,1.0,TSV,Gene Ontology|NCBI Taxonomy|EDAM|ORCID,0,7,53.333333333333336,50.0,25.0,66.66666666666666,75.0,1,0,0,1,0,0,0,1,1,1,0,0,1,1,1
DS-0305,Zenodo,Imaging,2019,local-zenodo-2019-0304,globus,BSD-3-Clause,Dublin Core,True,True,True,False,True,OME,8,0.6666666666666666,1.0,1.0,CSV|HDF5,MeSH|OBO|Schema.org|ORCID,0,10,53.333333333333336,25.0,50.0,66.66666666666666,75.0,0,0,0,1,1,0,1,0,1,1,0,0,1,1,1
DS-0306,Figshare,Chemistry,2019,10.6084/dataset.20190305,email-request,ODC-BY-1.0,Dublin Core,False,True,False,True,True,JCAMP-DX,8,0.6666666666666666,0.25,0.5,JSON|XLSX,ChEBI|Schema.org,0,3,53.333333333333336,75.0,25.0,66.66666666666666,50.0,1,0,1,1,0,0,0,1,1,1,0,0,1,0,1
DS-0307,Zenodo,Genomics,2019,10.18112/dataset.20190306,s3,CC-BY-NC-4.0,RDF,True,True,True,True,False,MIxS,10,0.8333333333333334,0.75,1.0,BAM|FASTA,NCBI Taxonomy|EDAM|ORCID,1,10,86.66666666666667,100.0,75.0,100.0,75.0,1,1,1,1,1,0,1,1,1,1,1,1,1,1,0
DS-0308,GEO,Imaging,2022,10.1594/dataset.20220307,https,BSD-3-Clause,DataCite,False,True,True,True,False,OME,10,0.8333333333333334,0.5,0.0,CZI,MeSH|OBO|ORCID,0,3,73.33333333333333,100.0,100.0,66.66666666666666,25.0,1,1,1,1,1,1,1,1,1,1,0,0,1,0,0
DS-0309,Zenodo,Neuroscience,2024,10.6084/dataset.20240308,https,CC0-1.0,free-text,False,True,True,True,True,BIDS,11,0.9166666666666666,0.75,0.6666666666666666,CSV|HDF5|MAT,SNOMED CT|UMLS|ORCID,3,22,93.33333333333333,100.0,100.0,100.0,75.0,1,1,1,1,1,1,1,1,1,1,1,0,1,1,1
DS-0310,Dryad,Neuroscience,2022,10.5061/dataset.20220309,s3,Institutional-Access,free-text,True,False,True,True,False,BIDS,10,0.8333333333333334,0.75,0.0,XLSX,SNOMED CT|UMLS|ORCID,1,18,73.33333333333333,75.0,75.0,66.66666666666666,75.0,1,1,1,0,1,0,1,1,0,1,1,1,1,1,0
DS-0311,Zenodo,Climate Science,2023,10.1594/dataset.20230310,ftp,Apache-2.0,RDF,True,False,False,True,False,CF Conventions,10,0.8333333333333334,0.75,1.0,NetCDF,EnvO|Schema.org,1,7,80.0,75.0,75.0,100.0,75.0,1,1,1,0,1,1,0,1,1,1,1,1,1,1,0
DS-0312,Zenodo,Genomics,2024,10.5061/dataset.20240311,api,MIT,DataCite,True,True,True,False,True,MIxS,12,1.0,1.0,1.0,BAM|FASTQ,Gene Ontology|NCBI Taxonomy|EDAM|ORCID,0,8,80.0,100.0,50.0,66.66666666666666,100.0,1,1,1,1,1,0,1,0,1,1,0,1,1,1,1
DS-0313,Zenodo,Imaging,2018,local-zenodo-2018-0312,email-request,Missing,free-text,False,False,True,True,False,OME,5,0.3333333333333333,0.25,1.0,JSON,,1,4,26.666666666666668,0.0,50.0,66.66666666666666,0.0,0,0,0,0,0,0,1,1,1,0,1,0,0,0,0
DS-0314,Dryad,Imaging,2020,10.18112/dataset.20200313,globus,Apache-2.0,Dublin Core,True,True,True,True,True,OME,9,0.75,0.75,0.5,CZI|JSON,MeSH|ORCID,1,29,93.33333333333333,100.0,75.0,100.0,100.0,1,1,1,1,1,0,1,1,1,1,1,1,1,1,1
DS-0315,Dataverse,Imaging,2020,10.1594/dataset.20200314,ftp,Data-Use-Agreement,RDF,True,True,False,True,True,OME,7,0.5833333333333334,0.75,0.0,CZI,MeSH|Schema.org|ORCID,1,5,73.33333333333333,75.0,75.0,100.0,50.0,1,0,1,1,1,1,0,1,1,1,1,0,1,1,0
DS-0316,GEO,Imaging,2021,10.6084/dataset.20210315,https,MIT,free-text,True,True,False,True,True,OME,10,0.8333333333333334,1.0,1.0,CSV|JSON|OME-TIFF,MeSH|OBO|Schema.org|ORCID,2,33,93.33333333333333,100.0,75.0,100.0,100.0,1,1,1,1,1,1,0,1,1,1,1,1,1,1,1
DS-0317,PANGAEA,Neuroscience,2024,10.5061/dataset.20240316,web-form,Missing,JSON-LD,True,False,False,True,True,BIDS,11,0.8333333333333334,1.0,0.5,NWB|XLSX,SNOMED CT|UMLS|OBO|ORCID,1,20,66.66666666666666,75.0,25.0,100.0,75.0,1,1,1,0,0,0,0,1,1,1,1,1,0,1,1
DS-0318,Dryad,Chemistry,2024,10.6084/dataset.20240317,https,ODbL-1.0,free-text,True,True,False,True,True,JCAMP-DX,12,1.0,0.75,1.0,CSV,ChEBI|MeSH|ORCID,0,14,86.66666666666667,100.0,75.0,66.66666666666666,100.0,1,1,1,1,1,1,0,1,1,1,0,1,1,1,1
DS-0319,GEO,Neuroscience,2023,10.18112/dataset.20230318,https,Institutional-Access,free-text,True,True,True,True,True,BIDS,10,0.8333333333333334,1.0,1.0,NWB,UMLS|OBO,0,34,93.33333333333333,100.0,100.0,66.66666666666666,100.0,1,1,1,1,1,1,1,1,1,1,0,1,1,1,1
DS-0320,Dryad,Genomics,2023,10.5061/dataset.20230319,s3,Data-Use-Agreement,Dublin Core,True,True,True,True,True,MIxS,11,0.9166666666666666,1.0,1.0,CSV|TSV,Gene Ontology|NCBI Taxonomy|EDAM|ORCID,2,31,93.33333333333333,100.0,75.0,100.0,100.0,1,1,1,1,1,0,1,1,1,1,1,1,1,1,1
DS-0321,Dryad,Neuroscience,2023,10.6084/dataset.20230320,https,BSD-3-Clause,free-text,True,True,True,True,False,BIDS,10,0.8333333333333334,1.0,1.0,HDF5|JSON,OBO,3,11,93.33333333333333,100.0,100.0,100.0,75.0,1,1,1,1,1,1,1,1,1,1,1,1,1,1,0
DS-0322,Zenodo,Social Science,2020,10.6084/dataset.20200321,s3,CC-BY-4.0,Schema.org,True,True,True,True,False,DDI,6,0.5,0.5,1.0,CSV|Parquet,ORCID|DataCite,0,14,53.333333333333336,50.0,75.0,66.66666666666666,25.0,1,0,0,1,1,0,1,1,1,1,0,0,1,0,0
DS-0323,Zenodo,Imaging,2018,10.5281/dataset.20180322,https,Missing,JSON-LD,False,True,False,True,False,OME,6,0.5,0.25,0.5,JPEG|JSON,ORCID,1,13,60.0,75.0,75.0,100.0,0.0,1,0,1,1,1,1,0,1,1,1,1,0,0,0,0
DS-0324,Dataverse,Climate Science,2023,10.18112/dataset.20230323,https,CC0-1.0,Schema.org,True,True,False,True,True,CF Conventions,10,0.8333333333333334,1.0,1.0,CSV,Schema.org,1,25,93.33333333333333,100.0,75.0,100.0,100.0,1,1,1,1,1,1,0,1,1,1,1,1,1,1,1
DS-0325,PANGAEA,Neuroscience,2019,local-pangaea-2019-0324,https,ODbL-1.0,Dublin Core,True,True,False,False,True,BIDS,8,0.6666666666666666,0.5,0.6666666666666666,CSV|MAT|NWB,SNOMED CT|UMLS|OBO|ORCID,0,19,46.666666666666664,25.0,50.0,66.66666666666666,50.0,0,0,0,1,1,1,0,0,1,1,0,0,1,0,1
DS-0326,Dataverse,Climate Science,2023,10.1594/dataset.20230325,ftp,Data-Use-Agreement,Dublin Core,True,True,True,False,False,CF Conventions,9,0.75,0.75,1.0,JSON,EnvO|Dublin Core|ORCID,1,7,86.66666666666667,100.0,75.0,100.0,75.0,1,1,1,1,1,1,1,0,1,1,1,1,1,1,0
DS-0327,PANGAEA,Imaging,2020,local-pangaea-2020-0326,https,CC0-1.0,RDF,True,True,True,True,True,OME,7,0.5833333333333334,0.75,1.0,HDF5,MeSH|ORCID,0,6,66.66666666666666,25.0,100.0,66.66666666666666,75.0,0,0,0,1,1,1,1,1,1,1,0,0,1,1,1
DS-0328,Figshare,Social Science,2020,local-figshare-2020-0327,globus,Missing,free-text,False,True,False,True,False,DDI,7,0.5833333333333334,0.75,0.5,TSV|XLSX,,0,2,33.33333333333333,25.0,50.0,33.33333333333333,25.0,0,0,0,1,1,0,0,1,1,0,0,0,0,1,0
DS-0329,Zenodo,Imaging,2023,10.1594/dataset.20230328,web-form,MIT,Dublin Core,False,True,False,False,True,OME,11,0.9166666666666666,0.75,0.5,CSV|LIF,Schema.org|ORCID,0,6,60.0,100.0,0.0,66.66666666666666,75.0,1,1,1,1,0,0,0,0,1,1,0,0,1,1,1
DS-0330,Figshare,Chemistry,2020,local-figshare-2020-0329,ftp,Missing,free-text,False,True,True,True,False,JCAMP-DX,6,0.5,0.5,0.5,JSON|XLSX,ORCID,1,4,53.333333333333336,25.0,100.0,100.0,0.0,0,0,0,1,1,1,1,1,1,1,1,0,0,0,0
DS-0331,Zenodo,Genomics,2019,local-zenodo-2019-0330,s3,BSD-3-Clause,Dublin Core,True,False,False,True,False,MIxS,7,0.5833333333333334,0.5,0.5,CSV|DOCX,NCBI Taxonomy,0,9,33.33333333333333,0.0,50.0,66.66666666666666,25.0,0,0,0,0,1,0,0,1,1,1,0,0,1,0,0
DS-0332,Dataverse,Climate Science,2020,local-dataverse-2020-0331,ftp,Missing,XML,False,True,True,True,True,CF Conventions,8,0.5833333333333334,1.0,0.0,MAT,,0,3,46.666666666666664,25.0,100.0,33.33333333333333,25.0,0,0,0,1,1,1,1,1,1,0,0,0,0,1,0
DS-0333,Dryad,Imaging,2018,local-dryad-2018-0332,custom-client,Missing,free-text,False,False,True,False,False,OME,9,0.75,0.25,1.0,CSV|JSON,MeSH|Schema.org|ORCID,2,8,33.33333333333333,25.0,25.0,100.0,0.0,0,1,0,0,0,0,1,0,1,1,1,0,0,0,0
DS-0334,Dataverse,Chemistry,2023,10.6084/dataset.20230333,s3,CC-BY-4.0,free-text,False,True,False,True,True,JCAMP-DX,10,0.8333333333333334,0.75,1.0,SDF|mzML,MeSH|Schema.org|ORCID,2,5,80.0,100.0,50.0,100.0,75.0,1,1,1,1,1,0,0,1,1,1,1,0,1,1,1
DS-0335,Zenodo,Neuroscience,2020,10.5281/dataset.20200334,s3,CC-BY-4.0,RDF,False,True,False,True,False,BIDS,12,1.0,0.75,0.5,NWB|XLSX,SNOMED CT|UMLS|ORCID,0,12,66.66666666666666,100.0,50.0,66.66666666666666,50.0,1,1,1,1,1,0,0,1,1,1,0,0,1,1,0
DS-0336,GEO,Climate Science,2022,10.1594/dataset.20220335,s3,Missing,free-text,True,True,True,False,False,CF Conventions,11,0.8333333333333334,0.75,1.0,CSV|HDF5,EnvO|Schema.org|ORCID,0,5,66.66666666666666,100.0,50.0,66.66666666666666,50.0,1,1,1,1,1,0,1,0,1,1,0,1,0,1,0
DS-0337,GEO,Imaging,2023,10.18112/dataset.20230336,ftp,ODC-BY-1.0,Dublin Core,True,True,True,True,True,OME,6,0.5,1.0,0.0,LIF,MeSH|OBO|Schema.org|ORCID,1,23,80.0,75.0,100.0,100.0,50.0,1,0,1,1,1,1,1,1,1,1,1,0,1,1,0
DS-0338,PANGAEA,Genomics,2023,10.5061/dataset.20230337,https,Apache-2.0,Dublin Core,True,True,True,True,True,MIxS,8,0.6666666666666666,0.75,1.0,CSV|HDF5,NCBI Taxonomy|EDAM|ORCID,2,10,86.66666666666667,75.0,100.0,100.0,75.0,1,0,1,1,1,1,1,1,1,1,1,0,1,1,1
DS-0339,Figshare,Neuroscience,2024,local-figshare-2024-0338,https,CC0-1.0,DataCite,True,True,True,True,True,BIDS,11,0.9166666666666666,1.0,1.0,HDF5|JSON,SNOMED CT|UMLS|OBO|ORCID,1,11,86.66666666666667,50.0,100.0,100.0,100.0,0,1,0,1,1,1,1,1,1,1,1,1,1,1,1
DS-0340,Dataverse,Climate Science,2022,local-dataverse-2022-0339,globus,Custom-Restricted,RDF,False,True,True,True,True,CF Conventions,8,0.6666666666666666,0.75,0.5,JSON|MAT,Dublin Core|ORCID,2,21,66.66666666666666,25.0,75.0,100.0,75.0,0,0,0,1,1,0,1,1,1,1,1,0,1,1,1
DS-0341,Figshare,Imaging,2018,10.6084/dataset.20180340,https,ODC-BY-1.0,XML,True,True,False,False,True,OME,7,0.5833333333333334,0.5,1.0,OME-TIFF,MeSH|Schema.org,1,15,66.66666666666666,75.0,50.0,100.0,50.0,1,0,1,1,1,1,0,0,1,1,1,0,1,0,1
DS-0342,GEO,Social Science,2023,10.5061/dataset.20230341,s3,CC0-1.0,RDF,True,False,True,True,False,DDI,8,0.6666666666666666,0.25,0.5,Parquet|SAV,Dublin Core|ORCID,1,9,53.333333333333336,25.0,75.0,100.0,25.0,1,0,0,0,1,0,1,1,1,1,1,0,1,0,0
DS-0343,Dryad,Chemistry,2018,10.5281/dataset.20180342,globus,Apache-2.0,JSON-LD,True,True,True,True,True,JCAMP-DX,8,0.6666666666666666,0.75,0.3333333333333333,CDX|JSON|XLSX,ChEBI|Schema.org|ORCID,1,9,73.33333333333333,75.0,75.0,100.0,50.0,1,0,1,1,1,0,1,1,1,1,1,0,1,1,0
DS-0344,GEO,Imaging,2024,10.18112/dataset.20240343,s3,Institutional-Access,RDF,True,True,False,True,True,OME,11,0.9166666666666666,1.0,1.0,HDF5|TIFF,OBO|Schema.org|ORCID,0,21,80.0,100.0,50.0,66.66666666666666,100.0,1,1,1,1,1,0,0,1,1,1,0,1,1,1,1
DS-0345,Figshare,Climate Science,2018,10.5061/dataset.20180344,globus,ODbL-1.0,free-text,True,True,False,True,True,CF Conventions,10,0.8333333333333334,0.75,1.0,GeoTIFF|NetCDF,Dublin Core|Schema.org,2,7,86.66666666666667,100.0,50.0,100.0,100.0,1,1,1,1,1,0,0,1,1,1,1,1,1,1,1
DS-0346,GEO,Social Science,2020,local-geo-2020-0345,ftps,CC-BY-4.0,JSON-LD,True,True,True,False,True,DDI,6,0.5,0.75,1.0,CSV|JSON|TSV,Dublin Core|Schema.org|ORCID,3,8,66.66666666666666,25.0,75.0,100.0,75.0,0,0,0,1,1,1,1,0,1,1,1,0,1,1,1
DS-0347,Zenodo,Genomics,2022,10.18112/dataset.20220346,api,CC-BY-4.0,RDF,False,True,False,True,True,MIxS,10,0.8333333333333334,0.75,0.0,XLSX,Gene Ontology|ORCID,2,12,73.33333333333333,100.0,50.0,100.0,50.0,1,1,1,1,1,0,0,1,1,1,1,0,1,1,0
DS-0348,Dataverse,Chemistry,2018,local-dataverse-2018-0347,https,Missing,JSON-LD,True,False,False,True,False,JCAMP-DX,7,0.5833333333333334,1.0,1.0,mzML,ChEBI|MeSH|ORCID,1,8,46.666666666666664,0.0,75.0,100.0,25.0,0,0,0,0,1,1,0,1,1,1,1,0,0,1,0
DS-0349,PANGAEA,Genomics,2024,10.6084/dataset.20240348,s3,CC0-1.0,free-text,True,True,False,True,True,MIxS,12,1.0,1.0,1.0,BAM|FASTA|TSV,NCBI Taxonomy|EDAM|ORCID,1,9,86.66666666666667,100.0,50.0,100.0,100.0,1,1,1,1,1,0,0,1,1,1,1,1,1,1,1
DS-0350,Zenodo,Imaging,2024,10.18112/dataset.20240349,https,ODC-BY-1.0,DataCite,True,True,False,True,True,OME,10,0.8333333333333334,1.0,0.0,JPEG,MeSH|OBO|Schema.org|ORCID,3,15,86.66666666666667,100.0,75.0,100.0,75.0,1,1,1,1,1,1,0,1,1,1,1,1,1,1,0
DS-0351,Dryad,Neuroscience,2021,10.5281/dataset.20210350,s3,Missing,free-text,True,True,True,True,False,BIDS,8,0.5833333333333334,0.5,1.0,HDF5,UMLS|OBO|ORCID,0,3,46.666666666666664,50.0,75.0,66.66666666666666,0.0,1,0,0,1,1,0,1,1,1,1,0,0,0,0,0
DS-0352,PANGAEA,Chemistry,2019,10.5061/dataset.20190351,globus,CC0-1.0,XML,True,True,True,False,True,JCAMP-DX,11,0.9166666666666666,0.75,0.5,CDX|JSON,MeSH,1,7,86.66666666666667,100.0,50.0,100.0,100.0,1,1,1,1,1,0,1,0,1,1,1,1,1,1,1
DS-0353,Figshare,Social Science,2021,10.18112/dataset.20210352,web-form,Custom-Restricted,Dublin Core,True,False,True,True,False,DDI,10,0.8333333333333334,0.75,1.0,TSV,Dublin Core|ORCID|DataCite,2,13,73.33333333333333,75.0,50.0,100.0,75.0,1,1,1,0,0,0,1,1,1,1,1,1,1,1,0
DS-0354,Dryad,Social Science,2022,local-dryad-2022-0353,https,ODC-BY-1.0,RDF,True,False,True,False,False,DDI,8,0.6666666666666666,1.0,1.0,JSON,Dublin Core|Schema.org|ORCID|DataCite,2,6,53.333333333333336,0.0,75.0,100.0,50.0,0,0,0,0,1,1,1,0,1,1,1,0,1,1,0
DS-0355,Dataverse,Chemistry,2022,10.5061/dataset.20220354,globus,ODC-BY-1.0,Schema.org,True,False,True,True,False,JCAMP-DX,7,0.5833333333333334,0.75,0.5,CDX|mzML,,0,3,53.333333333333336,50.0,75.0,33.33333333333333,50.0,1,0,1,0,1,0,1,1,1,0,0,0,1,1,0
DS-0356,Zenodo,Chemistry,2018,10.5281/dataset.20180355,custom-client,MIT,free-text,True,False,True,False,True,JCAMP-DX,8,0.6666666666666666,0.5,0.5,CDX|SDF,ChEBI|Schema.org|ORCID,1,6,53.333333333333336,50.0,25.0,100.0,50.0,1,0,1,0,0,0,1,0,1,1,1,0,1,0,1
DS-0357,GEO,Climate Science,2022,10.18112/dataset.20220356,https,Custom-Restricted,free-text,True,True,False,True,True,CF Conventions,11,0.9166666666666666,0.5,1.0,CSV|GeoTIFF,EnvO|Dublin Core|Schema.org|ORCID,3,6,86.66666666666667,100.0,75.0,100.0,75.0,1,1,1,1,1,1,0,1,1,1,1,1,1,0,1
DS-0358,GEO,Genomics,2021,10.5281/dataset.20210357,api,MIT,free-text,True,True,False,True,True,MIxS,12,1.0,0.75,0.6666666666666666,DOCX|FASTQ|TSV,Gene Ontology|NCBI Taxonomy|EDAM,0,17,80.0,100.0,50.0,66.66666666666666,100.0,1,1,1,1,1,0,0,1,1,1,0,1,1,1,1
DS-0359,Zenodo,Neuroscience,2023,local-zenodo-2023-0358,custom-client,Missing,free-text,False,True,True,True,False,BIDS,6,0.5,0.5,0.0,XLSX,SNOMED CT|OBO|ORCID,0,4,26.666666666666668,25.0,50.0,33.33333333333333,0.0,0,0,0,1,0,0,1,1,0,1,0,0,0,0,0
DS-0360,PANGAEA,Social Science,2021,10.5281/dataset.20210359,ftps,MIT,XML,False,True,False,True,True,DDI,8,0.6666666666666666,0.0,1.0,JSON|Parquet,Dublin Core|Schema.org|ORCID|DataCite,1,9,73.33333333333333,75.0,75.0,100.0,50.0,1,0,1,1,1,1,0,1,1,1,1,0,1,0,1
DS-0361,Zenodo,Imaging,2018,local-zenodo-2018-0360,custom-client,CC-BY-4.0,free-text,True,True,True,False,True,OME,6,0.5,0.25,0.0,CZI|JPEG,MeSH|Schema.org,1,8,33.33333333333333,25.0,25.0,66.66666666666666,25.0,0,0,0,1,0,0,1,0,0,1,1,0,1,0,0
DS-0362,GEO,Neuroscience,2018,10.5281/dataset.20180361,web-form,Missing,JSON-LD,False,True,False,True,False,BIDS,9,0.6666666666666666,0.75,0.0,MAT|XLSX,SNOMED CT|OBO|ORCID,1,3,46.666666666666664,50.0,25.0,100.0,25.0,1,0,0,1,0,0,0,1,1,1,1,0,0,1,0
DS-0363,Dryad,Neuroscience,2018,10.5281/dataset.20180362,api,CC-BY-NC-4.0,free-text,False,True,False,True,False,BIDS,8,0.6666666666666666,0.5,0.5,NWB|XLSX,SNOMED CT,1,9,53.333333333333336,50.0,50.0,100.0,25.0,1,0,0,1,1,0,0,1,1,1,1,0,1,0,0
DS-0364,Dryad,Chemistry,2023,10.5061/dataset.20230363,web-form,ODbL-1.0,free-text,True,True,True,False,False,JCAMP-DX,10,0.8333333333333334,0.5,0.0,XLSX,ChEBI|ORCID,2,5,53.333333333333336,75.0,25.0,66.66666666666666,50.0,1,1,0,1,0,0,1,0,0,1,1,1,1,0,0
DS-0365,Zenodo,Social Science,2020,local-zenodo-2020-0364,email-request,ODbL-1.0,XML,True,True,False,False,False,DDI,9,0.75,0.25,0.6666666666666666,CSV|DTA|Parquet,Schema.org|ORCID,1,12,46.666666666666664,50.0,0.0,100.0,50.0,0,1,0,1,0,0,0,0,1,1,1,1,1,0,0
DS-0366,GEO,Genomics,2018,10.5281/dataset.20180365,https,Custom-Restricted,RDF,False,True,True,False,False,MIxS,10,0.8333333333333334,1.0,1.0,CSV,Gene Ontology|NCBI Taxonomy|ORCID,2,6,80.0,100.0,75.0,100.0,50.0,1,1,1,1,1,1,1,0,1,1,1,0,1,1,0
DS-0367,Figshare,Genomics,2022,10.5281/dataset.20220366,email-request,Data-Use-Agreement,free-text,True,True,False,False,False,MIxS,9,0.75,1.0,1.0,TSV,Gene Ontology|NCBI Taxonomy|EDAM,0,9,60.0,100.0,0.0,66.66666666666666,75.0,1,1,1,1,0,0,0,0,1,1,0,1,1,1,0
DS-0368,Zenodo,Imaging,2020,local-zenodo-2020-0367,s3,MIT,RDF,True,False,False,False,True,OME,8,0.6666666666666666,0.75,0.6666666666666666,CZI|JSON|TIFF,OBO|Schema.org|ORCID,2,1,46.666666666666664,0.0,25.0,100.0,75.0,0,0,0,0,1,0,0,0,1,1,1,0,1,1,1
DS-0369,Zenodo,Imaging,2023,local-zenodo-2023-0368,ftp,Custom-Restricted,Schema.org,True,True,False,True,True,OME,8,0.6666666666666666,1.0,1.0,JSON|OME-TIFF,MeSH|ORCID,2,2,66.66666666666666,25.0,75.0,100.0,75.0,0,0,0,1,1,1,0,1,1,1,1,0,1,1,1
DS-0370,GEO,Imaging,2021,10.5281/dataset.20210369,https,CC-BY-NC-4.0,free-text,True,True,False,True,True,OME,10,0.8333333333333334,0.5,0.5,CZI|HDF5,MeSH|Schema.org|ORCID,1,9,86.66666666666667,100.0,75.0,100.0,75.0,1,1,1,1,1,1,0,1,1,1,1,1,1,0,1
DS-0371,Figshare,Genomics,2018,10.5061/dataset.20180370,ftp,CC-BY-NC-4.0,RDF,True,True,False,True,True,MIxS,8,0.6666666666666666,0.5,0.0,DOCX,NCBI Taxonomy|ORCID,1,7,60.0,50.0,75.0,100.0,25.0,1,0,0,1,1,1,0,1,1,1,1,0,1,0,0
DS-0372,Figshare,Climate Science,2024,10.5281/dataset.20240371,https,BSD-3-Clause,Dublin Core,True,False,False,True,True,CF Conventions,8,0.6666666666666666,1.0,1.0,GeoTIFF|HDF5,EnvO|Dublin Core|Schema.org|ORCID,2,18,73.33333333333333,50.0,75.0,100.0,75.0,1,0,1,0,1,1,0,1,1,1,1,0,1,1,1
DS-0373,Dataverse,Chemistry,2018,10.6084/dataset.20180372,https,BSD-3-Clause,RDF,True,True,False,True,True,JCAMP-DX,7,0.5833333333333334,0.5,1.0,CSV,MeSH|Schema.org,2,10,66.66666666666666,50.0,75.0,100.0,50.0,1,0,0,1,1,1,0,1,1,1,1,0,1,0,1
DS-0374,GEO,Neuroscience,2020,local-geo-2020-0373,web-form,MIT,free-text,True,False,False,True,True,BIDS,10,0.8333333333333334,0.75,0.0,MAT,SNOMED CT|UMLS,0,3,40.0,25.0,25.0,33.33333333333333,75.0,0,1,0,0,0,0,0,1,0,1,0,1,1,1,0
DS-0375,GEO,Climate Science,2020,10.18112/dataset.20200374,ftps,Institutional-Access,free-text,False,True,False,True,False,CF Conventions,10,0.8333333333333334,0.75,1.0,GeoTIFF|JSON|NetCDF,Dublin Core|Schema.org|ORCID,1,18,80.0,100.0,75.0,100.0,50.0,1,1,1,1,1,1,0,1,1,1,1,0,1,1,0
DS-0376,Dryad,Neuroscience,2023,10.1594/dataset.20230375,api,BSD-3-Clause,free-text,False,True,False,True,True,BIDS,8,0.6666666666666666,0.75,1.0,HDF5|JSON,SNOMED CT|UMLS|OBO|ORCID,0,6,60.0,50.0,50.0,66.66666666666666,75.0,1,0,0,1,1,0,0,1,1,1,0,0,1,1,1
DS-0377,Zenodo,Climate Science,2024,10.18112/dataset.20240376,https,CC0-1.0,XML,False,True,False,False,True,CF Conventions,11,0.9166666666666666,0.75,1.0,CSV|GeoTIFF,Schema.org|ORCID,0,7,73.33333333333333,100.0,50.0,66.66666666666666,75.0,1,1,1,1,1,1,0,0,1,1,0,0,1,1,1
DS-0378,Dryad,Imaging,2023,10.1594/dataset.20230377,s3,Apache-2.0,RDF,False,False,False,True,False,OME,10,0.8333333333333334,0.5,0.0,JPEG,MeSH|OBO|Schema.org|ORCID,1,3,60.0,75.0,50.0,100.0,25.0,1,1,1,0,1,0,0,1,1,1,1,0,1,0,0
DS-0379,Zenodo,Neuroscience,2021,10.18112/dataset.20210378,ftp,BSD-3-Clause,free-text,False,True,True,True,True,BIDS,9,0.75,1.0,0.5,CSV|XLSX,ORCID,0,14,86.66666666666667,100.0,100.0,66.66666666666666,75.0,1,1,1,1,1,1,1,1,1,1,0,0,1,1,1
DS-0380,Figshare,Social Science,2018,10.6084/dataset.20180379,ftp,CC-BY-NC-4.0,DataCite,True,False,True,False,True,DDI,8,0.6666666666666666,1.0,1.0,JSON|Parquet,Dublin Core|ORCID|DataCite,0,12,66.66666666666666,50.0,75.0,66.66666666666666,75.0,1,0,1,0,1,1,1,0,1,1,0,0,1,1,1
DS-0381,GEO,Genomics,2022,10.5281/dataset.20220380,ftp,Data-Use-Agreement,Schema.org,True,True,True,True,False,MIxS,12,1.0,1.0,1.0,CSV|HDF5|TSV,Gene Ontology|NCBI Taxonomy|EDAM|ORCID,3,25,93.33333333333333,100.0,100.0,100.0,75.0,1,1,1,1,1,1,1,1,1,1,1,1,1,1,0
DS-0382,Figshare,Social Science,2022,local-figshare-2022-0381,ftp,Missing,JSON-LD,False,True,True,True,False,DDI,8,0.5833333333333334,0.5,1.0,JSON|Parquet|TSV,Schema.org|ORCID|DataCite,1,6,53.333333333333336,25.0,100.0,100.0,0.0,0,0,0,1,1,1,1,1,1,1,1,0,0,0,0
DS-0383,Dataverse,Neuroscience,2022,10.5061/dataset.20220382,ftp,CC-BY-NC-4.0,free-text,True,False,False,True,True,BIDS,12,1.0,0.25,1.0,HDF5,SNOMED CT|UMLS|OBO|ORCID,3,7,80.0,75.0,75.0,100.0,75.0,1,1,1,0,1,1,0,1,1,1,1,1,1,0,1
DS-0384,GEO,Imaging,2021,10.18112/dataset.20210383,ftps,Missing,JSON-LD,True,True,False,True,False,OME,9,0.6666666666666666,0.5,1.0,CSV,MeSH|OBO|Schema.org,0,4,53.333333333333336,75.0,75.0,66.66666666666666,0.0,1,0,1,1,1,1,0,1,1,1,0,0,0,0,0
DS-0385,Dataverse,Neuroscience,2022,10.1594/dataset.20220384,s3,Missing,JSON-LD,True,True,True,True,True,BIDS,12,0.9166666666666666,0.75,0.5,JSON|XLSX,UMLS|OBO|ORCID,1,20,86.66666666666667,100.0,75.0,100.0,75.0,1,1,1,1,1,0,1,1,1,1,1,1,0,1,1
DS-0386,Figshare,Social Science,2023,local-figshare-2023-0385,ftp,Institutional-Access,RDF,False,False,False,False,False,DDI,9,0.75,0.75,0.6666666666666666,CSV|Parquet|XLSX,Dublin Core|Schema.org|ORCID|DataCite,1,8,53.333333333333336,25.0,50.0,100.0,50.0,0,1,0,0,1,1,0,0,1,1,1,0,1,1,0
DS-0387,GEO,Genomics,2023,10.6084/dataset.20230386,ftp,CC-BY-4.0,Schema.org,True,True,True,True,True,MIxS,9,0.75,1.0,1.0,FASTQ|TSV,ORCID,0,10,93.33333333333333,100.0,100.0,66.66666666666666,100.0,1,1,1,1,1,1,1,1,1,1,0,1,1,1,1
DS-0388,PANGAEA,Chemistry,2022,10.5061/dataset.20220387,s3,Apache-2.0,Schema.org,True,True,False,True,True,JCAMP-DX,10,0.8333333333333334,0.75,1.0,JSON,ChEBI|Schema.org|ORCID,1,9,86.66666666666667,100.0,50.0,100.0,100.0,1,1,1,1,1,0,0,1,1,1,1,1,1,1,1
DS-0389,Dataverse,Neuroscience,2024,10.5061/dataset.20240388,email-request,BSD-3-Clause,Dublin Core,True,True,False,True,False,BIDS,9,0.75,1.0,0.0,XLSX,SNOMED CT|OBO|ORCID,0,9,60.0,75.0,25.0,66.66666666666666,75.0,1,1,0,1,0,0,0,1,1,1,0,1,1,1,0
DS-0390,PANGAEA,Chemistry,2019,local-pangaea-2019-0389,email-request,Custom-Restricted,RDF,True,False,False,True,True,JCAMP-DX,8,0.6666666666666666,0.75,1.0,JSON|mzML,ChEBI|Schema.org,0,5,40.0,0.0,25.0,66.66666666666666,75.0,0,0,0,0,0,0,0,1,1,1,0,0,1,1,1
DS-0391,PANGAEA,Imaging,2018,10.1594/dataset.20180390,api,Missing,free-text,True,True,False,True,False,OME,9,0.6666666666666666,1.0,1.0,TIFF,OBO|Schema.org,2,9,60.0,75.0,50.0,100.0,25.0,1,0,1,1,1,0,0,1,1,1,1,0,0,1,0
DS-0392,Dataverse,Imaging,2018,local-dataverse-2018-0391,api,ODC-BY-1.0,RDF,False,False,True,True,True,OME,8,0.6666666666666666,0.25,1.0,HDF5,MeSH|OBO,0,3,46.666666666666664,0.0,75.0,66.66666666666666,50.0,0,0,0,0,1,0,1,1,1,1,0,0,1,0,1
DS-0393,Dryad,Chemistry,2023,10.18112/dataset.20230392,https,Missing,Schema.org,True,True,True,True,True,JCAMP-DX,11,0.8333333333333334,0.25,1.0,SDF,ChEBI|MeSH|ORCID,0,22,80.0,100.0,100.0,66.66666666666666,50.0,1,1,1,1,1,1,1,1,1,1,0,1,0,0,1
DS-0394,Dryad,Genomics,2020,local-dryad-2020-0393,ftp,CC-BY-NC-4.0,RDF,False,True,False,False,True,MIxS,9,0.75,0.5,0.6666666666666666,FASTQ|HDF5|XLSX,NCBI Taxonomy|ORCID,1,13,60.0,50.0,50.0,100.0,50.0,0,1,0,1,1,1,0,0,1,1,1,0,1,0,1
DS-0395,Figshare,Neuroscience,2021,10.5281/dataset.20210394,globus,ODC-BY-1.0,Dublin Core,True,True,True,True,True,BIDS,10,0.8333333333333334,1.0,0.5,CSV|MAT,SNOMED CT|ORCID,1,18,93.33333333333333,100.0,75.0,100.0,100.0,1,1,1,1,1,0,1,1,1,1,1,1,1,1,1
DS-0396,Dataverse,Neuroscience,2020,10.5281/dataset.20200395,https,MIT,free-text,True,True,True,True,True,BIDS,12,1.0,0.75,1.0,HDF5,SNOMED CT|UMLS|OBO,1,26,100.0,100.0,100.0,100.0,100.0,1,1,1,1,1,1,1,1,1,1,1,1,1,1,1
DS-0397,Zenodo,Imaging,2024,10.5281/dataset.20240396,https,Institutional-Access,XML,True,True,True,True,True,OME,11,0.9166666666666666,0.5,0.6666666666666666,CZI|HDF5|OME-TIFF,MeSH|OBO|Schema.org,2,18,93.33333333333333,100.0,100.0,100.0,75.0,1,1,1,1,1,1,1,1,1,1,1,1,1,0,1
DS-0398,GEO,Social Science,2020,local-geo-2020-0397,https,MIT,DataCite,False,True,True,True,False,DDI,9,0.75,1.0,1.0,Parquet|TSV,ORCID|DataCite,0,8,66.66666666666666,50.0,100.0,66.66666666666666,50.0,0,1,0,1,1,1,1,1,1,1,0,0,1,1,0
DS-0399,Zenodo,Imaging,2019,10.18112/dataset.20190398,ftp,Custom-Restricted,free-text,False,True,True,True,False,OME,7,0.5833333333333334,0.5,1.0,TIFF,OBO|ORCID,0,6,66.66666666666666,75.0,100.0,66.66666666666666,25.0,1,0,1,1,1,1,1,1,1,1,0,0,1,0,0
DS-0400,PANGAEA,Social Science,2023,10.18112/dataset.20230399,globus,MIT,RDF,True,False,False,True,True,DDI,9,0.75,0.75,1.0,JSON,Dublin Core|Schema.org|DataCite,1,10,80.0,75.0,50.0,100.0,100.0,1,1,1,0,1,0,0,1,1,1,1,1,1,1,1
DS-0401,Dataverse,Imaging,2023,10.1594/dataset.20230400,https,CC0-1.0,Dublin Core,True,True,True,True,True,OME,9,0.75,0.75,0.6666666666666666,HDF5|JPEG|TIFF,MeSH|OBO|ORCID,2,10,100.0,100.0,100.0,100.0,100.0,1,1,1,1,1,1,1,1,1,1,1,1,1,1,1
DS-0402,Figshare,Neuroscience,2018,local-figshare-2018-0401,custom-client,CC-BY-NC-4.0,free-text,True,True,True,True,True,BIDS,5,0.4166666666666667,0.5,1.0,HDF5,SNOMED CT|OBO|ORCID,2,3,53.333333333333336,25.0,50.0,100.0,50.0,0,0,0,1,0,0,1,1,1,1,1,0,1,0,1
DS-0403,Dataverse,Imaging,2021,10.1594/dataset.20210402,web-form,CC-BY-NC-4.0,Dublin Core,True,True,False,True,True,OME,10,0.8333333333333334,0.5,0.5,JPEG|OME-TIFF,MeSH|OBO|Schema.org,1,13,73.33333333333333,100.0,25.0,100.0,75.0,1,1,1,1,0,0,0,1,1,1,1,1,1,0,1
DS-0404,GEO,Climate Science,2018,10.1594/dataset.20180403,ftp,Missing,free-text,False,True,False,True,True,CF Conventions,8,0.6666666666666666,0.75,1.0,GeoTIFF,Dublin Core|ORCID,2,7,66.66666666666666,50.0,75.0,100.0,50.0,1,0,0,1,1,1,0,1,1,1,1,0,0,1,1
DS-0405,Dataverse,Neuroscience,2021,10.5061/dataset.20210404,globus,ODbL-1.0,DataCite,True,True,False,True,True,BIDS,11,0.9166666666666666,1.0,1.0,HDF5|JSON,SNOMED CT|OBO|ORCID,1,22,86.66666666666667,100.0,50.0,100.0,100.0,1,1,1,1,1,0,0,1,1,1,1,1,1,1,1
DS-0406,Figshare,Neuroscience,2024,10.6084/dataset.20240405,s3,MIT,JSON-LD,True,False,True,True,True,BIDS,11,0.9166666666666666,1.0,1.0,CSV|NWB,SNOMED CT|UMLS|ORCID,2,5,86.66666666666667,75.0,75.0,100.0,100.0,1,1,1,0,1,0,1,1,1,1,1,1,1,1,1
DS-0407,Zenodo,Chemistry,2019,10.5061/dataset.20190406,ftp,Institutional-Access,Schema.org,True,True,False,True,True,JCAMP-DX,7,0.5833333333333334,0.25,0.6666666666666666,CSV|SDF|XLSX,ChEBI|MeSH|Schema.org,0,4,60.0,50.0,75.0,66.66666666666666,50.0,1,0,0,1,1,1,0,1,1,1,0,0,1,0,1
DS-0408,Figshare,Neuroscience,2021,local-figshare-2021-0407,email-request,MIT,free-text,True,False,False,True,True,BIDS,9,0.75,0.75,1.0,HDF5,SNOMED CT|ORCID,1,3,60.0,25.0,25.0,100.0,100.0,0,1,0,0,0,0,0,1,1,1,1,1,1,1,1
DS-0409,Dryad,Chemistry,2024,10.5061/dataset.20240408,https,ODbL-1.0,free-text,True,True,False,True,False,JCAMP-DX,10,0.8333333333333334,0.75,1.0,SDF,ChEBI|Schema.org|ORCID,2,24,86.66666666666667,100.0,75.0,100.0,75.0,1,1,1,1,1,1,0,1,1,1,1,1,1,1,0
DS-0410,GEO,Imaging,2023,10.1594/dataset.20230409,ftps,Custom-Restricted,free-text,True,True,False,True,True,OME,11,0.9166666666666666,0.5,1.0,OME-TIFF,OBO,1,9,86.66666666666667,100.0,75.0,100.0,75.0,1,1,1,1,1,1,0,1,1,1,1,1,1,0,1
DS-0411,GEO,Neuroscience,2022,10.6084/dataset.20220410,globus,CC-BY-NC-4.0,RDF,True,True,False,True,False,BIDS,8,0.6666666666666666,1.0,1.0,HDF5|JSON,UMLS|OBO|ORCID,1,13,66.66666666666666,75.0,50.0,100.0,50.0,1,0,1,1,1,0,0,1,1,1,1,0,1,1,0
DS-0412,Figshare,Climate Science,2023,10.18112/dataset.20230411,https,Missing,XML,True,True,True,True,True,CF Conventions,11,0.8333333333333334,0.5,1.0,CSV|JSON,Dublin Core|Schema.org|ORCID,2,16,86.66666666666667,100.0,100.0,100.0,50.0,1,1,1,1,1,1,1,1,1,1,1,1,0,0,1
DS-0413,Dataverse,Climate Science,2021,10.18112/dataset.20210412,https,CC-BY-4.0,XML,False,True,True,True,False,CF Conventions,10,0.8333333333333334,0.75,1.0,CSV,EnvO|Dublin Core|Schema.org,1,23,86.66666666666667,100.0,100.0,100.0,50.0,1,1,1,1,1,1,1,1,1,1,1,0,1,1,0
DS-0414,GEO,Neuroscience,2023,10.6084/dataset.20230413,https,BSD-3-Clause,JSON-LD,True,True,False,True,True,BIDS,10,0.8333333333333334,1.0,1.0,CSV|HDF5,SNOMED CT|OBO|ORCID,2,21,93.33333333333333,100.0,75.0,100.0,100.0,1,1,1,1,1,1,0,1,1,1,1,1,1,1,1
DS-0415,Zenodo,Social Science,2018,10.5281/dataset.20180414,https,CC-BY-4.0,free-text,True,True,True,True,True,DDI,7,0.5833333333333334,0.0,0.6666666666666666,DTA|JSON|Parquet,Schema.org|ORCID|DataCite,0,13,73.33333333333333,75.0,100.0,66.66666666666666,50.0,1,0,1,1,1,1,1,1,1,1,0,0,1,0,1
DS-0416,Zenodo,Chemistry,2020,10.5061/dataset.20200415,https,Missing,RDF,False,True,True,True,False,JCAMP-DX,9,0.6666666666666666,0.75,1.0,CSV|SDF,ChEBI|Schema.org|ORCID,3,10,73.33333333333333,75.0,100.0,100.0,25.0,1,0,1,1,1,1,1,1,1,1,1,0,0,1,0
DS-0417,GEO,Genomics,2019,10.5281/dataset.20190416,https,CC-BY-4.0,Schema.org,True,False,False,True,True,MIxS,9,0.75,0.75,1.0,CSV|FASTQ,Gene Ontology|NCBI Taxonomy|EDAM|ORCID,2,4,86.66666666666667,75.0,75.0,100.0,100.0,1,1,1,0,1,1,0,1,1,1,1,1,1,1,1
DS-0418,GEO,Social Science,2019,10.6084/dataset.20190417,api,CC0-1.0,Schema.org,True,True,True,True,False,DDI,10,0.8333333333333334,0.75,0.6666666666666666,CSV|Parquet|XLSX,Dublin Core|Schema.org|ORCID|DataCite,3,19,86.66666666666667,100.0,75.0,100.0,75.0,1,1,1,1,1,0,1,1,1,1,1,1,1,1,0
DS-0419,Dataverse,Chemistry,2022,local-dataverse-2022-0418,api,BSD-3-Clause,JSON-LD,False,True,False,True,False,JCAMP-DX,9,0.75,0.75,0.5,JSON|XLSX,MeSH|Schema.org,1,7,60.0,50.0,50.0,100.0,50.0,0,1,0,1,1,0,0,1,1,1,1,0,1,1,0
DS-0420,Figshare,Imaging,2019,local-figshare-2019-0419,email-request,CC-BY-NC-4.0,RDF,True,False,False,False,True,OME,8,0.6666666666666666,0.25,1.0,TIFF,MeSH|OBO|ORCID,1,2,33.33333333333333,0.0,0.0,100.0,50.0,0,0,0,0,0,0,0,0,1,1,1,0,1,0,1
DS-0421,Figshare,Chemistry,2018,10.6084/dataset.20180420,s3,Missing,JSON-LD,False,True,True,True,False,JCAMP-DX,6,0.4166666666666667,0.5,1.0,SDF|mzML,Schema.org,0,6,46.666666666666664,50.0,75.0,66.66666666666666,0.0,1,0,0,1,1,0,1,1,1,1,0,0,0,0,0
DS-0422,Dryad,Social Science,2019,10.5061/dataset.20190421,https,ODC-BY-1.0,free-text,False,True,False,True,False,DDI,9,0.75,0.75,1.0,Parquet,Dublin Core|Schema.org|ORCID|DataCite,2,15,80.0,100.0,75.0,100.0,50.0,1,1,1,1,1,1,0,1,1,1,1,0,1,1,0
DS-0423,GEO,Climate Science,2019,10.5061/dataset.20190422,ftps,CC-BY-4.0,Schema.org,True,True,False,True,True,CF Conventions,12,1.0,0.75,1.0,GeoTIFF|JSON|NetCDF,Dublin Core|Schema.org|ORCID,0,23,86.66666666666667,100.0,75.0,66.66666666666666,100.0,1,1,1,1,1,1,0,1,1,1,0,1,1,1,1
DS-0424,Zenodo,Genomics,2022,10.6084/dataset.20220423,s3,CC0-1.0,RDF,True,True,True,True,False,MIxS,11,0.9166666666666666,1.0,1.0,BAM,NCBI Taxonomy,1,12,86.66666666666667,100.0,75.0,100.0,75.0,1,1,1,1,1,0,1,1,1,1,1,1,1,1,0
DS-0425,Figshare,Climate Science,2024,local-figshare-2024-0424,api,CC-BY-4.0,free-text,False,True,True,True,True,CF Conventions,7,0.5833333333333334,0.75,1.0,CSV|HDF5|JSON,Dublin Core|Schema.org|ORCID,1,10,66.66666666666666,25.0,75.0,100.0,75.0,0,0,0,1,1,0,1,1,1,1,1,0,1,1,1
DS-0426,Dataverse,Genomics,2024,10.1594/dataset.20240425,s3,Missing,XML,False,True,True,True,True,MIxS,11,0.8333333333333334,0.75,1.0,BAM|HDF5,Gene Ontology|NCBI Taxonomy|EDAM|ORCID,1,10,80.0,100.0,75.0,100.0,50.0,1,1,1,1,1,0,1,1,1,1,1,0,0,1,1
DS-0427,GEO,Climate Science,2018,10.5061/dataset.20180426,https,Missing,free-text,True,True,True,True,True,CF Conventions,9,0.6666666666666666,0.75,1.0,GeoTIFF|JSON,EnvO|Dublin Core|Schema.org,3,15,80.0,75.0,100.0,100.0,50.0,1,0,1,1,1,1,1,1,1,1,1,0,0,1,1
DS-0428,Figshare,Climate Science,2019,10.18112/dataset.20190427,ftp,BSD-3-Clause,XML,False,True,False,True,True,CF Conventions,10,0.8333333333333334,1.0,0.0,XLSX,EnvO,2,10,80.0,100.0,75.0,100.0,50.0,1,1,1,1,1,1,0,1,1,1,1,0,1,1,0
DS-0429,Dataverse,Neuroscience,2018,10.1594/dataset.20180428,globus,ODbL-1.0,RDF,False,True,False,True,True,BIDS,11,0.9166666666666666,0.75,1.0,JSON|NWB,SNOMED CT|UMLS|OBO|ORCID,0,7,73.33333333333333,100.0,50.0,66.66666666666666,75.0,1,1,1,1,1,0,0,1,1,1,0,0,1,1,1
DS-0430,Zenodo,Chemistry,2024,10.1594/dataset.20240429,https,BSD-3-Clause,XML,False,True,True,True,False,JCAMP-DX,12,1.0,0.5,1.0,CSV|JSON,ChEBI|MeSH|ORCID,2,4,80.0,100.0,100.0,100.0,25.0,1,1,1,1,1,1,1,1,1,1,1,0,1,0,0
DS-0431,Zenodo,Imaging,2018,local-zenodo-2018-0430,web-form,Missing,free-text,False,True,False,True,True,OME,7,0.5833333333333334,0.5,0.0,LIF,Schema.org,1,6,26.666666666666668,25.0,25.0,66.66666666666666,0.0,0,0,0,1,0,0,0,1,0,1,1,0,0,0,0
DS-0432,Dataverse,Chemistry,2018,10.18112/dataset.20180431,globus,CC0-1.0,Schema.org,False,True,True,True,True,JCAMP-DX,10,0.8333333333333334,0.75,1.0,mzML,ChEBI|MeSH|Schema.org,1,11,86.66666666666667,100.0,75.0,100.0,75.0,1,1,1,1,1,0,1,1,1,1,1,0,1,1,1
DS-0433,Dataverse,Chemistry,2021,10.18112/dataset.20210432,api,CC-BY-NC-4.0,free-text,False,True,False,True,False,JCAMP-DX,11,0.9166666666666666,0.25,0.6666666666666666,CSV|SDF|XLSX,ChEBI|MeSH|Schema.org|ORCID,0,7,60.0,100.0,50.0,66.66666666666666,25.0,1,1,1,1,1,0,0,1,1,1,0,0,1,0,0
DS-0434,Zenodo,Imaging,2023,10.18112/dataset.20230433,s3,Apache-2.0,RDF,False,True,True,True,False,OME,9,0.75,0.75,0.6666666666666666,HDF5|JSON|LIF,Schema.org|ORCID,3,18,73.33333333333333,75.0,75.0,100.0,50.0,1,1,0,1,1,0,1,1,1,1,1,0,1,1,0
DS-0435,Figshare,Social Science,2023,10.5061/dataset.20230434,email-request,MIT,free-text,True,True,False,True,False,DDI,9,0.75,0.75,1.0,TSV,Dublin Core|Schema.org|DataCite,1,8,73.33333333333333,100.0,25.0,100.0,75.0,1,1,1,1,0,0,0,1,1,1,1,1,1,1,0
DS-0436,Dryad,Chemistry,2019,local-dryad-2019-0435,globus,Institutional-Access,XML,False,True,True,False,False,JCAMP-DX,9,0.75,0.75,1.0,mzML,MeSH|Schema.org,1,13,60.0,50.0,50.0,100.0,50.0,0,1,0,1,1,0,1,0,1,1,1,0,1,1,0
DS-0437,GEO,Neuroscience,2023,10.5281/dataset.20230436,globus,CC0-1.0,free-text,True,True,False,True,True,BIDS,11,0.9166666666666666,1.0,0.6666666666666666,HDF5|NWB|XLSX,SNOMED CT|ORCID,3,12,86.66666666666667,100.0,50.0,100.0,100.0,1,1,1,1,1,0,0,1,1,1,1,1,1,1,1
DS-0438,Dataverse,Chemistry,2020,local-dataverse-2020-0437,ftp,Missing,RDF,True,True,False,True,True,JCAMP-DX,11,0.8333333333333334,0.5,0.5,JSON|XLSX,ChEBI|MeSH,0,11,60.0,50.0,75.0,66.66666666666666,50.0,0,1,0,1,1,1,0,1,1,1,0,1,0,0,1
DS-0439,Figshare,Social Science,2024,10.18112/dataset.20240438,web-form,Missing,DataCite,True,True,False,True,True,DDI,11,0.8333333333333334,0.25,0.5,DTA|Parquet,,0,10,53.333333333333336,100.0,25.0,33.33333333333333,50.0,1,1,1,1,0,0,0,1,1,0,0,1,0,0,1
DS-0440,Dataverse,Social Science,2019,10.1594/dataset.20190439,s3,Missing,free-text,True,False,True,True,True,DDI,8,0.5833333333333334,1.0,1.0,CSV|JSON,Dublin Core|ORCID|DataCite,0,6,60.0,50.0,75.0,66.66666666666666,50.0,1,0,1,0,1,0,1,1,1,1,0,0,0,1,1
DS-0441,PANGAEA,Neuroscience,2023,local-pangaea-2023-0440,globus,Missing,DataCite,True,False,False,True,False,BIDS,7,0.5833333333333334,0.75,0.5,MAT|NWB,SNOMED CT|UMLS|OBO|ORCID,0,7,33.33333333333333,0.0,50.0,66.66666666666666,25.0,0,0,0,0,1,0,0,1,1,1,0,0,0,1,0
DS-0442,Figshare,Imaging,2021,10.5281/dataset.20210441,email-request,ODC-BY-1.0,Schema.org,True,False,False,False,True,OME,7,0.5833333333333334,1.0,0.5,JPEG|TIFF,MeSH,3,6,53.333333333333336,50.0,0.0,100.0,75.0,1,0,1,0,0,0,0,0,1,1,1,0,1,1,1
DS-0443,GEO,Social Science,2021,10.1594/dataset.20210442,api,Missing,RDF,False,True,True,True,True,DDI,10,0.75,0.75,1.0,TSV,Schema.org,0,5,73.33333333333333,100.0,75.0,66.66666666666666,50.0,1,1,1,1,1,0,1,1,1,1,0,0,0,1,1
DS-0444,Dataverse,Neuroscience,2018,10.5061/dataset.20180443,web-form,Institutional-Access,free-text,True,False,False,False,True,BIDS,10,0.8333333333333334,0.5,0.6666666666666666,CSV|HDF5|MAT,SNOMED CT|ORCID,0,4,53.333333333333336,75.0,0.0,66.66666666666666,75.0,1,1,1,0,0,0,0,0,1,1,0,1,1,0,1
DS-0445,PANGAEA,Imaging,2022,10.18112/dataset.20220444,ftp,CC0-1.0,free-text,False,True,False,True,True,OME,9,0.75,0.25,1.0,JSON|OME-TIFF,MeSH|Schema.org,0,6,66.66666666666666,75.0,75.0,66.66666666666666,50.0,1,1,0,1,1,1,0,1,1,1,0,0,1,0,1
DS-0446,Dryad,Social Science,2020,10.5061/dataset.20200445,https,CC-BY-4.0,free-text,True,True,True,True,True,DDI,10,0.8333333333333334,1.0,0.0,XLSX,Schema.org|ORCID|DataCite,2,17,80.0,75.0,100.0,66.66666666666666,75.0,1,1,0,1,1,1,1,1,0,1,1,1,1,1,0
DS-0447,GEO,Chemistry,2024,10.18112/dataset.20240446,s3,BSD-3-Clause,JSON-LD,False,True,True,True,False,JCAMP-DX,12,1.0,1.0,1.0,JSON,ChEBI|MeSH|Schema.org|ORCID,3,3,80.0,100.0,75.0,100.0,50.0,1,1,1,1,1,0,1,1,1,1,1,0,1,1,0
DS-0448,Dryad,Neuroscience,2020,10.1594/dataset.20200447,https,MIT,free-text,True,True,True,True,False,BIDS,11,0.9166666666666666,0.75,0.6666666666666666,HDF5|JSON|XLSX,UMLS|ORCID,0,16,86.66666666666667,100.0,100.0,66.66666666666666,75.0,1,1,1,1,1,1,1,1,1,1,0,1,1,1,0
DS-0449,Figshare,Genomics,2019,10.6084/dataset.20190448,globus,CC-BY-4.0,Dublin Core,True,True,True,True,True,MIxS,9,0.75,0.75,1.0,CSV|TSV,Gene Ontology|NCBI Taxonomy|EDAM,2,18,93.33333333333333,100.0,75.0,100.0,100.0,1,1,1,1,1,0,1,1,1,1,1,1,1,1,1
DS-0450,PANGAEA,Social Science,2020,10.5061/dataset.20200449,https,CC-BY-4.0,JSON-LD,True,True,True,True,True,DDI,9,0.75,0.5,1.0,CSV|TSV,Dublin Core|Schema.org|ORCID|DataCite,0,13,80.0,75.0,100.0,66.66666666666666,75.0,1,1,0,1,1,1,1,1,1,1,0,1,1,0,1
DS-0451,Dataverse,Neuroscience,2024,10.5061/dataset.20240450,email-request,Data-Use-Agreement,free-text,True,False,True,True,False,BIDS,11,0.9166666666666666,0.5,1.0,CSV,SNOMED CT|ORCID,1,18,66.66666666666666,75.0,50.0,100.0,50.0,1,1,1,0,0,0,1,1,1,1,1,1,1,0,0
DS-0452,PANGAEA,Imaging,2023,10.18112/dataset.20230451,ftps,Missing,Schema.org,True,False,False,False,False,OME,8,0.5833333333333334,0.75,1.0,TIFF,MeSH|Schema.org,0,4,40.0,25.0,50.0,66.66666666666666,25.0,1,0,0,0,1,1,0,0,1,1,0,0,0,1,0
DS-0453,Zenodo,Chemistry,2023,10.1594/dataset.20230452,s3,BSD-3-Clause,Schema.org,True,False,True,True,True,JCAMP-DX,12,1.0,0.75,0.5,CSV|XLSX,ORCID,2,2,86.66666666666667,75.0,75.0,100.0,100.0,1,1,1,0,1,0,1,1,1,1,1,1,1,1,1
DS-0454,PANGAEA,Genomics,2024,local-pangaea-2024-0453,https,Missing,RDF,True,False,False,True,True,MIxS,10,0.8333333333333334,1.0,0.6666666666666666,BAM|FASTA|XLSX,Gene Ontology|NCBI Taxonomy,0,3,60.0,25.0,75.0,66.66666666666666,75.0,0,1,0,0,1,1,0,1,1,1,0,1,0,1,1
DS-0455,PANGAEA,Chemistry,2018,local-pangaea-2018-0454,email-request,Missing,free-text,True,True,True,True,False,JCAMP-DX,8,0.6666666666666666,1.0,1.0,JSON,MeSH|Schema.org|ORCID,1,5,46.666666666666664,25.0,50.0,100.0,25.0,0,0,0,1,0,0,1,1,1,1,1,0,0,1,0
DS-0456,Dryad,Imaging,2021,10.5061/dataset.20210455,web-form,Custom-Restricted,free-text,True,True,False,True,True,OME,11,0.9166666666666666,1.0,0.5,HDF5|LIF,OBO|Schema.org|ORCID,2,9,80.0,100.0,25.0,100.0,100.0,1,1,1,1,0,0,0,1,1,1,1,1,1,1,1
DS-0457,GEO,Genomics,2022,10.1594/dataset.20220456,s3,Missing,Dublin Core,True,True,True,True,True,MIxS,11,0.8333333333333334,0.75,1.0,HDF5|TSV,NCBI Taxonomy|EDAM|ORCID,3,16,86.66666666666667,100.0,75.0,100.0,75.0,1,1,1,1,1,0,1,1,1,1,1,1,0,1,1
DS-0458,Zenodo,Social Science,2019,10.5281/dataset.20190457,s3,Missing,Dublin Core,False,True,True,True,False,DDI,11,0.9166666666666666,0.5,1.0,JSON,Dublin Core|Schema.org|ORCID,0,15,60.0,100.0,75.0,66.66666666666666,0.0,1,1,1,1,1,0,1,1,1,1,0,0,0,0,0
DS-0459,Zenodo,Genomics,2022,10.5061/dataset.20220458,https,ODbL-1.0,RDF,True,True,True,True,False,MIxS,10,0.8333333333333334,0.75,1.0,CSV|HDF5|TSV,Gene Ontology|NCBI Taxonomy|ORCID,3,22,93.33333333333333,100.0,100.0,100.0,75.0,1,1,1,1,1,1,1,1,1,1,1,1,1,1,0
DS-0460,Zenodo,Chemistry,2019,local-zenodo-2019-0459,https,MIT,free-text,False,True,False,False,True,JCAMP-DX,7,0.5833333333333334,0.5,1.0,JSON,MeSH|Schema.org,0,5,46.666666666666664,25.0,50.0,66.66666666666666,50.0,0,0,0,1,1,1,0,0,1,1,0,0,1,0,1
DS-0461,GEO,Social Science,2019,local-geo-2019-0460,https,Missing,RDF,True,True,False,True,False,DDI,8,0.5833333333333334,0.75,0.6666666666666666,Parquet|TSV|XLSX,Dublin Core|DataCite,3,5,53.333333333333336,25.0,75.0,100.0,25.0,0,0,0,1,1,1,0,1,1,1,1,0,0,1,0
DS-0462,Figshare,Chemistry,2021,10.1594/dataset.20210461,https,Missing,RDF,True,False,False,True,True,JCAMP-DX,10,0.75,0.5,0.5,SDF|XLSX,Schema.org|ORCID,0,10,66.66666666666666,75.0,75.0,66.66666666666666,50.0,1,1,1,0,1,1,0,1,1,1,0,1,0,0,1
DS-0463,Dryad,Social Science,2020,local-dryad-2020-0462,api,ODbL-1.0,free-text,True,True,True,False,True,DDI,6,0.5,0.25,0.5,SAV|TSV,Dublin Core|Schema.org|ORCID|DataCite,3,12,53.333333333333336,25.0,50.0,100.0,50.0,0,0,0,1,1,0,1,0,1,1,1,0,1,0,1
DS-0464,Zenodo,Genomics,2023,local-zenodo-2023-0463,https,ODbL-1.0,free-text,True,True,False,True,False,MIxS,9,0.75,1.0,1.0,FASTA,Gene Ontology|NCBI Taxonomy|EDAM,0,11,66.66666666666666,50.0,75.0,66.66666666666666,75.0,0,1,0,1,1,1,0,1,1,1,0,1,1,1,0
DS-0465,GEO,Genomics,2021,local-geo-2021-0464,s3,BSD-3-Clause,JSON-LD,True,True,False,True,True,MIxS,10,0.8333333333333334,0.75,1.0,CSV|FASTQ,Gene Ontology|NCBI Taxonomy|ORCID,0,7,66.66666666666666,50.0,50.0,66.66666666666666,100.0,0,1,0,1,1,0,0,1,1,1,0,1,1,1,1
DS-0466,PANGAEA,Chemistry,2024,10.18112/dataset.20240465,https,Missing,JSON-LD,True,True,False,True,True,JCAMP-DX,11,0.8333333333333334,0.75,0.6666666666666666,CSV|JSON|XLSX,,1,12,80.0,100.0,75.0,66.66666666666666,75.0,1,1,1,1,1,1,0,1,1,0,1,1,0,1,1
DS-0467,Dataverse,Social Science,2018,10.5061/dataset.20180466,ftp,ODbL-1.0,free-text,False,False,True,True,False,DDI,8,0.6666666666666666,1.0,1.0,CSV|JSON|Parquet,Schema.org|ORCID,2,21,73.33333333333333,50.0,100.0,100.0,50.0,1,0,1,0,1,1,1,1,1,1,1,0,1,1,0
DS-0468,Figshare,Climate Science,2023,local-figshare-2023-0467,web-form,BSD-3-Clause,XML,True,True,False,True,True,CF Conventions,10,0.8333333333333334,1.0,1.0,CSV|GeoTIFF,Schema.org|ORCID,1,18,66.66666666666666,50.0,25.0,100.0,100.0,0,1,0,1,0,0,0,1,1,1,1,1,1,1,1
DS-0469,PANGAEA,Neuroscience,2023,10.5061/dataset.20230468,ftps,Data-Use-Agreement,RDF,True,True,False,True,False,BIDS,11,0.9166666666666666,0.5,1.0,HDF5,SNOMED CT|UMLS|ORCID,3,21,80.0,100.0,75.0,100.0,50.0,1,1,1,1,1,1,0,1,1,1,1,1,1,0,0
DS-0470,Dataverse,Social Science,2024,local-dataverse-2024-0469,globus,Data-Use-Agreement,free-text,False,True,False,True,False,DDI,9,0.75,0.75,1.0,JSON,Dublin Core|Schema.org|ORCID,2,20,60.0,50.0,50.0,100.0,50.0,0,1,0,1,1,0,0,1,1,1,1,0,1,1,0
DS-0471,GEO,Chemistry,2024,10.18112/dataset.20240470,web-form,Apache-2.0,DataCite,False,True,True,True,True,JCAMP-DX,10,0.8333333333333334,0.75,0.0,CDX|XLSX,MeSH|Schema.org|ORCID,0,11,66.66666666666666,100.0,50.0,66.66666666666666,50.0,1,1,1,1,0,0,1,1,1,1,0,0,1,1,0
DS-0472,Figshare,Neuroscience,2022,local-figshare-2022-0471,s3,Institutional-Access,RDF,True,False,False,True,False,BIDS,7,0.5833333333333334,0.75,0.6666666666666666,CSV|HDF5|MAT,UMLS|OBO|ORCID,0,7,40.0,0.0,50.0,66.66666666666666,50.0,0,0,0,0,1,0,0,1,1,1,0,0,1,1,0
DS-0473,Zenodo,Neuroscience,2021,10.6084/dataset.20210472,globus,Data-Use-Agreement,Schema.org,False,True,False,False,True,BIDS,10,0.8333333333333334,0.25,0.5,JSON|MAT,SNOMED CT|ORCID,1,5,60.0,75.0,25.0,100.0,50.0,1,1,0,1,1,0,0,0,1,1,1,0,1,0,1
DS-0474,Dataverse,Imaging,2019,local-dataverse-2019-0473,https,ODC-BY-1.0,DataCite,True,True,True,True,True,OME,8,0.6666666666666666,0.5,1.0,OME-TIFF,MeSH|ORCID,0,4,60.0,25.0,100.0,66.66666666666666,50.0,0,0,0,1,1,1,1,1,1,1,0,0,1,0,1
DS-0475,Figshare,Genomics,2022,10.1594/dataset.20220474,email-request,Missing,RDF,True,False,True,True,True,MIxS,11,0.8333333333333334,1.0,0.6666666666666666,FASTA|FASTQ|XLSX,NCBI Taxonomy|EDAM|ORCID,2,18,73.33333333333333,75.0,50.0,100.0,75.0,1,1,1,0,0,0,1,1,1,1,1,1,0,1,1
DS-0476,PANGAEA,Chemistry,2018,10.5061/dataset.20180475,s3,ODC-BY-1.0,free-text,True,True,False,True,True,JCAMP-DX,11,0.9166666666666666,0.75,1.0,CSV|JSON,ChEBI|MeSH|Schema.org|ORCID,1,4,86.66666666666667,100.0,50.0,100.0,100.0,1,1,1,1,1,0,0,1,1,1,1,1,1,1,1
DS-0477,Dataverse,Social Science,2023,local-dataverse-2023-0476,globus,Apache-2.0,free-text,True,False,True,True,True,DDI,6,0.5,0.5,0.3333333333333333,DTA|JSON|XLSX,ORCID|DataCite,1,6,46.666666666666664,0.0,75.0,100.0,25.0,0,0,0,0,1,0,1,1,1,1,1,0,1,0,0
DS-0478,Dryad,Genomics,2024,10.5061/dataset.20240477,ftp,Apache-2.0,free-text,True,True,False,True,False,MIxS,11,0.9166666666666666,0.75,1.0,TSV,Gene Ontology|NCBI Taxonomy|EDAM|ORCID,2,19,80.0,75.0,75.0,100.0,75.0,1,1,0,1,1,1,0,1,1,1,1,1,1,1,0
DS-0479,Dataverse,Chemistry,2022,local-dataverse-2022-0478,api,ODC-BY-1.0,DataCite,False,True,False,True,True,JCAMP-DX,8,0.6666666666666666,0.75,0.5,CDX|SDF,,3,6,53.333333333333336,25.0,50.0,66.66666666666666,75.0,0,0,0,1,1,0,0,1,1,0,1,0,1,1,1
DS-0480,PANGAEA,Climate Science,2021,local-pangaea-2021-0479,https,MIT,free-text,True,True,False,False,True,CF Conventions,7,0.5833333333333334,0.75,1.0,CSV|HDF5|JSON,EnvO|Schema.org|ORCID,1,14,60.0,25.0,50.0,100.0,75.0,0,0,0,1,1,1,0,0,1,1,1,0,1,1,1
DS-0481,Dataverse,Genomics,2024,10.6084/dataset.20240480,https,ODbL-1.0,XML,False,True,True,True,True,MIxS,12,1.0,1.0,1.0,FASTQ|TSV,Gene Ontology|NCBI Taxonomy|EDAM|ORCID,0,14,86.66666666666667,100.0,100.0,66.66666666666666,75.0,1,1,1,1,1,1,1,1,1,1,0,0,1,1,1
DS-0482,PANGAEA,Social Science,2023,10.1594/dataset.20230481,https,Apache-2.0,RDF,True,True,False,True,True,DDI,8,0.6666666666666666,0.75,1.0,TSV,Dublin Core|Schema.org|ORCID|DataCite,0,17,73.33333333333333,75.0,75.0,66.66666666666666,75.0,1,0,1,1,1,1,0,1,1,1,0,0,1,1,1
DS-0483,GEO,Imaging,2019,10.5281/dataset.20190482,s3,CC-BY-NC-4.0,free-text,True,True,True,True,True,OME,10,0.8333333333333334,0.5,0.0,LIF,MeSH|OBO|Schema.org|ORCID,1,9,73.33333333333333,100.0,75.0,66.66666666666666,50.0,1,1,1,1,1,0,1,1,0,1,1,1,1,0,0
DS-0484,Figshare,Climate Science,2022,10.5061/dataset.20220483,s3,CC0-1.0,XML,True,True,True,True,True,CF Conventions,12,1.0,0.75,1.0,CSV,EnvO|Schema.org|ORCID,3,40,93.33333333333333,100.0,75.0,100.0,100.0,1,1,1,1,1,0,1,1,1,1,1,1,1,1,1
DS-0485,PANGAEA,Climate Science,2020,10.5061/dataset.20200484,api,CC0-1.0,XML,True,True,True,True,True,CF Conventions,10,0.8333333333333334,1.0,1.0,GeoTIFF,EnvO|Dublin Core|Schema.org,1,12,93.33333333333333,100.0,75.0,100.0,100.0,1,1,1,1,1,0,1,1,1,1,1,1,1,1,1
DS-0486,Dataverse,Neuroscience,2024,10.1594/dataset.20240485,https,MIT,DataCite,False,True,True,True,True,BIDS,8,0.6666666666666666,1.0,1.0,CSV|HDF5|NWB,SNOMED CT|OBO,1,8,86.66666666666667,75.0,100.0,100.0,75.0,1,0,1,1,1,1,1,1,1,1,1,0,1,1,1
DS-0487,Zenodo,Chemistry,2020,10.5281/dataset.20200486,api,Missing,JSON-LD,False,True,True,True,True,JCAMP-DX,9,0.75,0.75,0.5,XLSX|mzML,MeSH|Schema.org|ORCID,0,5,73.33333333333333,100.0,75.0,66.66666666666666,50.0,1,1,1,1,1,0,1,1,1,1,0,0,0,1,1
DS-0488,Zenodo,Imaging,2023,10.5061/dataset.20230487,https,CC-BY-4.0,free-text,True,True,False,False,True,OME,8,0.6666666666666666,0.5,0.0,JPEG,MeSH|OBO|Schema.org,0,2,46.666666666666664,75.0,50.0,33.33333333333333,25.0,1,0,1,1,1,1,0,0,0,1,0,0,1,0,0
DS-0489,GEO,Chemistry,2019,10.5061/dataset.20190488,ftp,Missing,free-text,True,True,True,False,False,JCAMP-DX,8,0.6666666666666666,0.75,0.5,SDF|XLSX,ChEBI|MeSH,0,8,60.0,75.0,75.0,66.66666666666666,25.0,1,0,1,1,1,1,1,0,1,1,0,0,0,1,0
DS-0490,PANGAEA,Neuroscience,2020,10.18112/dataset.20200489,ftp,Custom-Restricted,free-text,False,True,False,True,True,BIDS,11,0.9166666666666666,0.5,0.5,JSON|XLSX,UMLS|OBO|ORCID,1,26,80.0,100.0,75.0,100.0,50.0,1,1,1,1,1,1,0,1,1,1,1,0,1,0,1
DS-0491,Figshare,Social Science,2024,10.1594/dataset.20240490,https,CC0-1.0,XML,True,True,False,False,True,DDI,11,0.9166666666666666,1.0,0.6666666666666666,Parquet|SAV|TSV,Dublin Core|Schema.org|ORCID|DataCite,1,17,80.0,75.0,50.0,100.0,100.0,1,1,0,1,1,1,0,0,1,1,1,1,1,1,1
DS-0492,Figshare,Chemistry,2020,10.6084/dataset.20200491,globus,CC-BY-4.0,Schema.org,True,True,True,True,False,JCAMP-DX,9,0.75,0.5,1.0,CSV|mzML,MeSH|Schema.org,1,4,73.33333333333333,75.0,75.0,100.0,50.0,1,1,0,1,1,0,1,1,1,1,1,1,1,0,0
DS-0493,GEO,Genomics,2021,local-geo-2021-0492,https,Missing,DataCite,False,True,True,True,True,MIxS,10,0.75,0.5,0.5,TSV|XLSX,Gene Ontology|NCBI Taxonomy|EDAM|ORCID,1,11,66.66666666666666,50.0,100.0,100.0,25.0,0,1,0,1,1,1,1,1,1,1,1,0,0,0,1
DS-0494,Dryad,Genomics,2021,10.6084/dataset.20210493,globus,Custom-Restricted,RDF,True,True,False,True,False,MIxS,9,0.75,1.0,1.0,FASTQ,EDAM|ORCID,1,11,80.0,100.0,50.0,100.0,75.0,1,1,1,1,1,0,0,1,1,1,1,1,1,1,0
DS-0495,GEO,Social Science,2020,10.18112/dataset.20200494,web-form,ODbL-1.0,RDF,True,True,True,True,False,DDI,8,0.6666666666666666,0.5,0.0,DTA,Dublin Core|ORCID|DataCite,2,4,53.333333333333336,50.0,50.0,100.0,25.0,1,0,0,1,0,0,1,1,1,1,1,0,1,0,0
DS-0496,Figshare,Chemistry,2019,10.18112/dataset.20190495,https,MIT,free-text,False,False,False,True,False,JCAMP-DX,9,0.75,0.5,1.0,CSV|JSON,MeSH|ORCID,0,4,60.0,75.0,75.0,66.66666666666666,25.0,1,1,1,0,1,1,0,1,1,1,0,0,1,0,0
DS-0497,Dataverse,Chemistry,2023,10.6084/dataset.20230496,https,Apache-2.0,Schema.org,True,True,True,True,False,JCAMP-DX,10,0.8333333333333334,0.75,0.5,CDX|CSV,ChEBI|MeSH|Schema.org|ORCID,2,29,93.33333333333333,100.0,100.0,100.0,75.0,1,1,1,1,1,1,1,1,1,1,1,1,1,1,0
DS-0498,GEO,Chemistry,2023,10.6084/dataset.20230497,ftp,ODC-BY-1.0,free-text,True,False,True,True,False,JCAMP-DX,7,0.5833333333333334,0.5,1.0,mzML,ChEBI|MeSH|Schema.org,0,10,60.0,50.0,100.0,66.66666666666666,25.0,1,0,1,0,1,1,1,1,1,1,0,0,1,0,0
DS-0499,GEO,Social Science,2021,local-geo-2021-0498,https,CC-BY-NC-4.0,RDF,False,False,True,True,False,DDI,5,0.4166666666666667,0.5,0.5,SAV|TSV,Schema.org|ORCID|DataCite,0,6,46.666666666666664,0.0,100.0,66.66666666666666,25.0,0,0,0,0,1,1,1,1,1,1,0,0,1,0,0
DS-0500,Figshare,Climate Science,2024,10.1594/dataset.20240499,https,MIT,JSON-LD,True,True,True,False,True,CF Conventions,12,1.0,1.0,1.0,HDF5|NetCDF,Dublin Core|Schema.org|ORCID,2,7,93.33333333333333,100.0,75.0,100.0,100.0,1,1,1,1,1,1,1,0,1,1,1,1,1,1,1
