site_id,sample_type,replicate,counts
MOD000000,input,1,861
MOD000000,input,2,857
MOD000000,IP,1,2071
MOD000000,IP,2,1341
MOD000001,input,1,307
MOD000001,input,2,264
MOD000001,IP,1,576
MOD000001,IP,2,549
MOD000002,input,1,1046
MOD000002,input,2,734
MOD000002,IP,1,2701
MOD000002,IP,2,2620
MOD000003,input,1,637
MOD000003,input,2,540
MOD000003,IP,1,1130
MOD000003,IP,2,1695
MOD000004,input,1,144
MOD000004,input,2,155
MOD000004,IP,1,322
MOD000004,IP,2,323
MOD000005,input,1,956
MOD000005,input,2,967
MOD000005,IP,1,2139
MOD000005,IP,2,2554
MOD000006,input,1,837
MOD000006,input,2,731
MOD000006,IP,1,1386
MOD000006,IP,2,1940
MOD000007,input,1,537
MOD000007,input,2,375
MOD000007,IP,1,862
MOD000007,IP,2,681
MOD000008,input,1,447
MOD000008,input,2,507
MOD000008,IP,1,1016
MOD000008,IP,2,1195
MOD000009,input,1,518
MOD000009,input,2,475
MOD000009,IP,1,858
MOD000009,IP,2,756
MOD000010,input,1,325
MOD000010,input,2,302
MOD000010,IP,1,415
MOD000010,IP,2,298
MOD000011,input,1,431
MOD000011,input,2,310
MOD000011,IP,1,1362
MOD000011,IP,2,1623
MOD000012,input,1,983
MOD000012,input,2,1281
MOD000012,IP,1,1669
MOD000012,IP,2,1976
MOD000013,input,1,184
MOD000013,input,2,248
MOD000013,IP,1,290
MOD000013,IP,2,263
MOD000014,input,1,447
MOD000014,input,2,448
MOD000014,IP,1,651
MOD000014,IP,2,873
MOD000015,input,1,625
MOD000015,input,2,627
MOD000015,IP,1,1490
MOD000015,IP,2,1600
MOD000016,input,1,637
MOD000016,input,2,644
MOD000016,IP,1,1411
MOD000016,IP,2,1223
MOD000017,input,1,498
MOD000017,input,2,458
MOD000017,IP,1,1007
MOD000017,IP,2,1140
MOD000018,input,1,315
MOD000018,input,2,310
MOD000018,IP,1,432
MOD000018,IP,2,514
MOD000019,input,1,354
MOD000019,input,2,337
MOD000019,IP,1,657
MOD000019,IP,2,505
MOD000020,input,1,305
MOD000020,input,2,267
MOD000020,IP,1,720
MOD000020,IP,2,564
MOD000021,input,1,621
MOD000021,input,2,475
MOD000021,IP,1,2871
MOD000021,IP,2,3114
MOD000022,input,1,487
MOD000022,input,2,645
MOD000022,IP,1,1420
MOD000022,IP,2,1416
MOD000023,input,1,458
MOD000023,input,2,403
MOD000023,IP,1,435
MOD000023,IP,2,455
MOD000024,input,1,308
MOD000024,input,2,291
MOD000024,IP,1,529
MOD000024,IP,2,693
MOD000025,input,1,363
MOD000025,input,2,257
MOD000025,IP,1,532
MOD000025,IP,2,528
MOD000026,input,1,481
MOD000026,input,2,466
MOD000026,IP,1,795
MOD000026,IP,2,542
MOD000027,input,1,524
MOD000027,input,2,450
MOD000027,IP,1,1580
MOD000027,IP,2,1205
MOD000028,input,1,692
MOD000028,input,2,582
MOD000028,IP,1,1375
MOD000028,IP,2,1223
MOD000029,input,1,156
MOD000029,input,2,154
MOD000029,IP,1,448
MOD000029,IP,2,373
MOD000030,input,1,671
MOD000030,input,2,756
MOD000030,IP,1,907
MOD000030,IP,2,1069
MOD000031,input,1,598
MOD000031,input,2,604
MOD000031,IP,1,1126
MOD000031,IP,2,1161
MOD000032,input,1,508
MOD000032,input,2,499
MOD000032,IP,1,594
MOD000032,IP,2,528
MOD000033,input,1,994
MOD000033,input,2,708
MOD000033,IP,1,2220
MOD000033,IP,2,1644
MOD000034,input,1,149
MOD000034,input,2,165
MOD000034,IP,1,292
MOD000034,IP,2,301
MOD000035,input,1,924
MOD000035,input,2,1071
MOD000035,IP,1,1937
MOD000035,IP,2,2597
MOD000036,input,1,416
MOD000036,input,2,383
MOD000036,IP,1,495
MOD000036,IP,2,435
MOD000037,input,1,373
MOD000037,input,2,358
MOD000037,IP,1,547
MOD000037,IP,2,511
MOD000038,input,1,407
MOD000038,input,2,396
MOD000038,IP,1,1465
MOD000038,IP,2,1494
MOD000039,input,1,490
MOD000039,input,2,428
MOD000039,IP,1,641
MOD000039,IP,2,621
MOD000040,input,1,428
MOD000040,input,2,440
MOD000040,IP,1,895
MOD000040,IP,2,1058
MOD000041,input,1,260
MOD000041,input,2,254
MOD000041,IP,1,533
MOD000041,IP,2,471
MOD000042,input,1,453
MOD000042,input,2,597
MOD000042,IP,1,2198
MOD000042,IP,2,1473
MOD000043,input,1,393
MOD000043,input,2,334
MOD000043,IP,1,507
MOD000043,IP,2,604
MOD000044,input,1,271
MOD000044,input,2,304
MOD000044,IP,1,510
MOD000044,IP,2,537
MOD000045,input,1,539
MOD000045,input,2,360
MOD000045,IP,1,1182
MOD000045,IP,2,787
MOD000046,input,1,203
MOD000046,input,2,260
MOD000046,IP,1,345
MOD000046,IP,2,364
MOD000047,input,1,518
MOD000047,input,2,529
MOD000047,IP,1,622
MOD000047,IP,2,810
MOD000048,input,1,276
MOD000048,input,2,319
MOD000048,IP,1,1028
MOD000048,IP,2,754
MOD000049,input,1,152
MOD000049,input,2,135
MOD000049,IP,1,311
MOD000049,IP,2,388
MOD000050,input,1,338
MOD000050,input,2,350
MOD000050,IP,1,635
MOD000050,IP,2,736
MOD000051,input,1,445
MOD000051,input,2,368
MOD000051,IP,1,411
MOD000051,IP,2,682
MOD000052,input,1,408
MOD000052,input,2,527
MOD000052,IP,1,1406
MOD000052,IP,2,1643
MOD000053,input,1,481
MOD000053,input,2,515
MOD000053,IP,1,1044
MOD000053,IP,2,795
MOD000054,input,1,416
MOD000054,input,2,360
MOD000054,IP,1,1078
MOD000054,IP,2,765
MOD000055,input,1,462
MOD000055,input,2,413
MOD000055,IP,1,870
MOD000055,IP,2,975
MOD000056,input,1,445
MOD000056,input,2,536
MOD000056,IP,1,1271
MOD000056,IP,2,1113
MOD000057,input,1,470
MOD000057,input,2,375
MOD000057,IP,1,757
MOD000057,IP,2,1200
MOD000058,input,1,261
MOD000058,input,2,290
MOD000058,IP,1,531
MOD000058,IP,2,529
MOD000059,input,1,336
MOD000059,input,2,281
MOD000059,IP,1,1172
MOD000059,IP,2,821
MOD000060,input,1,297
MOD000060,input,2,283
MOD000060,IP,1,805
MOD000060,IP,2,601
MOD000061,input,1,704
MOD000061,input,2,930
MOD000061,IP,1,1483
MOD000061,IP,2,2336
MOD000062,input,1,493
MOD000062,input,2,520
MOD000062,IP,1,684
MOD000062,IP,2,776
MOD000063,input,1,469
MOD000063,input,2,454
MOD000063,IP,1,718
MOD000063,IP,2,723
MOD000064,input,1,522
MOD000064,input,2,466
MOD000064,IP,1,944
MOD000064,IP,2,937
MOD000065,input,1,443
MOD000065,input,2,615
MOD000065,IP,1,819
MOD000065,IP,2,629
MOD000066,input,1,524
MOD000066,input,2,425
MOD000066,IP,1,661
MOD000066,IP,2,509
MOD000067,input,1,208
MOD000067,input,2,171
MOD000067,IP,1,354
MOD000067,IP,2,350
MOD000068,input,1,543
MOD000068,input,2,591
MOD000068,IP,1,1200
MOD000068,IP,2,1013
MOD000069,input,1,690
MOD000069,input,2,658
MOD000069,IP,1,785
MOD000069,IP,2,956
MOD000070,input,1,785
MOD000070,input,2,882
MOD000070,IP,1,2472
MOD000070,IP,2,2606
MOD000071,input,1,680
MOD000071,input,2,687
MOD000071,IP,1,1516
MOD000071,IP,2,1325
MOD000072,input,1,611
MOD000072,input,2,609
MOD000072,IP,1,3633
MOD000072,IP,2,3387
MOD000073,input,1,483
MOD000073,input,2,710
MOD000073,IP,1,1216
MOD000073,IP,2,1893
MOD000074,input,1,342
MOD000074,input,2,454
MOD000074,IP,1,1368
MOD000074,IP,2,1331
MOD000075,input,1,143
MOD000075,input,2,146
MOD000075,IP,1,212
MOD000075,IP,2,215
MOD000076,input,1,448
MOD000076,input,2,371
MOD000076,IP,1,1386
MOD000076,IP,2,1471
MOD000077,input,1,915
MOD000077,input,2,758
MOD000077,IP,1,1773
MOD000077,IP,2,1449
MOD000078,input,1,545
MOD000078,input,2,465
MOD000078,IP,1,1023
MOD000078,IP,2,1327
MOD000079,input,1,635
MOD000079,input,2,776
MOD000079,IP,1,2050
MOD000079,IP,2,2092
MOD000080,input,1,630
MOD000080,input,2,466
MOD000080,IP,1,1144
MOD000080,IP,2,862
MOD000081,input,1,679
MOD000081,input,2,553
MOD000081,IP,1,995
MOD000081,IP,2,1454
MOD000082,input,1,507
MOD000082,input,2,469
MOD000082,IP,1,978
MOD000082,IP,2,917
MOD000083,input,1,214
MOD000083,input,2,218
MOD000083,IP,1,850
MOD000083,IP,2,777
MOD000084,input,1,568
MOD000084,input,2,440
MOD000084,IP,1,811
MOD000084,IP,2,1013
MOD000085,input,1,983
MOD000085,input,2,961
MOD000085,IP,1,1849
MOD000085,IP,2,1084
MOD000086,input,1,454
MOD000086,input,2,590
MOD000086,IP,1,1071
MOD000086,IP,2,1024
MOD000087,input,1,685
MOD000087,input,2,526
MOD000087,IP,1,1800
MOD000087,IP,2,1296
MOD000088,input,1,300
MOD000088,input,2,302
MOD000088,IP,1,593
MOD000088,IP,2,348
MOD000089,input,1,444
MOD000089,input,2,456
MOD000089,IP,1,982
MOD000089,IP,2,823
MOD000090,input,1,658
MOD000090,input,2,513
MOD000090,IP,1,604
MOD000090,IP,2,931
MOD000091,input,1,867
MOD000091,input,2,747
MOD000091,IP,1,1986
MOD000091,IP,2,1703
MOD000092,input,1,551
MOD000092,input,2,428
MOD000092,IP,1,1064
MOD000092,IP,2,1635
MOD000093,input,1,382
MOD000093,input,2,481
MOD000093,IP,1,902
MOD000093,IP,2,785
MOD000094,input,1,329
MOD000094,input,2,292
MOD000094,IP,1,789
MOD000094,IP,2,840
MOD000095,input,1,787
MOD000095,input,2,762
MOD000095,IP,1,2381
MOD000095,IP,2,1857
MOD000096,input,1,1083
MOD000096,input,2,1119
MOD000096,IP,1,1585
MOD000096,IP,2,1627
MOD000097,input,1,665
MOD000097,input,2,513
MOD000097,IP,1,859
MOD000097,IP,2,746
MOD000098,input,1,253
MOD000098,input,2,313
MOD000098,IP,1,414
MOD000098,IP,2,426
MOD000099,input,1,541
MOD000099,input,2,563
MOD000099,IP,1,886
MOD000099,IP,2,696
MOD000100,input,1,350
MOD000100,input,2,413
MOD000100,IP,1,915
MOD000100,IP,2,1008
MOD000101,input,1,275
MOD000101,input,2,237
MOD000101,IP,1,502
MOD000101,IP,2,463
MOD000102,input,1,115
MOD000102,input,2,156
MOD000102,IP,1,345
MOD000102,IP,2,233
MOD000103,input,1,798
MOD000103,input,2,695
MOD000103,IP,1,1336
MOD000103,IP,2,1272
MOD000104,input,1,750
MOD000104,input,2,694
MOD000104,IP,1,1444
MOD000104,IP,2,1370
MOD000105,input,1,629
MOD000105,input,2,444
MOD000105,IP,1,746
MOD000105,IP,2,963
MOD000106,input,1,616
MOD000106,input,2,605
MOD000106,IP,1,1273
MOD000106,IP,2,927
MOD000107,input,1,322
MOD000107,input,2,277
MOD000107,IP,1,293
MOD000107,IP,2,329
MOD000108,input,1,390
MOD000108,input,2,444
MOD000108,IP,1,408
MOD000108,IP,2,445
MOD000109,input,1,530
MOD000109,input,2,590
MOD000109,IP,1,583
MOD000109,IP,2,547
MOD000110,input,1,728
MOD000110,input,2,665
MOD000110,IP,1,1320
MOD000110,IP,2,1289
MOD000111,input,1,764
MOD000111,input,2,943
MOD000111,IP,1,1007
MOD000111,IP,2,1170
MOD000112,input,1,533
MOD000112,input,2,520
MOD000112,IP,1,1228
MOD000112,IP,2,1285
MOD000113,input,1,716
MOD000113,input,2,824
MOD000113,IP,1,1700
MOD000113,IP,2,1073
MOD000114,input,1,549
MOD000114,input,2,609
MOD000114,IP,1,885
MOD000114,IP,2,927
MOD000115,input,1,392
MOD000115,input,2,345
MOD000115,IP,1,720
MOD000115,IP,2,881
MOD000116,input,1,591
MOD000116,input,2,517
MOD000116,IP,1,1256
MOD000116,IP,2,2023
MOD000117,input,1,636
MOD000117,input,2,457
MOD000117,IP,1,1343
MOD000117,IP,2,1490
MOD000118,input,1,575
MOD000118,input,2,629
MOD000118,IP,1,1693
MOD000118,IP,2,1346
MOD000119,input,1,528
MOD000119,input,2,470
MOD000119,IP,1,1069
MOD000119,IP,2,1128
MOD000120,input,1,391
MOD000120,input,2,348
MOD000120,IP,1,1073
MOD000120,IP,2,1206
MOD000121,input,1,382
MOD000121,input,2,358
MOD000121,IP,1,774
MOD000121,IP,2,602
MOD000122,input,1,647
MOD000122,input,2,790
MOD000122,IP,1,1627
MOD000122,IP,2,2042
MOD000123,input,1,823
MOD000123,input,2,677
MOD000123,IP,1,1491
MOD000123,IP,2,1229
MOD000124,input,1,329
MOD000124,input,2,271
MOD000124,IP,1,726
MOD000124,IP,2,986
MOD000125,input,1,682
MOD000125,input,2,530
MOD000125,IP,1,897
MOD000125,IP,2,713
MOD000126,input,1,532
MOD000126,input,2,383
MOD000126,IP,1,1280
MOD000126,IP,2,1314
MOD000127,input,1,490
MOD000127,input,2,669
MOD000127,IP,1,1537
MOD000127,IP,2,1849
MOD000128,input,1,320
MOD000128,input,2,293
MOD000128,IP,1,519
MOD000128,IP,2,583
MOD000129,input,1,611
MOD000129,input,2,641
MOD000129,IP,1,1130
MOD000129,IP,2,1254
MOD000130,input,1,462
MOD000130,input,2,373
MOD000130,IP,1,683
MOD000130,IP,2,691
MOD000131,input,1,340
MOD000131,input,2,283
MOD000131,IP,1,1148
MOD000131,IP,2,938
MOD000132,input,1,252
MOD000132,input,2,254
MOD000132,IP,1,391
MOD000132,IP,2,288
MOD000133,input,1,933
MOD000133,input,2,987
MOD000133,IP,1,1581
MOD000133,IP,2,1681
MOD000134,input,1,417
MOD000134,input,2,489
MOD000134,IP,1,1409
MOD000134,IP,2,1425
MOD000135,input,1,394
MOD000135,input,2,370
MOD000135,IP,1,700
MOD000135,IP,2,915
MOD000136,input,1,369
MOD000136,input,2,366
MOD000136,IP,1,753
MOD000136,IP,2,1068
MOD000137,input,1,246
MOD000137,input,2,256
MOD000137,IP,1,644
MOD000137,IP,2,560
MOD000138,input,1,458
MOD000138,input,2,425
MOD000138,IP,1,876
MOD000138,IP,2,907
MOD000139,input,1,127
MOD000139,input,2,134
MOD000139,IP,1,345
MOD000139,IP,2,337
MOD000140,input,1,625
MOD000140,input,2,834
MOD000140,IP,1,963
MOD000140,IP,2,1223
MOD000141,input,1,663
MOD000141,input,2,605
MOD000141,IP,1,705
MOD000141,IP,2,870
MOD000142,input,1,1268
MOD000142,input,2,1133
MOD000142,IP,1,3856
MOD000142,IP,2,3031
MOD000143,input,1,507
MOD000143,input,2,596
MOD000143,IP,1,782
MOD000143,IP,2,752
MOD000144,input,1,558
MOD000144,input,2,440
MOD000144,IP,1,1033
MOD000144,IP,2,734
MOD000145,input,1,431
MOD000145,input,2,419
MOD000145,IP,1,573
MOD000145,IP,2,485
MOD000146,input,1,592
MOD000146,input,2,403
MOD000146,IP,1,2245
MOD000146,IP,2,1503
MOD000147,input,1,407
MOD000147,input,2,350
MOD000147,IP,1,1148
MOD000147,IP,2,729
MOD000148,input,1,323
MOD000148,input,2,351
MOD000148,IP,1,1425
MOD000148,IP,2,1205
MOD000149,input,1,245
MOD000149,input,2,296
MOD000149,IP,1,452
MOD000149,IP,2,542
MOD000150,input,1,423
MOD000150,input,2,332
MOD000150,IP,1,514
MOD000150,IP,2,440
MOD000151,input,1,288
MOD000151,input,2,260
MOD000151,IP,1,318
MOD000151,IP,2,486
MOD000152,input,1,533
MOD000152,input,2,456
MOD000152,IP,1,1324
MOD000152,IP,2,850
MOD000153,input,1,250
MOD000153,input,2,256
MOD000153,IP,1,761
MOD000153,IP,2,868
MOD000154,input,1,593
MOD000154,input,2,699
MOD000154,IP,1,2483
MOD000154,IP,2,2393
MOD000155,input,1,656
MOD000155,input,2,765
MOD000155,IP,1,1764
MOD000155,IP,2,1161
MOD000156,input,1,490
MOD000156,input,2,548
MOD000156,IP,1,459
MOD000156,IP,2,665
MOD000157,input,1,512
MOD000157,input,2,708
MOD000157,IP,1,1917
MOD000157,IP,2,1282
MOD000158,input,1,431
MOD000158,input,2,551
MOD000158,IP,1,1315
MOD000158,IP,2,1318
MOD000159,input,1,161
MOD000159,input,2,187
MOD000159,IP,1,398
MOD000159,IP,2,367
MOD000160,input,1,189
MOD000160,input,2,177
MOD000160,IP,1,665
MOD000160,IP,2,674
MOD000161,input,1,304
MOD000161,input,2,286
MOD000161,IP,1,431
MOD000161,IP,2,411
MOD000162,input,1,428
MOD000162,input,2,426
MOD000162,IP,1,660
MOD000162,IP,2,749
MOD000163,input,1,393
MOD000163,input,2,355
MOD000163,IP,1,707
MOD000163,IP,2,446
MOD000164,input,1,981
MOD000164,input,2,867
MOD000164,IP,1,1589
MOD000164,IP,2,1398
MOD000165,input,1,455
MOD000165,input,2,440
MOD000165,IP,1,1968
MOD000165,IP,2,1417
MOD000166,input,1,386
MOD000166,input,2,498
MOD000166,IP,1,1219
MOD000166,IP,2,869
MOD000167,input,1,545
MOD000167,input,2,520
MOD000167,IP,1,1614
MOD000167,IP,2,1149
MOD000168,input,1,340
MOD000168,input,2,353
MOD000168,IP,1,675
MOD000168,IP,2,450
MOD000169,input,1,343
MOD000169,input,2,399
MOD000169,IP,1,568
MOD000169,IP,2,890
MOD000170,input,1,502
MOD000170,input,2,407
MOD000170,IP,1,527
MOD000170,IP,2,842
MOD000171,input,1,424
MOD000171,input,2,561
MOD000171,IP,1,820
MOD000171,IP,2,809
MOD000172,input,1,496
MOD000172,input,2,456
MOD000172,IP,1,451
MOD000172,IP,2,789
MOD000173,input,1,529
MOD000173,input,2,460
MOD000173,IP,1,712
MOD000173,IP,2,828
MOD000174,input,1,511
MOD000174,input,2,713
MOD000174,IP,1,880
MOD000174,IP,2,1068
MOD000175,input,1,335
MOD000175,input,2,303
MOD000175,IP,1,583
MOD000175,IP,2,575
MOD000176,input,1,857
MOD000176,input,2,848
MOD000176,IP,1,2463
MOD000176,IP,2,2493
MOD000177,input,1,1129
MOD000177,input,2,1117
MOD000177,IP,1,1659
MOD000177,IP,2,1333
MOD000178,input,1,241
MOD000178,input,2,228
MOD000178,IP,1,380
MOD000178,IP,2,379
MOD000179,input,1,1328
MOD000179,input,2,1149
MOD000179,IP,1,1959
MOD000179,IP,2,2240
MOD000180,input,1,869
MOD000180,input,2,927
MOD000180,IP,1,1002
MOD000180,IP,2,1178
MOD000181,input,1,432
MOD000181,input,2,402
MOD000181,IP,1,688
MOD000181,IP,2,730
MOD000182,input,1,473
MOD000182,input,2,481
MOD000182,IP,1,1799
MOD000182,IP,2,2217
MOD000183,input,1,488
MOD000183,input,2,508
MOD000183,IP,1,891
MOD000183,IP,2,1031
MOD000184,input,1,677
MOD000184,input,2,977
MOD000184,IP,1,876
MOD000184,IP,2,777
MOD000185,input,1,166
MOD000185,input,2,151
MOD000185,IP,1,315
MOD000185,IP,2,518
MOD000186,input,1,460
MOD000186,input,2,520
MOD000186,IP,1,615
MOD000186,IP,2,680
MOD000187,input,1,348
MOD000187,input,2,368
MOD000187,IP,1,371
MOD000187,IP,2,471
MOD000188,input,1,318
MOD000188,input,2,237
MOD000188,IP,1,486
MOD000188,IP,2,432
MOD000189,input,1,649
MOD000189,input,2,670
MOD000189,IP,1,1630
MOD000189,IP,2,1402
MOD000190,input,1,510
MOD000190,input,2,615
MOD000190,IP,1,1452
MOD000190,IP,2,1284
MOD000191,input,1,527
MOD000191,input,2,476
MOD000191,IP,1,887
MOD000191,IP,2,809
MOD000192,input,1,385
MOD000192,input,2,355
MOD000192,IP,1,816
MOD000192,IP,2,576
MOD000193,input,1,383
MOD000193,input,2,328
MOD000193,IP,1,480
MOD000193,IP,2,620
MOD000194,input,1,891
MOD000194,input,2,873
MOD000194,IP,1,1566
MOD000194,IP,2,2051
MOD000195,input,1,401
MOD000195,input,2,379
MOD000195,IP,1,612
MOD000195,IP,2,628
MOD000196,input,1,297
MOD000196,input,2,219
MOD000196,IP,1,466
MOD000196,IP,2,435
MOD000197,input,1,437
MOD000197,input,2,531
MOD000197,IP,1,1085
MOD000197,IP,2,872
MOD000198,input,1,243
MOD000198,input,2,269
MOD000198,IP,1,780
MOD000198,IP,2,511
MOD000199,input,1,299
MOD000199,input,2,221
MOD000199,IP,1,745
MOD000199,IP,2,1013
MOD000200,input,1,194
MOD000200,input,2,239
MOD000200,IP,1,376
MOD000200,IP,2,578
MOD000201,input,1,707
MOD000201,input,2,713
MOD000201,IP,1,1903
MOD000201,IP,2,1726
MOD000202,input,1,350
MOD000202,input,2,286
MOD000202,IP,1,737
MOD000202,IP,2,478
MOD000203,input,1,609
MOD000203,input,2,567
MOD000203,IP,1,1161
MOD000203,IP,2,840
MOD000204,input,1,821
MOD000204,input,2,770
MOD000204,IP,1,1934
MOD000204,IP,2,3284
MOD000205,input,1,168
MOD000205,input,2,218
MOD000205,IP,1,285
MOD000205,IP,2,394
MOD000206,input,1,790
MOD000206,input,2,616
MOD000206,IP,1,2194
MOD000206,IP,2,1402
MOD000207,input,1,125
MOD000207,input,2,115
MOD000207,IP,1,501
MOD000207,IP,2,321
MOD000208,input,1,353
MOD000208,input,2,414
MOD000208,IP,1,1422
MOD000208,IP,2,943
MOD000209,input,1,454
MOD000209,input,2,468
MOD000209,IP,1,876
MOD000209,IP,2,844
MOD000210,input,1,456
MOD000210,input,2,559
MOD000210,IP,1,1298
MOD000210,IP,2,1870
MOD000211,input,1,549
MOD000211,input,2,588
MOD000211,IP,1,1403
MOD000211,IP,2,1084
MOD000212,input,1,1272
MOD000212,input,2,1244
MOD000212,IP,1,1173
MOD000212,IP,2,1408
MOD000213,input,1,157
MOD000213,input,2,188
MOD000213,IP,1,179
MOD000213,IP,2,179
MOD000214,input,1,489
MOD000214,input,2,548
MOD000214,IP,1,1215
MOD000214,IP,2,925
MOD000215,input,1,369
MOD000215,input,2,350
MOD000215,IP,1,728
MOD000215,IP,2,687
MOD000216,input,1,605
MOD000216,input,2,490
MOD000216,IP,1,615
MOD000216,IP,2,684
MOD000217,input,1,550
MOD000217,input,2,518
MOD000217,IP,1,1727
MOD000217,IP,2,942
MOD000218,input,1,1136
MOD000218,input,2,1125
MOD000218,IP,1,1776
MOD000218,IP,2,1737
MOD000219,input,1,164
MOD000219,input,2,189
MOD000219,IP,1,451
MOD000219,IP,2,448
MOD000220,input,1,1106
MOD000220,input,2,1134
MOD000220,IP,1,1119
MOD000220,IP,2,1273
MOD000221,input,1,277
MOD000221,input,2,270
MOD000221,IP,1,360
MOD000221,IP,2,636
MOD000222,input,1,220
MOD000222,input,2,241
MOD000222,IP,1,433
MOD000222,IP,2,374
MOD000223,input,1,177
MOD000223,input,2,218
MOD000223,IP,1,519
MOD000223,IP,2,540
MOD000224,input,1,302
MOD000224,input,2,348
MOD000224,IP,1,829
MOD000224,IP,2,647
MOD000225,input,1,679
MOD000225,input,2,700
MOD000225,IP,1,3073
MOD000225,IP,2,2010
MOD000226,input,1,583
MOD000226,input,2,462
MOD000226,IP,1,2025
MOD000226,IP,2,1882
MOD000227,input,1,488
MOD000227,input,2,424
MOD000227,IP,1,1010
MOD000227,IP,2,1037
MOD000228,input,1,430
MOD000228,input,2,487
MOD000228,IP,1,1024
MOD000228,IP,2,934
MOD000229,input,1,232
MOD000229,input,2,182
MOD000229,IP,1,462
MOD000229,IP,2,445
MOD000230,input,1,450
MOD000230,input,2,512
MOD000230,IP,1,669
MOD000230,IP,2,1136
MOD000231,input,1,619
MOD000231,input,2,796
MOD000231,IP,1,906
MOD000231,IP,2,903
MOD000232,input,1,441
MOD000232,input,2,396
MOD000232,IP,1,1191
MOD000232,IP,2,1562
MOD000233,input,1,608
MOD000233,input,2,814
MOD000233,IP,1,2624
MOD000233,IP,2,2265
MOD000234,input,1,239
MOD000234,input,2,254
MOD000234,IP,1,234
MOD000234,IP,2,326
MOD000235,input,1,345
MOD000235,input,2,306
MOD000235,IP,1,571
MOD000235,IP,2,681
MOD000236,input,1,524
MOD000236,input,2,452
MOD000236,IP,1,694
MOD000236,IP,2,1157
MOD000237,input,1,545
MOD000237,input,2,469
MOD000237,IP,1,581
MOD000237,IP,2,566
MOD000238,input,1,709
MOD000238,input,2,610
MOD000238,IP,1,926
MOD000238,IP,2,1094
MOD000239,input,1,639
MOD000239,input,2,584
MOD000239,IP,1,1638
MOD000239,IP,2,971
MOD000240,input,1,310
MOD000240,input,2,371
MOD000240,IP,1,1527
MOD000240,IP,2,1463
MOD000241,input,1,715
MOD000241,input,2,682
MOD000241,IP,1,1562
MOD000241,IP,2,1806
MOD000242,input,1,551
MOD000242,input,2,613
MOD000242,IP,1,1369
MOD000242,IP,2,1109
MOD000243,input,1,257
MOD000243,input,2,349
MOD000243,IP,1,389
MOD000243,IP,2,631
MOD000244,input,1,418
MOD000244,input,2,514
MOD000244,IP,1,1126
MOD000244,IP,2,1408
MOD000245,input,1,536
MOD000245,input,2,500
MOD000245,IP,1,439
MOD000245,IP,2,531
MOD000246,input,1,602
MOD000246,input,2,572
MOD000246,IP,1,1256
MOD000246,IP,2,1378
MOD000247,input,1,344
MOD000247,input,2,358
MOD000247,IP,1,512
MOD000247,IP,2,417
MOD000248,input,1,185
MOD000248,input,2,242
MOD000248,IP,1,396
MOD000248,IP,2,250
MOD000249,input,1,909
MOD000249,input,2,1085
MOD000249,IP,1,1361
MOD000249,IP,2,1655
MOD000250,input,1,466
MOD000250,input,2,509
MOD000250,IP,1,889
MOD000250,IP,2,841
MOD000251,input,1,452
MOD000251,input,2,469
MOD000251,IP,1,926
MOD000251,IP,2,549
MOD000252,input,1,319
MOD000252,input,2,300
MOD000252,IP,1,700
MOD000252,IP,2,791
MOD000253,input,1,556
MOD000253,input,2,788
MOD000253,IP,1,2689
MOD000253,IP,2,1860
MOD000254,input,1,931
MOD000254,input,2,897
MOD000254,IP,1,1749
MOD000254,IP,2,1009
MOD000255,input,1,350
MOD000255,input,2,280
MOD000255,IP,1,832
MOD000255,IP,2,1083
MOD000256,input,1,681
MOD000256,input,2,821
MOD000256,IP,1,1863
MOD000256,IP,2,1650
MOD000257,input,1,279
MOD000257,input,2,348
MOD000257,IP,1,474
MOD000257,IP,2,417
MOD000258,input,1,688
MOD000258,input,2,633
MOD000258,IP,1,681
MOD000258,IP,2,826
MOD000259,input,1,479
MOD000259,input,2,474
MOD000259,IP,1,690
MOD000259,IP,2,810
MOD000260,input,1,653
MOD000260,input,2,539
MOD000260,IP,1,1759
MOD000260,IP,2,1815
MOD000261,input,1,734
MOD000261,input,2,671
MOD000261,IP,1,694
MOD000261,IP,2,815
MOD000262,input,1,403
MOD000262,input,2,366
MOD000262,IP,1,620
MOD000262,IP,2,646
MOD000263,input,1,202
MOD000263,input,2,228
MOD000263,IP,1,282
MOD000263,IP,2,381
MOD000264,input,1,891
MOD000264,input,2,822
MOD000264,IP,1,1368
MOD000264,IP,2,1075
MOD000265,input,1,410
MOD000265,input,2,428
MOD000265,IP,1,910
MOD000265,IP,2,794
MOD000266,input,1,621
MOD000266,input,2,494
MOD000266,IP,1,946
MOD000266,IP,2,614
MOD000267,input,1,876
MOD000267,input,2,657
MOD000267,IP,1,1554
MOD000267,IP,2,1581
MOD000268,input,1,714
MOD000268,input,2,624
MOD000268,IP,1,1374
MOD000268,IP,2,1788
MOD000269,input,1,523
MOD000269,input,2,494
MOD000269,IP,1,566
MOD000269,IP,2,601
MOD000270,input,1,638
MOD000270,input,2,664
MOD000270,IP,1,1321
MOD000270,IP,2,1123
MOD000271,input,1,720
MOD000271,input,2,613
MOD000271,IP,1,1424
MOD000271,IP,2,1720
MOD000272,input,1,272
MOD000272,input,2,222
MOD000272,IP,1,428
MOD000272,IP,2,503
MOD000273,input,1,226
MOD000273,input,2,247
MOD000273,IP,1,323
MOD000273,IP,2,381
MOD000274,input,1,309
MOD000274,input,2,307
MOD000274,IP,1,636
MOD000274,IP,2,858
MOD000275,input,1,771
MOD000275,input,2,739
MOD000275,IP,1,1673
MOD000275,IP,2,1274
MOD000276,input,1,526
MOD000276,input,2,586
MOD000276,IP,1,1341
MOD000276,IP,2,1307
MOD000277,input,1,462
MOD000277,input,2,351
MOD000277,IP,1,1030
MOD000277,IP,2,942
MOD000278,input,1,647
MOD000278,input,2,558
MOD000278,IP,1,1059
MOD000278,IP,2,1213
MOD000279,input,1,763
MOD000279,input,2,786
MOD000279,IP,1,1786
MOD000279,IP,2,1598
MOD000280,input,1,466
MOD000280,input,2,437
MOD000280,IP,1,962
MOD000280,IP,2,983
MOD000281,input,1,886
MOD000281,input,2,888
MOD000281,IP,1,1387
MOD000281,IP,2,1963
MOD000282,input,1,663
MOD000282,input,2,831
MOD000282,IP,1,1747
MOD000282,IP,2,1181
MOD000283,input,1,844
MOD000283,input,2,990
MOD000283,IP,1,1978
MOD000283,IP,2,1695
MOD000284,input,1,865
MOD000284,input,2,752
MOD000284,IP,1,1649
MOD000284,IP,2,1841
MOD000285,input,1,356
MOD000285,input,2,380
MOD000285,IP,1,718
MOD000285,IP,2,575
MOD000286,input,1,394
MOD000286,input,2,404
MOD000286,IP,1,1029
MOD000286,IP,2,1281
MOD000287,input,1,263
MOD000287,input,2,316
MOD000287,IP,1,515
MOD000287,IP,2,505
MOD000288,input,1,480
MOD000288,input,2,369
MOD000288,IP,1,768
MOD000288,IP,2,808
MOD000289,input,1,260
MOD000289,input,2,308
MOD000289,IP,1,259
MOD000289,IP,2,463
MOD000290,input,1,286
MOD000290,input,2,294
MOD000290,IP,1,365
MOD000290,IP,2,478
MOD000291,input,1,519
MOD000291,input,2,523
MOD000291,IP,1,736
MOD000291,IP,2,1022
MOD000292,input,1,150
MOD000292,input,2,155
MOD000292,IP,1,198
MOD000292,IP,2,301
MOD000293,input,1,476
MOD000293,input,2,407
MOD000293,IP,1,726
MOD000293,IP,2,899
MOD000294,input,1,136
MOD000294,input,2,195
MOD000294,IP,1,453
MOD000294,IP,2,392
MOD000295,input,1,439
MOD000295,input,2,424
MOD000295,IP,1,706
MOD000295,IP,2,824
MOD000296,input,1,212
MOD000296,input,2,264
MOD000296,IP,1,719
MOD000296,IP,2,779
MOD000297,input,1,569
MOD000297,input,2,431
MOD000297,IP,1,1042
MOD000297,IP,2,932
MOD000298,input,1,456
MOD000298,input,2,418
MOD000298,IP,1,482
MOD000298,IP,2,464
MOD000299,input,1,214
MOD000299,input,2,191
MOD000299,IP,1,525
MOD000299,IP,2,473
MOD000300,input,1,647
MOD000300,input,2,783
MOD000300,IP,1,2314
MOD000300,IP,2,1686
MOD000301,input,1,369
MOD000301,input,2,475
MOD000301,IP,1,1113
MOD000301,IP,2,1562
MOD000302,input,1,729
MOD000302,input,2,742
MOD000302,IP,1,1692
MOD000302,IP,2,2444
MOD000303,input,1,803
MOD000303,input,2,751
MOD000303,IP,1,1530
MOD000303,IP,2,871
MOD000304,input,1,771
MOD000304,input,2,754
MOD000304,IP,1,1037
MOD000304,IP,2,1132
MOD000305,input,1,442
MOD000305,input,2,372
MOD000305,IP,1,990
MOD000305,IP,2,820
MOD000306,input,1,309
MOD000306,input,2,279
MOD000306,IP,1,928
MOD000306,IP,2,811
MOD000307,input,1,417
MOD000307,input,2,426
MOD000307,IP,1,563
MOD000307,IP,2,663
MOD000308,input,1,203
MOD000308,input,2,268
MOD000308,IP,1,369
MOD000308,IP,2,259
MOD000309,input,1,458
MOD000309,input,2,397
MOD000309,IP,1,1029
MOD000309,IP,2,1033
MOD000310,input,1,447
MOD000310,input,2,438
MOD000310,IP,1,2488
MOD000310,IP,2,2145
MOD000311,input,1,778
MOD000311,input,2,983
MOD000311,IP,1,1131
MOD000311,IP,2,1515
MOD000312,input,1,432
MOD000312,input,2,425
MOD000312,IP,1,940
MOD000312,IP,2,959
MOD000313,input,1,564
MOD000313,input,2,713
MOD000313,IP,1,609
MOD000313,IP,2,694
MOD000314,input,1,1096
MOD000314,input,2,1195
MOD000314,IP,1,1118
MOD000314,IP,2,1172
MOD000315,input,1,773
MOD000315,input,2,579
MOD000315,IP,1,2146
MOD000315,IP,2,2338
MOD000316,input,1,536
MOD000316,input,2,466
MOD000316,IP,1,688
MOD000316,IP,2,935
MOD000317,input,1,273
MOD000317,input,2,385
MOD000317,IP,1,803
MOD000317,IP,2,985
MOD000318,input,1,383
MOD000318,input,2,375
MOD000318,IP,1,540
MOD000318,IP,2,810
MOD000319,input,1,235
MOD000319,input,2,236
MOD000319,IP,1,281
MOD000319,IP,2,312
MOD000320,input,1,162
MOD000320,input,2,176
MOD000320,IP,1,361
MOD000320,IP,2,349
MOD000321,input,1,644
MOD000321,input,2,666
MOD000321,IP,1,1702
MOD000321,IP,2,1328
MOD000322,input,1,281
MOD000322,input,2,285
MOD000322,IP,1,730
MOD000322,IP,2,589
MOD000323,input,1,653
MOD000323,input,2,854
MOD000323,IP,1,1554
MOD000323,IP,2,1506
MOD000324,input,1,272
MOD000324,input,2,240
MOD000324,IP,1,380
MOD000324,IP,2,379
MOD000325,input,1,259
MOD000325,input,2,366
MOD000325,IP,1,810
MOD000325,IP,2,828
MOD000326,input,1,491
MOD000326,input,2,484
MOD000326,IP,1,1340
MOD000326,IP,2,2063
MOD000327,input,1,700
MOD000327,input,2,661
MOD000327,IP,1,1250
MOD000327,IP,2,1020
MOD000328,input,1,395
MOD000328,input,2,358
MOD000328,IP,1,530
MOD000328,IP,2,558
MOD000329,input,1,271
MOD000329,input,2,225
MOD000329,IP,1,341
MOD000329,IP,2,270
MOD000330,input,1,557
MOD000330,input,2,611
MOD000330,IP,1,1189
MOD000330,IP,2,1956
MOD000331,input,1,709
MOD000331,input,2,724
MOD000331,IP,1,2094
MOD000331,IP,2,1832
MOD000332,input,1,759
MOD000332,input,2,965
MOD000332,IP,1,1361
MOD000332,IP,2,951
MOD000333,input,1,287
MOD000333,input,2,315
MOD000333,IP,1,860
MOD000333,IP,2,614
MOD000334,input,1,146
MOD000334,input,2,213
MOD000334,IP,1,258
MOD000334,IP,2,247
MOD000335,input,1,345
MOD000335,input,2,315
MOD000335,IP,1,454
MOD000335,IP,2,525
MOD000336,input,1,1317
MOD000336,input,2,1510
MOD000336,IP,1,3061
MOD000336,IP,2,2764
MOD000337,input,1,382
MOD000337,input,2,368
MOD000337,IP,1,451
MOD000337,IP,2,527
MOD000338,input,1,366
MOD000338,input,2,305
MOD000338,IP,1,1134
MOD000338,IP,2,1271
MOD000339,input,1,835
MOD000339,input,2,712
MOD000339,IP,1,1441
MOD000339,IP,2,1657
MOD000340,input,1,305
MOD000340,input,2,248
MOD000340,IP,1,459
MOD000340,IP,2,474
MOD000341,input,1,737
MOD000341,input,2,798
MOD000341,IP,1,898
MOD000341,IP,2,1290
MOD000342,input,1,502
MOD000342,input,2,503
MOD000342,IP,1,841
MOD000342,IP,2,875
MOD000343,input,1,594
MOD000343,input,2,723
MOD000343,IP,1,1560
MOD000343,IP,2,1281
MOD000344,input,1,724
MOD000344,input,2,787
MOD000344,IP,1,1473
MOD000344,IP,2,1432
MOD000345,input,1,468
MOD000345,input,2,576
MOD000345,IP,1,1359
MOD000345,IP,2,1322
MOD000346,input,1,330
MOD000346,input,2,348
MOD000346,IP,1,504
MOD000346,IP,2,602
MOD000347,input,1,402
MOD000347,input,2,521
MOD000347,IP,1,801
MOD000347,IP,2,941
MOD000348,input,1,369
MOD000348,input,2,384
MOD000348,IP,1,1095
MOD000348,IP,2,892
MOD000349,input,1,296
MOD000349,input,2,309
MOD000349,IP,1,394
MOD000349,IP,2,316
MOD000350,input,1,331
MOD000350,input,2,334
MOD000350,IP,1,733
MOD000350,IP,2,509
MOD000351,input,1,337
MOD000351,input,2,451
MOD000351,IP,1,550
MOD000351,IP,2,927
MOD000352,input,1,826
MOD000352,input,2,621
MOD000352,IP,1,1528
MOD000352,IP,2,1190
MOD000353,input,1,397
MOD000353,input,2,400
MOD000353,IP,1,643
MOD000353,IP,2,1008
MOD000354,input,1,531
MOD000354,input,2,454
MOD000354,IP,1,1514
MOD000354,IP,2,1098
MOD000355,input,1,316
MOD000355,input,2,306
MOD000355,IP,1,635
MOD000355,IP,2,778
MOD000356,input,1,612
MOD000356,input,2,466
MOD000356,IP,1,1066
MOD000356,IP,2,1009
MOD000357,input,1,416
MOD000357,input,2,455
MOD000357,IP,1,964
MOD000357,IP,2,1134
MOD000358,input,1,563
MOD000358,input,2,433
MOD000358,IP,1,1164
MOD000358,IP,2,885
MOD000359,input,1,909
MOD000359,input,2,752
MOD000359,IP,1,1932
MOD000359,IP,2,1518
MOD000360,input,1,498
MOD000360,input,2,565
MOD000360,IP,1,1628
MOD000360,IP,2,1112
MOD000361,input,1,282
MOD000361,input,2,327
MOD000361,IP,1,465
MOD000361,IP,2,653
MOD000362,input,1,681
MOD000362,input,2,733
MOD000362,IP,1,2189
MOD000362,IP,2,1838
MOD000363,input,1,145
MOD000363,input,2,161
MOD000363,IP,1,253
MOD000363,IP,2,252
MOD000364,input,1,860
MOD000364,input,2,599
MOD000364,IP,1,1943
MOD000364,IP,2,1742
MOD000365,input,1,642
MOD000365,input,2,662
MOD000365,IP,1,2084
MOD000365,IP,2,1271
MOD000366,input,1,501
MOD000366,input,2,593
MOD000366,IP,1,1161
MOD000366,IP,2,1240
MOD000367,input,1,1002
MOD000367,input,2,843
MOD000367,IP,1,1383
MOD000367,IP,2,1461
MOD000368,input,1,380
MOD000368,input,2,349
MOD000368,IP,1,779
MOD000368,IP,2,613
MOD000369,input,1,723
MOD000369,input,2,827
MOD000369,IP,1,1199
MOD000369,IP,2,1230
MOD000370,input,1,260
MOD000370,input,2,294
MOD000370,IP,1,600
MOD000370,IP,2,657
MOD000371,input,1,335
MOD000371,input,2,283
MOD000371,IP,1,315
MOD000371,IP,2,299
MOD000372,input,1,347
MOD000372,input,2,408
MOD000372,IP,1,660
MOD000372,IP,2,596
MOD000373,input,1,670
MOD000373,input,2,804
MOD000373,IP,1,1770
MOD000373,IP,2,1523
MOD000374,input,1,150
MOD000374,input,2,109
MOD000374,IP,1,342
MOD000374,IP,2,258
MOD000375,input,1,729
MOD000375,input,2,778
MOD000375,IP,1,2210
MOD000375,IP,2,1532
MOD000376,input,1,282
MOD000376,input,2,355
MOD000376,IP,1,835
MOD000376,IP,2,540
MOD000377,input,1,490
MOD000377,input,2,474
MOD000377,IP,1,1008
MOD000377,IP,2,1259
MOD000378,input,1,139
MOD000378,input,2,116
MOD000378,IP,1,257
MOD000378,IP,2,291
MOD000379,input,1,337
MOD000379,input,2,378
MOD000379,IP,1,609
MOD000379,IP,2,478
MOD000380,input,1,315
MOD000380,input,2,235
MOD000380,IP,1,988
MOD000380,IP,2,1007
MOD000381,input,1,473
MOD000381,input,2,636
MOD000381,IP,1,1080
MOD000381,IP,2,1154
MOD000382,input,1,352
MOD000382,input,2,290
MOD000382,IP,1,505
MOD000382,IP,2,588
MOD000383,input,1,157
MOD000383,input,2,177
MOD000383,IP,1,470
MOD000383,IP,2,311
MOD000384,input,1,377
MOD000384,input,2,282
MOD000384,IP,1,558
MOD000384,IP,2,522
MOD000385,input,1,366
MOD000385,input,2,387
MOD000385,IP,1,717
MOD000385,IP,2,776
MOD000386,input,1,701
MOD000386,input,2,703
MOD000386,IP,1,1694
MOD000386,IP,2,1660
MOD000387,input,1,373
MOD000387,input,2,503
MOD000387,IP,1,1709
MOD000387,IP,2,1188
MOD000388,input,1,295
MOD000388,input,2,295
MOD000388,IP,1,1223
MOD000388,IP,2,901
MOD000389,input,1,399
MOD000389,input,2,366
MOD000389,IP,1,497
MOD000389,IP,2,389
MOD000390,input,1,234
MOD000390,input,2,231
MOD000390,IP,1,319
MOD000390,IP,2,530
MOD000391,input,1,463
MOD000391,input,2,494
MOD000391,IP,1,1541
MOD000391,IP,2,1163
MOD000392,input,1,685
MOD000392,input,2,866
MOD000392,IP,1,1039
MOD000392,IP,2,1702
MOD000393,input,1,668
MOD000393,input,2,661
MOD000393,IP,1,3277
MOD000393,IP,2,3152
MOD000394,input,1,465
MOD000394,input,2,408
MOD000394,IP,1,1384
MOD000394,IP,2,1037
MOD000395,input,1,443
MOD000395,input,2,385
MOD000395,IP,1,518
MOD000395,IP,2,668
MOD000396,input,1,389
MOD000396,input,2,375
MOD000396,IP,1,806
MOD000396,IP,2,645
MOD000397,input,1,367
MOD000397,input,2,321
MOD000397,IP,1,736
MOD000397,IP,2,596
MOD000398,input,1,370
MOD000398,input,2,402
MOD000398,IP,1,726
MOD000398,IP,2,438
MOD000399,input,1,500
MOD000399,input,2,660
MOD000399,IP,1,905
MOD000399,IP,2,811
MOD000400,input,1,508
MOD000400,input,2,570
MOD000400,IP,1,2029
MOD000400,IP,2,1342
MOD000401,input,1,746
MOD000401,input,2,626
MOD000401,IP,1,1482
MOD000401,IP,2,1698
MOD000402,input,1,311
MOD000402,input,2,414
MOD000402,IP,1,1346
MOD000402,IP,2,1062
MOD000403,input,1,915
MOD000403,input,2,944
MOD000403,IP,1,2540
MOD000403,IP,2,1725
MOD000404,input,1,296
MOD000404,input,2,332
MOD000404,IP,1,484
MOD000404,IP,2,823
MOD000405,input,1,363
MOD000405,input,2,357
MOD000405,IP,1,787
MOD000405,IP,2,914
MOD000406,input,1,194
MOD000406,input,2,238
MOD000406,IP,1,201
MOD000406,IP,2,304
MOD000407,input,1,159
MOD000407,input,2,180
MOD000407,IP,1,681
MOD000407,IP,2,707
MOD000408,input,1,456
MOD000408,input,2,400
MOD000408,IP,1,946
MOD000408,IP,2,604
MOD000409,input,1,479
MOD000409,input,2,563
MOD000409,IP,1,1269
MOD000409,IP,2,1077
MOD000410,input,1,518
MOD000410,input,2,625
MOD000410,IP,1,1440
MOD000410,IP,2,1447
MOD000411,input,1,580
MOD000411,input,2,572
MOD000411,IP,1,885
MOD000411,IP,2,1253
MOD000412,input,1,361
MOD000412,input,2,405
MOD000412,IP,1,993
MOD000412,IP,2,1416
MOD000413,input,1,302
MOD000413,input,2,289
MOD000413,IP,1,576
MOD000413,IP,2,662
MOD000414,input,1,50
MOD000414,input,2,53
MOD000414,IP,1,150
MOD000414,IP,2,150
MOD000415,input,1,491
MOD000415,input,2,506
MOD000415,IP,1,1211
MOD000415,IP,2,1020
MOD000416,input,1,619
MOD000416,input,2,630
MOD000416,IP,1,2060
MOD000416,IP,2,1683
MOD000417,input,1,684
MOD000417,input,2,581
MOD000417,IP,1,1606
MOD000417,IP,2,1728
MOD000418,input,1,681
MOD000418,input,2,569
MOD000418,IP,1,1739
MOD000418,IP,2,1840
MOD000419,input,1,680
MOD000419,input,2,811
MOD000419,IP,1,1121
MOD000419,IP,2,1163
MOD000420,input,1,383
MOD000420,input,2,417
MOD000420,IP,1,845
MOD000420,IP,2,810
MOD000421,input,1,319
MOD000421,input,2,319
MOD000421,IP,1,560
MOD000421,IP,2,579
MOD000422,input,1,454
MOD000422,input,2,392
MOD000422,IP,1,770
MOD000422,IP,2,735
MOD000423,input,1,538
MOD000423,input,2,587
MOD000423,IP,1,595
MOD000423,IP,2,464
MOD000424,input,1,474
MOD000424,input,2,520
MOD000424,IP,1,520
MOD000424,IP,2,571
MOD000425,input,1,826
MOD000425,input,2,759
MOD000425,IP,1,1877
MOD000425,IP,2,1749
MOD000426,input,1,633
MOD000426,input,2,689
MOD000426,IP,1,721
MOD000426,IP,2,758
MOD000427,input,1,348
MOD000427,input,2,314
MOD000427,IP,1,855
MOD000427,IP,2,1213
MOD000428,input,1,682
MOD000428,input,2,712
MOD000428,IP,1,1396
MOD000428,IP,2,1308
MOD000429,input,1,348
MOD000429,input,2,350
MOD000429,IP,1,911
MOD000429,IP,2,1167
MOD000430,input,1,576
MOD000430,input,2,735
MOD000430,IP,1,1046
MOD000430,IP,2,1580
MOD000431,input,1,339
MOD000431,input,2,427
MOD000431,IP,1,1107
MOD000431,IP,2,1226
MOD000432,input,1,513
MOD000432,input,2,531
MOD000432,IP,1,927
MOD000432,IP,2,1271
MOD000433,input,1,545
MOD000433,input,2,788
MOD000433,IP,1,1032
MOD000433,IP,2,1078
MOD000434,input,1,294
MOD000434,input,2,302
MOD000434,IP,1,312
MOD000434,IP,2,376
MOD000435,input,1,922
MOD000435,input,2,1232
MOD000435,IP,1,2240
MOD000435,IP,2,1863
MOD000436,input,1,363
MOD000436,input,2,414
MOD000436,IP,1,419
MOD000436,IP,2,655
MOD000437,input,1,881
MOD000437,input,2,782
MOD000437,IP,1,3150
MOD000437,IP,2,2470
MOD000438,input,1,384
MOD000438,input,2,361
MOD000438,IP,1,361
MOD000438,IP,2,512
MOD000439,input,1,393
MOD000439,input,2,410
MOD000439,IP,1,634
MOD000439,IP,2,980
MOD000440,input,1,596
MOD000440,input,2,740
MOD000440,IP,1,1776
MOD000440,IP,2,1178
MOD000441,input,1,721
MOD000441,input,2,544
MOD000441,IP,1,1230
MOD000441,IP,2,1149
MOD000442,input,1,588
MOD000442,input,2,442
MOD000442,IP,1,917
MOD000442,IP,2,843
MOD000443,input,1,419
MOD000443,input,2,562
MOD000443,IP,1,1338
MOD000443,IP,2,1336
MOD000444,input,1,390
MOD000444,input,2,347
MOD000444,IP,1,491
MOD000444,IP,2,485
MOD000445,input,1,1026
MOD000445,input,2,1071
MOD000445,IP,1,1824
MOD000445,IP,2,2506
MOD000446,input,1,531
MOD000446,input,2,613
MOD000446,IP,1,1291
MOD000446,IP,2,932
MOD000447,input,1,342
MOD000447,input,2,305
MOD000447,IP,1,544
MOD000447,IP,2,729
MOD000448,input,1,384
MOD000448,input,2,375
MOD000448,IP,1,757
MOD000448,IP,2,1207
MOD000449,input,1,684
MOD000449,input,2,538
MOD000449,IP,1,1238
MOD000449,IP,2,1111
MOD000450,input,1,343
MOD000450,input,2,258
MOD000450,IP,1,838
MOD000450,IP,2,799
MOD000451,input,1,563
MOD000451,input,2,802
MOD000451,IP,1,1375
MOD000451,IP,2,1368
MOD000452,input,1,389
MOD000452,input,2,558
MOD000452,IP,1,1007
MOD000452,IP,2,1494
MOD000453,input,1,320
MOD000453,input,2,330
MOD000453,IP,1,441
MOD000453,IP,2,493
MOD000454,input,1,511
MOD000454,input,2,645
MOD000454,IP,1,812
MOD000454,IP,2,570
MOD000455,input,1,283
MOD000455,input,2,253
MOD000455,IP,1,486
MOD000455,IP,2,475
MOD000456,input,1,775
MOD000456,input,2,679
MOD000456,IP,1,1355
MOD000456,IP,2,1578
MOD000457,input,1,348
MOD000457,input,2,378
MOD000457,IP,1,662
MOD000457,IP,2,522
MOD000458,input,1,499
MOD000458,input,2,568
MOD000458,IP,1,661
MOD000458,IP,2,704
MOD000459,input,1,569
MOD000459,input,2,746
MOD000459,IP,1,1452
MOD000459,IP,2,1313
MOD000460,input,1,637
MOD000460,input,2,528
MOD000460,IP,1,1932
MOD000460,IP,2,1250
MOD000461,input,1,939
MOD000461,input,2,814
MOD000461,IP,1,2848
MOD000461,IP,2,3382
MOD000462,input,1,208
MOD000462,input,2,219
MOD000462,IP,1,420
MOD000462,IP,2,425
MOD000463,input,1,361
MOD000463,input,2,308
MOD000463,IP,1,1339
MOD000463,IP,2,914
MOD000464,input,1,274
MOD000464,input,2,238
MOD000464,IP,1,448
MOD000464,IP,2,483
MOD000465,input,1,283
MOD000465,input,2,228
MOD000465,IP,1,761
MOD000465,IP,2,1120
MOD000466,input,1,384
MOD000466,input,2,350
MOD000466,IP,1,652
MOD000466,IP,2,692
MOD000467,input,1,372
MOD000467,input,2,462
MOD000467,IP,1,1647
MOD000467,IP,2,1156
MOD000468,input,1,631
MOD000468,input,2,480
MOD000468,IP,1,1785
MOD000468,IP,2,1381
MOD000469,input,1,343
MOD000469,input,2,409
MOD000469,IP,1,558
MOD000469,IP,2,575
MOD000470,input,1,531
MOD000470,input,2,407
MOD000470,IP,1,1493
MOD000470,IP,2,1571
MOD000471,input,1,360
MOD000471,input,2,427
MOD000471,IP,1,659
MOD000471,IP,2,724
MOD000472,input,1,619
MOD000472,input,2,569
MOD000472,IP,1,671
MOD000472,IP,2,1123
MOD000473,input,1,336
MOD000473,input,2,236
MOD000473,IP,1,565
MOD000473,IP,2,472
MOD000474,input,1,162
MOD000474,input,2,222
MOD000474,IP,1,276
MOD000474,IP,2,316
MOD000475,input,1,742
MOD000475,input,2,724
MOD000475,IP,1,1464
MOD000475,IP,2,1155
MOD000476,input,1,694
MOD000476,input,2,494
MOD000476,IP,1,1217
MOD000476,IP,2,748
MOD000477,input,1,713
MOD000477,input,2,634
MOD000477,IP,1,1149
MOD000477,IP,2,1409
MOD000478,input,1,742
MOD000478,input,2,702
MOD000478,IP,1,1564
MOD000478,IP,2,1213
MOD000479,input,1,332
MOD000479,input,2,373
MOD000479,IP,1,911
MOD000479,IP,2,665
MOD000480,input,1,384
MOD000480,input,2,440
MOD000480,IP,1,1287
MOD000480,IP,2,1074
MOD000481,input,1,866
MOD000481,input,2,981
MOD000481,IP,1,1570
MOD000481,IP,2,1266
MOD000482,input,1,337
MOD000482,input,2,360
MOD000482,IP,1,667
MOD000482,IP,2,570
MOD000483,input,1,542
MOD000483,input,2,512
MOD000483,IP,1,1482
MOD000483,IP,2,1083
MOD000484,input,1,354
MOD000484,input,2,298
MOD000484,IP,1,379
MOD000484,IP,2,375
MOD000485,input,1,943
MOD000485,input,2,792
MOD000485,IP,1,3049
MOD000485,IP,2,2245
MOD000486,input,1,578
MOD000486,input,2,632
MOD000486,IP,1,902
MOD000486,IP,2,1465
MOD000487,input,1,270
MOD000487,input,2,240
MOD000487,IP,1,425
MOD000487,IP,2,615
MOD000488,input,1,460
MOD000488,input,2,392
MOD000488,IP,1,543
MOD000488,IP,2,628
MOD000489,input,1,408
MOD000489,input,2,441
MOD000489,IP,1,1761
MOD000489,IP,2,1690
MOD000490,input,1,429
MOD000490,input,2,484
MOD000490,IP,1,2020
MOD000490,IP,2,2414
MOD000491,input,1,504
MOD000491,input,2,470
MOD000491,IP,1,831
MOD000491,IP,2,734
MOD000492,input,1,658
MOD000492,input,2,620
MOD000492,IP,1,1416
MOD000492,IP,2,1956
MOD000493,input,1,697
MOD000493,input,2,827
MOD000493,IP,1,1321
MOD000493,IP,2,1453
MOD000494,input,1,636
MOD000494,input,2,470
MOD000494,IP,1,892
MOD000494,IP,2,1192
MOD000495,input,1,403
MOD000495,input,2,316
MOD000495,IP,1,569
MOD000495,IP,2,383
MOD000496,input,1,459
MOD000496,input,2,398
MOD000496,IP,1,778
MOD000496,IP,2,791
MOD000497,input,1,703
MOD000497,input,2,572
MOD000497,IP,1,1483
MOD000497,IP,2,1693
MOD000498,input,1,560
MOD000498,input,2,433
MOD000498,IP,1,647
MOD000498,IP,2,459
MOD000499,input,1,165
MOD000499,input,2,212
MOD000499,IP,1,299
MOD000499,IP,2,337
MOD000500,input,1,253
MOD000500,input,2,295
MOD000500,IP,1,559
MOD000500,IP,2,580
MOD000501,input,1,681
MOD000501,input,2,522
MOD000501,IP,1,962
MOD000501,IP,2,1112
MOD000502,input,1,376
MOD000502,input,2,486
MOD000502,IP,1,747
MOD000502,IP,2,806
MOD000503,input,1,783
MOD000503,input,2,652
MOD000503,IP,1,1452
MOD000503,IP,2,1187
MOD000504,input,1,827
MOD000504,input,2,849
MOD000504,IP,1,920
MOD000504,IP,2,928
MOD000505,input,1,530
MOD000505,input,2,513
MOD000505,IP,1,1199
MOD000505,IP,2,1549
MOD000506,input,1,411
MOD000506,input,2,519
MOD000506,IP,1,520
MOD000506,IP,2,538
MOD000507,input,1,428
MOD000507,input,2,581
MOD000507,IP,1,1318
MOD000507,IP,2,1005
MOD000508,input,1,437
MOD000508,input,2,374
MOD000508,IP,1,1409
MOD000508,IP,2,1381
MOD000509,input,1,953
MOD000509,input,2,851
MOD000509,IP,1,2048
MOD000509,IP,2,2364
MOD000510,input,1,1363
MOD000510,input,2,1126
MOD000510,IP,1,4921
MOD000510,IP,2,3555
MOD000511,input,1,386
MOD000511,input,2,467
MOD000511,IP,1,870
MOD000511,IP,2,806
MOD000512,input,1,599
MOD000512,input,2,559
MOD000512,IP,1,1069
MOD000512,IP,2,1183
MOD000513,input,1,358
MOD000513,input,2,336
MOD000513,IP,1,475
MOD000513,IP,2,629
MOD000514,input,1,925
MOD000514,input,2,879
MOD000514,IP,1,1964
MOD000514,IP,2,2973
MOD000515,input,1,453
MOD000515,input,2,351
MOD000515,IP,1,1135
MOD000515,IP,2,1128
MOD000516,input,1,393
MOD000516,input,2,303
MOD000516,IP,1,892
MOD000516,IP,2,1021
MOD000517,input,1,774
MOD000517,input,2,728
MOD000517,IP,1,1212
MOD000517,IP,2,1337
MOD000518,input,1,981
MOD000518,input,2,778
MOD000518,IP,1,4076
MOD000518,IP,2,2682
MOD000519,input,1,139
MOD000519,input,2,151
MOD000519,IP,1,325
MOD000519,IP,2,239
MOD000520,input,1,410
MOD000520,input,2,360
MOD000520,IP,1,579
MOD000520,IP,2,724
MOD000521,input,1,736
MOD000521,input,2,575
MOD000521,IP,1,1020
MOD000521,IP,2,832
MOD000522,input,1,638
MOD000522,input,2,522
MOD000522,IP,1,850
MOD000522,IP,2,827
MOD000523,input,1,244
MOD000523,input,2,218
MOD000523,IP,1,370
MOD000523,IP,2,425
MOD000524,input,1,182
MOD000524,input,2,185
MOD000524,IP,1,640
MOD000524,IP,2,694
MOD000525,input,1,189
MOD000525,input,2,277
MOD000525,IP,1,610
MOD000525,IP,2,404
MOD000526,input,1,411
MOD000526,input,2,407
MOD000526,IP,1,926
MOD000526,IP,2,1601
MOD000527,input,1,287
MOD000527,input,2,289
MOD000527,IP,1,513
MOD000527,IP,2,499
MOD000528,input,1,629
MOD000528,input,2,566
MOD000528,IP,1,868
MOD000528,IP,2,665
MOD000529,input,1,1013
MOD000529,input,2,1114
MOD000529,IP,1,2051
MOD000529,IP,2,2477
MOD000530,input,1,305
MOD000530,input,2,275
MOD000530,IP,1,533
MOD000530,IP,2,702
MOD000531,input,1,269
MOD000531,input,2,338
MOD000531,IP,1,561
MOD000531,IP,2,450
MOD000532,input,1,468
MOD000532,input,2,554
MOD000532,IP,1,785
MOD000532,IP,2,617
MOD000533,input,1,449
MOD000533,input,2,389
MOD000533,IP,1,519
MOD000533,IP,2,502
MOD000534,input,1,573
MOD000534,input,2,457
MOD000534,IP,1,1478
MOD000534,IP,2,1904
MOD000535,input,1,484
MOD000535,input,2,588
MOD000535,IP,1,947
MOD000535,IP,2,983
MOD000536,input,1,335
MOD000536,input,2,292
MOD000536,IP,1,442
MOD000536,IP,2,503
MOD000537,input,1,106
MOD000537,input,2,123
MOD000537,IP,1,335
MOD000537,IP,2,360
MOD000538,input,1,896
MOD000538,input,2,764
MOD000538,IP,1,1755
MOD000538,IP,2,1562
MOD000539,input,1,459
MOD000539,input,2,364
MOD000539,IP,1,510
MOD000539,IP,2,582
MOD000540,input,1,273
MOD000540,input,2,301
MOD000540,IP,1,385
MOD000540,IP,2,357
MOD000541,input,1,316
MOD000541,input,2,250
MOD000541,IP,1,377
MOD000541,IP,2,328
MOD000542,input,1,433
MOD000542,input,2,516
MOD000542,IP,1,776
MOD000542,IP,2,688
MOD000543,input,1,357
MOD000543,input,2,331
MOD000543,IP,1,944
MOD000543,IP,2,1134
MOD000544,input,1,476
MOD000544,input,2,601
MOD000544,IP,1,1337
MOD000544,IP,2,814
MOD000545,input,1,301
MOD000545,input,2,397
MOD000545,IP,1,629
MOD000545,IP,2,543
MOD000546,input,1,411
MOD000546,input,2,430
MOD000546,IP,1,1321
MOD000546,IP,2,1136
MOD000547,input,1,512
MOD000547,input,2,628
MOD000547,IP,1,1079
MOD000547,IP,2,1339
MOD000548,input,1,434
MOD000548,input,2,522
MOD000548,IP,1,1522
MOD000548,IP,2,1459
MOD000549,input,1,271
MOD000549,input,2,389
MOD000549,IP,1,385
MOD000549,IP,2,466
MOD000550,input,1,365
MOD000550,input,2,294
MOD000550,IP,1,795
MOD000550,IP,2,870
MOD000551,input,1,619
MOD000551,input,2,587
MOD000551,IP,1,875
MOD000551,IP,2,837
MOD000552,input,1,357
MOD000552,input,2,502
MOD000552,IP,1,838
MOD000552,IP,2,1124
MOD000553,input,1,505
MOD000553,input,2,548
MOD000553,IP,1,2011
MOD000553,IP,2,1952
MOD000554,input,1,534
MOD000554,input,2,597
MOD000554,IP,1,694
MOD000554,IP,2,738
MOD000555,input,1,339
MOD000555,input,2,376
MOD000555,IP,1,801
MOD000555,IP,2,628
MOD000556,input,1,482
MOD000556,input,2,439
MOD000556,IP,1,511
MOD000556,IP,2,584
MOD000557,input,1,964
MOD000557,input,2,1027
MOD000557,IP,1,1885
MOD000557,IP,2,1456
MOD000558,input,1,1244
MOD000558,input,2,1209
MOD000558,IP,1,2186
MOD000558,IP,2,3390
MOD000559,input,1,578
MOD000559,input,2,633
MOD000559,IP,1,1234
MOD000559,IP,2,1548
MOD000560,input,1,903
MOD000560,input,2,929
MOD000560,IP,1,2964
MOD000560,IP,2,2841
MOD000561,input,1,552
MOD000561,input,2,453
MOD000561,IP,1,673
MOD000561,IP,2,709
MOD000562,input,1,561
MOD000562,input,2,513
MOD000562,IP,1,1758
MOD000562,IP,2,1772
MOD000563,input,1,479
MOD000563,input,2,516
MOD000563,IP,1,517
MOD000563,IP,2,653
MOD000564,input,1,577
MOD000564,input,2,765
MOD000564,IP,1,1000
MOD000564,IP,2,1137
MOD000565,input,1,184
MOD000565,input,2,140
MOD000565,IP,1,360
MOD000565,IP,2,483
MOD000566,input,1,628
MOD000566,input,2,490
MOD000566,IP,1,967
MOD000566,IP,2,1397
MOD000567,input,1,534
MOD000567,input,2,463
MOD000567,IP,1,1758
MOD000567,IP,2,1721
MOD000568,input,1,518
MOD000568,input,2,486
MOD000568,IP,1,1416
MOD000568,IP,2,1347
MOD000569,input,1,622
MOD000569,input,2,795
MOD000569,IP,1,1198
MOD000569,IP,2,1198
MOD000570,input,1,206
MOD000570,input,2,185
MOD000570,IP,1,294
MOD000570,IP,2,375
MOD000571,input,1,690
MOD000571,input,2,538
MOD000571,IP,1,1211
MOD000571,IP,2,1445
MOD000572,input,1,315
MOD000572,input,2,314
MOD000572,IP,1,565
MOD000572,IP,2,736
MOD000573,input,1,647
MOD000573,input,2,657
MOD000573,IP,1,1750
MOD000573,IP,2,1223
MOD000574,input,1,297
MOD000574,input,2,301
MOD000574,IP,1,712
MOD000574,IP,2,1209
MOD000575,input,1,876
MOD000575,input,2,888
MOD000575,IP,1,1426
MOD000575,IP,2,1537
MOD000576,input,1,377
MOD000576,input,2,420
MOD000576,IP,1,1043
MOD000576,IP,2,1074
MOD000577,input,1,398
MOD000577,input,2,439
MOD000577,IP,1,1737
MOD000577,IP,2,1597
MOD000578,input,1,437
MOD000578,input,2,599
MOD000578,IP,1,1547
MOD000578,IP,2,1021
MOD000579,input,1,507
MOD000579,input,2,485
MOD000579,IP,1,1019
MOD000579,IP,2,1362
MOD000580,input,1,402
MOD000580,input,2,479
MOD000580,IP,1,727
MOD000580,IP,2,983
MOD000581,input,1,426
MOD000581,input,2,452
MOD000581,IP,1,921
MOD000581,IP,2,552
MOD000582,input,1,351
MOD000582,input,2,415
MOD000582,IP,1,504
MOD000582,IP,2,457
MOD000583,input,1,272
MOD000583,input,2,335
MOD000583,IP,1,556
MOD000583,IP,2,576
MOD000584,input,1,874
MOD000584,input,2,758
MOD000584,IP,1,1116
MOD000584,IP,2,1228
MOD000585,input,1,264
MOD000585,input,2,322
MOD000585,IP,1,410
MOD000585,IP,2,309
MOD000586,input,1,921
MOD000586,input,2,629
MOD000586,IP,1,1480
MOD000586,IP,2,1714
MOD000587,input,1,600
MOD000587,input,2,627
MOD000587,IP,1,1101
MOD000587,IP,2,1077
MOD000588,input,1,673
MOD000588,input,2,622
MOD000588,IP,1,1158
MOD000588,IP,2,1038
MOD000589,input,1,327
MOD000589,input,2,413
MOD000589,IP,1,398
MOD000589,IP,2,557
MOD000590,input,1,725
MOD000590,input,2,849
MOD000590,IP,1,1340
MOD000590,IP,2,1357
MOD000591,input,1,353
MOD000591,input,2,358
MOD000591,IP,1,920
MOD000591,IP,2,831
MOD000592,input,1,594
MOD000592,input,2,535
MOD000592,IP,1,1192
MOD000592,IP,2,1350
MOD000593,input,1,787
MOD000593,input,2,893
MOD000593,IP,1,1711
MOD000593,IP,2,1824
MOD000594,input,1,792
MOD000594,input,2,770
MOD000594,IP,1,1922
MOD000594,IP,2,1638
MOD000595,input,1,1198
MOD000595,input,2,974
MOD000595,IP,1,2090
MOD000595,IP,2,2400
MOD000596,input,1,249
MOD000596,input,2,343
MOD000596,IP,1,980
MOD000596,IP,2,810
MOD000597,input,1,631
MOD000597,input,2,816
MOD000597,IP,1,1260
MOD000597,IP,2,1563
MOD000598,input,1,516
MOD000598,input,2,522
MOD000598,IP,1,1322
MOD000598,IP,2,2074
MOD000599,input,1,776
MOD000599,input,2,922
MOD000599,IP,1,1765
MOD000599,IP,2,1608
MOD000600,input,1,775
MOD000600,input,2,852
MOD000600,IP,1,1934
MOD000600,IP,2,1418
MOD000601,input,1,257
MOD000601,input,2,213
MOD000601,IP,1,302
MOD000601,IP,2,347
MOD000602,input,1,652
MOD000602,input,2,684
MOD000602,IP,1,946
MOD000602,IP,2,1214
MOD000603,input,1,650
MOD000603,input,2,663
MOD000603,IP,1,1296
MOD000603,IP,2,1317
MOD000604,input,1,650
MOD000604,input,2,600
MOD000604,IP,1,1188
MOD000604,IP,2,1026
MOD000605,input,1,315
MOD000605,input,2,412
MOD000605,IP,1,618
MOD000605,IP,2,684
MOD000606,input,1,425
MOD000606,input,2,404
MOD000606,IP,1,842
MOD000606,IP,2,594
MOD000607,input,1,194
MOD000607,input,2,183
MOD000607,IP,1,284
MOD000607,IP,2,278
MOD000608,input,1,408
MOD000608,input,2,486
MOD000608,IP,1,674
MOD000608,IP,2,846
MOD000609,input,1,731
MOD000609,input,2,804
MOD000609,IP,1,783
MOD000609,IP,2,1276
MOD000610,input,1,451
MOD000610,input,2,454
MOD000610,IP,1,1543
MOD000610,IP,2,1010
MOD000611,input,1,683
MOD000611,input,2,564
MOD000611,IP,1,2045
MOD000611,IP,2,1329
MOD000612,input,1,465
MOD000612,input,2,541
MOD000612,IP,1,1026
MOD000612,IP,2,947
MOD000613,input,1,593
MOD000613,input,2,415
MOD000613,IP,1,1806
MOD000613,IP,2,1486
MOD000614,input,1,708
MOD000614,input,2,687
MOD000614,IP,1,1303
MOD000614,IP,2,1072
MOD000615,input,1,598
MOD000615,input,2,423
MOD000615,IP,1,992
MOD000615,IP,2,1145
MOD000616,input,1,822
MOD000616,input,2,683
MOD000616,IP,1,2746
MOD000616,IP,2,2998
MOD000617,input,1,705
MOD000617,input,2,579
MOD000617,IP,1,2064
MOD000617,IP,2,1645
MOD000618,input,1,462
MOD000618,input,2,471
MOD000618,IP,1,909
MOD000618,IP,2,881
MOD000619,input,1,507
MOD000619,input,2,500
MOD000619,IP,1,1593
MOD000619,IP,2,1534
MOD000620,input,1,369
MOD000620,input,2,319
MOD000620,IP,1,649
MOD000620,IP,2,728
MOD000621,input,1,293
MOD000621,input,2,266
MOD000621,IP,1,319
MOD000621,IP,2,333
MOD000622,input,1,415
MOD000622,input,2,554
MOD000622,IP,1,730
MOD000622,IP,2,895
MOD000623,input,1,351
MOD000623,input,2,268
MOD000623,IP,1,724
MOD000623,IP,2,756
MOD000624,input,1,758
MOD000624,input,2,651
MOD000624,IP,1,1428
MOD000624,IP,2,1160
MOD000625,input,1,298
MOD000625,input,2,300
MOD000625,IP,1,696
MOD000625,IP,2,850
MOD000626,input,1,428
MOD000626,input,2,328
MOD000626,IP,1,713
MOD000626,IP,2,743
MOD000627,input,1,600
MOD000627,input,2,553
MOD000627,IP,1,988
MOD000627,IP,2,745
MOD000628,input,1,446
MOD000628,input,2,428
MOD000628,IP,1,623
MOD000628,IP,2,480
MOD000629,input,1,1000
MOD000629,input,2,898
MOD000629,IP,1,1801
MOD000629,IP,2,1520
MOD000630,input,1,758
MOD000630,input,2,529
MOD000630,IP,1,901
MOD000630,IP,2,1191
MOD000631,input,1,288
MOD000631,input,2,239
MOD000631,IP,1,462
MOD000631,IP,2,443
MOD000632,input,1,703
MOD000632,input,2,717
MOD000632,IP,1,885
MOD000632,IP,2,601
MOD000633,input,1,643
MOD000633,input,2,529
MOD000633,IP,1,1146
MOD000633,IP,2,858
MOD000634,input,1,404
MOD000634,input,2,515
MOD000634,IP,1,1384
MOD000634,IP,2,1207
MOD000635,input,1,671
MOD000635,input,2,613
MOD000635,IP,1,993
MOD000635,IP,2,826
MOD000636,input,1,554
MOD000636,input,2,570
MOD000636,IP,1,1165
MOD000636,IP,2,1156
MOD000637,input,1,431
MOD000637,input,2,460
MOD000637,IP,1,1750
MOD000637,IP,2,1674
MOD000638,input,1,415
MOD000638,input,2,368
MOD000638,IP,1,401
MOD000638,IP,2,368
MOD000639,input,1,501
MOD000639,input,2,497
MOD000639,IP,1,1308
MOD000639,IP,2,1026
MOD000640,input,1,325
MOD000640,input,2,290
MOD000640,IP,1,820
MOD000640,IP,2,834
MOD000641,input,1,281
MOD000641,input,2,292
MOD000641,IP,1,376
MOD000641,IP,2,526
MOD000642,input,1,635
MOD000642,input,2,866
MOD000642,IP,1,1211
MOD000642,IP,2,1766
MOD000643,input,1,485
MOD000643,input,2,579
MOD000643,IP,1,787
MOD000643,IP,2,1328
MOD000644,input,1,223
MOD000644,input,2,263
MOD000644,IP,1,430
MOD000644,IP,2,340
MOD000645,input,1,1004
MOD000645,input,2,910
MOD000645,IP,1,2644
MOD000645,IP,2,3393
MOD000646,input,1,660
MOD000646,input,2,822
MOD000646,IP,1,1165
MOD000646,IP,2,1069
MOD000647,input,1,328
MOD000647,input,2,322
MOD000647,IP,1,707
MOD000647,IP,2,934
MOD000648,input,1,485
MOD000648,input,2,437
MOD000648,IP,1,630
MOD000648,IP,2,769
MOD000649,input,1,661
MOD000649,input,2,717
MOD000649,IP,1,2116
MOD000649,IP,2,1418
MOD000650,input,1,179
MOD000650,input,2,250
MOD000650,IP,1,935
MOD000650,IP,2,756
MOD000651,input,1,607
MOD000651,input,2,538
MOD000651,IP,1,1688
MOD000651,IP,2,1226
MOD000652,input,1,428
MOD000652,input,2,618
MOD000652,IP,1,1145
MOD000652,IP,2,735
MOD000653,input,1,175
MOD000653,input,2,187
MOD000653,IP,1,494
MOD000653,IP,2,396
MOD000654,input,1,811
MOD000654,input,2,749
MOD000654,IP,1,1816
MOD000654,IP,2,1756
MOD000655,input,1,630
MOD000655,input,2,771
MOD000655,IP,1,1274
MOD000655,IP,2,1824
MOD000656,input,1,616
MOD000656,input,2,694
MOD000656,IP,1,802
MOD000656,IP,2,688
MOD000657,input,1,582
MOD000657,input,2,757
MOD000657,IP,1,1055
MOD000657,IP,2,1145
MOD000658,input,1,511
MOD000658,input,2,468
MOD000658,IP,1,1292
MOD000658,IP,2,1014
MOD000659,input,1,514
MOD000659,input,2,497
MOD000659,IP,1,1802
MOD000659,IP,2,2121
MOD000660,input,1,917
MOD000660,input,2,987
MOD000660,IP,1,1776
MOD000660,IP,2,1522
MOD000661,input,1,251
MOD000661,input,2,256
MOD000661,IP,1,652
MOD000661,IP,2,607
MOD000662,input,1,429
MOD000662,input,2,530
MOD000662,IP,1,640
MOD000662,IP,2,817
MOD000663,input,1,315
MOD000663,input,2,316
MOD000663,IP,1,529
MOD000663,IP,2,374
MOD000664,input,1,657
MOD000664,input,2,686
MOD000664,IP,1,1883
MOD000664,IP,2,1286
MOD000665,input,1,151
MOD000665,input,2,143
MOD000665,IP,1,326
MOD000665,IP,2,322
MOD000666,input,1,397
MOD000666,input,2,390
MOD000666,IP,1,655
MOD000666,IP,2,720
MOD000667,input,1,538
MOD000667,input,2,412
MOD000667,IP,1,923
MOD000667,IP,2,704
MOD000668,input,1,632
MOD000668,input,2,628
MOD000668,IP,1,942
MOD000668,IP,2,1219
MOD000669,input,1,451
MOD000669,input,2,424
MOD000669,IP,1,993
MOD000669,IP,2,1457
MOD000670,input,1,295
MOD000670,input,2,288
MOD000670,IP,1,1287
MOD000670,IP,2,1401
MOD000671,input,1,1125
MOD000671,input,2,1005
MOD000671,IP,1,948
MOD000671,IP,2,1144
MOD000672,input,1,527
MOD000672,input,2,453
MOD000672,IP,1,1756
MOD000672,IP,2,1394
MOD000673,input,1,347
MOD000673,input,2,503
MOD000673,IP,1,660
MOD000673,IP,2,561
MOD000674,input,1,396
MOD000674,input,2,545
MOD000674,IP,1,1087
MOD000674,IP,2,850
MOD000675,input,1,475
MOD000675,input,2,511
MOD000675,IP,1,590
MOD000675,IP,2,555
MOD000676,input,1,251
MOD000676,input,2,287
MOD000676,IP,1,426
MOD000676,IP,2,304
MOD000677,input,1,422
MOD000677,input,2,442
MOD000677,IP,1,632
MOD000677,IP,2,780
MOD000678,input,1,727
MOD000678,input,2,513
MOD000678,IP,1,1663
MOD000678,IP,2,1424
MOD000679,input,1,316
MOD000679,input,2,249
MOD000679,IP,1,737
MOD000679,IP,2,1034
MOD000680,input,1,440
MOD000680,input,2,412
MOD000680,IP,1,808
MOD000680,IP,2,932
MOD000681,input,1,853
MOD000681,input,2,714
MOD000681,IP,1,1537
MOD000681,IP,2,1277
MOD000682,input,1,884
MOD000682,input,2,977
MOD000682,IP,1,1933
MOD000682,IP,2,2482
MOD000683,input,1,633
MOD000683,input,2,562
MOD000683,IP,1,1462
MOD000683,IP,2,1420
MOD000684,input,1,311
MOD000684,input,2,324
MOD000684,IP,1,679
MOD000684,IP,2,510
MOD000685,input,1,346
MOD000685,input,2,401
MOD000685,IP,1,969
MOD000685,IP,2,718
MOD000686,input,1,359
MOD000686,input,2,403
MOD000686,IP,1,840
MOD000686,IP,2,977
MOD000687,input,1,335
MOD000687,input,2,252
MOD000687,IP,1,356
MOD000687,IP,2,295
MOD000688,input,1,632
MOD000688,input,2,652
MOD000688,IP,1,1684
MOD000688,IP,2,1721
MOD000689,input,1,355
MOD000689,input,2,269
MOD000689,IP,1,624
MOD000689,IP,2,759
MOD000690,input,1,519
MOD000690,input,2,602
MOD000690,IP,1,773
MOD000690,IP,2,702
MOD000691,input,1,334
MOD000691,input,2,338
MOD000691,IP,1,481
MOD000691,IP,2,368
MOD000692,input,1,266
MOD000692,input,2,244
MOD000692,IP,1,553
MOD000692,IP,2,411
MOD000693,input,1,654
MOD000693,input,2,649
MOD000693,IP,1,1211
MOD000693,IP,2,1129
MOD000694,input,1,240
MOD000694,input,2,256
MOD000694,IP,1,376
MOD000694,IP,2,226
MOD000695,input,1,308
MOD000695,input,2,254
MOD000695,IP,1,626
MOD000695,IP,2,472
MOD000696,input,1,379
MOD000696,input,2,352
MOD000696,IP,1,656
MOD000696,IP,2,819
MOD000697,input,1,185
MOD000697,input,2,169
MOD000697,IP,1,601
MOD000697,IP,2,611
MOD000698,input,1,146
MOD000698,input,2,126
MOD000698,IP,1,317
MOD000698,IP,2,185
MOD000699,input,1,607
MOD000699,input,2,735
MOD000699,IP,1,756
MOD000699,IP,2,852
MOD000700,input,1,263
MOD000700,input,2,247
MOD000700,IP,1,368
MOD000700,IP,2,240
MOD000701,input,1,449
MOD000701,input,2,529
MOD000701,IP,1,913
MOD000701,IP,2,835
MOD000702,input,1,509
MOD000702,input,2,616
MOD000702,IP,1,756
MOD000702,IP,2,1173
MOD000703,input,1,465
MOD000703,input,2,362
MOD000703,IP,1,1116
MOD000703,IP,2,665
MOD000704,input,1,642
MOD000704,input,2,702
MOD000704,IP,1,1507
MOD000704,IP,2,1549
MOD000705,input,1,366
MOD000705,input,2,287
MOD000705,IP,1,937
MOD000705,IP,2,1415
MOD000706,input,1,457
MOD000706,input,2,426
MOD000706,IP,1,1688
MOD000706,IP,2,1174
MOD000707,input,1,977
MOD000707,input,2,876
MOD000707,IP,1,1279
MOD000707,IP,2,1432
MOD000708,input,1,553
MOD000708,input,2,551
MOD000708,IP,1,1344
MOD000708,IP,2,2101
MOD000709,input,1,336
MOD000709,input,2,464
MOD000709,IP,1,1422
MOD000709,IP,2,1243
MOD000710,input,1,945
MOD000710,input,2,998
MOD000710,IP,1,1566
MOD000710,IP,2,1320
MOD000711,input,1,603
MOD000711,input,2,446
MOD000711,IP,1,892
MOD000711,IP,2,1301
MOD000712,input,1,734
MOD000712,input,2,586
MOD000712,IP,1,1264
MOD000712,IP,2,1034
MOD000713,input,1,589
MOD000713,input,2,450
MOD000713,IP,1,1478
MOD000713,IP,2,1652
MOD000714,input,1,370
MOD000714,input,2,365
MOD000714,IP,1,1730
MOD000714,IP,2,1461
MOD000715,input,1,477
MOD000715,input,2,417
MOD000715,IP,1,1074
MOD000715,IP,2,1010
MOD000716,input,1,643
MOD000716,input,2,765
MOD000716,IP,1,1772
MOD000716,IP,2,2239
MOD000717,input,1,920
MOD000717,input,2,743
MOD000717,IP,1,1282
MOD000717,IP,2,1159
MOD000718,input,1,424
MOD000718,input,2,346
MOD000718,IP,1,1053
MOD000718,IP,2,662
MOD000719,input,1,761
MOD000719,input,2,596
MOD000719,IP,1,1085
MOD000719,IP,2,1325
MOD000720,input,1,374
MOD000720,input,2,340
MOD000720,IP,1,924
MOD000720,IP,2,849
MOD000721,input,1,995
MOD000721,input,2,1018
MOD000721,IP,1,1208
MOD000721,IP,2,1430
MOD000722,input,1,344
MOD000722,input,2,332
MOD000722,IP,1,629
MOD000722,IP,2,779
MOD000723,input,1,1122
MOD000723,input,2,1041
MOD000723,IP,1,2767
MOD000723,IP,2,3196
MOD000724,input,1,411
MOD000724,input,2,429
MOD000724,IP,1,981
MOD000724,IP,2,1143
MOD000725,input,1,699
MOD000725,input,2,887
MOD000725,IP,1,1183
MOD000725,IP,2,1274
MOD000726,input,1,625
MOD000726,input,2,645
MOD000726,IP,1,1870
MOD000726,IP,2,1420
MOD000727,input,1,660
MOD000727,input,2,733
MOD000727,IP,1,1637
MOD000727,IP,2,1266
MOD000728,input,1,621
MOD000728,input,2,443
MOD000728,IP,1,1721
MOD000728,IP,2,1710
MOD000729,input,1,352
MOD000729,input,2,325
MOD000729,IP,1,776
MOD000729,IP,2,865
MOD000730,input,1,132
MOD000730,input,2,158
MOD000730,IP,1,398
MOD000730,IP,2,298
MOD000731,input,1,314
MOD000731,input,2,258
MOD000731,IP,1,635
MOD000731,IP,2,940
MOD000732,input,1,194
MOD000732,input,2,173
MOD000732,IP,1,279
MOD000732,IP,2,306
MOD000733,input,1,303
MOD000733,input,2,351
MOD000733,IP,1,1033
MOD000733,IP,2,730
MOD000734,input,1,581
MOD000734,input,2,678
MOD000734,IP,1,899
MOD000734,IP,2,634
MOD000735,input,1,253
MOD000735,input,2,258
MOD000735,IP,1,540
MOD000735,IP,2,424
MOD000736,input,1,1144
MOD000736,input,2,1179
MOD000736,IP,1,1764
MOD000736,IP,2,1862
MOD000737,input,1,784
MOD000737,input,2,585
MOD000737,IP,1,1163
MOD000737,IP,2,1717
MOD000738,input,1,725
MOD000738,input,2,679
MOD000738,IP,1,1476
MOD000738,IP,2,1722
MOD000739,input,1,799
MOD000739,input,2,712
MOD000739,IP,1,1398
MOD000739,IP,2,2152
MOD000740,input,1,668
MOD000740,input,2,814
MOD000740,IP,1,859
MOD000740,IP,2,922
MOD000741,input,1,882
MOD000741,input,2,751
MOD000741,IP,1,1601
MOD000741,IP,2,2191
MOD000742,input,1,552
MOD000742,input,2,550
MOD000742,IP,1,792
MOD000742,IP,2,963
MOD000743,input,1,691
MOD000743,input,2,733
MOD000743,IP,1,754
MOD000743,IP,2,836
MOD000744,input,1,697
MOD000744,input,2,939
MOD000744,IP,1,2070
MOD000744,IP,2,2040
MOD000745,input,1,137
MOD000745,input,2,179
MOD000745,IP,1,418
MOD000745,IP,2,377
MOD000746,input,1,233
MOD000746,input,2,256
MOD000746,IP,1,441
MOD000746,IP,2,416
MOD000747,input,1,587
MOD000747,input,2,494
MOD000747,IP,1,1539
MOD000747,IP,2,1153
MOD000748,input,1,291
MOD000748,input,2,311
MOD000748,IP,1,652
MOD000748,IP,2,559
MOD000749,input,1,494
MOD000749,input,2,568
MOD000749,IP,1,1016
MOD000749,IP,2,1135
MOD000750,input,1,314
MOD000750,input,2,296
MOD000750,IP,1,974
MOD000750,IP,2,716
MOD000751,input,1,404
MOD000751,input,2,417
MOD000751,IP,1,579
MOD000751,IP,2,526
MOD000752,input,1,524
MOD000752,input,2,594
MOD000752,IP,1,920
MOD000752,IP,2,812
MOD000753,input,1,118
MOD000753,input,2,133
MOD000753,IP,1,135
MOD000753,IP,2,195
MOD000754,input,1,346
MOD000754,input,2,300
MOD000754,IP,1,753
MOD000754,IP,2,1019
MOD000755,input,1,611
MOD000755,input,2,706
MOD000755,IP,1,953
MOD000755,IP,2,1017
MOD000756,input,1,617
MOD000756,input,2,649
MOD000756,IP,1,718
MOD000756,IP,2,666
MOD000757,input,1,224
MOD000757,input,2,210
MOD000757,IP,1,835
MOD000757,IP,2,661
MOD000758,input,1,137
MOD000758,input,2,152
MOD000758,IP,1,336
MOD000758,IP,2,230
MOD000759,input,1,622
MOD000759,input,2,614
MOD000759,IP,1,1863
MOD000759,IP,2,1634
MOD000760,input,1,559
MOD000760,input,2,445
MOD000760,IP,1,1315
MOD000760,IP,2,793
MOD000761,input,1,557
MOD000761,input,2,636
MOD000761,IP,1,1628
MOD000761,IP,2,2111
MOD000762,input,1,327
MOD000762,input,2,364
MOD000762,IP,1,986
MOD000762,IP,2,815
MOD000763,input,1,639
MOD000763,input,2,576
MOD000763,IP,1,1049
MOD000763,IP,2,919
MOD000764,input,1,545
MOD000764,input,2,624
MOD000764,IP,1,1218
MOD000764,IP,2,1187
MOD000765,input,1,715
MOD000765,input,2,657
MOD000765,IP,1,1182
MOD000765,IP,2,997
MOD000766,input,1,286
MOD000766,input,2,220
MOD000766,IP,1,529
MOD000766,IP,2,362
MOD000767,input,1,292
MOD000767,input,2,243
MOD000767,IP,1,450
MOD000767,IP,2,479
MOD000768,input,1,856
MOD000768,input,2,755
MOD000768,IP,1,2650
MOD000768,IP,2,1680
MOD000769,input,1,319
MOD000769,input,2,277
MOD000769,IP,1,575
MOD000769,IP,2,664
MOD000770,input,1,280
MOD000770,input,2,216
MOD000770,IP,1,331
MOD000770,IP,2,540
MOD000771,input,1,152
MOD000771,input,2,184
MOD000771,IP,1,285
MOD000771,IP,2,247
MOD000772,input,1,511
MOD000772,input,2,482
MOD000772,IP,1,1757
MOD000772,IP,2,1642
MOD000773,input,1,385
MOD000773,input,2,397
MOD000773,IP,1,901
MOD000773,IP,2,1023
MOD000774,input,1,392
MOD000774,input,2,298
MOD000774,IP,1,745
MOD000774,IP,2,673
MOD000775,input,1,397
MOD000775,input,2,511
MOD000775,IP,1,1737
MOD000775,IP,2,1163
MOD000776,input,1,458
MOD000776,input,2,374
MOD000776,IP,1,689
MOD000776,IP,2,710
MOD000777,input,1,583
MOD000777,input,2,819
MOD000777,IP,1,1092
MOD000777,IP,2,959
MOD000778,input,1,828
MOD000778,input,2,840
MOD000778,IP,1,2099
MOD000778,IP,2,2177
MOD000779,input,1,416
MOD000779,input,2,396
MOD000779,IP,1,763
MOD000779,IP,2,685
MOD000780,input,1,213
MOD000780,input,2,177
MOD000780,IP,1,209
MOD000780,IP,2,322
MOD000781,input,1,463
MOD000781,input,2,455
MOD000781,IP,1,1384
MOD000781,IP,2,1735
MOD000782,input,1,874
MOD000782,input,2,911
MOD000782,IP,1,2544
MOD000782,IP,2,1935
MOD000783,input,1,1157
MOD000783,input,2,1097
MOD000783,IP,1,3546
MOD000783,IP,2,2665
MOD000784,input,1,704
MOD000784,input,2,632
MOD000784,IP,1,1013
MOD000784,IP,2,896
MOD000785,input,1,784
MOD000785,input,2,781
MOD000785,IP,1,1968
MOD000785,IP,2,1779
MOD000786,input,1,340
MOD000786,input,2,367
MOD000786,IP,1,394
MOD000786,IP,2,591
MOD000787,input,1,674
MOD000787,input,2,562
MOD000787,IP,1,1619
MOD000787,IP,2,1714
MOD000788,input,1,503
MOD000788,input,2,558
MOD000788,IP,1,1202
MOD000788,IP,2,1092
MOD000789,input,1,429
MOD000789,input,2,338
MOD000789,IP,1,784
MOD000789,IP,2,596
MOD000790,input,1,340
MOD000790,input,2,250
MOD000790,IP,1,709
MOD000790,IP,2,714
MOD000791,input,1,325
MOD000791,input,2,336
MOD000791,IP,1,443
MOD000791,IP,2,543
MOD000792,input,1,650
MOD000792,input,2,592
MOD000792,IP,1,2328
MOD000792,IP,2,2325
MOD000793,input,1,836
MOD000793,input,2,848
MOD000793,IP,1,1704
MOD000793,IP,2,1340
MOD000794,input,1,117
MOD000794,input,2,131
MOD000794,IP,1,377
MOD000794,IP,2,331
MOD000795,input,1,233
MOD000795,input,2,200
MOD000795,IP,1,983
MOD000795,IP,2,1019
MOD000796,input,1,360
MOD000796,input,2,299
MOD000796,IP,1,946
MOD000796,IP,2,1044
MOD000797,input,1,474
MOD000797,input,2,492
MOD000797,IP,1,718
MOD000797,IP,2,841
MOD000798,input,1,876
MOD000798,input,2,925
MOD000798,IP,1,1210
MOD000798,IP,2,1754
MOD000799,input,1,679
MOD000799,input,2,714
MOD000799,IP,1,1953
MOD000799,IP,2,2207
MOD000800,input,1,666
MOD000800,input,2,664
MOD000800,IP,1,690
MOD000800,IP,2,1022
MOD000801,input,1,638
MOD000801,input,2,557
MOD000801,IP,1,2249
MOD000801,IP,2,1867
MOD000802,input,1,1006
MOD000802,input,2,833
MOD000802,IP,1,2854
MOD000802,IP,2,2329
MOD000803,input,1,640
MOD000803,input,2,686
MOD000803,IP,1,1875
MOD000803,IP,2,1848
MOD000804,input,1,743
MOD000804,input,2,747
MOD000804,IP,1,2115
MOD000804,IP,2,1377
MOD000805,input,1,392
MOD000805,input,2,491
MOD000805,IP,1,1557
MOD000805,IP,2,1089
MOD000806,input,1,326
MOD000806,input,2,323
MOD000806,IP,1,802
MOD000806,IP,2,682
MOD000807,input,1,564
MOD000807,input,2,576
MOD000807,IP,1,927
MOD000807,IP,2,737
MOD000808,input,1,238
MOD000808,input,2,294
MOD000808,IP,1,653
MOD000808,IP,2,402
MOD000809,input,1,579
MOD000809,input,2,477
MOD000809,IP,1,1579
MOD000809,IP,2,1210
MOD000810,input,1,610
MOD000810,input,2,618
MOD000810,IP,1,2064
MOD000810,IP,2,1566
MOD000811,input,1,375
MOD000811,input,2,503
MOD000811,IP,1,1180
MOD000811,IP,2,1670
MOD000812,input,1,385
MOD000812,input,2,431
MOD000812,IP,1,1493
MOD000812,IP,2,1526
MOD000813,input,1,599
MOD000813,input,2,622
MOD000813,IP,1,1020
MOD000813,IP,2,1386
MOD000814,input,1,630
MOD000814,input,2,449
MOD000814,IP,1,918
MOD000814,IP,2,1130
MOD000815,input,1,762
MOD000815,input,2,605
MOD000815,IP,1,1181
MOD000815,IP,2,1327
MOD000816,input,1,398
MOD000816,input,2,331
MOD000816,IP,1,1037
MOD000816,IP,2,927
MOD000817,input,1,496
MOD000817,input,2,671
MOD000817,IP,1,1150
MOD000817,IP,2,1132
MOD000818,input,1,572
MOD000818,input,2,541
MOD000818,IP,1,1173
MOD000818,IP,2,832
MOD000819,input,1,616
MOD000819,input,2,594
MOD000819,IP,1,956
MOD000819,IP,2,608
MOD000820,input,1,430
MOD000820,input,2,569
MOD000820,IP,1,886
MOD000820,IP,2,811
MOD000821,input,1,401
MOD000821,input,2,427
MOD000821,IP,1,917
MOD000821,IP,2,702
MOD000822,input,1,550
MOD000822,input,2,417
MOD000822,IP,1,775
MOD000822,IP,2,822
MOD000823,input,1,369
MOD000823,input,2,345
MOD000823,IP,1,1171
MOD000823,IP,2,861
MOD000824,input,1,484
MOD000824,input,2,505
MOD000824,IP,1,1125
MOD000824,IP,2,1357
MOD000825,input,1,1183
MOD000825,input,2,1127
MOD000825,IP,1,3880
MOD000825,IP,2,4094
MOD000826,input,1,395
MOD000826,input,2,421
MOD000826,IP,1,365
MOD000826,IP,2,489
MOD000827,input,1,374
MOD000827,input,2,339
MOD000827,IP,1,546
MOD000827,IP,2,495
MOD000828,input,1,467
MOD000828,input,2,501
MOD000828,IP,1,938
MOD000828,IP,2,1502
MOD000829,input,1,878
MOD000829,input,2,643
MOD000829,IP,1,1683
MOD000829,IP,2,1495
MOD000830,input,1,501
MOD000830,input,2,611
MOD000830,IP,1,1221
MOD000830,IP,2,1590
MOD000831,input,1,289
MOD000831,input,2,276
MOD000831,IP,1,457
MOD000831,IP,2,391
MOD000832,input,1,316
MOD000832,input,2,393
MOD000832,IP,1,1171
MOD000832,IP,2,815
MOD000833,input,1,507
MOD000833,input,2,420
MOD000833,IP,1,993
MOD000833,IP,2,917
MOD000834,input,1,283
MOD000834,input,2,276
MOD000834,IP,1,718
MOD000834,IP,2,505
MOD000835,input,1,669
MOD000835,input,2,838
MOD000835,IP,1,984
MOD000835,IP,2,821
MOD000836,input,1,622
MOD000836,input,2,501
MOD000836,IP,1,1074
MOD000836,IP,2,690
MOD000837,input,1,538
MOD000837,input,2,648
MOD000837,IP,1,2145
MOD000837,IP,2,1833
MOD000838,input,1,597
MOD000838,input,2,641
MOD000838,IP,1,1027
MOD000838,IP,2,1120
MOD000839,input,1,388
MOD000839,input,2,463
MOD000839,IP,1,1234
MOD000839,IP,2,975
MOD000840,input,1,231
MOD000840,input,2,198
MOD000840,IP,1,325
MOD000840,IP,2,287
MOD000841,input,1,318
MOD000841,input,2,368
MOD000841,IP,1,787
MOD000841,IP,2,744
MOD000842,input,1,1497
MOD000842,input,2,1440
MOD000842,IP,1,4887
MOD000842,IP,2,4245
MOD000843,input,1,863
MOD000843,input,2,878
MOD000843,IP,1,1572
MOD000843,IP,2,1125
MOD000844,input,1,1447
MOD000844,input,2,1682
MOD000844,IP,1,3884
MOD000844,IP,2,6441
MOD000845,input,1,297
MOD000845,input,2,290
MOD000845,IP,1,869
MOD000845,IP,2,630
MOD000846,input,1,1180
MOD000846,input,2,1169
MOD000846,IP,1,3172
MOD000846,IP,2,1974
MOD000847,input,1,613
MOD000847,input,2,689
MOD000847,IP,1,846
MOD000847,IP,2,1077
MOD000848,input,1,500
MOD000848,input,2,629
MOD000848,IP,1,1260
MOD000848,IP,2,979
MOD000849,input,1,223
MOD000849,input,2,245
MOD000849,IP,1,488
MOD000849,IP,2,365
MOD000850,input,1,683
MOD000850,input,2,833
MOD000850,IP,1,767
MOD000850,IP,2,1044
MOD000851,input,1,335
MOD000851,input,2,341
MOD000851,IP,1,370
MOD000851,IP,2,612
MOD000852,input,1,476
MOD000852,input,2,430
MOD000852,IP,1,1434
MOD000852,IP,2,1472
MOD000853,input,1,427
MOD000853,input,2,314
MOD000853,IP,1,897
MOD000853,IP,2,1190
MOD000854,input,1,348
MOD000854,input,2,474
MOD000854,IP,1,1012
MOD000854,IP,2,1230
MOD000855,input,1,415
MOD000855,input,2,592
MOD000855,IP,1,986
MOD000855,IP,2,867
MOD000856,input,1,293
MOD000856,input,2,242
MOD000856,IP,1,356
MOD000856,IP,2,386
MOD000857,input,1,534
MOD000857,input,2,712
MOD000857,IP,1,1665
MOD000857,IP,2,1249
MOD000858,input,1,581
MOD000858,input,2,569
MOD000858,IP,1,645
MOD000858,IP,2,792
MOD000859,input,1,345
MOD000859,input,2,353
MOD000859,IP,1,669
MOD000859,IP,2,558
MOD000860,input,1,595
MOD000860,input,2,568
MOD000860,IP,1,726
MOD000860,IP,2,1298
MOD000861,input,1,234
MOD000861,input,2,203
MOD000861,IP,1,375
MOD000861,IP,2,339
MOD000862,input,1,639
MOD000862,input,2,593
MOD000862,IP,1,1159
MOD000862,IP,2,1583
MOD000863,input,1,474
MOD000863,input,2,450
MOD000863,IP,1,1331
MOD000863,IP,2,1072
MOD000864,input,1,345
MOD000864,input,2,325
MOD000864,IP,1,1122
MOD000864,IP,2,820
MOD000865,input,1,336
MOD000865,input,2,473
MOD000865,IP,1,766
MOD000865,IP,2,869
MOD000866,input,1,231
MOD000866,input,2,257
MOD000866,IP,1,268
MOD000866,IP,2,347
MOD000867,input,1,774
MOD000867,input,2,821
MOD000867,IP,1,2300
MOD000867,IP,2,2958
MOD000868,input,1,618
MOD000868,input,2,830
MOD000868,IP,1,950
MOD000868,IP,2,1588
MOD000869,input,1,541
MOD000869,input,2,720
MOD000869,IP,1,984
MOD000869,IP,2,1201
MOD000870,input,1,810
MOD000870,input,2,677
MOD000870,IP,1,2141
MOD000870,IP,2,2075
MOD000871,input,1,443
MOD000871,input,2,563
MOD000871,IP,1,1194
MOD000871,IP,2,1266
MOD000872,input,1,438
MOD000872,input,2,380
MOD000872,IP,1,1090
MOD000872,IP,2,952
MOD000873,input,1,342
MOD000873,input,2,404
MOD000873,IP,1,820
MOD000873,IP,2,780
MOD000874,input,1,499
MOD000874,input,2,510
MOD000874,IP,1,463
MOD000874,IP,2,806
MOD000875,input,1,358
MOD000875,input,2,353
MOD000875,IP,1,1190
MOD000875,IP,2,1416
MOD000876,input,1,340
MOD000876,input,2,410
MOD000876,IP,1,728
MOD000876,IP,2,1003
MOD000877,input,1,425
MOD000877,input,2,291
MOD000877,IP,1,930
MOD000877,IP,2,712
MOD000878,input,1,166
MOD000878,input,2,166
MOD000878,IP,1,290
MOD000878,IP,2,293
MOD000879,input,1,400
MOD000879,input,2,402
MOD000879,IP,1,659
MOD000879,IP,2,519
MOD000880,input,1,273
MOD000880,input,2,309
MOD000880,IP,1,1096
MOD000880,IP,2,1217
MOD000881,input,1,483
MOD000881,input,2,469
MOD000881,IP,1,1332
MOD000881,IP,2,1758
MOD000882,input,1,436
MOD000882,input,2,428
MOD000882,IP,1,765
MOD000882,IP,2,601
MOD000883,input,1,389
MOD000883,input,2,294
MOD000883,IP,1,822
MOD000883,IP,2,959
MOD000884,input,1,352
MOD000884,input,2,389
MOD000884,IP,1,855
MOD000884,IP,2,710
MOD000885,input,1,246
MOD000885,input,2,182
MOD000885,IP,1,366
MOD000885,IP,2,341
MOD000886,input,1,200
MOD000886,input,2,171
MOD000886,IP,1,241
MOD000886,IP,2,224
MOD000887,input,1,986
MOD000887,input,2,1144
MOD000887,IP,1,2661
MOD000887,IP,2,2757
MOD000888,input,1,620
MOD000888,input,2,686
MOD000888,IP,1,1044
MOD000888,IP,2,1391
MOD000889,input,1,399
MOD000889,input,2,417
MOD000889,IP,1,651
MOD000889,IP,2,687
MOD000890,input,1,291
MOD000890,input,2,392
MOD000890,IP,1,715
MOD000890,IP,2,640
MOD000891,input,1,640
MOD000891,input,2,533
MOD000891,IP,1,1536
MOD000891,IP,2,1618
MOD000892,input,1,770
MOD000892,input,2,548
MOD000892,IP,1,2243
MOD000892,IP,2,2183
MOD000893,input,1,954
MOD000893,input,2,1277
MOD000893,IP,1,1417
MOD000893,IP,2,1134
MOD000894,input,1,194
MOD000894,input,2,181
MOD000894,IP,1,353
MOD000894,IP,2,467
MOD000895,input,1,596
MOD000895,input,2,549
MOD000895,IP,1,1759
MOD000895,IP,2,1369
MOD000896,input,1,477
MOD000896,input,2,543
MOD000896,IP,1,1148
MOD000896,IP,2,1294
MOD000897,input,1,478
MOD000897,input,2,519
MOD000897,IP,1,1429
MOD000897,IP,2,979
MOD000898,input,1,424
MOD000898,input,2,384
MOD000898,IP,1,919
MOD000898,IP,2,920
MOD000899,input,1,805
MOD000899,input,2,765
MOD000899,IP,1,754
MOD000899,IP,2,876
MOD000900,input,1,342
MOD000900,input,2,404
MOD000900,IP,1,621
MOD000900,IP,2,526
MOD000901,input,1,299
MOD000901,input,2,306
MOD000901,IP,1,684
MOD000901,IP,2,615
MOD000902,input,1,609
MOD000902,input,2,663
MOD000902,IP,1,939
MOD000902,IP,2,713
MOD000903,input,1,330
MOD000903,input,2,343
MOD000903,IP,1,435
MOD000903,IP,2,401
MOD000904,input,1,305
MOD000904,input,2,330
MOD000904,IP,1,680
MOD000904,IP,2,432
MOD000905,input,1,235
MOD000905,input,2,215
MOD000905,IP,1,288
MOD000905,IP,2,275
MOD000906,input,1,1104
MOD000906,input,2,1300
MOD000906,IP,1,4392
MOD000906,IP,2,3383
MOD000907,input,1,402
MOD000907,input,2,389
MOD000907,IP,1,817
MOD000907,IP,2,848
MOD000908,input,1,420
MOD000908,input,2,435
MOD000908,IP,1,715
MOD000908,IP,2,495
MOD000909,input,1,713
MOD000909,input,2,852
MOD000909,IP,1,1759
MOD000909,IP,2,1134
MOD000910,input,1,1562
MOD000910,input,2,1686
MOD000910,IP,1,3398
MOD000910,IP,2,3978
MOD000911,input,1,292
MOD000911,input,2,358
MOD000911,IP,1,998
MOD000911,IP,2,945
MOD000912,input,1,624
MOD000912,input,2,768
MOD000912,IP,1,1894
MOD000912,IP,2,1163
MOD000913,input,1,455
MOD000913,input,2,342
MOD000913,IP,1,701
MOD000913,IP,2,617
MOD000914,input,1,308
MOD000914,input,2,345
MOD000914,IP,1,1118
MOD000914,IP,2,1275
MOD000915,input,1,279
MOD000915,input,2,302
MOD000915,IP,1,430
MOD000915,IP,2,601
MOD000916,input,1,500
MOD000916,input,2,479
MOD000916,IP,1,1459
MOD000916,IP,2,1703
MOD000917,input,1,272
MOD000917,input,2,280
MOD000917,IP,1,637
MOD000917,IP,2,516
MOD000918,input,1,580
MOD000918,input,2,575
MOD000918,IP,1,1703
MOD000918,IP,2,1224
MOD000919,input,1,462
MOD000919,input,2,354
MOD000919,IP,1,1194
MOD000919,IP,2,1061
MOD000920,input,1,134
MOD000920,input,2,115
MOD000920,IP,1,209
MOD000920,IP,2,282
MOD000921,input,1,342
MOD000921,input,2,291
MOD000921,IP,1,497
MOD000921,IP,2,397
MOD000922,input,1,463
MOD000922,input,2,575
MOD000922,IP,1,1229
MOD000922,IP,2,991
MOD000923,input,1,449
MOD000923,input,2,489
MOD000923,IP,1,819
MOD000923,IP,2,1465
MOD000924,input,1,525
MOD000924,input,2,546
MOD000924,IP,1,1320
MOD000924,IP,2,1107
MOD000925,input,1,468
MOD000925,input,2,371
MOD000925,IP,1,1257
MOD000925,IP,2,1126
MOD000926,input,1,156
MOD000926,input,2,152
MOD000926,IP,1,351
MOD000926,IP,2,320
MOD000927,input,1,486
MOD000927,input,2,483
MOD000927,IP,1,1180
MOD000927,IP,2,836
MOD000928,input,1,796
MOD000928,input,2,771
MOD000928,IP,1,2889
MOD000928,IP,2,2342
MOD000929,input,1,522
MOD000929,input,2,702
MOD000929,IP,1,1898
MOD000929,IP,2,1160
MOD000930,input,1,1246
MOD000930,input,2,902
MOD000930,IP,1,1433
MOD000930,IP,2,2271
MOD000931,input,1,399
MOD000931,input,2,272
MOD000931,IP,1,278
MOD000931,IP,2,310
MOD000932,input,1,234
MOD000932,input,2,279
MOD000932,IP,1,414
MOD000932,IP,2,678
MOD000933,input,1,506
MOD000933,input,2,648
MOD000933,IP,1,1345
MOD000933,IP,2,1367
MOD000934,input,1,462
MOD000934,input,2,357
MOD000934,IP,1,833
MOD000934,IP,2,1039
MOD000935,input,1,380
MOD000935,input,2,364
MOD000935,IP,1,404
MOD000935,IP,2,569
MOD000936,input,1,1086
MOD000936,input,2,1107
MOD000936,IP,1,1256
MOD000936,IP,2,1012
MOD000937,input,1,313
MOD000937,input,2,292
MOD000937,IP,1,592
MOD000937,IP,2,590
MOD000938,input,1,898
MOD000938,input,2,653
MOD000938,IP,1,1311
MOD000938,IP,2,1593
MOD000939,input,1,974
MOD000939,input,2,1276
MOD000939,IP,1,1898
MOD000939,IP,2,1446
MOD000940,input,1,380
MOD000940,input,2,346
MOD000940,IP,1,1158
MOD000940,IP,2,1225
MOD000941,input,1,348
MOD000941,input,2,353
MOD000941,IP,1,438
MOD000941,IP,2,589
MOD000942,input,1,442
MOD000942,input,2,609
MOD000942,IP,1,1198
MOD000942,IP,2,1034
MOD000943,input,1,161
MOD000943,input,2,174
MOD000943,IP,1,202
MOD000943,IP,2,226
MOD000944,input,1,525
MOD000944,input,2,434
MOD000944,IP,1,1161
MOD000944,IP,2,1280
MOD000945,input,1,492
MOD000945,input,2,490
MOD000945,IP,1,1294
MOD000945,IP,2,1348
MOD000946,input,1,415
MOD000946,input,2,421
MOD000946,IP,1,747
MOD000946,IP,2,857
MOD000947,input,1,580
MOD000947,input,2,580
MOD000947,IP,1,596
MOD000947,IP,2,685
MOD000948,input,1,471
MOD000948,input,2,504
MOD000948,IP,1,802
MOD000948,IP,2,885
MOD000949,input,1,244
MOD000949,input,2,261
MOD000949,IP,1,523
MOD000949,IP,2,448
MOD000950,input,1,262
MOD000950,input,2,249
MOD000950,IP,1,409
MOD000950,IP,2,448
MOD000951,input,1,326
MOD000951,input,2,327
MOD000951,IP,1,1070
MOD000951,IP,2,1245
MOD000952,input,1,362
MOD000952,input,2,414
MOD000952,IP,1,681
MOD000952,IP,2,1088
MOD000953,input,1,510
MOD000953,input,2,475
MOD000953,IP,1,754
MOD000953,IP,2,668
MOD000954,input,1,793
MOD000954,input,2,726
MOD000954,IP,1,2018
MOD000954,IP,2,1756
MOD000955,input,1,444
MOD000955,input,2,419
MOD000955,IP,1,468
MOD000955,IP,2,538
MOD000956,input,1,582
MOD000956,input,2,460
MOD000956,IP,1,1153
MOD000956,IP,2,1143
MOD000957,input,1,655
MOD000957,input,2,665
MOD000957,IP,1,1383
MOD000957,IP,2,1320
MOD000958,input,1,359
MOD000958,input,2,431
MOD000958,IP,1,772
MOD000958,IP,2,565
MOD000959,input,1,756
MOD000959,input,2,733
MOD000959,IP,1,1930
MOD000959,IP,2,1531
MOD000960,input,1,288
MOD000960,input,2,296
MOD000960,IP,1,1078
MOD000960,IP,2,971
MOD000961,input,1,1034
MOD000961,input,2,1021
MOD000961,IP,1,1040
MOD000961,IP,2,995
MOD000962,input,1,309
MOD000962,input,2,213
MOD000962,IP,1,382
MOD000962,IP,2,586
MOD000963,input,1,568
MOD000963,input,2,527
MOD000963,IP,1,1202
MOD000963,IP,2,1585
MOD000964,input,1,410
MOD000964,input,2,413
MOD000964,IP,1,792
MOD000964,IP,2,670
MOD000965,input,1,938
MOD000965,input,2,1135
MOD000965,IP,1,1071
MOD000965,IP,2,755
MOD000966,input,1,58
MOD000966,input,2,76
MOD000966,IP,1,214
MOD000966,IP,2,147
MOD000967,input,1,559
MOD000967,input,2,460
MOD000967,IP,1,583
MOD000967,IP,2,608
MOD000968,input,1,219
MOD000968,input,2,298
MOD000968,IP,1,340
MOD000968,IP,2,385
MOD000969,input,1,458
MOD000969,input,2,435
MOD000969,IP,1,1508
MOD000969,IP,2,1307
MOD000970,input,1,631
MOD000970,input,2,790
MOD000970,IP,1,2180
MOD000970,IP,2,1724
MOD000971,input,1,623
MOD000971,input,2,512
MOD000971,IP,1,754
MOD000971,IP,2,939
MOD000972,input,1,371
MOD000972,input,2,420
MOD000972,IP,1,492
MOD000972,IP,2,448
MOD000973,input,1,130
MOD000973,input,2,140
MOD000973,IP,1,231
MOD000973,IP,2,243
MOD000974,input,1,595
MOD000974,input,2,499
MOD000974,IP,1,661
MOD000974,IP,2,862
MOD000975,input,1,562
MOD000975,input,2,582
MOD000975,IP,1,645
MOD000975,IP,2,566
MOD000976,input,1,558
MOD000976,input,2,645
MOD000976,IP,1,1644
MOD000976,IP,2,1027
MOD000977,input,1,454
MOD000977,input,2,414
MOD000977,IP,1,897
MOD000977,IP,2,887
MOD000978,input,1,400
MOD000978,input,2,454
MOD000978,IP,1,908
MOD000978,IP,2,922
MOD000979,input,1,763
MOD000979,input,2,859
MOD000979,IP,1,2397
MOD000979,IP,2,2956
MOD000980,input,1,359
MOD000980,input,2,417
MOD000980,IP,1,932
MOD000980,IP,2,908
MOD000981,input,1,570
MOD000981,input,2,804
MOD000981,IP,1,1591
MOD000981,IP,2,1202
MOD000982,input,1,440
MOD000982,input,2,419
MOD000982,IP,1,916
MOD000982,IP,2,956
MOD000983,input,1,694
MOD000983,input,2,640
MOD000983,IP,1,659
MOD000983,IP,2,834
MOD000984,input,1,442
MOD000984,input,2,525
MOD000984,IP,1,711
MOD000984,IP,2,853
MOD000985,input,1,743
MOD000985,input,2,856
MOD000985,IP,1,1104
MOD000985,IP,2,1434
MOD000986,input,1,831
MOD000986,input,2,764
MOD000986,IP,1,1418
MOD000986,IP,2,1593
MOD000987,input,1,467
MOD000987,input,2,499
MOD000987,IP,1,782
MOD000987,IP,2,992
MOD000988,input,1,1086
MOD000988,input,2,1050
MOD000988,IP,1,967
MOD000988,IP,2,1246
MOD000989,input,1,285
MOD000989,input,2,270
MOD000989,IP,1,436
MOD000989,IP,2,512
MOD000990,input,1,478
MOD000990,input,2,486
MOD000990,IP,1,640
MOD000990,IP,2,745
MOD000991,input,1,172
MOD000991,input,2,194
MOD000991,IP,1,198
MOD000991,IP,2,220
MOD000992,input,1,782
MOD000992,input,2,809
MOD000992,IP,1,1892
MOD000992,IP,2,1552
MOD000993,input,1,266
MOD000993,input,2,346
MOD000993,IP,1,414
MOD000993,IP,2,350
MOD000994,input,1,449
MOD000994,input,2,454
MOD000994,IP,1,639
MOD000994,IP,2,643
MOD000995,input,1,440
MOD000995,input,2,524
MOD000995,IP,1,843
MOD000995,IP,2,1349
MOD000996,input,1,399
MOD000996,input,2,326
MOD000996,IP,1,835
MOD000996,IP,2,1148
MOD000997,input,1,624
MOD000997,input,2,624
MOD000997,IP,1,1019
MOD000997,IP,2,1780
MOD000998,input,1,789
MOD000998,input,2,1033
MOD000998,IP,1,2291
MOD000998,IP,2,3554
MOD000999,input,1,450
MOD000999,input,2,491
MOD000999,IP,1,1048
MOD000999,IP,2,884
MOD001000,input,1,216
MOD001000,input,2,215
MOD001000,IP,1,258
MOD001000,IP,2,413
MOD001001,input,1,376
MOD001001,input,2,411
MOD001001,IP,1,984
MOD001001,IP,2,661
MOD001002,input,1,312
MOD001002,input,2,252
MOD001002,IP,1,673
MOD001002,IP,2,428
MOD001003,input,1,918
MOD001003,input,2,989
MOD001003,IP,1,1488
MOD001003,IP,2,1607
MOD001004,input,1,244
MOD001004,input,2,297
MOD001004,IP,1,787
MOD001004,IP,2,726
MOD001005,input,1,312
MOD001005,input,2,376
MOD001005,IP,1,1192
MOD001005,IP,2,912
MOD001006,input,1,655
MOD001006,input,2,698
MOD001006,IP,1,1259
MOD001006,IP,2,1621
MOD001007,input,1,590
MOD001007,input,2,440
MOD001007,IP,1,467
MOD001007,IP,2,729
MOD001008,input,1,1101
MOD001008,input,2,1029
MOD001008,IP,1,2332
MOD001008,IP,2,3176
MOD001009,input,1,729
MOD001009,input,2,647
MOD001009,IP,1,2027
MOD001009,IP,2,1908
MOD001010,input,1,531
MOD001010,input,2,414
MOD001010,IP,1,1610
MOD001010,IP,2,1668
MOD001011,input,1,541
MOD001011,input,2,629
MOD001011,IP,1,1477
MOD001011,IP,2,867
MOD001012,input,1,975
MOD001012,input,2,760
MOD001012,IP,1,1846
MOD001012,IP,2,1634
MOD001013,input,1,326
MOD001013,input,2,307
MOD001013,IP,1,560
MOD001013,IP,2,532
MOD001014,input,1,386
MOD001014,input,2,319
MOD001014,IP,1,461
MOD001014,IP,2,556
MOD001015,input,1,697
MOD001015,input,2,793
MOD001015,IP,1,1600
MOD001015,IP,2,1237
MOD001016,input,1,208
MOD001016,input,2,202
MOD001016,IP,1,432
MOD001016,IP,2,344
MOD001017,input,1,761
MOD001017,input,2,924
MOD001017,IP,1,2335
MOD001017,IP,2,1571
MOD001018,input,1,768
MOD001018,input,2,607
MOD001018,IP,1,1186
MOD001018,IP,2,1457
MOD001019,input,1,531
MOD001019,input,2,558
MOD001019,IP,1,630
MOD001019,IP,2,837
MOD001020,input,1,440
MOD001020,input,2,440
MOD001020,IP,1,393
MOD001020,IP,2,564
MOD001021,input,1,521
MOD001021,input,2,623
MOD001021,IP,1,618
MOD001021,IP,2,540
MOD001022,input,1,798
MOD001022,input,2,870
MOD001022,IP,1,905
MOD001022,IP,2,990
MOD001023,input,1,581
MOD001023,input,2,590
MOD001023,IP,1,875
MOD001023,IP,2,823
MOD001024,input,1,1090
MOD001024,input,2,940
MOD001024,IP,1,1863
MOD001024,IP,2,1949
MOD001025,input,1,381
MOD001025,input,2,471
MOD001025,IP,1,1007
MOD001025,IP,2,657
MOD001026,input,1,729
MOD001026,input,2,992
MOD001026,IP,1,1224
MOD001026,IP,2,1394
MOD001027,input,1,666
MOD001027,input,2,585
MOD001027,IP,1,890
MOD001027,IP,2,1053
MOD001028,input,1,490
MOD001028,input,2,562
MOD001028,IP,1,624
MOD001028,IP,2,588
MOD001029,input,1,876
MOD001029,input,2,711
MOD001029,IP,1,1358
MOD001029,IP,2,910
MOD001030,input,1,408
MOD001030,input,2,446
MOD001030,IP,1,702
MOD001030,IP,2,1018
MOD001031,input,1,662
MOD001031,input,2,582
MOD001031,IP,1,1209
MOD001031,IP,2,1334
MOD001032,input,1,488
MOD001032,input,2,529
MOD001032,IP,1,867
MOD001032,IP,2,757
MOD001033,input,1,290
MOD001033,input,2,265
MOD001033,IP,1,265
MOD001033,IP,2,292
MOD001034,input,1,271
MOD001034,input,2,211
MOD001034,IP,1,517
MOD001034,IP,2,616
MOD001035,input,1,147
MOD001035,input,2,193
MOD001035,IP,1,569
MOD001035,IP,2,546
MOD001036,input,1,132
MOD001036,input,2,113
MOD001036,IP,1,404
MOD001036,IP,2,304
MOD001037,input,1,959
MOD001037,input,2,1023
MOD001037,IP,1,1952
MOD001037,IP,2,2347
MOD001038,input,1,350
MOD001038,input,2,341
MOD001038,IP,1,1222
MOD001038,IP,2,811
MOD001039,input,1,586
MOD001039,input,2,635
MOD001039,IP,1,1244
MOD001039,IP,2,794
MOD001040,input,1,705
MOD001040,input,2,685
MOD001040,IP,1,1297
MOD001040,IP,2,1428
MOD001041,input,1,1491
MOD001041,input,2,1689
MOD001041,IP,1,2993
MOD001041,IP,2,3713
MOD001042,input,1,541
MOD001042,input,2,477
MOD001042,IP,1,1574
MOD001042,IP,2,1569
MOD001043,input,1,382
MOD001043,input,2,334
MOD001043,IP,1,712
MOD001043,IP,2,941
MOD001044,input,1,205
MOD001044,input,2,222
MOD001044,IP,1,385
MOD001044,IP,2,318
MOD001045,input,1,722
MOD001045,input,2,689
MOD001045,IP,1,900
MOD001045,IP,2,1199
MOD001046,input,1,520
MOD001046,input,2,377
MOD001046,IP,1,1083
MOD001046,IP,2,1556
MOD001047,input,1,430
MOD001047,input,2,433
MOD001047,IP,1,368
MOD001047,IP,2,389
MOD001048,input,1,648
MOD001048,input,2,825
MOD001048,IP,1,1276
MOD001048,IP,2,1923
MOD001049,input,1,744
MOD001049,input,2,747
MOD001049,IP,1,1134
MOD001049,IP,2,1935
MOD001050,input,1,360
MOD001050,input,2,354
MOD001050,IP,1,837
MOD001050,IP,2,867
MOD001051,input,1,582
MOD001051,input,2,524
MOD001051,IP,1,797
MOD001051,IP,2,1196
MOD001052,input,1,748
MOD001052,input,2,840
MOD001052,IP,1,2601
MOD001052,IP,2,2465
MOD001053,input,1,659
MOD001053,input,2,608
MOD001053,IP,1,1268
MOD001053,IP,2,1205
MOD001054,input,1,472
MOD001054,input,2,477
MOD001054,IP,1,579
MOD001054,IP,2,606
MOD001055,input,1,329
MOD001055,input,2,396
MOD001055,IP,1,484
MOD001055,IP,2,494
MOD001056,input,1,397
MOD001056,input,2,433
MOD001056,IP,1,422
MOD001056,IP,2,586
MOD001057,input,1,386
MOD001057,input,2,394
MOD001057,IP,1,1222
MOD001057,IP,2,1100
MOD001058,input,1,273
MOD001058,input,2,265
MOD001058,IP,1,677
MOD001058,IP,2,665
MOD001059,input,1,504
MOD001059,input,2,450
MOD001059,IP,1,1026
MOD001059,IP,2,1446
MOD001060,input,1,292
MOD001060,input,2,278
MOD001060,IP,1,539
MOD001060,IP,2,758
MOD001061,input,1,631
MOD001061,input,2,496
MOD001061,IP,1,1045
MOD001061,IP,2,1037
MOD001062,input,1,286
MOD001062,input,2,373
MOD001062,IP,1,344
MOD001062,IP,2,314
MOD001063,input,1,1006
MOD001063,input,2,832
MOD001063,IP,1,1578
MOD001063,IP,2,1117
MOD001064,input,1,413
MOD001064,input,2,398
MOD001064,IP,1,788
MOD001064,IP,2,749
MOD001065,input,1,277
MOD001065,input,2,292
MOD001065,IP,1,576
MOD001065,IP,2,486
MOD001066,input,1,523
MOD001066,input,2,589
MOD001066,IP,1,736
MOD001066,IP,2,1033
MOD001067,input,1,460
MOD001067,input,2,559
MOD001067,IP,1,423
MOD001067,IP,2,714
MOD001068,input,1,300
MOD001068,input,2,356
MOD001068,IP,1,664
MOD001068,IP,2,782
MOD001069,input,1,424
MOD001069,input,2,430
MOD001069,IP,1,1118
MOD001069,IP,2,829
MOD001070,input,1,956
MOD001070,input,2,741
MOD001070,IP,1,2717
MOD001070,IP,2,3066
MOD001071,input,1,237
MOD001071,input,2,262
MOD001071,IP,1,448
MOD001071,IP,2,533
MOD001072,input,1,327
MOD001072,input,2,440
MOD001072,IP,1,574
MOD001072,IP,2,715
MOD001073,input,1,800
MOD001073,input,2,601
MOD001073,IP,1,2262
MOD001073,IP,2,1451
MOD001074,input,1,312
MOD001074,input,2,339
MOD001074,IP,1,551
MOD001074,IP,2,570
MOD001075,input,1,464
MOD001075,input,2,488
MOD001075,IP,1,834
MOD001075,IP,2,910
MOD001076,input,1,353
MOD001076,input,2,451
MOD001076,IP,1,1625
MOD001076,IP,2,1746
MOD001077,input,1,725
MOD001077,input,2,789
MOD001077,IP,1,1991
MOD001077,IP,2,1204
MOD001078,input,1,690
MOD001078,input,2,512
MOD001078,IP,1,2240
MOD001078,IP,2,2161
MOD001079,input,1,450
MOD001079,input,2,502
MOD001079,IP,1,1315
MOD001079,IP,2,1173
MOD001080,input,1,352
MOD001080,input,2,373
MOD001080,IP,1,1506
MOD001080,IP,2,942
MOD001081,input,1,639
MOD001081,input,2,529
MOD001081,IP,1,685
MOD001081,IP,2,732
MOD001082,input,1,312
MOD001082,input,2,345
MOD001082,IP,1,587
MOD001082,IP,2,633
MOD001083,input,1,986
MOD001083,input,2,977
MOD001083,IP,1,920
MOD001083,IP,2,1593
MOD001084,input,1,569
MOD001084,input,2,528
MOD001084,IP,1,1096
MOD001084,IP,2,1135
MOD001085,input,1,213
MOD001085,input,2,182
MOD001085,IP,1,368
MOD001085,IP,2,363
MOD001086,input,1,479
MOD001086,input,2,443
MOD001086,IP,1,738
MOD001086,IP,2,971
MOD001087,input,1,664
MOD001087,input,2,804
MOD001087,IP,1,1252
MOD001087,IP,2,1939
MOD001088,input,1,302
MOD001088,input,2,272
MOD001088,IP,1,741
MOD001088,IP,2,845
MOD001089,input,1,549
MOD001089,input,2,520
MOD001089,IP,1,1063
MOD001089,IP,2,656
MOD001090,input,1,371
MOD001090,input,2,449
MOD001090,IP,1,945
MOD001090,IP,2,987
MOD001091,input,1,343
MOD001091,input,2,339
MOD001091,IP,1,847
MOD001091,IP,2,1051
MOD001092,input,1,840
MOD001092,input,2,722
MOD001092,IP,1,1547
MOD001092,IP,2,2177
MOD001093,input,1,337
MOD001093,input,2,330
MOD001093,IP,1,840
MOD001093,IP,2,647
MOD001094,input,1,357
MOD001094,input,2,388
MOD001094,IP,1,588
MOD001094,IP,2,460
MOD001095,input,1,490
MOD001095,input,2,491
MOD001095,IP,1,425
MOD001095,IP,2,518
MOD001096,input,1,1083
MOD001096,input,2,1385
MOD001096,IP,1,1751
MOD001096,IP,2,1516
MOD001097,input,1,247
MOD001097,input,2,252
MOD001097,IP,1,383
MOD001097,IP,2,478
MOD001098,input,1,310
MOD001098,input,2,255
MOD001098,IP,1,802
MOD001098,IP,2,882
MOD001099,input,1,267
MOD001099,input,2,283
MOD001099,IP,1,718
MOD001099,IP,2,614
MOD001100,input,1,267
MOD001100,input,2,284
MOD001100,IP,1,588
MOD001100,IP,2,683
MOD001101,input,1,451
MOD001101,input,2,622
MOD001101,IP,1,882
MOD001101,IP,2,933
MOD001102,input,1,511
MOD001102,input,2,396
MOD001102,IP,1,580
MOD001102,IP,2,551
MOD001103,input,1,546
MOD001103,input,2,560
MOD001103,IP,1,776
MOD001103,IP,2,1077
MOD001104,input,1,930
MOD001104,input,2,823
MOD001104,IP,1,985
MOD001104,IP,2,1244
MOD001105,input,1,342
MOD001105,input,2,370
MOD001105,IP,1,1782
MOD001105,IP,2,1701
MOD001106,input,1,476
MOD001106,input,2,487
MOD001106,IP,1,1013
MOD001106,IP,2,960
MOD001107,input,1,155
MOD001107,input,2,164
MOD001107,IP,1,482
MOD001107,IP,2,364
MOD001108,input,1,314
MOD001108,input,2,349
MOD001108,IP,1,374
MOD001108,IP,2,533
MOD001109,input,1,303
MOD001109,input,2,265
MOD001109,IP,1,668
MOD001109,IP,2,578
MOD001110,input,1,430
MOD001110,input,2,603
MOD001110,IP,1,802
MOD001110,IP,2,1046
MOD001111,input,1,680
MOD001111,input,2,891
MOD001111,IP,1,1605
MOD001111,IP,2,1730
MOD001112,input,1,223
MOD001112,input,2,189
MOD001112,IP,1,320
MOD001112,IP,2,308
MOD001113,input,1,118
MOD001113,input,2,112
MOD001113,IP,1,310
MOD001113,IP,2,224
MOD001114,input,1,508
MOD001114,input,2,493
MOD001114,IP,1,756
MOD001114,IP,2,620
MOD001115,input,1,790
MOD001115,input,2,970
MOD001115,IP,1,2765
MOD001115,IP,2,3339
MOD001116,input,1,1007
MOD001116,input,2,845
MOD001116,IP,1,1954
MOD001116,IP,2,1480
MOD001117,input,1,659
MOD001117,input,2,597
MOD001117,IP,1,1212
MOD001117,IP,2,1581
MOD001118,input,1,577
MOD001118,input,2,603
MOD001118,IP,1,2555
MOD001118,IP,2,2270
MOD001119,input,1,726
MOD001119,input,2,712
MOD001119,IP,1,1149
MOD001119,IP,2,1206
MOD001120,input,1,620
MOD001120,input,2,648
MOD001120,IP,1,1368
MOD001120,IP,2,1176
MOD001121,input,1,600
MOD001121,input,2,542
MOD001121,IP,1,1332
MOD001121,IP,2,1598
MOD001122,input,1,587
MOD001122,input,2,853
MOD001122,IP,1,1504
MOD001122,IP,2,1251
MOD001123,input,1,260
MOD001123,input,2,211
MOD001123,IP,1,545
MOD001123,IP,2,749
MOD001124,input,1,369
MOD001124,input,2,386
MOD001124,IP,1,552
MOD001124,IP,2,681
MOD001125,input,1,213
MOD001125,input,2,217
MOD001125,IP,1,266
MOD001125,IP,2,346
MOD001126,input,1,344
MOD001126,input,2,318
MOD001126,IP,1,963
MOD001126,IP,2,601
MOD001127,input,1,292
MOD001127,input,2,329
MOD001127,IP,1,625
MOD001127,IP,2,718
MOD001128,input,1,425
MOD001128,input,2,600
MOD001128,IP,1,1128
MOD001128,IP,2,1038
MOD001129,input,1,214
MOD001129,input,2,166
MOD001129,IP,1,484
MOD001129,IP,2,365
MOD001130,input,1,511
MOD001130,input,2,475
MOD001130,IP,1,758
MOD001130,IP,2,550
MOD001131,input,1,1146
MOD001131,input,2,1075
MOD001131,IP,1,2765
MOD001131,IP,2,2131
MOD001132,input,1,702
MOD001132,input,2,571
MOD001132,IP,1,1911
MOD001132,IP,2,1729
MOD001133,input,1,486
MOD001133,input,2,608
MOD001133,IP,1,848
MOD001133,IP,2,1020
MOD001134,input,1,603
MOD001134,input,2,781
MOD001134,IP,1,1481
MOD001134,IP,2,1101
MOD001135,input,1,236
MOD001135,input,2,303
MOD001135,IP,1,585
MOD001135,IP,2,522
MOD001136,input,1,717
MOD001136,input,2,822
MOD001136,IP,1,1702
MOD001136,IP,2,1955
MOD001137,input,1,359
MOD001137,input,2,402
MOD001137,IP,1,614
MOD001137,IP,2,559
MOD001138,input,1,612
MOD001138,input,2,796
MOD001138,IP,1,1041
MOD001138,IP,2,1234
MOD001139,input,1,110
MOD001139,input,2,107
MOD001139,IP,1,338
MOD001139,IP,2,358
MOD001140,input,1,188
MOD001140,input,2,192
MOD001140,IP,1,416
MOD001140,IP,2,622
MOD001141,input,1,488
MOD001141,input,2,406
MOD001141,IP,1,595
MOD001141,IP,2,720
MOD001142,input,1,713
MOD001142,input,2,703
MOD001142,IP,1,1454
MOD001142,IP,2,1440
MOD001143,input,1,430
MOD001143,input,2,367
MOD001143,IP,1,1335
MOD001143,IP,2,818
MOD001144,input,1,308
MOD001144,input,2,308
MOD001144,IP,1,380
MOD001144,IP,2,509
MOD001145,input,1,223
MOD001145,input,2,221
MOD001145,IP,1,590
MOD001145,IP,2,574
MOD001146,input,1,393
MOD001146,input,2,502
MOD001146,IP,1,1342
MOD001146,IP,2,890
MOD001147,input,1,300
MOD001147,input,2,283
MOD001147,IP,1,709
MOD001147,IP,2,542
MOD001148,input,1,767
MOD001148,input,2,605
MOD001148,IP,1,664
MOD001148,IP,2,877
MOD001149,input,1,449
MOD001149,input,2,599
MOD001149,IP,1,878
MOD001149,IP,2,1259
MOD001150,input,1,478
MOD001150,input,2,507
MOD001150,IP,1,1380
MOD001150,IP,2,1341
MOD001151,input,1,382
MOD001151,input,2,539
MOD001151,IP,1,1027
MOD001151,IP,2,1362
MOD001152,input,1,367
MOD001152,input,2,355
MOD001152,IP,1,778
MOD001152,IP,2,791
MOD001153,input,1,500
MOD001153,input,2,569
MOD001153,IP,1,1330
MOD001153,IP,2,1833
MOD001154,input,1,443
MOD001154,input,2,512
MOD001154,IP,1,773
MOD001154,IP,2,739
MOD001155,input,1,161
MOD001155,input,2,142
MOD001155,IP,1,294
MOD001155,IP,2,371
MOD001156,input,1,370
MOD001156,input,2,319
MOD001156,IP,1,669
MOD001156,IP,2,678
MOD001157,input,1,310
MOD001157,input,2,313
MOD001157,IP,1,541
MOD001157,IP,2,506
MOD001158,input,1,577
MOD001158,input,2,664
MOD001158,IP,1,1739
MOD001158,IP,2,2580
MOD001159,input,1,404
MOD001159,input,2,407
MOD001159,IP,1,483
MOD001159,IP,2,792
MOD001160,input,1,574
MOD001160,input,2,547
MOD001160,IP,1,973
MOD001160,IP,2,1008
MOD001161,input,1,327
MOD001161,input,2,342
MOD001161,IP,1,310
MOD001161,IP,2,399
MOD001162,input,1,428
MOD001162,input,2,347
MOD001162,IP,1,677
MOD001162,IP,2,587
MOD001163,input,1,257
MOD001163,input,2,330
MOD001163,IP,1,453
MOD001163,IP,2,455
MOD001164,input,1,520
MOD001164,input,2,446
MOD001164,IP,1,794
MOD001164,IP,2,1124
MOD001165,input,1,248
MOD001165,input,2,194
MOD001165,IP,1,367
MOD001165,IP,2,352
MOD001166,input,1,193
MOD001166,input,2,181
MOD001166,IP,1,291
MOD001166,IP,2,396
MOD001167,input,1,166
MOD001167,input,2,177
MOD001167,IP,1,367
MOD001167,IP,2,418
MOD001168,input,1,269
MOD001168,input,2,297
MOD001168,IP,1,482
MOD001168,IP,2,793
MOD001169,input,1,1313
MOD001169,input,2,1070
MOD001169,IP,1,2243
MOD001169,IP,2,1434
MOD001170,input,1,281
MOD001170,input,2,417
MOD001170,IP,1,953
MOD001170,IP,2,758
MOD001171,input,1,742
MOD001171,input,2,685
MOD001171,IP,1,1034
MOD001171,IP,2,1011
MOD001172,input,1,736
MOD001172,input,2,660
MOD001172,IP,1,568
MOD001172,IP,2,627
MOD001173,input,1,445
MOD001173,input,2,465
MOD001173,IP,1,538
MOD001173,IP,2,575
MOD001174,input,1,560
MOD001174,input,2,519
MOD001174,IP,1,640
MOD001174,IP,2,780
MOD001175,input,1,332
MOD001175,input,2,447
MOD001175,IP,1,612
MOD001175,IP,2,932
MOD001176,input,1,277
MOD001176,input,2,228
MOD001176,IP,1,798
MOD001176,IP,2,724
MOD001177,input,1,246
MOD001177,input,2,205
MOD001177,IP,1,636
MOD001177,IP,2,565
MOD001178,input,1,398
MOD001178,input,2,394
MOD001178,IP,1,455
MOD001178,IP,2,549
MOD001179,input,1,721
MOD001179,input,2,821
MOD001179,IP,1,1536
MOD001179,IP,2,1411
MOD001180,input,1,376
MOD001180,input,2,513
MOD001180,IP,1,1152
MOD001180,IP,2,1518
MOD001181,input,1,516
MOD001181,input,2,529
MOD001181,IP,1,1726
MOD001181,IP,2,1294
MOD001182,input,1,583
MOD001182,input,2,435
MOD001182,IP,1,1609
MOD001182,IP,2,1421
MOD001183,input,1,248
MOD001183,input,2,218
MOD001183,IP,1,404
MOD001183,IP,2,280
MOD001184,input,1,312
MOD001184,input,2,387
MOD001184,IP,1,361
MOD001184,IP,2,629
MOD001185,input,1,290
MOD001185,input,2,265
MOD001185,IP,1,313
MOD001185,IP,2,457
MOD001186,input,1,249
MOD001186,input,2,321
MOD001186,IP,1,228
MOD001186,IP,2,229
MOD001187,input,1,282
MOD001187,input,2,321
MOD001187,IP,1,930
MOD001187,IP,2,1158
MOD001188,input,1,899
MOD001188,input,2,640
MOD001188,IP,1,1519
MOD001188,IP,2,1140
MOD001189,input,1,759
MOD001189,input,2,668
MOD001189,IP,1,1694
MOD001189,IP,2,1305
MOD001190,input,1,404
MOD001190,input,2,350
MOD001190,IP,1,774
MOD001190,IP,2,848
MOD001191,input,1,406
MOD001191,input,2,347
MOD001191,IP,1,1538
MOD001191,IP,2,846
MOD001192,input,1,246
MOD001192,input,2,287
MOD001192,IP,1,695
MOD001192,IP,2,625
MOD001193,input,1,1135
MOD001193,input,2,1020
MOD001193,IP,1,2741
MOD001193,IP,2,3319
MOD001194,input,1,408
MOD001194,input,2,483
MOD001194,IP,1,1281
MOD001194,IP,2,1580
MOD001195,input,1,402
MOD001195,input,2,459
MOD001195,IP,1,524
MOD001195,IP,2,599
MOD001196,input,1,981
MOD001196,input,2,931
MOD001196,IP,1,2586
MOD001196,IP,2,1829
MOD001197,input,1,787
MOD001197,input,2,845
MOD001197,IP,1,2950
MOD001197,IP,2,2176
MOD001198,input,1,617
MOD001198,input,2,618
MOD001198,IP,1,1405
MOD001198,IP,2,966
MOD001199,input,1,367
MOD001199,input,2,385
MOD001199,IP,1,275
MOD001199,IP,2,465
MOD001200,input,1,458
MOD001200,input,2,496
MOD001200,IP,1,1200
MOD001200,IP,2,1542
MOD001201,input,1,808
MOD001201,input,2,836
MOD001201,IP,1,2178
MOD001201,IP,2,1437
MOD001202,input,1,140
MOD001202,input,2,107
MOD001202,IP,1,253
MOD001202,IP,2,248
MOD001203,input,1,327
MOD001203,input,2,322
MOD001203,IP,1,1126
MOD001203,IP,2,751
MOD001204,input,1,449
MOD001204,input,2,396
MOD001204,IP,1,810
MOD001204,IP,2,1070
MOD001205,input,1,231
MOD001205,input,2,206
MOD001205,IP,1,812
MOD001205,IP,2,727
MOD001206,input,1,387
MOD001206,input,2,559
MOD001206,IP,1,848
MOD001206,IP,2,548
MOD001207,input,1,408
MOD001207,input,2,442
MOD001207,IP,1,822
MOD001207,IP,2,1071
MOD001208,input,1,309
MOD001208,input,2,283
MOD001208,IP,1,900
MOD001208,IP,2,927
MOD001209,input,1,397
MOD001209,input,2,472
MOD001209,IP,1,513
MOD001209,IP,2,761
MOD001210,input,1,470
MOD001210,input,2,393
MOD001210,IP,1,1056
MOD001210,IP,2,1736
MOD001211,input,1,450
MOD001211,input,2,433
MOD001211,IP,1,853
MOD001211,IP,2,831
MOD001212,input,1,597
MOD001212,input,2,576
MOD001212,IP,1,900
MOD001212,IP,2,1510
MOD001213,input,1,622
MOD001213,input,2,571
MOD001213,IP,1,1686
MOD001213,IP,2,1308
MOD001214,input,1,475
MOD001214,input,2,385
MOD001214,IP,1,1287
MOD001214,IP,2,1063
MOD001215,input,1,796
MOD001215,input,2,784
MOD001215,IP,1,2153
MOD001215,IP,2,1671
MOD001216,input,1,440
MOD001216,input,2,334
MOD001216,IP,1,1337
MOD001216,IP,2,844
MOD001217,input,1,654
MOD001217,input,2,797
MOD001217,IP,1,2323
MOD001217,IP,2,1782
MOD001218,input,1,327
MOD001218,input,2,355
MOD001218,IP,1,848
MOD001218,IP,2,860
MOD001219,input,1,200
MOD001219,input,2,201
MOD001219,IP,1,830
MOD001219,IP,2,973
MOD001220,input,1,453
MOD001220,input,2,366
MOD001220,IP,1,636
MOD001220,IP,2,591
MOD001221,input,1,316
MOD001221,input,2,290
MOD001221,IP,1,463
MOD001221,IP,2,612
MOD001222,input,1,321
MOD001222,input,2,362
MOD001222,IP,1,1325
MOD001222,IP,2,1142
MOD001223,input,1,389
MOD001223,input,2,452
MOD001223,IP,1,1158
MOD001223,IP,2,1260
MOD001224,input,1,155
MOD001224,input,2,181
MOD001224,IP,1,331
MOD001224,IP,2,422
MOD001225,input,1,243
MOD001225,input,2,288
MOD001225,IP,1,562
MOD001225,IP,2,521
MOD001226,input,1,279
MOD001226,input,2,276
MOD001226,IP,1,668
MOD001226,IP,2,677
MOD001227,input,1,814
MOD001227,input,2,674
MOD001227,IP,1,1050
MOD001227,IP,2,1171
MOD001228,input,1,191
MOD001228,input,2,198
MOD001228,IP,1,394
MOD001228,IP,2,449
MOD001229,input,1,359
MOD001229,input,2,483
MOD001229,IP,1,988
MOD001229,IP,2,786
MOD001230,input,1,223
MOD001230,input,2,187
MOD001230,IP,1,589
MOD001230,IP,2,727
MOD001231,input,1,754
MOD001231,input,2,705
MOD001231,IP,1,1081
MOD001231,IP,2,1605
MOD001232,input,1,281
MOD001232,input,2,247
MOD001232,IP,1,332
MOD001232,IP,2,379
MOD001233,input,1,302
MOD001233,input,2,222
MOD001233,IP,1,318
MOD001233,IP,2,496
MOD001234,input,1,430
MOD001234,input,2,341
MOD001234,IP,1,1030
MOD001234,IP,2,1014
MOD001235,input,1,343
MOD001235,input,2,367
MOD001235,IP,1,573
MOD001235,IP,2,551
MOD001236,input,1,540
MOD001236,input,2,430
MOD001236,IP,1,932
MOD001236,IP,2,705
MOD001237,input,1,522
MOD001237,input,2,455
MOD001237,IP,1,721
MOD001237,IP,2,1067
MOD001238,input,1,532
MOD001238,input,2,635
MOD001238,IP,1,1742
MOD001238,IP,2,2652
MOD001239,input,1,997
MOD001239,input,2,1063
MOD001239,IP,1,2411
MOD001239,IP,2,1953
MOD001240,input,1,541
MOD001240,input,2,507
MOD001240,IP,1,1375
MOD001240,IP,2,1708
MOD001241,input,1,814
MOD001241,input,2,766
MOD001241,IP,1,2820
MOD001241,IP,2,3314
MOD001242,input,1,446
MOD001242,input,2,614
MOD001242,IP,1,1275
MOD001242,IP,2,818
MOD001243,input,1,268
MOD001243,input,2,272
MOD001243,IP,1,546
MOD001243,IP,2,472
MOD001244,input,1,342
MOD001244,input,2,327
MOD001244,IP,1,933
MOD001244,IP,2,678
MOD001245,input,1,353
MOD001245,input,2,478
MOD001245,IP,1,538
MOD001245,IP,2,631
MOD001246,input,1,171
MOD001246,input,2,169
MOD001246,IP,1,416
MOD001246,IP,2,457
MOD001247,input,1,260
MOD001247,input,2,270
MOD001247,IP,1,336
MOD001247,IP,2,446
MOD001248,input,1,967
MOD001248,input,2,1063
MOD001248,IP,1,1510
MOD001248,IP,2,1947
MOD001249,input,1,389
MOD001249,input,2,379
MOD001249,IP,1,615
MOD001249,IP,2,553
MOD001250,input,1,233
MOD001250,input,2,221
MOD001250,IP,1,399
MOD001250,IP,2,354
MOD001251,input,1,410
MOD001251,input,2,406
MOD001251,IP,1,383
MOD001251,IP,2,464
MOD001252,input,1,764
MOD001252,input,2,598
MOD001252,IP,1,1914
MOD001252,IP,2,1513
MOD001253,input,1,638
MOD001253,input,2,570
MOD001253,IP,1,1081
MOD001253,IP,2,1157
MOD001254,input,1,764
MOD001254,input,2,768
MOD001254,IP,1,2012
MOD001254,IP,2,2118
MOD001255,input,1,539
MOD001255,input,2,562
MOD001255,IP,1,1273
MOD001255,IP,2,1615
MOD001256,input,1,416
MOD001256,input,2,424
MOD001256,IP,1,568
MOD001256,IP,2,817
MOD001257,input,1,358
MOD001257,input,2,424
MOD001257,IP,1,896
MOD001257,IP,2,1337
MOD001258,input,1,250
MOD001258,input,2,295
MOD001258,IP,1,1176
MOD001258,IP,2,916
MOD001259,input,1,534
MOD001259,input,2,501
MOD001259,IP,1,1086
MOD001259,IP,2,1175
MOD001260,input,1,714
MOD001260,input,2,718
MOD001260,IP,1,2024
MOD001260,IP,2,2275
MOD001261,input,1,282
MOD001261,input,2,259
MOD001261,IP,1,747
MOD001261,IP,2,838
MOD001262,input,1,381
MOD001262,input,2,270
MOD001262,IP,1,716
MOD001262,IP,2,707
MOD001263,input,1,460
MOD001263,input,2,343
MOD001263,IP,1,978
MOD001263,IP,2,1471
MOD001264,input,1,606
MOD001264,input,2,597
MOD001264,IP,1,1066
MOD001264,IP,2,859
MOD001265,input,1,544
MOD001265,input,2,562
MOD001265,IP,1,749
MOD001265,IP,2,1220
MOD001266,input,1,201
MOD001266,input,2,199
MOD001266,IP,1,604
MOD001266,IP,2,591
MOD001267,input,1,681
MOD001267,input,2,663
MOD001267,IP,1,581
MOD001267,IP,2,612
MOD001268,input,1,358
MOD001268,input,2,317
MOD001268,IP,1,483
MOD001268,IP,2,519
MOD001269,input,1,1276
MOD001269,input,2,1127
MOD001269,IP,1,3896
MOD001269,IP,2,3091
MOD001270,input,1,397
MOD001270,input,2,457
MOD001270,IP,1,1027
MOD001270,IP,2,1065
MOD001271,input,1,993
MOD001271,input,2,1097
MOD001271,IP,1,3055
MOD001271,IP,2,2432
MOD001272,input,1,992
MOD001272,input,2,914
MOD001272,IP,1,1020
MOD001272,IP,2,1624
MOD001273,input,1,433
MOD001273,input,2,315
MOD001273,IP,1,1470
MOD001273,IP,2,2060
MOD001274,input,1,353
MOD001274,input,2,299
MOD001274,IP,1,948
MOD001274,IP,2,711
MOD001275,input,1,306
MOD001275,input,2,283
MOD001275,IP,1,384
MOD001275,IP,2,486
MOD001276,input,1,417
MOD001276,input,2,423
MOD001276,IP,1,1070
MOD001276,IP,2,1204
MOD001277,input,1,655
MOD001277,input,2,805
MOD001277,IP,1,951
MOD001277,IP,2,725
MOD001278,input,1,571
MOD001278,input,2,546
MOD001278,IP,1,1164
MOD001278,IP,2,1399
MOD001279,input,1,327
MOD001279,input,2,293
MOD001279,IP,1,676
MOD001279,IP,2,498
MOD001280,input,1,1366
MOD001280,input,2,1070
MOD001280,IP,1,3388
MOD001280,IP,2,3121
MOD001281,input,1,426
MOD001281,input,2,382
MOD001281,IP,1,845
MOD001281,IP,2,803
MOD001282,input,1,223
MOD001282,input,2,197
MOD001282,IP,1,375
MOD001282,IP,2,598
MOD001283,input,1,563
MOD001283,input,2,769
MOD001283,IP,1,767
MOD001283,IP,2,857
MOD001284,input,1,570
MOD001284,input,2,691
MOD001284,IP,1,1130
MOD001284,IP,2,1494
MOD001285,input,1,777
MOD001285,input,2,651
MOD001285,IP,1,993
MOD001285,IP,2,788
MOD001286,input,1,255
MOD001286,input,2,320
MOD001286,IP,1,523
MOD001286,IP,2,475
MOD001287,input,1,633
MOD001287,input,2,755
MOD001287,IP,1,927
MOD001287,IP,2,1146
MOD001288,input,1,339
MOD001288,input,2,466
MOD001288,IP,1,663
MOD001288,IP,2,1058
MOD001289,input,1,249
MOD001289,input,2,254
MOD001289,IP,1,539
MOD001289,IP,2,416
MOD001290,input,1,1314
MOD001290,input,2,972
MOD001290,IP,1,1114
MOD001290,IP,2,1601
MOD001291,input,1,344
MOD001291,input,2,474
MOD001291,IP,1,1428
MOD001291,IP,2,1225
MOD001292,input,1,431
MOD001292,input,2,532
MOD001292,IP,1,714
MOD001292,IP,2,839
MOD001293,input,1,238
MOD001293,input,2,184
MOD001293,IP,1,333
MOD001293,IP,2,309
MOD001294,input,1,591
MOD001294,input,2,608
MOD001294,IP,1,1058
MOD001294,IP,2,1118
MOD001295,input,1,579
MOD001295,input,2,805
MOD001295,IP,1,1113
MOD001295,IP,2,1847
MOD001296,input,1,225
MOD001296,input,2,240
MOD001296,IP,1,510
MOD001296,IP,2,603
MOD001297,input,1,563
MOD001297,input,2,566
MOD001297,IP,1,1074
MOD001297,IP,2,989
MOD001298,input,1,610
MOD001298,input,2,594
MOD001298,IP,1,1039
MOD001298,IP,2,788
MOD001299,input,1,681
MOD001299,input,2,515
MOD001299,IP,1,844
MOD001299,IP,2,1069
MOD001300,input,1,250
MOD001300,input,2,329
MOD001300,IP,1,497
MOD001300,IP,2,337
MOD001301,input,1,613
MOD001301,input,2,554
MOD001301,IP,1,1153
MOD001301,IP,2,908
MOD001302,input,1,363
MOD001302,input,2,319
MOD001302,IP,1,866
MOD001302,IP,2,521
MOD001303,input,1,680
MOD001303,input,2,824
MOD001303,IP,1,1990
MOD001303,IP,2,2778
MOD001304,input,1,430
MOD001304,input,2,454
MOD001304,IP,1,872
MOD001304,IP,2,530
MOD001305,input,1,360
MOD001305,input,2,421
MOD001305,IP,1,546
MOD001305,IP,2,415
MOD001306,input,1,758
MOD001306,input,2,751
MOD001306,IP,1,1170
MOD001306,IP,2,1119
MOD001307,input,1,289
MOD001307,input,2,290
MOD001307,IP,1,1050
MOD001307,IP,2,894
MOD001308,input,1,306
MOD001308,input,2,306
MOD001308,IP,1,1196
MOD001308,IP,2,1184
MOD001309,input,1,512
MOD001309,input,2,452
MOD001309,IP,1,423
MOD001309,IP,2,713
MOD001310,input,1,374
MOD001310,input,2,366
MOD001310,IP,1,1407
MOD001310,IP,2,1998
MOD001311,input,1,390
MOD001311,input,2,441
MOD001311,IP,1,1570
MOD001311,IP,2,1181
MOD001312,input,1,617
MOD001312,input,2,649
MOD001312,IP,1,2454
MOD001312,IP,2,1570
MOD001313,input,1,767
MOD001313,input,2,615
MOD001313,IP,1,863
MOD001313,IP,2,1157
MOD001314,input,1,427
MOD001314,input,2,376
MOD001314,IP,1,1795
MOD001314,IP,2,1474
MOD001315,input,1,718
MOD001315,input,2,646
MOD001315,IP,1,732
MOD001315,IP,2,789
MOD001316,input,1,311
MOD001316,input,2,322
MOD001316,IP,1,1177
MOD001316,IP,2,953
MOD001317,input,1,196
MOD001317,input,2,204
MOD001317,IP,1,205
MOD001317,IP,2,293
MOD001318,input,1,345
MOD001318,input,2,447
MOD001318,IP,1,544
MOD001318,IP,2,462
MOD001319,input,1,293
MOD001319,input,2,281
MOD001319,IP,1,646
MOD001319,IP,2,621
MOD001320,input,1,734
MOD001320,input,2,771
MOD001320,IP,1,1964
MOD001320,IP,2,1921
MOD001321,input,1,348
MOD001321,input,2,259
MOD001321,IP,1,442
MOD001321,IP,2,520
MOD001322,input,1,579
MOD001322,input,2,543
MOD001322,IP,1,1212
MOD001322,IP,2,1519
MOD001323,input,1,565
MOD001323,input,2,592
MOD001323,IP,1,996
MOD001323,IP,2,1163
MOD001324,input,1,323
MOD001324,input,2,364
MOD001324,IP,1,353
MOD001324,IP,2,401
MOD001325,input,1,513
MOD001325,input,2,600
MOD001325,IP,1,1243
MOD001325,IP,2,837
MOD001326,input,1,391
MOD001326,input,2,326
MOD001326,IP,1,957
MOD001326,IP,2,851
MOD001327,input,1,304
MOD001327,input,2,392
MOD001327,IP,1,913
MOD001327,IP,2,542
MOD001328,input,1,523
MOD001328,input,2,502
MOD001328,IP,1,1371
MOD001328,IP,2,1624
MOD001329,input,1,229
MOD001329,input,2,204
MOD001329,IP,1,355
MOD001329,IP,2,339
MOD001330,input,1,673
MOD001330,input,2,687
MOD001330,IP,1,835
MOD001330,IP,2,1067
MOD001331,input,1,510
MOD001331,input,2,575
MOD001331,IP,1,1708
MOD001331,IP,2,1062
MOD001332,input,1,506
MOD001332,input,2,521
MOD001332,IP,1,1022
MOD001332,IP,2,1098
MOD001333,input,1,245
MOD001333,input,2,218
MOD001333,IP,1,297
MOD001333,IP,2,330
MOD001334,input,1,346
MOD001334,input,2,447
MOD001334,IP,1,1325
MOD001334,IP,2,1340
MOD001335,input,1,610
MOD001335,input,2,515
MOD001335,IP,1,1335
MOD001335,IP,2,987
MOD001336,input,1,435
MOD001336,input,2,507
MOD001336,IP,1,475
MOD001336,IP,2,390
MOD001337,input,1,711
MOD001337,input,2,587
MOD001337,IP,1,1307
MOD001337,IP,2,1342
MOD001338,input,1,593
MOD001338,input,2,709
MOD001338,IP,1,2181
MOD001338,IP,2,2206
MOD001339,input,1,436
MOD001339,input,2,538
MOD001339,IP,1,1008
MOD001339,IP,2,1538
MOD001340,input,1,219
MOD001340,input,2,231
MOD001340,IP,1,600
MOD001340,IP,2,910
MOD001341,input,1,570
MOD001341,input,2,407
MOD001341,IP,1,641
MOD001341,IP,2,757
MOD001342,input,1,333
MOD001342,input,2,343
MOD001342,IP,1,996
MOD001342,IP,2,608
MOD001343,input,1,507
MOD001343,input,2,488
MOD001343,IP,1,820
MOD001343,IP,2,750
MOD001344,input,1,81
MOD001344,input,2,102
MOD001344,IP,1,124
MOD001344,IP,2,175
MOD001345,input,1,376
MOD001345,input,2,353
MOD001345,IP,1,639
MOD001345,IP,2,459
MOD001346,input,1,523
MOD001346,input,2,599
MOD001346,IP,1,2501
MOD001346,IP,2,1651
MOD001347,input,1,265
MOD001347,input,2,291
MOD001347,IP,1,834
MOD001347,IP,2,491
MOD001348,input,1,335
MOD001348,input,2,264
MOD001348,IP,1,754
MOD001348,IP,2,455
MOD001349,input,1,1124
MOD001349,input,2,999
MOD001349,IP,1,1920
MOD001349,IP,2,2720
MOD001350,input,1,368
MOD001350,input,2,309
MOD001350,IP,1,746
MOD001350,IP,2,440
MOD001351,input,1,262
MOD001351,input,2,265
MOD001351,IP,1,585
MOD001351,IP,2,547
MOD001352,input,1,547
MOD001352,input,2,617
MOD001352,IP,1,1422
MOD001352,IP,2,1022
MOD001353,input,1,627
MOD001353,input,2,506
MOD001353,IP,1,1050
MOD001353,IP,2,1402
MOD001354,input,1,226
MOD001354,input,2,241
MOD001354,IP,1,664
MOD001354,IP,2,690
MOD001355,input,1,405
MOD001355,input,2,343
MOD001355,IP,1,688
MOD001355,IP,2,1020
MOD001356,input,1,363
MOD001356,input,2,272
MOD001356,IP,1,1059
MOD001356,IP,2,1010
MOD001357,input,1,398
MOD001357,input,2,357
MOD001357,IP,1,733
MOD001357,IP,2,584
MOD001358,input,1,528
MOD001358,input,2,692
MOD001358,IP,1,1246
MOD001358,IP,2,1282
MOD001359,input,1,953
MOD001359,input,2,1045
MOD001359,IP,1,1097
MOD001359,IP,2,1333
MOD001360,input,1,507
MOD001360,input,2,403
MOD001360,IP,1,1463
MOD001360,IP,2,1227
MOD001361,input,1,345
MOD001361,input,2,261
MOD001361,IP,1,1052
MOD001361,IP,2,938
MOD001362,input,1,401
MOD001362,input,2,287
MOD001362,IP,1,501
MOD001362,IP,2,495
MOD001363,input,1,878
MOD001363,input,2,737
MOD001363,IP,1,1685
MOD001363,IP,2,1992
MOD001364,input,1,93
MOD001364,input,2,70
MOD001364,IP,1,156
MOD001364,IP,2,127
MOD001365,input,1,468
MOD001365,input,2,460
MOD001365,IP,1,416
MOD001365,IP,2,561
MOD001366,input,1,546
MOD001366,input,2,455
MOD001366,IP,1,1972
MOD001366,IP,2,1339
MOD001367,input,1,646
MOD001367,input,2,574
MOD001367,IP,1,1426
MOD001367,IP,2,870
MOD001368,input,1,85
MOD001368,input,2,102
MOD001368,IP,1,204
MOD001368,IP,2,185
MOD001369,input,1,551
MOD001369,input,2,448
MOD001369,IP,1,1638
MOD001369,IP,2,1411
MOD001370,input,1,515
MOD001370,input,2,514
MOD001370,IP,1,623
MOD001370,IP,2,535
MOD001371,input,1,876
MOD001371,input,2,608
MOD001371,IP,1,2639
MOD001371,IP,2,2195
MOD001372,input,1,476
MOD001372,input,2,426
MOD001372,IP,1,1027
MOD001372,IP,2,1205
MOD001373,input,1,213
MOD001373,input,2,214
MOD001373,IP,1,933
MOD001373,IP,2,574
MOD001374,input,1,278
MOD001374,input,2,309
MOD001374,IP,1,1042
MOD001374,IP,2,815
MOD001375,input,1,327
MOD001375,input,2,309
MOD001375,IP,1,999
MOD001375,IP,2,929
MOD001376,input,1,152
MOD001376,input,2,152
MOD001376,IP,1,545
MOD001376,IP,2,575
MOD001377,input,1,497
MOD001377,input,2,518
MOD001377,IP,1,1239
MOD001377,IP,2,923
MOD001378,input,1,360
MOD001378,input,2,327
MOD001378,IP,1,1427
MOD001378,IP,2,1244
MOD001379,input,1,976
MOD001379,input,2,809
MOD001379,IP,1,1054
MOD001379,IP,2,962
MOD001380,input,1,882
MOD001380,input,2,900
MOD001380,IP,1,1725
MOD001380,IP,2,1604
MOD001381,input,1,393
MOD001381,input,2,527
MOD001381,IP,1,1287
MOD001381,IP,2,1188
MOD001382,input,1,718
MOD001382,input,2,720
MOD001382,IP,1,2543
MOD001382,IP,2,2413
MOD001383,input,1,140
MOD001383,input,2,156
MOD001383,IP,1,201
MOD001383,IP,2,279
MOD001384,input,1,571
MOD001384,input,2,678
MOD001384,IP,1,1487
MOD001384,IP,2,1355
MOD001385,input,1,396
MOD001385,input,2,371
MOD001385,IP,1,970
MOD001385,IP,2,934
MOD001386,input,1,602
MOD001386,input,2,486
MOD001386,IP,1,1236
MOD001386,IP,2,1459
MOD001387,input,1,456
MOD001387,input,2,353
MOD001387,IP,1,666
MOD001387,IP,2,792
MOD001388,input,1,282
MOD001388,input,2,287
MOD001388,IP,1,517
MOD001388,IP,2,631
MOD001389,input,1,1254
MOD001389,input,2,1214
MOD001389,IP,1,2512
MOD001389,IP,2,3141
MOD001390,input,1,451
MOD001390,input,2,398
MOD001390,IP,1,1120
MOD001390,IP,2,995
MOD001391,input,1,784
MOD001391,input,2,658
MOD001391,IP,1,1352
MOD001391,IP,2,1750
MOD001392,input,1,184
MOD001392,input,2,203
MOD001392,IP,1,189
MOD001392,IP,2,266
MOD001393,input,1,1296
MOD001393,input,2,1060
MOD001393,IP,1,1771
MOD001393,IP,2,1197
MOD001394,input,1,522
MOD001394,input,2,721
MOD001394,IP,1,1077
MOD001394,IP,2,907
MOD001395,input,1,386
MOD001395,input,2,375
MOD001395,IP,1,524
MOD001395,IP,2,420
MOD001396,input,1,329
MOD001396,input,2,307
MOD001396,IP,1,502
MOD001396,IP,2,803
MOD001397,input,1,92
MOD001397,input,2,101
MOD001397,IP,1,181
MOD001397,IP,2,245
MOD001398,input,1,553
MOD001398,input,2,630
MOD001398,IP,1,1404
MOD001398,IP,2,1284
MOD001399,input,1,513
MOD001399,input,2,642
MOD001399,IP,1,1461
MOD001399,IP,2,1569
MOD001400,input,1,502
MOD001400,input,2,450
MOD001400,IP,1,455
MOD001400,IP,2,723
MOD001401,input,1,1018
MOD001401,input,2,1181
MOD001401,IP,1,1287
MOD001401,IP,2,1915
MOD001402,input,1,404
MOD001402,input,2,463
MOD001402,IP,1,757
MOD001402,IP,2,1156
MOD001403,input,1,634
MOD001403,input,2,748
MOD001403,IP,1,1147
MOD001403,IP,2,1335
MOD001404,input,1,611
MOD001404,input,2,490
MOD001404,IP,1,905
MOD001404,IP,2,1162
MOD001405,input,1,975
MOD001405,input,2,738
MOD001405,IP,1,1802
MOD001405,IP,2,1589
MOD001406,input,1,325
MOD001406,input,2,317
MOD001406,IP,1,728
MOD001406,IP,2,779
MOD001407,input,1,431
MOD001407,input,2,305
MOD001407,IP,1,722
MOD001407,IP,2,847
MOD001408,input,1,317
MOD001408,input,2,251
MOD001408,IP,1,838
MOD001408,IP,2,979
MOD001409,input,1,508
MOD001409,input,2,496
MOD001409,IP,1,1751
MOD001409,IP,2,1177
MOD001410,input,1,1167
MOD001410,input,2,939
MOD001410,IP,1,1608
MOD001410,IP,2,1374
MOD001411,input,1,522
MOD001411,input,2,525
MOD001411,IP,1,1368
MOD001411,IP,2,897
MOD001412,input,1,526
MOD001412,input,2,483
MOD001412,IP,1,974
MOD001412,IP,2,548
MOD001413,input,1,295
MOD001413,input,2,205
MOD001413,IP,1,413
MOD001413,IP,2,621
MOD001414,input,1,259
MOD001414,input,2,235
MOD001414,IP,1,542
MOD001414,IP,2,561
MOD001415,input,1,416
MOD001415,input,2,315
MOD001415,IP,1,579
MOD001415,IP,2,515
MOD001416,input,1,208
MOD001416,input,2,208
MOD001416,IP,1,348
MOD001416,IP,2,490
MOD001417,input,1,212
MOD001417,input,2,186
MOD001417,IP,1,492
MOD001417,IP,2,452
MOD001418,input,1,259
MOD001418,input,2,248
MOD001418,IP,1,289
MOD001418,IP,2,295
MOD001419,input,1,644
MOD001419,input,2,577
MOD001419,IP,1,1468
MOD001419,IP,2,1349
MOD001420,input,1,301
MOD001420,input,2,301
MOD001420,IP,1,896
MOD001420,IP,2,536
MOD001421,input,1,530
MOD001421,input,2,472
MOD001421,IP,1,1091
MOD001421,IP,2,1308
MOD001422,input,1,541
MOD001422,input,2,728
MOD001422,IP,1,1285
MOD001422,IP,2,816
MOD001423,input,1,592
MOD001423,input,2,622
MOD001423,IP,1,785
MOD001423,IP,2,583
MOD001424,input,1,407
MOD001424,input,2,405
MOD001424,IP,1,1280
MOD001424,IP,2,1474
MOD001425,input,1,907
MOD001425,input,2,757
MOD001425,IP,1,2148
MOD001425,IP,2,2575
MOD001426,input,1,390
MOD001426,input,2,387
MOD001426,IP,1,765
MOD001426,IP,2,648
MOD001427,input,1,153
MOD001427,input,2,153
MOD001427,IP,1,165
MOD001427,IP,2,157
MOD001428,input,1,321
MOD001428,input,2,394
MOD001428,IP,1,547
MOD001428,IP,2,428
MOD001429,input,1,229
MOD001429,input,2,212
MOD001429,IP,1,518
MOD001429,IP,2,413
MOD001430,input,1,234
MOD001430,input,2,240
MOD001430,IP,1,332
MOD001430,IP,2,372
MOD001431,input,1,488
MOD001431,input,2,537
MOD001431,IP,1,1842
MOD001431,IP,2,1863
MOD001432,input,1,453
MOD001432,input,2,442
MOD001432,IP,1,410
MOD001432,IP,2,533
MOD001433,input,1,530
MOD001433,input,2,537
MOD001433,IP,1,785
MOD001433,IP,2,913
MOD001434,input,1,816
MOD001434,input,2,624
MOD001434,IP,1,2333
MOD001434,IP,2,2454
MOD001435,input,1,281
MOD001435,input,2,236
MOD001435,IP,1,972
MOD001435,IP,2,655
MOD001436,input,1,326
MOD001436,input,2,418
MOD001436,IP,1,672
MOD001436,IP,2,530
MOD001437,input,1,393
MOD001437,input,2,385
MOD001437,IP,1,865
MOD001437,IP,2,853
MOD001438,input,1,607
MOD001438,input,2,462
MOD001438,IP,1,1087
MOD001438,IP,2,1104
MOD001439,input,1,313
MOD001439,input,2,352
MOD001439,IP,1,870
MOD001439,IP,2,1216
MOD001440,input,1,420
MOD001440,input,2,525
MOD001440,IP,1,932
MOD001440,IP,2,647
MOD001441,input,1,369
MOD001441,input,2,340
MOD001441,IP,1,1026
MOD001441,IP,2,1004
MOD001442,input,1,244
MOD001442,input,2,228
MOD001442,IP,1,407
MOD001442,IP,2,394
MOD001443,input,1,1246
MOD001443,input,2,1242
MOD001443,IP,1,1345
MOD001443,IP,2,1345
MOD001444,input,1,577
MOD001444,input,2,513
MOD001444,IP,1,1210
MOD001444,IP,2,963
MOD001445,input,1,1190
MOD001445,input,2,1292
MOD001445,IP,1,2007
MOD001445,IP,2,1700
MOD001446,input,1,704
MOD001446,input,2,855
MOD001446,IP,1,2119
MOD001446,IP,2,2365
MOD001447,input,1,787
MOD001447,input,2,806
MOD001447,IP,1,948
MOD001447,IP,2,954
MOD001448,input,1,715
MOD001448,input,2,646
MOD001448,IP,1,1489
MOD001448,IP,2,1203
MOD001449,input,1,776
MOD001449,input,2,639
MOD001449,IP,1,1320
MOD001449,IP,2,948
MOD001450,input,1,949
MOD001450,input,2,823
MOD001450,IP,1,2089
MOD001450,IP,2,1812
MOD001451,input,1,413
MOD001451,input,2,320
MOD001451,IP,1,916
MOD001451,IP,2,936
MOD001452,input,1,478
MOD001452,input,2,385
MOD001452,IP,1,1767
MOD001452,IP,2,1794
MOD001453,input,1,322
MOD001453,input,2,404
MOD001453,IP,1,1184
MOD001453,IP,2,1027
MOD001454,input,1,282
MOD001454,input,2,296
MOD001454,IP,1,608
MOD001454,IP,2,736
MOD001455,input,1,329
MOD001455,input,2,289
MOD001455,IP,1,669
MOD001455,IP,2,486
MOD001456,input,1,383
MOD001456,input,2,393
MOD001456,IP,1,1342
MOD001456,IP,2,880
MOD001457,input,1,270
MOD001457,input,2,256
MOD001457,IP,1,301
MOD001457,IP,2,421
MOD001458,input,1,1115
MOD001458,input,2,923
MOD001458,IP,1,2260
MOD001458,IP,2,1610
MOD001459,input,1,184
MOD001459,input,2,187
MOD001459,IP,1,259
MOD001459,IP,2,362
MOD001460,input,1,474
MOD001460,input,2,519
MOD001460,IP,1,830
MOD001460,IP,2,1376
MOD001461,input,1,487
MOD001461,input,2,624
MOD001461,IP,1,1044
MOD001461,IP,2,1078
MOD001462,input,1,900
MOD001462,input,2,1051
MOD001462,IP,1,2097
MOD001462,IP,2,2030
MOD001463,input,1,529
MOD001463,input,2,685
MOD001463,IP,1,1519
MOD001463,IP,2,930
MOD001464,input,1,458
MOD001464,input,2,436
MOD001464,IP,1,1314
MOD001464,IP,2,1442
MOD001465,input,1,607
MOD001465,input,2,647
MOD001465,IP,1,1117
MOD001465,IP,2,873
MOD001466,input,1,839
MOD001466,input,2,667
MOD001466,IP,1,1729
MOD001466,IP,2,1319
MOD001467,input,1,860
MOD001467,input,2,669
MOD001467,IP,1,2021
MOD001467,IP,2,1832
MOD001468,input,1,414
MOD001468,input,2,401
MOD001468,IP,1,765
MOD001468,IP,2,1071
MOD001469,input,1,430
MOD001469,input,2,415
MOD001469,IP,1,1004
MOD001469,IP,2,1124
MOD001470,input,1,390
MOD001470,input,2,385
MOD001470,IP,1,659
MOD001470,IP,2,682
MOD001471,input,1,406
MOD001471,input,2,389
MOD001471,IP,1,1111
MOD001471,IP,2,1055
MOD001472,input,1,467
MOD001472,input,2,607
MOD001472,IP,1,1279
MOD001472,IP,2,1160
MOD001473,input,1,349
MOD001473,input,2,287
MOD001473,IP,1,753
MOD001473,IP,2,771
MOD001474,input,1,684
MOD001474,input,2,630
MOD001474,IP,1,1078
MOD001474,IP,2,1234
MOD001475,input,1,686
MOD001475,input,2,769
MOD001475,IP,1,1199
MOD001475,IP,2,1490
MOD001476,input,1,378
MOD001476,input,2,498
MOD001476,IP,1,1550
MOD001476,IP,2,1333
MOD001477,input,1,637
MOD001477,input,2,625
MOD001477,IP,1,1376
MOD001477,IP,2,1686
MOD001478,input,1,398
MOD001478,input,2,542
MOD001478,IP,1,1264
MOD001478,IP,2,810
MOD001479,input,1,387
MOD001479,input,2,564
MOD001479,IP,1,939
MOD001479,IP,2,1171
MOD001480,input,1,769
MOD001480,input,2,614
MOD001480,IP,1,1681
MOD001480,IP,2,2828
MOD001481,input,1,257
MOD001481,input,2,315
MOD001481,IP,1,799
MOD001481,IP,2,820
MOD001482,input,1,453
MOD001482,input,2,432
MOD001482,IP,1,1243
MOD001482,IP,2,1174
MOD001483,input,1,420
MOD001483,input,2,528
MOD001483,IP,1,698
MOD001483,IP,2,610
MOD001484,input,1,514
MOD001484,input,2,690
MOD001484,IP,1,1400
MOD001484,IP,2,1405
MOD001485,input,1,352
MOD001485,input,2,437
MOD001485,IP,1,791
MOD001485,IP,2,635
MOD001486,input,1,333
MOD001486,input,2,395
MOD001486,IP,1,893
MOD001486,IP,2,944
MOD001487,input,1,329
MOD001487,input,2,284
MOD001487,IP,1,898
MOD001487,IP,2,944
MOD001488,input,1,480
MOD001488,input,2,370
MOD001488,IP,1,1127
MOD001488,IP,2,940
MOD001489,input,1,383
MOD001489,input,2,392
MOD001489,IP,1,1041
MOD001489,IP,2,1080
MOD001490,input,1,408
MOD001490,input,2,384
MOD001490,IP,1,1178
MOD001490,IP,2,1067
MOD001491,input,1,225
MOD001491,input,2,272
MOD001491,IP,1,367
MOD001491,IP,2,488
MOD001492,input,1,244
MOD001492,input,2,200
MOD001492,IP,1,395
MOD001492,IP,2,391
MOD001493,input,1,179
MOD001493,input,2,179
MOD001493,IP,1,264
MOD001493,IP,2,302
MOD001494,input,1,259
MOD001494,input,2,237
MOD001494,IP,1,548
MOD001494,IP,2,428
MOD001495,input,1,315
MOD001495,input,2,380
MOD001495,IP,1,522
MOD001495,IP,2,707
MOD001496,input,1,443
MOD001496,input,2,389
MOD001496,IP,1,601
MOD001496,IP,2,583
MOD001497,input,1,433
MOD001497,input,2,472
MOD001497,IP,1,1359
MOD001497,IP,2,1581
MOD001498,input,1,180
MOD001498,input,2,220
MOD001498,IP,1,370
MOD001498,IP,2,329
MOD001499,input,1,397
MOD001499,input,2,568
MOD001499,IP,1,1105
MOD001499,IP,2,1242
MOD001500,input,1,685
MOD001500,input,2,531
MOD001500,IP,1,1148
MOD001500,IP,2,1333
MOD001501,input,1,269
MOD001501,input,2,206
MOD001501,IP,1,532
MOD001501,IP,2,891
MOD001502,input,1,676
MOD001502,input,2,730
MOD001502,IP,1,1440
MOD001502,IP,2,2086
MOD001503,input,1,639
MOD001503,input,2,550
MOD001503,IP,1,1658
MOD001503,IP,2,1944
MOD001504,input,1,933
MOD001504,input,2,823
MOD001504,IP,1,1305
MOD001504,IP,2,1657
MOD001505,input,1,656
MOD001505,input,2,559
MOD001505,IP,1,1261
MOD001505,IP,2,1528
MOD001506,input,1,451
MOD001506,input,2,463
MOD001506,IP,1,929
MOD001506,IP,2,1130
MOD001507,input,1,354
MOD001507,input,2,314
MOD001507,IP,1,472
MOD001507,IP,2,479
MOD001508,input,1,596
MOD001508,input,2,588
MOD001508,IP,1,785
MOD001508,IP,2,880
MOD001509,input,1,396
MOD001509,input,2,517
MOD001509,IP,1,823
MOD001509,IP,2,1135
MOD001510,input,1,819
MOD001510,input,2,895
MOD001510,IP,1,1619
MOD001510,IP,2,1110
MOD001511,input,1,496
MOD001511,input,2,464
MOD001511,IP,1,1037
MOD001511,IP,2,966
MOD001512,input,1,315
MOD001512,input,2,380
MOD001512,IP,1,746
MOD001512,IP,2,1262
MOD001513,input,1,459
MOD001513,input,2,480
MOD001513,IP,1,1111
MOD001513,IP,2,1122
MOD001514,input,1,487
MOD001514,input,2,517
MOD001514,IP,1,772
MOD001514,IP,2,1021
MOD001515,input,1,401
MOD001515,input,2,464
MOD001515,IP,1,698
MOD001515,IP,2,1107
MOD001516,input,1,289
MOD001516,input,2,349
MOD001516,IP,1,338
MOD001516,IP,2,330
MOD001517,input,1,294
MOD001517,input,2,307
MOD001517,IP,1,704
MOD001517,IP,2,684
MOD001518,input,1,456
MOD001518,input,2,448
MOD001518,IP,1,930
MOD001518,IP,2,1167
MOD001519,input,1,554
MOD001519,input,2,532
MOD001519,IP,1,1058
MOD001519,IP,2,1090
MOD001520,input,1,630
MOD001520,input,2,615
MOD001520,IP,1,620
MOD001520,IP,2,858
MOD001521,input,1,414
MOD001521,input,2,390
MOD001521,IP,1,768
MOD001521,IP,2,1240
MOD001522,input,1,524
MOD001522,input,2,574
MOD001522,IP,1,569
MOD001522,IP,2,955
MOD001523,input,1,522
MOD001523,input,2,555
MOD001523,IP,1,668
MOD001523,IP,2,1117
MOD001524,input,1,778
MOD001524,input,2,711
MOD001524,IP,1,1569
MOD001524,IP,2,1277
MOD001525,input,1,326
MOD001525,input,2,299
MOD001525,IP,1,608
MOD001525,IP,2,851
MOD001526,input,1,491
MOD001526,input,2,416
MOD001526,IP,1,930
MOD001526,IP,2,849
MOD001527,input,1,625
MOD001527,input,2,587
MOD001527,IP,1,1083
MOD001527,IP,2,1703
MOD001528,input,1,608
MOD001528,input,2,678
MOD001528,IP,1,645
MOD001528,IP,2,925
MOD001529,input,1,561
MOD001529,input,2,599
MOD001529,IP,1,781
MOD001529,IP,2,621
MOD001530,input,1,503
MOD001530,input,2,362
MOD001530,IP,1,521
MOD001530,IP,2,724
MOD001531,input,1,412
MOD001531,input,2,410
MOD001531,IP,1,827
MOD001531,IP,2,1213
MOD001532,input,1,411
MOD001532,input,2,388
MOD001532,IP,1,404
MOD001532,IP,2,471
MOD001533,input,1,513
MOD001533,input,2,459
MOD001533,IP,1,722
MOD001533,IP,2,521
MOD001534,input,1,1130
MOD001534,input,2,1080
MOD001534,IP,1,1849
MOD001534,IP,2,1823
MOD001535,input,1,1169
MOD001535,input,2,905
MOD001535,IP,1,1679
MOD001535,IP,2,2265
MOD001536,input,1,233
MOD001536,input,2,213
MOD001536,IP,1,323
MOD001536,IP,2,386
MOD001537,input,1,742
MOD001537,input,2,996
MOD001537,IP,1,2991
MOD001537,IP,2,2358
MOD001538,input,1,407
MOD001538,input,2,521
MOD001538,IP,1,829
MOD001538,IP,2,733
MOD001539,input,1,504
MOD001539,input,2,707
MOD001539,IP,1,1226
MOD001539,IP,2,1218
MOD001540,input,1,668
MOD001540,input,2,779
MOD001540,IP,1,2463
MOD001540,IP,2,1815
MOD001541,input,1,420
MOD001541,input,2,295
MOD001541,IP,1,783
MOD001541,IP,2,481
MOD001542,input,1,528
MOD001542,input,2,498
MOD001542,IP,1,1238
MOD001542,IP,2,1116
MOD001543,input,1,224
MOD001543,input,2,176
MOD001543,IP,1,253
MOD001543,IP,2,287
MOD001544,input,1,284
MOD001544,input,2,350
MOD001544,IP,1,730
MOD001544,IP,2,715
MOD001545,input,1,427
MOD001545,input,2,324
MOD001545,IP,1,572
MOD001545,IP,2,848
MOD001546,input,1,501
MOD001546,input,2,469
MOD001546,IP,1,878
MOD001546,IP,2,1160
MOD001547,input,1,318
MOD001547,input,2,329
MOD001547,IP,1,522
MOD001547,IP,2,303
MOD001548,input,1,302
MOD001548,input,2,382
MOD001548,IP,1,916
MOD001548,IP,2,846
MOD001549,input,1,516
MOD001549,input,2,658
MOD001549,IP,1,792
MOD001549,IP,2,1006
MOD001550,input,1,261
MOD001550,input,2,300
MOD001550,IP,1,582
MOD001550,IP,2,604
MOD001551,input,1,451
MOD001551,input,2,500
MOD001551,IP,1,1089
MOD001551,IP,2,1741
MOD001552,input,1,320
MOD001552,input,2,355
MOD001552,IP,1,301
MOD001552,IP,2,496
MOD001553,input,1,248
MOD001553,input,2,245
MOD001553,IP,1,317
MOD001553,IP,2,492
MOD001554,input,1,98
MOD001554,input,2,116
MOD001554,IP,1,223
MOD001554,IP,2,387
MOD001555,input,1,451
MOD001555,input,2,573
MOD001555,IP,1,1731
MOD001555,IP,2,2139
MOD001556,input,1,229
MOD001556,input,2,197
MOD001556,IP,1,455
MOD001556,IP,2,463
MOD001557,input,1,286
MOD001557,input,2,280
MOD001557,IP,1,554
MOD001557,IP,2,966
MOD001558,input,1,297
MOD001558,input,2,300
MOD001558,IP,1,439
MOD001558,IP,2,643
MOD001559,input,1,491
MOD001559,input,2,350
MOD001559,IP,1,1087
MOD001559,IP,2,762
MOD001560,input,1,168
MOD001560,input,2,148
MOD001560,IP,1,467
MOD001560,IP,2,307
MOD001561,input,1,288
MOD001561,input,2,392
MOD001561,IP,1,791
MOD001561,IP,2,521
MOD001562,input,1,926
MOD001562,input,2,768
MOD001562,IP,1,1120
MOD001562,IP,2,1872
MOD001563,input,1,873
MOD001563,input,2,907
MOD001563,IP,1,1195
MOD001563,IP,2,894
MOD001564,input,1,426
MOD001564,input,2,518
MOD001564,IP,1,1539
MOD001564,IP,2,1208
MOD001565,input,1,323
MOD001565,input,2,312
MOD001565,IP,1,940
MOD001565,IP,2,1024
MOD001566,input,1,495
MOD001566,input,2,382
MOD001566,IP,1,1055
MOD001566,IP,2,1303
MOD001567,input,1,751
MOD001567,input,2,1008
MOD001567,IP,1,1944
MOD001567,IP,2,1216
MOD001568,input,1,369
MOD001568,input,2,372
MOD001568,IP,1,1184
MOD001568,IP,2,1595
MOD001569,input,1,606
MOD001569,input,2,551
MOD001569,IP,1,1993
MOD001569,IP,2,1599
MOD001570,input,1,531
MOD001570,input,2,616
MOD001570,IP,1,692
MOD001570,IP,2,427
MOD001571,input,1,464
MOD001571,input,2,460
MOD001571,IP,1,1481
MOD001571,IP,2,1443
MOD001572,input,1,257
MOD001572,input,2,221
MOD001572,IP,1,460
MOD001572,IP,2,695
MOD001573,input,1,451
MOD001573,input,2,449
MOD001573,IP,1,647
MOD001573,IP,2,729
MOD001574,input,1,685
MOD001574,input,2,517
MOD001574,IP,1,1149
MOD001574,IP,2,849
MOD001575,input,1,103
MOD001575,input,2,104
MOD001575,IP,1,319
MOD001575,IP,2,339
MOD001576,input,1,658
MOD001576,input,2,636
MOD001576,IP,1,2001
MOD001576,IP,2,1231
MOD001577,input,1,555
MOD001577,input,2,579
MOD001577,IP,1,1005
MOD001577,IP,2,918
MOD001578,input,1,268
MOD001578,input,2,325
MOD001578,IP,1,695
MOD001578,IP,2,553
MOD001579,input,1,109
MOD001579,input,2,113
MOD001579,IP,1,275
MOD001579,IP,2,315
MOD001580,input,1,432
MOD001580,input,2,484
MOD001580,IP,1,1166
MOD001580,IP,2,1002
MOD001581,input,1,532
MOD001581,input,2,460
MOD001581,IP,1,814
MOD001581,IP,2,609
MOD001582,input,1,592
MOD001582,input,2,514
MOD001582,IP,1,936
MOD001582,IP,2,777
MOD001583,input,1,142
MOD001583,input,2,145
MOD001583,IP,1,293
MOD001583,IP,2,180
MOD001584,input,1,308
MOD001584,input,2,292
MOD001584,IP,1,409
MOD001584,IP,2,366
MOD001585,input,1,468
MOD001585,input,2,502
MOD001585,IP,1,940
MOD001585,IP,2,786
MOD001586,input,1,452
MOD001586,input,2,435
MOD001586,IP,1,776
MOD001586,IP,2,637
MOD001587,input,1,227
MOD001587,input,2,226
MOD001587,IP,1,327
MOD001587,IP,2,291
MOD001588,input,1,390
MOD001588,input,2,314
MOD001588,IP,1,1358
MOD001588,IP,2,1454
MOD001589,input,1,392
MOD001589,input,2,325
MOD001589,IP,1,859
MOD001589,IP,2,737
MOD001590,input,1,307
MOD001590,input,2,314
MOD001590,IP,1,497
MOD001590,IP,2,451
MOD001591,input,1,302
MOD001591,input,2,424
MOD001591,IP,1,1162
MOD001591,IP,2,1189
MOD001592,input,1,267
MOD001592,input,2,321
MOD001592,IP,1,1078
MOD001592,IP,2,845
MOD001593,input,1,335
MOD001593,input,2,445
MOD001593,IP,1,940
MOD001593,IP,2,1146
MOD001594,input,1,279
MOD001594,input,2,349
MOD001594,IP,1,424
MOD001594,IP,2,546
MOD001595,input,1,230
MOD001595,input,2,248
MOD001595,IP,1,251
MOD001595,IP,2,335
MOD001596,input,1,145
MOD001596,input,2,118
MOD001596,IP,1,187
MOD001596,IP,2,169
MOD001597,input,1,625
MOD001597,input,2,569
MOD001597,IP,1,2339
MOD001597,IP,2,2128
MOD001598,input,1,589
MOD001598,input,2,533
MOD001598,IP,1,1002
MOD001598,IP,2,1118
MOD001599,input,1,1004
MOD001599,input,2,821
MOD001599,IP,1,1489
MOD001599,IP,2,1703
MOD001600,input,1,529
MOD001600,input,2,507
MOD001600,IP,1,1218
MOD001600,IP,2,1264
MOD001601,input,1,264
MOD001601,input,2,339
MOD001601,IP,1,945
MOD001601,IP,2,758
MOD001602,input,1,458
MOD001602,input,2,481
MOD001602,IP,1,842
MOD001602,IP,2,1131
MOD001603,input,1,448
MOD001603,input,2,640
MOD001603,IP,1,1101
MOD001603,IP,2,1308
MOD001604,input,1,252
MOD001604,input,2,230
MOD001604,IP,1,564
MOD001604,IP,2,479
MOD001605,input,1,265
MOD001605,input,2,266
MOD001605,IP,1,267
MOD001605,IP,2,302
MOD001606,input,1,493
MOD001606,input,2,601
MOD001606,IP,1,1304
MOD001606,IP,2,794
MOD001607,input,1,344
MOD001607,input,2,412
MOD001607,IP,1,1113
MOD001607,IP,2,1092
MOD001608,input,1,714
MOD001608,input,2,610
MOD001608,IP,1,1506
MOD001608,IP,2,2040
MOD001609,input,1,396
MOD001609,input,2,431
MOD001609,IP,1,749
MOD001609,IP,2,670
MOD001610,input,1,669
MOD001610,input,2,727
MOD001610,IP,1,1218
MOD001610,IP,2,1464
MOD001611,input,1,419
MOD001611,input,2,380
MOD001611,IP,1,758
MOD001611,IP,2,786
MOD001612,input,1,744
MOD001612,input,2,741
MOD001612,IP,1,1828
MOD001612,IP,2,1637
MOD001613,input,1,547
MOD001613,input,2,664
MOD001613,IP,1,755
MOD001613,IP,2,794
MOD001614,input,1,696
MOD001614,input,2,723
MOD001614,IP,1,2656
MOD001614,IP,2,1572
MOD001615,input,1,268
MOD001615,input,2,279
MOD001615,IP,1,484
MOD001615,IP,2,622
MOD001616,input,1,601
MOD001616,input,2,430
MOD001616,IP,1,1116
MOD001616,IP,2,1226
MOD001617,input,1,481
MOD001617,input,2,455
MOD001617,IP,1,893
MOD001617,IP,2,1022
MOD001618,input,1,539
MOD001618,input,2,537
MOD001618,IP,1,1614
MOD001618,IP,2,1397
MOD001619,input,1,265
MOD001619,input,2,298
MOD001619,IP,1,384
MOD001619,IP,2,543
MOD001620,input,1,405
MOD001620,input,2,436
MOD001620,IP,1,1383
MOD001620,IP,2,1410
MOD001621,input,1,159
MOD001621,input,2,169
MOD001621,IP,1,524
MOD001621,IP,2,321
MOD001622,input,1,267
MOD001622,input,2,315
MOD001622,IP,1,872
MOD001622,IP,2,495
MOD001623,input,1,190
MOD001623,input,2,238
MOD001623,IP,1,518
MOD001623,IP,2,574
MOD001624,input,1,565
MOD001624,input,2,599
MOD001624,IP,1,1372
MOD001624,IP,2,1544
MOD001625,input,1,359
MOD001625,input,2,388
MOD001625,IP,1,487
MOD001625,IP,2,474
MOD001626,input,1,524
MOD001626,input,2,485
MOD001626,IP,1,969
MOD001626,IP,2,1006
MOD001627,input,1,819
MOD001627,input,2,732
MOD001627,IP,1,794
MOD001627,IP,2,946
MOD001628,input,1,1007
MOD001628,input,2,934
MOD001628,IP,1,1370
MOD001628,IP,2,1846
MOD001629,input,1,379
MOD001629,input,2,407
MOD001629,IP,1,1471
MOD001629,IP,2,1195
MOD001630,input,1,819
MOD001630,input,2,593
MOD001630,IP,1,2302
MOD001630,IP,2,1655
MOD001631,input,1,241
MOD001631,input,2,249
MOD001631,IP,1,592
MOD001631,IP,2,612
MOD001632,input,1,451
MOD001632,input,2,578
MOD001632,IP,1,1183
MOD001632,IP,2,1015
MOD001633,input,1,613
MOD001633,input,2,725
MOD001633,IP,1,720
MOD001633,IP,2,1038
MOD001634,input,1,320
MOD001634,input,2,247
MOD001634,IP,1,357
MOD001634,IP,2,577
MOD001635,input,1,439
MOD001635,input,2,418
MOD001635,IP,1,931
MOD001635,IP,2,615
MOD001636,input,1,711
MOD001636,input,2,1047
MOD001636,IP,1,800
MOD001636,IP,2,841
MOD001637,input,1,459
MOD001637,input,2,489
MOD001637,IP,1,954
MOD001637,IP,2,798
MOD001638,input,1,313
MOD001638,input,2,384
MOD001638,IP,1,577
MOD001638,IP,2,563
MOD001639,input,1,283
MOD001639,input,2,325
MOD001639,IP,1,746
MOD001639,IP,2,731
MOD001640,input,1,294
MOD001640,input,2,308
MOD001640,IP,1,970
MOD001640,IP,2,980
MOD001641,input,1,879
MOD001641,input,2,928
MOD001641,IP,1,2028
MOD001641,IP,2,1714
MOD001642,input,1,496
MOD001642,input,2,390
MOD001642,IP,1,664
MOD001642,IP,2,887
MOD001643,input,1,458
MOD001643,input,2,344
MOD001643,IP,1,879
MOD001643,IP,2,925
MOD001644,input,1,245
MOD001644,input,2,196
MOD001644,IP,1,196
MOD001644,IP,2,206
MOD001645,input,1,289
MOD001645,input,2,304
MOD001645,IP,1,933
MOD001645,IP,2,922
MOD001646,input,1,591
MOD001646,input,2,778
MOD001646,IP,1,1425
MOD001646,IP,2,1356
MOD001647,input,1,600
MOD001647,input,2,699
MOD001647,IP,1,581
MOD001647,IP,2,889
MOD001648,input,1,454
MOD001648,input,2,435
MOD001648,IP,1,876
MOD001648,IP,2,799
MOD001649,input,1,326
MOD001649,input,2,398
MOD001649,IP,1,581
MOD001649,IP,2,765
MOD001650,input,1,649
MOD001650,input,2,593
MOD001650,IP,1,1918
MOD001650,IP,2,1457
MOD001651,input,1,496
MOD001651,input,2,620
MOD001651,IP,1,1299
MOD001651,IP,2,741
MOD001652,input,1,793
MOD001652,input,2,685
MOD001652,IP,1,2179
MOD001652,IP,2,1398
MOD001653,input,1,180
MOD001653,input,2,211
MOD001653,IP,1,511
MOD001653,IP,2,506
MOD001654,input,1,434
MOD001654,input,2,506
MOD001654,IP,1,1163
MOD001654,IP,2,1644
MOD001655,input,1,521
MOD001655,input,2,533
MOD001655,IP,1,970
MOD001655,IP,2,721
MOD001656,input,1,356
MOD001656,input,2,458
MOD001656,IP,1,1446
MOD001656,IP,2,1186
MOD001657,input,1,533
MOD001657,input,2,500
MOD001657,IP,1,1083
MOD001657,IP,2,956
MOD001658,input,1,871
MOD001658,input,2,915
MOD001658,IP,1,1907
MOD001658,IP,2,2558
MOD001659,input,1,368
MOD001659,input,2,424
MOD001659,IP,1,957
MOD001659,IP,2,867
MOD001660,input,1,326
MOD001660,input,2,315
MOD001660,IP,1,637
MOD001660,IP,2,656
MOD001661,input,1,503
MOD001661,input,2,469
MOD001661,IP,1,1080
MOD001661,IP,2,1007
MOD001662,input,1,760
MOD001662,input,2,756
MOD001662,IP,1,1236
MOD001662,IP,2,1745
MOD001663,input,1,201
MOD001663,input,2,237
MOD001663,IP,1,345
MOD001663,IP,2,289
MOD001664,input,1,480
MOD001664,input,2,560
MOD001664,IP,1,738
MOD001664,IP,2,937
MOD001665,input,1,422
MOD001665,input,2,435
MOD001665,IP,1,600
MOD001665,IP,2,642
MOD001666,input,1,371
MOD001666,input,2,406
MOD001666,IP,1,697
MOD001666,IP,2,671
MOD001667,input,1,475
MOD001667,input,2,417
MOD001667,IP,1,1363
MOD001667,IP,2,1110
MOD001668,input,1,403
MOD001668,input,2,426
MOD001668,IP,1,818
MOD001668,IP,2,1349
MOD001669,input,1,451
MOD001669,input,2,376
MOD001669,IP,1,1658
MOD001669,IP,2,1825
MOD001670,input,1,154
MOD001670,input,2,190
MOD001670,IP,1,304
MOD001670,IP,2,402
MOD001671,input,1,466
MOD001671,input,2,362
MOD001671,IP,1,1228
MOD001671,IP,2,1063
MOD001672,input,1,427
MOD001672,input,2,512
MOD001672,IP,1,1643
MOD001672,IP,2,1028
MOD001673,input,1,795
MOD001673,input,2,690
MOD001673,IP,1,1471
MOD001673,IP,2,1857
MOD001674,input,1,246
MOD001674,input,2,226
MOD001674,IP,1,215
MOD001674,IP,2,327
MOD001675,input,1,423
MOD001675,input,2,371
MOD001675,IP,1,725
MOD001675,IP,2,846
MOD001676,input,1,316
MOD001676,input,2,254
MOD001676,IP,1,460
MOD001676,IP,2,381
MOD001677,input,1,589
MOD001677,input,2,488
MOD001677,IP,1,2368
MOD001677,IP,2,2191
MOD001678,input,1,348
MOD001678,input,2,298
MOD001678,IP,1,823
MOD001678,IP,2,1070
MOD001679,input,1,158
MOD001679,input,2,136
MOD001679,IP,1,455
MOD001679,IP,2,312
MOD001680,input,1,604
MOD001680,input,2,480
MOD001680,IP,1,757
MOD001680,IP,2,690
MOD001681,input,1,770
MOD001681,input,2,739
MOD001681,IP,1,1561
MOD001681,IP,2,1304
MOD001682,input,1,193
MOD001682,input,2,145
MOD001682,IP,1,441
MOD001682,IP,2,412
MOD001683,input,1,251
MOD001683,input,2,270
MOD001683,IP,1,667
MOD001683,IP,2,496
MOD001684,input,1,436
MOD001684,input,2,350
MOD001684,IP,1,1460
MOD001684,IP,2,935
MOD001685,input,1,515
MOD001685,input,2,496
MOD001685,IP,1,1240
MOD001685,IP,2,936
MOD001686,input,1,562
MOD001686,input,2,600
MOD001686,IP,1,1464
MOD001686,IP,2,1841
MOD001687,input,1,375
MOD001687,input,2,340
MOD001687,IP,1,1132
MOD001687,IP,2,1424
MOD001688,input,1,775
MOD001688,input,2,827
MOD001688,IP,1,2522
MOD001688,IP,2,2100
MOD001689,input,1,494
MOD001689,input,2,476
MOD001689,IP,1,669
MOD001689,IP,2,655
MOD001690,input,1,335
MOD001690,input,2,246
MOD001690,IP,1,813
MOD001690,IP,2,962
MOD001691,input,1,809
MOD001691,input,2,551
MOD001691,IP,1,1096
MOD001691,IP,2,801
MOD001692,input,1,322
MOD001692,input,2,374
MOD001692,IP,1,381
MOD001692,IP,2,558
MOD001693,input,1,367
MOD001693,input,2,325
MOD001693,IP,1,729
MOD001693,IP,2,754
MOD001694,input,1,1768
MOD001694,input,2,1622
MOD001694,IP,1,3670
MOD001694,IP,2,3719
MOD001695,input,1,237
MOD001695,input,2,199
MOD001695,IP,1,721
MOD001695,IP,2,593
MOD001696,input,1,509
MOD001696,input,2,584
MOD001696,IP,1,736
MOD001696,IP,2,847
MOD001697,input,1,412
MOD001697,input,2,396
MOD001697,IP,1,1631
MOD001697,IP,2,1621
MOD001698,input,1,185
MOD001698,input,2,204
MOD001698,IP,1,374
MOD001698,IP,2,432
MOD001699,input,1,451
MOD001699,input,2,475
MOD001699,IP,1,451
MOD001699,IP,2,582
MOD001700,input,1,334
MOD001700,input,2,312
MOD001700,IP,1,1188
MOD001700,IP,2,1316
MOD001701,input,1,461
MOD001701,input,2,327
MOD001701,IP,1,461
MOD001701,IP,2,436
MOD001702,input,1,486
MOD001702,input,2,577
MOD001702,IP,1,675
MOD001702,IP,2,743
MOD001703,input,1,366
MOD001703,input,2,467
MOD001703,IP,1,961
MOD001703,IP,2,969
MOD001704,input,1,516
MOD001704,input,2,412
MOD001704,IP,1,799
MOD001704,IP,2,683
MOD001705,input,1,677
MOD001705,input,2,699
MOD001705,IP,1,1360
MOD001705,IP,2,880
MOD001706,input,1,468
MOD001706,input,2,462
MOD001706,IP,1,1223
MOD001706,IP,2,1290
MOD001707,input,1,651
MOD001707,input,2,619
MOD001707,IP,1,990
MOD001707,IP,2,1248
MOD001708,input,1,833
MOD001708,input,2,1005
MOD001708,IP,1,1520
MOD001708,IP,2,1482
MOD001709,input,1,378
MOD001709,input,2,421
MOD001709,IP,1,741
MOD001709,IP,2,690
MOD001710,input,1,243
MOD001710,input,2,318
MOD001710,IP,1,536
MOD001710,IP,2,551
MOD001711,input,1,178
MOD001711,input,2,172
MOD001711,IP,1,283
MOD001711,IP,2,218
MOD001712,input,1,559
MOD001712,input,2,557
MOD001712,IP,1,620
MOD001712,IP,2,838
MOD001713,input,1,694
MOD001713,input,2,784
MOD001713,IP,1,1046
MOD001713,IP,2,1322
MOD001714,input,1,916
MOD001714,input,2,950
MOD001714,IP,1,2531
MOD001714,IP,2,2294
MOD001715,input,1,412
MOD001715,input,2,464
MOD001715,IP,1,497
MOD001715,IP,2,518
MOD001716,input,1,615
MOD001716,input,2,547
MOD001716,IP,1,1652
MOD001716,IP,2,1227
MOD001717,input,1,200
MOD001717,input,2,217
MOD001717,IP,1,543
MOD001717,IP,2,703
MOD001718,input,1,268
MOD001718,input,2,323
MOD001718,IP,1,358
MOD001718,IP,2,449
MOD001719,input,1,319
MOD001719,input,2,301
MOD001719,IP,1,833
MOD001719,IP,2,555
MOD001720,input,1,536
MOD001720,input,2,515
MOD001720,IP,1,897
MOD001720,IP,2,851
MOD001721,input,1,280
MOD001721,input,2,301
MOD001721,IP,1,482
MOD001721,IP,2,726
MOD001722,input,1,645
MOD001722,input,2,763
MOD001722,IP,1,1564
MOD001722,IP,2,1550
MOD001723,input,1,473
MOD001723,input,2,574
MOD001723,IP,1,905
MOD001723,IP,2,976
MOD001724,input,1,483
MOD001724,input,2,495
MOD001724,IP,1,603
MOD001724,IP,2,621
MOD001725,input,1,716
MOD001725,input,2,807
MOD001725,IP,1,1731
MOD001725,IP,2,1358
MOD001726,input,1,509
MOD001726,input,2,473
MOD001726,IP,1,1307
MOD001726,IP,2,1096
MOD001727,input,1,716
MOD001727,input,2,630
MOD001727,IP,1,797
MOD001727,IP,2,930
MOD001728,input,1,293
MOD001728,input,2,379
MOD001728,IP,1,841
MOD001728,IP,2,1057
MOD001729,input,1,349
MOD001729,input,2,329
MOD001729,IP,1,527
MOD001729,IP,2,428
MOD001730,input,1,597
MOD001730,input,2,455
MOD001730,IP,1,813
MOD001730,IP,2,1098
MOD001731,input,1,604
MOD001731,input,2,609
MOD001731,IP,1,1278
MOD001731,IP,2,1418
MOD001732,input,1,220
MOD001732,input,2,189
MOD001732,IP,1,395
MOD001732,IP,2,316
MOD001733,input,1,445
MOD001733,input,2,576
MOD001733,IP,1,1016
MOD001733,IP,2,876
MOD001734,input,1,650
MOD001734,input,2,686
MOD001734,IP,1,2449
MOD001734,IP,2,2621
MOD001735,input,1,520
MOD001735,input,2,471
MOD001735,IP,1,848
MOD001735,IP,2,893
MOD001736,input,1,686
MOD001736,input,2,707
MOD001736,IP,1,1706
MOD001736,IP,2,2738
MOD001737,input,1,412
MOD001737,input,2,458
MOD001737,IP,1,1716
MOD001737,IP,2,1241
MOD001738,input,1,229
MOD001738,input,2,232
MOD001738,IP,1,717
MOD001738,IP,2,879
MOD001739,input,1,255
MOD001739,input,2,225
MOD001739,IP,1,322
MOD001739,IP,2,518
MOD001740,input,1,1076
MOD001740,input,2,1048
MOD001740,IP,1,2132
MOD001740,IP,2,2068
MOD001741,input,1,328
MOD001741,input,2,428
MOD001741,IP,1,981
MOD001741,IP,2,1381
MOD001742,input,1,219
MOD001742,input,2,298
MOD001742,IP,1,691
MOD001742,IP,2,904
MOD001743,input,1,135
MOD001743,input,2,141
MOD001743,IP,1,270
MOD001743,IP,2,236
MOD001744,input,1,587
MOD001744,input,2,451
MOD001744,IP,1,771
MOD001744,IP,2,522
MOD001745,input,1,524
MOD001745,input,2,435
MOD001745,IP,1,1268
MOD001745,IP,2,1239
MOD001746,input,1,330
MOD001746,input,2,392
MOD001746,IP,1,492
MOD001746,IP,2,671
MOD001747,input,1,649
MOD001747,input,2,469
MOD001747,IP,1,1014
MOD001747,IP,2,1004
MOD001748,input,1,345
MOD001748,input,2,337
MOD001748,IP,1,820
MOD001748,IP,2,638
MOD001749,input,1,186
MOD001749,input,2,157
MOD001749,IP,1,434
MOD001749,IP,2,432
MOD001750,input,1,161
MOD001750,input,2,155
MOD001750,IP,1,171
MOD001750,IP,2,263
MOD001751,input,1,436
MOD001751,input,2,380
MOD001751,IP,1,902
MOD001751,IP,2,939
MOD001752,input,1,420
MOD001752,input,2,398
MOD001752,IP,1,1257
MOD001752,IP,2,1279
MOD001753,input,1,394
MOD001753,input,2,455
MOD001753,IP,1,730
MOD001753,IP,2,827
MOD001754,input,1,891
MOD001754,input,2,1056
MOD001754,IP,1,2608
MOD001754,IP,2,3020
MOD001755,input,1,538
MOD001755,input,2,529
MOD001755,IP,1,1807
MOD001755,IP,2,1724
MOD001756,input,1,274
MOD001756,input,2,328
MOD001756,IP,1,1005
MOD001756,IP,2,888
MOD001757,input,1,512
MOD001757,input,2,519
MOD001757,IP,1,409
MOD001757,IP,2,491
MOD001758,input,1,367
MOD001758,input,2,274
MOD001758,IP,1,586
MOD001758,IP,2,631
MOD001759,input,1,338
MOD001759,input,2,356
MOD001759,IP,1,701
MOD001759,IP,2,610
MOD001760,input,1,244
MOD001760,input,2,206
MOD001760,IP,1,360
MOD001760,IP,2,353
MOD001761,input,1,414
MOD001761,input,2,371
MOD001761,IP,1,795
MOD001761,IP,2,745
MOD001762,input,1,168
MOD001762,input,2,227
MOD001762,IP,1,449
MOD001762,IP,2,288
MOD001763,input,1,735
MOD001763,input,2,861
MOD001763,IP,1,1726
MOD001763,IP,2,1626
MOD001764,input,1,522
MOD001764,input,2,400
MOD001764,IP,1,1525
MOD001764,IP,2,1034
MOD001765,input,1,378
MOD001765,input,2,392
MOD001765,IP,1,946
MOD001765,IP,2,1039
MOD001766,input,1,295
MOD001766,input,2,219
MOD001766,IP,1,329
MOD001766,IP,2,372
MOD001767,input,1,587
MOD001767,input,2,669
MOD001767,IP,1,1397
MOD001767,IP,2,1159
MOD001768,input,1,377
MOD001768,input,2,492
MOD001768,IP,1,802
MOD001768,IP,2,744
MOD001769,input,1,191
MOD001769,input,2,201
MOD001769,IP,1,461
MOD001769,IP,2,540
MOD001770,input,1,430
MOD001770,input,2,403
MOD001770,IP,1,506
MOD001770,IP,2,873
MOD001771,input,1,734
MOD001771,input,2,610
MOD001771,IP,1,1189
MOD001771,IP,2,1189
MOD001772,input,1,361
MOD001772,input,2,355
MOD001772,IP,1,687
MOD001772,IP,2,563
MOD001773,input,1,360
MOD001773,input,2,389
MOD001773,IP,1,538
MOD001773,IP,2,885
MOD001774,input,1,455
MOD001774,input,2,406
MOD001774,IP,1,625
MOD001774,IP,2,1066
MOD001775,input,1,287
MOD001775,input,2,264
MOD001775,IP,1,692
MOD001775,IP,2,722
MOD001776,input,1,798
MOD001776,input,2,723
MOD001776,IP,1,1209
MOD001776,IP,2,1735
MOD001777,input,1,254
MOD001777,input,2,213
MOD001777,IP,1,476
MOD001777,IP,2,336
MOD001778,input,1,421
MOD001778,input,2,516
MOD001778,IP,1,1241
MOD001778,IP,2,1520
MOD001779,input,1,702
MOD001779,input,2,603
MOD001779,IP,1,1753
MOD001779,IP,2,1232
MOD001780,input,1,232
MOD001780,input,2,256
MOD001780,IP,1,469
MOD001780,IP,2,398
MOD001781,input,1,345
MOD001781,input,2,458
MOD001781,IP,1,658
MOD001781,IP,2,673
MOD001782,input,1,913
MOD001782,input,2,702
MOD001782,IP,1,3463
MOD001782,IP,2,2203
MOD001783,input,1,389
MOD001783,input,2,347
MOD001783,IP,1,1009
MOD001783,IP,2,1590
MOD001784,input,1,295
MOD001784,input,2,322
MOD001784,IP,1,1011
MOD001784,IP,2,891
MOD001785,input,1,424
MOD001785,input,2,364
MOD001785,IP,1,730
MOD001785,IP,2,435
MOD001786,input,1,707
MOD001786,input,2,738
MOD001786,IP,1,1700
MOD001786,IP,2,1071
MOD001787,input,1,481
MOD001787,input,2,463
MOD001787,IP,1,1259
MOD001787,IP,2,1485
MOD001788,input,1,581
MOD001788,input,2,594
MOD001788,IP,1,765
MOD001788,IP,2,808
MOD001789,input,1,172
MOD001789,input,2,137
MOD001789,IP,1,193
MOD001789,IP,2,226
MOD001790,input,1,712
MOD001790,input,2,698
MOD001790,IP,1,2684
MOD001790,IP,2,1508
MOD001791,input,1,155
MOD001791,input,2,207
MOD001791,IP,1,305
MOD001791,IP,2,411
MOD001792,input,1,288
MOD001792,input,2,301
MOD001792,IP,1,861
MOD001792,IP,2,834
MOD001793,input,1,304
MOD001793,input,2,268
MOD001793,IP,1,622
MOD001793,IP,2,592
MOD001794,input,1,618
MOD001794,input,2,627
MOD001794,IP,1,1026
MOD001794,IP,2,859
MOD001795,input,1,595
MOD001795,input,2,593
MOD001795,IP,1,1598
MOD001795,IP,2,1431
MOD001796,input,1,669
MOD001796,input,2,490
MOD001796,IP,1,975
MOD001796,IP,2,987
MOD001797,input,1,191
MOD001797,input,2,241
MOD001797,IP,1,366
MOD001797,IP,2,545
MOD001798,input,1,327
MOD001798,input,2,293
MOD001798,IP,1,574
MOD001798,IP,2,406
MOD001799,input,1,277
MOD001799,input,2,368
MOD001799,IP,1,712
MOD001799,IP,2,1154
MOD001800,input,1,358
MOD001800,input,2,309
MOD001800,IP,1,442
MOD001800,IP,2,386
MOD001801,input,1,1054
MOD001801,input,2,1130
MOD001801,IP,1,1332
MOD001801,IP,2,1466
MOD001802,input,1,491
MOD001802,input,2,466
MOD001802,IP,1,1477
MOD001802,IP,2,1219
MOD001803,input,1,561
MOD001803,input,2,495
MOD001803,IP,1,939
MOD001803,IP,2,970
MOD001804,input,1,235
MOD001804,input,2,271
MOD001804,IP,1,324
MOD001804,IP,2,454
MOD001805,input,1,287
MOD001805,input,2,229
MOD001805,IP,1,262
MOD001805,IP,2,451
MOD001806,input,1,328
MOD001806,input,2,436
MOD001806,IP,1,613
MOD001806,IP,2,1017
MOD001807,input,1,386
MOD001807,input,2,511
MOD001807,IP,1,518
MOD001807,IP,2,429
MOD001808,input,1,1051
MOD001808,input,2,1017
MOD001808,IP,1,2447
MOD001808,IP,2,3260
MOD001809,input,1,325
MOD001809,input,2,380
MOD001809,IP,1,426
MOD001809,IP,2,616
MOD001810,input,1,633
MOD001810,input,2,443
MOD001810,IP,1,730
MOD001810,IP,2,923
MOD001811,input,1,571
MOD001811,input,2,709
MOD001811,IP,1,861
MOD001811,IP,2,1311
MOD001812,input,1,380
MOD001812,input,2,319
MOD001812,IP,1,779
MOD001812,IP,2,1129
MOD001813,input,1,133
MOD001813,input,2,137
MOD001813,IP,1,410
MOD001813,IP,2,578
MOD001814,input,1,212
MOD001814,input,2,254
MOD001814,IP,1,496
MOD001814,IP,2,688
MOD001815,input,1,949
MOD001815,input,2,969
MOD001815,IP,1,1520
MOD001815,IP,2,1176
MOD001816,input,1,313
MOD001816,input,2,297
MOD001816,IP,1,787
MOD001816,IP,2,802
MOD001817,input,1,322
MOD001817,input,2,259
MOD001817,IP,1,691
MOD001817,IP,2,634
MOD001818,input,1,409
MOD001818,input,2,335
MOD001818,IP,1,498
MOD001818,IP,2,440
MOD001819,input,1,470
MOD001819,input,2,556
MOD001819,IP,1,902
MOD001819,IP,2,831
MOD001820,input,1,396
MOD001820,input,2,383
MOD001820,IP,1,486
MOD001820,IP,2,391
MOD001821,input,1,705
MOD001821,input,2,730
MOD001821,IP,1,1271
MOD001821,IP,2,1190
MOD001822,input,1,443
MOD001822,input,2,502
MOD001822,IP,1,985
MOD001822,IP,2,1635
MOD001823,input,1,209
MOD001823,input,2,225
MOD001823,IP,1,400
MOD001823,IP,2,310
MOD001824,input,1,443
MOD001824,input,2,381
MOD001824,IP,1,452
MOD001824,IP,2,372
MOD001825,input,1,566
MOD001825,input,2,539
MOD001825,IP,1,1235
MOD001825,IP,2,857
MOD001826,input,1,336
MOD001826,input,2,384
MOD001826,IP,1,635
MOD001826,IP,2,798
MOD001827,input,1,316
MOD001827,input,2,299
MOD001827,IP,1,1082
MOD001827,IP,2,907
MOD001828,input,1,662
MOD001828,input,2,783
MOD001828,IP,1,1501
MOD001828,IP,2,1279
MOD001829,input,1,200
MOD001829,input,2,182
MOD001829,IP,1,247
MOD001829,IP,2,220
MOD001830,input,1,612
MOD001830,input,2,523
MOD001830,IP,1,962
MOD001830,IP,2,904
MOD001831,input,1,403
MOD001831,input,2,430
MOD001831,IP,1,365
MOD001831,IP,2,507
MOD001832,input,1,372
MOD001832,input,2,364
MOD001832,IP,1,797
MOD001832,IP,2,796
MOD001833,input,1,395
MOD001833,input,2,333
MOD001833,IP,1,1049
MOD001833,IP,2,1075
MOD001834,input,1,376
MOD001834,input,2,418
MOD001834,IP,1,799
MOD001834,IP,2,836
MOD001835,input,1,427
MOD001835,input,2,385
MOD001835,IP,1,852
MOD001835,IP,2,966
MOD001836,input,1,210
MOD001836,input,2,205
MOD001836,IP,1,202
MOD001836,IP,2,229
MOD001837,input,1,642
MOD001837,input,2,573
MOD001837,IP,1,1947
MOD001837,IP,2,2167
MOD001838,input,1,642
MOD001838,input,2,594
MOD001838,IP,1,1616
MOD001838,IP,2,1328
MOD001839,input,1,388
MOD001839,input,2,413
MOD001839,IP,1,1511
MOD001839,IP,2,1525
MOD001840,input,1,420
MOD001840,input,2,355
MOD001840,IP,1,1030
MOD001840,IP,2,998
MOD001841,input,1,457
MOD001841,input,2,561
MOD001841,IP,1,797
MOD001841,IP,2,985
MOD001842,input,1,244
MOD001842,input,2,274
MOD001842,IP,1,279
MOD001842,IP,2,316
MOD001843,input,1,586
MOD001843,input,2,636
MOD001843,IP,1,890
MOD001843,IP,2,911
MOD001844,input,1,338
MOD001844,input,2,340
MOD001844,IP,1,295
MOD001844,IP,2,301
MOD001845,input,1,381
MOD001845,input,2,336
MOD001845,IP,1,380
MOD001845,IP,2,597
MOD001846,input,1,336
MOD001846,input,2,365
MOD001846,IP,1,561
MOD001846,IP,2,647
MOD001847,input,1,836
MOD001847,input,2,688
MOD001847,IP,1,2138
MOD001847,IP,2,1307
MOD001848,input,1,626
MOD001848,input,2,688
MOD001848,IP,1,1507
MOD001848,IP,2,1132
MOD001849,input,1,554
MOD001849,input,2,535
MOD001849,IP,1,744
MOD001849,IP,2,608
MOD001850,input,1,632
MOD001850,input,2,789
MOD001850,IP,1,2048
MOD001850,IP,2,1684
MOD001851,input,1,926
MOD001851,input,2,898
MOD001851,IP,1,1684
MOD001851,IP,2,1137
MOD001852,input,1,719
MOD001852,input,2,915
MOD001852,IP,1,1878
MOD001852,IP,2,1354
MOD001853,input,1,280
MOD001853,input,2,287
MOD001853,IP,1,757
MOD001853,IP,2,934
MOD001854,input,1,355
MOD001854,input,2,483
MOD001854,IP,1,719
MOD001854,IP,2,734
MOD001855,input,1,826
MOD001855,input,2,717
MOD001855,IP,1,2232
MOD001855,IP,2,2623
MOD001856,input,1,503
MOD001856,input,2,675
MOD001856,IP,1,724
MOD001856,IP,2,705
MOD001857,input,1,376
MOD001857,input,2,431
MOD001857,IP,1,672
MOD001857,IP,2,720
MOD001858,input,1,418
MOD001858,input,2,529
MOD001858,IP,1,1620
MOD001858,IP,2,1552
MOD001859,input,1,298
MOD001859,input,2,292
MOD001859,IP,1,1098
MOD001859,IP,2,1210
MOD001860,input,1,400
MOD001860,input,2,375
MOD001860,IP,1,642
MOD001860,IP,2,508
MOD001861,input,1,501
MOD001861,input,2,463
MOD001861,IP,1,1521
MOD001861,IP,2,1149
MOD001862,input,1,302
MOD001862,input,2,352
MOD001862,IP,1,715
MOD001862,IP,2,827
MOD001863,input,1,616
MOD001863,input,2,505
MOD001863,IP,1,1072
MOD001863,IP,2,1007
MOD001864,input,1,350
MOD001864,input,2,376
MOD001864,IP,1,857
MOD001864,IP,2,799
MOD001865,input,1,537
MOD001865,input,2,458
MOD001865,IP,1,815
MOD001865,IP,2,837
MOD001866,input,1,596
MOD001866,input,2,689
MOD001866,IP,1,570
MOD001866,IP,2,537
MOD001867,input,1,298
MOD001867,input,2,289
MOD001867,IP,1,887
MOD001867,IP,2,770
MOD001868,input,1,295
MOD001868,input,2,320
MOD001868,IP,1,610
MOD001868,IP,2,639
MOD001869,input,1,289
MOD001869,input,2,311
MOD001869,IP,1,406
MOD001869,IP,2,744
MOD001870,input,1,391
MOD001870,input,2,383
MOD001870,IP,1,678
MOD001870,IP,2,977
MOD001871,input,1,489
MOD001871,input,2,508
MOD001871,IP,1,965
MOD001871,IP,2,1423
MOD001872,input,1,406
MOD001872,input,2,368
MOD001872,IP,1,665
MOD001872,IP,2,438
MOD001873,input,1,263
MOD001873,input,2,255
MOD001873,IP,1,629
MOD001873,IP,2,577
MOD001874,input,1,211
MOD001874,input,2,219
MOD001874,IP,1,295
MOD001874,IP,2,506
MOD001875,input,1,346
MOD001875,input,2,351
MOD001875,IP,1,539
MOD001875,IP,2,652
MOD001876,input,1,644
MOD001876,input,2,760
MOD001876,IP,1,1531
MOD001876,IP,2,1666
MOD001877,input,1,353
MOD001877,input,2,350
MOD001877,IP,1,1403
MOD001877,IP,2,1214
MOD001878,input,1,672
MOD001878,input,2,465
MOD001878,IP,1,1521
MOD001878,IP,2,1479
MOD001879,input,1,789
MOD001879,input,2,978
MOD001879,IP,1,1425
MOD001879,IP,2,1636
MOD001880,input,1,421
MOD001880,input,2,427
MOD001880,IP,1,719
MOD001880,IP,2,706
MOD001881,input,1,375
MOD001881,input,2,354
MOD001881,IP,1,444
MOD001881,IP,2,475
MOD001882,input,1,266
MOD001882,input,2,312
MOD001882,IP,1,445
MOD001882,IP,2,476
MOD001883,input,1,323
MOD001883,input,2,396
MOD001883,IP,1,563
MOD001883,IP,2,851
MOD001884,input,1,932
MOD001884,input,2,839
MOD001884,IP,1,810
MOD001884,IP,2,936
MOD001885,input,1,190
MOD001885,input,2,150
MOD001885,IP,1,516
MOD001885,IP,2,389
MOD001886,input,1,489
MOD001886,input,2,490
MOD001886,IP,1,659
MOD001886,IP,2,538
MOD001887,input,1,202
MOD001887,input,2,260
MOD001887,IP,1,276
MOD001887,IP,2,308
MOD001888,input,1,614
MOD001888,input,2,538
MOD001888,IP,1,581
MOD001888,IP,2,886
MOD001889,input,1,318
MOD001889,input,2,284
MOD001889,IP,1,582
MOD001889,IP,2,358
MOD001890,input,1,512
MOD001890,input,2,398
MOD001890,IP,1,703
MOD001890,IP,2,759
MOD001891,input,1,464
MOD001891,input,2,501
MOD001891,IP,1,916
MOD001891,IP,2,700
MOD001892,input,1,587
MOD001892,input,2,481
MOD001892,IP,1,978
MOD001892,IP,2,1279
MOD001893,input,1,486
MOD001893,input,2,460
MOD001893,IP,1,1057
MOD001893,IP,2,1068
MOD001894,input,1,729
MOD001894,input,2,558
MOD001894,IP,1,1009
MOD001894,IP,2,994
MOD001895,input,1,267
MOD001895,input,2,273
MOD001895,IP,1,417
MOD001895,IP,2,368
MOD001896,input,1,759
MOD001896,input,2,761
MOD001896,IP,1,2002
MOD001896,IP,2,2169
MOD001897,input,1,275
MOD001897,input,2,247
MOD001897,IP,1,601
MOD001897,IP,2,497
MOD001898,input,1,336
MOD001898,input,2,455
MOD001898,IP,1,1293
MOD001898,IP,2,1259
MOD001899,input,1,690
MOD001899,input,2,834
MOD001899,IP,1,1872
MOD001899,IP,2,2417
MOD001900,input,1,414
MOD001900,input,2,459
MOD001900,IP,1,677
MOD001900,IP,2,778
MOD001901,input,1,346
MOD001901,input,2,328
MOD001901,IP,1,978
MOD001901,IP,2,591
MOD001902,input,1,792
MOD001902,input,2,756
MOD001902,IP,1,2293
MOD001902,IP,2,2042
MOD001903,input,1,487
MOD001903,input,2,428
MOD001903,IP,1,1356
MOD001903,IP,2,1149
MOD001904,input,1,303
MOD001904,input,2,237
MOD001904,IP,1,593
MOD001904,IP,2,712
MOD001905,input,1,422
MOD001905,input,2,458
MOD001905,IP,1,830
MOD001905,IP,2,549
MOD001906,input,1,1179
MOD001906,input,2,1426
MOD001906,IP,1,5591
MOD001906,IP,2,4133
MOD001907,input,1,215
MOD001907,input,2,218
MOD001907,IP,1,326
MOD001907,IP,2,323
MOD001908,input,1,721
MOD001908,input,2,860
MOD001908,IP,1,2072
MOD001908,IP,2,2184
MOD001909,input,1,801
MOD001909,input,2,635
MOD001909,IP,1,1138
MOD001909,IP,2,897
MOD001910,input,1,243
MOD001910,input,2,289
MOD001910,IP,1,514
MOD001910,IP,2,550
MOD001911,input,1,421
MOD001911,input,2,437
MOD001911,IP,1,839
MOD001911,IP,2,990
MOD001912,input,1,450
MOD001912,input,2,574
MOD001912,IP,1,1267
MOD001912,IP,2,1241
MOD001913,input,1,553
MOD001913,input,2,519
MOD001913,IP,1,648
MOD001913,IP,2,549
MOD001914,input,1,544
MOD001914,input,2,460
MOD001914,IP,1,1900
MOD001914,IP,2,1227
MOD001915,input,1,339
MOD001915,input,2,242
MOD001915,IP,1,591
MOD001915,IP,2,808
MOD001916,input,1,243
MOD001916,input,2,219
MOD001916,IP,1,361
MOD001916,IP,2,384
MOD001917,input,1,741
MOD001917,input,2,708
MOD001917,IP,1,734
MOD001917,IP,2,962
MOD001918,input,1,810
MOD001918,input,2,648
MOD001918,IP,1,2169
MOD001918,IP,2,1672
MOD001919,input,1,275
MOD001919,input,2,341
MOD001919,IP,1,922
MOD001919,IP,2,817
MOD001920,input,1,331
MOD001920,input,2,310
MOD001920,IP,1,388
MOD001920,IP,2,251
MOD001921,input,1,312
MOD001921,input,2,251
MOD001921,IP,1,1044
MOD001921,IP,2,926
MOD001922,input,1,754
MOD001922,input,2,1050
MOD001922,IP,1,2711
MOD001922,IP,2,1793
MOD001923,input,1,308
MOD001923,input,2,327
MOD001923,IP,1,375
MOD001923,IP,2,297
MOD001924,input,1,167
MOD001924,input,2,153
MOD001924,IP,1,321
MOD001924,IP,2,307
MOD001925,input,1,605
MOD001925,input,2,434
MOD001925,IP,1,1327
MOD001925,IP,2,1101
MOD001926,input,1,231
MOD001926,input,2,218
MOD001926,IP,1,385
MOD001926,IP,2,462
MOD001927,input,1,395
MOD001927,input,2,405
MOD001927,IP,1,659
MOD001927,IP,2,661
MOD001928,input,1,498
MOD001928,input,2,458
MOD001928,IP,1,1088
MOD001928,IP,2,1462
MOD001929,input,1,623
MOD001929,input,2,645
MOD001929,IP,1,1240
MOD001929,IP,2,1146
MOD001930,input,1,430
MOD001930,input,2,380
MOD001930,IP,1,1237
MOD001930,IP,2,917
MOD001931,input,1,186
MOD001931,input,2,211
MOD001931,IP,1,442
MOD001931,IP,2,438
MOD001932,input,1,203
MOD001932,input,2,177
MOD001932,IP,1,278
MOD001932,IP,2,305
MOD001933,input,1,356
MOD001933,input,2,380
MOD001933,IP,1,633
MOD001933,IP,2,974
MOD001934,input,1,507
MOD001934,input,2,483
MOD001934,IP,1,1027
MOD001934,IP,2,851
MOD001935,input,1,269
MOD001935,input,2,293
MOD001935,IP,1,938
MOD001935,IP,2,1195
MOD001936,input,1,536
MOD001936,input,2,588
MOD001936,IP,1,1225
MOD001936,IP,2,1338
MOD001937,input,1,320
MOD001937,input,2,296
MOD001937,IP,1,740
MOD001937,IP,2,831
MOD001938,input,1,574
MOD001938,input,2,476
MOD001938,IP,1,1462
MOD001938,IP,2,2044
MOD001939,input,1,484
MOD001939,input,2,443
MOD001939,IP,1,802
MOD001939,IP,2,1374
MOD001940,input,1,589
MOD001940,input,2,688
MOD001940,IP,1,2278
MOD001940,IP,2,2030
MOD001941,input,1,480
MOD001941,input,2,513
MOD001941,IP,1,1097
MOD001941,IP,2,1216
MOD001942,input,1,424
MOD001942,input,2,457
MOD001942,IP,1,563
MOD001942,IP,2,742
MOD001943,input,1,503
MOD001943,input,2,427
MOD001943,IP,1,862
MOD001943,IP,2,526
MOD001944,input,1,222
MOD001944,input,2,185
MOD001944,IP,1,367
MOD001944,IP,2,421
MOD001945,input,1,640
MOD001945,input,2,782
MOD001945,IP,1,1394
MOD001945,IP,2,1361
MOD001946,input,1,682
MOD001946,input,2,681
MOD001946,IP,1,1380
MOD001946,IP,2,1831
MOD001947,input,1,559
MOD001947,input,2,516
MOD001947,IP,1,1129
MOD001947,IP,2,973
MOD001948,input,1,779
MOD001948,input,2,620
MOD001948,IP,1,1669
MOD001948,IP,2,1260
MOD001949,input,1,969
MOD001949,input,2,735
MOD001949,IP,1,2827
MOD001949,IP,2,3534
MOD001950,input,1,321
MOD001950,input,2,287
MOD001950,IP,1,517
MOD001950,IP,2,554
MOD001951,input,1,476
MOD001951,input,2,516
MOD001951,IP,1,547
MOD001951,IP,2,562
MOD001952,input,1,320
MOD001952,input,2,380
MOD001952,IP,1,1417
MOD001952,IP,2,908
MOD001953,input,1,241
MOD001953,input,2,284
MOD001953,IP,1,528
MOD001953,IP,2,547
MOD001954,input,1,979
MOD001954,input,2,967
MOD001954,IP,1,1779
MOD001954,IP,2,1888
MOD001955,input,1,537
MOD001955,input,2,373
MOD001955,IP,1,929
MOD001955,IP,2,1056
MOD001956,input,1,550
MOD001956,input,2,730
MOD001956,IP,1,1013
MOD001956,IP,2,900
MOD001957,input,1,827
MOD001957,input,2,817
MOD001957,IP,1,2035
MOD001957,IP,2,1892
MOD001958,input,1,752
MOD001958,input,2,595
MOD001958,IP,1,1124
MOD001958,IP,2,1084
MOD001959,input,1,1027
MOD001959,input,2,947
MOD001959,IP,1,1858
MOD001959,IP,2,1815
MOD001960,input,1,653
MOD001960,input,2,554
MOD001960,IP,1,720
MOD001960,IP,2,1119
MOD001961,input,1,365
MOD001961,input,2,338
MOD001961,IP,1,805
MOD001961,IP,2,1028
MOD001962,input,1,377
MOD001962,input,2,268
MOD001962,IP,1,744
MOD001962,IP,2,500
MOD001963,input,1,590
MOD001963,input,2,763
MOD001963,IP,1,1037
MOD001963,IP,2,1135
MOD001964,input,1,481
MOD001964,input,2,361
MOD001964,IP,1,767
MOD001964,IP,2,449
MOD001965,input,1,558
MOD001965,input,2,496
MOD001965,IP,1,1180
MOD001965,IP,2,1256
MOD001966,input,1,574
MOD001966,input,2,506
MOD001966,IP,1,2110
MOD001966,IP,2,1609
MOD001967,input,1,759
MOD001967,input,2,608
MOD001967,IP,1,1711
MOD001967,IP,2,2034
MOD001968,input,1,402
MOD001968,input,2,447
MOD001968,IP,1,458
MOD001968,IP,2,462
MOD001969,input,1,587
MOD001969,input,2,573
MOD001969,IP,1,1876
MOD001969,IP,2,1974
MOD001970,input,1,345
MOD001970,input,2,397
MOD001970,IP,1,421
MOD001970,IP,2,696
MOD001971,input,1,477
MOD001971,input,2,427
MOD001971,IP,1,1209
MOD001971,IP,2,923
MOD001972,input,1,342
MOD001972,input,2,279
MOD001972,IP,1,934
MOD001972,IP,2,840
MOD001973,input,1,271
MOD001973,input,2,249
MOD001973,IP,1,469
MOD001973,IP,2,406
MOD001974,input,1,724
MOD001974,input,2,590
MOD001974,IP,1,854
MOD001974,IP,2,1185
MOD001975,input,1,527
MOD001975,input,2,711
MOD001975,IP,1,1421
MOD001975,IP,2,1167
MOD001976,input,1,740
MOD001976,input,2,934
MOD001976,IP,1,2578
MOD001976,IP,2,2668
MOD001977,input,1,461
MOD001977,input,2,347
MOD001977,IP,1,392
MOD001977,IP,2,424
MOD001978,input,1,178
MOD001978,input,2,134
MOD001978,IP,1,235
MOD001978,IP,2,172
MOD001979,input,1,578
MOD001979,input,2,622
MOD001979,IP,1,884
MOD001979,IP,2,1158
MOD001980,input,1,181
MOD001980,input,2,217
MOD001980,IP,1,322
MOD001980,IP,2,417
MOD001981,input,1,262
MOD001981,input,2,235
MOD001981,IP,1,317
MOD001981,IP,2,457
MOD001982,input,1,1091
MOD001982,input,2,1129
MOD001982,IP,1,1624
MOD001982,IP,2,1602
MOD001983,input,1,625
MOD001983,input,2,617
MOD001983,IP,1,1470
MOD001983,IP,2,1016
MOD001984,input,1,638
MOD001984,input,2,657
MOD001984,IP,1,999
MOD001984,IP,2,1271
MOD001985,input,1,441
MOD001985,input,2,426
MOD001985,IP,1,1008
MOD001985,IP,2,888
MOD001986,input,1,490
MOD001986,input,2,729
MOD001986,IP,1,1307
MOD001986,IP,2,1468
MOD001987,input,1,278
MOD001987,input,2,276
MOD001987,IP,1,441
MOD001987,IP,2,408
MOD001988,input,1,488
MOD001988,input,2,353
MOD001988,IP,1,838
MOD001988,IP,2,853
MOD001989,input,1,1205
MOD001989,input,2,1052
MOD001989,IP,1,1952
MOD001989,IP,2,2773
MOD001990,input,1,169
MOD001990,input,2,212
MOD001990,IP,1,471
MOD001990,IP,2,622
MOD001991,input,1,321
MOD001991,input,2,236
MOD001991,IP,1,744
MOD001991,IP,2,980
MOD001992,input,1,544
MOD001992,input,2,503
MOD001992,IP,1,1561
MOD001992,IP,2,1221
MOD001993,input,1,524
MOD001993,input,2,614
MOD001993,IP,1,792
MOD001993,IP,2,930
MOD001994,input,1,952
MOD001994,input,2,981
MOD001994,IP,1,1384
MOD001994,IP,2,1951
MOD001995,input,1,313
MOD001995,input,2,301
MOD001995,IP,1,702
MOD001995,IP,2,460
MOD001996,input,1,794
MOD001996,input,2,966
MOD001996,IP,1,3070
MOD001996,IP,2,3252
MOD001997,input,1,690
MOD001997,input,2,718
MOD001997,IP,1,1869
MOD001997,IP,2,1790
MOD001998,input,1,616
MOD001998,input,2,630
MOD001998,IP,1,1485
MOD001998,IP,2,986
MOD001999,input,1,576
MOD001999,input,2,592
MOD001999,IP,1,961
MOD001999,IP,2,1360
MOD002000,input,1,594
MOD002000,input,2,727
MOD002000,IP,1,1728
MOD002000,IP,2,1041
MOD002001,input,1,294
MOD002001,input,2,349
MOD002001,IP,1,377
MOD002001,IP,2,378
MOD002002,input,1,573
MOD002002,input,2,546
MOD002002,IP,1,1389
MOD002002,IP,2,1526
MOD002003,input,1,644
MOD002003,input,2,811
MOD002003,IP,1,1390
MOD002003,IP,2,1274
MOD002004,input,1,835
MOD002004,input,2,851
MOD002004,IP,1,1245
MOD002004,IP,2,965
MOD002005,input,1,733
MOD002005,input,2,723
MOD002005,IP,1,1333
MOD002005,IP,2,1168
MOD002006,input,1,416
MOD002006,input,2,495
MOD002006,IP,1,1243
MOD002006,IP,2,1155
MOD002007,input,1,625
MOD002007,input,2,565
MOD002007,IP,1,792
MOD002007,IP,2,556
MOD002008,input,1,526
MOD002008,input,2,746
MOD002008,IP,1,1587
MOD002008,IP,2,1570
MOD002009,input,1,411
MOD002009,input,2,475
MOD002009,IP,1,651
MOD002009,IP,2,647
MOD002010,input,1,147
MOD002010,input,2,145
MOD002010,IP,1,324
MOD002010,IP,2,427
MOD002011,input,1,563
MOD002011,input,2,508
MOD002011,IP,1,471
MOD002011,IP,2,512
MOD002012,input,1,348
MOD002012,input,2,397
MOD002012,IP,1,450
MOD002012,IP,2,466
MOD002013,input,1,391
MOD002013,input,2,450
MOD002013,IP,1,1129
MOD002013,IP,2,961
MOD002014,input,1,513
MOD002014,input,2,425
MOD002014,IP,1,710
MOD002014,IP,2,810
MOD002015,input,1,788
MOD002015,input,2,584
MOD002015,IP,1,1388
MOD002015,IP,2,915
MOD002016,input,1,644
MOD002016,input,2,695
MOD002016,IP,1,875
MOD002016,IP,2,1119
MOD002017,input,1,47
MOD002017,input,2,42
MOD002017,IP,1,137
MOD002017,IP,2,138
MOD002018,input,1,418
MOD002018,input,2,501
MOD002018,IP,1,527
MOD002018,IP,2,584
MOD002019,input,1,296
MOD002019,input,2,307
MOD002019,IP,1,476
MOD002019,IP,2,659
MOD002020,input,1,593
MOD002020,input,2,672
MOD002020,IP,1,1436
MOD002020,IP,2,1567
MOD002021,input,1,402
MOD002021,input,2,395
MOD002021,IP,1,897
MOD002021,IP,2,906
MOD002022,input,1,1075
MOD002022,input,2,945
MOD002022,IP,1,2189
MOD002022,IP,2,1410
MOD002023,input,1,580
MOD002023,input,2,657
MOD002023,IP,1,618
MOD002023,IP,2,711
MOD002024,input,1,239
MOD002024,input,2,215
MOD002024,IP,1,413
MOD002024,IP,2,274
MOD002025,input,1,758
MOD002025,input,2,783
MOD002025,IP,1,2324
MOD002025,IP,2,2113
MOD002026,input,1,569
MOD002026,input,2,435
MOD002026,IP,1,1472
MOD002026,IP,2,1184
MOD002027,input,1,282
MOD002027,input,2,351
MOD002027,IP,1,918
MOD002027,IP,2,1073
MOD002028,input,1,523
MOD002028,input,2,555
MOD002028,IP,1,1582
MOD002028,IP,2,1555
MOD002029,input,1,142
MOD002029,input,2,137
MOD002029,IP,1,279
MOD002029,IP,2,243
MOD002030,input,1,650
MOD002030,input,2,565
MOD002030,IP,1,1432
MOD002030,IP,2,1031
MOD002031,input,1,334
MOD002031,input,2,287
MOD002031,IP,1,734
MOD002031,IP,2,652
MOD002032,input,1,431
MOD002032,input,2,361
MOD002032,IP,1,726
MOD002032,IP,2,918
MOD002033,input,1,294
MOD002033,input,2,224
MOD002033,IP,1,931
MOD002033,IP,2,737
MOD002034,input,1,746
MOD002034,input,2,796
MOD002034,IP,1,2242
MOD002034,IP,2,1969
MOD002035,input,1,418
MOD002035,input,2,371
MOD002035,IP,1,682
MOD002035,IP,2,597
MOD002036,input,1,512
MOD002036,input,2,353
MOD002036,IP,1,651
MOD002036,IP,2,737
MOD002037,input,1,293
MOD002037,input,2,243
MOD002037,IP,1,801
MOD002037,IP,2,847
MOD002038,input,1,381
MOD002038,input,2,536
MOD002038,IP,1,1862
MOD002038,IP,2,1382
MOD002039,input,1,488
MOD002039,input,2,476
MOD002039,IP,1,1978
MOD002039,IP,2,1871
MOD002040,input,1,461
MOD002040,input,2,524
MOD002040,IP,1,966
MOD002040,IP,2,749
MOD002041,input,1,795
MOD002041,input,2,918
MOD002041,IP,1,1751
MOD002041,IP,2,1523
MOD002042,input,1,534
MOD002042,input,2,424
MOD002042,IP,1,1076
MOD002042,IP,2,788
MOD002043,input,1,556
MOD002043,input,2,528
MOD002043,IP,1,892
MOD002043,IP,2,807
MOD002044,input,1,396
MOD002044,input,2,395
MOD002044,IP,1,392
MOD002044,IP,2,462
MOD002045,input,1,253
MOD002045,input,2,184
MOD002045,IP,1,1143
MOD002045,IP,2,752
MOD002046,input,1,384
MOD002046,input,2,506
MOD002046,IP,1,434
MOD002046,IP,2,608
MOD002047,input,1,695
MOD002047,input,2,668
MOD002047,IP,1,950
MOD002047,IP,2,674
MOD002048,input,1,654
MOD002048,input,2,600
MOD002048,IP,1,878
MOD002048,IP,2,1031
MOD002049,input,1,338
MOD002049,input,2,346
MOD002049,IP,1,711
MOD002049,IP,2,693
MOD002050,input,1,475
MOD002050,input,2,395
MOD002050,IP,1,705
MOD002050,IP,2,635
MOD002051,input,1,478
MOD002051,input,2,553
MOD002051,IP,1,2036
MOD002051,IP,2,1243
MOD002052,input,1,577
MOD002052,input,2,591
MOD002052,IP,1,1163
MOD002052,IP,2,1662
MOD002053,input,1,1136
MOD002053,input,2,1022
MOD002053,IP,1,1747
MOD002053,IP,2,2917
MOD002054,input,1,336
MOD002054,input,2,372
MOD002054,IP,1,445
MOD002054,IP,2,528
MOD002055,input,1,574
MOD002055,input,2,408
MOD002055,IP,1,783
MOD002055,IP,2,920
MOD002056,input,1,337
MOD002056,input,2,355
MOD002056,IP,1,528
MOD002056,IP,2,575
MOD002057,input,1,480
MOD002057,input,2,445
MOD002057,IP,1,1105
MOD002057,IP,2,910
MOD002058,input,1,317
MOD002058,input,2,263
MOD002058,IP,1,366
MOD002058,IP,2,650
MOD002059,input,1,829
MOD002059,input,2,590
MOD002059,IP,1,2535
MOD002059,IP,2,2126
MOD002060,input,1,242
MOD002060,input,2,261
MOD002060,IP,1,665
MOD002060,IP,2,376
MOD002061,input,1,665
MOD002061,input,2,553
MOD002061,IP,1,1582
MOD002061,IP,2,1299
MOD002062,input,1,422
MOD002062,input,2,349
MOD002062,IP,1,701
MOD002062,IP,2,775
MOD002063,input,1,220
MOD002063,input,2,293
MOD002063,IP,1,995
MOD002063,IP,2,965
MOD002064,input,1,322
MOD002064,input,2,420
MOD002064,IP,1,902
MOD002064,IP,2,665
MOD002065,input,1,421
MOD002065,input,2,476
MOD002065,IP,1,857
MOD002065,IP,2,748
MOD002066,input,1,526
MOD002066,input,2,387
MOD002066,IP,1,822
MOD002066,IP,2,1249
MOD002067,input,1,467
MOD002067,input,2,566
MOD002067,IP,1,1408
MOD002067,IP,2,1480
MOD002068,input,1,167
MOD002068,input,2,130
MOD002068,IP,1,229
MOD002068,IP,2,180
MOD002069,input,1,396
MOD002069,input,2,389
MOD002069,IP,1,1323
MOD002069,IP,2,1119
MOD002070,input,1,796
MOD002070,input,2,644
MOD002070,IP,1,885
MOD002070,IP,2,604
MOD002071,input,1,813
MOD002071,input,2,874
MOD002071,IP,1,1349
MOD002071,IP,2,758
MOD002072,input,1,435
MOD002072,input,2,484
MOD002072,IP,1,870
MOD002072,IP,2,1338
MOD002073,input,1,595
MOD002073,input,2,608
MOD002073,IP,1,1520
MOD002073,IP,2,1207
MOD002074,input,1,582
MOD002074,input,2,439
MOD002074,IP,1,2232
MOD002074,IP,2,1778
MOD002075,input,1,335
MOD002075,input,2,284
MOD002075,IP,1,679
MOD002075,IP,2,761
MOD002076,input,1,515
MOD002076,input,2,366
MOD002076,IP,1,621
MOD002076,IP,2,485
MOD002077,input,1,97
MOD002077,input,2,112
MOD002077,IP,1,160
MOD002077,IP,2,109
MOD002078,input,1,168
MOD002078,input,2,169
MOD002078,IP,1,537
MOD002078,IP,2,495
MOD002079,input,1,309
MOD002079,input,2,377
MOD002079,IP,1,918
MOD002079,IP,2,767
MOD002080,input,1,724
MOD002080,input,2,609
MOD002080,IP,1,1310
MOD002080,IP,2,1473
MOD002081,input,1,540
MOD002081,input,2,417
MOD002081,IP,1,853
MOD002081,IP,2,1011
MOD002082,input,1,282
MOD002082,input,2,236
MOD002082,IP,1,287
MOD002082,IP,2,421
MOD002083,input,1,695
MOD002083,input,2,691
MOD002083,IP,1,686
MOD002083,IP,2,774
MOD002084,input,1,997
MOD002084,input,2,1024
MOD002084,IP,1,1791
MOD002084,IP,2,1607
MOD002085,input,1,351
MOD002085,input,2,383
MOD002085,IP,1,1061
MOD002085,IP,2,956
MOD002086,input,1,362
MOD002086,input,2,345
MOD002086,IP,1,962
MOD002086,IP,2,973
MOD002087,input,1,583
MOD002087,input,2,661
MOD002087,IP,1,1090
MOD002087,IP,2,672
MOD002088,input,1,302
MOD002088,input,2,286
MOD002088,IP,1,663
MOD002088,IP,2,886
MOD002089,input,1,424
MOD002089,input,2,378
MOD002089,IP,1,669
MOD002089,IP,2,964
MOD002090,input,1,202
MOD002090,input,2,178
MOD002090,IP,1,235
MOD002090,IP,2,215
MOD002091,input,1,564
MOD002091,input,2,579
MOD002091,IP,1,2713
MOD002091,IP,2,1919
MOD002092,input,1,625
MOD002092,input,2,661
MOD002092,IP,1,1480
MOD002092,IP,2,1014
MOD002093,input,1,604
MOD002093,input,2,787
MOD002093,IP,1,2187
MOD002093,IP,2,1655
MOD002094,input,1,308
MOD002094,input,2,299
MOD002094,IP,1,308
MOD002094,IP,2,384
MOD002095,input,1,243
MOD002095,input,2,229
MOD002095,IP,1,483
MOD002095,IP,2,443
MOD002096,input,1,335
MOD002096,input,2,440
MOD002096,IP,1,955
MOD002096,IP,2,1167
MOD002097,input,1,360
MOD002097,input,2,364
MOD002097,IP,1,838
MOD002097,IP,2,597
MOD002098,input,1,304
MOD002098,input,2,326
MOD002098,IP,1,483
MOD002098,IP,2,801
MOD002099,input,1,265
MOD002099,input,2,277
MOD002099,IP,1,842
MOD002099,IP,2,623
MOD002100,input,1,545
MOD002100,input,2,461
MOD002100,IP,1,822
MOD002100,IP,2,535
MOD002101,input,1,332
MOD002101,input,2,390
MOD002101,IP,1,709
MOD002101,IP,2,693
MOD002102,input,1,776
MOD002102,input,2,853
MOD002102,IP,1,1187
MOD002102,IP,2,932
MOD002103,input,1,407
MOD002103,input,2,362
MOD002103,IP,1,788
MOD002103,IP,2,572
MOD002104,input,1,379
MOD002104,input,2,360
MOD002104,IP,1,635
MOD002104,IP,2,813
MOD002105,input,1,544
MOD002105,input,2,444
MOD002105,IP,1,2649
MOD002105,IP,2,1568
MOD002106,input,1,313
MOD002106,input,2,423
MOD002106,IP,1,1347
MOD002106,IP,2,1172
MOD002107,input,1,102
MOD002107,input,2,105
MOD002107,IP,1,306
MOD002107,IP,2,266
MOD002108,input,1,377
MOD002108,input,2,350
MOD002108,IP,1,551
MOD002108,IP,2,783
MOD002109,input,1,450
MOD002109,input,2,548
MOD002109,IP,1,656
MOD002109,IP,2,802
MOD002110,input,1,184
MOD002110,input,2,186
MOD002110,IP,1,471
MOD002110,IP,2,567
MOD002111,input,1,383
MOD002111,input,2,308
MOD002111,IP,1,774
MOD002111,IP,2,816
MOD002112,input,1,454
MOD002112,input,2,367
MOD002112,IP,1,816
MOD002112,IP,2,491
MOD002113,input,1,1044
MOD002113,input,2,1103
MOD002113,IP,1,1371
MOD002113,IP,2,1052
MOD002114,input,1,617
MOD002114,input,2,560
MOD002114,IP,1,1061
MOD002114,IP,2,1378
MOD002115,input,1,1275
MOD002115,input,2,902
MOD002115,IP,1,2295
MOD002115,IP,2,2106
MOD002116,input,1,508
MOD002116,input,2,492
MOD002116,IP,1,869
MOD002116,IP,2,1057
MOD002117,input,1,586
MOD002117,input,2,534
MOD002117,IP,1,941
MOD002117,IP,2,875
MOD002118,input,1,352
MOD002118,input,2,273
MOD002118,IP,1,554
MOD002118,IP,2,737
MOD002119,input,1,1019
MOD002119,input,2,951
MOD002119,IP,1,1500
MOD002119,IP,2,1024
MOD002120,input,1,223
MOD002120,input,2,215
MOD002120,IP,1,778
MOD002120,IP,2,774
MOD002121,input,1,292
MOD002121,input,2,306
MOD002121,IP,1,658
MOD002121,IP,2,515
MOD002122,input,1,227
MOD002122,input,2,195
MOD002122,IP,1,438
MOD002122,IP,2,305
MOD002123,input,1,745
MOD002123,input,2,598
MOD002123,IP,1,919
MOD002123,IP,2,761
MOD002124,input,1,577
MOD002124,input,2,677
MOD002124,IP,1,2019
MOD002124,IP,2,2534
MOD002125,input,1,331
MOD002125,input,2,328
MOD002125,IP,1,860
MOD002125,IP,2,842
MOD002126,input,1,724
MOD002126,input,2,660
MOD002126,IP,1,1602
MOD002126,IP,2,1579
MOD002127,input,1,213
MOD002127,input,2,160
MOD002127,IP,1,481
MOD002127,IP,2,353
MOD002128,input,1,344
MOD002128,input,2,404
MOD002128,IP,1,949
MOD002128,IP,2,595
MOD002129,input,1,281
MOD002129,input,2,213
MOD002129,IP,1,454
MOD002129,IP,2,310
MOD002130,input,1,1147
MOD002130,input,2,1027
MOD002130,IP,1,1074
MOD002130,IP,2,1074
MOD002131,input,1,627
MOD002131,input,2,634
MOD002131,IP,1,1502
MOD002131,IP,2,1711
MOD002132,input,1,334
MOD002132,input,2,307
MOD002132,IP,1,846
MOD002132,IP,2,1133
MOD002133,input,1,211
MOD002133,input,2,233
MOD002133,IP,1,520
MOD002133,IP,2,527
MOD002134,input,1,552
MOD002134,input,2,524
MOD002134,IP,1,1824
MOD002134,IP,2,1290
MOD002135,input,1,266
MOD002135,input,2,267
MOD002135,IP,1,621
MOD002135,IP,2,453
MOD002136,input,1,456
MOD002136,input,2,548
MOD002136,IP,1,1057
MOD002136,IP,2,1425
MOD002137,input,1,192
MOD002137,input,2,216
MOD002137,IP,1,559
MOD002137,IP,2,542
MOD002138,input,1,423
MOD002138,input,2,415
MOD002138,IP,1,1326
MOD002138,IP,2,1035
MOD002139,input,1,371
MOD002139,input,2,479
MOD002139,IP,1,1309
MOD002139,IP,2,1097
MOD002140,input,1,295
MOD002140,input,2,293
MOD002140,IP,1,308
MOD002140,IP,2,542
MOD002141,input,1,358
MOD002141,input,2,374
MOD002141,IP,1,711
MOD002141,IP,2,756
MOD002142,input,1,668
MOD002142,input,2,632
MOD002142,IP,1,928
MOD002142,IP,2,1162
MOD002143,input,1,817
MOD002143,input,2,769
MOD002143,IP,1,1624
MOD002143,IP,2,1468
MOD002144,input,1,455
MOD002144,input,2,325
MOD002144,IP,1,737
MOD002144,IP,2,770
MOD002145,input,1,574
MOD002145,input,2,425
MOD002145,IP,1,681
MOD002145,IP,2,626
MOD002146,input,1,438
MOD002146,input,2,447
MOD002146,IP,1,966
MOD002146,IP,2,1605
MOD002147,input,1,540
MOD002147,input,2,633
MOD002147,IP,1,801
MOD002147,IP,2,936
MOD002148,input,1,841
MOD002148,input,2,976
MOD002148,IP,1,1363
MOD002148,IP,2,1813
MOD002149,input,1,132
MOD002149,input,2,101
MOD002149,IP,1,163
MOD002149,IP,2,136
MOD002150,input,1,816
MOD002150,input,2,969
MOD002150,IP,1,1853
MOD002150,IP,2,1718
MOD002151,input,1,732
MOD002151,input,2,801
MOD002151,IP,1,1924
MOD002151,IP,2,1475
MOD002152,input,1,651
MOD002152,input,2,692
MOD002152,IP,1,1126
MOD002152,IP,2,1260
MOD002153,input,1,487
MOD002153,input,2,381
MOD002153,IP,1,669
MOD002153,IP,2,832
MOD002154,input,1,464
MOD002154,input,2,435
MOD002154,IP,1,1123
MOD002154,IP,2,1602
MOD002155,input,1,443
MOD002155,input,2,310
MOD002155,IP,1,1014
MOD002155,IP,2,804
MOD002156,input,1,204
MOD002156,input,2,299
MOD002156,IP,1,418
MOD002156,IP,2,424
MOD002157,input,1,290
MOD002157,input,2,310
MOD002157,IP,1,350
MOD002157,IP,2,566
MOD002158,input,1,659
MOD002158,input,2,539
MOD002158,IP,1,1428
MOD002158,IP,2,1188
MOD002159,input,1,240
MOD002159,input,2,217
MOD002159,IP,1,912
MOD002159,IP,2,923
MOD002160,input,1,526
MOD002160,input,2,627
MOD002160,IP,1,1153
MOD002160,IP,2,902
MOD002161,input,1,627
MOD002161,input,2,728
MOD002161,IP,1,916
MOD002161,IP,2,1211
MOD002162,input,1,787
MOD002162,input,2,798
MOD002162,IP,1,1572
MOD002162,IP,2,2432
MOD002163,input,1,465
MOD002163,input,2,349
MOD002163,IP,1,694
MOD002163,IP,2,748
MOD002164,input,1,313
MOD002164,input,2,281
MOD002164,IP,1,1001
MOD002164,IP,2,1053
MOD002165,input,1,289
MOD002165,input,2,379
MOD002165,IP,1,556
MOD002165,IP,2,911
MOD002166,input,1,275
MOD002166,input,2,374
MOD002166,IP,1,684
MOD002166,IP,2,724
MOD002167,input,1,363
MOD002167,input,2,366
MOD002167,IP,1,1000
MOD002167,IP,2,1153
MOD002168,input,1,484
MOD002168,input,2,444
MOD002168,IP,1,823
MOD002168,IP,2,545
MOD002169,input,1,296
MOD002169,input,2,341
MOD002169,IP,1,827
MOD002169,IP,2,785
MOD002170,input,1,313
MOD002170,input,2,355
MOD002170,IP,1,521
MOD002170,IP,2,375
MOD002171,input,1,512
MOD002171,input,2,450
MOD002171,IP,1,876
MOD002171,IP,2,724
MOD002172,input,1,285
MOD002172,input,2,370
MOD002172,IP,1,434
MOD002172,IP,2,620
MOD002173,input,1,371
MOD002173,input,2,420
MOD002173,IP,1,1497
MOD002173,IP,2,1232
MOD002174,input,1,759
MOD002174,input,2,756
MOD002174,IP,1,1423
MOD002174,IP,2,1633
MOD002175,input,1,570
MOD002175,input,2,441
MOD002175,IP,1,1023
MOD002175,IP,2,741
MOD002176,input,1,577
MOD002176,input,2,555
MOD002176,IP,1,652
MOD002176,IP,2,683
MOD002177,input,1,543
MOD002177,input,2,670
MOD002177,IP,1,696
MOD002177,IP,2,774
MOD002178,input,1,852
MOD002178,input,2,1104
MOD002178,IP,1,1417
MOD002178,IP,2,1354
MOD002179,input,1,726
MOD002179,input,2,672
MOD002179,IP,1,1410
MOD002179,IP,2,1197
MOD002180,input,1,246
MOD002180,input,2,166
MOD002180,IP,1,312
MOD002180,IP,2,457
MOD002181,input,1,616
MOD002181,input,2,610
MOD002181,IP,1,1239
MOD002181,IP,2,1154
MOD002182,input,1,296
MOD002182,input,2,430
MOD002182,IP,1,435
MOD002182,IP,2,727
MOD002183,input,1,395
MOD002183,input,2,312
MOD002183,IP,1,406
MOD002183,IP,2,533
MOD002184,input,1,341
MOD002184,input,2,333
MOD002184,IP,1,787
MOD002184,IP,2,680
MOD002185,input,1,608
MOD002185,input,2,642
MOD002185,IP,1,1662
MOD002185,IP,2,1682
MOD002186,input,1,541
MOD002186,input,2,502
MOD002186,IP,1,1091
MOD002186,IP,2,992
MOD002187,input,1,411
MOD002187,input,2,444
MOD002187,IP,1,1391
MOD002187,IP,2,1396
MOD002188,input,1,414
MOD002188,input,2,533
MOD002188,IP,1,683
MOD002188,IP,2,620
MOD002189,input,1,205
MOD002189,input,2,203
MOD002189,IP,1,615
MOD002189,IP,2,465
MOD002190,input,1,651
MOD002190,input,2,468
MOD002190,IP,1,1178
MOD002190,IP,2,1299
MOD002191,input,1,688
MOD002191,input,2,717
MOD002191,IP,1,1349
MOD002191,IP,2,886
MOD002192,input,1,210
MOD002192,input,2,188
MOD002192,IP,1,243
MOD002192,IP,2,299
MOD002193,input,1,404
MOD002193,input,2,391
MOD002193,IP,1,1267
MOD002193,IP,2,1002
MOD002194,input,1,550
MOD002194,input,2,603
MOD002194,IP,1,1386
MOD002194,IP,2,1546
MOD002195,input,1,368
MOD002195,input,2,501
MOD002195,IP,1,785
MOD002195,IP,2,802
MOD002196,input,1,842
MOD002196,input,2,980
MOD002196,IP,1,2131
MOD002196,IP,2,1848
MOD002197,input,1,723
MOD002197,input,2,774
MOD002197,IP,1,1452
MOD002197,IP,2,1563
MOD002198,input,1,330
MOD002198,input,2,396
MOD002198,IP,1,948
MOD002198,IP,2,998
MOD002199,input,1,453
MOD002199,input,2,366
MOD002199,IP,1,392
MOD002199,IP,2,426
MOD002200,input,1,1523
MOD002200,input,2,1133
MOD002200,IP,1,3811
MOD002200,IP,2,2977
MOD002201,input,1,471
MOD002201,input,2,404
MOD002201,IP,1,892
MOD002201,IP,2,897
MOD002202,input,1,1155
MOD002202,input,2,1248
MOD002202,IP,1,4153
MOD002202,IP,2,4256
MOD002203,input,1,535
MOD002203,input,2,562
MOD002203,IP,1,1000
MOD002203,IP,2,861
MOD002204,input,1,544
MOD002204,input,2,444
MOD002204,IP,1,997
MOD002204,IP,2,715
MOD002205,input,1,252
MOD002205,input,2,260
MOD002205,IP,1,537
MOD002205,IP,2,455
MOD002206,input,1,359
MOD002206,input,2,309
MOD002206,IP,1,510
MOD002206,IP,2,583
MOD002207,input,1,314
MOD002207,input,2,283
MOD002207,IP,1,467
MOD002207,IP,2,397
MOD002208,input,1,548
MOD002208,input,2,715
MOD002208,IP,1,1428
MOD002208,IP,2,1089
MOD002209,input,1,1520
MOD002209,input,2,1141
MOD002209,IP,1,2746
MOD002209,IP,2,2237
MOD002210,input,1,303
MOD002210,input,2,320
MOD002210,IP,1,734
MOD002210,IP,2,871
MOD002211,input,1,342
MOD002211,input,2,422
MOD002211,IP,1,964
MOD002211,IP,2,1032
MOD002212,input,1,254
MOD002212,input,2,226
MOD002212,IP,1,804
MOD002212,IP,2,637
MOD002213,input,1,236
MOD002213,input,2,235
MOD002213,IP,1,491
MOD002213,IP,2,702
MOD002214,input,1,450
MOD002214,input,2,492
MOD002214,IP,1,1069
MOD002214,IP,2,794
MOD002215,input,1,874
MOD002215,input,2,757
MOD002215,IP,1,1881
MOD002215,IP,2,2563
MOD002216,input,1,385
MOD002216,input,2,411
MOD002216,IP,1,442
MOD002216,IP,2,607
MOD002217,input,1,809
MOD002217,input,2,771
MOD002217,IP,1,1638
MOD002217,IP,2,1171
MOD002218,input,1,534
MOD002218,input,2,538
MOD002218,IP,1,1164
MOD002218,IP,2,1126
MOD002219,input,1,739
MOD002219,input,2,722
MOD002219,IP,1,1190
MOD002219,IP,2,926
MOD002220,input,1,564
MOD002220,input,2,612
MOD002220,IP,1,1428
MOD002220,IP,2,848
MOD002221,input,1,879
MOD002221,input,2,821
MOD002221,IP,1,1270
MOD002221,IP,2,1047
MOD002222,input,1,515
MOD002222,input,2,590
MOD002222,IP,1,1002
MOD002222,IP,2,864
MOD002223,input,1,263
MOD002223,input,2,204
MOD002223,IP,1,489
MOD002223,IP,2,627
MOD002224,input,1,524
MOD002224,input,2,449
MOD002224,IP,1,561
MOD002224,IP,2,773
MOD002225,input,1,328
MOD002225,input,2,254
MOD002225,IP,1,496
MOD002225,IP,2,453
MOD002226,input,1,208
MOD002226,input,2,213
MOD002226,IP,1,404
MOD002226,IP,2,367
MOD002227,input,1,613
MOD002227,input,2,640
MOD002227,IP,1,1414
MOD002227,IP,2,1125
MOD002228,input,1,318
MOD002228,input,2,297
MOD002228,IP,1,884
MOD002228,IP,2,585
MOD002229,input,1,745
MOD002229,input,2,760
MOD002229,IP,1,2445
MOD002229,IP,2,2315
MOD002230,input,1,342
MOD002230,input,2,384
MOD002230,IP,1,596
MOD002230,IP,2,502
MOD002231,input,1,213
MOD002231,input,2,251
MOD002231,IP,1,646
MOD002231,IP,2,657
MOD002232,input,1,317
MOD002232,input,2,311
MOD002232,IP,1,951
MOD002232,IP,2,842
MOD002233,input,1,209
MOD002233,input,2,231
MOD002233,IP,1,397
MOD002233,IP,2,542
MOD002234,input,1,236
MOD002234,input,2,186
MOD002234,IP,1,734
MOD002234,IP,2,781
MOD002235,input,1,756
MOD002235,input,2,725
MOD002235,IP,1,2580
MOD002235,IP,2,1947
MOD002236,input,1,249
MOD002236,input,2,266
MOD002236,IP,1,539
MOD002236,IP,2,741
MOD002237,input,1,354
MOD002237,input,2,458
MOD002237,IP,1,1209
MOD002237,IP,2,1155
MOD002238,input,1,472
MOD002238,input,2,473
MOD002238,IP,1,832
MOD002238,IP,2,509
MOD002239,input,1,575
MOD002239,input,2,531
MOD002239,IP,1,537
MOD002239,IP,2,685
MOD002240,input,1,545
MOD002240,input,2,567
MOD002240,IP,1,1543
MOD002240,IP,2,1449
MOD002241,input,1,343
MOD002241,input,2,341
MOD002241,IP,1,780
MOD002241,IP,2,692
MOD002242,input,1,632
MOD002242,input,2,497
MOD002242,IP,1,1002
MOD002242,IP,2,1414
MOD002243,input,1,300
MOD002243,input,2,247
MOD002243,IP,1,283
MOD002243,IP,2,272
MOD002244,input,1,1342
MOD002244,input,2,1109
MOD002244,IP,1,5230
MOD002244,IP,2,5391
MOD002245,input,1,327
MOD002245,input,2,314
MOD002245,IP,1,871
MOD002245,IP,2,706
MOD002246,input,1,635
MOD002246,input,2,511
MOD002246,IP,1,1937
MOD002246,IP,2,1874
MOD002247,input,1,621
MOD002247,input,2,590
MOD002247,IP,1,1083
MOD002247,IP,2,883
MOD002248,input,1,616
MOD002248,input,2,850
MOD002248,IP,1,2347
MOD002248,IP,2,1868
MOD002249,input,1,254
MOD002249,input,2,324
MOD002249,IP,1,659
MOD002249,IP,2,581
MOD002250,input,1,337
MOD002250,input,2,283
MOD002250,IP,1,1434
MOD002250,IP,2,1313
MOD002251,input,1,236
MOD002251,input,2,300
MOD002251,IP,1,671
MOD002251,IP,2,987
MOD002252,input,1,403
MOD002252,input,2,418
MOD002252,IP,1,691
MOD002252,IP,2,1203
MOD002253,input,1,654
MOD002253,input,2,476
MOD002253,IP,1,841
MOD002253,IP,2,565
MOD002254,input,1,796
MOD002254,input,2,657
MOD002254,IP,1,3192
MOD002254,IP,2,2277
MOD002255,input,1,233
MOD002255,input,2,305
MOD002255,IP,1,553
MOD002255,IP,2,525
MOD002256,input,1,288
MOD002256,input,2,258
MOD002256,IP,1,433
MOD002256,IP,2,731
MOD002257,input,1,570
MOD002257,input,2,644
MOD002257,IP,1,1964
MOD002257,IP,2,1898
MOD002258,input,1,283
MOD002258,input,2,211
MOD002258,IP,1,740
MOD002258,IP,2,515
MOD002259,input,1,539
MOD002259,input,2,495
MOD002259,IP,1,1463
MOD002259,IP,2,1908
MOD002260,input,1,643
MOD002260,input,2,579
MOD002260,IP,1,2145
MOD002260,IP,2,1351
MOD002261,input,1,421
MOD002261,input,2,460
MOD002261,IP,1,445
MOD002261,IP,2,466
MOD002262,input,1,387
MOD002262,input,2,370
MOD002262,IP,1,1053
MOD002262,IP,2,1058
MOD002263,input,1,344
MOD002263,input,2,351
MOD002263,IP,1,1218
MOD002263,IP,2,702
MOD002264,input,1,648
MOD002264,input,2,794
MOD002264,IP,1,1576
MOD002264,IP,2,2028
MOD002265,input,1,285
MOD002265,input,2,321
MOD002265,IP,1,586
MOD002265,IP,2,557
MOD002266,input,1,466
MOD002266,input,2,473
MOD002266,IP,1,923
MOD002266,IP,2,775
MOD002267,input,1,539
MOD002267,input,2,364
MOD002267,IP,1,985
MOD002267,IP,2,873
MOD002268,input,1,623
MOD002268,input,2,605
MOD002268,IP,1,1882
MOD002268,IP,2,1939
MOD002269,input,1,668
MOD002269,input,2,484
MOD002269,IP,1,738
MOD002269,IP,2,865
MOD002270,input,1,506
MOD002270,input,2,411
MOD002270,IP,1,1185
MOD002270,IP,2,1639
MOD002271,input,1,385
MOD002271,input,2,384
MOD002271,IP,1,1235
MOD002271,IP,2,1159
MOD002272,input,1,801
MOD002272,input,2,943
MOD002272,IP,1,1818
MOD002272,IP,2,1656
MOD002273,input,1,224
MOD002273,input,2,231
MOD002273,IP,1,522
MOD002273,IP,2,588
MOD002274,input,1,561
MOD002274,input,2,643
MOD002274,IP,1,655
MOD002274,IP,2,581
MOD002275,input,1,345
MOD002275,input,2,309
MOD002275,IP,1,572
MOD002275,IP,2,622
MOD002276,input,1,438
MOD002276,input,2,406
MOD002276,IP,1,767
MOD002276,IP,2,871
MOD002277,input,1,283
MOD002277,input,2,289
MOD002277,IP,1,734
MOD002277,IP,2,682
MOD002278,input,1,380
MOD002278,input,2,369
MOD002278,IP,1,555
MOD002278,IP,2,573
MOD002279,input,1,561
MOD002279,input,2,544
MOD002279,IP,1,729
MOD002279,IP,2,1013
MOD002280,input,1,504
MOD002280,input,2,719
MOD002280,IP,1,1086
MOD002280,IP,2,1210
MOD002281,input,1,650
MOD002281,input,2,701
MOD002281,IP,1,1657
MOD002281,IP,2,1232
MOD002282,input,1,252
MOD002282,input,2,235
MOD002282,IP,1,504
MOD002282,IP,2,687
MOD002283,input,1,436
MOD002283,input,2,433
MOD002283,IP,1,1824
MOD002283,IP,2,1093
MOD002284,input,1,193
MOD002284,input,2,244
MOD002284,IP,1,416
MOD002284,IP,2,635
MOD002285,input,1,716
MOD002285,input,2,678
MOD002285,IP,1,1823
MOD002285,IP,2,1397
MOD002286,input,1,246
MOD002286,input,2,220
MOD002286,IP,1,552
MOD002286,IP,2,870
MOD002287,input,1,542
MOD002287,input,2,396
MOD002287,IP,1,1018
MOD002287,IP,2,1010
MOD002288,input,1,535
MOD002288,input,2,554
MOD002288,IP,1,1003
MOD002288,IP,2,1137
MOD002289,input,1,755
MOD002289,input,2,908
MOD002289,IP,1,1482
MOD002289,IP,2,1258
MOD002290,input,1,391
MOD002290,input,2,487
MOD002290,IP,1,856
MOD002290,IP,2,757
MOD002291,input,1,593
MOD002291,input,2,658
MOD002291,IP,1,1232
MOD002291,IP,2,1205
MOD002292,input,1,169
MOD002292,input,2,178
MOD002292,IP,1,401
MOD002292,IP,2,589
MOD002293,input,1,406
MOD002293,input,2,413
MOD002293,IP,1,712
MOD002293,IP,2,765
MOD002294,input,1,702
MOD002294,input,2,664
MOD002294,IP,1,2157
MOD002294,IP,2,2421
MOD002295,input,1,709
MOD002295,input,2,726
MOD002295,IP,1,2260
MOD002295,IP,2,2095
MOD002296,input,1,765
MOD002296,input,2,680
MOD002296,IP,1,1900
MOD002296,IP,2,1818
MOD002297,input,1,604
MOD002297,input,2,577
MOD002297,IP,1,916
MOD002297,IP,2,584
MOD002298,input,1,314
MOD002298,input,2,255
MOD002298,IP,1,777
MOD002298,IP,2,583
MOD002299,input,1,513
MOD002299,input,2,420
MOD002299,IP,1,954
MOD002299,IP,2,1567
MOD002300,input,1,869
MOD002300,input,2,936
MOD002300,IP,1,1052
MOD002300,IP,2,1568
MOD002301,input,1,129
MOD002301,input,2,92
MOD002301,IP,1,398
MOD002301,IP,2,363
MOD002302,input,1,292
MOD002302,input,2,306
MOD002302,IP,1,867
MOD002302,IP,2,817
MOD002303,input,1,254
MOD002303,input,2,240
MOD002303,IP,1,578
MOD002303,IP,2,607
MOD002304,input,1,451
MOD002304,input,2,409
MOD002304,IP,1,1159
MOD002304,IP,2,876
MOD002305,input,1,306
MOD002305,input,2,264
MOD002305,IP,1,321
MOD002305,IP,2,385
MOD002306,input,1,307
MOD002306,input,2,320
MOD002306,IP,1,418
MOD002306,IP,2,420
MOD002307,input,1,319
MOD002307,input,2,321
MOD002307,IP,1,538
MOD002307,IP,2,654
MOD002308,input,1,549
MOD002308,input,2,613
MOD002308,IP,1,1942
MOD002308,IP,2,1799
MOD002309,input,1,386
MOD002309,input,2,394
MOD002309,IP,1,1124
MOD002309,IP,2,1142
MOD002310,input,1,823
MOD002310,input,2,774
MOD002310,IP,1,1079
MOD002310,IP,2,1222
MOD002311,input,1,794
MOD002311,input,2,631
MOD002311,IP,1,1505
MOD002311,IP,2,2059
MOD002312,input,1,679
MOD002312,input,2,731
MOD002312,IP,1,2138
MOD002312,IP,2,2377
MOD002313,input,1,277
MOD002313,input,2,344
MOD002313,IP,1,1072
MOD002313,IP,2,959
MOD002314,input,1,469
MOD002314,input,2,568
MOD002314,IP,1,1275
MOD002314,IP,2,982
MOD002315,input,1,811
MOD002315,input,2,897
MOD002315,IP,1,2122
MOD002315,IP,2,1753
MOD002316,input,1,401
MOD002316,input,2,356
MOD002316,IP,1,381
MOD002316,IP,2,434
MOD002317,input,1,457
MOD002317,input,2,436
MOD002317,IP,1,519
MOD002317,IP,2,627
MOD002318,input,1,148
MOD002318,input,2,162
MOD002318,IP,1,254
MOD002318,IP,2,393
MOD002319,input,1,774
MOD002319,input,2,553
MOD002319,IP,1,1475
MOD002319,IP,2,1777
MOD002320,input,1,441
MOD002320,input,2,423
MOD002320,IP,1,967
MOD002320,IP,2,676
MOD002321,input,1,605
MOD002321,input,2,484
MOD002321,IP,1,846
MOD002321,IP,2,1180
MOD002322,input,1,459
MOD002322,input,2,553
MOD002322,IP,1,1609
MOD002322,IP,2,1525
MOD002323,input,1,491
MOD002323,input,2,392
MOD002323,IP,1,526
MOD002323,IP,2,629
MOD002324,input,1,681
MOD002324,input,2,527
MOD002324,IP,1,1405
MOD002324,IP,2,1125
MOD002325,input,1,329
MOD002325,input,2,368
MOD002325,IP,1,1156
MOD002325,IP,2,926
MOD002326,input,1,469
MOD002326,input,2,566
MOD002326,IP,1,980
MOD002326,IP,2,907
MOD002327,input,1,497
MOD002327,input,2,424
MOD002327,IP,1,1230
MOD002327,IP,2,1994
MOD002328,input,1,577
MOD002328,input,2,551
MOD002328,IP,1,1350
MOD002328,IP,2,2108
MOD002329,input,1,932
MOD002329,input,2,765
MOD002329,IP,1,2534
MOD002329,IP,2,2242
MOD002330,input,1,768
MOD002330,input,2,705
MOD002330,IP,1,1024
MOD002330,IP,2,1178
MOD002331,input,1,484
MOD002331,input,2,458
MOD002331,IP,1,473
MOD002331,IP,2,768
MOD002332,input,1,313
MOD002332,input,2,358
MOD002332,IP,1,543
MOD002332,IP,2,308
MOD002333,input,1,406
MOD002333,input,2,454
MOD002333,IP,1,1094
MOD002333,IP,2,1097
MOD002334,input,1,326
MOD002334,input,2,355
MOD002334,IP,1,597
MOD002334,IP,2,578
MOD002335,input,1,691
MOD002335,input,2,752
MOD002335,IP,1,1142
MOD002335,IP,2,1586
MOD002336,input,1,355
MOD002336,input,2,360
MOD002336,IP,1,352
MOD002336,IP,2,443
MOD002337,input,1,292
MOD002337,input,2,336
MOD002337,IP,1,545
MOD002337,IP,2,423
MOD002338,input,1,307
MOD002338,input,2,272
MOD002338,IP,1,903
MOD002338,IP,2,501
MOD002339,input,1,318
MOD002339,input,2,265
MOD002339,IP,1,461
MOD002339,IP,2,285
MOD002340,input,1,381
MOD002340,input,2,386
MOD002340,IP,1,711
MOD002340,IP,2,655
MOD002341,input,1,267
MOD002341,input,2,248
MOD002341,IP,1,465
MOD002341,IP,2,576
MOD002342,input,1,278
MOD002342,input,2,285
MOD002342,IP,1,552
MOD002342,IP,2,415
MOD002343,input,1,182
MOD002343,input,2,238
MOD002343,IP,1,705
MOD002343,IP,2,520
MOD002344,input,1,453
MOD002344,input,2,467
MOD002344,IP,1,1101
MOD002344,IP,2,995
MOD002345,input,1,566
MOD002345,input,2,537
MOD002345,IP,1,1175
MOD002345,IP,2,1281
MOD002346,input,1,723
MOD002346,input,2,698
MOD002346,IP,1,2385
MOD002346,IP,2,2019
MOD002347,input,1,814
MOD002347,input,2,609
MOD002347,IP,1,1743
MOD002347,IP,2,1941
MOD002348,input,1,489
MOD002348,input,2,524
MOD002348,IP,1,804
MOD002348,IP,2,649
MOD002349,input,1,666
MOD002349,input,2,681
MOD002349,IP,1,1693
MOD002349,IP,2,1748
MOD002350,input,1,390
MOD002350,input,2,295
MOD002350,IP,1,508
MOD002350,IP,2,806
MOD002351,input,1,232
MOD002351,input,2,164
MOD002351,IP,1,564
MOD002351,IP,2,436
MOD002352,input,1,538
MOD002352,input,2,636
MOD002352,IP,1,576
MOD002352,IP,2,812
MOD002353,input,1,353
MOD002353,input,2,299
MOD002353,IP,1,784
MOD002353,IP,2,681
MOD002354,input,1,378
MOD002354,input,2,412
MOD002354,IP,1,614
MOD002354,IP,2,603
MOD002355,input,1,380
MOD002355,input,2,314
MOD002355,IP,1,903
MOD002355,IP,2,938
MOD002356,input,1,371
MOD002356,input,2,368
MOD002356,IP,1,880
MOD002356,IP,2,795
MOD002357,input,1,747
MOD002357,input,2,642
MOD002357,IP,1,1404
MOD002357,IP,2,1871
MOD002358,input,1,407
MOD002358,input,2,353
MOD002358,IP,1,428
MOD002358,IP,2,562
MOD002359,input,1,713
MOD002359,input,2,650
MOD002359,IP,1,1596
MOD002359,IP,2,1689
MOD002360,input,1,418
MOD002360,input,2,561
MOD002360,IP,1,1641
MOD002360,IP,2,1622
MOD002361,input,1,683
MOD002361,input,2,503
MOD002361,IP,1,1664
MOD002361,IP,2,2132
MOD002362,input,1,601
MOD002362,input,2,528
MOD002362,IP,1,1060
MOD002362,IP,2,1431
MOD002363,input,1,174
MOD002363,input,2,249
MOD002363,IP,1,777
MOD002363,IP,2,517
MOD002364,input,1,1096
MOD002364,input,2,970
MOD002364,IP,1,2663
MOD002364,IP,2,2609
MOD002365,input,1,448
MOD002365,input,2,538
MOD002365,IP,1,1262
MOD002365,IP,2,1542
MOD002366,input,1,1569
MOD002366,input,2,1241
MOD002366,IP,1,2439
MOD002366,IP,2,2958
MOD002367,input,1,553
MOD002367,input,2,619
MOD002367,IP,1,1337
MOD002367,IP,2,1308
MOD002368,input,1,260
MOD002368,input,2,288
MOD002368,IP,1,458
MOD002368,IP,2,382
MOD002369,input,1,341
MOD002369,input,2,350
MOD002369,IP,1,802
MOD002369,IP,2,929
MOD002370,input,1,914
MOD002370,input,2,872
MOD002370,IP,1,1125
MOD002370,IP,2,899
MOD002371,input,1,334
MOD002371,input,2,344
MOD002371,IP,1,1166
MOD002371,IP,2,1172
MOD002372,input,1,555
MOD002372,input,2,575
MOD002372,IP,1,1019
MOD002372,IP,2,1456
MOD002373,input,1,392
MOD002373,input,2,415
MOD002373,IP,1,1187
MOD002373,IP,2,888
MOD002374,input,1,934
MOD002374,input,2,705
MOD002374,IP,1,1741
MOD002374,IP,2,2686
MOD002375,input,1,446
MOD002375,input,2,381
MOD002375,IP,1,1293
MOD002375,IP,2,1189
MOD002376,input,1,525
MOD002376,input,2,677
MOD002376,IP,1,850
MOD002376,IP,2,1177
MOD002377,input,1,549
MOD002377,input,2,514
MOD002377,IP,1,802
MOD002377,IP,2,963
MOD002378,input,1,404
MOD002378,input,2,430
MOD002378,IP,1,778
MOD002378,IP,2,801
MOD002379,input,1,535
MOD002379,input,2,729
MOD002379,IP,1,1807
MOD002379,IP,2,1629
MOD002380,input,1,658
MOD002380,input,2,691
MOD002380,IP,1,1111
MOD002380,IP,2,1423
MOD002381,input,1,109
MOD002381,input,2,120
MOD002381,IP,1,211
MOD002381,IP,2,188
MOD002382,input,1,555
MOD002382,input,2,501
MOD002382,IP,1,1706
MOD002382,IP,2,1461
MOD002383,input,1,445
MOD002383,input,2,399
MOD002383,IP,1,836
MOD002383,IP,2,1084
MOD002384,input,1,744
MOD002384,input,2,617
MOD002384,IP,1,1130
MOD002384,IP,2,1404
MOD002385,input,1,571
MOD002385,input,2,754
MOD002385,IP,1,2479
MOD002385,IP,2,2204
MOD002386,input,1,581
MOD002386,input,2,477
MOD002386,IP,1,923
MOD002386,IP,2,997
MOD002387,input,1,231
MOD002387,input,2,249
MOD002387,IP,1,385
MOD002387,IP,2,331
MOD002388,input,1,578
MOD002388,input,2,500
MOD002388,IP,1,1972
MOD002388,IP,2,2205
MOD002389,input,1,418
MOD002389,input,2,369
MOD002389,IP,1,524
MOD002389,IP,2,498
MOD002390,input,1,599
MOD002390,input,2,531
MOD002390,IP,1,1352
MOD002390,IP,2,1324
MOD002391,input,1,745
MOD002391,input,2,744
MOD002391,IP,1,1193
MOD002391,IP,2,1674
MOD002392,input,1,183
MOD002392,input,2,179
MOD002392,IP,1,449
MOD002392,IP,2,361
MOD002393,input,1,376
MOD002393,input,2,452
MOD002393,IP,1,793
MOD002393,IP,2,870
MOD002394,input,1,251
MOD002394,input,2,209
MOD002394,IP,1,451
MOD002394,IP,2,326
MOD002395,input,1,443
MOD002395,input,2,434
MOD002395,IP,1,921
MOD002395,IP,2,1392
MOD002396,input,1,853
MOD002396,input,2,828
MOD002396,IP,1,1372
MOD002396,IP,2,1063
MOD002397,input,1,966
MOD002397,input,2,736
MOD002397,IP,1,1688
MOD002397,IP,2,1566
MOD002398,input,1,609
MOD002398,input,2,684
MOD002398,IP,1,1804
MOD002398,IP,2,1488
MOD002399,input,1,302
MOD002399,input,2,285
MOD002399,IP,1,416
MOD002399,IP,2,371
MOD002400,input,1,489
MOD002400,input,2,453
MOD002400,IP,1,2109
MOD002400,IP,2,2355
MOD002401,input,1,385
MOD002401,input,2,392
MOD002401,IP,1,435
MOD002401,IP,2,657
MOD002402,input,1,551
MOD002402,input,2,624
MOD002402,IP,1,1531
MOD002402,IP,2,1086
MOD002403,input,1,553
MOD002403,input,2,439
MOD002403,IP,1,1629
MOD002403,IP,2,1643
MOD002404,input,1,456
MOD002404,input,2,578
MOD002404,IP,1,1028
MOD002404,IP,2,647
MOD002405,input,1,313
MOD002405,input,2,368
MOD002405,IP,1,697
MOD002405,IP,2,630
MOD002406,input,1,512
MOD002406,input,2,650
MOD002406,IP,1,990
MOD002406,IP,2,1193
MOD002407,input,1,313
MOD002407,input,2,263
MOD002407,IP,1,570
MOD002407,IP,2,588
MOD002408,input,1,851
MOD002408,input,2,756
MOD002408,IP,1,1082
MOD002408,IP,2,1592
MOD002409,input,1,805
MOD002409,input,2,1081
MOD002409,IP,1,1693
MOD002409,IP,2,2478
MOD002410,input,1,232
MOD002410,input,2,319
MOD002410,IP,1,459
MOD002410,IP,2,317
MOD002411,input,1,995
MOD002411,input,2,722
MOD002411,IP,1,1572
MOD002411,IP,2,1316
MOD002412,input,1,457
MOD002412,input,2,572
MOD002412,IP,1,695
MOD002412,IP,2,667
MOD002413,input,1,346
MOD002413,input,2,289
MOD002413,IP,1,610
MOD002413,IP,2,562
MOD002414,input,1,390
MOD002414,input,2,507
MOD002414,IP,1,986
MOD002414,IP,2,1082
MOD002415,input,1,190
MOD002415,input,2,160
MOD002415,IP,1,339
MOD002415,IP,2,451
MOD002416,input,1,266
MOD002416,input,2,226
MOD002416,IP,1,402
MOD002416,IP,2,439
MOD002417,input,1,529
MOD002417,input,2,635
MOD002417,IP,1,1389
MOD002417,IP,2,2232
MOD002418,input,1,333
MOD002418,input,2,404
MOD002418,IP,1,1363
MOD002418,IP,2,762
MOD002419,input,1,192
MOD002419,input,2,257
MOD002419,IP,1,273
MOD002419,IP,2,462
MOD002420,input,1,371
MOD002420,input,2,437
MOD002420,IP,1,712
MOD002420,IP,2,556
MOD002421,input,1,449
MOD002421,input,2,419
MOD002421,IP,1,1021
MOD002421,IP,2,1295
MOD002422,input,1,309
MOD002422,input,2,260
MOD002422,IP,1,741
MOD002422,IP,2,662
MOD002423,input,1,235
MOD002423,input,2,344
MOD002423,IP,1,993
MOD002423,IP,2,1008
MOD002424,input,1,237
MOD002424,input,2,230
MOD002424,IP,1,586
MOD002424,IP,2,499
MOD002425,input,1,428
MOD002425,input,2,448
MOD002425,IP,1,870
MOD002425,IP,2,868
MOD002426,input,1,547
MOD002426,input,2,404
MOD002426,IP,1,593
MOD002426,IP,2,508
MOD002427,input,1,239
MOD002427,input,2,276
MOD002427,IP,1,619
MOD002427,IP,2,550
MOD002428,input,1,500
MOD002428,input,2,369
MOD002428,IP,1,911
MOD002428,IP,2,990
MOD002429,input,1,651
MOD002429,input,2,542
MOD002429,IP,1,1375
MOD002429,IP,2,1354
MOD002430,input,1,296
MOD002430,input,2,341
MOD002430,IP,1,592
MOD002430,IP,2,774
MOD002431,input,1,479
MOD002431,input,2,396
MOD002431,IP,1,632
MOD002431,IP,2,478
MOD002432,input,1,389
MOD002432,input,2,370
MOD002432,IP,1,1431
MOD002432,IP,2,1097
MOD002433,input,1,352
MOD002433,input,2,390
MOD002433,IP,1,960
MOD002433,IP,2,800
MOD002434,input,1,346
MOD002434,input,2,388
MOD002434,IP,1,849
MOD002434,IP,2,1246
MOD002435,input,1,670
MOD002435,input,2,480
MOD002435,IP,1,1528
MOD002435,IP,2,1246
MOD002436,input,1,672
MOD002436,input,2,861
MOD002436,IP,1,1090
MOD002436,IP,2,1564
MOD002437,input,1,590
MOD002437,input,2,521
MOD002437,IP,1,856
MOD002437,IP,2,935
MOD002438,input,1,480
MOD002438,input,2,594
MOD002438,IP,1,613
MOD002438,IP,2,489
MOD002439,input,1,704
MOD002439,input,2,793
MOD002439,IP,1,1700
MOD002439,IP,2,1673
MOD002440,input,1,1011
MOD002440,input,2,963
MOD002440,IP,1,1118
MOD002440,IP,2,1110
MOD002441,input,1,542
MOD002441,input,2,540
MOD002441,IP,1,823
MOD002441,IP,2,1226
MOD002442,input,1,540
MOD002442,input,2,495
MOD002442,IP,1,757
MOD002442,IP,2,810
MOD002443,input,1,43
MOD002443,input,2,45
MOD002443,IP,1,86
MOD002443,IP,2,99
MOD002444,input,1,537
MOD002444,input,2,443
MOD002444,IP,1,1272
MOD002444,IP,2,1140
MOD002445,input,1,352
MOD002445,input,2,242
MOD002445,IP,1,834
MOD002445,IP,2,854
MOD002446,input,1,264
MOD002446,input,2,245
MOD002446,IP,1,585
MOD002446,IP,2,476
MOD002447,input,1,530
MOD002447,input,2,540
MOD002447,IP,1,1058
MOD002447,IP,2,946
MOD002448,input,1,364
MOD002448,input,2,406
MOD002448,IP,1,837
MOD002448,IP,2,895
MOD002449,input,1,260
MOD002449,input,2,251
MOD002449,IP,1,483
MOD002449,IP,2,497
MOD002450,input,1,615
MOD002450,input,2,613
MOD002450,IP,1,947
MOD002450,IP,2,760
MOD002451,input,1,615
MOD002451,input,2,647
MOD002451,IP,1,871
MOD002451,IP,2,762
MOD002452,input,1,288
MOD002452,input,2,330
MOD002452,IP,1,419
MOD002452,IP,2,308
MOD002453,input,1,391
MOD002453,input,2,348
MOD002453,IP,1,979
MOD002453,IP,2,935
MOD002454,input,1,553
MOD002454,input,2,622
MOD002454,IP,1,1586
MOD002454,IP,2,1255
MOD002455,input,1,397
MOD002455,input,2,400
MOD002455,IP,1,873
MOD002455,IP,2,938
MOD002456,input,1,530
MOD002456,input,2,573
MOD002456,IP,1,1393
MOD002456,IP,2,1822
MOD002457,input,1,237
MOD002457,input,2,170
MOD002457,IP,1,335
MOD002457,IP,2,284
MOD002458,input,1,680
MOD002458,input,2,628
MOD002458,IP,1,1310
MOD002458,IP,2,1004
MOD002459,input,1,492
MOD002459,input,2,517
MOD002459,IP,1,1024
MOD002459,IP,2,1037
MOD002460,input,1,738
MOD002460,input,2,838
MOD002460,IP,1,1707
MOD002460,IP,2,2316
MOD002461,input,1,487
MOD002461,input,2,513
MOD002461,IP,1,954
MOD002461,IP,2,856
MOD002462,input,1,306
MOD002462,input,2,345
MOD002462,IP,1,628
MOD002462,IP,2,1074
MOD002463,input,1,609
MOD002463,input,2,595
MOD002463,IP,1,895
MOD002463,IP,2,1240
MOD002464,input,1,519
MOD002464,input,2,617
MOD002464,IP,1,899
MOD002464,IP,2,1182
MOD002465,input,1,331
MOD002465,input,2,311
MOD002465,IP,1,427
MOD002465,IP,2,371
MOD002466,input,1,443
MOD002466,input,2,439
MOD002466,IP,1,1068
MOD002466,IP,2,943
MOD002467,input,1,313
MOD002467,input,2,379
MOD002467,IP,1,786
MOD002467,IP,2,801
MOD002468,input,1,554
MOD002468,input,2,462
MOD002468,IP,1,820
MOD002468,IP,2,973
MOD002469,input,1,665
MOD002469,input,2,625
MOD002469,IP,1,896
MOD002469,IP,2,1034
MOD002470,input,1,425
MOD002470,input,2,306
MOD002470,IP,1,763
MOD002470,IP,2,722
MOD002471,input,1,714
MOD002471,input,2,647
MOD002471,IP,1,1779
MOD002471,IP,2,1589
MOD002472,input,1,484
MOD002472,input,2,431
MOD002472,IP,1,678
MOD002472,IP,2,940
MOD002473,input,1,570
MOD002473,input,2,575
MOD002473,IP,1,1097
MOD002473,IP,2,1132
MOD002474,input,1,488
MOD002474,input,2,544
MOD002474,IP,1,853
MOD002474,IP,2,776
MOD002475,input,1,350
MOD002475,input,2,367
MOD002475,IP,1,1024
MOD002475,IP,2,645
MOD002476,input,1,260
MOD002476,input,2,274
MOD002476,IP,1,310
MOD002476,IP,2,391
MOD002477,input,1,615
MOD002477,input,2,789
MOD002477,IP,1,1794
MOD002477,IP,2,2503
MOD002478,input,1,214
MOD002478,input,2,237
MOD002478,IP,1,563
MOD002478,IP,2,783
MOD002479,input,1,509
MOD002479,input,2,457
MOD002479,IP,1,653
MOD002479,IP,2,669
MOD002480,input,1,611
MOD002480,input,2,745
MOD002480,IP,1,2332
MOD002480,IP,2,1363
MOD002481,input,1,305
MOD002481,input,2,302
MOD002481,IP,1,657
MOD002481,IP,2,508
MOD002482,input,1,428
MOD002482,input,2,373
MOD002482,IP,1,729
MOD002482,IP,2,863
MOD002483,input,1,565
MOD002483,input,2,774
MOD002483,IP,1,3197
MOD002483,IP,2,2403
MOD002484,input,1,405
MOD002484,input,2,372
MOD002484,IP,1,1029
MOD002484,IP,2,1166
MOD002485,input,1,328
MOD002485,input,2,262
MOD002485,IP,1,369
MOD002485,IP,2,351
MOD002486,input,1,499
MOD002486,input,2,427
MOD002486,IP,1,634
MOD002486,IP,2,928
MOD002487,input,1,783
MOD002487,input,2,656
MOD002487,IP,1,1457
MOD002487,IP,2,1345
MOD002488,input,1,239
MOD002488,input,2,238
MOD002488,IP,1,674
MOD002488,IP,2,610
MOD002489,input,1,297
MOD002489,input,2,321
MOD002489,IP,1,740
MOD002489,IP,2,912
MOD002490,input,1,178
MOD002490,input,2,194
MOD002490,IP,1,724
MOD002490,IP,2,688
MOD002491,input,1,372
MOD002491,input,2,401
MOD002491,IP,1,1543
MOD002491,IP,2,1107
MOD002492,input,1,823
MOD002492,input,2,1080
MOD002492,IP,1,2930
MOD002492,IP,2,2904
MOD002493,input,1,325
MOD002493,input,2,231
MOD002493,IP,1,521
MOD002493,IP,2,794
MOD002494,input,1,958
MOD002494,input,2,1045
MOD002494,IP,1,1542
MOD002494,IP,2,2160
MOD002495,input,1,484
MOD002495,input,2,475
MOD002495,IP,1,1288
MOD002495,IP,2,1654
MOD002496,input,1,766
MOD002496,input,2,755
MOD002496,IP,1,771
MOD002496,IP,2,904
MOD002497,input,1,192
MOD002497,input,2,197
MOD002497,IP,1,215
MOD002497,IP,2,205
MOD002498,input,1,456
MOD002498,input,2,384
MOD002498,IP,1,607
MOD002498,IP,2,635
MOD002499,input,1,530
MOD002499,input,2,528
MOD002499,IP,1,1332
MOD002499,IP,2,1820
MOD002500,input,1,436
MOD002500,input,2,423
MOD002500,IP,1,1119
MOD002500,IP,2,823
MOD002501,input,1,693
MOD002501,input,2,842
MOD002501,IP,1,1894
MOD002501,IP,2,1682
MOD002502,input,1,464
MOD002502,input,2,406
MOD002502,IP,1,967
MOD002502,IP,2,1165
MOD002503,input,1,488
MOD002503,input,2,635
MOD002503,IP,1,1990
MOD002503,IP,2,2069
MOD002504,input,1,400
MOD002504,input,2,460
MOD002504,IP,1,1063
MOD002504,IP,2,1435
MOD002505,input,1,460
MOD002505,input,2,410
MOD002505,IP,1,638
MOD002505,IP,2,905
MOD002506,input,1,146
MOD002506,input,2,164
MOD002506,IP,1,446
MOD002506,IP,2,471
MOD002507,input,1,728
MOD002507,input,2,552
MOD002507,IP,1,1365
MOD002507,IP,2,872
MOD002508,input,1,260
MOD002508,input,2,286
MOD002508,IP,1,397
MOD002508,IP,2,422
MOD002509,input,1,1091
MOD002509,input,2,998
MOD002509,IP,1,2447
MOD002509,IP,2,2050
MOD002510,input,1,420
MOD002510,input,2,372
MOD002510,IP,1,1355
MOD002510,IP,2,1777
MOD002511,input,1,312
MOD002511,input,2,378
MOD002511,IP,1,535
MOD002511,IP,2,642
MOD002512,input,1,336
MOD002512,input,2,422
MOD002512,IP,1,809
MOD002512,IP,2,1029
MOD002513,input,1,468
MOD002513,input,2,361
MOD002513,IP,1,1337
MOD002513,IP,2,1163
MOD002514,input,1,140
MOD002514,input,2,146
MOD002514,IP,1,353
MOD002514,IP,2,264
MOD002515,input,1,408
MOD002515,input,2,358
MOD002515,IP,1,954
MOD002515,IP,2,1096
MOD002516,input,1,567
MOD002516,input,2,447
MOD002516,IP,1,1513
MOD002516,IP,2,1243
MOD002517,input,1,966
MOD002517,input,2,1012
MOD002517,IP,1,1188
MOD002517,IP,2,1110
MOD002518,input,1,399
MOD002518,input,2,284
MOD002518,IP,1,1602
MOD002518,IP,2,1208
MOD002519,input,1,411
MOD002519,input,2,335
MOD002519,IP,1,818
MOD002519,IP,2,706
MOD002520,input,1,347
MOD002520,input,2,294
MOD002520,IP,1,997
MOD002520,IP,2,1351
MOD002521,input,1,197
MOD002521,input,2,218
MOD002521,IP,1,447
MOD002521,IP,2,268
MOD002522,input,1,366
MOD002522,input,2,479
MOD002522,IP,1,488
MOD002522,IP,2,484
MOD002523,input,1,503
MOD002523,input,2,374
MOD002523,IP,1,745
MOD002523,IP,2,938
MOD002524,input,1,274
MOD002524,input,2,307
MOD002524,IP,1,402
MOD002524,IP,2,260
MOD002525,input,1,836
MOD002525,input,2,647
MOD002525,IP,1,2413
MOD002525,IP,2,1952
MOD002526,input,1,910
MOD002526,input,2,619
MOD002526,IP,1,1065
MOD002526,IP,2,1169
MOD002527,input,1,857
MOD002527,input,2,819
MOD002527,IP,1,1732
MOD002527,IP,2,2522
MOD002528,input,1,321
MOD002528,input,2,339
MOD002528,IP,1,387
MOD002528,IP,2,399
MOD002529,input,1,861
MOD002529,input,2,634
MOD002529,IP,1,1313
MOD002529,IP,2,1290
MOD002530,input,1,1209
MOD002530,input,2,883
MOD002530,IP,1,2339
MOD002530,IP,2,2749
MOD002531,input,1,1400
MOD002531,input,2,1434
MOD002531,IP,1,2595
MOD002531,IP,2,3496
MOD002532,input,1,493
MOD002532,input,2,599
MOD002532,IP,1,1099
MOD002532,IP,2,1487
MOD002533,input,1,330
MOD002533,input,2,382
MOD002533,IP,1,459
MOD002533,IP,2,594
MOD002534,input,1,275
MOD002534,input,2,257
MOD002534,IP,1,364
MOD002534,IP,2,567
MOD002535,input,1,207
MOD002535,input,2,176
MOD002535,IP,1,331
MOD002535,IP,2,322
MOD002536,input,1,563
MOD002536,input,2,382
MOD002536,IP,1,933
MOD002536,IP,2,870
MOD002537,input,1,296
MOD002537,input,2,300
MOD002537,IP,1,1056
MOD002537,IP,2,944
MOD002538,input,1,698
MOD002538,input,2,519
MOD002538,IP,1,908
MOD002538,IP,2,1046
MOD002539,input,1,474
MOD002539,input,2,413
MOD002539,IP,1,743
MOD002539,IP,2,979
MOD002540,input,1,256
MOD002540,input,2,194
MOD002540,IP,1,719
MOD002540,IP,2,713
MOD002541,input,1,533
MOD002541,input,2,656
MOD002541,IP,1,617
MOD002541,IP,2,941
MOD002542,input,1,418
MOD002542,input,2,360
MOD002542,IP,1,964
MOD002542,IP,2,1169
MOD002543,input,1,567
MOD002543,input,2,696
MOD002543,IP,1,1097
MOD002543,IP,2,1155
MOD002544,input,1,819
MOD002544,input,2,748
MOD002544,IP,1,2111
MOD002544,IP,2,2274
MOD002545,input,1,457
MOD002545,input,2,336
MOD002545,IP,1,841
MOD002545,IP,2,606
MOD002546,input,1,305
MOD002546,input,2,250
MOD002546,IP,1,513
MOD002546,IP,2,524
MOD002547,input,1,494
MOD002547,input,2,463
MOD002547,IP,1,1434
MOD002547,IP,2,1849
MOD002548,input,1,711
MOD002548,input,2,798
MOD002548,IP,1,1921
MOD002548,IP,2,1895
MOD002549,input,1,611
MOD002549,input,2,595
MOD002549,IP,1,1298
MOD002549,IP,2,1715
MOD002550,input,1,1247
MOD002550,input,2,1000
MOD002550,IP,1,2043
MOD002550,IP,2,3277
MOD002551,input,1,430
MOD002551,input,2,435
MOD002551,IP,1,984
MOD002551,IP,2,821
MOD002552,input,1,460
MOD002552,input,2,611
MOD002552,IP,1,925
MOD002552,IP,2,727
MOD002553,input,1,322
MOD002553,input,2,410
MOD002553,IP,1,744
MOD002553,IP,2,518
MOD002554,input,1,405
MOD002554,input,2,317
MOD002554,IP,1,492
MOD002554,IP,2,383
MOD002555,input,1,814
MOD002555,input,2,803
MOD002555,IP,1,1087
MOD002555,IP,2,1528
MOD002556,input,1,488
MOD002556,input,2,414
MOD002556,IP,1,717
MOD002556,IP,2,763
MOD002557,input,1,262
MOD002557,input,2,274
MOD002557,IP,1,340
MOD002557,IP,2,415
MOD002558,input,1,712
MOD002558,input,2,854
MOD002558,IP,1,1217
MOD002558,IP,2,1607
MOD002559,input,1,241
MOD002559,input,2,261
MOD002559,IP,1,812
MOD002559,IP,2,1021
MOD002560,input,1,667
MOD002560,input,2,775
MOD002560,IP,1,901
MOD002560,IP,2,1236
MOD002561,input,1,448
MOD002561,input,2,419
MOD002561,IP,1,782
MOD002561,IP,2,850
MOD002562,input,1,476
MOD002562,input,2,582
MOD002562,IP,1,685
MOD002562,IP,2,773
MOD002563,input,1,665
MOD002563,input,2,524
MOD002563,IP,1,891
MOD002563,IP,2,666
MOD002564,input,1,497
MOD002564,input,2,405
MOD002564,IP,1,1537
MOD002564,IP,2,1230
MOD002565,input,1,754
MOD002565,input,2,663
MOD002565,IP,1,1754
MOD002565,IP,2,1581
MOD002566,input,1,512
MOD002566,input,2,587
MOD002566,IP,1,1215
MOD002566,IP,2,1189
MOD002567,input,1,982
MOD002567,input,2,899
MOD002567,IP,1,1015
MOD002567,IP,2,1304
MOD002568,input,1,578
MOD002568,input,2,721
MOD002568,IP,1,2105
MOD002568,IP,2,2262
MOD002569,input,1,274
MOD002569,input,2,300
MOD002569,IP,1,857
MOD002569,IP,2,983
MOD002570,input,1,331
MOD002570,input,2,300
MOD002570,IP,1,726
MOD002570,IP,2,644
MOD002571,input,1,449
MOD002571,input,2,531
MOD002571,IP,1,776
MOD002571,IP,2,634
MOD002572,input,1,242
MOD002572,input,2,256
MOD002572,IP,1,651
MOD002572,IP,2,498
MOD002573,input,1,383
MOD002573,input,2,428
MOD002573,IP,1,519
MOD002573,IP,2,442
MOD002574,input,1,485
MOD002574,input,2,531
MOD002574,IP,1,1235
MOD002574,IP,2,1541
MOD002575,input,1,370
MOD002575,input,2,408
MOD002575,IP,1,1382
MOD002575,IP,2,1350
MOD002576,input,1,332
MOD002576,input,2,356
MOD002576,IP,1,812
MOD002576,IP,2,775
MOD002577,input,1,814
MOD002577,input,2,684
MOD002577,IP,1,2378
MOD002577,IP,2,1704
MOD002578,input,1,431
MOD002578,input,2,322
MOD002578,IP,1,777
MOD002578,IP,2,605
MOD002579,input,1,429
MOD002579,input,2,446
MOD002579,IP,1,792
MOD002579,IP,2,673
MOD002580,input,1,540
MOD002580,input,2,470
MOD002580,IP,1,957
MOD002580,IP,2,1013
MOD002581,input,1,493
MOD002581,input,2,456
MOD002581,IP,1,586
MOD002581,IP,2,709
MOD002582,input,1,365
MOD002582,input,2,326
MOD002582,IP,1,670
MOD002582,IP,2,592
MOD002583,input,1,461
MOD002583,input,2,504
MOD002583,IP,1,1040
MOD002583,IP,2,828
MOD002584,input,1,790
MOD002584,input,2,641
MOD002584,IP,1,1596
MOD002584,IP,2,1992
MOD002585,input,1,519
MOD002585,input,2,473
MOD002585,IP,1,1063
MOD002585,IP,2,1072
MOD002586,input,1,464
MOD002586,input,2,376
MOD002586,IP,1,465
MOD002586,IP,2,602
MOD002587,input,1,231
MOD002587,input,2,221
MOD002587,IP,1,329
MOD002587,IP,2,367
MOD002588,input,1,626
MOD002588,input,2,774
MOD002588,IP,1,1329
MOD002588,IP,2,1132
MOD002589,input,1,269
MOD002589,input,2,253
MOD002589,IP,1,324
MOD002589,IP,2,363
MOD002590,input,1,708
MOD002590,input,2,709
MOD002590,IP,1,1298
MOD002590,IP,2,1267
MOD002591,input,1,273
MOD002591,input,2,311
MOD002591,IP,1,523
MOD002591,IP,2,567
MOD002592,input,1,227
MOD002592,input,2,268
MOD002592,IP,1,476
MOD002592,IP,2,715
MOD002593,input,1,418
MOD002593,input,2,300
MOD002593,IP,1,810
MOD002593,IP,2,713
MOD002594,input,1,610
MOD002594,input,2,527
MOD002594,IP,1,1273
MOD002594,IP,2,1251
MOD002595,input,1,316
MOD002595,input,2,346
MOD002595,IP,1,627
MOD002595,IP,2,747
MOD002596,input,1,360
MOD002596,input,2,395
MOD002596,IP,1,600
MOD002596,IP,2,434
MOD002597,input,1,242
MOD002597,input,2,269
MOD002597,IP,1,699
MOD002597,IP,2,885
MOD002598,input,1,883
MOD002598,input,2,997
MOD002598,IP,1,1596
MOD002598,IP,2,1107
MOD002599,input,1,124
MOD002599,input,2,129
MOD002599,IP,1,240
MOD002599,IP,2,174
MOD002600,input,1,343
MOD002600,input,2,331
MOD002600,IP,1,968
MOD002600,IP,2,793
MOD002601,input,1,467
MOD002601,input,2,508
MOD002601,IP,1,881
MOD002601,IP,2,1025
MOD002602,input,1,863
MOD002602,input,2,941
MOD002602,IP,1,1690
MOD002602,IP,2,1938
MOD002603,input,1,693
MOD002603,input,2,527
MOD002603,IP,1,913
MOD002603,IP,2,770
MOD002604,input,1,768
MOD002604,input,2,826
MOD002604,IP,1,1936
MOD002604,IP,2,2199
MOD002605,input,1,456
MOD002605,input,2,445
MOD002605,IP,1,710
MOD002605,IP,2,836
MOD002606,input,1,806
MOD002606,input,2,671
MOD002606,IP,1,1197
MOD002606,IP,2,1558
MOD002607,input,1,421
MOD002607,input,2,509
MOD002607,IP,1,1133
MOD002607,IP,2,1208
MOD002608,input,1,436
MOD002608,input,2,459
MOD002608,IP,1,761
MOD002608,IP,2,936
MOD002609,input,1,1157
MOD002609,input,2,937
MOD002609,IP,1,2983
MOD002609,IP,2,4002
MOD002610,input,1,547
MOD002610,input,2,547
MOD002610,IP,1,1263
MOD002610,IP,2,998
MOD002611,input,1,812
MOD002611,input,2,694
MOD002611,IP,1,1399
MOD002611,IP,2,1334
MOD002612,input,1,200
MOD002612,input,2,229
MOD002612,IP,1,309
MOD002612,IP,2,354
MOD002613,input,1,289
MOD002613,input,2,316
MOD002613,IP,1,1190
MOD002613,IP,2,776
MOD002614,input,1,614
MOD002614,input,2,469
MOD002614,IP,1,735
MOD002614,IP,2,955
MOD002615,input,1,553
MOD002615,input,2,530
MOD002615,IP,1,1258
MOD002615,IP,2,1197
MOD002616,input,1,876
MOD002616,input,2,964
MOD002616,IP,1,3199
MOD002616,IP,2,2177
MOD002617,input,1,532
MOD002617,input,2,628
MOD002617,IP,1,1000
MOD002617,IP,2,1020
MOD002618,input,1,1172
MOD002618,input,2,1048
MOD002618,IP,1,1666
MOD002618,IP,2,1257
MOD002619,input,1,400
MOD002619,input,2,398
MOD002619,IP,1,667
MOD002619,IP,2,1063
MOD002620,input,1,370
MOD002620,input,2,304
MOD002620,IP,1,613
MOD002620,IP,2,794
MOD002621,input,1,501
MOD002621,input,2,536
MOD002621,IP,1,681
MOD002621,IP,2,689
MOD002622,input,1,237
MOD002622,input,2,269
MOD002622,IP,1,539
MOD002622,IP,2,700
MOD002623,input,1,366
MOD002623,input,2,323
MOD002623,IP,1,457
MOD002623,IP,2,338
MOD002624,input,1,529
MOD002624,input,2,722
MOD002624,IP,1,644
MOD002624,IP,2,961
MOD002625,input,1,210
MOD002625,input,2,243
MOD002625,IP,1,466
MOD002625,IP,2,498
MOD002626,input,1,310
MOD002626,input,2,399
MOD002626,IP,1,884
MOD002626,IP,2,734
MOD002627,input,1,1059
MOD002627,input,2,761
MOD002627,IP,1,2436
MOD002627,IP,2,1510
MOD002628,input,1,795
MOD002628,input,2,726
MOD002628,IP,1,2601
MOD002628,IP,2,2128
MOD002629,input,1,375
MOD002629,input,2,392
MOD002629,IP,1,550
MOD002629,IP,2,458
MOD002630,input,1,742
MOD002630,input,2,731
MOD002630,IP,1,1568
MOD002630,IP,2,1070
MOD002631,input,1,489
MOD002631,input,2,393
MOD002631,IP,1,499
MOD002631,IP,2,617
MOD002632,input,1,1063
MOD002632,input,2,1168
MOD002632,IP,1,898
MOD002632,IP,2,1449
MOD002633,input,1,560
MOD002633,input,2,587
MOD002633,IP,1,1844
MOD002633,IP,2,1773
MOD002634,input,1,912
MOD002634,input,2,916
MOD002634,IP,1,852
MOD002634,IP,2,967
MOD002635,input,1,353
MOD002635,input,2,367
MOD002635,IP,1,1193
MOD002635,IP,2,1268
MOD002636,input,1,275
MOD002636,input,2,275
MOD002636,IP,1,469
MOD002636,IP,2,626
MOD002637,input,1,801
MOD002637,input,2,711
MOD002637,IP,1,1077
MOD002637,IP,2,1093
MOD002638,input,1,839
MOD002638,input,2,754
MOD002638,IP,1,1833
MOD002638,IP,2,1420
MOD002639,input,1,718
MOD002639,input,2,654
MOD002639,IP,1,1701
MOD002639,IP,2,2243
MOD002640,input,1,454
MOD002640,input,2,499
MOD002640,IP,1,1116
MOD002640,IP,2,1311
MOD002641,input,1,850
MOD002641,input,2,708
MOD002641,IP,1,1456
MOD002641,IP,2,1623
MOD002642,input,1,420
MOD002642,input,2,554
MOD002642,IP,1,1327
MOD002642,IP,2,1434
MOD002643,input,1,525
MOD002643,input,2,453
MOD002643,IP,1,953
MOD002643,IP,2,1075
MOD002644,input,1,258
MOD002644,input,2,352
MOD002644,IP,1,839
MOD002644,IP,2,802
MOD002645,input,1,501
MOD002645,input,2,561
MOD002645,IP,1,1330
MOD002645,IP,2,1607
MOD002646,input,1,600
MOD002646,input,2,631
MOD002646,IP,1,795
MOD002646,IP,2,725
MOD002647,input,1,282
MOD002647,input,2,360
MOD002647,IP,1,567
MOD002647,IP,2,413
MOD002648,input,1,346
MOD002648,input,2,337
MOD002648,IP,1,1060
MOD002648,IP,2,904
MOD002649,input,1,532
MOD002649,input,2,509
MOD002649,IP,1,705
MOD002649,IP,2,918
MOD002650,input,1,410
MOD002650,input,2,517
MOD002650,IP,1,1512
MOD002650,IP,2,1425
MOD002651,input,1,614
MOD002651,input,2,616
MOD002651,IP,1,1661
MOD002651,IP,2,1505
MOD002652,input,1,681
MOD002652,input,2,574
MOD002652,IP,1,1071
MOD002652,IP,2,1057
MOD002653,input,1,312
MOD002653,input,2,319
MOD002653,IP,1,610
MOD002653,IP,2,689
MOD002654,input,1,229
MOD002654,input,2,255
MOD002654,IP,1,438
MOD002654,IP,2,413
MOD002655,input,1,466
MOD002655,input,2,490
MOD002655,IP,1,539
MOD002655,IP,2,566
MOD002656,input,1,756
MOD002656,input,2,679
MOD002656,IP,1,1183
MOD002656,IP,2,1346
MOD002657,input,1,231
MOD002657,input,2,241
MOD002657,IP,1,453
MOD002657,IP,2,446
MOD002658,input,1,588
MOD002658,input,2,762
MOD002658,IP,1,2515
MOD002658,IP,2,2239
MOD002659,input,1,393
MOD002659,input,2,304
MOD002659,IP,1,1573
MOD002659,IP,2,990
MOD002660,input,1,686
MOD002660,input,2,758
MOD002660,IP,1,2110
MOD002660,IP,2,2425
MOD002661,input,1,491
MOD002661,input,2,574
MOD002661,IP,1,1946
MOD002661,IP,2,1629
MOD002662,input,1,402
MOD002662,input,2,457
MOD002662,IP,1,1242
MOD002662,IP,2,928
MOD002663,input,1,672
MOD002663,input,2,623
MOD002663,IP,1,1342
MOD002663,IP,2,2124
MOD002664,input,1,317
MOD002664,input,2,306
MOD002664,IP,1,348
MOD002664,IP,2,333
MOD002665,input,1,834
MOD002665,input,2,920
MOD002665,IP,1,1536
MOD002665,IP,2,1144
MOD002666,input,1,796
MOD002666,input,2,682
MOD002666,IP,1,908
MOD002666,IP,2,881
MOD002667,input,1,738
MOD002667,input,2,794
MOD002667,IP,1,1143
MOD002667,IP,2,1148
MOD002668,input,1,384
MOD002668,input,2,499
MOD002668,IP,1,1775
MOD002668,IP,2,1274
MOD002669,input,1,584
MOD002669,input,2,601
MOD002669,IP,1,992
MOD002669,IP,2,1125
MOD002670,input,1,526
MOD002670,input,2,480
MOD002670,IP,1,1183
MOD002670,IP,2,1188
MOD002671,input,1,303
MOD002671,input,2,302
MOD002671,IP,1,717
MOD002671,IP,2,807
MOD002672,input,1,816
MOD002672,input,2,629
MOD002672,IP,1,2127
MOD002672,IP,2,1892
MOD002673,input,1,659
MOD002673,input,2,633
MOD002673,IP,1,1133
MOD002673,IP,2,1174
MOD002674,input,1,207
MOD002674,input,2,271
MOD002674,IP,1,474
MOD002674,IP,2,503
MOD002675,input,1,738
MOD002675,input,2,590
MOD002675,IP,1,649
MOD002675,IP,2,697
MOD002676,input,1,337
MOD002676,input,2,312
MOD002676,IP,1,404
MOD002676,IP,2,657
MOD002677,input,1,541
MOD002677,input,2,490
MOD002677,IP,1,614
MOD002677,IP,2,740
MOD002678,input,1,445
MOD002678,input,2,408
MOD002678,IP,1,1321
MOD002678,IP,2,975
MOD002679,input,1,491
MOD002679,input,2,485
MOD002679,IP,1,1149
MOD002679,IP,2,945
MOD002680,input,1,312
MOD002680,input,2,332
MOD002680,IP,1,575
MOD002680,IP,2,543
MOD002681,input,1,607
MOD002681,input,2,663
MOD002681,IP,1,1240
MOD002681,IP,2,1671
MOD002682,input,1,806
MOD002682,input,2,703
MOD002682,IP,1,1347
MOD002682,IP,2,1108
MOD002683,input,1,1191
MOD002683,input,2,1170
MOD002683,IP,1,2015
MOD002683,IP,2,2828
MOD002684,input,1,209
MOD002684,input,2,185
MOD002684,IP,1,261
MOD002684,IP,2,389
MOD002685,input,1,990
MOD002685,input,2,907
MOD002685,IP,1,1237
MOD002685,IP,2,1204
MOD002686,input,1,978
MOD002686,input,2,1078
MOD002686,IP,1,1486
MOD002686,IP,2,1918
MOD002687,input,1,287
MOD002687,input,2,295
MOD002687,IP,1,764
MOD002687,IP,2,921
MOD002688,input,1,394
MOD002688,input,2,307
MOD002688,IP,1,1638
MOD002688,IP,2,1129
MOD002689,input,1,266
MOD002689,input,2,206
MOD002689,IP,1,254
MOD002689,IP,2,272
MOD002690,input,1,415
MOD002690,input,2,308
MOD002690,IP,1,772
MOD002690,IP,2,627
MOD002691,input,1,303
MOD002691,input,2,319
MOD002691,IP,1,1128
MOD002691,IP,2,744
MOD002692,input,1,270
MOD002692,input,2,225
MOD002692,IP,1,513
MOD002692,IP,2,313
MOD002693,input,1,610
MOD002693,input,2,516
MOD002693,IP,1,977
MOD002693,IP,2,1231
MOD002694,input,1,238
MOD002694,input,2,265
MOD002694,IP,1,570
MOD002694,IP,2,532
MOD002695,input,1,161
MOD002695,input,2,207
MOD002695,IP,1,352
MOD002695,IP,2,332
MOD002696,input,1,161
MOD002696,input,2,114
MOD002696,IP,1,450
MOD002696,IP,2,418
MOD002697,input,1,399
MOD002697,input,2,449
MOD002697,IP,1,604
MOD002697,IP,2,890
MOD002698,input,1,1013
MOD002698,input,2,943
MOD002698,IP,1,2725
MOD002698,IP,2,2928
MOD002699,input,1,237
MOD002699,input,2,249
MOD002699,IP,1,758
MOD002699,IP,2,643
MOD002700,input,1,340
MOD002700,input,2,283
MOD002700,IP,1,544
MOD002700,IP,2,362
MOD002701,input,1,436
MOD002701,input,2,482
MOD002701,IP,1,1152
MOD002701,IP,2,768
MOD002702,input,1,466
MOD002702,input,2,584
MOD002702,IP,1,1040
MOD002702,IP,2,941
MOD002703,input,1,346
MOD002703,input,2,291
MOD002703,IP,1,378
MOD002703,IP,2,411
MOD002704,input,1,373
MOD002704,input,2,415
MOD002704,IP,1,798
MOD002704,IP,2,799
MOD002705,input,1,599
MOD002705,input,2,580
MOD002705,IP,1,1490
MOD002705,IP,2,1494
MOD002706,input,1,337
MOD002706,input,2,297
MOD002706,IP,1,583
MOD002706,IP,2,546
MOD002707,input,1,273
MOD002707,input,2,231
MOD002707,IP,1,343
MOD002707,IP,2,479
MOD002708,input,1,966
MOD002708,input,2,784
MOD002708,IP,1,1647
MOD002708,IP,2,1316
MOD002709,input,1,913
MOD002709,input,2,745
MOD002709,IP,1,2507
MOD002709,IP,2,1778
MOD002710,input,1,147
MOD002710,input,2,173
MOD002710,IP,1,211
MOD002710,IP,2,323
MOD002711,input,1,341
MOD002711,input,2,328
MOD002711,IP,1,424
MOD002711,IP,2,465
MOD002712,input,1,557
MOD002712,input,2,620
MOD002712,IP,1,1117
MOD002712,IP,2,981
MOD002713,input,1,493
MOD002713,input,2,578
MOD002713,IP,1,1207
MOD002713,IP,2,704
MOD002714,input,1,260
MOD002714,input,2,193
MOD002714,IP,1,340
MOD002714,IP,2,419
MOD002715,input,1,497
MOD002715,input,2,450
MOD002715,IP,1,691
MOD002715,IP,2,598
MOD002716,input,1,1017
MOD002716,input,2,925
MOD002716,IP,1,1334
MOD002716,IP,2,1931
MOD002717,input,1,463
MOD002717,input,2,426
MOD002717,IP,1,723
MOD002717,IP,2,453
MOD002718,input,1,395
MOD002718,input,2,524
MOD002718,IP,1,652
MOD002718,IP,2,722
MOD002719,input,1,111
MOD002719,input,2,131
MOD002719,IP,1,214
MOD002719,IP,2,232
MOD002720,input,1,238
MOD002720,input,2,295
MOD002720,IP,1,408
MOD002720,IP,2,416
MOD002721,input,1,396
MOD002721,input,2,408
MOD002721,IP,1,653
MOD002721,IP,2,820
MOD002722,input,1,527
MOD002722,input,2,504
MOD002722,IP,1,1536
MOD002722,IP,2,1633
MOD002723,input,1,963
MOD002723,input,2,932
MOD002723,IP,1,1742
MOD002723,IP,2,2291
MOD002724,input,1,605
MOD002724,input,2,644
MOD002724,IP,1,1240
MOD002724,IP,2,961
MOD002725,input,1,564
MOD002725,input,2,412
MOD002725,IP,1,1158
MOD002725,IP,2,816
MOD002726,input,1,783
MOD002726,input,2,588
MOD002726,IP,1,658
MOD002726,IP,2,941
MOD002727,input,1,881
MOD002727,input,2,910
MOD002727,IP,1,1674
MOD002727,IP,2,2207
MOD002728,input,1,128
MOD002728,input,2,117
MOD002728,IP,1,381
MOD002728,IP,2,232
MOD002729,input,1,593
MOD002729,input,2,757
MOD002729,IP,1,1640
MOD002729,IP,2,1627
MOD002730,input,1,534
MOD002730,input,2,592
MOD002730,IP,1,1200
MOD002730,IP,2,993
MOD002731,input,1,203
MOD002731,input,2,260
MOD002731,IP,1,372
MOD002731,IP,2,379
MOD002732,input,1,419
MOD002732,input,2,450
MOD002732,IP,1,1533
MOD002732,IP,2,1101
MOD002733,input,1,738
MOD002733,input,2,565
MOD002733,IP,1,1101
MOD002733,IP,2,765
MOD002734,input,1,590
MOD002734,input,2,841
MOD002734,IP,1,1826
MOD002734,IP,2,1774
MOD002735,input,1,552
MOD002735,input,2,778
MOD002735,IP,1,1401
MOD002735,IP,2,784
MOD002736,input,1,845
MOD002736,input,2,842
MOD002736,IP,1,3665
MOD002736,IP,2,3583
MOD002737,input,1,597
MOD002737,input,2,567
MOD002737,IP,1,1577
MOD002737,IP,2,1251
MOD002738,input,1,489
MOD002738,input,2,631
MOD002738,IP,1,791
MOD002738,IP,2,949
MOD002739,input,1,250
MOD002739,input,2,277
MOD002739,IP,1,756
MOD002739,IP,2,1132
MOD002740,input,1,427
MOD002740,input,2,295
MOD002740,IP,1,572
MOD002740,IP,2,508
MOD002741,input,1,355
MOD002741,input,2,428
MOD002741,IP,1,628
MOD002741,IP,2,944
MOD002742,input,1,341
MOD002742,input,2,388
MOD002742,IP,1,935
MOD002742,IP,2,897
MOD002743,input,1,366
MOD002743,input,2,291
MOD002743,IP,1,1010
MOD002743,IP,2,1124
MOD002744,input,1,406
MOD002744,input,2,514
MOD002744,IP,1,1435
MOD002744,IP,2,1210
MOD002745,input,1,1082
MOD002745,input,2,1139
MOD002745,IP,1,2135
MOD002745,IP,2,1948
MOD002746,input,1,117
MOD002746,input,2,149
MOD002746,IP,1,208
MOD002746,IP,2,285
MOD002747,input,1,598
MOD002747,input,2,851
MOD002747,IP,1,1148
MOD002747,IP,2,1463
MOD002748,input,1,908
MOD002748,input,2,1257
MOD002748,IP,1,1472
MOD002748,IP,2,1188
MOD002749,input,1,426
MOD002749,input,2,347
MOD002749,IP,1,974
MOD002749,IP,2,800
MOD002750,input,1,300
MOD002750,input,2,283
MOD002750,IP,1,497
MOD002750,IP,2,340
MOD002751,input,1,237
MOD002751,input,2,224
MOD002751,IP,1,728
MOD002751,IP,2,658
MOD002752,input,1,556
MOD002752,input,2,502
MOD002752,IP,1,1218
MOD002752,IP,2,839
MOD002753,input,1,146
MOD002753,input,2,138
MOD002753,IP,1,208
MOD002753,IP,2,164
MOD002754,input,1,494
MOD002754,input,2,419
MOD002754,IP,1,848
MOD002754,IP,2,978
MOD002755,input,1,892
MOD002755,input,2,654
MOD002755,IP,1,2476
MOD002755,IP,2,1973
MOD002756,input,1,380
MOD002756,input,2,372
MOD002756,IP,1,647
MOD002756,IP,2,809
MOD002757,input,1,223
MOD002757,input,2,188
MOD002757,IP,1,788
MOD002757,IP,2,761
MOD002758,input,1,188
MOD002758,input,2,259
MOD002758,IP,1,469
MOD002758,IP,2,542
MOD002759,input,1,695
MOD002759,input,2,700
MOD002759,IP,1,1455
MOD002759,IP,2,1297
MOD002760,input,1,698
MOD002760,input,2,695
MOD002760,IP,1,1113
MOD002760,IP,2,1449
MOD002761,input,1,480
MOD002761,input,2,449
MOD002761,IP,1,467
MOD002761,IP,2,665
MOD002762,input,1,577
MOD002762,input,2,635
MOD002762,IP,1,881
MOD002762,IP,2,613
MOD002763,input,1,241
MOD002763,input,2,184
MOD002763,IP,1,400
MOD002763,IP,2,272
MOD002764,input,1,409
MOD002764,input,2,499
MOD002764,IP,1,1661
MOD002764,IP,2,1601
MOD002765,input,1,563
MOD002765,input,2,523
MOD002765,IP,1,1940
MOD002765,IP,2,1415
MOD002766,input,1,441
MOD002766,input,2,403
MOD002766,IP,1,566
MOD002766,IP,2,589
MOD002767,input,1,639
MOD002767,input,2,700
MOD002767,IP,1,903
MOD002767,IP,2,1005
MOD002768,input,1,523
MOD002768,input,2,512
MOD002768,IP,1,785
MOD002768,IP,2,780
MOD002769,input,1,223
MOD002769,input,2,205
MOD002769,IP,1,368
MOD002769,IP,2,501
MOD002770,input,1,502
MOD002770,input,2,421
MOD002770,IP,1,668
MOD002770,IP,2,923
MOD002771,input,1,624
MOD002771,input,2,660
MOD002771,IP,1,954
MOD002771,IP,2,1346
MOD002772,input,1,384
MOD002772,input,2,363
MOD002772,IP,1,761
MOD002772,IP,2,734
MOD002773,input,1,866
MOD002773,input,2,1090
MOD002773,IP,1,1782
MOD002773,IP,2,1572
MOD002774,input,1,251
MOD002774,input,2,210
MOD002774,IP,1,201
MOD002774,IP,2,333
MOD002775,input,1,499
MOD002775,input,2,502
MOD002775,IP,1,1018
MOD002775,IP,2,1265
MOD002776,input,1,583
MOD002776,input,2,674
MOD002776,IP,1,1864
MOD002776,IP,2,1578
MOD002777,input,1,402
MOD002777,input,2,550
MOD002777,IP,1,868
MOD002777,IP,2,616
MOD002778,input,1,866
MOD002778,input,2,898
MOD002778,IP,1,843
MOD002778,IP,2,1357
MOD002779,input,1,595
MOD002779,input,2,592
MOD002779,IP,1,1651
MOD002779,IP,2,1104
MOD002780,input,1,297
MOD002780,input,2,364
MOD002780,IP,1,819
MOD002780,IP,2,1160
MOD002781,input,1,365
MOD002781,input,2,392
MOD002781,IP,1,1072
MOD002781,IP,2,728
MOD002782,input,1,466
MOD002782,input,2,536
MOD002782,IP,1,938
MOD002782,IP,2,637
MOD002783,input,1,179
MOD002783,input,2,137
MOD002783,IP,1,149
MOD002783,IP,2,139
MOD002784,input,1,315
MOD002784,input,2,339
MOD002784,IP,1,930
MOD002784,IP,2,866
MOD002785,input,1,682
MOD002785,input,2,663
MOD002785,IP,1,2471
MOD002785,IP,2,2339
MOD002786,input,1,247
MOD002786,input,2,207
MOD002786,IP,1,612
MOD002786,IP,2,799
MOD002787,input,1,548
MOD002787,input,2,420
MOD002787,IP,1,1358
MOD002787,IP,2,945
MOD002788,input,1,372
MOD002788,input,2,380
MOD002788,IP,1,499
MOD002788,IP,2,528
MOD002789,input,1,231
MOD002789,input,2,237
MOD002789,IP,1,436
MOD002789,IP,2,415
MOD002790,input,1,301
MOD002790,input,2,425
MOD002790,IP,1,992
MOD002790,IP,2,660
MOD002791,input,1,576
MOD002791,input,2,506
MOD002791,IP,1,1318
MOD002791,IP,2,1162
MOD002792,input,1,718
MOD002792,input,2,932
MOD002792,IP,1,2479
MOD002792,IP,2,2623
MOD002793,input,1,315
MOD002793,input,2,440
MOD002793,IP,1,609
MOD002793,IP,2,500
MOD002794,input,1,579
MOD002794,input,2,678
MOD002794,IP,1,1346
MOD002794,IP,2,1504
MOD002795,input,1,860
MOD002795,input,2,759
MOD002795,IP,1,1369
MOD002795,IP,2,1933
MOD002796,input,1,483
MOD002796,input,2,615
MOD002796,IP,1,594
MOD002796,IP,2,502
MOD002797,input,1,678
MOD002797,input,2,636
MOD002797,IP,1,2307
MOD002797,IP,2,1691
MOD002798,input,1,955
MOD002798,input,2,828
MOD002798,IP,1,1845
MOD002798,IP,2,2537
MOD002799,input,1,325
MOD002799,input,2,374
MOD002799,IP,1,700
MOD002799,IP,2,567
MOD002800,input,1,320
MOD002800,input,2,272
MOD002800,IP,1,900
MOD002800,IP,2,766
MOD002801,input,1,274
MOD002801,input,2,329
MOD002801,IP,1,1034
MOD002801,IP,2,836
MOD002802,input,1,465
MOD002802,input,2,510
MOD002802,IP,1,940
MOD002802,IP,2,972
MOD002803,input,1,386
MOD002803,input,2,334
MOD002803,IP,1,1031
MOD002803,IP,2,796
MOD002804,input,1,380
MOD002804,input,2,409
MOD002804,IP,1,637
MOD002804,IP,2,856
MOD002805,input,1,454
MOD002805,input,2,436
MOD002805,IP,1,578
MOD002805,IP,2,797
MOD002806,input,1,183
MOD002806,input,2,213
MOD002806,IP,1,460
MOD002806,IP,2,637
MOD002807,input,1,496
MOD002807,input,2,411
MOD002807,IP,1,587
MOD002807,IP,2,838
MOD002808,input,1,646
MOD002808,input,2,736
MOD002808,IP,1,1964
MOD002808,IP,2,2077
MOD002809,input,1,1184
MOD002809,input,2,1309
MOD002809,IP,1,1214
MOD002809,IP,2,1826
MOD002810,input,1,382
MOD002810,input,2,435
MOD002810,IP,1,923
MOD002810,IP,2,1005
MOD002811,input,1,448
MOD002811,input,2,564
MOD002811,IP,1,1509
MOD002811,IP,2,1785
MOD002812,input,1,716
MOD002812,input,2,650
MOD002812,IP,1,1863
MOD002812,IP,2,2867
MOD002813,input,1,125
MOD002813,input,2,107
MOD002813,IP,1,337
MOD002813,IP,2,254
MOD002814,input,1,410
MOD002814,input,2,349
MOD002814,IP,1,526
MOD002814,IP,2,508
MOD002815,input,1,419
MOD002815,input,2,365
MOD002815,IP,1,1263
MOD002815,IP,2,1477
MOD002816,input,1,603
MOD002816,input,2,800
MOD002816,IP,1,1659
MOD002816,IP,2,2640
MOD002817,input,1,661
MOD002817,input,2,746
MOD002817,IP,1,965
MOD002817,IP,2,702
MOD002818,input,1,226
MOD002818,input,2,236
MOD002818,IP,1,431
MOD002818,IP,2,449
MOD002819,input,1,418
MOD002819,input,2,473
MOD002819,IP,1,1307
MOD002819,IP,2,1167
MOD002820,input,1,709
MOD002820,input,2,556
MOD002820,IP,1,796
MOD002820,IP,2,944
MOD002821,input,1,636
MOD002821,input,2,672
MOD002821,IP,1,1478
MOD002821,IP,2,1502
MOD002822,input,1,547
MOD002822,input,2,443
MOD002822,IP,1,1722
MOD002822,IP,2,1470
MOD002823,input,1,342
MOD002823,input,2,309
MOD002823,IP,1,439
MOD002823,IP,2,552
MOD002824,input,1,367
MOD002824,input,2,346
MOD002824,IP,1,725
MOD002824,IP,2,560
MOD002825,input,1,413
MOD002825,input,2,386
MOD002825,IP,1,1025
MOD002825,IP,2,1456
MOD002826,input,1,375
MOD002826,input,2,414
MOD002826,IP,1,940
MOD002826,IP,2,963
MOD002827,input,1,576
MOD002827,input,2,732
MOD002827,IP,1,1729
MOD002827,IP,2,1785
MOD002828,input,1,120
MOD002828,input,2,120
MOD002828,IP,1,261
MOD002828,IP,2,256
MOD002829,input,1,631
MOD002829,input,2,651
MOD002829,IP,1,943
MOD002829,IP,2,1012
MOD002830,input,1,438
MOD002830,input,2,331
MOD002830,IP,1,1022
MOD002830,IP,2,876
MOD002831,input,1,709
MOD002831,input,2,740
MOD002831,IP,1,1796
MOD002831,IP,2,1242
MOD002832,input,1,1226
MOD002832,input,2,1153
MOD002832,IP,1,3355
MOD002832,IP,2,3165
MOD002833,input,1,746
MOD002833,input,2,976
MOD002833,IP,1,1357
MOD002833,IP,2,1083
MOD002834,input,1,240
MOD002834,input,2,276
MOD002834,IP,1,459
MOD002834,IP,2,772
MOD002835,input,1,601
MOD002835,input,2,552
MOD002835,IP,1,1296
MOD002835,IP,2,963
MOD002836,input,1,553
MOD002836,input,2,431
MOD002836,IP,1,1629
MOD002836,IP,2,1173
MOD002837,input,1,261
MOD002837,input,2,284
MOD002837,IP,1,701
MOD002837,IP,2,692
MOD002838,input,1,324
MOD002838,input,2,449
MOD002838,IP,1,738
MOD002838,IP,2,844
MOD002839,input,1,506
MOD002839,input,2,437
MOD002839,IP,1,1099
MOD002839,IP,2,960
MOD002840,input,1,589
MOD002840,input,2,659
MOD002840,IP,1,1495
MOD002840,IP,2,1556
MOD002841,input,1,656
MOD002841,input,2,620
MOD002841,IP,1,839
MOD002841,IP,2,985
MOD002842,input,1,550
MOD002842,input,2,476
MOD002842,IP,1,1606
MOD002842,IP,2,1564
MOD002843,input,1,212
MOD002843,input,2,265
MOD002843,IP,1,694
MOD002843,IP,2,596
MOD002844,input,1,350
MOD002844,input,2,389
MOD002844,IP,1,873
MOD002844,IP,2,889
MOD002845,input,1,386
MOD002845,input,2,565
MOD002845,IP,1,931
MOD002845,IP,2,844
MOD002846,input,1,272
MOD002846,input,2,318
MOD002846,IP,1,551
MOD002846,IP,2,663
MOD002847,input,1,384
MOD002847,input,2,438
MOD002847,IP,1,539
MOD002847,IP,2,788
MOD002848,input,1,959
MOD002848,input,2,938
MOD002848,IP,1,1669
MOD002848,IP,2,1888
MOD002849,input,1,759
MOD002849,input,2,895
MOD002849,IP,1,940
MOD002849,IP,2,784
MOD002850,input,1,320
MOD002850,input,2,237
MOD002850,IP,1,363
MOD002850,IP,2,412
MOD002851,input,1,666
MOD002851,input,2,544
MOD002851,IP,1,866
MOD002851,IP,2,934
MOD002852,input,1,543
MOD002852,input,2,618
MOD002852,IP,1,1473
MOD002852,IP,2,1130
MOD002853,input,1,1112
MOD002853,input,2,904
MOD002853,IP,1,2733
MOD002853,IP,2,3244
MOD002854,input,1,485
MOD002854,input,2,439
MOD002854,IP,1,502
MOD002854,IP,2,598
MOD002855,input,1,474
MOD002855,input,2,509
MOD002855,IP,1,1747
MOD002855,IP,2,2174
MOD002856,input,1,404
MOD002856,input,2,372
MOD002856,IP,1,1215
MOD002856,IP,2,855
MOD002857,input,1,616
MOD002857,input,2,582
MOD002857,IP,1,1696
MOD002857,IP,2,1493
MOD002858,input,1,704
MOD002858,input,2,689
MOD002858,IP,1,1550
MOD002858,IP,2,1408
MOD002859,input,1,451
MOD002859,input,2,339
MOD002859,IP,1,827
MOD002859,IP,2,1130
MOD002860,input,1,416
MOD002860,input,2,430
MOD002860,IP,1,504
MOD002860,IP,2,565
MOD002861,input,1,509
MOD002861,input,2,570
MOD002861,IP,1,1405
MOD002861,IP,2,1239
MOD002862,input,1,764
MOD002862,input,2,617
MOD002862,IP,1,2288
MOD002862,IP,2,2017
MOD002863,input,1,356
MOD002863,input,2,363
MOD002863,IP,1,854
MOD002863,IP,2,622
MOD002864,input,1,461
MOD002864,input,2,423
MOD002864,IP,1,1037
MOD002864,IP,2,913
MOD002865,input,1,760
MOD002865,input,2,851
MOD002865,IP,1,2669
MOD002865,IP,2,1858
MOD002866,input,1,912
MOD002866,input,2,661
MOD002866,IP,1,1243
MOD002866,IP,2,881
MOD002867,input,1,671
MOD002867,input,2,738
MOD002867,IP,1,766
MOD002867,IP,2,703
MOD002868,input,1,277
MOD002868,input,2,256
MOD002868,IP,1,896
MOD002868,IP,2,963
MOD002869,input,1,754
MOD002869,input,2,730
MOD002869,IP,1,1468
MOD002869,IP,2,1267
MOD002870,input,1,215
MOD002870,input,2,199
MOD002870,IP,1,526
MOD002870,IP,2,494
MOD002871,input,1,517
MOD002871,input,2,687
MOD002871,IP,1,2201
MOD002871,IP,2,1259
MOD002872,input,1,550
MOD002872,input,2,490
MOD002872,IP,1,722
MOD002872,IP,2,603
MOD002873,input,1,480
MOD002873,input,2,464
MOD002873,IP,1,1418
MOD002873,IP,2,940
MOD002874,input,1,497
MOD002874,input,2,496
MOD002874,IP,1,738
MOD002874,IP,2,638
MOD002875,input,1,260
MOD002875,input,2,202
MOD002875,IP,1,990
MOD002875,IP,2,829
MOD002876,input,1,311
MOD002876,input,2,325
MOD002876,IP,1,962
MOD002876,IP,2,637
MOD002877,input,1,617
MOD002877,input,2,629
MOD002877,IP,1,1800
MOD002877,IP,2,1808
MOD002878,input,1,273
MOD002878,input,2,260
MOD002878,IP,1,666
MOD002878,IP,2,506
MOD002879,input,1,368
MOD002879,input,2,405
MOD002879,IP,1,792
MOD002879,IP,2,571
MOD002880,input,1,629
MOD002880,input,2,711
MOD002880,IP,1,1393
MOD002880,IP,2,1076
MOD002881,input,1,439
MOD002881,input,2,415
MOD002881,IP,1,618
MOD002881,IP,2,684
MOD002882,input,1,743
MOD002882,input,2,713
MOD002882,IP,1,1102
MOD002882,IP,2,1405
MOD002883,input,1,538
MOD002883,input,2,732
MOD002883,IP,1,990
MOD002883,IP,2,1173
MOD002884,input,1,449
MOD002884,input,2,452
MOD002884,IP,1,1071
MOD002884,IP,2,813
MOD002885,input,1,692
MOD002885,input,2,541
MOD002885,IP,1,1345
MOD002885,IP,2,1610
MOD002886,input,1,392
MOD002886,input,2,350
MOD002886,IP,1,888
MOD002886,IP,2,1268
MOD002887,input,1,487
MOD002887,input,2,415
MOD002887,IP,1,1314
MOD002887,IP,2,852
MOD002888,input,1,446
MOD002888,input,2,453
MOD002888,IP,1,1105
MOD002888,IP,2,1367
MOD002889,input,1,544
MOD002889,input,2,558
MOD002889,IP,1,723
MOD002889,IP,2,894
MOD002890,input,1,648
MOD002890,input,2,687
MOD002890,IP,1,1293
MOD002890,IP,2,1411
MOD002891,input,1,822
MOD002891,input,2,815
MOD002891,IP,1,2178
MOD002891,IP,2,1595
MOD002892,input,1,241
MOD002892,input,2,280
MOD002892,IP,1,310
MOD002892,IP,2,400
MOD002893,input,1,124
MOD002893,input,2,135
MOD002893,IP,1,344
MOD002893,IP,2,288
MOD002894,input,1,330
MOD002894,input,2,375
MOD002894,IP,1,1244
MOD002894,IP,2,1140
MOD002895,input,1,559
MOD002895,input,2,468
MOD002895,IP,1,1425
MOD002895,IP,2,1001
MOD002896,input,1,668
MOD002896,input,2,512
MOD002896,IP,1,1377
MOD002896,IP,2,966
MOD002897,input,1,170
MOD002897,input,2,144
MOD002897,IP,1,272
MOD002897,IP,2,249
MOD002898,input,1,700
MOD002898,input,2,871
MOD002898,IP,1,2927
MOD002898,IP,2,3259
MOD002899,input,1,154
MOD002899,input,2,136
MOD002899,IP,1,656
MOD002899,IP,2,605
MOD002900,input,1,220
MOD002900,input,2,176
MOD002900,IP,1,257
MOD002900,IP,2,351
MOD002901,input,1,389
MOD002901,input,2,418
MOD002901,IP,1,1059
MOD002901,IP,2,1061
MOD002902,input,1,700
MOD002902,input,2,554
MOD002902,IP,1,1654
MOD002902,IP,2,1483
MOD002903,input,1,576
MOD002903,input,2,488
MOD002903,IP,1,533
MOD002903,IP,2,743
MOD002904,input,1,1039
MOD002904,input,2,841
MOD002904,IP,1,3947
MOD002904,IP,2,2757
MOD002905,input,1,400
MOD002905,input,2,496
MOD002905,IP,1,829
MOD002905,IP,2,776
MOD002906,input,1,756
MOD002906,input,2,679
MOD002906,IP,1,1423
MOD002906,IP,2,1923
MOD002907,input,1,480
MOD002907,input,2,678
MOD002907,IP,1,1410
MOD002907,IP,2,1076
MOD002908,input,1,351
MOD002908,input,2,274
MOD002908,IP,1,457
MOD002908,IP,2,417
MOD002909,input,1,189
MOD002909,input,2,211
MOD002909,IP,1,230
MOD002909,IP,2,292
MOD002910,input,1,454
MOD002910,input,2,364
MOD002910,IP,1,561
MOD002910,IP,2,751
MOD002911,input,1,1052
MOD002911,input,2,1292
MOD002911,IP,1,2321
MOD002911,IP,2,3755
MOD002912,input,1,527
MOD002912,input,2,514
MOD002912,IP,1,1009
MOD002912,IP,2,811
MOD002913,input,1,852
MOD002913,input,2,931
MOD002913,IP,1,2380
MOD002913,IP,2,2641
MOD002914,input,1,727
MOD002914,input,2,889
MOD002914,IP,1,3079
MOD002914,IP,2,1855
MOD002915,input,1,524
MOD002915,input,2,396
MOD002915,IP,1,886
MOD002915,IP,2,763
MOD002916,input,1,215
MOD002916,input,2,205
MOD002916,IP,1,335
MOD002916,IP,2,542
MOD002917,input,1,513
MOD002917,input,2,476
MOD002917,IP,1,1080
MOD002917,IP,2,892
MOD002918,input,1,526
MOD002918,input,2,498
MOD002918,IP,1,630
MOD002918,IP,2,548
MOD002919,input,1,290
MOD002919,input,2,238
MOD002919,IP,1,440
MOD002919,IP,2,370
MOD002920,input,1,603
MOD002920,input,2,555
MOD002920,IP,1,887
MOD002920,IP,2,849
MOD002921,input,1,289
MOD002921,input,2,308
MOD002921,IP,1,384
MOD002921,IP,2,480
MOD002922,input,1,378
MOD002922,input,2,353
MOD002922,IP,1,551
MOD002922,IP,2,869
MOD002923,input,1,329
MOD002923,input,2,479
MOD002923,IP,1,960
MOD002923,IP,2,828
MOD002924,input,1,284
MOD002924,input,2,307
MOD002924,IP,1,311
MOD002924,IP,2,276
MOD002925,input,1,234
MOD002925,input,2,223
MOD002925,IP,1,521
MOD002925,IP,2,458
MOD002926,input,1,451
MOD002926,input,2,485
MOD002926,IP,1,1143
MOD002926,IP,2,1072
MOD002927,input,1,577
MOD002927,input,2,595
MOD002927,IP,1,1152
MOD002927,IP,2,1869
MOD002928,input,1,170
MOD002928,input,2,179
MOD002928,IP,1,371
MOD002928,IP,2,355
MOD002929,input,1,382
MOD002929,input,2,433
MOD002929,IP,1,532
MOD002929,IP,2,501
MOD002930,input,1,426
MOD002930,input,2,558
MOD002930,IP,1,1289
MOD002930,IP,2,848
MOD002931,input,1,368
MOD002931,input,2,423
MOD002931,IP,1,835
MOD002931,IP,2,679
MOD002932,input,1,376
MOD002932,input,2,511
MOD002932,IP,1,1209
MOD002932,IP,2,1468
MOD002933,input,1,665
MOD002933,input,2,612
MOD002933,IP,1,1171
MOD002933,IP,2,841
MOD002934,input,1,798
MOD002934,input,2,803
MOD002934,IP,1,1830
MOD002934,IP,2,1415
MOD002935,input,1,323
MOD002935,input,2,298
MOD002935,IP,1,745
MOD002935,IP,2,512
MOD002936,input,1,231
MOD002936,input,2,260
MOD002936,IP,1,792
MOD002936,IP,2,949
MOD002937,input,1,579
MOD002937,input,2,652
MOD002937,IP,1,1227
MOD002937,IP,2,931
MOD002938,input,1,924
MOD002938,input,2,668
MOD002938,IP,1,1133
MOD002938,IP,2,931
MOD002939,input,1,289
MOD002939,input,2,317
MOD002939,IP,1,1029
MOD002939,IP,2,937
MOD002940,input,1,620
MOD002940,input,2,533
MOD002940,IP,1,1206
MOD002940,IP,2,849
MOD002941,input,1,444
MOD002941,input,2,318
MOD002941,IP,1,1037
MOD002941,IP,2,984
MOD002942,input,1,328
MOD002942,input,2,234
MOD002942,IP,1,459
MOD002942,IP,2,303
MOD002943,input,1,1016
MOD002943,input,2,763
MOD002943,IP,1,1301
MOD002943,IP,2,1673
MOD002944,input,1,1056
MOD002944,input,2,995
MOD002944,IP,1,2314
MOD002944,IP,2,3239
MOD002945,input,1,371
MOD002945,input,2,318
MOD002945,IP,1,292
MOD002945,IP,2,290
MOD002946,input,1,502
MOD002946,input,2,384
MOD002946,IP,1,1223
MOD002946,IP,2,1605
MOD002947,input,1,985
MOD002947,input,2,812
MOD002947,IP,1,1656
MOD002947,IP,2,1729
MOD002948,input,1,373
MOD002948,input,2,335
MOD002948,IP,1,793
MOD002948,IP,2,705
MOD002949,input,1,553
MOD002949,input,2,562
MOD002949,IP,1,1231
MOD002949,IP,2,1178
MOD002950,input,1,1002
MOD002950,input,2,806
MOD002950,IP,1,2156
MOD002950,IP,2,2273
MOD002951,input,1,310
MOD002951,input,2,366
MOD002951,IP,1,1046
MOD002951,IP,2,744
MOD002952,input,1,148
MOD002952,input,2,165
MOD002952,IP,1,435
MOD002952,IP,2,387
MOD002953,input,1,608
MOD002953,input,2,663
MOD002953,IP,1,1363
MOD002953,IP,2,1030
MOD002954,input,1,253
MOD002954,input,2,295
MOD002954,IP,1,914
MOD002954,IP,2,865
MOD002955,input,1,260
MOD002955,input,2,269
MOD002955,IP,1,413
MOD002955,IP,2,477
MOD002956,input,1,743
MOD002956,input,2,766
MOD002956,IP,1,1544
MOD002956,IP,2,2035
MOD002957,input,1,743
MOD002957,input,2,820
MOD002957,IP,1,1631
MOD002957,IP,2,1625
MOD002958,input,1,230
MOD002958,input,2,279
MOD002958,IP,1,492
MOD002958,IP,2,387
MOD002959,input,1,622
MOD002959,input,2,818
MOD002959,IP,1,1492
MOD002959,IP,2,1952
MOD002960,input,1,669
MOD002960,input,2,630
MOD002960,IP,1,989
MOD002960,IP,2,1514
MOD002961,input,1,498
MOD002961,input,2,396
MOD002961,IP,1,573
MOD002961,IP,2,468
MOD002962,input,1,412
MOD002962,input,2,456
MOD002962,IP,1,875
MOD002962,IP,2,894
MOD002963,input,1,389
MOD002963,input,2,340
MOD002963,IP,1,863
MOD002963,IP,2,679
MOD002964,input,1,708
MOD002964,input,2,774
MOD002964,IP,1,2003
MOD002964,IP,2,2568
MOD002965,input,1,475
MOD002965,input,2,597
MOD002965,IP,1,1434
MOD002965,IP,2,1225
MOD002966,input,1,466
MOD002966,input,2,460
MOD002966,IP,1,922
MOD002966,IP,2,1001
MOD002967,input,1,164
MOD002967,input,2,203
MOD002967,IP,1,400
MOD002967,IP,2,321
MOD002968,input,1,511
MOD002968,input,2,466
MOD002968,IP,1,866
MOD002968,IP,2,869
MOD002969,input,1,535
MOD002969,input,2,417
MOD002969,IP,1,972
MOD002969,IP,2,1277
MOD002970,input,1,340
MOD002970,input,2,407
MOD002970,IP,1,761
MOD002970,IP,2,949
MOD002971,input,1,843
MOD002971,input,2,741
MOD002971,IP,1,2998
MOD002971,IP,2,4009
MOD002972,input,1,803
MOD002972,input,2,753
MOD002972,IP,1,1992
MOD002972,IP,2,2581
MOD002973,input,1,509
MOD002973,input,2,577
MOD002973,IP,1,1574
MOD002973,IP,2,1885
MOD002974,input,1,152
MOD002974,input,2,134
MOD002974,IP,1,245
MOD002974,IP,2,271
MOD002975,input,1,368
MOD002975,input,2,474
MOD002975,IP,1,929
MOD002975,IP,2,811
MOD002976,input,1,505
MOD002976,input,2,394
MOD002976,IP,1,1451
MOD002976,IP,2,1548
MOD002977,input,1,688
MOD002977,input,2,800
MOD002977,IP,1,907
MOD002977,IP,2,1373
MOD002978,input,1,462
MOD002978,input,2,421
MOD002978,IP,1,808
MOD002978,IP,2,761
MOD002979,input,1,206
MOD002979,input,2,279
MOD002979,IP,1,328
MOD002979,IP,2,348
MOD002980,input,1,397
MOD002980,input,2,500
MOD002980,IP,1,1398
MOD002980,IP,2,1227
MOD002981,input,1,835
MOD002981,input,2,737
MOD002981,IP,1,1292
MOD002981,IP,2,1031
MOD002982,input,1,414
MOD002982,input,2,395
MOD002982,IP,1,926
MOD002982,IP,2,1403
MOD002983,input,1,634
MOD002983,input,2,706
MOD002983,IP,1,1177
MOD002983,IP,2,1291
MOD002984,input,1,283
MOD002984,input,2,246
MOD002984,IP,1,1022
MOD002984,IP,2,1162
MOD002985,input,1,189
MOD002985,input,2,196
MOD002985,IP,1,274
MOD002985,IP,2,315
MOD002986,input,1,151
MOD002986,input,2,154
MOD002986,IP,1,318
MOD002986,IP,2,254
MOD002987,input,1,242
MOD002987,input,2,246
MOD002987,IP,1,430
MOD002987,IP,2,483
MOD002988,input,1,618
MOD002988,input,2,646
MOD002988,IP,1,706
MOD002988,IP,2,855
MOD002989,input,1,682
MOD002989,input,2,557
MOD002989,IP,1,1575
MOD002989,IP,2,1424
MOD002990,input,1,449
MOD002990,input,2,471
MOD002990,IP,1,598
MOD002990,IP,2,630
MOD002991,input,1,316
MOD002991,input,2,302
MOD002991,IP,1,446
MOD002991,IP,2,499
MOD002992,input,1,337
MOD002992,input,2,363
MOD002992,IP,1,535
MOD002992,IP,2,522
MOD002993,input,1,432
MOD002993,input,2,399
MOD002993,IP,1,929
MOD002993,IP,2,900
MOD002994,input,1,357
MOD002994,input,2,432
MOD002994,IP,1,1413
MOD002994,IP,2,1251
MOD002995,input,1,281
MOD002995,input,2,209
MOD002995,IP,1,338
MOD002995,IP,2,371
MOD002996,input,1,1156
MOD002996,input,2,1087
MOD002996,IP,1,1722
MOD002996,IP,2,1203
MOD002997,input,1,154
MOD002997,input,2,147
MOD002997,IP,1,272
MOD002997,IP,2,328
MOD002998,input,1,425
MOD002998,input,2,433
MOD002998,IP,1,1029
MOD002998,IP,2,824
MOD002999,input,1,441
MOD002999,input,2,510
MOD002999,IP,1,2070
MOD002999,IP,2,1439
