organism,scenario,time_h,temperature_c,predicted_log_cfu_g
Salmonella,constant_5C,0.0,5.0,2.0
Salmonella,constant_5C,0.2,5.0,2.0
Salmonella,constant_5C,0.4,5.0,2.0
Salmonella,constant_5C,0.6000000000000001,5.0,2.0
Salmonella,constant_5C,0.8,5.0,2.0
Salmonella,constant_5C,1.0,5.0,2.0
Salmonella,constant_5C,1.2000000000000002,5.0,2.0
Salmonella,constant_5C,1.4000000000000001,5.0,2.0
Salmonella,constant_5C,1.6,5.0,2.0
Salmonella,constant_5C,1.8,5.0,2.0
Salmonella,constant_5C,2.0,5.0,2.0
Salmonella,constant_5C,2.2,5.0,2.0
Salmonella,constant_5C,2.4000000000000004,5.0,2.0
Salmonella,constant_5C,2.6,5.0,2.0
Salmonella,constant_5C,2.8000000000000003,5.0,2.0
Salmonella,constant_5C,3.0,5.0,2.0
Salmonella,constant_5C,3.2,5.0,2.0
Salmonella,constant_5C,3.4000000000000004,5.0,2.0
Salmonella,constant_5C,3.6,5.0,2.0
Salmonella,constant_5C,3.8000000000000003,5.0,2.0
Salmonella,constant_5C,4.0,5.0,2.0
Salmonella,constant_5C,4.2,5.0,2.0
Salmonella,constant_5C,4.4,5.0,2.0
Salmonella,constant_5C,4.6000000000000005,5.0,2.0
Salmonella,constant_5C,4.800000000000001,5.0,2.0
Salmonella,constant_5C,5.0,5.0,2.0
Salmonella,constant_5C,5.2,5.0,2.0
Salmonella,constant_5C,5.4,5.0,2.0
Salmonella,constant_5C,5.6000000000000005,5.0,2.0
Salmonella,constant_5C,5.800000000000001,5.0,2.0
Salmonella,constant_5C,6.0,5.0,2.0
Salmonella,constant_5C,6.2,5.0,2.0
Salmonella,constant_5C,6.4,5.0,2.0
Salmonella,constant_5C,6.6000000000000005,5.0,2.0
Salmonella,constant_5C,6.800000000000001,5.0,2.0
Salmonella,constant_5C,7.0,5.0,2.0
Salmonella,constant_5C,7.2,5.0,2.0
Salmonella,constant_5C,7.4,5.0,2.0
Salmonella,constant_5C,7.6000000000000005,5.0,2.0
Salmonella,constant_5C,7.800000000000001,5.0,2.0
Salmonella,constant_5C,8.0,5.0,2.0
Salmonella,constant_5C,8.200000000000001,5.0,2.0
Salmonella,constant_5C,8.4,5.0,2.0
Salmonella,constant_5C,8.6,5.0,2.0
Salmonella,constant_5C,8.8,5.0,2.0
Salmonella,constant_5C,9.0,5.0,2.0
Salmonella,constant_5C,9.200000000000001,5.0,2.0
Salmonella,constant_5C,9.4,5.0,2.0
Salmonella,constant_5C,9.600000000000001,5.0,2.0
Salmonella,constant_5C,9.8,5.0,2.0
Salmonella,constant_5C,10.0,5.0,2.0
Salmonella,constant_5C,10.200000000000001,5.0,2.0
Salmonella,constant_5C,10.4,5.0,2.0
Salmonella,constant_5C,10.600000000000001,5.0,2.0
Salmonella,constant_5C,10.8,5.0,2.0
Salmonella,constant_5C,11.0,5.0,2.0
Salmonella,constant_5C,11.200000000000001,5.0,2.0
Salmonella,constant_5C,11.4,5.0,2.0
Salmonella,constant_5C,11.600000000000001,5.0,2.0
Salmonella,constant_5C,11.8,5.0,2.0
Salmonella,constant_5C,12.0,5.0,2.0
Salmonella,constant_5C,12.200000000000001,5.0,2.0
Salmonella,constant_5C,12.4,5.0,2.0
Salmonella,constant_5C,12.600000000000001,5.0,2.0
Salmonella,constant_5C,12.8,5.0,2.0
Salmonella,constant_5C,13.0,5.0,2.0
Salmonella,constant_5C,13.200000000000001,5.0,2.0
Salmonella,constant_5C,13.4,5.0,2.0
Salmonella,constant_5C,13.600000000000001,5.0,2.0
Salmonella,constant_5C,13.8,5.0,2.0
Salmonella,constant_5C,14.0,5.0,2.0
Salmonella,constant_5C,14.200000000000001,5.0,2.0
Salmonella,constant_5C,14.4,5.0,2.0
Salmonella,constant_5C,14.600000000000001,5.0,2.0
Salmonella,constant_5C,14.8,5.0,2.0
Salmonella,constant_5C,15.0,5.0,2.0
Salmonella,constant_5C,15.200000000000001,5.0,2.0
Salmonella,constant_5C,15.4,5.0,2.0
Salmonella,constant_5C,15.600000000000001,5.0,2.0
Salmonella,constant_5C,15.8,5.0,2.0
Salmonella,constant_5C,16.0,5.0,2.0
Salmonella,constant_5C,16.2,5.0,2.0
Salmonella,constant_5C,16.400000000000002,5.0,2.0
Salmonella,constant_5C,16.6,5.0,2.0
Salmonella,constant_5C,16.8,5.0,2.0
Salmonella,constant_5C,17.0,5.0,2.0
Salmonella,constant_5C,17.2,5.0,2.0
Salmonella,constant_5C,17.400000000000002,5.0,2.0
Salmonella,constant_5C,17.6,5.0,2.0
Salmonella,constant_5C,17.8,5.0,2.0
Salmonella,constant_5C,18.0,5.0,2.0
Salmonella,constant_5C,18.2,5.0,2.0
Salmonella,constant_5C,18.400000000000002,5.0,2.0
Salmonella,constant_5C,18.6,5.0,2.0
Salmonella,constant_5C,18.8,5.0,2.0
Salmonella,constant_5C,19.0,5.0,2.0
Salmonella,constant_5C,19.200000000000003,5.0,2.0
Salmonella,constant_5C,19.400000000000002,5.0,2.0
Salmonella,constant_5C,19.6,5.0,2.0
Salmonella,constant_5C,19.8,5.0,2.0
Salmonella,constant_5C,20.0,5.0,2.0
Salmonella,constant_5C,20.200000000000003,5.0,2.0
Salmonella,constant_5C,20.400000000000002,5.0,2.0
Salmonella,constant_5C,20.6,5.0,2.0
Salmonella,constant_5C,20.8,5.0,2.0
Salmonella,constant_5C,21.0,5.0,2.0
Salmonella,constant_5C,21.200000000000003,5.0,2.0
Salmonella,constant_5C,21.400000000000002,5.0,2.0
Salmonella,constant_5C,21.6,5.0,2.0
Salmonella,constant_5C,21.8,5.0,2.0
Salmonella,constant_5C,22.0,5.0,2.0
Salmonella,constant_5C,22.200000000000003,5.0,2.0
Salmonella,constant_5C,22.400000000000002,5.0,2.0
Salmonella,constant_5C,22.6,5.0,2.0
Salmonella,constant_5C,22.8,5.0,2.0
Salmonella,constant_5C,23.0,5.0,2.0
Salmonella,constant_5C,23.200000000000003,5.0,2.0
Salmonella,constant_5C,23.400000000000002,5.0,2.0
Salmonella,constant_5C,23.6,5.0,2.0
Salmonella,constant_5C,23.8,5.0,2.0
Salmonella,constant_5C,24.0,5.0,2.0
Salmonella,constant_5C,24.200000000000003,5.0,2.0
Salmonella,constant_5C,24.400000000000002,5.0,2.0
Salmonella,constant_5C,24.6,5.0,2.0
Salmonella,constant_5C,24.8,5.0,2.0
Salmonella,constant_5C,25.0,5.0,2.0
Salmonella,constant_5C,25.200000000000003,5.0,2.0
Salmonella,constant_5C,25.400000000000002,5.0,2.0
Salmonella,constant_5C,25.6,5.0,2.0
Salmonella,constant_5C,25.8,5.0,2.0
Salmonella,constant_5C,26.0,5.0,2.0
Salmonella,constant_5C,26.200000000000003,5.0,2.0
Salmonella,constant_5C,26.400000000000002,5.0,2.0
Salmonella,constant_5C,26.6,5.0,2.0
Salmonella,constant_5C,26.8,5.0,2.0
Salmonella,constant_5C,27.0,5.0,2.0
Salmonella,constant_5C,27.200000000000003,5.0,2.0
Salmonella,constant_5C,27.400000000000002,5.0,2.0
Salmonella,constant_5C,27.6,5.0,2.0
Salmonella,constant_5C,27.8,5.0,2.0
Salmonella,constant_5C,28.0,5.0,2.0
Salmonella,constant_5C,28.200000000000003,5.0,2.0
Salmonella,constant_5C,28.400000000000002,5.0,2.0
Salmonella,constant_5C,28.6,5.0,2.0
Salmonella,constant_5C,28.8,5.0,2.0
Salmonella,constant_5C,29.0,5.0,2.0
Salmonella,constant_5C,29.200000000000003,5.0,2.0
Salmonella,constant_5C,29.400000000000002,5.0,2.0
Salmonella,constant_5C,29.6,5.0,2.0
Salmonella,constant_5C,29.8,5.0,2.0
Salmonella,constant_5C,30.0,5.0,2.0
Salmonella,constant_5C,30.200000000000003,5.0,2.0
Salmonella,constant_5C,30.400000000000002,5.0,2.0
Salmonella,constant_5C,30.6,5.0,2.0
Salmonella,constant_5C,30.8,5.0,2.0
Salmonella,constant_5C,31.0,5.0,2.0
Salmonella,constant_5C,31.200000000000003,5.0,2.0
Salmonella,constant_5C,31.400000000000002,5.0,2.0
Salmonella,constant_5C,31.6,5.0,2.0
Salmonella,constant_5C,31.8,5.0,2.0
Salmonella,constant_5C,32.0,5.0,2.0
Salmonella,constant_5C,32.2,5.0,2.0
Salmonella,constant_5C,32.4,5.0,2.0
Salmonella,constant_5C,32.6,5.0,2.0
Salmonella,constant_5C,32.800000000000004,5.0,2.0
Salmonella,constant_5C,33.0,5.0,2.0
Salmonella,constant_5C,33.2,5.0,2.0
Salmonella,constant_5C,33.4,5.0,2.0
Salmonella,constant_5C,33.6,5.0,2.0
Salmonella,constant_5C,33.800000000000004,5.0,2.0
Salmonella,constant_5C,34.0,5.0,2.0
Salmonella,constant_5C,34.2,5.0,2.0
Salmonella,constant_5C,34.4,5.0,2.0
Salmonella,constant_5C,34.6,5.0,2.0
Salmonella,constant_5C,34.800000000000004,5.0,2.0
Salmonella,constant_5C,35.0,5.0,2.0
Salmonella,constant_5C,35.2,5.0,2.0
Salmonella,constant_5C,35.4,5.0,2.0
Salmonella,constant_5C,35.6,5.0,2.0
Salmonella,constant_5C,35.800000000000004,5.0,2.0
Salmonella,constant_5C,36.0,5.0,2.0
Salmonella,constant_5C,36.2,5.0,2.0
Salmonella,constant_5C,36.4,5.0,2.0
Salmonella,constant_5C,36.6,5.0,2.0
Salmonella,constant_5C,36.800000000000004,5.0,2.0
Salmonella,constant_5C,37.0,5.0,2.0
Salmonella,constant_5C,37.2,5.0,2.0
Salmonella,constant_5C,37.4,5.0,2.0
Salmonella,constant_5C,37.6,5.0,2.0
Salmonella,constant_5C,37.800000000000004,5.0,2.0
Salmonella,constant_5C,38.0,5.0,2.0
Salmonella,constant_5C,38.2,5.0,2.0
Salmonella,constant_5C,38.400000000000006,5.0,2.0
Salmonella,constant_5C,38.6,5.0,2.0
Salmonella,constant_5C,38.800000000000004,5.0,2.0
Salmonella,constant_5C,39.0,5.0,2.0
Salmonella,constant_5C,39.2,5.0,2.0
Salmonella,constant_5C,39.400000000000006,5.0,2.0
Salmonella,constant_5C,39.6,5.0,2.0
Salmonella,constant_5C,39.800000000000004,5.0,2.0
Salmonella,constant_5C,40.0,5.0,2.0
Salmonella,constant_5C,40.2,5.0,2.0
Salmonella,constant_5C,40.400000000000006,5.0,2.0
Salmonella,constant_5C,40.6,5.0,2.0
Salmonella,constant_5C,40.800000000000004,5.0,2.0
Salmonella,constant_5C,41.0,5.0,2.0
Salmonella,constant_5C,41.2,5.0,2.0
Salmonella,constant_5C,41.400000000000006,5.0,2.0
Salmonella,constant_5C,41.6,5.0,2.0
Salmonella,constant_5C,41.800000000000004,5.0,2.0
Salmonella,constant_5C,42.0,5.0,2.0
Salmonella,constant_5C,42.2,5.0,2.0
Salmonella,constant_5C,42.400000000000006,5.0,2.0
Salmonella,constant_5C,42.6,5.0,2.0
Salmonella,constant_5C,42.800000000000004,5.0,2.0
Salmonella,constant_5C,43.0,5.0,2.0
Salmonella,constant_5C,43.2,5.0,2.0
Salmonella,constant_5C,43.400000000000006,5.0,2.0
Salmonella,constant_5C,43.6,5.0,2.0
Salmonella,constant_5C,43.800000000000004,5.0,2.0
Salmonella,constant_5C,44.0,5.0,2.0
Salmonella,constant_5C,44.2,5.0,2.0
Salmonella,constant_5C,44.400000000000006,5.0,2.0
Salmonella,constant_5C,44.6,5.0,2.0
Salmonella,constant_5C,44.800000000000004,5.0,2.0
Salmonella,constant_5C,45.0,5.0,2.0
Salmonella,constant_5C,45.2,5.0,2.0
Salmonella,constant_5C,45.400000000000006,5.0,2.0
Salmonella,constant_5C,45.6,5.0,2.0
Salmonella,constant_5C,45.800000000000004,5.0,2.0
Salmonella,constant_5C,46.0,5.0,2.0
Salmonella,constant_5C,46.2,5.0,2.0
Salmonella,constant_5C,46.400000000000006,5.0,2.0
Salmonella,constant_5C,46.6,5.0,2.0
Salmonella,constant_5C,46.800000000000004,5.0,2.0
Salmonella,constant_5C,47.0,5.0,2.0
Salmonella,constant_5C,47.2,5.0,2.0
Salmonella,constant_5C,47.400000000000006,5.0,2.0
Salmonella,constant_5C,47.6,5.0,2.0
Salmonella,constant_5C,47.800000000000004,5.0,2.0
Salmonella,constant_5C,48.0,5.0,2.0
Salmonella,constant_10C,0.0,10.0,2.0
Salmonella,constant_10C,0.2,10.0,2.000215204139633
Salmonella,constant_10C,0.4,10.0,2.0004307803030983
Salmonella,constant_10C,0.6000000000000001,10.0,2.0006467290528693
Salmonella,constant_10C,0.8,10.0,2.0008630509519905
Salmonella,constant_10C,1.0,10.0,2.001079746564077
Salmonella,constant_10C,1.2000000000000002,10.0,2.001296816453315
Salmonella,constant_10C,1.4000000000000001,10.0,2.0015142611844605
Salmonella,constant_10C,1.6,10.0,2.0017320813228396
Salmonella,constant_10C,1.8,10.0,2.001950277434348
Salmonella,constant_10C,2.0,10.0,2.002168850085449
Salmonella,constant_10C,2.2,10.0,2.0023877998431754
Salmonella,constant_10C,2.4000000000000004,10.0,2.0026071272751285
Salmonella,constant_10C,2.6,10.0,2.002826832949477
Salmonella,constant_10C,2.8000000000000003,10.0,2.0030469174349554
Salmonella,constant_10C,3.0,10.0,2.003267381300867
Salmonella,constant_10C,3.2,10.0,2.00348822511708
Salmonella,constant_10C,3.4000000000000004,10.0,2.003709449454029
Salmonella,constant_10C,3.6,10.0,2.0039310548827136
Salmonella,constant_10C,3.8000000000000003,10.0,2.0041530419746985
Salmonella,constant_10C,4.0,10.0,2.004375411302113
Salmonella,constant_10C,4.2,10.0,2.0045981634376506
Salmonella,constant_10C,4.4,10.0,2.0048212989545675
Salmonella,constant_10C,4.6000000000000005,10.0,2.005044818426684
Salmonella,constant_10C,4.800000000000001,10.0,2.005268722428381
Salmonella,constant_10C,5.0,10.0,2.005493011534605
Salmonella,constant_10C,5.2,10.0,2.0057176863208594
Salmonella,constant_10C,5.4,10.0,2.0059427473632128
Salmonella,constant_10C,5.6000000000000005,10.0,2.006168195238292
Salmonella,constant_10C,5.800000000000001,10.0,2.006394030523284
Salmonella,constant_10C,6.0,10.0,2.006620253795938
Salmonella,constant_10C,6.2,10.0,2.0068468656345573
Salmonella,constant_10C,6.4,10.0,2.0070738666180077
Salmonella,constant_10C,6.6000000000000005,10.0,2.007301257325712
Salmonella,constant_10C,6.800000000000001,10.0,2.00752903833765
Salmonella,constant_10C,7.0,10.0,2.0077572102343577
Salmonella,constant_10C,7.2,10.0,2.0079857735969298
Salmonella,constant_10C,7.4,10.0,2.0082147290070145
Salmonella,constant_10C,7.6000000000000005,10.0,2.008444077046817
Salmonella,constant_10C,7.800000000000001,10.0,2.008673818299095
Salmonella,constant_10C,8.0,10.0,2.008903953347163
Salmonella,constant_10C,8.200000000000001,10.0,2.0091344827748876
Salmonella,constant_10C,8.4,10.0,2.0093654071666887
Salmonella,constant_10C,8.6,10.0,2.0095967271075383
Salmonella,constant_10C,8.8,10.0,2.009828443182961
Salmonella,constant_10C,9.0,10.0,2.010060555979033
Salmonella,constant_10C,9.200000000000001,10.0,2.01029306608238
Salmonella,constant_10C,9.4,10.0,2.0105259740801786
Salmonella,constant_10C,9.600000000000001,10.0,2.010759280560155
Salmonella,constant_10C,9.8,10.0,2.0109929861105833
Salmonella,constant_10C,10.0,10.0,2.011227091320288
Salmonella,constant_10C,10.200000000000001,10.0,2.01146159677864
Salmonella,constant_10C,10.4,10.0,2.011696503075557
Salmonella,constant_10C,10.600000000000001,10.0,2.0119318108015043
Salmonella,constant_10C,10.8,10.0,2.012167520547492
Salmonella,constant_10C,11.0,10.0,2.012403632905076
Salmonella,constant_10C,11.200000000000001,10.0,2.0126401484663563
Salmonella,constant_10C,11.4,10.0,2.0128770678239785
Salmonella,constant_10C,11.600000000000001,10.0,2.0131143915711296
Salmonella,constant_10C,11.8,10.0,2.01335212030154
Salmonella,constant_10C,12.0,10.0,2.0135902546094826
Salmonella,constant_10C,12.200000000000001,10.0,2.013828795089771
Salmonella,constant_10C,12.4,10.0,2.01406774233776
Salmonella,constant_10C,12.600000000000001,10.0,2.014307096949344
Salmonella,constant_10C,12.8,10.0,2.0145468595209572
Salmonella,constant_10C,13.0,10.0,2.0147870306495728
Salmonella,constant_10C,13.200000000000001,10.0,2.0150276109327008
Salmonella,constant_10C,13.4,10.0,2.01526860096839
Salmonella,constant_10C,13.600000000000001,10.0,2.015510001355225
Salmonella,constant_10C,13.8,10.0,2.015751812692326
Salmonella,constant_10C,14.0,10.0,2.0159940355793498
Salmonella,constant_10C,14.200000000000001,10.0,2.0162366706164865
Salmonella,constant_10C,14.4,10.0,2.0164797184044607
Salmonella,constant_10C,14.600000000000001,10.0,2.0167231795445297
Salmonella,constant_10C,14.8,10.0,2.0169670546384832
Salmonella,constant_10C,15.0,10.0,2.017211344288643
Salmonella,constant_10C,15.200000000000001,10.0,2.0174560490978624
Salmonella,constant_10C,15.4,10.0,2.0177011696695226
Salmonella,constant_10C,15.600000000000001,10.0,2.017946706607537
Salmonella,constant_10C,15.8,10.0,2.018192660516346
Salmonella,constant_10C,16.0,10.0,2.0184390320009187
Salmonella,constant_10C,16.2,10.0,2.018685821666751
Salmonella,constant_10C,16.400000000000002,10.0,2.0189330301198654
Salmonella,constant_10C,16.6,10.0,2.0191806579668103
Salmonella,constant_10C,16.8,10.0,2.019428705814659
Salmonella,constant_10C,17.0,10.0,2.0196771742710085
Salmonella,constant_10C,17.2,10.0,2.0199260639439793
Salmonella,constant_10C,17.400000000000002,10.0,2.020175375442215
Salmonella,constant_10C,17.6,10.0,2.02042510937488
Salmonella,constant_10C,17.8,10.0,2.020675266351661
Salmonella,constant_10C,18.0,10.0,2.0209258469827636
Salmonella,constant_10C,18.2,10.0,2.0211768518789137
Salmonella,constant_10C,18.400000000000002,10.0,2.021428281651355
Salmonella,constant_10C,18.6,10.0,2.02168013691185
Salmonella,constant_10C,18.8,10.0,2.021932418272676
Salmonella,constant_10C,19.0,10.0,2.022185126346629
Salmonella,constant_10C,19.200000000000003,10.0,2.022438261747019
Salmonella,constant_10C,19.400000000000002,10.0,2.0226918250876698
Salmonella,constant_10C,19.6,10.0,2.0229458169829204
Salmonella,constant_10C,19.8,10.0,2.023200238047621
Salmonella,constant_10C,20.0,10.0,2.0234550888971343
Salmonella,constant_10C,20.200000000000003,10.0,2.0237103701473336
Salmonella,constant_10C,20.400000000000002,10.0,2.0239660824146033
Salmonella,constant_10C,20.6,10.0,2.0242222263158367
Salmonella,constant_10C,20.8,10.0,2.024478802468434
Salmonella,constant_10C,21.0,10.0,2.0247358114903053
Salmonella,constant_10C,21.200000000000003,10.0,2.0249932539998663
Salmonella,constant_10C,21.400000000000002,10.0,2.025251130616038
Salmonella,constant_10C,21.6,10.0,2.0255094419582456
Salmonella,constant_10C,21.8,10.0,2.0257681886464205
Salmonella,constant_10C,22.0,10.0,2.0260273713009957
Salmonella,constant_10C,22.200000000000003,10.0,2.0262869905429066
Salmonella,constant_10C,22.400000000000002,10.0,2.026547046993589
Salmonella,constant_10C,22.6,10.0,2.02680754127498
Salmonella,constant_10C,22.8,10.0,2.027068474009516
Salmonella,constant_10C,23.0,10.0,2.027329845820131
Salmonella,constant_10C,23.200000000000003,10.0,2.0275916573302575
Salmonella,constant_10C,23.400000000000002,10.0,2.0278539091638237
Salmonella,constant_10C,23.6,10.0,2.028116601945253
Salmonella,constant_10C,23.8,10.0,2.0283797362994656
Salmonella,constant_10C,24.0,10.0,2.0286433128518726
Salmonella,constant_10C,24.200000000000003,10.0,2.0289073322283793
Salmonella,constant_10C,24.400000000000002,10.0,2.029171795055383
Salmonella,constant_10C,24.6,10.0,2.029436701959771
Salmonella,constant_10C,24.8,10.0,2.0297020535689203
Salmonella,constant_10C,25.0,10.0,2.0299678505106966
Salmonella,constant_10C,25.200000000000003,10.0,2.0302340934134544
Salmonella,constant_10C,25.400000000000002,10.0,2.0305007829060338
Salmonella,constant_10C,25.6,10.0,2.0307679196177606
Salmonella,constant_10C,25.8,10.0,2.0310355041784467
Salmonella,constant_10C,26.0,10.0,2.031303537218387
Salmonella,constant_10C,26.200000000000003,10.0,2.031572019368358
Salmonella,constant_10C,26.400000000000002,10.0,2.0318409512596203
Salmonella,constant_10C,26.6,10.0,2.032110333523912
Salmonella,constant_10C,26.8,10.0,2.032380166793454
Salmonella,constant_10C,27.0,10.0,2.032650451700943
Salmonella,constant_10C,27.200000000000003,10.0,2.032921188879556
Salmonella,constant_10C,27.400000000000002,10.0,2.0331923789629434
Salmonella,constant_10C,27.6,10.0,2.033464022585233
Salmonella,constant_10C,27.8,10.0,2.033736120381027
Salmonella,constant_10C,28.0,10.0,2.0340086729854003
Salmonella,constant_10C,28.200000000000003,10.0,2.0342816810338995
Salmonella,constant_10C,28.400000000000002,10.0,2.034555145162543
Salmonella,constant_10C,28.6,10.0,2.034829066007819
Salmonella,constant_10C,28.8,10.0,2.0351034442066838
Salmonella,constant_10C,29.0,10.0,2.0353782803965634
Salmonella,constant_10C,29.200000000000003,10.0,2.035653575215349
Salmonella,constant_10C,29.400000000000002,10.0,2.0359293293013976
Salmonella,constant_10C,29.6,10.0,2.036205543293531
Salmonella,constant_10C,29.8,10.0,2.0364822178310336
Salmonella,constant_10C,30.0,10.0,2.0367593535536526
Salmonella,constant_10C,30.200000000000003,10.0,2.0370369511015967
Salmonella,constant_10C,30.400000000000002,10.0,2.0373150111155334
Salmonella,constant_10C,30.6,10.0,2.0375935342365903
Salmonella,constant_10C,30.8,10.0,2.037872521106351
Salmonella,constant_10C,31.0,10.0,2.038151972366857
Salmonella,constant_10C,31.200000000000003,10.0,2.038431888660605
Salmonella,constant_10C,31.400000000000002,10.0,2.0387122706305445
Salmonella,constant_10C,31.6,10.0,2.038993118920079
Salmonella,constant_10C,31.8,10.0,2.0392744341730644
Salmonella,constant_10C,32.0,10.0,2.0395562170338057
Salmonella,constant_10C,32.2,10.0,2.039838468147058
Salmonella,constant_10C,32.4,10.0,2.040121188158025
Salmonella,constant_10C,32.6,10.0,2.040404377712356
Salmonella,constant_10C,32.800000000000004,10.0,2.0406880374561474
Salmonella,constant_10C,33.0,10.0,2.0409721680359403
Salmonella,constant_10C,33.2,10.0,2.0412567700987183
Salmonella,constant_10C,33.4,10.0,2.0415418442919067
Salmonella,constant_10C,33.6,10.0,2.041827391263373
Salmonella,constant_10C,33.800000000000004,10.0,2.0421134116614232
Salmonella,constant_10C,34.0,10.0,2.042399906134803
Salmonella,constant_10C,34.2,10.0,2.0426868753326928
Salmonella,constant_10C,34.4,10.0,2.0429743199047112
Salmonella,constant_10C,34.6,10.0,2.0432622405009107
Salmonella,constant_10C,34.800000000000004,10.0,2.043550637771777
Salmonella,constant_10C,35.0,10.0,2.0438395123682276
Salmonella,constant_10C,35.2,10.0,2.044128864941611
Salmonella,constant_10C,35.4,10.0,2.044418696143705
Salmonella,constant_10C,35.6,10.0,2.044709006626716
Salmonella,constant_10C,35.800000000000004,10.0,2.0449997970432765
Salmonella,constant_10C,36.0,10.0,2.045291068046446
Salmonella,constant_10C,36.2,10.0,2.0455828202897064
Salmonella,constant_10C,36.4,10.0,2.045875054426964
Salmonella,constant_10C,36.6,10.0,2.046167771112546
Salmonella,constant_10C,36.800000000000004,10.0,2.0464609710011996
Salmonella,constant_10C,37.0,10.0,2.046754654748092
Salmonella,constant_10C,37.2,10.0,2.0470488230088075
Salmonella,constant_10C,37.4,10.0,2.0473434764393454
Salmonella,constant_10C,37.6,10.0,2.0476386156961226
Salmonella,constant_10C,37.800000000000004,10.0,2.047934241435967
Salmonella,constant_10C,38.0,10.0,2.0482303543161198
Salmonella,constant_10C,38.2,10.0,2.048526954994233
Salmonella,constant_10C,38.400000000000006,10.0,2.048824044128368
Salmonella,constant_10C,38.6,10.0,2.0491216223769926
Salmonella,constant_10C,38.800000000000004,10.0,2.049419690398985
Salmonella,constant_10C,39.0,10.0,2.0497182488536247
Salmonella,constant_10C,39.2,10.0,2.0500172984005967
Salmonella,constant_10C,39.400000000000006,10.0,2.050316839699989
Salmonella,constant_10C,39.6,10.0,2.0506168734122903
Salmonella,constant_10C,39.800000000000004,10.0,2.0509174001983874
Salmonella,constant_10C,40.0,10.0,2.051218420719567
Salmonella,constant_10C,40.2,10.0,2.051519935637513
Salmonella,constant_10C,40.400000000000006,10.0,2.051821945614302
Salmonella,constant_10C,40.6,10.0,2.052124451312406
Salmonella,constant_10C,40.800000000000004,10.0,2.052427453394691
Salmonella,constant_10C,41.0,10.0,2.0527309525244113
Salmonella,constant_10C,41.2,10.0,2.0530349493652107
Salmonella,constant_10C,41.400000000000006,10.0,2.053339444581123
Salmonella,constant_10C,41.6,10.0,2.053644438836567
Salmonella,constant_10C,41.800000000000004,10.0,2.053949932796347
Salmonella,constant_10C,42.0,10.0,2.054255927125651
Salmonella,constant_10C,42.2,10.0,2.054562422490049
Salmonella,constant_10C,42.400000000000006,10.0,2.05486941955549
Salmonella,constant_10C,42.6,10.0,2.055176918988305
Salmonella,constant_10C,42.800000000000004,10.0,2.0554849214552
Salmonella,constant_10C,43.0,10.0,2.0557934276232586
Salmonella,constant_10C,43.2,10.0,2.056102438159937
Salmonella,constant_10C,43.400000000000006,10.0,2.056411953733066
Salmonella,constant_10C,43.6,10.0,2.0567219750108476
Salmonella,constant_10C,43.800000000000004,10.0,2.0570325026618526
Salmonella,constant_10C,44.0,10.0,2.057343537355021
Salmonella,constant_10C,44.2,10.0,2.0576550797596593
Salmonella,constant_10C,44.400000000000006,10.0,2.05796713054544
Salmonella,constant_10C,44.6,10.0,2.058279690382397
Salmonella,constant_10C,44.800000000000004,10.0,2.058592759940928
Salmonella,constant_10C,45.0,10.0,2.0589063398917915
Salmonella,constant_10C,45.2,10.0,2.059220430906102
Salmonella,constant_10C,45.400000000000006,10.0,2.0595350336553353
Salmonella,constant_10C,45.6,10.0,2.0598501488113206
Salmonella,constant_10C,45.800000000000004,10.0,2.0601657770462403
Salmonella,constant_10C,46.0,10.0,2.0604819190326307
Salmonella,constant_10C,46.2,10.0,2.060798575443379
Salmonella,constant_10C,46.400000000000006,10.0,2.06111574695172
Salmonella,constant_10C,46.6,10.0,2.0614334342312377
Salmonella,constant_10C,46.800000000000004,10.0,2.0617516379558616
Salmonella,constant_10C,47.0,10.0,2.0620703587998643
Salmonella,constant_10C,47.2,10.0,2.0623895974378628
Salmonella,constant_10C,47.400000000000006,10.0,2.062709354544814
Salmonella,constant_10C,47.6,10.0,2.0630296307960125
Salmonella,constant_10C,47.800000000000004,10.0,2.063350426867095
Salmonella,constant_10C,48.0,10.0,2.0636717434340284
Salmonella,constant_15C,0.0,15.0,2.0
Salmonella,constant_15C,0.2,15.0,2.0011258719141756
Salmonella,constant_15C,0.4,15.0,2.0022619168200277
Salmonella,constant_15C,0.6000000000000001,15.0,2.0034082148939074
Salmonella,constant_15C,0.8,15.0,2.004564846731412
Salmonella,constant_15C,1.0,15.0,2.0057318933456627
Salmonella,constant_15C,1.2000000000000002,15.0,2.0069094361654973
Salmonella,constant_15C,1.4000000000000001,15.0,2.0080975570335684
Salmonella,constant_15C,1.6,15.0,2.009296338204358
Salmonella,constant_15C,1.8,15.0,2.0105058623420953
Salmonella,constant_15C,2.0,15.0,2.0117262125185835
Salmonella,constant_15C,2.2,15.0,2.012957472210935
Salmonella,constant_15C,2.4000000000000004,15.0,2.0141997252992083
Salmonella,constant_15C,2.6,15.0,2.0154530560639508
Salmonella,constant_15C,2.8000000000000003,15.0,2.016717549183644
Salmonella,constant_15C,3.0,15.0,2.0179932897320514
Salmonella,constant_15C,3.2,15.0,2.019280363175462
Salmonella,constant_15C,3.4000000000000004,15.0,2.0205788553698407
Salmonella,constant_15C,3.6,15.0,2.021888852557873
Salmonella,constant_15C,3.8000000000000003,15.0,2.023210441365903
Salmonella,constant_15C,4.0,15.0,2.0245437088007754
Salmonella,constant_15C,4.2,15.0,2.0258887422465666
Salmonella,constant_15C,4.4,15.0,2.027245629461211
Salmonella,constant_15C,4.6000000000000005,15.0,2.028614458573022
Salmonella,constant_15C,4.800000000000001,15.0,2.0299953180770998
Salmonella,constant_15C,5.0,15.0,2.031388296831638
Salmonella,constant_15C,5.2,15.0,2.032793484054113
Salmonella,constant_15C,5.4,15.0,2.034210969317362
Salmonella,constant_15C,5.6000000000000005,15.0,2.0356408425455537
Salmonella,constant_15C,5.800000000000001,15.0,2.0370831940100427
Salmonella,constant_15C,6.0,15.0,2.0385381143251093
Salmonella,constant_15C,6.2,15.0,2.040005694443585
Salmonella,constant_15C,6.4,15.0,2.04148602565236
Salmonella,constant_15C,6.6000000000000005,15.0,2.042979199567779
Salmonella,constant_15C,6.800000000000001,15.0,2.0444853081309122
Salmonella,constant_15C,7.0,15.0,2.046004443602712
Salmonella,constant_15C,7.2,15.0,2.047536698559048
Salmonella,constant_15C,7.4,15.0,2.0490821658856264
Salmonella,constant_15C,7.6000000000000005,15.0,2.05064093877278
Salmonella,constant_15C,7.800000000000001,15.0,2.052213110710144
Salmonella,constant_15C,8.0,15.0,2.0537987754812046
Salmonella,constant_15C,8.200000000000001,15.0,2.0553980271577266
Salmonella,constant_15C,8.4,15.0,2.057010960094057
Salmonella,constant_15C,8.6,15.0,2.058637668921302
Salmonella,constant_15C,8.8,15.0,2.060278248541381
Salmonella,constant_15C,9.0,15.0,2.061932794120954
Salmonella,constant_15C,9.200000000000001,15.0,2.0636014010852217
Salmonella,constant_15C,9.4,15.0,2.0652841651116023
Salmonella,constant_15C,9.600000000000001,15.0,2.0669811821232744
Salmonella,constant_15C,9.8,15.0,2.068692548282601
Salmonella,constant_15C,10.0,15.0,2.0704183599844157
Salmonella,constant_15C,10.200000000000001,15.0,2.0721587138491904
Salmonella,constant_15C,10.4,15.0,2.073913706716065
Salmonella,constant_15C,10.600000000000001,15.0,2.075683435635752
Salmonella,constant_15C,10.8,15.0,2.0774679978633155
Salmonella,constant_15C,11.0,15.0,2.079267490850813
Salmonella,constant_15C,11.200000000000001,15.0,2.081082012239814
Salmonella,constant_15C,11.4,15.0,2.0829116598537833
Salmonella,constant_15C,11.600000000000001,15.0,2.08475653169034
Salmonella,constant_15C,11.8,15.0,2.0866167259133803
Salmonella,constant_15C,12.0,15.0,2.088492340845077
Salmonella,constant_15C,12.200000000000001,15.0,2.090383474957743
Salmonella,constant_15C,12.4,15.0,2.0922902268655705
Salmonella,constant_15C,12.600000000000001,15.0,2.0942126953162337
Salmonella,constant_15C,12.8,15.0,2.0961509791823696
Salmonella,constant_15C,13.0,15.0,2.0981051774529242
Salmonella,constant_15C,13.200000000000001,15.0,2.100075389224373
Salmonella,constant_15C,13.4,15.0,2.1020617136918105
Salmonella,constant_15C,13.600000000000001,15.0,2.104064250139912
Salmonella,constant_15C,13.8,15.0,2.106083097933772
Salmonella,constant_15C,14.0,15.0,2.108118356509606
Salmonella,constant_15C,14.200000000000001,15.0,2.110170125365338
Salmonella,constant_15C,14.4,15.0,2.112238504051051
Salmonella,constant_15C,14.600000000000001,15.0,2.114323592159319
Salmonella,constant_15C,14.8,15.0,2.1164254893154113
Salmonella,constant_15C,15.0,15.0,2.118544295167377
Salmonella,constant_15C,15.200000000000001,15.0,2.120680109375999
Salmonella,constant_15C,15.4,15.0,2.1228330316046353
Salmonella,constant_15C,15.600000000000001,15.0,2.125003161508934
Salmonella,constant_15C,15.8,15.0,2.127190598726427
Salmonella,constant_15C,16.0,15.0,2.1293954428660102
Salmonella,constant_15C,16.2,15.0,2.131617793497303
Salmonella,constant_15C,16.400000000000002,15.0,2.1338577501398897
Salmonella,constant_15C,16.6,15.0,2.136115412252449
Salmonella,constant_15C,16.8,15.0,2.138390879221768
Salmonella,constant_15C,17.0,15.0,2.1406842503516468
Salmonella,constant_15C,17.2,15.0,2.142995624851686
Salmonella,constant_15C,17.400000000000002,15.0,2.14532510182597
Salmonella,constant_15C,17.6,15.0,2.1476727802616447
Salmonella,constant_15C,17.8,15.0,2.150038759017381
Salmonella,constant_15C,18.0,15.0,2.1524231368117426
Salmonella,constant_15C,18.2,15.0,2.1548260122114464
Salmonella,constant_15C,18.400000000000002,15.0,2.157247483619525
Salmonella,constant_15C,18.6,15.0,2.159687649263387
Salmonella,constant_15C,18.8,15.0,2.1621466071827866
Salmonella,constant_15C,19.0,15.0,2.1646244552176936
Salmonella,constant_15C,19.200000000000003,15.0,2.167121290996073
Salmonella,constant_15C,19.400000000000002,15.0,2.169637211921572
Salmonella,constant_15C,19.6,15.0,2.1721723151611285
Salmonella,constant_15C,19.8,15.0,2.1747266976324795
Salmonella,constant_15C,20.0,15.0,2.177300455991598
Salmonella,constant_15C,20.200000000000003,15.0,2.179893686620047
Salmonella,constant_15C,20.400000000000002,15.0,2.1825064856122496
Salmonella,constant_15C,20.6,15.0,2.185138948762693
Salmonella,constant_15C,20.8,15.0,2.1877911715530516
Salmonella,constant_15C,21.0,15.0,2.190463249139246
Salmonella,constant_15C,21.200000000000003,15.0,2.1931552763384308
Salmonella,constant_15C,21.400000000000002,15.0,2.19586734761592
Salmonella,constant_15C,21.6,15.0,2.1985995570720527
Salmonella,constant_15C,21.8,15.0,2.201351998428998
Salmonella,constant_15C,22.0,15.0,2.2041247650175033
Salmonella,constant_15C,22.200000000000003,15.0,2.2069179497635973
Salmonella,constant_15C,22.400000000000002,15.0,2.209731645175235
Salmonella,constant_15C,22.6,15.0,2.212565943328905
Salmonella,constant_15C,22.8,15.0,2.215420935856189
Salmonella,constant_15C,23.0,15.0,2.2182967139302865
Salmonella,constant_15C,23.200000000000003,15.0,2.2211933682524996
Salmonella,constant_15C,23.400000000000002,15.0,2.2241109890386905
Salmonella,constant_15C,23.6,15.0,2.227049666005709
Salmonella,constant_15C,23.8,15.0,2.2300094883577906
Salmonella,constant_15C,24.0,15.0,2.2329905447729406
Salmonella,constant_15C,24.200000000000003,15.0,2.235992923389297
Salmonella,constant_15C,24.400000000000002,15.0,2.23901671179148
Salmonella,constant_15C,24.6,15.0,2.242061996996929
Salmonella,constant_15C,24.8,15.0,2.2451288654422417
Salmonella,constant_15C,25.0,15.0,2.248217402969499
Salmonella,constant_15C,25.200000000000003,15.0,2.2513276948126024
Salmonella,constant_15C,25.400000000000002,15.0,2.2544598255836137
Salmonella,constant_15C,25.6,15.0,2.257613879259099
Salmonella,constant_15C,25.8,15.0,2.260789939166497
Salmonella,constant_15C,26.0,15.0,2.2639880879704957
Salmonella,constant_15C,26.200000000000003,15.0,2.267208407659436
Salmonella,constant_15C,26.400000000000002,15.0,2.2704509795317427
Salmonella,constant_15C,26.6,15.0,2.2737158841823812
Salmonella,constant_15C,26.8,15.0,2.2770032014893555
Salmonella,constant_15C,27.0,15.0,2.2803130106002376
Salmonella,constant_15C,27.200000000000003,15.0,2.283645389918749
Salmonella,constant_15C,27.400000000000002,15.0,2.2870004170913814
Salmonella,constant_15C,27.6,15.0,2.2903781689940748
Salmonella,constant_15C,27.8,15.0,2.2937787217189527
Salmonella,constant_15C,28.0,15.0,2.297202150561111
Salmonella,constant_15C,28.200000000000003,15.0,2.3006485300054846
Salmonella,constant_15C,28.400000000000002,15.0,2.3041179337137687
Salmonella,constant_15C,28.6,15.0,2.3076104345114277
Salmonella,constant_15C,28.8,15.0,2.311126104374772
Salmonella,constant_15C,29.0,15.0,2.3146650144181278
Salmonella,constant_15C,29.200000000000003,15.0,2.3182272348810846
Salmonella,constant_15C,29.400000000000002,15.0,2.3218128351158405
Salmonella,constant_15C,29.6,15.0,2.325421883574643
Salmonella,constant_15C,29.8,15.0,2.329054447797332
Salmonella,constant_15C,30.0,15.0,2.332710594398981
Salmonella,constant_15C,30.200000000000003,15.0,2.3363903890576596
Salmonella,constant_15C,30.400000000000002,15.0,2.340093896502298
Salmonella,constant_15C,30.6,15.0,2.343821180500681
Salmonella,constant_15C,30.8,15.0,2.3475723038475573
Salmonella,constant_15C,31.0,15.0,2.3513473283528774
Salmonella,constant_15C,31.200000000000003,15.0,2.355146314830169
Salmonella,constant_15C,31.400000000000002,15.0,2.3589693230850384
Salmonella,constant_15C,31.6,15.0,2.3628164119038235
Salmonella,constant_15C,31.8,15.0,2.3666876390423823
Salmonella,constant_15C,32.0,15.0,2.3705830612150343
Salmonella,constant_15C,32.2,15.0,2.374502734083657
Salmonella,constant_15C,32.4,15.0,2.378446712246935
Salmonella,constant_15C,32.6,15.0,2.3824150492297744
Salmonella,constant_15C,32.800000000000004,15.0,2.38640779747288
Salmonella,constant_15C,33.0,15.0,2.390425008322504
Salmonella,constant_15C,33.2,15.0,2.39446673202037
Salmonella,constant_15C,33.4,15.0,2.3985330176937696
Salmonella,constant_15C,33.6,15.0,2.4026239133458427
Salmonella,constant_15C,33.800000000000004,15.0,2.4067394658460475
Salmonella,constant_15C,34.0,15.0,2.4108797209208115
Salmonella,constant_15C,34.2,15.0,2.415044723144384
Salmonella,constant_15C,34.4,15.0,2.4192345159298747
Salmonella,constant_15C,34.6,15.0,2.4234491415205057
Salmonella,constant_15C,34.800000000000004,15.0,2.4276886409810556
Salmonella,constant_15C,35.0,15.0,2.4319530541895142
Salmonella,constant_15C,35.2,15.0,2.4362424198289516
Salmonella,constant_15C,35.4,15.0,2.4405567753795965
Salmonella,constant_15C,35.6,15.0,2.4448961571111325
Salmonella,constant_15C,35.800000000000004,15.0,2.4492606000752173
Salmonella,constant_15C,36.0,15.0,2.4536501380982187
Salmonella,constant_15C,36.2,15.0,2.458064803774187
Salmonella,constant_15C,36.4,15.0,2.4625046284580456
Salmonella,constant_15C,36.6,15.0,2.4669696422590217
Salmonella,constant_15C,36.800000000000004,15.0,2.4714598740343066
Salmonella,constant_15C,37.0,15.0,2.4759753513829574
Salmonella,constant_15C,37.2,15.0,2.4805161006400347
Salmonella,constant_15C,37.4,15.0,2.4850821468709854
Salmonella,constant_15C,37.6,15.0,2.489673513866269
Salmonella,constant_15C,37.800000000000004,15.0,2.4942902241362304
Salmonella,constant_15C,38.0,15.0,2.4989322989062215
Salmonella,constant_15C,38.2,15.0,2.5035997581119767
Salmonella,constant_15C,38.400000000000006,15.0,2.5082926203952365
Salmonella,constant_15C,38.6,15.0,2.5130109030996306
Salmonella,constant_15C,38.800000000000004,15.0,2.517754622266814
Salmonella,constant_15C,39.0,15.0,2.5225237926328634
Salmonella,constant_15C,39.2,15.0,2.5273184276249325
Salmonella,constant_15C,39.400000000000006,15.0,2.532138539358167
Salmonella,constant_15C,39.6,15.0,2.536984138632885
Salmonella,constant_15C,39.800000000000004,15.0,2.5418552349320165
Salmonella,constant_15C,40.0,15.0,2.546751836418813
Salmonella,constant_15C,40.2,15.0,2.551673949934817
Salmonella,constant_15C,40.400000000000006,15.0,2.5566215809981
Salmonella,constant_15C,40.6,15.0,2.5615947338017695
Salmonella,constant_15C,40.800000000000004,15.0,2.566593411212739
Salmonella,constant_15C,41.0,15.0,2.5716176147707706
Salmonella,constant_15C,41.2,15.0,2.5766673446877824
Salmonella,constant_15C,41.400000000000006,15.0,2.5817425998474284
Salmonella,constant_15C,41.6,15.0,2.5868433778049402
Salmonella,constant_15C,41.800000000000004,15.0,2.591969674787247
Salmonella,constant_15C,42.0,15.0,2.597121485693357
Salmonella,constant_15C,42.2,15.0,2.6022988040950072
Salmonella,constant_15C,42.400000000000006,15.0,2.6075016222375873
Salmonella,constant_15C,42.6,15.0,2.612729931041321
Salmonella,constant_15C,42.800000000000004,15.0,2.6179837201027283
Salmonella,constant_15C,43.0,15.0,2.623262977696341
Salmonella,constant_15C,43.2,15.0,2.6285676907766873
Salmonella,constant_15C,43.400000000000006,15.0,2.6338978449805466
Salmonella,constant_15C,43.6,15.0,2.6392534246294597
Salmonella,constant_15C,43.800000000000004,15.0,2.6446344127325085
Salmonella,constant_15C,44.0,15.0,2.6500407909893484
Salmonella,constant_15C,44.2,15.0,2.65547253979351
Salmonella,constant_15C,44.400000000000006,15.0,2.6609296382359493
Salmonella,constant_15C,44.6,15.0,2.6664120641088624
Salmonella,constant_15C,44.800000000000004,15.0,2.6719197939097508
Salmonella,constant_15C,45.0,15.0,2.67745280284574
Salmonella,constant_15C,45.2,15.0,2.683011064838147
Salmonella,constant_15C,45.400000000000006,15.0,2.688594552527305
Salmonella,constant_15C,45.6,15.0,2.6942032372776223
Salmonella,constant_15C,45.800000000000004,15.0,2.6998370891829
Salmonella,constant_15C,46.0,15.0,2.7054960770718783
Salmonella,constant_15C,46.2,15.0,2.7111801685140327
Salmonella,constant_15C,46.400000000000006,15.0,2.7168893298256003
Salmonella,constant_15C,46.6,15.0,2.7226235260758482
Salmonella,constant_15C,46.800000000000004,15.0,2.728382721093568
Salmonella,constant_15C,47.0,15.0,2.7341668774737977
Salmonella,constant_15C,47.2,15.0,2.739975956584778
Salmonella,constant_15C,47.400000000000006,15.0,2.745809918575125
Salmonella,constant_15C,47.6,15.0,2.7516687223812237
Salmonella,constant_15C,47.800000000000004,15.0,2.7575523257348413
Salmonella,constant_15C,48.0,15.0,2.763460685170951
Salmonella,constant_20C,0.0,20.0,2.0
Salmonella,constant_20C,0.2,20.0,2.0027648513237546
Salmonella,constant_20C,0.4,20.0,2.0055909502933154
Salmonella,constant_20C,0.6000000000000001,20.0,2.008479474505879
Salmonella,constant_20C,0.8,20.0,2.0114316162286068
Salmonella,constant_20C,1.0,20.0,2.014448582221833
Salmonella,constant_20C,1.2000000000000002,20.0,2.0175315935426728
Salmonella,constant_20C,1.4000000000000001,20.0,2.0206818853284068
Salmonella,constant_20C,1.6,20.0,2.023900706559076
Salmonella,constant_20C,1.8,20.0,2.0271893197986817
Salmonella,constant_20C,2.0,20.0,2.0305490009144465
Salmonella,constant_20C,2.2,20.0,2.0339810387735597
Salmonella,constant_20C,2.4000000000000004,20.0,2.037486734916886
Salmonella,constant_20C,2.6,20.0,2.0410674032091056
Salmonella,constant_20C,2.8000000000000003,20.0,2.044724369464795
Salmonella,constant_20C,3.0,20.0,2.0484589710499743
Salmonella,constant_20C,3.2,20.0,2.0522725564586595
Salmonella,constant_20C,3.4000000000000004,20.0,2.056166484864028
Salmonella,constant_20C,3.6,20.0,2.0601421256437766
Salmonella,constant_20C,3.8000000000000003,20.0,2.064200857879344
Salmonella,constant_20C,4.0,20.0,2.068344069828668
Salmonella,constant_20C,4.2,20.0,2.0725731583722142
Salmonella,constant_20C,4.4,20.0,2.0768895284320252
Salmonella,constant_20C,4.6000000000000005,20.0,2.081294592363623
Salmonella,constant_20C,4.800000000000001,20.0,2.0857897693206175
Salmonella,constant_20C,5.0,20.0,2.0903764845919346
Salmonella,constant_20C,5.2,20.0,2.0950561689116323
Salmonella,constant_20C,5.4,20.0,2.0998302577413437
Salmonella,constant_20C,5.6000000000000005,20.0,2.104700190525412
Salmonella,constant_20C,5.800000000000001,20.0,2.109667409918891
Salmonella,constant_20C,6.0,20.0,2.114733360988606
Salmonella,constant_20C,6.2,20.0,2.119899490387582
Salmonella,constant_20C,6.4,20.0,2.125167245503172
Salmonella,constant_20C,6.6000000000000005,20.0,2.1305380735793293
Salmonella,constant_20C,6.800000000000001,20.0,2.1360134208135237
Salmonella,constant_20C,7.0,20.0,2.141594731428876
Salmonella,constant_20C,7.2,20.0,2.147283446722187
Salmonella,constant_20C,7.4,20.0,2.1530810040885773
Salmonella,constant_20C,7.6000000000000005,20.0,2.1589888360235854
Salmonella,constant_20C,7.800000000000001,20.0,2.165008369103614
Salmonella,constant_20C,8.0,20.0,2.1711410229457164
Salmonella,constant_20C,8.200000000000001,20.0,2.1773882091477956
Salmonella,constant_20C,8.4,20.0,2.1837513302103817
Salmonella,constant_20C,8.6,20.0,2.1902317784412144
Salmonella,constant_20C,8.8,20.0,2.196830934843967
Salmonella,constant_20C,9.0,20.0,2.2035501679925176
Salmonella,constant_20C,9.200000000000001,20.0,2.210390832892251
Salmonella,constant_20C,9.4,20.0,2.217354269829969
Salmonella,constant_20C,9.600000000000001,20.0,2.224441803214046
Salmonella,constant_20C,9.8,20.0,2.2316547404065634
Salmonella,constant_20C,10.0,20.0,2.2389943705492024
Salmonella,constant_20C,10.200000000000001,20.0,2.246461963384773
Salmonella,constant_20C,10.4,20.0,2.2540587680763
Salmonella,constant_20C,10.600000000000001,20.0,2.261786012025658
Salmonella,constant_20C,10.8,20.0,2.2696448996938052
Salmonella,constant_20C,11.0,20.0,2.2776366114247013
Salmonella,constant_20C,11.200000000000001,20.0,2.2857623022750824
Salmonella,constant_20C,11.4,20.0,2.294023100852247
Salmonella,constant_20C,11.600000000000001,20.0,2.302420108162097
Salmonella,constant_20C,11.8,20.0,2.310954396469674
Salmonella,constant_20C,12.0,20.0,2.31962700817446
Salmonella,constant_20C,12.200000000000001,20.0,2.3284389547027295
Salmonella,constant_20C,12.4,20.0,2.337391215419257
Salmonella,constant_20C,12.600000000000001,20.0,2.3464847365606416
Salmonella,constant_20C,12.8,20.0,2.3557204301925756
Salmonella,constant_20C,13.0,20.0,2.3650991731932853
Salmonella,constant_20C,13.200000000000001,20.0,2.3746218062654143
Salmonella,constant_20C,13.4,20.0,2.384289132978548
Salmonella,constant_20C,13.600000000000001,20.0,2.3941019188445596
Salmonella,constant_20C,13.8,20.0,2.404060890427894
Salmonella,constant_20C,14.0,20.0,2.4141667344928552
Salmonella,constant_20C,14.200000000000001,20.0,2.424420097189909
Salmonella,constant_20C,14.4,20.0,2.434821583282915
Salmonella,constant_20C,14.600000000000001,20.0,2.4453717554191483
Salmonella,constant_20C,14.8,20.0,2.4560711334438623
Salmonella,constant_20C,15.0,20.0,2.466920193761065
Salmonella,constant_20C,15.200000000000001,20.0,2.4779193687420626
Salmonella,constant_20C,15.4,20.0,2.4890690461832348
Salmonella,constant_20C,15.600000000000001,20.0,2.500369568814366
Salmonella,constant_20C,15.8,20.0,2.511821233858766
Salmonella,constant_20C,16.0,20.0,2.523424292646256
Salmonella,constant_20C,16.2,20.0,2.535178950279996
Salmonella,constant_20C,16.400000000000002,20.0,2.5470853653579617
Salmonella,constant_20C,16.6,20.0,2.5591436497497746
Salmonella,constant_20C,16.8,20.0,2.571353868429418
Salmonella,constant_20C,17.0,20.0,2.583716039364244
Salmonella,constant_20C,17.2,20.0,2.5962301334605264
Salmonella,constant_20C,17.400000000000002,20.0,2.6088960745656666
Salmonella,constant_20C,17.6,20.0,2.6217137395270047
Salmonella,constant_20C,17.8,20.0,2.634682958307065
Salmonella,constant_20C,18.0,20.0,2.647803514154879
Salmonella,constant_20C,18.2,20.0,2.6610751438329228
Salmonella,constant_20C,18.400000000000002,20.0,2.6744975378990397
Salmonella,constant_20C,18.6,20.0,2.6880703410425753
Salmonella,constant_20C,18.8,20.0,2.7017931524738437
Salmonella,constant_20C,19.0,20.0,2.715665526365865
Salmonella,constant_20C,19.200000000000003,20.0,2.7296869723472406
Salmonella,constant_20C,19.400000000000002,20.0,2.7438569560448425
Salmonella,constant_20C,19.6,20.0,2.758174899674951
Salmonella,constant_20C,19.8,20.0,2.7726401826812888
Salmonella,constant_20C,20.0,20.0,2.787252142418352
Salmonella,constant_20C,20.200000000000003,20.0,2.802010074878298
Salmonella,constant_20C,20.400000000000002,20.0,2.8169132354595883
Salmonella,constant_20C,20.6,20.0,2.8319608397754794
Salmonella,constant_20C,20.8,20.0,2.8471520645003827
Salmonella,constant_20C,21.0,20.0,2.8624860482520567
Salmonella,constant_20C,21.200000000000003,20.0,2.877961892507517
Salmonella,constant_20C,21.400000000000002,20.0,2.8935786625505027
Salmonella,constant_20C,21.6,20.0,2.9093353884483024
Salmonella,constant_20C,21.8,20.0,2.9252310660556895
Salmonella,constant_20C,22.0,20.0,2.9412646580436976
Salmonella,constant_20C,22.200000000000003,20.0,2.9574350949509545
Salmonella,constant_20C,22.400000000000002,20.0,2.9737412762552555
Salmonella,constant_20C,22.6,20.0,2.9901820714630842
Salmonella,constant_20C,22.8,20.0,3.0067563212147657
Salmonella,constant_20C,23.0,20.0,3.0234628384029607
Salmonella,constant_20C,23.200000000000003,20.0,3.0403004093022292
Salmonella,constant_20C,23.400000000000002,20.0,3.057267794707401
Salmonella,constant_20C,23.6,20.0,3.0743637310785434
Salmonella,constant_20C,23.8,20.0,3.0915869316903377
Salmonella,constant_20C,24.0,20.0,3.108936087783721
Salmonella,constant_20C,24.200000000000003,20.0,3.1264098697177123
Salmonella,constant_20C,24.400000000000002,20.0,3.1440069281193743
Salmonella,constant_20C,24.6,20.0,3.161725895029939
Salmonella,constant_20C,24.8,20.0,3.1795653850451853
Salmonella,constant_20C,25.0,20.0,3.1975239964482065
Salmonella,constant_20C,25.200000000000003,20.0,3.21560031233281
Salmonella,constant_20C,25.400000000000002,20.0,3.233792901715822
Salmonella,constant_20C,25.6,20.0,3.2521003206366927
Salmonella,constant_20C,25.8,20.0,3.270521113242833
Salmonella,constant_20C,26.0,20.0,3.2890538128592226
Salmonella,constant_20C,26.200000000000003,20.0,3.307696943040907
Salmonella,constant_20C,26.400000000000002,20.0,3.3264490186070628
Salmonella,constant_20C,26.6,20.0,3.3453085466554304
Salmonella,constant_20C,26.8,20.0,3.364274027555965
Salmonella,constant_20C,27.0,20.0,3.3833439559226517
Salmonella,constant_20C,27.200000000000003,20.0,3.4025168215625268
Salmonella,constant_20C,27.400000000000002,20.0,3.421791110401006
Salmonella,constant_20C,27.6,20.0,3.4411653053827296
Salmonella,constant_20C,27.8,20.0,3.4606378873471857
Salmonella,constant_20C,28.0,20.0,3.4802073358784886
Salmonella,constant_20C,28.200000000000003,20.0,3.499872130128725
Salmonella,constant_20C,28.400000000000002,20.0,3.519630749614392
Salmonella,constant_20C,28.6,20.0,3.5394816749855207
Salmonella,constant_20C,28.8,20.0,3.559423388767114
Salmonella,constant_20C,29.0,20.0,3.5794543760726554
Salmonella,constant_20C,29.200000000000003,20.0,3.5995731252894645
Salmonella,constant_20C,29.400000000000002,20.0,3.6197781287357573
Salmonella,constant_20C,29.6,20.0,3.6400678832893436
Salmonella,constant_20C,29.8,20.0,3.6604408909879194
Salmonella,constant_20C,30.0,20.0,3.6808956596010116
Salmonella,constant_20C,30.200000000000003,20.0,3.701430703173643
Salmonella,constant_20C,30.400000000000002,20.0,3.7220445425418602
Salmonella,constant_20C,30.6,20.0,3.7427357058203277
Salmonella,constant_20C,30.8,20.0,3.763502728862183
Salmonella,constant_20C,31.0,20.0,3.7843441556914583
Salmonella,constant_20C,31.200000000000003,20.0,3.805258538908356
Salmonella,constant_20C,31.400000000000002,20.0,3.8262444400677325
Salmonella,constant_20C,31.6,20.0,3.8473004300311704
Salmonella,constant_20C,31.8,20.0,3.8684250892930425
Salmonella,constant_20C,32.0,20.0,3.8896170082810024
Salmonella,constant_20C,32.2,20.0,3.910874787631379
Salmonella,constant_20C,32.4,20.0,3.9321970384399294
Salmonella,constant_20C,32.6,20.0,3.9535823824884906
Salmonella,constant_20C,32.800000000000004,20.0,3.9750294524480108
Salmonella,constant_20C,33.0,20.0,3.996536892058533
Salmonella,constant_20C,33.2,20.0,4.01810335628666
Salmonella,constant_20C,33.4,20.0,4.03972751146106
Salmonella,constant_20C,33.6,20.0,4.061408035386599
Salmonella,constant_20C,33.800000000000004,20.0,4.083143617437652
Salmonella,constant_20C,34.0,20.0,4.104932958631198
Salmonella,constant_20C,34.2,20.0,4.126774771680277
Salmonella,constant_20C,34.4,20.0,4.148667781028375
Salmonella,constant_20C,34.6,20.0,4.170610722865364
Salmonella,constant_20C,34.800000000000004,20.0,4.192602345125548
Salmonella,constant_20C,35.0,20.0,4.214641407468419
Salmonella,constant_20C,35.2,20.0,4.236726681242701
Salmonella,constant_20C,35.4,20.0,4.258856949434241
Salmonella,constant_20C,35.6,20.0,4.281031006598356
Salmonella,constant_20C,35.800000000000004,20.0,4.303247658777146
Salmonella,constant_20C,36.0,20.0,4.325505723402389
Salmonella,constant_20C,36.2,20.0,4.34780402918451
Salmonella,constant_20C,36.4,20.0,4.370141415988205
Salmonella,constant_20C,36.6,20.0,4.392516734695231
Salmonella,constant_20C,36.800000000000004,20.0,4.414928847054879
Salmonella,constant_20C,37.0,20.0,4.437376625522647
Salmonella,constant_20C,37.2,20.0,4.4598589530876165
Salmonella,constant_20C,37.4,20.0,4.482374723088992
Salmonella,constant_20C,37.6,20.0,4.504922839022325
Salmonella,constant_20C,37.800000000000004,20.0,4.527502214335827
Salmonella,constant_20C,38.0,20.0,4.550111772217288
Salmonella,constant_20C,38.2,20.0,4.572750445371975
Salmonella,constant_20C,38.400000000000006,20.0,4.5954171757919955
Salmonella,constant_20C,38.6,20.0,4.6181109145175
Salmonella,constant_20C,38.800000000000004,20.0,4.640830621390151
Salmonella,constant_20C,39.0,20.0,4.663575264799227
Salmonella,constant_20C,39.2,20.0,4.6863438214207775
Salmonella,constant_20C,39.400000000000006,20.0,4.709135275950155
Salmonella,constant_20C,39.6,20.0,4.731948620828301
Salmonella,constant_20C,39.800000000000004,20.0,4.754782855962146
Salmonella,constant_20C,40.0,20.0,4.777636988439418
Salmonella,constant_20C,40.2,20.0,4.800510032238226
Salmonella,constant_20C,40.400000000000006,20.0,4.823401007931691
Salmonella,constant_20C,40.6,20.0,4.846308942387971
Salmonella,constant_20C,40.800000000000004,20.0,4.869232868465929
Salmonella,constant_20C,41.0,20.0,4.892171824706753
Salmonella,constant_20C,41.2,20.0,4.915124855021811
Salmonella,constant_20C,41.400000000000006,20.0,4.938091008376975
Salmonella,constant_20C,41.6,20.0,4.9610693384737
Salmonella,constant_20C,41.800000000000004,20.0,4.984058903427107
Salmonella,constant_20C,42.0,20.0,5.007058765441287
Salmonella,constant_20C,42.2,20.0,5.030067990482109
Salmonella,constant_20C,42.400000000000006,20.0,5.053085647947694
Salmonella,constant_20C,42.6,20.0,5.076110810336862
Salmonella,constant_20C,42.800000000000004,20.0,5.099142552915711
Salmonella,constant_20C,43.0,20.0,5.12217995338254
Salmonella,constant_20C,43.2,20.0,5.145222091531385
Salmonella,constant_20C,43.400000000000006,20.0,5.168268048914303
Salmonella,constant_20C,43.6,20.0,5.191316908502658
Salmonella,constant_20C,43.800000000000004,20.0,5.214367754347572
Salmonella,constant_20C,44.0,20.0,5.237419671239782
Salmonella,constant_20C,44.2,20.0,5.260471744369049
Salmonella,constant_20C,44.400000000000006,20.0,5.283523058983352
Salmonella,constant_20C,44.6,20.0,5.3065727000480525
Salmonella,constant_20C,44.800000000000004,20.0,5.3296197519052075
Salmonella,constant_20C,45.0,20.0,5.352663297933251
Salmonella,constant_20C,45.2,20.0,5.37570242020722
Salmonella,constant_20C,45.400000000000006,20.0,5.398736199159734
Salmonella,constant_20C,45.6,20.0,5.421763713242912
Salmonella,constant_20C,45.800000000000004,20.0,5.444784038591464
Salmonella,constant_20C,46.0,20.0,5.467796248687104
Salmonella,constant_20C,46.2,20.0,5.490799414024564
Salmonella,constant_20C,46.400000000000006,20.0,5.513792601779348
Salmonella,constant_20C,46.6,20.0,5.5367748754775095
Salmonella,constant_20C,46.800000000000004,20.0,5.55974529466763
Salmonella,constant_20C,47.0,20.0,5.582702914595247
Salmonella,constant_20C,47.2,20.0,5.605646785879956
Salmonella,constant_20C,47.400000000000006,20.0,5.62857595419544
Salmonella,constant_20C,47.6,20.0,5.651489459952657
Salmonella,constant_20C,47.800000000000004,20.0,5.674386337986464
Salmonella,constant_20C,48.0,20.0,5.697265617245908
Salmonella,constant_25C,0.0,25.0,2.0
Salmonella,constant_25C,0.2,25.0,2.00516036784317
Salmonella,constant_25C,0.4,25.0,2.0105335649054217
Salmonella,constant_25C,0.6000000000000001,25.0,2.0161271533354057
Salmonella,constant_25C,0.8,25.0,2.0219488630252718
Salmonella,constant_25C,1.0,25.0,2.028006586867971
Salmonella,constant_25C,1.2000000000000002,25.0,2.0343083751707196
Salmonella,constant_25C,1.4000000000000001,25.0,2.0408624291826825
Salmonella,constant_25C,1.6,25.0,2.047677093696998
Salmonella,constant_25C,1.8,25.0,2.054760848689909
Salmonella,constant_25C,2.0,25.0,2.0621222999630584
Salmonella,constant_25C,2.2,25.0,2.0697701687589407
Salmonella,constant_25C,2.4000000000000004,25.0,2.0777132803241423
Salmonella,constant_25C,2.6,25.0,2.085960551400355
Salmonella,constant_25C,2.8000000000000003,25.0,2.094520976629242
Salmonella,constant_25C,3.0,25.0,2.103403613864029
Salmonella,constant_25C,3.2,25.0,2.1126175683882895
Salmonella,constant_25C,3.4000000000000004,25.0,2.1221719760506175
Salmonella,constant_25C,3.6,25.0,2.1320759853328473
Salmonella,constant_25C,3.8000000000000003,25.0,2.142338738379059
Salmonella,constant_25C,4.0,25.0,2.152969351022746
Salmonella,constant_25C,4.2,25.0,2.1639768918601674
Salmonella,constant_25C,4.4,25.0,2.1753703604289427
Salmonella,constant_25C,4.6000000000000005,25.0,2.1871586645622436
Salmonella,constant_25C,4.800000000000001,25.0,2.1993505970004117
Salmonella,constant_25C,5.0,25.0,2.2119548113532863
Salmonella,constant_25C,5.2,25.0,2.2249797975178254
Salmonella,constant_25C,5.4,25.0,2.2384338566665796
Salmonella,constant_25C,5.6000000000000005,25.0,2.2523250759330313
Salmonella,constant_25C,5.800000000000001,25.0,2.26666130292957
Salmonella,constant_25C,6.0,25.0,2.2814501202427055
Salmonella,constant_25C,6.2,25.0,2.2966988200579244
Salmonella,constant_25C,6.4,25.0,2.3124143790730223
Salmonella,constant_25C,6.6000000000000005,25.0,2.32860343386383
Salmonella,constant_25C,6.800000000000001,25.0,2.345272256869619
Salmonella,constant_25C,7.0,25.0,2.3624267331671267
Salmonella,constant_25C,7.2,25.0,2.3800723382019044
Salmonella,constant_25C,7.4,25.0,2.3982141166434774
Salmonella,constant_25C,7.6000000000000005,25.0,2.4168566625265266
Salmonella,constant_25C,7.800000000000001,25.0,2.4360041008340083
Salmonella,constant_25C,8.0,25.0,2.455660070669752
Salmonella,constant_25C,8.200000000000001,25.0,2.4758277101577075
Salmonella,constant_25C,8.4,25.0,2.4965096431927436
Salmonella,constant_25C,8.6,25.0,2.5177079681538697
Salmonella,constant_25C,8.8,25.0,2.539424248675075
Salmonella,constant_25C,9.0,25.0,2.5616595065519734
Salmonella,constant_25C,9.200000000000001,25.0,2.5844142168441797
Salmonella,constant_25C,9.4,25.0,2.6076883052142668
Salmonella,constant_25C,9.600000000000001,25.0,2.631481147524383
Salmonella,constant_25C,9.8,25.0,2.6557915716915503
Salmonella,constant_25C,10.0,25.0,2.6806178617825736
Salmonella,constant_25C,10.200000000000001,25.0,2.7059577643096824
Salmonella,constant_25C,10.4,25.0,2.7318084966687777
Salmonella,constant_25C,10.600000000000001,25.0,2.7581667576438105
Salmonella,constant_25C,10.8,25.0,2.785028739883558
Salmonella,constant_25C,11.0,25.0,2.8123901442411956
Salmonella,constant_25C,11.200000000000001,25.0,2.8402461958527545
Salmonella,constant_25C,11.4,25.0,2.86859166181801
Salmonella,constant_25C,11.600000000000001,25.0,2.8974208703366866
Salmonella,constant_25C,11.8,25.0,2.9267277311441586
Salmonella,constant_25C,12.0,25.0,2.956505757084221
Salmonella,constant_25C,12.200000000000001,25.0,2.9867480866519163
Salmonella,constant_25C,12.4,25.0,3.017447507336845
Salmonella,constant_25C,12.600000000000001,25.0,3.0485964795968914
Salmonella,constant_25C,12.8,25.0,3.080187161293591
Salmonella,constant_25C,13.0,25.0,3.1122114324235404
Salmonella,constant_25C,13.200000000000001,25.0,3.1446609199850064
Salmonella,constant_25C,13.4,25.0,3.1775270228251498
Salmonella,constant_25C,13.600000000000001,25.0,3.2108009363208416
Salmonella,constant_25C,13.8,25.0,3.244473676754724
Salmonella,constant_25C,14.0,25.0,3.2785361052577726
Salmonella,constant_25C,14.200000000000001,25.0,3.312978951199943
Salmonella,constant_25C,14.4,25.0,3.3477928349213792
Salmonella,constant_25C,14.600000000000001,25.0,3.382968289707878
Salmonella,constant_25C,14.8,25.0,3.418495782925725
Salmonella,constant_25C,15.0,25.0,3.454365736242462
Salmonella,constant_25C,15.200000000000001,25.0,3.490568544871438
Salmonella,constant_25C,15.4,25.0,3.5270945957890616
Salmonella,constant_25C,15.600000000000001,25.0,3.563934284884331
Salmonella,constant_25C,15.8,25.0,3.601078033010399
Salmonella,constant_25C,16.0,25.0,3.6385163009175985
Salmonella,constant_25C,16.2,25.0,3.6762396030563185
Salmonella,constant_25C,16.400000000000002,25.0,3.7142385202464854
Salmonella,constant_25C,16.6,25.0,3.752503711218029
Salmonella,constant_25C,16.8,25.0,3.7910259230335894
Salmonella,constant_25C,17.0,25.0,3.8297960004109206
Salmonella,constant_25C,17.2,25.0,3.8688048939678352
Salmonella,constant_25C,17.400000000000002,25.0,3.9080436674173002
Salmonella,constant_25C,17.6,25.0,3.947503503744261
Salmonella,constant_25C,17.8,25.0,3.987175710399184
Salmonella,constant_25C,18.0,25.0,4.027051723545974
Salmonella,constant_25C,18.2,25.0,4.06712311140411
Salmonella,constant_25C,18.400000000000002,25.0,4.107381576726401
Salmonella,constant_25C,18.6,25.0,4.147818958454845
Salmonella,constant_25C,18.8,25.0,4.188427232597757
Salmonella,constant_25C,19.0,25.0,4.229198512371448
Salmonella,constant_25C,19.200000000000003,25.0,4.27012504764971
Salmonella,constant_25C,19.400000000000002,25.0,4.311199223763815
Salmonella,constant_25C,19.6,25.0,4.352413559695031
Salmonella,constant_25C,19.8,25.0,4.393760705700686
Salmonella,constant_25C,20.0,25.0,4.435233440413629
Salmonella,constant_25C,20.200000000000003,25.0,4.476824667453633
Salmonella,constant_25C,20.400000000000002,25.0,4.518527411587816
Salmonella,constant_25C,20.6,25.0,4.560334814475649
Salmonella,constant_25C,20.8,25.0,4.60224013003248
Salmonella,constant_25C,21.0,25.0,4.644236719443891
Salmonella,constant_25C,21.200000000000003,25.0,4.686318045861588
Salmonella,constant_25C,21.400000000000002,25.0,4.728477668809788
Salmonella,constant_25C,21.6,25.0,4.770709238329602
Salmonella,constant_25C,21.8,25.0,4.813006488887216
Salmonella,constant_25C,22.0,25.0,4.855363233070255
Salmonella,constant_25C,22.200000000000003,25.0,4.897773355095263
Salmonella,constant_25C,22.400000000000002,25.0,4.940230804147872
Salmonella,constant_25C,22.6,25.0,4.982729587576027
Salmonella,constant_25C,22.8,25.0,5.025263763955452
Salmonella,constant_25C,23.0,25.0,5.067827436045525
Salmonella,constant_25C,23.200000000000003,25.0,5.110414743652832
Salmonella,constant_25C,23.400000000000002,25.0,5.15301985641882
Salmonella,constant_25C,23.6,25.0,5.1956369665473785
Salmonella,constant_25C,23.8,25.0,5.238260281487566
Salmonella,constant_25C,24.0,25.0,5.280884016586314
Salmonella,constant_25C,24.200000000000003,25.0,5.323502387725694
Salmonella,constant_25C,24.400000000000002,25.0,5.366109603959115
Salmonella,constant_25C,24.6,25.0,5.408699860160906
Salmonella,constant_25C,24.8,25.0,5.451267329703754
Salmonella,constant_25C,25.0,25.0,5.4938061571788275
Salmonella,constant_25C,25.200000000000003,25.0,5.536310451173757
Salmonella,constant_25C,25.400000000000002,25.0,5.578774277124133
Salmonella,constant_25C,25.6,25.0,5.621191650254922
Salmonella,constant_25C,25.8,25.0,5.663556528628914
Salmonella,constant_25C,26.0,25.0,5.705862806320199
Salmonella,constant_25C,26.200000000000003,25.0,5.748104306731764
Salmonella,constant_25C,26.400000000000002,25.0,5.790274776077341
Salmonella,constant_25C,26.6,25.0,5.832367877048949
Salmonella,constant_25C,26.8,25.0,5.874377182692803
Salmonella,constant_25C,27.0,25.0,5.916296170517811
Salmonella,constant_25C,27.200000000000003,25.0,5.958118216862234
Salmonella,constant_25C,27.400000000000002,25.0,5.999836591545734
Salmonella,constant_25C,27.6,25.0,6.041444452835599
Salmonella,constant_25C,27.8,25.0,6.08293484275756
Salmonella,constant_25C,28.0,25.0,6.124300682783298
Salmonella,constant_25C,28.200000000000003,25.0,6.1655347699283425
Salmonella,constant_25C,28.400000000000002,25.0,6.206629773295654
Salmonella,constant_25C,28.6,25.0,6.24757823110184
Salmonella,constant_25C,28.8,25.0,6.288372548224229
Salmonella,constant_25C,29.0,25.0,6.329004994308574
Salmonella,constant_25C,29.200000000000003,25.0,6.369467702478185
Salmonella,constant_25C,29.400000000000002,25.0,6.409752668686401
Salmonella,constant_25C,29.6,25.0,6.449851751755025
Salmonella,constant_25C,29.8,25.0,6.489756674141887
Salmonella,constant_25C,30.0,25.0,6.529459023480863
Salmonella,constant_25C,30.200000000000003,25.0,6.568950254937554
Salmonella,constant_25C,30.400000000000002,25.0,6.608221694423211
Salmonella,constant_25C,30.6,25.0,6.64726454270853
Salmonella,constant_25C,30.8,25.0,6.686069880477393
Salmonella,constant_25C,31.0,25.0,6.72462867435857
Salmonella,constant_25C,31.200000000000003,25.0,6.76293178397081
Salmonella,constant_25C,31.400000000000002,25.0,6.800969970013419
Salmonella,constant_25C,31.6,25.0,6.8387339034305725
Salmonella,constant_25C,31.8,25.0,6.876214175672911
Salmonella,constant_25C,32.0,25.0,6.913401310074746
Salmonella,constant_25C,32.2,25.0,6.950285774359046
Salmonella,constant_25C,32.4,25.0,6.986857994275632
Salmonella,constant_25C,32.6,25.0,7.023108368370513
Salmonella,constant_25C,32.800000000000004,25.0,7.05902728387597
Salmonella,constant_25C,33.0,25.0,7.09460513370219
Salmonella,constant_25C,33.2,25.0,7.129832334501647
Salmonella,constant_25C,33.4,25.0,7.16469934576728
Salmonella,constant_25C,33.6,25.0,7.1991966899150235
Salmonella,constant_25C,33.800000000000004,25.0,7.233314973290097
Salmonella,constant_25C,34.0,25.0,7.267044908025337
Salmonella,constant_25C,34.2,25.0,7.300377334668292
Salmonella,constant_25C,34.4,25.0,7.3333032454824725
Salmonella,constant_25C,34.6,25.0,7.36581380831681
Salmonella,constant_25C,34.800000000000004,25.0,7.397900390926489
Salmonella,constant_25C,35.0,25.0,7.429554585617853
Salmonella,constant_25C,35.2,25.0,7.460768234080384
Salmonella,constant_25C,35.4,25.0,7.491533452259927
Salmonella,constant_25C,35.6,25.0,7.521842655119599
Salmonella,constant_25C,35.800000000000004,25.0,7.551688581128364
Salmonella,constant_25C,36.0,25.0,7.5810643163122515
Salmonella,constant_25C,36.2,25.0,7.6099633176998385
Salmonella,constant_25C,36.4,25.0,7.63837943599193
Salmonella,constant_25C,36.6,25.0,7.666306937285755
Salmonella,constant_25C,36.800000000000004,25.0,7.693740523686097
Salmonella,constant_25C,37.0,25.0,7.720675352640177
Salmonella,constant_25C,37.2,25.0,7.747107054839373
Salmonella,constant_25C,37.4,25.0,7.773031750539265
Salmonella,constant_25C,37.6,25.0,7.798446064159885
Salmonella,constant_25C,37.800000000000004,25.0,7.823347137040327
Salmonella,constant_25C,38.0,25.0,7.847732638235938
Salmonella,constant_25C,38.2,25.0,7.871600773261965
Salmonella,constant_25C,38.400000000000006,25.0,7.894950290704561
Salmonella,constant_25C,38.6,25.0,7.917780486638364
Salmonella,constant_25C,38.800000000000004,25.0,7.9400912068088765
Salmonella,constant_25C,39.0,25.0,7.961882846557696
Salmonella,constant_25C,39.2,25.0,7.9831563484886745
Salmonella,constant_25C,39.400000000000006,25.0,8.00391319789322
Salmonella,constant_25C,39.6,25.0,8.0241554159727
Salmonella,constant_25C,39.800000000000004,25.0,8.043885550915201
Salmonella,constant_25C,40.0,25.0,8.063106666902204
Salmonella,constant_25C,40.2,25.0,8.081822331138001
Salmonella,constant_25C,40.400000000000006,25.0,8.100036599010542
Salmonella,constant_25C,40.6,25.0,8.117753997506671
Salmonella,constant_25C,40.800000000000004,25.0,8.13497950701727
Salmonella,constant_25C,41.0,25.0,8.151718541678456
Salmonella,constant_25C,41.2,25.0,8.167976928403665
Salmonella,constant_25C,41.400000000000006,25.0,8.183760884768011
Salmonella,constant_25C,41.6,25.0,8.19907699591101
Salmonella,constant_25C,41.800000000000004,25.0,8.213932190626034
Salmonella,constant_25C,42.0,25.0,8.228333716805642
Salmonella,constant_25C,42.2,25.0,8.242289116410385
Salmonella,constant_25C,42.400000000000006,25.0,8.255806200125557
Salmonella,constant_25C,42.6,25.0,8.268893021865635
Salmonella,constant_25C,42.800000000000004,25.0,8.281557853279754
Salmonella,constant_25C,43.0,25.0,8.293809158404084
Salmonella,constant_25C,43.2,25.0,8.305655568598194
Salmonella,constant_25C,43.400000000000006,25.0,8.317105857892884
Salmonella,constant_25C,43.6,25.0,8.328168918866595
Salmonella,constant_25C,43.800000000000004,25.0,8.338853739156644
Salmonella,constant_25C,44.0,25.0,8.349169378700138
Salmonella,constant_25C,44.2,25.0,8.35912494778815
Salmonella,constant_25C,44.400000000000006,25.0,8.368729586005129
Salmonella,constant_25C,44.6,25.0,8.377992442114229
Salmonella,constant_25C,44.800000000000004,25.0,8.386922654938175
Salmonella,constant_25C,45.0,25.0,8.395529335274558
Salmonella,constant_25C,45.2,25.0,8.40382154887423
Salmonella,constant_25C,45.400000000000006,25.0,8.411808300501812
Salmonella,constant_25C,45.6,25.0,8.419498519088286
Salmonella,constant_25C,45.800000000000004,25.0,8.42690104397727
Salmonella,constant_25C,46.0,25.0,8.43402461225892
Salmonella,constant_25C,46.2,25.0,8.440877847178479
Salmonella,constant_25C,46.400000000000006,25.0,8.447469247600297
Salmonella,constant_25C,46.6,25.0,8.453807178502675
Salmonella,constant_25C,46.800000000000004,25.0,8.459899862474185
Salmonella,constant_25C,47.0,25.0,8.465755372178004
Salmonella,constant_25C,47.2,25.0,8.471381623747536
Salmonella,constant_25C,47.400000000000006,25.0,8.476786371073716
Salmonella,constant_25C,47.6,25.0,8.481977200942378
Salmonella,constant_25C,47.800000000000004,25.0,8.48696152897836
Salmonella,constant_25C,48.0,25.0,8.491746596352042
Salmonella,constant_30C,0.0,30.0,2.0
Salmonella,constant_30C,0.2,30.0,2.008353963463493
Salmonella,constant_30C,0.4,30.0,2.0172638191962924
Salmonella,constant_30C,0.6000000000000001,30.0,2.0267611091976407
Salmonella,constant_30C,0.8,30.0,2.036878433331518
Salmonella,constant_30C,1.0,30.0,2.047649386194061
Salmonella,constant_30C,1.2000000000000002,30.0,2.059108478645627
Salmonella,constant_30C,1.4000000000000001,30.0,2.071291043027066
Salmonella,constant_30C,1.6,30.0,2.0842331212319447
Salmonella,constant_30C,1.8,30.0,2.097971335005207
Salmonella,constant_30C,2.0,30.0,2.1125427380865336
Salmonella,constant_30C,2.2,30.0,2.1279846501144517
Salmonella,constant_30C,2.4000000000000004,30.0,2.1443344725539206
Salmonella,constant_30C,2.6,30.0,2.1616294873025628
Salmonella,constant_30C,2.8000000000000003,30.0,2.1799066390628608
Salmonella,constant_30C,3.0,30.0,2.199202303030876
Salmonella,constant_30C,3.2,30.0,2.219552039934594
Salmonella,constant_30C,3.4000000000000004,30.0,2.2409903409423353
Salmonella,constant_30C,3.6,30.0,2.263550365436642
Salmonella,constant_30C,3.8000000000000003,30.0,2.2872636750924458
Salmonella,constant_30C,4.0,30.0,2.3121599680896336
Salmonella,constant_30C,4.2,30.0,2.3382668176084436
Salmonella,constant_30C,4.4,30.0,2.36560941898149
Salmonella,constant_30C,4.6000000000000005,30.0,2.3942103499906007
Salmonella,constant_30C,4.800000000000001,30.0,2.424089348785595
Salmonella,constant_30C,5.0,30.0,2.455263113755717
Salmonella,constant_30C,5.2,30.0,2.4877451293985176
Salmonella,constant_30C,5.4,30.0,2.5215455218078073
Salmonella,constant_30C,5.6000000000000005,30.0,2.5566709468510074
Salmonella,constant_30C,5.800000000000001,30.0,2.593124513442609
Salmonella,constant_30C,6.0,30.0,2.6309057435664918
Salmonella,constant_30C,6.2,30.0,2.6700105698826144
Salmonella,constant_30C,6.4,30.0,2.710431370903747
Salmonella,constant_30C,6.6000000000000005,30.0,2.752157042878142
Salmonella,constant_30C,6.800000000000001,30.0,2.7951731066968297
Salmonella,constant_30C,7.0,30.0,2.839461847390372
Salmonella,constant_30C,7.2,30.0,2.885002483116372
Salmonella,constant_30C,7.4,30.0,2.931771359987824
Salmonella,constant_30C,7.6000000000000005,30.0,2.9797421686692616
Salmonella,constant_30C,7.800000000000001,30.0,3.0288861783816863
Salmonella,constant_30C,8.0,30.0,3.0791724838107117
Salmonella,constant_30C,8.200000000000001,30.0,3.1305682604010423
Salmonella,constant_30C,8.4,30.0,3.183039023634374
Salmonella,constant_30C,8.6,30.0,3.236548888112603
Salmonella,constant_30C,8.8,30.0,3.29106082258579
Salmonella,constant_30C,9.0,30.0,3.346536897454759
Salmonella,constant_30C,9.200000000000001,30.0,3.4029385217205057
Salmonella,constant_30C,9.4,30.0,3.4602266668263444
Salmonella,constant_30C,9.600000000000001,30.0,3.518362075324711
Salmonella,constant_30C,9.8,30.0,3.577305452781601
Salmonella,constant_30C,10.0,30.0,3.637017641793318
Salmonella,constant_30C,10.200000000000001,30.0,3.697459777420745
Salmonella,constant_30C,10.4,30.0,3.7585934237371545
Salmonella,constant_30C,10.600000000000001,30.0,3.820380691530679
Salmonella,constant_30C,10.8,30.0,3.882784337498749
Salmonella,constant_30C,11.0,30.0,3.9457678455181786
Salmonella,constant_30C,11.200000000000001,30.0,4.0092954907720095
Salmonella,constant_30C,11.4,30.0,4.073332387665321
Salmonella,constant_30C,11.600000000000001,30.0,4.137844522570476
Salmonella,constant_30C,11.8,30.0,4.202798772512233
Salmonella,constant_30C,12.0,30.0,4.268162910939497
Salmonella,constant_30C,12.200000000000001,30.0,4.333905601738375
Salmonella,constant_30C,12.4,30.0,4.399996382625539
Salmonella,constant_30C,12.600000000000001,30.0,4.466405639026478
Salmonella,constant_30C,12.8,30.0,4.5331045694944905
Salmonella,constant_30C,13.0,30.0,4.600065143667303
Salmonella,constant_30C,13.200000000000001,30.0,4.667260053692558
Salmonella,constant_30C,13.4,30.0,4.734662659984284
Salmonella,constant_30C,13.600000000000001,30.0,4.802246932102494
Salmonella,constant_30C,13.8,30.0,4.8699873854795825
Salmonella,constant_30C,14.0,30.0,4.937859014652038
Salmonella,constant_30C,14.200000000000001,30.0,5.005837223595657
Salmonella,constant_30C,14.4,30.0,5.073897753708288
Salmonella,constant_30C,14.600000000000001,30.0,5.142016609936973
Salmonella,constant_30C,14.8,30.0,5.210169985506915
Salmonella,constant_30C,15.0,30.0,5.278334185678751
Salmonella,constant_30C,15.200000000000001,30.0,5.3464855509382065
Salmonella,constant_30C,15.4,30.0,5.414600380008913
Salmonella,constant_30C,15.600000000000001,30.0,5.482654853074969
Salmonella,constant_30C,15.8,30.0,5.550624955604793
Salmonella,constant_30C,16.0,30.0,5.618486403181905
Salmonella,constant_30C,16.2,30.0,5.686214567771421
Salmonella,constant_30C,16.400000000000002,30.0,5.753784405882698
Salmonella,constant_30C,16.6,30.0,5.821170389128742
Salmonella,constant_30C,16.8,30.0,5.888346437730709
Salmonella,constant_30C,17.0,30.0,5.9552858575706304
Salmonella,constant_30C,17.2,30.0,6.021961281456199
Salmonella,constant_30C,17.400000000000002,30.0,6.088344615327035
Salmonella,constant_30C,17.6,30.0,6.154406990200472
Salmonella,constant_30C,17.8,30.0,6.220118720724926
Salmonella,constant_30C,18.0,30.0,6.285449271277838
Salmonella,constant_30C,18.2,30.0,6.350367230610388
Salmonella,constant_30C,18.400000000000002,30.0,6.414840296099431
Salmonella,constant_30C,18.6,30.0,6.4788352687147786
Salmonella,constant_30C,18.8,30.0,6.54231805984294
Salmonella,constant_30C,19.0,30.0,6.605253711122321
Salmonella,constant_30C,19.200000000000003,30.0,6.6676064284347225
Salmonella,constant_30C,19.400000000000002,30.0,6.729339631159012
Salmonella,constant_30C,19.6,30.0,6.790416017719819
Salmonella,constant_30C,19.8,30.0,6.850797648352296
Salmonella,constant_30C,20.0,30.0,6.910446045849182
Salmonella,constant_30C,20.200000000000003,30.0,6.969322314854814
Salmonella,constant_30C,20.400000000000002,30.0,7.027387280020183
Salmonella,constant_30C,20.6,30.0,7.084601643032728
Salmonella,constant_30C,20.8,30.0,7.140926158185353
Salmonella,constant_30C,21.0,30.0,7.196321825754813
Salmonella,constant_30C,21.200000000000003,30.0,7.250750102025932
Salmonella,constant_30C,21.400000000000002,30.0,7.3041731243343655
Salmonella,constant_30C,21.6,30.0,7.35655394901853
Salmonella,constant_30C,21.8,30.0,7.40785679968559
Salmonella,constant_30C,22.0,30.0,7.458047322724667
Salmonella,constant_30C,22.200000000000003,30.0,7.507092846561637
Salmonella,constant_30C,22.400000000000002,30.0,7.554962640764873
Salmonella,constant_30C,22.6,30.0,7.601628170800861
Salmonella,constant_30C,22.8,30.0,7.647063344022544
Salmonella,constant_30C,23.0,30.0,7.691244742369417
Salmonella,constant_30C,23.200000000000003,30.0,7.734151837280945
Salmonella,constant_30C,23.400000000000002,30.0,7.775767182483109
Salmonella,constant_30C,23.6,30.0,7.816076580605732
Salmonella,constant_30C,23.8,30.0,7.855069220022724
Salmonella,constant_30C,24.0,30.0,7.892737778868761
Salmonella,constant_30C,24.200000000000003,30.0,7.929078493858175
Salmonella,constant_30C,24.400000000000002,30.0,7.964091192292031
Salmonella,constant_30C,24.6,30.0,7.997779286460722
Salmonella,constant_30C,24.8,30.0,8.030149730500373
Salmonella,constant_30C,25.0,30.0,8.061212940609693
Salmonella,constant_30C,25.200000000000003,30.0,8.090982680346984
Salmonella,constant_30C,25.400000000000002,30.0,8.119475913474192
Salmonella,constant_30C,25.6,30.0,8.146712627469814
Salmonella,constant_30C,25.8,30.0,8.172715631373425
Salmonella,constant_30C,26.0,30.0,8.19751033203621
Salmonella,constant_30C,26.200000000000003,30.0,8.221124493126174
Salmonella,constant_30C,26.400000000000002,30.0,8.2435879813712
Salmonella,constant_30C,26.6,30.0,8.264932504523113
Salmonella,constant_30C,26.8,30.0,8.28519134540149
Salmonella,constant_30C,27.0,30.0,8.304399096141992
Salmonella,constant_30C,27.200000000000003,30.0,8.322591396448576
Salmonella,constant_30C,27.400000000000002,30.0,8.339804679252511
Salmonella,constant_30C,27.6,30.0,8.35607592673416
Salmonella,constant_30C,27.8,30.0,8.37144243918686
Salmonella,constant_30C,28.0,30.0,8.385941618714522
Salmonella,constant_30C,28.200000000000003,30.0,8.399610769273297
Salmonella,constant_30C,28.400000000000002,30.0,8.412486914106525
Salmonella,constant_30C,28.6,30.0,8.42460663119317
Salmonella,constant_30C,28.8,30.0,8.436005906941169
Salmonella,constant_30C,29.0,30.0,8.44672000801454
Salmonella,constant_30C,29.200000000000003,30.0,8.45678337088949
Salmonella,constant_30C,29.400000000000002,30.0,8.466229508491283
Salmonella,constant_30C,29.6,30.0,8.475090933068884
Salmonella,constant_30C,29.8,30.0,8.483399094316079
Salmonella,constant_30C,30.0,30.0,8.491184331642145
Salmonella,constant_30C,30.200000000000003,30.0,8.498475839427764
Salmonella,constant_30C,30.400000000000002,30.0,8.50530164406814
Salmonella,constant_30C,30.6,30.0,8.511688591600088
Salmonella,constant_30C,30.8,30.0,8.517662344728349
Salmonella,constant_30C,31.0,30.0,8.523247388104066
Salmonella,constant_30C,31.200000000000003,30.0,8.528467040760765
Salmonella,constant_30C,31.400000000000002,30.0,8.533343474676503
Salmonella,constant_30C,31.6,30.0,8.5378977385018
Salmonella,constant_30C,31.8,30.0,8.542149785568347
Salmonella,constant_30C,32.0,30.0,8.546118505371215
Salmonella,constant_30C,32.2,30.0,8.549821757794955
Salmonella,constant_30C,32.4,30.0,8.55327640943028
Salmonella,constant_30C,32.6,30.0,8.556498371401556
Salmonella,constant_30C,32.800000000000004,30.0,8.559502638195259
Salmonella,constant_30C,33.0,30.0,8.562303327045113
Salmonella,constant_30C,33.2,30.0,8.564913717490612
Salmonella,constant_30C,33.4,30.0,8.56734629078155
Salmonella,constant_30C,33.6,30.0,8.56961276885231
Salmonella,constant_30C,33.800000000000004,30.0,8.571724152635593
Salmonella,constant_30C,34.0,30.0,8.573690759526778
Salmonella,constant_30C,34.2,30.0,8.575522259846645
Salmonella,constant_30C,34.4,30.0,8.577227712182786
Salmonella,constant_30C,34.6,30.0,8.57881559751842
Salmonella,constant_30C,34.800000000000004,30.0,8.580293852082063
Salmonella,constant_30C,35.0,30.0,8.581669898872908
Salmonella,constant_30C,35.2,30.0,8.58295067783503
Salmonella,constant_30C,35.4,30.0,8.584142674669144
Salmonella,constant_30C,35.6,30.0,8.585251948283684
Salmonella,constant_30C,35.800000000000004,30.0,8.58628415689785
Salmonella,constant_30C,36.0,30.0,8.58724458281828
Salmonella,constant_30C,36.2,30.0,8.588138155918188
Salmonella,constant_30C,36.4,30.0,8.588969475853652
Salmonella,constant_30C,36.6,30.0,8.589742833056182
Salmonella,constant_30C,36.800000000000004,30.0,8.590462228544034
Salmonella,constant_30C,37.0,30.0,8.591131392597283
Salmonella,constant_30C,37.2,30.0,8.591753802343145
Salmonella,constant_30C,37.4,30.0,8.592332698299048
Salmonella,constant_30C,37.6,30.0,8.592871099921316
Salmonella,constant_30C,37.800000000000004,30.0,8.593371820207157
Salmonella,constant_30C,38.0,30.0,8.593837479397203
Salmonella,constant_30C,38.2,30.0,8.59427051782498
Salmonella,constant_30C,38.400000000000006,30.0,8.594673207958614
Salmonella,constant_30C,38.6,30.0,8.595047665678837
Salmonella,constant_30C,38.800000000000004,30.0,8.595395860835863
Salmonella,constant_30C,39.0,30.0,8.595719627126229
Salmonella,constant_30C,39.2,30.0,8.596020671329029
Salmonella,constant_30C,39.400000000000006,30.0,8.596300581939335
Salmonella,constant_30C,39.6,30.0,8.596560837234863
Salmonella,constant_30C,39.800000000000004,30.0,8.596802812810303
Salmonella,constant_30C,40.0,30.0,8.597027788611978
Salmonella,constant_30C,40.2,30.0,8.597236955503869
Salmonella,constant_30C,40.400000000000006,30.0,8.597431421394415
Salmonella,constant_30C,40.6,30.0,8.597612216951884
Salmonella,constant_30C,40.800000000000004,30.0,8.597780300934566
Salmonella,constant_30C,41.0,30.0,8.597936565160612
Salmonella,constant_30C,41.2,30.0,8.59808183914081
Salmonella,constant_30C,41.400000000000006,30.0,8.598216894396327
Salmonella,constant_30C,41.6,30.0,8.598342448482033
Salmonella,constant_30C,41.800000000000004,30.0,8.59845916873488
Salmonella,constant_30C,42.0,30.0,8.598567675765494
Salmonella,constant_30C,42.2,30.0,8.598668546710133
Salmonella,constant_30C,42.400000000000006,30.0,8.598762318259002
Salmonella,constant_30C,42.6,30.0,8.598849489475958
Salmonella,constant_30C,42.800000000000004,30.0,8.59893052442364
Salmonella,constant_30C,43.0,30.0,8.599005854607189
Salmonella,constant_30C,43.2,30.0,8.59907588124885
Salmonella,constant_30C,43.400000000000006,30.0,8.599140977404979
Salmonella,constant_30C,43.6,30.0,8.599201489936137
Salmonella,constant_30C,43.800000000000004,30.0,8.5992577413404
Salmonella,constant_30C,44.0,30.0,8.599310031459169
Salmonella,constant_30C,44.2,30.0,8.599358639064278
Salmonella,constant_30C,44.400000000000006,30.0,8.599403823334566
Salmonella,constant_30C,44.6,30.0,8.59944582522948
Salmonella,constant_30C,44.800000000000004,30.0,8.59948486876688
Salmonella,constant_30C,45.0,30.0,8.599521162211587
Salmonella,constant_30C,45.2,30.0,8.59955489918097
Salmonella,constant_30C,45.400000000000006,30.0,8.599586259673138
Salmonella,constant_30C,45.6,30.0,8.599615411023336
Salmonella,constant_30C,45.800000000000004,30.0,8.599642508793291
Salmonella,constant_30C,46.0,30.0,8.599667697598383
Salmonella,constant_30C,46.2,30.0,8.599691111876814
Salmonella,constant_30C,46.400000000000006,30.0,8.599712876604896
Salmonella,constant_30C,46.6,30.0,8.599733107962194
Salmonella,constant_30C,46.800000000000004,30.0,8.599751913950012
Salmonella,constant_30C,47.0,30.0,8.599769394966483
Salmonella,constant_30C,47.2,30.0,8.59978564434133
Salmonella,constant_30C,47.400000000000006,30.0,8.599800748833037
Salmonella,constant_30C,47.6,30.0,8.599814789091152
Salmonella,constant_30C,47.800000000000004,30.0,8.599827840086116
Salmonella,constant_30C,48.0,30.0,8.599839971508851
Salmonella,constant_37C,0.0,37.0,2.0
Salmonella,constant_37C,0.2,37.0,2.0142751430323256
Salmonella,constant_37C,0.4,37.0,2.0301630151652974
Salmonella,constant_37C,0.6000000000000001,37.0,2.0478158719412347
Salmonella,constant_37C,0.8,37.0,2.0673935036096402
Salmonella,constant_37C,1.0,37.0,2.0890620631652097
Salmonella,constant_37C,1.2000000000000002,37.0,2.1129925219894603
Salmonella,constant_37C,1.4000000000000001,37.0,2.1393587340380087
Salmonella,constant_37C,1.6,37.0,2.168335106702757
Salmonella,constant_37C,1.8,37.0,2.2000938984953136
Salmonella,constant_37C,2.0,37.0,2.234802189794667
Salmonella,constant_37C,2.2,37.0,2.2726186015623098
Salmonella,constant_37C,2.4000000000000004,37.0,2.3136898658417873
Salmonella,constant_37C,2.6,37.0,2.358147378038826
Salmonella,constant_37C,2.8000000000000003,37.0,2.4061038810432622
Salmonella,constant_37C,3.0,37.0,2.4576504418858316
Salmonella,constant_37C,3.2,37.0,2.5128538801255833
Salmonella,constant_37C,3.4000000000000004,37.0,2.571754792036245
Salmonella,constant_37C,3.6,37.0,2.634366286044775
Salmonella,constant_37C,3.8000000000000003,37.0,2.70067350475466
Salmonella,constant_37C,4.0,37.0,2.770633960940131
Salmonella,constant_37C,4.2,37.0,2.8441786640165296
Salmonella,constant_37C,4.4,37.0,2.921213965032164
Salmonella,constant_37C,4.6000000000000005,37.0,3.001624007158856
Salmonella,constant_37C,4.800000000000001,37.0,3.0852736388030886
Salmonella,constant_37C,5.0,37.0,3.1720116299730887
Salmonella,constant_37C,5.2,37.0,3.261674029733605
Salmonella,constant_37C,5.4,37.0,3.3540875120992797
Salmonella,constant_37C,5.6000000000000005,37.0,3.4490725769541815
Salmonella,constant_37C,5.800000000000001,37.0,3.5464464982551522
Salmonella,constant_37C,6.0,37.0,3.646025940485973
Salmonella,constant_37C,6.2,37.0,3.747629193039232
Salmonella,constant_37C,6.4,37.0,3.851077998533935
Salmonella,constant_37C,6.6000000000000005,37.0,3.956198973440324
Salmonella,constant_37C,6.800000000000001,37.0,4.062824636965015
Salmonella,constant_37C,7.0,37.0,4.170794076793452
Salmonella,constant_37C,7.2,37.0,4.279953288326781
Salmonella,constant_37C,7.4,37.0,4.39015522813267
Salmonella,constant_37C,7.6000000000000005,37.0,4.501259623254175
Salmonella,constant_37C,7.800000000000001,37.0,4.613132576617231
Salmonella,constant_37C,8.0,37.0,4.7256460058210115
Salmonella,constant_37C,8.200000000000001,37.0,4.83867694875789
Salmonella,constant_37C,8.4,37.0,4.952106765339184
Salmonella,constant_37C,8.6,37.0,5.065820260523799
Salmonella,constant_37C,8.8,37.0,5.179704750172147
Salmonella,constant_37C,9.0,37.0,5.293649088197962
Salmonella,constant_37C,9.200000000000001,37.0,5.4075426712125125
Salmonella,constant_37C,9.4,37.0,5.521274435440666
Salmonella,constant_37C,9.600000000000001,37.0,5.634731860185857
Salmonella,constant_37C,9.8,37.0,5.747799992547282
Salmonella,constant_37C,10.0,37.0,5.86036050943415
Salmonella,constant_37C,10.200000000000001,37.0,5.972290835131754
Salmonella,constant_37C,10.4,37.0,6.083463335665262
Salmonella,constant_37C,10.600000000000001,37.0,6.193744614837601
Salmonella,constant_37C,10.8,37.0,6.302994940874131
Salmonella,constant_37C,11.0,37.0,6.41106783678424
Salmonella,constant_37C,11.200000000000001,37.0,6.5178098714337365
Salmonella,constant_37C,11.4,37.0,6.623060691374411
Salmonella,constant_37C,11.600000000000001,37.0,6.72665333503627
Salmonella,constant_37C,11.8,37.0,6.8284148701855845
Salmonella,constant_37C,12.0,37.0,6.92816739176023
Salmonella,constant_37C,12.200000000000001,37.0,7.025729409506168
Salmonella,constant_37C,12.4,37.0,7.120917642591284
Salmonella,constant_37C,12.600000000000001,37.0,7.213549221198716
Salmonella,constant_37C,12.8,37.0,7.303444273110467
Salmonella,constant_37C,13.0,37.0,7.390428847237997
Salmonella,constant_37C,13.200000000000001,37.0,7.474338097462618
Salmonella,constant_37C,13.4,37.0,7.555019621332092
Salmonella,constant_37C,13.600000000000001,37.0,7.632336822114218
Salmonella,constant_37C,13.8,37.0,7.706172142814147
Salmonella,constant_37C,14.0,37.0,7.77643001033342
Salmonella,constant_37C,14.200000000000001,37.0,7.84303932966826
Salmonella,constant_37C,14.4,37.0,7.905955383394355
Salmonella,constant_37C,14.600000000000001,37.0,7.965161020498667
Salmonella,constant_37C,14.8,37.0,8.020667058889753
Salmonella,constant_37C,15.0,37.0,8.072511873946947
Salmonella,constant_37C,15.200000000000001,37.0,8.120760196353052
Salmonella,constant_37C,15.4,37.0,8.165501190838746
Salmonella,constant_37C,15.600000000000001,37.0,8.206845928389841
Salmonella,constant_37C,15.8,37.0,8.244924394128429
Salmonella,constant_37C,16.0,37.0,8.279882189344582
Salmonella,constant_37C,16.2,37.0,8.31187708873556
Salmonella,constant_37C,16.400000000000002,37.0,8.341075604185244
Salmonella,constant_37C,16.6,37.0,8.367649687005821
Salmonella,constant_37C,16.8,37.0,8.391773674756971
Salmonella,constant_37C,17.0,37.0,8.41362155994836
Salmonella,constant_37C,17.2,37.0,8.433364629152681
Salmonella,constant_37C,17.400000000000002,37.0,8.451169494681103
Salmonella,constant_37C,17.6,37.0,8.467196518582703
Salmonella,constant_37C,17.8,37.0,8.481598611133602
Salmonella,constant_37C,18.0,37.0,8.494520373335149
Salmonella,constant_37C,18.2,37.0,8.506097544912317
Salmonella,constant_37C,18.400000000000002,37.0,8.51645671525534
Salmonella,constant_37C,18.6,37.0,8.525715253891905
Salmonella,constant_37C,18.8,37.0,8.533981418601265
Salmonella,constant_37C,19.0,37.0,8.541354602432238
Salmonella,constant_37C,19.200000000000003,37.0,8.547925685019333
Salmonella,constant_37C,19.400000000000002,37.0,8.553777458189382
Salmonella,constant_37C,19.6,37.0,8.558985100527945
Salmonella,constant_37C,19.8,37.0,8.563616680060422
Salmonella,constant_37C,20.0,37.0,8.567733668324497
Salmonella,constant_37C,20.200000000000003,37.0,8.571391452773343
Salmonella,constant_37C,20.400000000000002,37.0,8.574639837614862
Salmonella,constant_37C,20.6,37.0,8.577523525863882
Salmonella,constant_37C,20.8,37.0,8.580082577589938
Salmonella,constant_37C,21.0,37.0,8.582352841127324
Salmonella,constant_37C,21.200000000000003,37.0,8.584366355427374
Salmonella,constant_37C,21.400000000000002,37.0,8.586151722828548
Salmonella,constant_37C,21.6,37.0,8.587734452348935
Salmonella,constant_37C,21.8,37.0,8.589137274214982
Salmonella,constant_37C,22.0,37.0,8.590380426771855
Salmonella,constant_37C,22.200000000000003,37.0,8.591481917210489
Salmonella,constant_37C,22.400000000000002,37.0,8.592457757725441
Salmonella,constant_37C,22.6,37.0,8.59332217881111
Salmonella,constant_37C,22.8,37.0,8.594087821433286
Salmonella,constant_37C,23.0,37.0,8.594765909794845
Salmonella,constant_37C,23.200000000000003,37.0,8.595366406362572
Salmonella,constant_37C,23.400000000000002,37.0,8.595898150747002
Salmonella,constant_37C,23.6,37.0,8.596368983937182
Salmonella,constant_37C,23.8,37.0,8.596785859293687
Salmonella,constant_37C,24.0,37.0,8.597154941600705
Salmonella,constant_37C,24.200000000000003,37.0,8.597481695375183
Salmonella,constant_37C,24.400000000000002,37.0,8.597770963530243
Salmonella,constant_37C,24.6,37.0,8.598027037393177
Salmonella,constant_37C,24.8,37.0,8.598253718986506
Salmonella,constant_37C,25.0,37.0,8.598454376394258
Salmonella,constant_37C,25.200000000000003,37.0,8.598631992955623
Salmonella,constant_37C,25.400000000000002,37.0,8.598789210953992
Salmonella,constant_37C,25.6,37.0,8.598928370401676
Salmonella,constant_37C,25.8,37.0,8.599051543458419
Salmonella,constant_37C,26.0,37.0,8.599160564965663
Salmonella,constant_37C,26.200000000000003,37.0,8.599257059527263
Salmonella,constant_37C,26.400000000000002,37.0,8.599342465521392
Salmonella,constant_37C,26.6,37.0,8.599418056386721
Salmonella,constant_37C,26.8,37.0,8.599484959488647
Salmonella,constant_37C,27.0,37.0,8.599544172837856
Salmonella,constant_37C,27.200000000000003,37.0,8.59959657990343
Salmonella,constant_37C,27.400000000000002,37.0,8.599642962735958
Salmonella,constant_37C,27.6,37.0,8.59968401359207
Salmonella,constant_37C,27.8,37.0,8.599720345230438
Salmonella,constant_37C,28.0,37.0,8.599752500030267
Salmonella,constant_37C,28.200000000000003,37.0,8.599780958066246
Salmonella,constant_37C,28.400000000000002,37.0,8.599806144258894
Salmonella,constant_37C,28.6,37.0,8.599828434705767
Salmonella,constant_37C,28.8,37.0,8.59984816228704
Salmonella,constant_37C,29.0,37.0,8.599865621628386
Salmonella,constant_37C,29.200000000000003,37.0,8.599881073494613
Salmonella,constant_37C,29.400000000000002,37.0,8.599894748679281
Salmonella,constant_37C,29.6,37.0,8.599906851447912
Salmonella,constant_37C,29.8,37.0,8.59991756258596
Salmonella,constant_37C,30.0,37.0,8.599927042096887
Salmonella,constant_37C,30.200000000000003,37.0,8.59993543159037
Salmonella,constant_37C,30.400000000000002,37.0,8.599942856396249
Salmonella,constant_37C,30.6,37.0,8.599949427435625
Salmonella,constant_37C,30.8,37.0,8.599955242877053
Salmonella,constant_37C,31.0,37.0,8.599960389602389
Salmonella,constant_37C,31.200000000000003,37.0,8.599964944504245
Salmonella,constant_37C,31.400000000000002,37.0,8.599968975634324
Salmonella,constant_37C,31.6,37.0,8.599972543219794
Salmonella,constant_37C,31.8,37.0,8.599975700562839
Salmonella,constant_37C,32.0,37.0,8.599978494836812
Salmonella,constant_37C,32.2,37.0,8.599980967790891
Salmonella,constant_37C,32.4,37.0,8.599983156373716
Salmonella,constant_37C,32.6,37.0,8.599985093285335
Salmonella,constant_37C,32.800000000000004,37.0,8.599986807465713
Salmonella,constant_37C,33.0,37.0,8.599988324527057
Salmonella,constant_37C,33.2,37.0,8.599989667136462
Salmonella,constant_37C,33.4,37.0,8.599990855354541
Salmonella,constant_37C,33.6,37.0,8.599991906935134
Salmonella,constant_37C,33.800000000000004,37.0,8.599992837590563
Salmonella,constant_37C,34.0,37.0,8.599993661226364
Salmonella,constant_37C,34.2,37.0,8.599994390149064
Salmonella,constant_37C,34.4,37.0,8.59999503525003
Salmonella,constant_37C,34.6,37.0,8.599995606168218
Salmonella,constant_37C,34.800000000000004,37.0,8.599996111434168
Salmonella,constant_37C,35.0,37.0,8.599996558597473
Salmonella,constant_37C,35.2,37.0,8.599996954339582
Salmonella,constant_37C,35.4,37.0,8.599997304573614
Salmonella,constant_37C,35.6,37.0,8.599997614532727
Salmonella,constant_37C,35.800000000000004,37.0,8.599997888848295
Salmonella,constant_37C,36.0,37.0,8.599998131619117
Salmonella,constant_37C,36.2,37.0,8.599998346472653
Salmonella,constant_37C,36.4,37.0,8.599998536619232
Salmonella,constant_37C,36.6,37.0,8.599998704900012
Salmonella,constant_37C,36.800000000000004,37.0,8.599998853829433
Salmonella,constant_37C,37.0,37.0,8.599998985632793
Salmonella,constant_37C,37.2,37.0,8.599999102279494
Salmonella,constant_37C,37.4,37.0,8.599999205512464
Salmonella,constant_37C,37.6,37.0,8.59999929687421
Salmonella,constant_37C,37.800000000000004,37.0,8.599999377729855
Salmonella,constant_37C,38.0,37.0,8.599999449287541
Salmonella,constant_37C,38.2,37.0,8.599999512616487
Salmonella,constant_37C,38.400000000000006,37.0,8.599999568662946
Salmonella,constant_37C,38.6,37.0,8.59999961826437
Salmonella,constant_37C,38.800000000000004,37.0,8.599999662161899
Salmonella,constant_37C,39.0,37.0,8.59999970101145
Salmonella,constant_37C,39.2,37.0,8.599999735393515
Salmonella,constant_37C,39.400000000000006,37.0,8.59999976582183
Salmonella,constant_37C,39.6,37.0,8.599999792751051
Salmonella,constant_37C,39.800000000000004,37.0,8.59999981658356
Salmonella,constant_37C,40.0,37.0,8.599999837675458
Salmonella,constant_37C,40.2,37.0,8.599999856341903
Salmonella,constant_37C,40.400000000000006,37.0,8.599999872861808
Salmonella,constant_37C,40.6,37.0,8.599999887482012
Salmonella,constant_37C,40.800000000000004,37.0,8.599999900420972
Salmonella,constant_37C,41.0,37.0,8.599999911872022
Salmonella,constant_37C,41.2,37.0,8.599999922006266
Salmonella,constant_37C,41.400000000000006,37.0,8.599999930975123
Salmonella,constant_37C,41.6,37.0,8.59999993891261
Salmonella,constant_37C,41.800000000000004,37.0,8.59999994593733
Salmonella,constant_37C,42.0,37.0,8.599999952154246
Salmonella,constant_37C,42.2,37.0,8.599999957656248
Salmonella,constant_37C,42.400000000000006,37.0,8.599999962525551
Salmonella,constant_37C,42.6,37.0,8.599999966834911
Salmonella,constant_37C,42.800000000000004,37.0,8.599999970648717
Salmonella,constant_37C,43.0,37.0,8.599999974023955
Salmonella,constant_37C,43.2,37.0,8.59999997701106
Salmonella,constant_37C,43.400000000000006,37.0,8.599999979654665
Salmonella,constant_37C,43.6,37.0,8.59999998199427
Salmonella,constant_37C,43.800000000000004,37.0,8.59999998406483
Salmonella,constant_37C,44.0,37.0,8.599999985897288
Salmonella,constant_37C,44.2,37.0,8.599999987519023
Salmonella,constant_37C,44.400000000000006,37.0,8.59999998895427
Salmonella,constant_37C,44.6,37.0,8.599999990224468
Salmonella,constant_37C,44.800000000000004,37.0,8.5999999913486
Salmonella,constant_37C,45.0,37.0,8.599999992343466
Salmonella,constant_37C,45.2,37.0,8.599999993223925
Salmonella,constant_37C,45.400000000000006,37.0,8.599999994003138
Salmonella,constant_37C,45.6,37.0,8.599999994692745
Salmonella,constant_37C,45.800000000000004,37.0,8.599999995303051
Salmonella,constant_37C,46.0,37.0,8.599999995843174
Salmonella,constant_37C,46.2,37.0,8.599999996321188
Salmonella,constant_37C,46.400000000000006,37.0,8.59999999674423
Salmonella,constant_37C,46.6,37.0,8.599999997118626
Salmonella,constant_37C,46.800000000000004,37.0,8.59999999744997
Salmonella,constant_37C,47.0,37.0,8.599999997743208
Salmonella,constant_37C,47.2,37.0,8.599999998002726
Salmonella,constant_37C,47.400000000000006,37.0,8.599999998232402
Salmonella,constant_37C,47.6,37.0,8.599999998435667
Salmonella,constant_37C,47.800000000000004,37.0,8.599999998615555
Salmonella,constant_37C,48.0,37.0,8.59999999877476
E. coli,constant_5C,0.0,5.0,2.0
E. coli,constant_5C,0.2,5.0,2.0
E. coli,constant_5C,0.4,5.0,2.0
E. coli,constant_5C,0.6000000000000001,5.0,2.0
E. coli,constant_5C,0.8,5.0,2.0
E. coli,constant_5C,1.0,5.0,2.0
E. coli,constant_5C,1.2000000000000002,5.0,2.0
E. coli,constant_5C,1.4000000000000001,5.0,2.0
E. coli,constant_5C,1.6,5.0,2.0
E. coli,constant_5C,1.8,5.0,2.0
E. coli,constant_5C,2.0,5.0,2.0
E. coli,constant_5C,2.2,5.0,2.0
E. coli,constant_5C,2.4000000000000004,5.0,2.0
E. coli,constant_5C,2.6,5.0,2.0
E. coli,constant_5C,2.8000000000000003,5.0,2.0
E. coli,constant_5C,3.0,5.0,2.0
E. coli,constant_5C,3.2,5.0,2.0
E. coli,constant_5C,3.4000000000000004,5.0,2.0
E. coli,constant_5C,3.6,5.0,2.0
E. coli,constant_5C,3.8000000000000003,5.0,2.0
E. coli,constant_5C,4.0,5.0,2.0
E. coli,constant_5C,4.2,5.0,2.0
E. coli,constant_5C,4.4,5.0,2.0
E. coli,constant_5C,4.6000000000000005,5.0,2.0
E. coli,constant_5C,4.800000000000001,5.0,2.0
E. coli,constant_5C,5.0,5.0,2.0
E. coli,constant_5C,5.2,5.0,2.0
E. coli,constant_5C,5.4,5.0,2.0
E. coli,constant_5C,5.6000000000000005,5.0,2.0
E. coli,constant_5C,5.800000000000001,5.0,2.0
E. coli,constant_5C,6.0,5.0,2.0
E. coli,constant_5C,6.2,5.0,2.0
E. coli,constant_5C,6.4,5.0,2.0
E. coli,constant_5C,6.6000000000000005,5.0,2.0
E. coli,constant_5C,6.800000000000001,5.0,2.0
E. coli,constant_5C,7.0,5.0,2.0
E. coli,constant_5C,7.2,5.0,2.0
E. coli,constant_5C,7.4,5.0,2.0
E. coli,constant_5C,7.6000000000000005,5.0,2.0
E. coli,constant_5C,7.800000000000001,5.0,2.0
E. coli,constant_5C,8.0,5.0,2.0
E. coli,constant_5C,8.200000000000001,5.0,2.0
E. coli,constant_5C,8.4,5.0,2.0
E. coli,constant_5C,8.6,5.0,2.0
E. coli,constant_5C,8.8,5.0,2.0
E. coli,constant_5C,9.0,5.0,2.0
E. coli,constant_5C,9.200000000000001,5.0,2.0
E. coli,constant_5C,9.4,5.0,2.0
E. coli,constant_5C,9.600000000000001,5.0,2.0
E. coli,constant_5C,9.8,5.0,2.0
E. coli,constant_5C,10.0,5.0,2.0
E. coli,constant_5C,10.200000000000001,5.0,2.0
E. coli,constant_5C,10.4,5.0,2.0
E. coli,constant_5C,10.600000000000001,5.0,2.0
E. coli,constant_5C,10.8,5.0,2.0
E. coli,constant_5C,11.0,5.0,2.0
E. coli,constant_5C,11.200000000000001,5.0,2.0
E. coli,constant_5C,11.4,5.0,2.0
E. coli,constant_5C,11.600000000000001,5.0,2.0
E. coli,constant_5C,11.8,5.0,2.0
E. coli,constant_5C,12.0,5.0,2.0
E. coli,constant_5C,12.200000000000001,5.0,2.0
E. coli,constant_5C,12.4,5.0,2.0
E. coli,constant_5C,12.600000000000001,5.0,2.0
E. coli,constant_5C,12.8,5.0,2.0
E. coli,constant_5C,13.0,5.0,2.0
E. coli,constant_5C,13.200000000000001,5.0,2.0
E. coli,constant_5C,13.4,5.0,2.0
E. coli,constant_5C,13.600000000000001,5.0,2.0
E. coli,constant_5C,13.8,5.0,2.0
E. coli,constant_5C,14.0,5.0,2.0
E. coli,constant_5C,14.200000000000001,5.0,2.0
E. coli,constant_5C,14.4,5.0,2.0
E. coli,constant_5C,14.600000000000001,5.0,2.0
E. coli,constant_5C,14.8,5.0,2.0
E. coli,constant_5C,15.0,5.0,2.0
E. coli,constant_5C,15.200000000000001,5.0,2.0
E. coli,constant_5C,15.4,5.0,2.0
E. coli,constant_5C,15.600000000000001,5.0,2.0
E. coli,constant_5C,15.8,5.0,2.0
E. coli,constant_5C,16.0,5.0,2.0
E. coli,constant_5C,16.2,5.0,2.0
E. coli,constant_5C,16.400000000000002,5.0,2.0
E. coli,constant_5C,16.6,5.0,2.0
E. coli,constant_5C,16.8,5.0,2.0
E. coli,constant_5C,17.0,5.0,2.0
E. coli,constant_5C,17.2,5.0,2.0
E. coli,constant_5C,17.400000000000002,5.0,2.0
E. coli,constant_5C,17.6,5.0,2.0
E. coli,constant_5C,17.8,5.0,2.0
E. coli,constant_5C,18.0,5.0,2.0
E. coli,constant_5C,18.2,5.0,2.0
E. coli,constant_5C,18.400000000000002,5.0,2.0
E. coli,constant_5C,18.6,5.0,2.0
E. coli,constant_5C,18.8,5.0,2.0
E. coli,constant_5C,19.0,5.0,2.0
E. coli,constant_5C,19.200000000000003,5.0,2.0
E. coli,constant_5C,19.400000000000002,5.0,2.0
E. coli,constant_5C,19.6,5.0,2.0
E. coli,constant_5C,19.8,5.0,2.0
E. coli,constant_5C,20.0,5.0,2.0
E. coli,constant_5C,20.200000000000003,5.0,2.0
E. coli,constant_5C,20.400000000000002,5.0,2.0
E. coli,constant_5C,20.6,5.0,2.0
E. coli,constant_5C,20.8,5.0,2.0
E. coli,constant_5C,21.0,5.0,2.0
E. coli,constant_5C,21.200000000000003,5.0,2.0
E. coli,constant_5C,21.400000000000002,5.0,2.0
E. coli,constant_5C,21.6,5.0,2.0
E. coli,constant_5C,21.8,5.0,2.0
E. coli,constant_5C,22.0,5.0,2.0
E. coli,constant_5C,22.200000000000003,5.0,2.0
E. coli,constant_5C,22.400000000000002,5.0,2.0
E. coli,constant_5C,22.6,5.0,2.0
E. coli,constant_5C,22.8,5.0,2.0
E. coli,constant_5C,23.0,5.0,2.0
E. coli,constant_5C,23.200000000000003,5.0,2.0
E. coli,constant_5C,23.400000000000002,5.0,2.0
E. coli,constant_5C,23.6,5.0,2.0
E. coli,constant_5C,23.8,5.0,2.0
E. coli,constant_5C,24.0,5.0,2.0
E. coli,constant_5C,24.200000000000003,5.0,2.0
E. coli,constant_5C,24.400000000000002,5.0,2.0
E. coli,constant_5C,24.6,5.0,2.0
E. coli,constant_5C,24.8,5.0,2.0
E. coli,constant_5C,25.0,5.0,2.0
E. coli,constant_5C,25.200000000000003,5.0,2.0
E. coli,constant_5C,25.400000000000002,5.0,2.0
E. coli,constant_5C,25.6,5.0,2.0
E. coli,constant_5C,25.8,5.0,2.0
E. coli,constant_5C,26.0,5.0,2.0
E. coli,constant_5C,26.200000000000003,5.0,2.0
E. coli,constant_5C,26.400000000000002,5.0,2.0
E. coli,constant_5C,26.6,5.0,2.0
E. coli,constant_5C,26.8,5.0,2.0
E. coli,constant_5C,27.0,5.0,2.0
E. coli,constant_5C,27.200000000000003,5.0,2.0
E. coli,constant_5C,27.400000000000002,5.0,2.0
E. coli,constant_5C,27.6,5.0,2.0
E. coli,constant_5C,27.8,5.0,2.0
E. coli,constant_5C,28.0,5.0,2.0
E. coli,constant_5C,28.200000000000003,5.0,2.0
E. coli,constant_5C,28.400000000000002,5.0,2.0
E. coli,constant_5C,28.6,5.0,2.0
E. coli,constant_5C,28.8,5.0,2.0
E. coli,constant_5C,29.0,5.0,2.0
E. coli,constant_5C,29.200000000000003,5.0,2.0
E. coli,constant_5C,29.400000000000002,5.0,2.0
E. coli,constant_5C,29.6,5.0,2.0
E. coli,constant_5C,29.8,5.0,2.0
E. coli,constant_5C,30.0,5.0,2.0
E. coli,constant_5C,30.200000000000003,5.0,2.0
E. coli,constant_5C,30.400000000000002,5.0,2.0
E. coli,constant_5C,30.6,5.0,2.0
E. coli,constant_5C,30.8,5.0,2.0
E. coli,constant_5C,31.0,5.0,2.0
E. coli,constant_5C,31.200000000000003,5.0,2.0
E. coli,constant_5C,31.400000000000002,5.0,2.0
E. coli,constant_5C,31.6,5.0,2.0
E. coli,constant_5C,31.8,5.0,2.0
E. coli,constant_5C,32.0,5.0,2.0
E. coli,constant_5C,32.2,5.0,2.0
E. coli,constant_5C,32.4,5.0,2.0
E. coli,constant_5C,32.6,5.0,2.0
E. coli,constant_5C,32.800000000000004,5.0,2.0
E. coli,constant_5C,33.0,5.0,2.0
E. coli,constant_5C,33.2,5.0,2.0
E. coli,constant_5C,33.4,5.0,2.0
E. coli,constant_5C,33.6,5.0,2.0
E. coli,constant_5C,33.800000000000004,5.0,2.0
E. coli,constant_5C,34.0,5.0,2.0
E. coli,constant_5C,34.2,5.0,2.0
E. coli,constant_5C,34.4,5.0,2.0
E. coli,constant_5C,34.6,5.0,2.0
E. coli,constant_5C,34.800000000000004,5.0,2.0
E. coli,constant_5C,35.0,5.0,2.0
E. coli,constant_5C,35.2,5.0,2.0
E. coli,constant_5C,35.4,5.0,2.0
E. coli,constant_5C,35.6,5.0,2.0
E. coli,constant_5C,35.800000000000004,5.0,2.0
E. coli,constant_5C,36.0,5.0,2.0
E. coli,constant_5C,36.2,5.0,2.0
E. coli,constant_5C,36.4,5.0,2.0
E. coli,constant_5C,36.6,5.0,2.0
E. coli,constant_5C,36.800000000000004,5.0,2.0
E. coli,constant_5C,37.0,5.0,2.0
E. coli,constant_5C,37.2,5.0,2.0
E. coli,constant_5C,37.4,5.0,2.0
E. coli,constant_5C,37.6,5.0,2.0
E. coli,constant_5C,37.800000000000004,5.0,2.0
E. coli,constant_5C,38.0,5.0,2.0
E. coli,constant_5C,38.2,5.0,2.0
E. coli,constant_5C,38.400000000000006,5.0,2.0
E. coli,constant_5C,38.6,5.0,2.0
E. coli,constant_5C,38.800000000000004,5.0,2.0
E. coli,constant_5C,39.0,5.0,2.0
E. coli,constant_5C,39.2,5.0,2.0
E. coli,constant_5C,39.400000000000006,5.0,2.0
E. coli,constant_5C,39.6,5.0,2.0
E. coli,constant_5C,39.800000000000004,5.0,2.0
E. coli,constant_5C,40.0,5.0,2.0
E. coli,constant_5C,40.2,5.0,2.0
E. coli,constant_5C,40.400000000000006,5.0,2.0
E. coli,constant_5C,40.6,5.0,2.0
E. coli,constant_5C,40.800000000000004,5.0,2.0
E. coli,constant_5C,41.0,5.0,2.0
E. coli,constant_5C,41.2,5.0,2.0
E. coli,constant_5C,41.400000000000006,5.0,2.0
E. coli,constant_5C,41.6,5.0,2.0
E. coli,constant_5C,41.800000000000004,5.0,2.0
E. coli,constant_5C,42.0,5.0,2.0
E. coli,constant_5C,42.2,5.0,2.0
E. coli,constant_5C,42.400000000000006,5.0,2.0
E. coli,constant_5C,42.6,5.0,2.0
E. coli,constant_5C,42.800000000000004,5.0,2.0
E. coli,constant_5C,43.0,5.0,2.0
E. coli,constant_5C,43.2,5.0,2.0
E. coli,constant_5C,43.400000000000006,5.0,2.0
E. coli,constant_5C,43.6,5.0,2.0
E. coli,constant_5C,43.800000000000004,5.0,2.0
E. coli,constant_5C,44.0,5.0,2.0
E. coli,constant_5C,44.2,5.0,2.0
E. coli,constant_5C,44.400000000000006,5.0,2.0
E. coli,constant_5C,44.6,5.0,2.0
E. coli,constant_5C,44.800000000000004,5.0,2.0
E. coli,constant_5C,45.0,5.0,2.0
E. coli,constant_5C,45.2,5.0,2.0
E. coli,constant_5C,45.400000000000006,5.0,2.0
E. coli,constant_5C,45.6,5.0,2.0
E. coli,constant_5C,45.800000000000004,5.0,2.0
E. coli,constant_5C,46.0,5.0,2.0
E. coli,constant_5C,46.2,5.0,2.0
E. coli,constant_5C,46.400000000000006,5.0,2.0
E. coli,constant_5C,46.6,5.0,2.0
E. coli,constant_5C,46.800000000000004,5.0,2.0
E. coli,constant_5C,47.0,5.0,2.0
E. coli,constant_5C,47.2,5.0,2.0
E. coli,constant_5C,47.400000000000006,5.0,2.0
E. coli,constant_5C,47.6,5.0,2.0
E. coli,constant_5C,47.800000000000004,5.0,2.0
E. coli,constant_5C,48.0,5.0,2.0
E. coli,constant_10C,0.0,10.0,2.0
E. coli,constant_10C,0.2,10.0,2.000153862550919
E. coli,constant_10C,0.4,10.0,2.000307844734032
E. coli,constant_10C,0.6000000000000001,10.0,2.0004619466238647
E. coli,constant_10C,0.8,10.0,2.0006161682949624
E. coli,constant_10C,1.0,10.0,2.0007705098218858
E. coli,constant_10C,1.2000000000000002,10.0,2.000924971279215
E. coli,constant_10C,1.4000000000000001,10.0,2.0010795527415475
E. coli,constant_10C,1.6,10.0,2.001234254283497
E. coli,constant_10C,1.8,10.0,2.0013890759796955
E. coli,constant_10C,2.0,10.0,2.0015440179047923
E. coli,constant_10C,2.2,10.0,2.001699080133455
E. coli,constant_10C,2.4000000000000004,10.0,2.001854262740366
E. coli,constant_10C,2.6,10.0,2.0020095658002277
E. coli,constant_10C,2.8000000000000003,10.0,2.002164989387758
E. coli,constant_10C,3.0,10.0,2.0023205335776932
E. coli,constant_10C,3.2,10.0,2.002476198444785
E. coli,constant_10C,3.4000000000000004,10.0,2.0026319840638047
E. coli,constant_10C,3.6,10.0,2.0027878905095386
E. coli,constant_10C,3.8000000000000003,10.0,2.00294391785679
E. coli,constant_10C,4.0,10.0,2.0031000661803806
E. coli,constant_10C,4.2,10.0,2.003256335555148
E. coli,constant_10C,4.4,10.0,2.0034127260559473
E. coli,constant_10C,4.6000000000000005,10.0,2.0035692377576493
E. coli,constant_10C,4.800000000000001,10.0,2.003725870735143
E. coli,constant_10C,5.0,10.0,2.003882625063333
E. coli,constant_10C,5.2,10.0,2.004039500817142
E. coli,constant_10C,5.4,10.0,2.004196498071507
E. coli,constant_10C,5.6000000000000005,10.0,2.004353616901384
E. coli,constant_10C,5.800000000000001,10.0,2.0045108573817445
E. coli,constant_10C,6.0,10.0,2.0046682195875767
E. coli,constant_10C,6.2,10.0,2.004825703593885
E. coli,constant_10C,6.4,10.0,2.0049833094756906
E. coli,constant_10C,6.6000000000000005,10.0,2.0051410373080305
E. coli,constant_10C,6.800000000000001,10.0,2.0052988871659587
E. coli,constant_10C,7.0,10.0,2.005456859124546
E. coli,constant_10C,7.2,10.0,2.005614953258877
E. coli,constant_10C,7.4,10.0,2.0057731696440557
E. coli,constant_10C,7.6000000000000005,10.0,2.005931508355201
E. coli,constant_10C,7.800000000000001,10.0,2.006089969467446
E. coli,constant_10C,8.0,10.0,2.006248553055943
E. coli,constant_10C,8.200000000000001,10.0,2.006407259195859
E. coli,constant_10C,8.4,10.0,2.0065660879623755
E. coli,constant_10C,8.6,10.0,2.006725039430693
E. coli,constant_10C,8.8,10.0,2.0068841136760245
E. coli,constant_10C,9.0,10.0,2.007043310773602
E. coli,constant_10C,9.200000000000001,10.0,2.0072026307986706
E. coli,constant_10C,9.4,10.0,2.007362073826493
E. coli,constant_10C,9.600000000000001,10.0,2.007521639932347
E. coli,constant_10C,9.8,10.0,2.007681329191526
E. coli,constant_10C,10.0,10.0,2.0078411416793385
E. coli,constant_10C,10.200000000000001,10.0,2.0080010774711097
E. coli,constant_10C,10.4,10.0,2.0081611366421797
E. coli,constant_10C,10.600000000000001,10.0,2.0083213192679032
E. coli,constant_10C,10.8,10.0,2.008481625423652
E. coli,constant_10C,11.0,10.0,2.0086420551848128
E. coli,constant_10C,11.200000000000001,10.0,2.0088026086267874
E. coli,constant_10C,11.4,10.0,2.0089632858249913
E. coli,constant_10C,11.600000000000001,10.0,2.0091240868548583
E. coli,constant_10C,11.8,10.0,2.009285011791835
E. coli,constant_10C,12.0,10.0,2.009446060711384
E. coli,constant_10C,12.200000000000001,10.0,2.009607233688983
E. coli,constant_10C,12.4,10.0,2.0097685308001254
E. coli,constant_10C,12.600000000000001,10.0,2.0099299521203178
E. coli,constant_10C,12.8,10.0,2.010091497725084
E. coli,constant_10C,13.0,10.0,2.0102531676899607
E. coli,constant_10C,13.200000000000001,10.0,2.0104149620905
E. coli,constant_10C,13.4,10.0,2.0105768810022706
E. coli,constant_10C,13.600000000000001,10.0,2.010738924500853
E. coli,constant_10C,13.8,10.0,2.010901092661845
E. coli,constant_10C,14.0,10.0,2.011063385560857
E. coli,constant_10C,14.200000000000001,10.0,2.0112258032735157
E. coli,constant_10C,14.4,10.0,2.0113883458754622
E. coli,constant_10C,14.600000000000001,10.0,2.0115510134423498
E. coli,constant_10C,14.8,10.0,2.01171380604985
E. coli,constant_10C,15.0,10.0,2.011876723773645
E. coli,constant_10C,15.200000000000001,10.0,2.0120397666894347
E. coli,constant_10C,15.4,10.0,2.0122029348729313
E. coli,constant_10C,15.600000000000001,10.0,2.0123662283998613
E. coli,constant_10C,15.8,10.0,2.0125296473459673
E. coli,constant_10C,16.0,10.0,2.012693191787003
E. coli,constant_10C,16.2,10.0,2.012856861798739
E. coli,constant_10C,16.400000000000002,10.0,2.013020657456958
E. coli,constant_10C,16.6,10.0,2.0131845788374583
E. coli,constant_10C,16.8,10.0,2.013348626016052
E. coli,constant_10C,17.0,10.0,2.0135127990685637
E. coli,constant_10C,17.2,10.0,2.013677098070834
E. coli,constant_10C,17.400000000000002,10.0,2.0138415230987152
E. coli,constant_10C,17.6,10.0,2.0140060742280754
E. coli,constant_10C,17.8,10.0,2.014170751534794
E. coli,constant_10C,18.0,10.0,2.014335555094767
E. coli,constant_10C,18.2,10.0,2.0145004849839023
E. coli,constant_10C,18.400000000000002,10.0,2.0146655412781214
E. coli,constant_10C,18.6,10.0,2.0148307240533594
E. coli,constant_10C,18.8,10.0,2.014996033385566
E. coli,constant_10C,19.0,10.0,2.0151614693507023
E. coli,constant_10C,19.200000000000003,10.0,2.0153270320247447
E. coli,constant_10C,19.400000000000002,10.0,2.015492721483682
E. coli,constant_10C,19.6,10.0,2.0156585378035174
E. coli,constant_10C,19.8,10.0,2.0158244810602652
E. coli,constant_10C,20.0,10.0,2.015990551329955
E. coli,constant_10C,20.200000000000003,10.0,2.016156748688628
E. coli,constant_10C,20.400000000000002,10.0,2.01632307321234
E. coli,constant_10C,20.6,10.0,2.016489524977158
E. coli,constant_10C,20.8,10.0,2.016656104059165
E. coli,constant_10C,21.0,10.0,2.0168228105344523
E. coli,constant_10C,21.200000000000003,10.0,2.016989644479129
E. coli,constant_10C,21.400000000000002,10.0,2.0171566059693133
E. coli,constant_10C,21.6,10.0,2.0173236950811386
E. coli,constant_10C,21.8,10.0,2.0174909118907505
E. coli,constant_10C,22.0,10.0,2.0176582564743057
E. coli,constant_10C,22.200000000000003,10.0,2.0178257289079755
E. coli,constant_10C,22.400000000000002,10.0,2.0179933292679433
E. coli,constant_10C,22.6,10.0,2.018161057630404
E. coli,constant_10C,22.8,10.0,2.018328914071567
E. coli,constant_10C,23.0,10.0,2.0184968986676517
E. coli,constant_10C,23.200000000000003,10.0,2.0186650114948916
E. coli,constant_10C,23.400000000000002,10.0,2.0188332526295323
E. coli,constant_10C,23.6,10.0,2.0190016221478304
E. coli,constant_10C,23.8,10.0,2.019170120126057
E. coli,constant_10C,24.0,10.0,2.0193387466404937
E. coli,constant_10C,24.200000000000003,10.0,2.0195075017674338
E. coli,constant_10C,24.400000000000002,10.0,2.019676385583185
E. coli,constant_10C,24.6,10.0,2.019845398164064
E. coli,constant_10C,24.8,10.0,2.0200145395864024
E. coli,constant_10C,25.0,10.0,2.020183809926541
E. coli,constant_10C,25.200000000000003,10.0,2.0203532092608345
E. coli,constant_10C,25.400000000000002,10.0,2.0205227376656483
E. coli,constant_10C,25.6,10.0,2.0206923952173605
E. coli,constant_10C,25.8,10.0,2.02086218199236
E. coli,constant_10C,26.0,10.0,2.0210320980670478
E. coli,constant_10C,26.200000000000003,10.0,2.021202143517835
E. coli,constant_10C,26.400000000000002,10.0,2.021372318421148
E. coli,constant_10C,26.6,10.0,2.0215426228534215
E. coli,constant_10C,26.8,10.0,2.0217130568911013
E. coli,constant_10C,27.0,10.0,2.0218836206106476
E. coli,constant_10C,27.200000000000003,10.0,2.0220543140885288
E. coli,constant_10C,27.400000000000002,10.0,2.0222251374012257
E. coli,constant_10C,27.6,10.0,2.022396090625231
E. coli,constant_10C,27.8,10.0,2.0225671738370488
E. coli,constant_10C,28.0,10.0,2.0227383871131925
E. coli,constant_10C,28.200000000000003,10.0,2.022909730530188
E. coli,constant_10C,28.400000000000002,10.0,2.0230812041645723
E. coli,constant_10C,28.6,10.0,2.0232528080928924
E. coli,constant_10C,28.8,10.0,2.023424542391707
E. coli,constant_10C,29.0,10.0,2.023596407137586
E. coli,constant_10C,29.200000000000003,10.0,2.023768402407108
E. coli,constant_10C,29.400000000000002,10.0,2.0239405282768654
E. coli,constant_10C,29.6,10.0,2.0241127848234592
E. coli,constant_10C,29.8,10.0,2.0242851721235007
E. coli,constant_10C,30.0,10.0,2.024457690253614
E. coli,constant_10C,30.200000000000003,10.0,2.0246303392904323
E. coli,constant_10C,30.400000000000002,10.0,2.024803119310599
E. coli,constant_10C,30.6,10.0,2.024976030390768
E. coli,constant_10C,30.8,10.0,2.0251490726076042
E. coli,constant_10C,31.0,10.0,2.025322246037783
E. coli,constant_10C,31.200000000000003,10.0,2.0254955507579884
E. coli,constant_10C,31.400000000000002,10.0,2.025668986844917
E. coli,constant_10C,31.6,10.0,2.0258425543752736
E. coli,constant_10C,31.8,10.0,2.0260162534257735
E. coli,constant_10C,32.0,10.0,2.0261900840731433
E. coli,constant_10C,32.2,10.0,2.0263640463941175
E. coli,constant_10C,32.4,10.0,2.0265381404654423
E. coli,constant_10C,32.6,10.0,2.026712366363873
E. coli,constant_10C,32.800000000000004,10.0,2.0268867241661757
E. coli,constant_10C,33.0,10.0,2.0270612139491235
E. coli,constant_10C,33.2,10.0,2.027235835789503
E. coli,constant_10C,33.4,10.0,2.0274105897641075
E. coli,constant_10C,33.6,10.0,2.0275854759497407
E. coli,constant_10C,33.800000000000004,10.0,2.0277604944232173
E. coli,constant_10C,34.0,10.0,2.027935645261359
E. coli,constant_10C,34.2,10.0,2.0281109285409995
E. coli,constant_10C,34.4,10.0,2.0282863443389796
E. coli,constant_10C,34.6,10.0,2.028461892732151
E. coli,constant_10C,34.800000000000004,10.0,2.028637573797373
E. coli,constant_10C,35.0,10.0,2.028813387611517
E. coli,constant_10C,35.2,10.0,2.02898933425146
E. coli,constant_10C,35.4,10.0,2.029165413794091
E. coli,constant_10C,35.6,10.0,2.0293416263163064
E. coli,constant_10C,35.800000000000004,10.0,2.029517971895012
E. coli,constant_10C,36.0,10.0,2.0296944506071224
E. coli,constant_10C,36.2,10.0,2.0298710625295615
E. coli,constant_10C,36.4,10.0,2.0300478077392614
E. coli,constant_10C,36.6,10.0,2.030224686313164
E. coli,constant_10C,36.800000000000004,10.0,2.030401698328219
E. coli,constant_10C,37.0,10.0,2.0305788438613845
E. coli,constant_10C,37.2,10.0,2.030756122989628
E. coli,constant_10C,37.4,10.0,2.030933535789925
E. coli,constant_10C,37.6,10.0,2.031111082339259
E. coli,constant_10C,37.800000000000004,10.0,2.0312887627146243
E. coli,constant_10C,38.0,10.0,2.03146657699302
E. coli,constant_10C,38.2,10.0,2.0316445252514557
E. coli,constant_10C,38.400000000000006,10.0,2.0318226075669497
E. coli,constant_10C,38.6,10.0,2.0320008240165266
E. coli,constant_10C,38.800000000000004,10.0,2.0321791746772204
E. coli,constant_10C,39.0,10.0,2.032357659626073
E. coli,constant_10C,39.2,10.0,2.032536278940134
E. coli,constant_10C,39.400000000000006,10.0,2.032715032696462
E. coli,constant_10C,39.6,10.0,2.0328939209721217
E. coli,constant_10C,39.800000000000004,10.0,2.033072943844187
E. coli,constant_10C,40.0,10.0,2.033252101389739
E. coli,constant_10C,40.2,10.0,2.033431393685867
E. coli,constant_10C,40.400000000000006,10.0,2.0336108208096673
E. coli,constant_10C,40.6,10.0,2.033790382838244
E. coli,constant_10C,40.800000000000004,10.0,2.0339700798487095
E. coli,constant_10C,41.0,10.0,2.034149911918183
E. coli,constant_10C,41.2,10.0,2.0343298791237907
E. coli,constant_10C,41.400000000000006,10.0,2.0345099815426675
E. coli,constant_10C,41.6,10.0,2.034690219251954
E. coli,constant_10C,41.800000000000004,10.0,2.034870592328799
E. coli,constant_10C,42.0,10.0,2.0350511008503585
E. coli,constant_10C,42.2,10.0,2.0352317448937955
E. coli,constant_10C,42.400000000000006,10.0,2.0354125245362806
E. coli,constant_10C,42.6,10.0,2.0355934398549898
E. coli,constant_10C,42.800000000000004,10.0,2.0357744909271083
E. coli,constant_10C,43.0,10.0,2.035955677829826
E. coli,constant_10C,43.2,10.0,2.0361370006403408
E. coli,constant_10C,43.400000000000006,10.0,2.036318459435858
E. coli,constant_10C,43.6,10.0,2.036500054293588
E. coli,constant_10C,43.800000000000004,10.0,2.0366817852907495
E. coli,constant_10C,44.0,10.0,2.0368636525045662
E. coli,constant_10C,44.2,10.0,2.03704565601227
E. coli,constant_10C,44.400000000000006,10.0,2.037227795891098
E. coli,constant_10C,44.6,10.0,2.037410072218294
E. coli,constant_10C,44.800000000000004,10.0,2.037592485071109
E. coli,constant_10C,45.0,10.0,2.037775034526799
E. coli,constant_10C,45.2,10.0,2.0379577206626274
E. coli,constant_10C,45.400000000000006,10.0,2.038140543555863
E. coli,constant_10C,45.6,10.0,2.0383235032837805
E. coli,constant_10C,45.800000000000004,10.0,2.0385065999236622
E. coli,constant_10C,46.0,10.0,2.038689833552794
E. coli,constant_10C,46.2,10.0,2.0388732042484707
E. coli,constant_10C,46.400000000000006,10.0,2.0390567120879903
E. coli,constant_10C,46.6,10.0,2.039240357148658
E. coli,constant_10C,46.800000000000004,10.0,2.0394241395077843
E. coli,constant_10C,47.0,10.0,2.0396080592426857
E. coli,constant_10C,47.2,10.0,2.039792116430684
E. coli,constant_10C,47.400000000000006,10.0,2.0399763111491067
E. coli,constant_10C,47.6,10.0,2.0401606434752875
E. coli,constant_10C,47.800000000000004,10.0,2.0403451134865644
E. coli,constant_10C,48.0,10.0,2.040529721260281
E. coli,constant_15C,0.0,15.0,2.0
E. coli,constant_15C,0.2,15.0,2.0014709840066156
E. coli,constant_15C,0.4,15.0,2.0029528880044087
E. coli,constant_15C,0.6000000000000001,15.0,2.0044457766643835
E. coli,constant_15C,0.8,15.0,2.0059497147970053
E. coli,constant_15C,1.0,15.0,2.007464767348709
E. coli,constant_15C,1.2000000000000002,15.0,2.0089909993983515
E. coli,constant_15C,1.4000000000000001,15.0,2.0105284761536004
E. coli,constant_15C,1.6,15.0,2.012077262947272
E. coli,constant_15C,1.8,15.0,2.013637425233603
E. coli,constant_15C,2.0,15.0,2.015209028584468
E. coli,constant_15C,2.2,15.0,2.0167921386855387
E. coli,constant_15C,2.4000000000000004,15.0,2.0183868213323795
E. coli,constant_15C,2.6,15.0,2.0199931424264927
E. coli,constant_15C,2.8000000000000003,15.0,2.021611167971296
E. coli,constant_15C,3.0,15.0,2.023240964068046
E. coli,constant_15C,3.2,15.0,2.024882596911704
E. coli,constant_15C,3.4000000000000004,15.0,2.026536132786737
E. coli,constant_15C,3.6,15.0,2.028201638062869
E. coli,constant_15C,3.8000000000000003,15.0,2.0298791791907647
E. coli,constant_15C,4.0,15.0,2.0315688226976603
E. coli,constant_15C,4.2,15.0,2.0332706351829324
E. coli,constant_15C,4.4,15.0,2.034984683313613
E. coli,constant_15C,4.6000000000000005,15.0,2.0367110338198398
E. coli,constant_15C,4.800000000000001,15.0,2.0384497534902537
E. coli,constant_15C,5.0,15.0,2.040200909167337
E. coli,constant_15C,5.2,15.0,2.04196456774269
E. coli,constant_15C,5.4,15.0,2.043740796152258
E. coli,constant_15C,5.6000000000000005,15.0,2.045529661371493
E. coli,constant_15C,5.800000000000001,15.0,2.0473312304104616
E. coli,constant_15C,6.0,15.0,2.0491455703088968
E. coli,constant_15C,6.2,15.0,2.050972748131193
E. coli,constant_15C,6.4,15.0,2.052812830961341
E. coli,constant_15C,6.6000000000000005,15.0,2.0546658858978137
E. coli,constant_15C,6.800000000000001,15.0,2.056531980048391
E. coli,constant_15C,7.0,15.0,2.0584111805249288
E. coli,constant_15C,7.2,15.0,2.060303554438079
E. coli,constant_15C,7.4,15.0,2.0622091688919513
E. coli,constant_15C,7.6000000000000005,15.0,2.064128090978716
E. coli,constant_15C,7.800000000000001,15.0,2.0660603877731627
E. coli,constant_15C,8.0,15.0,2.0680061263272016
E. coli,constant_15C,8.200000000000001,15.0,2.0699653736643095
E. coli,constant_15C,8.4,15.0,2.0719381967739263
E. coli,constant_15C,8.6,15.0,2.073924662605801
E. coli,constant_15C,8.8,15.0,2.075924838064285
E. coli,constant_15C,9.0,15.0,2.0779387900025768
E. coli,constant_15C,9.200000000000001,15.0,2.07996658521691
E. coli,constant_15C,9.4,15.0,2.082008290440703
E. coli,constant_15C,9.600000000000001,15.0,2.084063972338655
E. coli,constant_15C,9.8,15.0,2.086133697500786
E. coli,constant_15C,10.0,15.0,2.0882175324364485
E. coli,constant_15C,10.200000000000001,15.0,2.0903155435682708
E. coli,constant_15C,10.4,15.0,2.092427797226073
E. coli,constant_15C,10.600000000000001,15.0,2.0945543596407257
E. coli,constant_15C,10.8,15.0,2.09669529693797
E. coli,constant_15C,11.0,15.0,2.098850675132196
E. coli,constant_15C,11.200000000000001,15.0,2.101020560120171
E. coli,constant_15C,11.4,15.0,2.103205017674734
E. coli,constant_15C,11.600000000000001,15.0,2.1054041134384467
E. coli,constant_15C,11.8,15.0,2.1076179129172017
E. coli,constant_15C,12.0,15.0,2.109846481473796
E. coli,constant_15C,12.200000000000001,15.0,2.1120898843214646
E. coli,constant_15C,12.4,15.0,2.114348186517376
E. coli,constant_15C,12.600000000000001,15.0,2.1166214529560934
E. coli,constant_15C,12.8,15.0,2.1189097483630013
E. coli,constant_15C,13.0,15.0,2.121213137287694
E. coli,constant_15C,13.200000000000001,15.0,2.123531684097337
E. coli,constant_15C,13.4,15.0,2.125865452969991
E. coli,constant_15C,13.600000000000001,15.0,2.128214507887912
E. coli,constant_15C,13.8,15.0,2.1305789126308126
E. coli,constant_15C,14.0,15.0,2.132958730769104
E. coli,constant_15C,14.200000000000001,15.0,2.135354025657103
E. coli,constant_15C,14.4,15.0,2.1377648604262216
E. coli,constant_15C,14.600000000000001,15.0,2.1401912979781206
E. coli,constant_15C,14.8,15.0,2.142633400977851
E. coli,constant_15C,15.0,15.0,2.1450912318469633
E. coli,constant_15C,15.200000000000001,15.0,2.147564852756606
E. coli,constant_15C,15.4,15.0,2.150054325620591
E. coli,constant_15C,15.600000000000001,15.0,2.152559712088456
E. coli,constant_15C,15.8,15.0,2.155081073538497
E. coli,constant_15C,16.0,15.0,2.1576184710707906
E. coli,constant_15C,16.2,15.0,2.1601719655002047
E. coli,constant_15C,16.400000000000002,15.0,2.1627416173493903
E. coli,constant_15C,16.6,15.0,2.165327486841764
E. coli,constant_15C,16.8,15.0,2.1679296338944836
E. coli,constant_15C,17.0,15.0,2.1705481181114132
E. coli,constant_15C,17.2,15.0,2.173182998776078
E. coli,constant_15C,17.400000000000002,15.0,2.175834334844616
E. coli,constant_15C,17.6,15.0,2.178502184938731
E. coli,constant_15C,17.8,15.0,2.1811866073386303
E. coli,constant_15C,18.0,15.0,2.183887659975978
E. coli,constant_15C,18.2,15.0,2.1866054004268305
E. coli,constant_15C,18.400000000000002,15.0,2.189339885904592
E. coli,constant_15C,18.6,15.0,2.1920911732529595
E. coli,constant_15C,18.8,15.0,2.1948593189388834
E. coli,constant_15C,19.0,15.0,2.197644379045526
E. coli,constant_15C,19.200000000000003,15.0,2.2004464092652394
E. coli,constant_15C,19.400000000000002,15.0,2.2032654648925423
E. coli,constant_15C,19.6,15.0,2.206101600817117
E. coli,constant_15C,19.8,15.0,2.208954871516817
E. coli,constant_15C,20.0,15.0,2.2118253310506892
E. coli,constant_15C,20.200000000000003,15.0,2.2147130330520146
E. coli,constant_15C,20.400000000000002,15.0,2.217618030721366
E. coli,constant_15C,20.6,15.0,2.2205403768196894
E. coli,constant_15C,20.8,15.0,2.223480123661403
E. coli,constant_15C,21.0,15.0,2.226437323107523
E. coli,constant_15C,21.200000000000003,15.0,2.2294120265588155
E. coli,constant_15C,21.400000000000002,15.0,2.232404284948973
E. coli,constant_15C,21.6,15.0,2.2354141487378234
E. coli,constant_15C,21.8,15.0,2.238441667904566
E. coli,constant_15C,22.0,15.0,2.241486891941043
E. coli,constant_15C,22.200000000000003,15.0,2.2445498698450446
E. coli,constant_15C,22.400000000000002,15.0,2.2476306501136527
E. coli,constant_15C,22.6,15.0,2.2507292807366146
E. coli,constant_15C,22.8,15.0,2.253845809189765
E. coli,constant_15C,23.0,15.0,2.2569802824284873
E. coli,constant_15C,23.200000000000003,15.0,2.2601327468812134
E. coli,constant_15C,23.400000000000002,15.0,2.2633032484429765
E. coli,constant_15C,23.6,15.0,2.266491832469001
E. coli,constant_15C,23.8,15.0,2.2696985437683517
E. coli,constant_15C,24.0,15.0,2.272923426597623
E. coli,constant_15C,24.200000000000003,15.0,2.2761665246546863
E. coli,constant_15C,24.400000000000002,15.0,2.279427881072492
E. coli,constant_15C,24.6,15.0,2.282707538412921
E. coli,constant_15C,24.8,15.0,2.2860055386606994
E. coli,constant_15C,25.0,15.0,2.2893219232173707
E. coli,constant_15C,25.200000000000003,15.0,2.292656732895324
E. coli,constant_15C,25.400000000000002,15.0,2.296010007911895
E. coli,constant_15C,25.6,15.0,2.2993817878835188
E. coli,constant_15C,25.8,15.0,2.302772111819958
E. coli,constant_15C,26.0,15.0,2.3061810181185938
E. coli,constant_15C,26.200000000000003,15.0,2.30960854455879
E. coli,constant_15C,26.400000000000002,15.0,2.31305472829632
E. coli,constant_15C,26.6,15.0,2.3165196058578763
E. coli,constant_15C,26.8,15.0,2.320003213135648
E. coli,constant_15C,27.0,15.0,2.3235055853819757
E. coli,constant_15C,27.200000000000003,15.0,2.3270267572040844
E. coli,constant_15C,27.400000000000002,15.0,2.330566762558892
E. coli,constant_15C,27.6,15.0,2.334125634747905
E. coli,constant_15C,27.8,15.0,2.33770340641219
E. coli,constant_15C,28.0,15.0,2.341300109527431
E. coli,constant_15C,28.200000000000003,15.0,2.344915775399072
E. coli,constant_15C,28.400000000000002,15.0,2.3485504346575485
E. coli,constant_15C,28.6,15.0,2.352204117253601
E. coli,constant_15C,28.8,15.0,2.355876852453685
E. coli,constant_15C,29.0,15.0,2.359568668835467
E. coli,constant_15C,29.200000000000003,15.0,2.363279594283415
E. coli,constant_15C,29.400000000000002,15.0,2.367009655984483
E. coli,constant_15C,29.6,15.0,2.37075888042389
E. coli,constant_15C,29.8,15.0,2.374527293380994
E. coli,constant_15C,30.0,15.0,2.3783149199252662
E. coli,constant_15C,30.200000000000003,15.0,2.3821217844123623
E. coli,constant_15C,30.400000000000002,15.0,2.385947910480296
E. coli,constant_15C,30.6,15.0,2.38979332104571
E. coli,constant_15C,30.8,15.0,2.393658038300257
E. coli,constant_15C,31.0,15.0,2.397542083707074
E. coli,constant_15C,31.200000000000003,15.0,2.4014454779973704
E. coli,constant_15C,31.400000000000002,15.0,2.405368241167119
E. coli,constant_15C,31.6,15.0,2.409310392473853
E. coli,constant_15C,31.8,15.0,2.413271950433572
E. coli,constant_15C,32.0,15.0,2.417252932817755
E. coli,constant_15C,32.2,15.0,2.421253356650491
E. coli,constant_15C,32.4,15.0,2.4252732382057083
E. coli,constant_15C,32.6,15.0,2.429312593004526
E. coli,constant_15C,32.800000000000004,15.0,2.4333714358127128
E. coli,constant_15C,33.0,15.0,2.437449780638261
E. coli,constant_15C,33.2,15.0,2.4415476407290764
E. coli,constant_15C,33.4,15.0,2.445665028570778
E. coli,constant_15C,33.6,15.0,2.4498019558846202
E. coli,constant_15C,33.800000000000004,15.0,2.453958433625525
E. coli,constant_15C,34.0,15.0,2.4581344719802356
E. coli,constant_15C,34.2,15.0,2.4623300803655894
E. coli,constant_15C,34.4,15.0,2.4665452674268975
E. coli,constant_15C,34.6,15.0,2.470780041036462
E. coli,constant_15C,34.800000000000004,15.0,2.475034408292193
E. coli,constant_15C,35.0,15.0,2.4793083755163585
E. coli,constant_15C,35.2,15.0,2.4836019482544507
E. coli,constant_15C,35.4,15.0,2.487915131274169
E. coli,constant_15C,35.6,15.0,2.4922479285645274
E. coli,constant_15C,35.800000000000004,15.0,2.4966003433350816
E. coli,constant_15C,36.0,15.0,2.5009723780152817
E. coli,constant_15C,36.2,15.0,2.5053640342539363
E. coli,constant_15C,36.4,15.0,2.5097753129188076
E. coli,constant_15C,36.6,15.0,2.514206214096325
E. coli,constant_15C,36.800000000000004,15.0,2.518656737091418
E. coli,constant_15C,37.0,15.0,2.5231268804274753
E. coli,constant_15C,37.2,15.0,2.5276166418464228
E. coli,constant_15C,37.4,15.0,2.532126018308923
E. coli,constant_15C,37.6,15.0,2.5366550059946995
E. coli,constant_15C,37.800000000000004,15.0,2.541203600302978
E. coli,constant_15C,38.0,15.0,2.545771795853051
E. coli,constant_15C,38.2,15.0,2.550359586484968
E. coli,constant_15C,38.400000000000006,15.0,2.554966965260337
E. coli,constant_15C,38.6,15.0,2.5595939244632553
E. coli,constant_15C,38.800000000000004,15.0,2.564240455601358
E. coli,constant_15C,39.0,15.0,2.568906549406982
E. coli,constant_15C,39.2,15.0,2.573592195838457
E. coli,constant_15C,39.400000000000006,15.0,2.57829738408151
E. coli,constant_15C,39.6,15.0,2.5830221025507907
E. coli,constant_15C,39.800000000000004,15.0,2.5877663388915124
E. coli,constant_15C,40.0,15.0,2.592530079981215
E. coli,constant_15C,40.2,15.0,2.597313311931639
E. coli,constant_15C,40.400000000000006,15.0,2.6021160200907216
E. coli,constant_15C,40.6,15.0,2.6069381890447043
E. coli,constant_15C,40.800000000000004,15.0,2.611779802620355
E. coli,constant_15C,41.0,15.0,2.6166408438873074
E. coli,constant_15C,41.2,15.0,2.6215212951605102
E. coli,constant_15C,41.400000000000006,15.0,2.6264211380027938
E. coli,constant_15C,41.6,15.0,2.6313403532275372
E. coli,constant_15C,41.800000000000004,15.0,2.636278920901464
E. coli,constant_15C,42.0,15.0,2.641236820347526
E. coli,constant_15C,42.2,15.0,2.6462140301479176
E. coli,constant_15C,42.400000000000006,15.0,2.651210528147179
E. coli,constant_15C,42.6,15.0,2.656226291455419
E. coli,constant_15C,42.800000000000004,15.0,2.661261296451637
E. coli,constant_15C,43.0,15.0,2.666315518787151
E. coli,constant_15C,43.2,15.0,2.67138893338913
E. coli,constant_15C,43.400000000000006,15.0,2.676481514464228
E. coli,constant_15C,43.6,15.0,2.6815932355023175
E. coli,constant_15C,43.800000000000004,15.0,2.6867240692803263
E. coli,constant_15C,44.0,15.0,2.6918739878661677
E. coli,constant_15C,44.2,15.0,2.6970429626227763
E. coli,constant_15C,44.400000000000006,15.0,2.7022309642122258
E. coli,constant_15C,44.6,15.0,2.707437962599959
E. coli,constant_15C,44.800000000000004,15.0,2.7126639270590975
E. coli,constant_15C,45.0,15.0,2.717908826174848
E. coli,constant_15C,45.2,15.0,2.723172627849001
E. coli,constant_15C,45.400000000000006,15.0,2.7284552993045144
E. coli,constant_15C,45.6,15.0,2.733756807090186
E. coli,constant_15C,45.800000000000004,15.0,2.7390771170854187
E. coli,constant_15C,46.0,15.0,2.7444161945050567
E. coli,constant_15C,46.2,15.0,2.749774003904318
E. coli,constant_15C,46.400000000000006,15.0,2.7551505091838013
E. coli,constant_15C,46.6,15.0,2.760545673594575
E. coli,constant_15C,46.800000000000004,15.0,2.7659594597433426
E. coli,constant_15C,47.0,15.0,2.7713918295976896
E. coli,constant_15C,47.2,15.0,2.7768427444913995
E. coli,constant_15C,47.400000000000006,15.0,2.7823121651298486
E. coli,constant_15C,47.6,15.0,2.7878000515954695
E. coli,constant_15C,47.800000000000004,15.0,2.7933063633532855
E. coli,constant_15C,48.0,15.0,2.7988310592565164
E. coli,constant_20C,0.0,20.0,2.0
E. coli,constant_20C,0.2,20.0,2.0041599815715085
E. coli,constant_20C,0.4,20.0,2.0084070599444916
E. coli,constant_20C,0.6000000000000001,20.0,2.0127426768535366
E. coli,constant_20C,0.8,20.0,2.01716828190968
E. coli,constant_20C,1.0,20.0,2.021685331943442
E. coli,constant_20C,1.2000000000000002,20.0,2.0262952903190175
E. coli,constant_20C,1.4000000000000001,20.0,2.03099962621958
E. coli,constant_20C,1.6,20.0,2.0357998139037075
E. coli,constant_20C,1.8,20.0,2.0406973319330164
E. coli,constant_20C,2.0,20.0,2.045693662371143
E. coli,constant_20C,2.2,20.0,2.050790289954297
E. coli,constant_20C,2.4000000000000004,20.0,2.055988701233674
E. coli,constant_20C,2.6,20.0,2.0612903836900864
E. coli,constant_20C,2.8000000000000003,20.0,2.0666968248212716
E. coli,constant_20C,3.0,20.0,2.0722095112023786
E. coli,constant_20C,3.2,20.0,2.077829927520267
E. coli,constant_20C,3.4000000000000004,20.0,2.0835595555822852
E. coli,constant_20C,3.6,20.0,2.0893998733003185
E. coli,constant_20C,3.8000000000000003,20.0,2.0953523536509735
E. coli,constant_20C,4.0,20.0,2.101418463612844
E. coli,constant_20C,4.2,20.0,2.107599663081908
E. coli,constant_20C,4.4,20.0,2.113897403766191
E. coli,constant_20C,4.6000000000000005,20.0,2.120313128060918
E. coli,constant_20C,4.800000000000001,20.0,2.126848267905467
E. coli,constant_20C,5.0,20.0,2.1335042436235336
E. coli,constant_20C,5.2,20.0,2.140282462747997
E. coli,constant_20C,5.4,20.0,2.1471843188320694
E. coli,constant_20C,5.6000000000000005,20.0,2.1542111902483945
E. coli,constant_20C,5.800000000000001,20.0,2.1613644389778486
E. coli,constant_20C,6.0,20.0,2.168645409389871
E. coli,constant_20C,6.2,20.0,2.1760554270162364
E. coli,constant_20C,6.4,20.0,2.1835957973202507
E. coli,constant_20C,6.6000000000000005,20.0,2.1912678044634233
E. coli,constant_20C,6.800000000000001,20.0,2.199072710071738
E. coli,constant_20C,7.0,20.0,2.2070117520036994
E. coli,constant_20C,7.2,20.0,2.215086143122391
E. coli,constant_20C,7.4,20.0,2.223297070073833
E. coli,constant_20C,7.6000000000000005,20.0,2.231645692073961
E. coli,constant_20C,7.800000000000001,20.0,2.240133139706607
E. coli,constant_20C,8.0,20.0,2.248760513734857
E. coli,constant_20C,8.200000000000001,20.0,2.2575288839282233
E. coli,constant_20C,8.4,20.0,2.266439287908052
E. coli,constant_20C,8.6,20.0,2.275492730013614
E. coli,constant_20C,8.8,20.0,2.2846901801913106
E. coli,constant_20C,9.0,20.0,2.294032572909434
E. coli,constant_20C,9.200000000000001,20.0,2.3035208061008876
E. coli,constant_20C,9.4,20.0,2.3131557401362435
E. coli,constant_20C,9.600000000000001,20.0,2.3229381968295093
E. coli,constant_20C,9.8,20.0,2.3328689584788793
E. coli,constant_20C,10.0,20.0,2.3429487669447457
E. coli,constant_20C,10.200000000000001,20.0,2.3531783227671403
E. coli,constant_20C,10.4,20.0,2.3635582843247387
E. coli,constant_20C,10.600000000000001,20.0,2.374089267037451
E. coli,constant_20C,10.8,20.0,2.3847718426145628
E. coli,constant_20C,11.0,20.0,2.39560653835027
E. coli,constant_20C,11.200000000000001,20.0,2.4065938364683586
E. coli,constant_20C,11.4,20.0,2.4177341735176756
E. coli,constant_20C,11.600000000000001,20.0,2.4290279398199006
E. coli,constant_20C,11.8,20.0,2.4404754789710204
E. coli,constant_20C,12.0,20.0,2.4520770873977704
E. coli,constant_20C,12.200000000000001,20.0,2.4638330139701625
E. coli,constant_20C,12.4,20.0,2.4757434596710968
E. coli,constant_20C,12.600000000000001,20.0,2.4878085773238836
E. coli,constant_20C,12.8,20.0,2.5000284713783802
E. coli,constant_20C,13.0,20.0,2.512403197756259
E. coli,constant_20C,13.200000000000001,20.0,2.5249327637558103
E. coli,constant_20C,13.4,20.0,2.5376171280164828
E. coli,constant_20C,13.600000000000001,20.0,2.5504562005432443
E. coli,constant_20C,13.8,20.0,2.5634498427906554
E. coli,constant_20C,14.0,20.0,2.5765978678064143
E. coli,constant_20C,14.200000000000001,20.0,2.5899000404339607
E. coli,constant_20C,14.4,20.0,2.6033560775735722
E. coli,constant_20C,14.600000000000001,20.0,2.616965648501244
E. coli,constant_20C,14.8,20.0,2.630728375244477
E. coli,constant_20C,15.0,20.0,2.6446438330139705
E. coli,constant_20C,15.200000000000001,20.0,2.658711550690061
E. coli,constant_20C,15.4,20.0,2.672931011362616
E. coli,constant_20C,15.600000000000001,20.0,2.687301652922974
E. coli,constant_20C,15.8,20.0,2.7018228687063717
E. coli,constant_20C,16.0,20.0,2.7164940081832087
E. coli,constant_20C,16.2,20.0,2.7313143776973674
E. coli,constant_20C,16.400000000000002,20.0,2.746283241249724
E. coli,constant_20C,16.6,20.0,2.7613998213248614
E. coli,constant_20C,16.8,20.0,2.776663299758953
E. coli,constant_20C,17.0,20.0,2.792072818646649
E. coli,constant_20C,17.2,20.0,2.8076274812847823
E. coli,constant_20C,17.400000000000002,20.0,2.8233263531506196
E. coli,constant_20C,17.6,20.0,2.83916846291232
E. coli,constant_20C,17.8,20.0,2.855152803469268
E. coli,constant_20C,18.0,20.0,2.87127833301985
E. coli,constant_20C,18.2,20.0,2.887543976154265
E. coli,constant_20C,18.400000000000002,20.0,2.903948624969928
E. coli,constant_20C,18.6,20.0,2.9204911402069986
E. coli,constant_20C,18.8,20.0,2.937170352401605
E. coli,constant_20C,19.0,20.0,2.9539850630542945
E. coli,constant_20C,19.200000000000003,20.0,2.970934045811308
E. coli,constant_20C,19.400000000000002,20.0,2.988016047656243
E. coli,constant_20C,19.6,20.0,3.005229790109762
E. coli,constant_20C,19.8,20.0,3.0225739704349825
E. coli,constant_20C,20.0,20.0,3.040047262846269
E. coli,constant_20C,20.200000000000003,20.0,3.0576483197191853
E. coli,constant_20C,20.400000000000002,20.0,3.075375772799404
E. coli,constant_20C,20.6,20.0,3.093228234408478
E. coli,constant_20C,20.8,20.0,3.111204298644373
E. coli,constant_20C,21.0,20.0,3.129302542574811
E. coli,constant_20C,21.200000000000003,20.0,3.147521527421484
E. coli,constant_20C,21.400000000000002,20.0,3.16585979973331
E. coli,constant_20C,21.6,20.0,3.184315892546979
E. coli,constant_20C,21.8,20.0,3.202888326533109
E. coli,constant_20C,22.0,20.0,3.2215756111264318
E. coli,constant_20C,22.200000000000003,20.0,3.240376245638501
E. coli,constant_20C,22.400000000000002,20.0,3.259288720351524
E. coli,constant_20C,22.6,20.0,3.2783115175919884
E. coli,constant_20C,22.8,20.0,3.2974431127828527
E. coli,constant_20C,23.0,20.0,3.316681975473162
E. coli,constant_20C,23.200000000000003,20.0,3.336026570344042
E. coli,constant_20C,23.400000000000002,20.0,3.355475358190105
E. coli,constant_20C,23.6,20.0,3.3750267968753964
E. coli,constant_20C,23.8,20.0,3.3946793422630996
E. coli,constant_20C,24.0,20.0,3.4144314491182954
E. coli,constant_20C,24.200000000000003,20.0,3.4342815719831665
E. coli,constant_20C,24.400000000000002,20.0,3.454228166024104
E. coli,constant_20C,24.6,20.0,3.474269687850278
E. coli,constant_20C,24.8,20.0,3.4944045963032817
E. coli,constant_20C,25.0,20.0,3.514631353217554
E. coli,constant_20C,25.200000000000003,20.0,3.534948424151357
E. coli,constant_20C,25.400000000000002,20.0,3.5553542790881423
E. coli,constant_20C,25.6,20.0,3.5758473931082206
E. coli,constant_20C,25.8,20.0,3.5964262470306987
E. coli,constant_20C,26.0,20.0,3.6170893280257252
E. coli,constant_20C,26.200000000000003,20.0,3.6378351301971277
E. coli,constant_20C,26.400000000000002,20.0,3.6586621551355845
E. coli,constant_20C,26.6,20.0,3.6795689124425364
E. coli,constant_20C,26.8,20.0,3.7005539202250657
E. coli,constant_20C,27.0,20.0,3.7216157055620487
E. coli,constant_20C,27.200000000000003,20.0,3.742752804941891
E. coli,constant_20C,27.400000000000002,20.0,3.7639637646722313
E. coli,constant_20C,27.6,20.0,3.7852471412620057
E. coli,constant_20C,27.8,20.0,3.8066015017763206
E. coli,constant_20C,28.0,20.0,3.828025424164584
E. coli,constant_20C,28.200000000000003,20.0,3.8495174975624
E. coli,constant_20C,28.400000000000002,20.0,3.8710763225677387
E. coli,constant_20C,28.6,20.0,3.8927005114919258
E. coli,constant_20C,28.8,20.0,3.914388688585995
E. coli,constant_20C,29.0,20.0,3.9361394902429874
E. coli,constant_20C,29.200000000000003,20.0,3.957951565176781
E. coli,constant_20C,29.400000000000002,20.0,3.979823574578049
E. coli,constant_20C,29.6,20.0,4.001754192247958
E. coli,constant_20C,29.8,20.0,4.023742104710206
E. coli,constant_20C,30.0,20.0,4.045786011302047
E. coli,constant_20C,30.200000000000003,20.0,4.0678846242449
E. coli,constant_20C,30.400000000000002,20.0,4.090036668695178
E. coli,constant_20C,30.6,20.0,4.112240882775975
E. coli,constant_20C,30.8,20.0,4.134496017590206
E. coli,constant_20C,31.0,20.0,4.156800837215856
E. coli,constant_20C,31.200000000000003,20.0,4.179154118683924
E. coli,constant_20C,31.400000000000002,20.0,4.20155465193969
E. coli,constant_20C,31.6,20.0,4.224001239787914
E. coli,constant_20C,31.8,20.0,4.246492697822555
E. coli,constant_20C,32.0,20.0,4.269027854341587
E. coli,constant_20C,32.2,20.0,4.29160555024753
E. coli,constant_20C,32.4,20.0,4.31422463893422
E. coli,constant_20C,32.6,20.0,4.336883986160412
E. coli,constant_20C,32.800000000000004,20.0,4.359582469910741
E. coli,constant_20C,33.0,20.0,4.382318980244578
E. coli,constant_20C,33.2,20.0,4.40509241913333
E. coli,constant_20C,33.4,20.0,4.427901700286648
E. coli,constant_20C,33.6,20.0,4.450745748968081
E. coli,constant_20C,33.800000000000004,20.0,4.473623501800641
E. coli,constant_20C,34.0,20.0,4.496533906562744
E. coli,constant_20C,34.2,20.0,4.519475921974998
E. coli,constant_20C,34.4,20.0,4.5424485174782685
E. coli,constant_20C,34.6,20.0,4.565450673003459
E. coli,constant_20C,34.800000000000004,20.0,4.588481378733408
E. coli,constant_20C,35.0,20.0,4.611539634857317
E. coli,constant_20C,35.2,20.0,4.634624451318102
E. coli,constant_20C,35.4,20.0,4.657734847553008
E. coli,constant_20C,35.6,20.0,4.680869852227894
E. coli,constant_20C,35.800000000000004,20.0,4.704028502965509
E. coli,constant_20C,36.0,20.0,4.7272098460680825
E. coli,constant_20C,36.2,20.0,4.75041293623459
E. coli,constant_20C,36.4,20.0,4.773636836272964
E. coli,constant_20C,36.6,20.0,4.796880616807568
E. coli,constant_20C,36.800000000000004,20.0,4.82014335598222
E. coli,constant_20C,37.0,20.0,4.843424139159027
E. coli,constant_20C,37.2,20.0,4.866722058613314
E. coli,constant_20C,37.4,20.0,4.890036213224876
E. coli,constant_20C,37.6,20.0,4.913365708165823
E. coli,constant_20C,37.800000000000004,20.0,4.936709654585226
E. coli,constant_20C,38.0,20.0,4.9600671692908
E. coli,constant_20C,38.2,20.0,4.9834373744278535
E. coli,constant_20C,38.400000000000006,20.0,5.006819397155669
E. coli,constant_20C,38.6,20.0,5.0302123693215615
E. coli,constant_20C,38.800000000000004,20.0,5.053615427132777
E. coli,constant_20C,39.0,20.0,5.077027710826416
E. coli,constant_20C,39.2,20.0,5.1004483643375735
E. coli,constant_20C,39.400000000000006,20.0,5.123876534965861
E. coli,constant_20C,39.6,20.0,5.147311373040461
E. coli,constant_20C,39.800000000000004,20.0,5.170752031583907
E. coli,constant_20C,40.0,20.0,5.1941976659747064
E. coli,constant_20C,40.2,20.0,5.2176474336090015
E. coli,constant_20C,40.400000000000006,20.0,5.24110049356137
E. coli,constant_20C,40.6,20.0,5.264556006244952
E. coli,constant_20C,40.800000000000004,20.0,5.288013133071031
E. coli,constant_20C,41.0,20.0,5.3114710361081885
E. coli,constant_20C,41.2,20.0,5.334928877741221
E. coli,constant_20C,41.400000000000006,20.0,5.358385820329905
E. coli,constant_20C,41.6,20.0,5.381841025867786
E. coli,constant_20C,41.800000000000004,20.0,5.405293655641106
E. coli,constant_20C,42.0,20.0,5.428742869888027
E. coli,constant_20C,42.2,20.0,5.452187827458279
E. coli,constant_20C,42.400000000000006,20.0,5.475627685473367
E. coli,constant_20C,42.6,20.0,5.499061598987503
E. coli,constant_20C,42.800000000000004,20.0,5.522488720649392
E. coli,constant_20C,43.0,20.0,5.5459082003650115
E. coli,constant_20C,43.2,20.0,5.569319184961577
E. coli,constant_20C,43.400000000000006,20.0,5.59272081785279
E. coli,constant_20C,43.6,20.0,5.616112238705603
E. coli,constant_20C,43.800000000000004,20.0,5.639492583108591
E. coli,constant_20C,44.0,20.0,5.662860982242165
E. coli,constant_20C,44.2,20.0,5.68621656255078
E. coli,constant_20C,44.400000000000006,20.0,5.709558445417304
E. coli,constant_20C,44.6,20.0,5.732885746839783
E. coli,constant_20C,44.800000000000004,20.0,5.756197577110768
E. coli,constant_20C,45.0,20.0,5.779493040499413
E. coli,constant_20C,45.2,20.0,5.80277123493659
E. coli,constant_20C,45.400000000000006,20.0,5.826031251703207
E. coli,constant_20C,45.6,20.0,5.849272175121989
E. coli,constant_20C,45.800000000000004,20.0,5.872493082252965
E. coli,constant_20C,46.0,20.0,5.8956930425928915
E. coli,constant_20C,46.2,20.0,5.918871117778924
E. coli,constant_20C,46.400000000000006,20.0,5.942026361296755
E. coli,constant_20C,46.6,20.0,5.96515781819356
E. coli,constant_20C,46.800000000000004,20.0,5.988264524796005
E. coli,constant_20C,47.0,20.0,6.011345508433674
E. coli,constant_20C,47.2,20.0,6.034399787168189
E. coli,constant_20C,47.400000000000006,20.0,6.0574263695283985
E. coli,constant_20C,47.6,20.0,6.08042425425197
E. coli,constant_20C,47.800000000000004,20.0,6.103392430033752
E. coli,constant_20C,48.0,20.0,6.12632987528126
E. coli,constant_25C,0.0,25.0,2.0
E. coli,constant_25C,0.2,25.0,2.0082758511410925
E. coli,constant_25C,0.4,25.0,2.0168949427431313
E. coli,constant_25C,0.6000000000000001,25.0,2.025868371563085
E. coli,constant_25C,0.8,25.0,2.03520733308212
E. coli,constant_25C,1.0,25.0,2.0449230999696826
E. coli,constant_25C,1.2000000000000002,25.0,2.0550269988696748
E. coli,constant_25C,1.4000000000000001,25.0,2.065530385529008
E. coli,constant_25C,1.6,25.0,2.076444618305207
E. coli,constant_25C,1.8,25.0,2.0877810301072923
E. coli,constant_25C,2.0,25.0,2.0995508988427503
E. coli,constant_25C,2.2,25.0,2.111765416462768
E. coli,constant_25C,2.4000000000000004,25.0,2.1244356567179254
E. coli,constant_25C,2.6,25.0,2.1375725417568385
E. coli,constant_25C,2.8000000000000003,25.0,2.1511868077206664
E. coli,constant_25C,3.0,25.0,2.1652889695064474
E. coli,constant_25C,3.2,25.0,2.1798892848917513
E. coli,constant_25C,3.4000000000000004,25.0,2.194997718231535
E. coli,constant_25C,3.6,25.0,2.2106239039551965
E. coli,constant_25C,3.8000000000000003,25.0,2.226777110107056
E. coli,constant_25C,4.0,25.0,2.243466202186568
E. coli,constant_25C,4.2,25.0,2.26069960755508
E. coli,constant_25C,4.4,25.0,2.278485280683525
E. coli,constant_25C,4.6000000000000005,25.0,2.296830669519785
E. coli,constant_25C,4.800000000000001,25.0,2.3157426832552734
E. coli,constant_25C,5.0,25.0,2.3352276617674264
E. coli,constant_25C,5.2,25.0,2.355291347007999
E. coli,constant_25C,5.4,25.0,2.375938856596399
E. coli,constant_25C,5.6000000000000005,25.0,2.3971746598626855
E. coli,constant_25C,5.800000000000001,25.0,2.4190025565664226
E. coli,constant_25C,6.0,25.0,2.4414256584955445
E. coli,constant_25C,6.2,25.0,2.4644463741239844
E. coli,constant_25C,6.4,25.0,2.4880663964784344
E. coli,constant_25C,6.6000000000000005,25.0,2.512286694333635
E. coli,constant_25C,6.800000000000001,25.0,2.537107506822609
E. coli,constant_25C,7.0,25.0,2.562528341513696
E. coli,constant_25C,7.2,25.0,2.588547975970846
E. coli,constant_25C,7.4,25.0,2.615164462777871
E. coli,constant_25C,7.6000000000000005,25.0,2.642375137971941
E. coli,constant_25C,7.800000000000001,25.0,2.670176632797166
E. coli,constant_25C,8.0,25.0,2.6985648886561378
E. coli,constant_25C,8.200000000000001,25.0,2.727535175106481
E. coli,constant_25C,8.4,25.0,2.757082110721168
E. coli,constant_25C,8.6,25.0,2.787199686606097
E. coli,constant_25C,8.8,25.0,2.817881292346523
E. coli,constant_25C,9.0,25.0,2.8491197441356824
E. coli,constant_25C,9.200000000000001,25.0,2.8809073148244715
E. coli,constant_25C,9.4,25.0,2.9132357656205454
E. coli,constant_25C,9.600000000000001,25.0,2.9460963791585817
E. coli,constant_25C,9.8,25.0,2.9794799936607053
E. coli,constant_25C,10.0,25.0,3.013377037907059
E. coli,constant_25C,10.200000000000001,25.0,3.0477775667409435
E. coli,constant_25C,10.4,25.0,3.08267129684065
E. coli,constant_25C,10.600000000000001,25.0,3.1180476425007067
E. coli,constant_25C,10.8,25.0,3.1538957511783745
E. coli,constant_25C,11.0,25.0,3.190204538576582
E. coli,constant_25C,11.200000000000001,25.0,3.226962723051527
E. coli,constant_25C,11.4,25.0,3.2641588591516744
E. coli,constant_25C,11.600000000000001,25.0,3.301781370114317
E. coli,constant_25C,11.8,25.0,3.339818579165951
E. coli,constant_25C,12.0,25.0,3.3782587394930244
E. coli,constant_25C,12.200000000000001,25.0,3.417090062769903
E. coli,constant_25C,12.4,25.0,3.4563007461508133
E. coli,constant_25C,12.600000000000001,25.0,3.495878997651799
E. coli,constant_25C,12.8,25.0,3.5358130598672046
E. coli,constant_25C,13.0,25.0,3.5760912319826472
E. coli,constant_25C,13.200000000000001,25.0,3.616701890062715
E. coli,constant_25C,13.4,25.0,3.6576335056066456
E. coli,constant_25C,13.600000000000001,25.0,3.69887466237892
E. coli,constant_25C,13.8,25.0,3.740414071533954
E. coli,constant_25C,14.0,25.0,3.782240585064984
E. coli,constant_25C,14.200000000000001,25.0,3.8243432076166655
E. coli,constant_25C,14.4,25.0,3.8667111067090665
E. coli,constant_25C,14.600000000000001,25.0,3.9093336214274794
E. coli,constant_25C,14.8,25.0,3.9522002696380443
E. coli,constant_25C,15.0,25.0,3.995300753793514
E. coli,constant_25C,15.200000000000001,25.0,4.038624965396774
E. coli,constant_25C,15.4,25.0,4.0821629881919534
E. coli,constant_25C,15.600000000000001,25.0,4.125905100154368
E. coli,constant_25C,15.8,25.0,4.16984177435098
E. coli,constant_25C,16.0,25.0,4.213963678742954
E. coli,constant_25C,16.2,25.0,4.258261675000996
E. coli,constant_25C,16.400000000000002,25.0,4.302726816402806
E. coli,constant_25C,16.6,25.0,4.347350344880197
E. coli,constant_25C,16.8,25.0,4.39212368728114
E. coli,constant_25C,17.0,25.0,4.437038450909562
E. coli,constant_25C,17.2,25.0,4.482086418402955
E. coli,constant_25C,17.400000000000002,25.0,4.527259542004913
E. coli,constant_25C,17.6,25.0,4.572549937286732
E. coli,constant_25C,17.8,25.0,4.617949876369067
E. coli,constant_25C,18.0,25.0,4.663451780691551
E. coli,constant_25C,18.2,25.0,4.709048213375182
E. coli,constant_25C,18.400000000000002,25.0,4.7547318712192395
E. coli,constant_25C,18.6,25.0,4.800495576371563
E. coli,constant_25C,18.8,25.0,4.8463322677081635
E. coli,constant_25C,19.0,25.0,4.892234991955462
E. coli,constant_25C,19.200000000000003,25.0,4.938196894585875
E. coli,constant_25C,19.400000000000002,25.0,4.984211210515134
E. coli,constant_25C,19.6,25.0,5.030271254627489
E. coli,constant_25C,19.8,25.0,5.0763704121529845
E. coli,constant_25C,20.0,25.0,5.122502128919181
E. coli,constant_25C,20.200000000000003,25.0,5.168659901498129
E. coli,constant_25C,20.400000000000002,25.0,5.214837267268017
E. coli,constant_25C,20.6,25.0,5.261027794407786
E. coli,constant_25C,20.8,25.0,5.307225071842071
E. coli,constant_25C,21.0,25.0,5.353422699153121
E. coli,constant_25C,21.200000000000003,25.0,5.399614276475908
E. coli,constant_25C,21.400000000000002,25.0,5.445793394392354
E. coli,constant_25C,21.6,25.0,5.491953623840645
E. coli,constant_25C,21.8,25.0,5.5380885060557485
E. coli,constant_25C,22.0,25.0,5.584191542557769
E. coli,constant_25C,22.200000000000003,25.0,5.630256185205392
E. coli,constant_25C,22.400000000000002,25.0,5.676275826332603
E. coli,constant_25C,22.6,25.0,5.722243788987965
E. coli,constant_25C,22.8,25.0,5.768153317297111
E. coli,constant_25C,23.0,25.0,5.813997566970615
E. coli,constant_25C,23.200000000000003,25.0,5.859769595981264
E. coli,constant_25C,23.400000000000002,25.0,5.905462355436609
E. coli,constant_25C,23.6,25.0,5.95106868067497
E. coli,constant_25C,23.8,25.0,5.9965812826153275
E. coli,constant_25C,24.0,25.0,6.0419927393941055
E. coli,constant_25C,24.200000000000003,25.0,6.087295488324529
E. coli,constant_25C,24.400000000000002,25.0,6.132481818217062
E. coli,constant_25C,24.6,25.0,6.1775438621023655
E. coli,constant_25C,24.8,25.0,6.222473590401243
E. coli,constant_25C,25.0,25.0,6.26726280458913
E. coli,constant_25C,25.200000000000003,25.0,6.311903131405804
E. coli,constant_25C,25.400000000000002,25.0,6.356386017664089
E. coli,constant_25C,25.6,25.0,6.400702725714367
E. coli,constant_25C,25.8,25.0,6.444844329624622
E. coli,constant_25C,26.0,25.0,6.488801712138558
E. coli,constant_25C,26.200000000000003,25.0,6.532565562476813
E. coli,constant_25C,26.400000000000002,25.0,6.576126375048563
E. coli,constant_25C,26.6,25.0,6.61947444914269
E. coli,constant_25C,26.8,25.0,6.662599889669077
E. coli,constant_25C,27.0,25.0,6.705492609021523
E. coli,constant_25C,27.200000000000003,25.0,6.748142330134017
E. coli,constant_25C,27.400000000000002,25.0,6.7905385908016545
E. coli,constant_25C,27.6,25.0,6.832670749336288
E. coli,constant_25C,27.8,25.0,6.87452799162475
E. coli,constant_25C,28.0,25.0,6.916099339654437
E. coli,constant_25C,28.200000000000003,25.0,6.95737366156676
E. coli,constant_25C,28.400000000000002,25.0,6.998339683293554
E. coli,constant_25C,28.6,25.0,7.0389860018249255
E. coli,constant_25C,28.8,25.0,7.079301100149036
E. coli,constant_25C,29.0,25.0,7.119273363894981
E. coli,constant_25C,29.200000000000003,25.0,7.158891099699243
E. coli,constant_25C,29.400000000000002,25.0,7.198142555304039
E. coli,constant_25C,29.6,25.0,7.237015941382391
E. coli,constant_25C,29.8,25.0,7.275499455069856
E. coli,constant_25C,30.0,25.0,7.313581305166722
E. coli,constant_25C,30.200000000000003,25.0,7.351249738957139
E. coli,constant_25C,30.400000000000002,25.0,7.388493070573282
E. coli,constant_25C,30.6,25.0,7.4252997108134755
E. coli,constant_25C,30.8,25.0,7.461658198303274
E. coli,constant_25C,31.0,25.0,7.497557231868332
E. coli,constant_25C,31.200000000000003,25.0,7.532985703967513
E. coli,constant_25C,31.400000000000002,25.0,7.567932735014555
E. coli,constant_25C,31.6,25.0,7.602387708397147
E. coli,constant_25C,31.8,25.0,7.636340305983584
E. coli,constant_25C,32.0,25.0,7.669780543889957
E. coli,constant_25C,32.2,25.0,7.702698808265345
E. coli,constant_25C,32.4,25.0,7.735085890838985
E. coli,constant_25C,32.6,25.0,7.766933023962631
E. coli,constant_25C,32.800000000000004,25.0,7.7982319148731465
E. coli,constant_25C,33.0,25.0,7.828974778895704
E. coli,constant_25C,33.2,25.0,7.859154371306465
E. coli,constant_25C,33.4,25.0,7.888764017576026
E. coli,constant_25C,33.6,25.0,7.917797641721077
E. coli,constant_25C,33.800000000000004,25.0,7.946249792501793
E. coli,constant_25C,34.0,25.0,7.974115667216515
E. coli,constant_25C,34.2,25.0,8.001391132863164
E. coli,constant_25C,34.4,25.0,8.028072744458276
E. coli,constant_25C,34.6,25.0,8.054157760329561
E. coli,constant_25C,34.800000000000004,25.0,8.07964415422571
E. coli,constant_25C,35.0,25.0,8.104530624117972
E. coli,constant_25C,35.2,25.0,8.12881659760053
E. coli,constant_25C,35.4,25.0,8.152502233831202
E. coli,constant_25C,35.6,25.0,8.175588421989268
E. coli,constant_25C,35.800000000000004,25.0,8.198076776262946
E. coli,constant_25C,36.0,25.0,8.21996962741455
E. coli,constant_25C,36.2,25.0,8.24127001100603
E. coli,constant_25C,36.4,25.0,8.261981652400788
E. coli,constant_25C,36.6,25.0,8.28210894868883
E. coli,constant_25C,36.800000000000004,25.0,8.301656947711075
E. coli,constant_25C,37.0,25.0,8.320631324384344
E. coli,constant_25C,37.2,25.0,8.339038354550986
E. coli,constant_25C,37.4,25.0,8.356884886595926
E. coli,constant_25C,37.6,25.0,8.374178311088974
E. coli,constant_25C,37.800000000000004,25.0,8.390926528721296
E. coli,constant_25C,38.0,25.0,8.407137916812214
E. coli,constant_25C,38.2,25.0,8.42282129466572
E. coli,constant_25C,38.400000000000006,25.0,8.437985888055742
E. coli,constant_25C,38.6,25.0,8.452641293115143
E. coli,constant_25C,38.800000000000004,25.0,8.466797439896311
E. coli,constant_25C,39.0,25.0,8.48046455586083
E. coli,constant_25C,39.2,25.0,8.493653129543125
E. coli,constant_25C,39.400000000000006,25.0,8.506373874617703
E. coli,constant_25C,39.6,25.0,8.51863769458295
E. coli,constant_25C,39.800000000000004,25.0,8.530455648255945
E. coli,constant_25C,40.0,25.0,8.541838916253479
E. coli,constant_25C,40.2,25.0,8.552798768614387
E. coli,constant_25C,40.400000000000006,25.0,8.563346533697931
E. coli,constant_25C,40.6,25.0,8.573493568472616
E. coli,constant_25C,40.800000000000004,25.0,8.58325123028982
E. coli,constant_25C,41.0,25.0,8.592630850217073
E. coli,constant_25C,41.2,25.0,8.601643707987261
E. coli,constant_25C,41.400000000000006,25.0,8.61030100860224
E. coli,constant_25C,41.6,25.0,8.6186138606129
E. coli,constant_25C,41.800000000000004,25.0,8.626593256082398
E. coli,constant_25C,42.0,25.0,8.63425005222533
E. coli,constant_25C,42.2,25.0,8.641594954703061
E. coli,constant_25C,42.400000000000006,25.0,8.648638502544296
E. coli,constant_25C,42.6,25.0,8.655391054650163
E. coli,constant_25C,42.800000000000004,25.0,8.661862777834799
E. coli,constant_25C,43.0,25.0,8.668063636345234
E. coli,constant_25C,43.2,25.0,8.674003382798759
E. coli,constant_25C,43.400000000000006,25.0,8.67969155047117
E. coli,constant_25C,43.6,25.0,8.685137446865994
E. coli,constant_25C,43.800000000000004,25.0,8.690350148492193
E. coli,constant_25C,44.0,25.0,8.695338496776408
E. coli,constant_25C,44.2,25.0,8.700111095035062
E. coli,constant_25C,44.400000000000006,25.0,8.704676306431733
E. coli,constant_25C,44.6,25.0,8.70904225284591
E. coli,constant_25C,44.800000000000004,25.0,8.713216814580495
E. coli,constant_25C,45.0,25.0,8.717207630837192
E. coli,constant_25C,45.2,25.0,8.721022100891119
E. coli,constant_25C,45.400000000000006,25.0,8.72466738589836
E. coli,constant_25C,45.6,25.0,8.72815041127306
E. coli,constant_25C,45.800000000000004,25.0,8.731477869573498
E. coli,constant_25C,46.0,25.0,8.73465622383975
E. coli,constant_25C,46.2,25.0,8.737691711328672
E. coli,constant_25C,46.400000000000006,25.0,8.740590347595237
E. coli,constant_25C,46.6,25.0,8.743357930872442
E. coli,constant_25C,46.800000000000004,25.0,8.746000046705312
E. coli,constant_25C,47.0,25.0,8.748522072797634
E. coli,constant_25C,47.2,25.0,8.750929184033193
E. coli,constant_25C,47.400000000000006,25.0,8.753226357636338
E. coli,constant_25C,47.6,25.0,8.755418378439563
E. coli,constant_25C,47.800000000000004,25.0,8.75750984422861
E. coli,constant_25C,48.0,25.0,8.759505171138287
E. coli,constant_30C,0.0,30.0,2.0
E. coli,constant_30C,0.2,30.0,2.0139032126514715
E. coli,constant_30C,0.4,30.0,2.028769416708613
E. coli,constant_30C,0.6000000000000001,30.0,2.0446495618559952
E. coli,constant_30C,0.8,30.0,2.0615951228274105
E. coli,constant_30C,1.0,30.0,2.079657795782459
E. coli,constant_30C,1.2000000000000002,30.0,2.0988891612091773
E. coli,constant_30C,1.4000000000000001,30.0,2.1193403154217587
E. coli,constant_30C,1.6,30.0,2.141061473803828
E. coli,constant_30C,1.8,30.0,2.1641015500846064
E. coli,constant_30C,2.0,30.0,2.188507717085584
E. coli,constant_30C,2.2,30.0,2.2143249554888036
E. coli,constant_30C,2.4000000000000004,30.0,2.2415955981976117
E. coli,constant_30C,2.6,30.0,2.2703588787263023
E. coli,constant_30C,2.8000000000000003,30.0,2.3006504927060316
E. coli,constant_30C,3.0,30.0,2.3325021819746987
E. coli,constant_30C,3.2,30.0,2.3659413507813287
E. coli,constant_30C,3.4000000000000004,30.0,2.4009907233477974
E. coli,constant_30C,3.6,30.0,2.437668051377271
E. coli,constant_30C,3.8000000000000003,30.0,2.4759858790848517
E. coli,constant_30C,4.0,30.0,2.515951371979371
E. coli,constant_30C,4.2,30.0,2.5575662139951887
E. coli,constant_30C,4.4,30.0,2.600826575727935
E. coli,constant_30C,4.6000000000000005,30.0,2.6457231545520083
E. coli,constant_30C,4.800000000000001,30.0,2.692241285383374
E. coli,constant_30C,5.0,30.0,2.740361118894675
E. coli,constant_30C,5.2,30.0,2.7900578621824734
E. coli,constant_30C,5.4,30.0,2.84130207530953
E. coli,constant_30C,5.6000000000000005,30.0,2.894060015863374
E. coli,constant_30C,5.800000000000001,30.0,2.9482940227307797
E. coli,constant_30C,6.0,30.0,3.0039629297092354
E. coli,constant_30C,6.2,30.0,3.061022499361969
E. coli,constant_30C,6.4,30.0,3.1194258676533617
E. coli,constant_30C,6.6000000000000005,30.0,3.1791239903403676
E. coli,constant_30C,6.800000000000001,30.0,3.240066082793643
E. coli,constant_30C,7.0,30.0,3.302200045822338
E. coli,constant_30C,7.2,30.0,3.365472871117902
E. coli,constant_30C,7.4,30.0,3.4298310210550396
E. coli,constant_30C,7.6000000000000005,30.0,3.4952207787362495
E. coli,constant_30C,7.800000000000001,30.0,3.5615885652916033
E. coli,constant_30C,8.0,30.0,3.6288812225075597
E. coli,constant_30C,8.200000000000001,30.0,3.6970462598270837
E. coli,constant_30C,8.4,30.0,3.7660320656172237
E. coli,constant_30C,8.6,30.0,3.835788083327294
E. coli,constant_30C,8.8,30.0,3.9062649537566667
E. coli,constant_30C,9.0,30.0,3.9774146251179254
E. coli,constant_30C,9.200000000000001,30.0,4.049190432925943
E. coli,constant_30C,9.4,30.0,4.121547151977097
E. coli,constant_30C,9.600000000000001,30.0,4.194441022818412
E. coli,constant_30C,9.8,30.0,4.267829755158258
E. coli,constant_30C,10.0,30.0,4.341672510652894
E. coli,constant_30C,10.200000000000001,30.0,4.415929867430833
E. coli,constant_30C,10.4,30.0,4.490563768602897
E. coli,constant_30C,10.600000000000001,30.0,4.565537456862047
E. coli,constant_30C,10.8,30.0,4.640815397113864
E. coli,constant_30C,11.0,30.0,4.716363188905318
E. coli,constant_30C,11.200000000000001,30.0,4.792147470243355
E. coli,constant_30C,11.4,30.0,4.8681358142223745
E. coli,constant_30C,11.600000000000001,30.0,4.94429661971552
E. coli,constant_30C,11.8,30.0,5.0205989972329
E. coli,constant_30C,12.0,30.0,5.097012650913175
E. coli,constant_30C,12.200000000000001,30.0,5.173507757495721
E. coli,constant_30C,12.4,30.0,5.250054843020162
E. coli,constant_30C,12.600000000000001,30.0,5.326624657919833
E. coli,constant_30C,12.8,30.0,5.403188051116071
E. coli,constant_30C,13.0,30.0,5.479715843681989
E. coli,constant_30C,13.200000000000001,30.0,5.556178702627486
E. coli,constant_30C,13.4,30.0,5.632547015362038
E. coli,constant_30C,13.600000000000001,30.0,5.708790765418147
E. coli,constant_30C,13.8,30.0,5.784879410066042
E. coli,constant_30C,14.0,30.0,5.860781760519032
E. coli,constant_30C,14.200000000000001,30.0,5.9364658655181515
E. coli,constant_30C,14.4,30.0,6.011898899193586
E. coli,constant_30C,14.600000000000001,30.0,6.087047054227551
E. coli,constant_30C,14.8,30.0,6.161875441486898
E. coli,constant_30C,15.0,30.0,6.236347997451427
E. coli,constant_30C,15.200000000000001,30.0,6.310427400932199
E. coli,constant_30C,15.4,30.0,6.384075000748902
E. coli,constant_30C,15.600000000000001,30.0,6.457250756211007
E. coli,constant_30C,15.8,30.0,6.52991319241726
E. coli,constant_30C,16.0,30.0,6.602019372543955
E. coli,constant_30C,16.2,30.0,6.673524889424458
E. coli,constant_30C,16.400000000000002,30.0,6.7443838788197565
E. coli,constant_30C,16.6,30.0,6.814549056829564
E. coli,constant_30C,16.8,30.0,6.883971783882124
E. coli,constant_30C,17.0,30.0,6.952602157653973
E. coli,constant_30C,17.2,30.0,7.020389137093756
E. coli,constant_30C,17.400000000000002,30.0,7.0872806994431405
E. coli,constant_30C,17.6,30.0,7.153224031750406
E. coli,constant_30C,17.8,30.0,7.218165757849277
E. coli,constant_30C,18.0,30.0,7.282052201121813
E. coli,constant_30C,18.2,30.0,7.344829682580304
E. coli,constant_30C,18.400000000000002,30.0,7.40644485289671
E. coli,constant_30C,18.6,30.0,7.466845055995263
E. coli,constant_30C,18.8,30.0,7.52597872072966
E. coli,constant_30C,19.0,30.0,7.58379577602529
E. coli,constant_30C,19.200000000000003,30.0,7.640248083723527
E. coli,constant_30C,19.400000000000002,30.0,7.695289882270954
E. coli,constant_30C,19.6,30.0,7.74887823340969
E. coli,constant_30C,19.8,30.0,7.800973463206419
E. coli,constant_30C,20.0,30.0,7.851539588167258
E. coli,constant_30C,20.200000000000003,30.0,7.900544716877365
E. coli,constant_30C,20.400000000000002,30.0,7.947961417622326
E. coli,constant_30C,20.6,30.0,7.993767042822082
E. coli,constant_30C,20.8,30.0,8.037944001848086
E. coli,constant_30C,21.0,30.0,8.080479974890089
E. coli,constant_30C,21.200000000000003,30.0,8.121368061957423
E. coli,constant_30C,21.400000000000002,30.0,8.160606862787189
E. coli,constant_30C,21.6,30.0,8.198200485315468
E. coli,constant_30C,21.8,30.0,8.234158482361382
E. coli,constant_30C,22.0,30.0,8.268495718183054
E. coli,constant_30C,22.200000000000003,30.0,8.30123216849397
E. coli,constant_30C,22.400000000000002,30.0,8.332392659287859
E. coli,constant_30C,22.6,30.0,8.36200655133292
E. coli,constant_30C,22.8,30.0,8.390107378400812
E. coli,constant_30C,23.0,30.0,8.416732448153034
E. coli,constant_30C,23.200000000000003,30.0,8.441922415098963
E. coli,constant_30C,23.400000000000002,30.0,8.46572083517
E. coli,constant_30C,23.6,30.0,8.488173711246528
E. coli,constant_30C,23.8,30.0,8.509329038468369
E. coli,constant_30C,24.0,30.0,8.529236357406617
E. coli,constant_30C,24.200000000000003,30.0,8.547946322233638
E. coli,constant_30C,24.400000000000002,30.0,8.565510289959724
E. coli,constant_30C,24.6,30.0,8.581979935668366
E. coli,constant_30C,24.8,30.0,8.597406897532174
E. coli,constant_30C,25.0,30.0,8.611842454274274
E. coli,constant_30C,25.200000000000003,30.0,8.62533723669398
E. coli,constant_30C,25.400000000000002,30.0,8.637940973928576
E. coli,constant_30C,25.6,30.0,8.649702274294366
E. coli,constant_30C,25.8,30.0,8.66066843984985
E. coli,constant_30C,26.0,30.0,8.670885313254814
E. coli,constant_30C,26.200000000000003,30.0,8.680397155058106
E. coli,constant_30C,26.400000000000002,30.0,8.689246549225476
E. coli,constant_30C,26.6,30.0,8.697474334506323
E. coli,constant_30C,26.8,30.0,8.705119559120538
E. coli,constant_30C,27.0,30.0,8.712219456210168
E. coli,constant_30C,27.200000000000003,30.0,8.718809437530405
E. coli,constant_30C,27.400000000000002,30.0,8.72492310293708
E. coli,constant_30C,27.6,30.0,8.730592263350445
E. coli,constant_30C,27.8,30.0,8.73584697502618
E. coli,constant_30C,28.0,30.0,8.740715583134566
E. coli,constant_30C,28.200000000000003,30.0,8.74522477282914
E. coli,constant_30C,28.400000000000002,30.0,8.749399626170115
E. coli,constant_30C,28.6,30.0,8.75326368345017
E. coli,constant_30C,28.8,30.0,8.75683900764649
E. coli,constant_30C,29.0,30.0,8.760146250890397
E. coli,constant_30C,29.200000000000003,30.0,8.76320472200233
E. coli,constant_30C,29.400000000000002,30.0,8.766032454284057
E. coli,constant_30C,29.6,30.0,8.768646272891218
E. coli,constant_30C,29.8,30.0,8.771061861227313
E. coli,constant_30C,30.0,30.0,8.773293825905572
E. coli,constant_30C,30.200000000000003,30.0,8.775355759917797
E. coli,constant_30C,30.400000000000002,30.0,8.777260303730618
E. coli,constant_30C,30.6,30.0,8.779019204099708
E. coli,constant_30C,30.8,30.0,8.78064337045302
E. coli,constant_30C,31.0,30.0,8.782142928745317
E. coli,constant_30C,31.200000000000003,30.0,8.783527272729533
E. coli,constant_30C,31.400000000000002,30.0,8.784805112626513
E. coli,constant_30C,31.6,30.0,8.785984521204343
E. coli,constant_30C,31.8,30.0,8.78707297730248
E. coli,constant_30C,32.0,30.0,8.78807740685524
E. coli,constant_30C,32.2,30.0,8.789004221484213
E. coli,constant_30C,32.4,30.0,8.789859354740623
E. coli,constant_30C,32.6,30.0,8.790648296087209
E. coli,constant_30C,32.800000000000004,30.0,8.791376122715047
E. coli,constant_30C,33.0,30.0,8.792047529294447
E. coli,constant_30C,33.2,30.0,8.792666855761166
E. coli,constant_30C,33.4,30.0,8.793238113239578
E. coli,constant_30C,33.6,30.0,8.793765008203895
E. coli,constant_30C,33.800000000000004,30.0,8.794250964976861
E. coli,constant_30C,34.0,30.0,8.794699146663097
E. coli,constant_30C,34.2,30.0,8.795112474611285
E. coli,constant_30C,34.4,30.0,8.795493646496084
E. coli,constant_30C,34.6,30.0,8.795845153107077
E. coli,constant_30C,34.800000000000004,30.0,8.796169293928127
E. coli,constant_30C,35.0,30.0,8.796468191586616
E. coli,constant_30C,35.2,30.0,8.796743805248019
E. coli,constant_30C,35.4,30.0,8.796997943027208
E. coli,constant_30C,35.6,30.0,8.797232273483964
E. coli,constant_30C,35.800000000000004,30.0,8.797448336266225
E. coli,constant_30C,36.0,30.0,8.797647551960857
E. coli,constant_30C,36.2,30.0,8.797831231208031
E. coli,constant_30C,36.4,30.0,8.798000583131795
E. coli,constant_30C,36.6,30.0,8.798156723136039
E. coli,constant_30C,36.800000000000004,30.0,8.798300680111812
E. coli,constant_30C,37.0,30.0,8.79843340309898
E. coli,constant_30C,37.2,30.0,8.798555767442158
E. coli,constant_30C,37.4,30.0,8.798668580478296
E. coli,constant_30C,37.6,30.0,8.798772586790554
E. coli,constant_30C,37.800000000000004,30.0,8.798868473060775
E. coli,constant_30C,38.0,30.0,8.798956872550555
E. coli,constant_30C,38.2,30.0,8.799038369238733
E. coli,constant_30C,38.400000000000006,30.0,8.799113501641202
E. coli,constant_30C,38.6,30.0,8.799182766336964
E. coli,constant_30C,38.800000000000004,30.0,8.799246621222718
E. coli,constant_30C,39.0,30.0,8.799305488516552
E. coli,constant_30C,39.2,30.0,8.799359757529839
E. coli,constant_30C,39.400000000000006,30.0,8.799409787224988
E. coli,constant_30C,39.6,30.0,8.799455908575446
E. coli,constant_30C,39.800000000000004,30.0,8.799498426743064
E. coli,constant_30C,40.0,30.0,8.79953762308681
E. coli,constant_30C,40.2,30.0,8.7995737570158
E. coli,constant_30C,40.400000000000006,30.0,8.799607067698638
E. coli,constant_30C,40.6,30.0,8.799637775640067
E. coli,constant_30C,40.800000000000004,30.0,8.799666084135234
E. coli,constant_30C,41.0,30.0,8.799692180610931
E. coli,constant_30C,41.2,30.0,8.799716237862638
E. coli,constant_30C,41.400000000000006,30.0,8.799738415195318
E. coli,constant_30C,41.6,30.0,8.79975885947552
E. coli,constant_30C,41.800000000000004,30.0,8.799777706101562
E. coli,constant_30C,42.0,30.0,8.799795079898203
E. coli,constant_30C,42.2,30.0,8.799811095941672
E. coli,constant_30C,42.400000000000006,30.0,8.799825860320361
E. coli,constant_30C,42.6,30.0,8.799839470836343
E. coli,constant_30C,42.800000000000004,30.0,8.799852017652116
E. coli,constant_30C,43.0,30.0,8.799863583887005
E. coli,constant_30C,43.2,30.0,8.799874246167036
E. coli,constant_30C,43.400000000000006,30.0,8.799884075131914
E. coli,constant_30C,43.6,30.0,8.799893135902485
E. coli,constant_30C,43.800000000000004,30.0,8.799901488511694
E. coli,constant_30C,44.0,30.0,8.799909188301962
E. coli,constant_30C,44.2,30.0,8.799916286291516
E. coli,constant_30C,44.400000000000006,30.0,8.799922829512147
E. coli,constant_30C,44.6,30.0,8.799928861320591
E. coli,constant_30C,44.800000000000004,30.0,8.799934421685625
E. coli,constant_30C,45.0,30.0,8.799939547452727
E. coli,constant_30C,45.2,30.0,8.799944272588077
E. coli,constant_30C,45.400000000000006,30.0,8.799948628403513
E. coli,constant_30C,45.6,30.0,8.799952643763914
E. coli,constant_30C,45.800000000000004,30.0,8.799956345278382
E. coli,constant_30C,46.0,30.0,8.799959757476506
E. coli,constant_30C,46.2,30.0,8.79996290297084
E. coli,constant_30C,46.400000000000006,30.0,8.799965802606707
E. coli,constant_30C,46.6,30.0,8.799968475600291
E. coli,constant_30C,46.800000000000004,30.0,8.799970939665942
E. coli,constant_30C,47.0,30.0,8.799973211133539
E. coli,constant_30C,47.2,30.0,8.799975305056678
E. coli,constant_30C,47.400000000000006,30.0,8.799977235312419
E. coli,constant_30C,47.6,30.0,8.799979014693221
E. coli,constant_30C,47.800000000000004,30.0,8.799980654991712
E. coli,constant_30C,48.0,30.0,8.799982167078825
E. coli,constant_37C,0.0,37.0,2.0
E. coli,constant_37C,0.2,37.0,2.024549188811734
E. coli,constant_37C,0.4,37.0,2.0520659968960864
E. coli,constant_37C,0.6000000000000001,37.0,2.0828134064135395
E. coli,constant_37C,0.8,37.0,2.117054968117791
E. coli,constant_37C,1.0,37.0,2.1550493157542374
E. coli,constant_37C,1.2000000000000002,37.0,2.1970439730941944
E. coli,constant_37C,1.4000000000000001,37.0,2.2432686738940673
E. coli,constant_37C,1.6,37.0,2.293928499161864
E. coli,constant_37C,1.8,37.0,2.349197205409425
E. coli,constant_37C,2.0,37.0,2.4092111587985277
E. coli,constant_37C,2.2,37.0,2.474064291811307
E. coli,constant_37C,2.4000000000000004,37.0,2.543804454617401
E. coli,constant_37C,2.6,37.0,2.618431443165022
E. coli,constant_37C,2.8000000000000003,37.0,2.697896858843043
E. coli,constant_37C,3.0,37.0,2.782105806191315
E. coli,constant_37C,3.2,37.0,2.8709202857305294
E. coli,constant_37C,3.4000000000000004,37.0,2.9641640089056303
E. coli,constant_37C,3.6,37.0,3.061628267805844
E. coli,constant_37C,3.8000000000000003,37.0,3.163078443167461
E. coli,constant_37C,4.0,37.0,3.268260731454727
E. coli,constant_37C,4.2,37.0,3.3769087094853427
E. coli,constant_37C,4.4,37.0,3.488749422016071
E. coli,constant_37C,4.6000000000000005,37.0,3.6035087607148584
E. coli,constant_37C,4.800000000000001,37.0,3.7209159894028505
E. coli,constant_37C,5.0,37.0,3.8407073502606246
E. coli,constant_37C,5.2,37.0,3.96262875221011
E. coli,constant_37C,5.4,37.0,4.086437592728517
E. coli,constant_37C,5.6000000000000005,37.0,4.211903797627783
E. coli,constant_37C,5.800000000000001,37.0,4.3388101815579665
E. coli,constant_37C,6.0,37.0,4.466952238003108
E. coli,constant_37C,6.2,37.0,4.5961374645537365
E. coli,constant_37C,6.4,37.0,4.726184320346639
E. coli,constant_37C,6.6000000000000005,37.0,4.856920900411106
E. coli,constant_37C,6.800000000000001,37.0,4.988183398346958
E. coli,constant_37C,7.0,37.0,5.1198144158249175
E. coli,constant_37C,7.2,37.0,5.251661165903382
E. coli,constant_37C,7.4,37.0,5.383573607777011
E. coli,constant_37C,7.6000000000000005,37.0,5.515402543716516
E. coli,constant_37C,7.800000000000001,37.0,5.646997704846038
E. coli,constant_37C,8.0,37.0,5.778205851138364
E. coli,constant_37C,8.200000000000001,37.0,5.908868912616611
E. coli,constant_37C,8.4,37.0,6.038822203198491
E. coli,constant_37C,8.6,37.0,6.167892745790622
E. coli,constant_37C,8.8,37.0,6.295897756897297
E. coli,constant_37C,9.0,37.0,6.422643350718347
E. coli,constant_37C,9.200000000000001,37.0,6.547923535754932
E. coli,constant_37C,9.4,37.0,6.671519590208573
E. coli,constant_37C,9.600000000000001,37.0,6.793199914343037
E. coli,constant_37C,9.8,37.0,6.912720466316775
E. coli,constant_37C,10.0,37.0,7.029825890073481
E. coli,constant_37C,10.200000000000001,37.0,7.144251436578657
E. coli,constant_37C,10.4,37.0,7.255725759804412
E. coli,constant_37C,10.600000000000001,37.0,7.363974633646875
E. coli,constant_37C,10.8,37.0,7.4687255838864886
E. coli,constant_37C,11.0,37.0,7.569713360967414
E. coli,constant_37C,11.200000000000001,37.0,7.666686098348739
E. coli,constant_37C,11.4,37.0,7.759411914542199
E. coli,constant_37C,11.600000000000001,37.0,7.847685635160194
E. coli,constant_37C,11.8,37.0,7.931335247160843
E. coli,constant_37C,12.0,37.0,8.010227664111657
E. coli,constant_37C,12.200000000000001,37.0,8.084273389352195
E. coli,constant_37C,12.4,37.0,8.153429718707605
E. coli,constant_37C,12.600000000000001,37.0,8.217702223650305
E. coli,constant_37C,12.8,37.0,8.27714438916388
E. coli,constant_37C,13.0,37.0,8.331855430951514
E. coli,constant_37C,13.200000000000001,37.0,8.381976463482767
E. coli,constant_37C,13.4,37.0,8.427685313846608
E. coli,constant_37C,13.600000000000001,37.0,8.469190361369836
E. coli,constant_37C,13.8,37.0,8.506723821779296
E. coli,constant_37C,14.0,37.0,8.54053488778203
E. coli,constant_37C,14.200000000000001,37.0,8.570883092696016
E. coli,constant_37C,14.4,37.0,8.598032192000524
E. coli,constant_37C,14.600000000000001,37.0,8.622244772686733
E. coli,constant_37C,14.8,37.0,8.643777714277427
E. coli,constant_37C,15.0,37.0,8.662878547744853
E. coli,constant_37C,15.200000000000001,37.0,8.679782695167715
E. coli,constant_37C,15.4,37.0,8.694711526332574
E. coli,constant_37C,15.600000000000001,37.0,8.707871138398847
E. coli,constant_37C,15.8,37.0,8.71945174920124
E. coli,constant_37C,16.0,37.0,8.72962759081214
E. coli,constant_37C,16.2,37.0,8.738557194441563
E. coli,constant_37C,16.400000000000002,37.0,8.746383967655722
E. coli,constant_37C,16.6,37.0,8.753236977778219
E. coli,constant_37C,16.8,37.0,8.759231869313806
E. coli,constant_37C,17.0,37.0,8.764471856980897
E. coli,constant_37C,17.2,37.0,8.76904874861869
E. coli,constant_37C,17.400000000000002,37.0,8.773043963392322
E. coli,constant_37C,17.6,37.0,8.776529520177043
E. coli,constant_37C,17.8,37.0,8.779568978769433
E. coli,constant_37C,18.0,37.0,8.782218322773215
E. coli,constant_37C,18.2,37.0,8.784526777823352
E. coli,constant_37C,18.400000000000002,37.0,8.7865375624509
E. coli,constant_37C,18.6,37.0,8.788288571557993
E. coli,constant_37C,18.8,37.0,8.78981299435683
E. coli,constant_37C,19.0,37.0,8.791139869895584
E. coli,constant_37C,19.200000000000003,37.0,8.792294584089756
E. coli,constant_37C,19.400000000000002,37.0,8.793299312616757
E. coli,constant_37C,19.6,37.0,8.794173414209084
E. coli,constant_37C,19.8,37.0,8.794933778872254
E. coli,constant_37C,20.0,37.0,8.795595135415681
E. coli,constant_37C,20.200000000000003,37.0,8.796170322462398
E. coli,constant_37C,20.400000000000002,37.0,8.796670526830042
E. coli,constant_37C,20.6,37.0,8.797105492875264
E. coli,constant_37C,20.8,37.0,8.797483706084243
E. coli,constant_37C,21.0,37.0,8.797812553885336
E. coli,constant_37C,21.200000000000003,37.0,8.79809846636464
E. coli,constant_37C,21.400000000000002,37.0,8.798347039286185
E. coli,constant_37C,21.6,37.0,8.79856314155894
E. coli,constant_37C,21.8,37.0,8.798751009054286
E. coli,constant_37C,22.0,37.0,8.798914326460096
E. coli,constant_37C,22.200000000000003,37.0,8.799056298661206
E. coli,constant_37C,22.400000000000002,37.0,8.799179712959239
E. coli,constant_37C,22.6,37.0,8.799286993287016
E. coli,constant_37C,22.8,37.0,8.79938024743205
E. coli,constant_37C,23.0,37.0,8.7994613081589
E. coli,constant_37C,23.200000000000003,37.0,8.799531769009842
E. coli,constant_37C,23.400000000000002,37.0,8.799593015465808
E. coli,constant_37C,23.6,37.0,8.799646252063903
E. coli,constant_37C,23.8,37.0,8.799692525992338
E. coli,constant_37C,24.0,37.0,8.799732747617481
E. coli,constant_37C,24.200000000000003,37.0,8.799767708339767
E. coli,constant_37C,24.400000000000002,37.0,8.799798096124386
E. coli,constant_37C,24.6,37.0,8.799824509008321
E. coli,constant_37C,24.8,37.0,8.79984746684648
E. coli,constant_37C,25.0,37.0,8.799867421525756
E. coli,constant_37C,25.200000000000003,37.0,8.799884765846361
E. coli,constant_37C,25.400000000000002,37.0,8.799899841243857
E. coli,constant_37C,25.6,37.0,8.799912944502955
E. coli,constant_37C,25.8,37.0,8.79992433359449
E. coli,constant_37C,26.0,37.0,8.799934232749866
E. coli,constant_37C,26.200000000000003,37.0,8.79994283687252
E. coli,constant_37C,26.400000000000002,37.0,8.799950315372863
E. coli,constant_37C,26.6,37.0,8.799956815502007
E. coli,constant_37C,26.8,37.0,8.799962465249717
E. coli,constant_37C,27.0,37.0,8.7999673758635
E. coli,constant_37C,27.200000000000003,37.0,8.799971644038346
E. coli,constant_37C,27.400000000000002,37.0,8.799975353820123
E. coli,constant_37C,27.6,37.0,8.799978578260113
E. coli,constant_37C,27.8,37.0,8.799981380853133
E. coli,constant_37C,28.0,37.0,8.79998381678761
E. coli,constant_37C,28.200000000000003,37.0,8.799985934032136
E. coli,constant_37C,28.400000000000002,37.0,8.799987774279932
E. coli,constant_37C,28.6,37.0,8.799989373769755
E. coli,constant_37C,28.8,37.0,8.799990763999439
E. coli,constant_37C,29.0,37.0,8.799991972346108
E. coli,constant_37C,29.200000000000003,37.0,8.799993022605243
E. coli,constant_37C,29.400000000000002,37.0,8.799993935459236
E. coli,constant_37C,29.6,37.0,8.79999472888467
E. coli,constant_37C,29.8,37.0,8.799995418506288
E. coli,constant_37C,30.0,37.0,8.79999601790468
E. coli,constant_37C,30.200000000000003,37.0,8.799996538883711
E. coli,constant_37C,30.400000000000002,37.0,8.799996991702962
E. coli,constant_37C,30.6,37.0,8.799997385279765
E. coli,constant_37C,30.8,37.0,8.799997727364802
E. coli,constant_37C,31.0,37.0,8.799998024694743
E. coli,constant_37C,31.200000000000003,37.0,8.7999982831249
E. coli,constant_37C,31.400000000000002,37.0,8.799998507744537
E. coli,constant_37C,31.6,37.0,8.799998702977094
E. coli,constant_37C,31.8,37.0,8.799998872667288
E. coli,constant_37C,32.0,37.0,8.799999020156834
E. coli,constant_37C,32.2,37.0,8.799999148350253
E. coli,constant_37C,32.4,37.0,8.799999259772061
E. coli,constant_37C,32.6,37.0,8.7999993566165
E. coli,constant_37C,32.800000000000004,37.0,8.799999440790728
E. coli,constant_37C,33.0,37.0,8.799999513952397
E. coli,constant_37C,33.2,37.0,8.799999577542284
E. coli,constant_37C,33.4,37.0,8.799999632812671
E. coli,constant_37C,33.6,37.0,8.799999680852004
E. coli,constant_37C,33.800000000000004,37.0,8.799999722606323
E. coli,constant_37C,34.0,37.0,8.7999997588979
E. coli,constant_37C,34.2,37.0,8.799999790441431
E. coli,constant_37C,34.4,37.0,8.799999817858103
E. coli,constant_37C,34.6,37.0,8.799999841687836
E. coli,constant_37C,34.800000000000004,37.0,8.79999986239991
E. coli,constant_37C,35.0,37.0,8.799999880402211
E. coli,constant_37C,35.2,37.0,8.799999896049261
E. coli,constant_37C,35.4,37.0,8.799999909649198
E. coli,constant_37C,35.6,37.0,8.799999921469848
E. coli,constant_37C,35.800000000000004,37.0,8.799999931743997
E. coli,constant_37C,36.0,37.0,8.79999994067397
E. coli,constant_37C,36.2,37.0,8.79999994843563
E. coli,constant_37C,36.4,37.0,8.799999955181828
E. coli,constant_37C,36.6,37.0,8.799999961045415
E. coli,constant_37C,36.800000000000004,37.0,8.799999966141868
E. coli,constant_37C,37.0,37.0,8.799999970571548
E. coli,constant_37C,37.2,37.0,8.799999974421691
E. coli,constant_37C,37.4,37.0,8.799999977768117
E. coli,constant_37C,37.6,37.0,8.799999980676727
E. coli,constant_37C,37.800000000000004,37.0,8.799999983204803
E. coli,constant_37C,38.0,37.0,8.799999985402128
E. coli,constant_37C,38.2,37.0,8.799999987311978
E. coli,constant_37C,38.400000000000006,37.0,8.799999988971958
E. coli,constant_37C,38.6,37.0,8.799999990414765
E. coli,constant_37C,38.800000000000004,37.0,8.799999991668805
E. coli,constant_37C,39.0,37.0,8.799999992758782
E. coli,constant_37C,39.2,37.0,8.799999993706155
E. coli,constant_37C,39.400000000000006,37.0,8.799999994529582
E. coli,constant_37C,39.6,37.0,8.79999999524528
E. coli,constant_37C,39.800000000000004,37.0,8.799999995867342
E. coli,constant_37C,40.0,37.0,8.799999996408022
E. coli,constant_37C,40.2,37.0,8.799999996877961
E. coli,constant_37C,40.400000000000006,37.0,8.79999999728642
E. coli,constant_37C,40.6,37.0,8.79999999764144
E. coli,constant_37C,40.800000000000004,37.0,8.79999999795001
E. coli,constant_37C,41.0,37.0,8.799999998218212
E. coli,constant_37C,41.2,37.0,8.799999998451327
E. coli,constant_37C,41.400000000000006,37.0,8.799999998653938
E. coli,constant_37C,41.6,37.0,8.799999998830046
E. coli,constant_37C,41.800000000000004,37.0,8.799999998983111
E. coli,constant_37C,42.0,37.0,8.799999999116153
E. coli,constant_37C,42.2,37.0,8.799999999231787
E. coli,constant_37C,42.400000000000006,37.0,8.799999999332293
E. coli,constant_37C,42.6,37.0,8.799999999419647
E. coli,constant_37C,42.800000000000004,37.0,8.799999999495576
E. coli,constant_37C,43.0,37.0,8.799999999561571
E. coli,constant_37C,43.2,37.0,8.79999999961893
E. coli,constant_37C,43.400000000000006,37.0,8.799999999668785
E. coli,constant_37C,43.6,37.0,8.79999999971212
E. coli,constant_37C,43.800000000000004,37.0,8.799999999749783
E. coli,constant_37C,44.0,37.0,8.799999999782518
E. coli,constant_37C,44.2,37.0,8.799999999810971
E. coli,constant_37C,44.400000000000006,37.0,8.799999999835702
E. coli,constant_37C,44.6,37.0,8.7999999998572
E. coli,constant_37C,44.800000000000004,37.0,8.79999999987588
E. coli,constant_37C,45.0,37.0,8.799999999892119
E. coli,constant_37C,45.2,37.0,8.799999999906234
E. coli,constant_37C,45.400000000000006,37.0,8.799999999918498
E. coli,constant_37C,45.6,37.0,8.799999999929163
E. coli,constant_37C,45.800000000000004,37.0,8.799999999938432
E. coli,constant_37C,46.0,37.0,8.79999999994649
E. coli,constant_37C,46.2,37.0,8.799999999953485
E. coli,constant_37C,46.400000000000006,37.0,8.799999999959578
E. coli,constant_37C,46.6,37.0,8.79999999996486
E. coli,constant_37C,46.800000000000004,37.0,8.799999999969458
E. coli,constant_37C,47.0,37.0,8.799999999973458
E. coli,constant_37C,47.2,37.0,8.79999999997693
E. coli,constant_37C,47.400000000000006,37.0,8.799999999979946
E. coli,constant_37C,47.6,37.0,8.799999999982571
E. coli,constant_37C,47.800000000000004,37.0,8.799999999984852
E. coli,constant_37C,48.0,37.0,8.799999999986834
Listeria monocytogenes,constant_5C,0.0,5.0,2.0
Listeria monocytogenes,constant_5C,0.2,5.0,2.0000654787154253
Listeria monocytogenes,constant_5C,0.4,5.0,2.000130974399283
Listeria monocytogenes,constant_5C,0.6000000000000001,5.0,2.0001964870548554
Listeria monocytogenes,constant_5C,0.8,5.0,2.0002620166854226
Listeria monocytogenes,constant_5C,1.0,5.0,2.0003275632942654
Listeria monocytogenes,constant_5C,1.2000000000000002,5.0,2.0003931268846653
Listeria monocytogenes,constant_5C,1.4000000000000001,5.0,2.000458707459903
Listeria monocytogenes,constant_5C,1.6,5.0,2.0005243050232604
Listeria monocytogenes,constant_5C,1.8,5.0,2.000589919578018
Listeria monocytogenes,constant_5C,2.0,5.0,2.000655551127457
Listeria monocytogenes,constant_5C,2.2,5.0,2.0007211996748593
Listeria monocytogenes,constant_5C,2.4000000000000004,5.0,2.0007868652235064
Listeria monocytogenes,constant_5C,2.6,5.0,2.0008525477766783
Listeria monocytogenes,constant_5C,2.8000000000000003,5.0,2.0009182473376583
Listeria monocytogenes,constant_5C,3.0,5.0,2.000983963909727
Listeria monocytogenes,constant_5C,3.2,5.0,2.001049697496166
Listeria monocytogenes,constant_5C,3.4000000000000004,5.0,2.0011154481002564
Listeria monocytogenes,constant_5C,3.6,5.0,2.0011812157252806
Listeria monocytogenes,constant_5C,3.8000000000000003,5.0,2.00124700037452
Listeria monocytogenes,constant_5C,4.0,5.0,2.001312802051257
Listeria monocytogenes,constant_5C,4.2,5.0,2.001378620758773
Listeria monocytogenes,constant_5C,4.4,5.0,2.0014444565003497
Listeria monocytogenes,constant_5C,4.6000000000000005,5.0,2.001510309279269
Listeria monocytogenes,constant_5C,4.800000000000001,5.0,2.001576179098813
Listeria monocytogenes,constant_5C,5.0,5.0,2.001642065962264
Listeria monocytogenes,constant_5C,5.2,5.0,2.0017079698729034
Listeria monocytogenes,constant_5C,5.4,5.0,2.0017738908340137
Listeria monocytogenes,constant_5C,5.6000000000000005,5.0,2.001839828848878
Listeria monocytogenes,constant_5C,5.800000000000001,5.0,2.0019057839207766
Listeria monocytogenes,constant_5C,6.0,5.0,2.001971756052993
Listeria monocytogenes,constant_5C,6.2,5.0,2.002037745248809
Listeria monocytogenes,constant_5C,6.4,5.0,2.002103751511507
Listeria monocytogenes,constant_5C,6.6000000000000005,5.0,2.00216977484437
Listeria monocytogenes,constant_5C,6.800000000000001,5.0,2.00223581525068
Listeria monocytogenes,constant_5C,7.0,5.0,2.0023018727337196
Listeria monocytogenes,constant_5C,7.2,5.0,2.0023679472967713
Listeria monocytogenes,constant_5C,7.4,5.0,2.002434038943117
Listeria monocytogenes,constant_5C,7.6000000000000005,5.0,2.0025001476760402
Listeria monocytogenes,constant_5C,7.800000000000001,5.0,2.002566273498823
Listeria monocytogenes,constant_5C,8.0,5.0,2.002632416414749
Listeria monocytogenes,constant_5C,8.200000000000001,5.0,2.0026985764271
Listeria monocytogenes,constant_5C,8.4,5.0,2.0027647535391586
Listeria monocytogenes,constant_5C,8.6,5.0,2.002830947754209
Listeria monocytogenes,constant_5C,8.8,5.0,2.0028971590755322
Listeria monocytogenes,constant_5C,9.0,5.0,2.002963387506413
Listeria monocytogenes,constant_5C,9.200000000000001,5.0,2.0030296330501325
Listeria monocytogenes,constant_5C,9.4,5.0,2.0030958957099756
Listeria monocytogenes,constant_5C,9.600000000000001,5.0,2.003162175489224
Listeria monocytogenes,constant_5C,9.8,5.0,2.0032284723911613
Listeria monocytogenes,constant_5C,10.0,5.0,2.0032947864190707
Listeria monocytogenes,constant_5C,10.200000000000001,5.0,2.0033611175762345
Listeria monocytogenes,constant_5C,10.4,5.0,2.0034274658659372
Listeria monocytogenes,constant_5C,10.600000000000001,5.0,2.0034938312914607
Listeria monocytogenes,constant_5C,10.8,5.0,2.0035602138560895
Listeria monocytogenes,constant_5C,11.0,5.0,2.0036266135631062
Listeria monocytogenes,constant_5C,11.200000000000001,5.0,2.003693030415794
Listeria monocytogenes,constant_5C,11.4,5.0,2.0037594644174375
Listeria monocytogenes,constant_5C,11.600000000000001,5.0,2.0038259155713183
Listeria monocytogenes,constant_5C,11.8,5.0,2.0038923838807214
Listeria monocytogenes,constant_5C,12.0,5.0,2.003958869348929
Listeria monocytogenes,constant_5C,12.200000000000001,5.0,2.004025371979226
Listeria monocytogenes,constant_5C,12.4,5.0,2.0040918917748947
Listeria monocytogenes,constant_5C,12.600000000000001,5.0,2.00415842873922
Listeria monocytogenes,constant_5C,12.8,5.0,2.004224982875485
Listeria monocytogenes,constant_5C,13.0,5.0,2.004291554186972
Listeria monocytogenes,constant_5C,13.200000000000001,5.0,2.004358142676967
Listeria monocytogenes,constant_5C,13.4,5.0,2.004424748348752
Listeria monocytogenes,constant_5C,13.600000000000001,5.0,2.0044913712056127
Listeria monocytogenes,constant_5C,13.8,5.0,2.0045580112508303
Listeria monocytogenes,constant_5C,14.0,5.0,2.004624668487691
Listeria monocytogenes,constant_5C,14.200000000000001,5.0,2.004691342919477
Listeria monocytogenes,constant_5C,14.4,5.0,2.0047580345494733
Listeria monocytogenes,constant_5C,14.600000000000001,5.0,2.0048247433809636
Listeria monocytogenes,constant_5C,14.8,5.0,2.0048914694172315
Listeria monocytogenes,constant_5C,15.0,5.0,2.0049582126615615
Listeria monocytogenes,constant_5C,15.200000000000001,5.0,2.0050249731172376
Listeria monocytogenes,constant_5C,15.4,5.0,2.0050917507875425
Listeria monocytogenes,constant_5C,15.600000000000001,5.0,2.005158545675763
Listeria monocytogenes,constant_5C,15.8,5.0,2.005225357785181
Listeria monocytogenes,constant_5C,16.0,5.0,2.0052921871190814
Listeria monocytogenes,constant_5C,16.2,5.0,2.0053590336807483
Listeria monocytogenes,constant_5C,16.400000000000002,5.0,2.005425897473466
Listeria monocytogenes,constant_5C,16.6,5.0,2.0054927785005185
Listeria monocytogenes,constant_5C,16.8,5.0,2.005559676765191
Listeria monocytogenes,constant_5C,17.0,5.0,2.005626592270767
Listeria monocytogenes,constant_5C,17.2,5.0,2.00569352502053
Listeria monocytogenes,constant_5C,17.400000000000002,5.0,2.0057604750177664
Listeria monocytogenes,constant_5C,17.6,5.0,2.005827442265759
Listeria monocytogenes,constant_5C,17.8,5.0,2.005894426767793
Listeria monocytogenes,constant_5C,18.0,5.0,2.005961428527153
Listeria monocytogenes,constant_5C,18.2,5.0,2.0060284475471226
Listeria monocytogenes,constant_5C,18.400000000000002,5.0,2.0060954838309866
Listeria monocytogenes,constant_5C,18.6,5.0,2.00616253738203
Listeria monocytogenes,constant_5C,18.8,5.0,2.006229608203537
Listeria monocytogenes,constant_5C,19.0,5.0,2.0062966962987923
Listeria monocytogenes,constant_5C,19.200000000000003,5.0,2.0063638016710796
Listeria monocytogenes,constant_5C,19.400000000000002,5.0,2.006430924323685
Listeria monocytogenes,constant_5C,19.6,5.0,2.006498064259892
Listeria monocytogenes,constant_5C,19.8,5.0,2.0065652214829868
Listeria monocytogenes,constant_5C,20.0,5.0,2.0066323959962524
Listeria monocytogenes,constant_5C,20.200000000000003,5.0,2.0066995878029736
Listeria monocytogenes,constant_5C,20.400000000000002,5.0,2.0067667969064367
Listeria monocytogenes,constant_5C,20.6,5.0,2.0068340233099247
Listeria monocytogenes,constant_5C,20.8,5.0,2.0069012670167234
Listeria monocytogenes,constant_5C,21.0,5.0,2.006968528030117
Listeria monocytogenes,constant_5C,21.200000000000003,5.0,2.0070358063533913
Listeria monocytogenes,constant_5C,21.400000000000002,5.0,2.00710310198983
Listeria monocytogenes,constant_5C,21.6,5.0,2.0071704149427183
Listeria monocytogenes,constant_5C,21.8,5.0,2.0072377452153423
Listeria monocytogenes,constant_5C,22.0,5.0,2.007305092810985
Listeria monocytogenes,constant_5C,22.200000000000003,5.0,2.007372457732932
Listeria monocytogenes,constant_5C,22.400000000000002,5.0,2.0074398399844693
Listeria monocytogenes,constant_5C,22.6,5.0,2.00750723956888
Listeria monocytogenes,constant_5C,22.8,5.0,2.0075746564894508
Listeria monocytogenes,constant_5C,23.0,5.0,2.007642090749466
Listeria monocytogenes,constant_5C,23.200000000000003,5.0,2.0077095423522104
Listeria monocytogenes,constant_5C,23.400000000000002,5.0,2.007777011300969
Listeria monocytogenes,constant_5C,23.6,5.0,2.0078444975990273
Listeria monocytogenes,constant_5C,23.8,5.0,2.0079120012496703
Listeria monocytogenes,constant_5C,24.0,5.0,2.0079795222561825
Listeria monocytogenes,constant_5C,24.200000000000003,5.0,2.00804706062185
Listeria monocytogenes,constant_5C,24.400000000000002,5.0,2.0081146163499572
Listeria monocytogenes,constant_5C,24.6,5.0,2.0081821894437892
Listeria monocytogenes,constant_5C,24.8,5.0,2.0082497799066314
Listeria monocytogenes,constant_5C,25.0,5.0,2.0083173877417693
Listeria monocytogenes,constant_5C,25.200000000000003,5.0,2.008385012952487
Listeria monocytogenes,constant_5C,25.400000000000002,5.0,2.008452655542071
Listeria monocytogenes,constant_5C,25.6,5.0,2.0085203155138056
Listeria monocytogenes,constant_5C,25.8,5.0,2.0085879928709764
Listeria monocytogenes,constant_5C,26.0,5.0,2.008655687616869
Listeria monocytogenes,constant_5C,26.200000000000003,5.0,2.0087233997547678
Listeria monocytogenes,constant_5C,26.400000000000002,5.0,2.0087911292879586
Listeria monocytogenes,constant_5C,26.6,5.0,2.0088588762197266
Listeria monocytogenes,constant_5C,26.8,5.0,2.0089266405533563
Listeria monocytogenes,constant_5C,27.0,5.0,2.008994422292134
Listeria monocytogenes,constant_5C,27.200000000000003,5.0,2.009062221439345
Listeria monocytogenes,constant_5C,27.400000000000002,5.0,2.009130037998274
Listeria monocytogenes,constant_5C,27.6,5.0,2.0091978719722072
Listeria monocytogenes,constant_5C,27.8,5.0,2.0092657233644293
Listeria monocytogenes,constant_5C,28.0,5.0,2.009333592178225
Listeria monocytogenes,constant_5C,28.200000000000003,5.0,2.0094014784168808
Listeria monocytogenes,constant_5C,28.400000000000002,5.0,2.0094693820836818
Listeria monocytogenes,constant_5C,28.6,5.0,2.0095373031819133
Listeria monocytogenes,constant_5C,28.8,5.0,2.0096052417148598
Listeria monocytogenes,constant_5C,29.0,5.0,2.0096731976858084
Listeria monocytogenes,constant_5C,29.200000000000003,5.0,2.009741171098043
Listeria monocytogenes,constant_5C,29.400000000000002,5.0,2.00980916195485
Listeria monocytogenes,constant_5C,29.6,5.0,2.009877170259514
Listeria monocytogenes,constant_5C,29.8,5.0,2.0099451960153205
Listeria monocytogenes,constant_5C,30.0,5.0,2.010013239225556
Listeria monocytogenes,constant_5C,30.200000000000003,5.0,2.0100812998935047
Listeria monocytogenes,constant_5C,30.400000000000002,5.0,2.0101493780224526
Listeria monocytogenes,constant_5C,30.6,5.0,2.010217473615685
Listeria monocytogenes,constant_5C,30.8,5.0,2.010285586676487
Listeria monocytogenes,constant_5C,31.0,5.0,2.010353717208145
Listeria monocytogenes,constant_5C,31.200000000000003,5.0,2.0104218652139436
Listeria monocytogenes,constant_5C,31.400000000000002,5.0,2.0104900306971687
Listeria monocytogenes,constant_5C,31.6,5.0,2.010558213661105
Listeria monocytogenes,constant_5C,31.8,5.0,2.010626414109039
Listeria monocytogenes,constant_5C,32.0,5.0,2.0106946320442556
Listeria monocytogenes,constant_5C,32.2,5.0,2.01076286747004
Listeria monocytogenes,constant_5C,32.4,5.0,2.0108311203896787
Listeria monocytogenes,constant_5C,32.6,5.0,2.0108993908064563
Listeria monocytogenes,constant_5C,32.800000000000004,5.0,2.010967678723658
Listeria monocytogenes,constant_5C,33.0,5.0,2.0110359841445704
Listeria monocytogenes,constant_5C,33.2,5.0,2.0111043070724777
Listeria monocytogenes,constant_5C,33.4,5.0,2.011172647510666
Listeria monocytogenes,constant_5C,33.6,5.0,2.0112410054624212
Listeria monocytogenes,constant_5C,33.800000000000004,5.0,2.011309380931028
Listeria monocytogenes,constant_5C,34.0,5.0,2.0113777739197722
Listeria monocytogenes,constant_5C,34.2,5.0,2.01144618443194
Listeria monocytogenes,constant_5C,34.4,5.0,2.011514612470815
Listeria monocytogenes,constant_5C,34.6,5.0,2.0115830580396845
Listeria monocytogenes,constant_5C,34.800000000000004,5.0,2.0116515211418333
Listeria monocytogenes,constant_5C,35.0,5.0,2.0117200017805463
Listeria monocytogenes,constant_5C,35.2,5.0,2.0117884999591102
Listeria monocytogenes,constant_5C,35.4,5.0,2.0118570156808095
Listeria monocytogenes,constant_5C,35.6,5.0,2.01192554894893
Listeria monocytogenes,constant_5C,35.800000000000004,5.0,2.0119940997667567
Listeria monocytogenes,constant_5C,36.0,5.0,2.0120626681375757
Listeria monocytogenes,constant_5C,36.2,5.0,2.012131254064672
Listeria monocytogenes,constant_5C,36.4,5.0,2.012199857551331
Listeria monocytogenes,constant_5C,36.6,5.0,2.0122684786008382
Listeria monocytogenes,constant_5C,36.800000000000004,5.0,2.01233711721648
Listeria monocytogenes,constant_5C,37.0,5.0,2.0124057734015404
Listeria monocytogenes,constant_5C,37.2,5.0,2.0124744471593052
Listeria monocytogenes,constant_5C,37.4,5.0,2.01254313849306
Listeria monocytogenes,constant_5C,37.6,5.0,2.012611847406091
Listeria monocytogenes,constant_5C,37.800000000000004,5.0,2.0126805739016813
Listeria monocytogenes,constant_5C,38.0,5.0,2.012749317983119
Listeria monocytogenes,constant_5C,38.2,5.0,2.0128180796536874
Listeria monocytogenes,constant_5C,38.400000000000006,5.0,2.012886858916673
Listeria monocytogenes,constant_5C,38.6,5.0,2.012955655775361
Listeria monocytogenes,constant_5C,38.800000000000004,5.0,2.013024470233036
Listeria monocytogenes,constant_5C,39.0,5.0,2.0130933022929844
Listeria monocytogenes,constant_5C,39.2,5.0,2.013162151958491
Listeria monocytogenes,constant_5C,39.400000000000006,5.0,2.0132310192328413
Listeria monocytogenes,constant_5C,39.6,5.0,2.0132999041193202
Listeria monocytogenes,constant_5C,39.800000000000004,5.0,2.0133688066212136
Listeria monocytogenes,constant_5C,40.0,5.0,2.0134377267418064
Listeria monocytogenes,constant_5C,40.2,5.0,2.013506664484384
Listeria monocytogenes,constant_5C,40.400000000000006,5.0,2.013575619852231
Listeria monocytogenes,constant_5C,40.6,5.0,2.013644592848634
Listeria monocytogenes,constant_5C,40.800000000000004,5.0,2.0137135834768776
Listeria monocytogenes,constant_5C,41.0,5.0,2.013782591740246
Listeria monocytogenes,constant_5C,41.2,5.0,2.0138516176420262
Listeria monocytogenes,constant_5C,41.400000000000006,5.0,2.013920661185502
Listeria monocytogenes,constant_5C,41.6,5.0,2.0139897223739593
Listeria monocytogenes,constant_5C,41.800000000000004,5.0,2.014058801210683
Listeria monocytogenes,constant_5C,42.0,5.0,2.0141278976989585
Listeria monocytogenes,constant_5C,42.2,5.0,2.0141970118420707
Listeria monocytogenes,constant_5C,42.400000000000006,5.0,2.014266143643305
Listeria monocytogenes,constant_5C,42.6,5.0,2.014335293105946
Listeria monocytogenes,constant_5C,42.800000000000004,5.0,2.0144044602332793
Listeria monocytogenes,constant_5C,43.0,5.0,2.0144736450285894
Listeria monocytogenes,constant_5C,43.2,5.0,2.014542847495162
Listeria monocytogenes,constant_5C,43.400000000000006,5.0,2.014612067636282
Listeria monocytogenes,constant_5C,43.6,5.0,2.014681305455234
Listeria monocytogenes,constant_5C,43.800000000000004,5.0,2.0147505609553034
Listeria monocytogenes,constant_5C,44.0,5.0,2.014819834139775
Listeria monocytogenes,constant_5C,44.2,5.0,2.014889125011934
Listeria monocytogenes,constant_5C,44.400000000000006,5.0,2.0149584335750648
Listeria monocytogenes,constant_5C,44.6,5.0,2.0150277598324533
Listeria monocytogenes,constant_5C,44.800000000000004,5.0,2.0150971037873835
Listeria monocytogenes,constant_5C,45.0,5.0,2.0151664654431407
Listeria monocytogenes,constant_5C,45.2,5.0,2.01523584480301
Listeria monocytogenes,constant_5C,45.400000000000006,5.0,2.0153052418702755
Listeria monocytogenes,constant_5C,45.6,5.0,2.0153746566482225
Listeria monocytogenes,constant_5C,45.800000000000004,5.0,2.015444089140136
Listeria monocytogenes,constant_5C,46.0,5.0,2.0155135393493007
Listeria monocytogenes,constant_5C,46.2,5.0,2.015583007279001
Listeria monocytogenes,constant_5C,46.400000000000006,5.0,2.0156524929325217
Listeria monocytogenes,constant_5C,46.6,5.0,2.015721996313148
Listeria monocytogenes,constant_5C,46.800000000000004,5.0,2.015791517424164
Listeria monocytogenes,constant_5C,47.0,5.0,2.0158610562688546
Listeria monocytogenes,constant_5C,47.2,5.0,2.0159306128505046
Listeria monocytogenes,constant_5C,47.400000000000006,5.0,2.016000187172399
Listeria monocytogenes,constant_5C,47.6,5.0,2.0160697792378213
Listeria monocytogenes,constant_5C,47.800000000000004,5.0,2.016139389050057
Listeria monocytogenes,constant_5C,48.0,5.0,2.01620901661239
Listeria monocytogenes,constant_10C,0.0,10.0,2.0
Listeria monocytogenes,constant_10C,0.2,10.0,2.000895960412445
Listeria monocytogenes,constant_10C,0.4,10.0,2.0017950951853627
Listeria monocytogenes,constant_10C,0.6000000000000001,10.0,2.0026974126853583
Listeria monocytogenes,constant_10C,0.8,10.0,2.0036029212806703
Listeria monocytogenes,constant_10C,1.0,10.0,2.0045116293410117
Listeria monocytogenes,constant_10C,1.2000000000000002,10.0,2.005423545237411
Listeria monocytogenes,constant_10C,1.4000000000000001,10.0,2.0063386773420593
Listeria monocytogenes,constant_10C,1.6,10.0,2.0072570340281417
Listeria monocytogenes,constant_10C,1.8,10.0,2.008178623669684
Listeria monocytogenes,constant_10C,2.0,10.0,2.0091034546413873
Listeria monocytogenes,constant_10C,2.2,10.0,2.0100315353184675
Listeria monocytogenes,constant_10C,2.4000000000000004,10.0,2.0109628740764927
Listeria monocytogenes,constant_10C,2.6,10.0,2.011897479291216
Listeria monocytogenes,constant_10C,2.8000000000000003,10.0,2.0128353593384145
Listeria monocytogenes,constant_10C,3.0,10.0,2.0137765225937208
Listeria monocytogenes,constant_10C,3.2,10.0,2.0147209774324573
Listeria monocytogenes,constant_10C,3.4000000000000004,10.0,2.01566873222947
Listeria monocytogenes,constant_10C,3.6,10.0,2.0166197953589586
Listeria monocytogenes,constant_10C,3.8000000000000003,10.0,2.017574175194307
Listeria monocytogenes,constant_10C,4.0,10.0,2.0185318801079153
Listeria monocytogenes,constant_10C,4.2,10.0,2.0194929184710273
Listeria monocytogenes,constant_10C,4.4,10.0,2.02045729865356
Listeria monocytogenes,constant_10C,4.6000000000000005,10.0,2.021425029023931
Listeria monocytogenes,constant_10C,4.800000000000001,10.0,2.022396117948884
Listeria monocytogenes,constant_10C,5.0,10.0,2.023370573793316
Listeria monocytogenes,constant_10C,5.2,10.0,2.024348404920102
Listeria monocytogenes,constant_10C,5.4,10.0,2.0253296196899204
Listeria monocytogenes,constant_10C,5.6000000000000005,10.0,2.0263142264610736
Listeria monocytogenes,constant_10C,5.800000000000001,10.0,2.0273022335893134
Listeria monocytogenes,constant_10C,6.0,10.0,2.028293649427663
Listeria monocytogenes,constant_10C,6.2,10.0,2.0292884823262347
Listeria monocytogenes,constant_10C,6.4,10.0,2.030286740632056
Listeria monocytogenes,constant_10C,6.6000000000000005,10.0,2.0312884326888816
Listeria monocytogenes,constant_10C,6.800000000000001,10.0,2.03229356683702
Listeria monocytogenes,constant_10C,7.0,10.0,2.0333021514131464
Listeria monocytogenes,constant_10C,7.2,10.0,2.03431419475012
Listeria monocytogenes,constant_10C,7.4,10.0,2.035329705176804
Listeria monocytogenes,constant_10C,7.6000000000000005,10.0,2.036348691017878
Listeria monocytogenes,constant_10C,7.800000000000001,10.0,2.037371160593653
Listeria monocytogenes,constant_10C,8.0,10.0,2.0383971222198873
Listeria monocytogenes,constant_10C,8.200000000000001,10.0,2.0394265842076003
Listeria monocytogenes,constant_10C,8.4,10.0,2.0404595548628817
Listeria monocytogenes,constant_10C,8.6,10.0,2.0414960424867084
Listeria monocytogenes,constant_10C,8.8,10.0,2.042536055374751
Listeria monocytogenes,constant_10C,9.0,10.0,2.0435796018171883
Listeria monocytogenes,constant_10C,9.200000000000001,10.0,2.0446266900985144
Listeria monocytogenes,constant_10C,9.4,10.0,2.045677328497348
Listeria monocytogenes,constant_10C,9.600000000000001,10.0,2.0467315252862432
Listeria monocytogenes,constant_10C,9.8,10.0,2.047789288731495
Listeria monocytogenes,constant_10C,10.0,10.0,2.048850627092946
Listeria monocytogenes,constant_10C,10.200000000000001,10.0,2.0499155486237948
Listeria monocytogenes,constant_10C,10.4,10.0,2.050984061570399
Listeria monocytogenes,constant_10C,10.600000000000001,10.0,2.0520561741720837
Listeria monocytogenes,constant_10C,10.8,10.0,2.053131894660942
Listeria monocytogenes,constant_10C,11.0,10.0,2.054211231261641
Listeria monocytogenes,constant_10C,11.200000000000001,10.0,2.0552941921912247
Listeria monocytogenes,constant_10C,11.4,10.0,2.0563807856589147
Listeria monocytogenes,constant_10C,11.600000000000001,10.0,2.057471019865915
Listeria monocytogenes,constant_10C,11.8,10.0,2.05856490300521
Listeria monocytogenes,constant_10C,12.0,10.0,2.0596624432613653
Listeria monocytogenes,constant_10C,12.200000000000001,10.0,2.0607636488103314
Listeria monocytogenes,constant_10C,12.4,10.0,2.0618685278192372
Listeria monocytogenes,constant_10C,12.600000000000001,10.0,2.0629770884461927
Listeria monocytogenes,constant_10C,12.8,10.0,2.064089338840085
Listeria monocytogenes,constant_10C,13.0,10.0,2.0652052871403788
Listeria monocytogenes,constant_10C,13.200000000000001,10.0,2.0663249414769087
Listeria monocytogenes,constant_10C,13.4,10.0,2.067448309969679
Listeria monocytogenes,constant_10C,13.600000000000001,10.0,2.068575400728659
Listeria monocytogenes,constant_10C,13.8,10.0,2.0697062218535764
Listeria monocytogenes,constant_10C,14.0,10.0,2.0708407814337138
Listeria monocytogenes,constant_10C,14.200000000000001,10.0,2.0719790875477018
Listeria monocytogenes,constant_10C,14.4,10.0,2.073121148263314
Listeria monocytogenes,constant_10C,14.600000000000001,10.0,2.0742669716372584
Listeria monocytogenes,constant_10C,14.8,10.0,2.07541656571497
Listeria monocytogenes,constant_10C,15.0,10.0,2.0765699385304055
Listeria monocytogenes,constant_10C,15.200000000000001,10.0,2.0777270981058296
Listeria monocytogenes,constant_10C,15.4,10.0,2.078888052451612
Listeria monocytogenes,constant_10C,15.600000000000001,10.0,2.0800528095660145
Listeria monocytogenes,constant_10C,15.8,10.0,2.0812213774349813
Listeria monocytogenes,constant_10C,16.0,10.0,2.0823937640319303
Listeria monocytogenes,constant_10C,16.2,10.0,2.0835699773175405
Listeria monocytogenes,constant_10C,16.400000000000002,10.0,2.0847500252395417
Listeria monocytogenes,constant_10C,16.6,10.0,2.085933915732502
Listeria monocytogenes,constant_10C,16.8,10.0,2.0871216567176174
Listeria monocytogenes,constant_10C,17.0,10.0,2.0883132561024977
Listeria monocytogenes,constant_10C,17.2,10.0,2.089508721780954
Listeria monocytogenes,constant_10C,17.400000000000002,10.0,2.0907080616327853
Listeria monocytogenes,constant_10C,17.6,10.0,2.0919112835235656
Listeria monocytogenes,constant_10C,17.8,10.0,2.093118395304428
Listeria monocytogenes,constant_10C,18.0,10.0,2.0943294048118526
Listeria monocytogenes,constant_10C,18.2,10.0,2.0955443198674497
Listeria monocytogenes,constant_10C,18.400000000000002,10.0,2.0967631482777462
Listeria monocytogenes,constant_10C,18.6,10.0,2.097985897833968
Listeria monocytogenes,constant_10C,18.8,10.0,2.099212576311827
Listeria monocytogenes,constant_10C,19.0,10.0,2.1004431914713018
Listeria monocytogenes,constant_10C,19.200000000000003,10.0,2.1016777510564246
Listeria monocytogenes,constant_10C,19.400000000000002,10.0,2.102916262795062
Listeria monocytogenes,constant_10C,19.6,10.0,2.104158734398698
Listeria monocytogenes,constant_10C,19.8,10.0,2.1054051735622186
Listeria monocytogenes,constant_10C,20.0,10.0,2.106655587963692
Listeria monocytogenes,constant_10C,20.200000000000003,10.0,2.107909985264152
Listeria monocytogenes,constant_10C,20.400000000000002,10.0,2.1091683731073805
Listeria monocytogenes,constant_10C,20.6,10.0,2.110430759119687
Listeria monocytogenes,constant_10C,20.8,10.0,2.1116971509096927
Listeria monocytogenes,constant_10C,21.0,10.0,2.1129675560681096
Listeria monocytogenes,constant_10C,21.200000000000003,10.0,2.1142419821675222
Listeria monocytogenes,constant_10C,21.400000000000002,10.0,2.115520436762171
Listeria monocytogenes,constant_10C,21.6,10.0,2.116802927387727
Listeria monocytogenes,constant_10C,21.8,10.0,2.118089461561078
Listeria monocytogenes,constant_10C,22.0,10.0,2.1193800467801083
Listeria monocytogenes,constant_10C,22.200000000000003,10.0,2.120674690523475
Listeria monocytogenes,constant_10C,22.400000000000002,10.0,2.121973400250392
Listeria monocytogenes,constant_10C,22.6,10.0,2.1232761834004075
Listeria monocytogenes,constant_10C,22.8,10.0,2.124583047393187
Listeria monocytogenes,constant_10C,23.0,10.0,2.1258939996282895
Listeria monocytogenes,constant_10C,23.200000000000003,10.0,2.1272090474849485
Listeria monocytogenes,constant_10C,23.400000000000002,10.0,2.1285281983218525
Listeria monocytogenes,constant_10C,23.6,10.0,2.1298514594769236
Listeria monocytogenes,constant_10C,23.8,10.0,2.1311788382670964
Listeria monocytogenes,constant_10C,24.0,10.0,2.1325103419880995
Listeria monocytogenes,constant_10C,24.200000000000003,10.0,2.1338459779142327
Listeria monocytogenes,constant_10C,24.400000000000002,10.0,2.1351857532981473
Listeria monocytogenes,constant_10C,24.6,10.0,2.1365296753706255
Listeria monocytogenes,constant_10C,24.8,10.0,2.137877751340361
Listeria monocytogenes,constant_10C,25.0,10.0,2.1392299883937347
Listeria monocytogenes,constant_10C,25.200000000000003,10.0,2.1405863936945995
Listeria monocytogenes,constant_10C,25.400000000000002,10.0,2.141946974384055
Listeria monocytogenes,constant_10C,25.6,10.0,2.14331173758023
Listeria monocytogenes,constant_10C,25.8,10.0,2.14468069037806
Listeria monocytogenes,constant_10C,26.0,10.0,2.1460538398490705
Listeria monocytogenes,constant_10C,26.200000000000003,10.0,2.147431193041152
Listeria monocytogenes,constant_10C,26.400000000000002,10.0,2.148812756978343
Listeria monocytogenes,constant_10C,26.6,10.0,2.150198538660611
Listeria monocytogenes,constant_10C,26.8,10.0,2.1515885450636274
Listeria monocytogenes,constant_10C,27.0,10.0,2.1529827831385555
Listeria monocytogenes,constant_10C,27.200000000000003,10.0,2.1543812598118253
Listeria monocytogenes,constant_10C,27.400000000000002,10.0,2.1557839819849156
Listeria monocytogenes,constant_10C,27.6,10.0,2.1571909565341354
Listeria monocytogenes,constant_10C,27.8,10.0,2.158602190310405
Listeria monocytogenes,constant_10C,28.0,10.0,2.160017690139036
Listeria monocytogenes,constant_10C,28.200000000000003,10.0,2.1614374628195154
Listeria monocytogenes,constant_10C,28.400000000000002,10.0,2.1628615151252846
Listeria monocytogenes,constant_10C,28.6,10.0,2.1642898538035222
Listeria monocytogenes,constant_10C,28.8,10.0,2.165722485574927
Listeria monocytogenes,constant_10C,29.0,10.0,2.1671594171335005
Listeria monocytogenes,constant_10C,29.200000000000003,10.0,2.1686006551463284
Listeria monocytogenes,constant_10C,29.400000000000002,10.0,2.1700462062533656
Listeria monocytogenes,constant_10C,29.6,10.0,2.171496077067217
Listeria monocytogenes,constant_10C,29.8,10.0,2.172950274172925
Listeria monocytogenes,constant_10C,30.0,10.0,2.17440880412775
Listeria monocytogenes,constant_10C,30.200000000000003,10.0,2.175871673460957
Listeria monocytogenes,constant_10C,30.400000000000002,10.0,2.177338888673601
Listeria monocytogenes,constant_10C,30.6,10.0,2.178810456238309
Listeria monocytogenes,constant_10C,30.8,10.0,2.1802863825990695
Listeria monocytogenes,constant_10C,31.0,10.0,2.181766674171016
Listeria monocytogenes,constant_10C,31.200000000000003,10.0,2.183251337340215
Listeria monocytogenes,constant_10C,31.400000000000002,10.0,2.184740378463452
Listeria monocytogenes,constant_10C,31.6,10.0,2.1862338038680185
Listeria monocytogenes,constant_10C,31.8,10.0,2.187731619851502
Listeria monocytogenes,constant_10C,32.0,10.0,2.1892338326815715
Listeria monocytogenes,constant_10C,32.2,10.0,2.190740448595769
Listeria monocytogenes,constant_10C,32.4,10.0,2.1922514738012953
Listeria monocytogenes,constant_10C,32.6,10.0,2.1937669144748053
Listeria monocytogenes,constant_10C,32.800000000000004,10.0,2.1952867767621913
Listeria monocytogenes,constant_10C,33.0,10.0,2.1968110667783822
Listeria monocytogenes,constant_10C,33.2,10.0,2.1983397906071267
Listeria monocytogenes,constant_10C,33.4,10.0,2.199872954300792
Listeria monocytogenes,constant_10C,33.6,10.0,2.201410563880153
Listeria monocytogenes,constant_10C,33.800000000000004,10.0,2.2029526253341856
Listeria monocytogenes,constant_10C,34.0,10.0,2.2044991446198616
Listeria monocytogenes,constant_10C,34.2,10.0,2.206050127661945
Listeria monocytogenes,constant_10C,34.4,10.0,2.207605580352783
Listeria monocytogenes,constant_10C,34.6,10.0,2.209165508552105
Listeria monocytogenes,constant_10C,34.800000000000004,10.0,2.2107299180868187
Listeria monocytogenes,constant_10C,35.0,10.0,2.212298814750806
Listeria monocytogenes,constant_10C,35.2,10.0,2.213872204304722
Listeria monocytogenes,constant_10C,35.4,10.0,2.215450092475793
Listeria monocytogenes,constant_10C,35.6,10.0,2.2170324849576173
Listeria monocytogenes,constant_10C,35.800000000000004,10.0,2.218619387409964
Listeria monocytogenes,constant_10C,36.0,10.0,2.220210805458574
Listeria monocytogenes,constant_10C,36.2,10.0,2.2218067446949608
Listeria monocytogenes,constant_10C,36.4,10.0,2.223407210676215
Listeria monocytogenes,constant_10C,36.6,10.0,2.225012208924807
Listeria monocytogenes,constant_10C,36.800000000000004,10.0,2.2266217449283885
Listeria monocytogenes,constant_10C,37.0,10.0,2.2282358241396008
Listeria monocytogenes,constant_10C,37.2,10.0,2.229854451975879
Listeria monocytogenes,constant_10C,37.4,10.0,2.231477633819258
Listeria monocytogenes,constant_10C,37.6,10.0,2.2331053750161804
Listeria monocytogenes,constant_10C,37.800000000000004,10.0,2.234737680877305
Listeria monocytogenes,constant_10C,38.0,10.0,2.2363745566773168
Listeria monocytogenes,constant_10C,38.2,10.0,2.2380160076547346
Listeria monocytogenes,constant_10C,38.400000000000006,10.0,2.239662039011724
Listeria monocytogenes,constant_10C,38.6,10.0,2.2413126559139105
Listeria monocytogenes,constant_10C,38.800000000000004,10.0,2.2429678634901893
Listeria monocytogenes,constant_10C,39.0,10.0,2.2446276668325407
Listeria monocytogenes,constant_10C,39.2,10.0,2.2462920709958447
Listeria monocytogenes,constant_10C,39.400000000000006,10.0,2.2479610809976993
Listeria monocytogenes,constant_10C,39.6,10.0,2.2496347018182328
Listeria monocytogenes,constant_10C,39.800000000000004,10.0,2.2513129383999244
Listeria monocytogenes,constant_10C,40.0,10.0,2.2529957956474242
Listeria monocytogenes,constant_10C,40.2,10.0,2.2546832784273687
Listeria monocytogenes,constant_10C,40.400000000000006,10.0,2.2563753915682074
Listeria monocytogenes,constant_10C,40.6,10.0,2.2580721398600216
Listeria monocytogenes,constant_10C,40.800000000000004,10.0,2.259773528054346
Listeria monocytogenes,constant_10C,41.0,10.0,2.2614795608639975
Listeria monocytogenes,constant_10C,41.2,10.0,2.2631902429628954
Listeria monocytogenes,constant_10C,41.400000000000006,10.0,2.264905578985893
Listeria monocytogenes,constant_10C,41.6,10.0,2.2666255735286014
Listeria monocytogenes,constant_10C,41.800000000000004,10.0,2.268350231147218
Listeria monocytogenes,constant_10C,42.0,10.0,2.27007955635836
Listeria monocytogenes,constant_10C,42.2,10.0,2.271813553638891
Listeria monocytogenes,constant_10C,42.400000000000006,10.0,2.2735522274257582
Listeria monocytogenes,constant_10C,42.6,10.0,2.2752955821158207
Listeria monocytogenes,constant_10C,42.800000000000004,10.0,2.277043622065686
Listeria monocytogenes,constant_10C,43.0,10.0,2.278796351591549
Listeria monocytogenes,constant_10C,43.2,10.0,2.280553774969024
Listeria monocytogenes,constant_10C,43.400000000000006,10.0,2.2823158964329866
Listeria monocytogenes,constant_10C,43.6,10.0,2.284082720177411
Listeria monocytogenes,constant_10C,43.800000000000004,10.0,2.2858542503552135
Listeria monocytogenes,constant_10C,44.0,10.0,2.2876304910780925
Listeria monocytogenes,constant_10C,44.2,10.0,2.289411446416371
Listeria monocytogenes,constant_10C,44.400000000000006,10.0,2.2911971203988455
Listeria monocytogenes,constant_10C,44.6,10.0,2.292987517012627
Listeria monocytogenes,constant_10C,44.800000000000004,10.0,2.2947826402029925
Listeria monocytogenes,constant_10C,45.0,10.0,2.2965824938732315
Listeria monocytogenes,constant_10C,45.2,10.0,2.2983870818844956
Listeria monocytogenes,constant_10C,45.400000000000006,10.0,2.3001964080556525
Listeria monocytogenes,constant_10C,45.6,10.0,2.3020104761631357
Listeria monocytogenes,constant_10C,45.800000000000004,10.0,2.303829289940801
Listeria monocytogenes,constant_10C,46.0,10.0,2.3056528530797817
Listeria monocytogenes,constant_10C,46.2,10.0,2.3074811692283443
Listeria monocytogenes,constant_10C,46.400000000000006,10.0,2.3093142419917485
Listeria monocytogenes,constant_10C,46.6,10.0,2.3111520749321057
Listeria monocytogenes,constant_10C,46.800000000000004,10.0,2.312994671568242
Listeria monocytogenes,constant_10C,47.0,10.0,2.3148420353755585
Listeria monocytogenes,constant_10C,47.2,10.0,2.3166941697858983
Listeria monocytogenes,constant_10C,47.400000000000006,10.0,2.3185510781874097
Listeria monocytogenes,constant_10C,47.6,10.0,2.320412763924415
Listeria monocytogenes,constant_10C,47.800000000000004,10.0,2.322279230297278
Listeria monocytogenes,constant_10C,48.0,10.0,2.324150480562276
Listeria monocytogenes,constant_15C,0.0,15.0,2.0
Listeria monocytogenes,constant_15C,0.2,15.0,2.0026892472623574
Listeria monocytogenes,constant_15C,0.4,15.0,2.0054070410134073
Listeria monocytogenes,constant_15C,0.6000000000000001,15.0,2.0081536052306865
Listeria monocytogenes,constant_15C,0.8,15.0,2.0109291639717872
Listeria monocytogenes,constant_15C,1.0,15.0,2.0137339413357216
Listeria monocytogenes,constant_15C,1.2000000000000002,15.0,2.0165681614236695
Listeria monocytogenes,constant_15C,1.4000000000000001,15.0,2.0194320482991124
Listeria monocytogenes,constant_15C,1.6,15.0,2.0223258259473647
Listeria monocytogenes,constant_15C,1.8,15.0,2.025249718234508
Listeria monocytogenes,constant_15C,2.0,15.0,2.0282039488657393
Listeria monocytogenes,constant_15C,2.2,15.0,2.0311887413431333
Listeria monocytogenes,constant_15C,2.4000000000000004,15.0,2.0342043189228414
Listeria monocytogenes,constant_15C,2.6,15.0,2.037250904571724
Listeria monocytogenes,constant_15C,2.8000000000000003,15.0,2.0403287209234366
Listeria monocytogenes,constant_15C,3.0,15.0,2.0434379902339748
Listeria monocytogenes,constant_15C,3.2,15.0,2.046578934336689
Listeria monocytogenes,constant_15C,3.4000000000000004,15.0,2.0497517745967886
Listeria monocytogenes,constant_15C,3.6,15.0,2.0529567318653363
Listeria monocytogenes,constant_15C,3.8000000000000003,15.0,2.056194026432759
Listeria monocytogenes,constant_15C,4.0,15.0,2.0594638779818792
Listeria monocytogenes,constant_15C,4.2,15.0,2.0627665055404822
Listeria monocytogenes,constant_15C,4.4,15.0,2.066102127433443
Listeria monocytogenes,constant_15C,4.6000000000000005,15.0,2.069470961234416
Listeria monocytogenes,constant_15C,4.800000000000001,15.0,2.0728732237171124
Listeria monocytogenes,constant_15C,5.0,15.0,2.0763091308061816
Listeria monocytogenes,constant_15C,5.2,15.0,2.0797788975277056
Listeria monocytogenes,constant_15C,5.4,15.0,2.0832827379593364
Listeria monocytogenes,constant_15C,5.6000000000000005,15.0,2.0868208651800857
Listeria monocytogenes,constant_15C,5.800000000000001,15.0,2.0903934912197886
Listeria monocytogenes,constant_15C,6.0,15.0,2.0940008270082657
Listeria monocytogenes,constant_15C,6.2,15.0,2.0976430823241934
Listeria monocytogenes,constant_15C,6.4,15.0,2.101320465743711
Listeria monocytogenes,constant_15C,6.6000000000000005,15.0,2.1050331845887875
Listeria monocytogenes,constant_15C,6.800000000000001,15.0,2.1087814448753615
Listeria monocytogenes,constant_15C,7.0,15.0,2.112565451261283
Listeria monocytogenes,constant_15C,7.2,15.0,2.1163854069940777
Listeria monocytogenes,constant_15C,7.4,15.0,2.120241513858559
Listeria monocytogenes,constant_15C,7.6000000000000005,15.0,2.1241339721243055
Listeria monocytogenes,constant_15C,7.800000000000001,15.0,2.128062980493038
Listeria monocytogenes,constant_15C,8.0,15.0,2.1320287360459105
Listeria monocytogenes,constant_15C,8.200000000000001,15.0,2.1360314341907465
Listeria monocytogenes,constant_15C,8.4,15.0,2.1400712686092453
Listeria monocytogenes,constant_15C,8.6,15.0,2.1441484312041825
Listeria monocytogenes,constant_15C,8.8,15.0,2.1482631120466316
Listeria monocytogenes,constant_15C,9.0,15.0,2.1524154993232356
Listeria monocytogenes,constant_15C,9.200000000000001,15.0,2.1566057792835505
Listeria monocytogenes,constant_15C,9.4,15.0,2.1608341361874923
Listeria monocytogenes,constant_15C,9.600000000000001,15.0,2.1651007522529193
Listeria monocytogenes,constant_15C,9.8,15.0,2.1694058076033627
Listeria monocytogenes,constant_15C,10.0,15.0,2.173749480215951
Listeria monocytogenes,constant_15C,10.200000000000001,15.0,2.1781319458695485
Listeria monocytogenes,constant_15C,10.4,15.0,2.182553378093135
Listeria monocytogenes,constant_15C,10.600000000000001,15.0,2.187013948114456
Listeria monocytogenes,constant_15C,10.8,15.0,2.191513824808982
Listeria monocytogenes,constant_15C,11.0,15.0,2.19605317464919
Listeria monocytogenes,constant_15C,11.200000000000001,15.0,2.2006321616542093
Listeria monocytogenes,constant_15C,11.4,15.0,2.2052509473398576
Listeria monocytogenes,constant_15C,11.600000000000001,15.0,2.2099096906690936
Listeria monocytogenes,constant_15C,11.8,15.0,2.214608548002917
Listeria monocytogenes,constant_15C,12.0,15.0,2.219347673051753
Listeria monocytogenes,constant_15C,12.200000000000001,15.0,2.224127216827336
Listeria monocytogenes,constant_15C,12.4,15.0,2.228947327595136
Listeria monocytogenes,constant_15C,12.600000000000001,15.0,2.233808150827351
Listeria monocytogenes,constant_15C,12.8,15.0,2.2387098291564906
Listeria monocytogenes,constant_15C,13.0,15.0,2.2436525023295926
Listeria monocytogenes,constant_15C,13.200000000000001,15.0,2.2486363071630855
Listeria monocytogenes,constant_15C,13.4,15.0,2.2536613774983394
Listeria monocytogenes,constant_15C,13.600000000000001,15.0,2.2587278441579266
Listeria monocytogenes,constant_15C,13.8,15.0,2.263835834902621
Listeria monocytogenes,constant_15C,14.0,15.0,2.2689854743891664
Listeria monocytogenes,constant_15C,14.200000000000001,15.0,2.2741768841288406
Listeria monocytogenes,constant_15C,14.4,15.0,2.2794101824468425
Listeria monocytogenes,constant_15C,14.600000000000001,15.0,2.284685484442529
Listeria monocytogenes,constant_15C,14.8,15.0,2.2900029019505266
Listeria monocytogenes,constant_15C,15.0,15.0,2.295362543502753
Listeria monocytogenes,constant_15C,15.200000000000001,15.0,2.300764514291356
Listeria monocytogenes,constant_15C,15.4,15.0,2.306208916132617
Listeria monocytogenes,constant_15C,15.600000000000001,15.0,2.311695847431826
Listeria monocytogenes,constant_15C,15.8,15.0,2.3172254031491613
Listeria monocytogenes,constant_15C,16.0,15.0,2.3227976747665986
Listeria monocytogenes,constant_15C,16.2,15.0,2.328412750255864
Listeria monocytogenes,constant_15C,16.400000000000002,15.0,2.3340707140474612
Listeria monocytogenes,constant_15C,16.6,15.0,2.339771647000794
Listeria monocytogenes,constant_15C,16.8,15.0,2.345515626375397
Listeria monocytogenes,constant_15C,17.0,15.0,2.351302725803306
Listeria monocytogenes,constant_15C,17.2,15.0,2.3571330152625807
Listeria monocytogenes,constant_15C,17.400000000000002,15.0,2.363006561051999
Listeria monocytogenes,constant_15C,17.6,15.0,2.3689234257669445
Listeria monocytogenes,constant_15C,17.8,15.0,2.374883668276496
Listeria monocytogenes,constant_15C,18.0,15.0,2.3808873437017493
Listeria monocytogenes,constant_15C,18.2,15.0,2.38693450339537
Listeria monocytogenes,constant_15C,18.400000000000002,15.0,2.3930251949224086
Listeria monocytogenes,constant_15C,18.6,15.0,2.3991594620423755
Listeria monocytogenes,constant_15C,18.8,15.0,2.405337344692602
Listeria monocytogenes,constant_15C,19.0,15.0,2.4115588789728917
Listeria monocytogenes,constant_15C,19.200000000000003,15.0,2.417824097131477
Listeria monocytogenes,constant_15C,19.400000000000002,15.0,2.4241330275522865
Listeria monocytogenes,constant_15C,19.6,15.0,2.430485694743535
Listeria monocytogenes,constant_15C,19.8,15.0,2.436882119327648
Listeria monocytogenes,constant_15C,20.0,15.0,2.443322318032518
Listeria monocytogenes,constant_15C,20.200000000000003,15.0,2.4498063036841082
Listeria monocytogenes,constant_15C,20.400000000000002,15.0,2.456334085200405
Listeria monocytogenes,constant_15C,20.6,15.0,2.4629056675867202
Listeria monocytogenes,constant_15C,20.8,15.0,2.469521051932353
Listeria monocytogenes,constant_15C,21.0,15.0,2.4761802354086053
Listeria monocytogenes,constant_15C,21.200000000000003,15.0,2.48288321126816
Listeria monocytogenes,constant_15C,21.400000000000002,15.0,2.4896299688458168
Listeria monocytogenes,constant_15C,21.6,15.0,2.496420493560583
Listeria monocytogenes,constant_15C,21.8,15.0,2.5032547669191256
Listeria monocytogenes,constant_15C,22.0,15.0,2.510132766520569
Listeria monocytogenes,constant_15C,22.200000000000003,15.0,2.5170544660626466
Listeria monocytogenes,constant_15C,22.400000000000002,15.0,2.5240198353491956
Listeria monocytogenes,constant_15C,22.6,15.0,2.5310288402989833
Listeria monocytogenes,constant_15C,22.8,15.0,2.5380814429558742
Listeria monocytogenes,constant_15C,23.0,15.0,2.5451776015003045
Listeria monocytogenes,constant_15C,23.200000000000003,15.0,2.552317270262085
Listeria monocytogenes,constant_15C,23.400000000000002,15.0,2.559500399734496
Listeria monocytogenes,constant_15C,23.6,15.0,2.5667269365896788
Listeria monocytogenes,constant_15C,23.8,15.0,2.573996823695306
Listeria monocytogenes,constant_15C,24.0,15.0,2.581310000132518
Listeria monocytogenes,constant_15C,24.200000000000003,15.0,2.588666401215118
Listeria monocytogenes,constant_15C,24.400000000000002,15.0,2.596065958509996
Listeria monocytogenes,constant_15C,24.6,15.0,2.603508599858788
Listeria monocytogenes,constant_15C,24.8,15.0,2.61099424940073
Listeria monocytogenes,constant_15C,25.0,15.0,2.618522827596711
Listeria monocytogenes,constant_15C,25.200000000000003,15.0,2.6260942512544925
Listeria monocytogenes,constant_15C,25.400000000000002,15.0,2.6337084335550824
Listeria monocytogenes,constant_15C,25.6,15.0,2.641365284080241
Listeria monocytogenes,constant_15C,25.8,15.0,2.649064708841102
Listeria monocytogenes,constant_15C,26.0,15.0,2.656806610307883
Listeria monocytogenes,constant_15C,26.200000000000003,15.0,2.664590887440665
Listeria monocytogenes,constant_15C,26.400000000000002,15.0,2.6724174357212256
Listeria monocytogenes,constant_15C,26.6,15.0,2.6802861471858854
Listeria monocytogenes,constant_15C,26.8,15.0,2.6881969104593706
Listeria monocytogenes,constant_15C,27.0,15.0,2.6961496107896377
Listeria monocytogenes,constant_15C,27.200000000000003,15.0,2.704144130083658
Listeria monocytogenes,constant_15C,27.400000000000002,15.0,2.7121803469441264
Listeria monocytogenes,constant_15C,27.6,15.0,2.7202581367070717
Listeria monocytogenes,constant_15C,27.8,15.0,2.7283773714803394
Listeria monocytogenes,constant_15C,28.0,15.0,2.736537920182926
Listeria monocytogenes,constant_15C,28.200000000000003,15.0,2.7447396485851265
Listeria monocytogenes,constant_15C,28.400000000000002,15.0,2.752982419349481
Listeria monocytogenes,constant_15C,28.6,15.0,2.761266092072487
Listeria monocytogenes,constant_15C,28.8,15.0,2.76959052332704
Listeria monocytogenes,constant_15C,29.0,15.0,2.7779555667055935
Listeria monocytogenes,constant_15C,29.200000000000003,15.0,2.7863610728639894
Listeria monocytogenes,constant_15C,29.400000000000002,15.0,2.7948068895659435
Listeria monocytogenes,constant_15C,29.6,15.0,2.8032928617281514
Listeria monocytogenes,constant_15C,29.8,15.0,2.811818831465985
Listeria monocytogenes,constant_15C,30.0,15.0,2.8203846381397533
Listeria monocytogenes,constant_15C,30.200000000000003,15.0,2.8289901184014945
Listeria monocytogenes,constant_15C,30.400000000000002,15.0,2.8376351062422702
Listeria monocytogenes,constant_15C,30.6,15.0,2.8463194330399393
Listeria monocytogenes,constant_15C,30.8,15.0,2.855042927607363
Listeria monocytogenes,constant_15C,31.0,15.0,2.8638054162410382
Listeria monocytogenes,constant_15C,31.200000000000003,15.0,2.8726067227701058
Listeria monocytogenes,constant_15C,31.400000000000002,15.0,2.881446668605713
Listeria monocytogenes,constant_15C,31.6,15.0,2.890325072790707
Listeria monocytogenes,constant_15C,31.8,15.0,2.8992417520496185
Listeria monocytogenes,constant_15C,32.0,15.0,2.908196520838916
Listeria monocytogenes,constant_15C,32.2,15.0,2.9171891913974903
Listeria monocytogenes,constant_15C,32.4,15.0,2.9262195737973533
Listeria monocytogenes,constant_15C,32.6,15.0,2.935287475994517
Listeria monocytogenes,constant_15C,32.800000000000004,15.0,2.944392703880016
Listeria monocytogenes,constant_15C,33.0,15.0,2.95353506133106
Listeria monocytogenes,constant_15C,33.2,15.0,2.96271435026228
Listeria monocytogenes,constant_15C,33.4,15.0,2.9719303706770352
Listeria monocytogenes,constant_15C,33.6,15.0,2.9811829207187714
Listeria monocytogenes,constant_15C,33.800000000000004,15.0,2.9904717967223795
Listeria monocytogenes,constant_15C,34.0,15.0,2.9997967932655514
Listeria monocytogenes,constant_15C,34.2,15.0,3.009157703220088
Listeria monocytogenes,constant_15C,34.4,15.0,3.0185543178031464
Listeria monocytogenes,constant_15C,34.6,15.0,3.027986426628395
Listeria monocytogenes,constant_15C,34.800000000000004,15.0,3.0374538177570507
Listeria monocytogenes,constant_15C,35.0,15.0,3.0469562777487806
Listeria monocytogenes,constant_15C,35.2,15.0,3.0564935917124303
Listeria monocytogenes,constant_15C,35.4,15.0,3.0660655433565758
Listeria monocytogenes,constant_15C,35.6,15.0,3.075671915039856
Listeria monocytogenes,constant_15C,35.800000000000004,15.0,3.0853124878210743
Listeria monocytogenes,constant_15C,36.0,15.0,3.094987041509044
Listeria monocytogenes,constant_15C,36.2,15.0,3.1046953547121587
Listeria monocytogenes,constant_15C,36.4,15.0,3.1144372048876625
Listeria monocytogenes,constant_15C,36.6,15.0,3.124212368390602
Listeria monocytogenes,constant_15C,36.800000000000004,15.0,3.1340206205224423
Listeria monocytogenes,constant_15C,37.0,15.0,3.1438617355793177
Listeria monocytogenes,constant_15C,37.2,15.0,3.153735486899918
Listeria monocytogenes,constant_15C,37.4,15.0,3.1636416469129696
Listeria monocytogenes,constant_15C,37.6,15.0,3.17357998718431
Listeria monocytogenes,constant_15C,37.800000000000004,15.0,3.183550278463531
Listeria monocytogenes,constant_15C,38.0,15.0,3.1935522907301728
Listeria monocytogenes,constant_15C,38.2,15.0,3.2035857932394634
Listeria monocytogenes,constant_15C,38.400000000000006,15.0,3.2136505545675758
Listeria monocytogenes,constant_15C,38.6,15.0,3.2237463426563955
Listeria monocytogenes,constant_15C,38.800000000000004,15.0,3.2338729248577764
Listeria monocytogenes,constant_15C,39.0,15.0,3.2440300679772887
Listeria monocytogenes,constant_15C,39.2,15.0,3.254217538317421
Listeria monocytogenes,constant_15C,39.400000000000006,15.0,3.2644351017202453
Listeria monocytogenes,constant_15C,39.6,15.0,3.2746825236095263
Listeria monocytogenes,constant_15C,39.800000000000004,15.0,3.2849595690322553
Listeria monocytogenes,constant_15C,40.0,15.0,3.2952660026996097
Listeria monocytogenes,constant_15C,40.2,15.0,3.3056015890273263
Listeria monocytogenes,constant_15C,40.400000000000006,15.0,3.3159660921754694
Listeria monocytogenes,constant_15C,40.6,15.0,3.3263592760875964
Listeria monocytogenes,constant_15C,40.800000000000004,15.0,3.3367809045293053
Listeria monocytogenes,constant_15C,41.0,15.0,3.347230741126158
Listeria monocytogenes,constant_15C,41.2,15.0,3.3577085494009737
Listeria monocytogenes,constant_15C,41.400000000000006,15.0,3.3682140928104807
Listeria monocytogenes,constant_15C,41.6,15.0,3.378747134781329
Listeria monocytogenes,constant_15C,41.800000000000004,15.0,3.3893074387454467
Listeria monocytogenes,constant_15C,42.0,15.0,3.399894768174743
Listeria monocytogenes,constant_15C,42.2,15.0,3.410508886615154
Listeria monocytogenes,constant_15C,42.400000000000006,15.0,3.421149557720018
Listeria monocytogenes,constant_15C,42.6,15.0,3.431816545282784
Listeria monocytogenes,constant_15C,42.800000000000004,15.0,3.442509613269051
Listeria monocytogenes,constant_15C,43.0,15.0,3.4532285258479276
Listeria monocytogenes,constant_15C,43.2,15.0,3.46397304742272
Listeria monocytogenes,constant_15C,43.400000000000006,15.0,3.4747429426609338
Listeria monocytogenes,constant_15C,43.6,15.0,3.485537976523599
Listeria monocytogenes,constant_15C,43.800000000000004,15.0,3.4963579142939145
Listeria monocytogenes,constant_15C,44.0,15.0,3.5072025216052047
Listeria monocytogenes,constant_15C,44.2,15.0,3.5180715644681966
Listeria monocytogenes,constant_15C,44.400000000000006,15.0,3.5289648092976145
Listeria monocytogenes,constant_15C,44.6,15.0,3.5398820229380865
Listeria monocytogenes,constant_15C,44.800000000000004,15.0,3.5508229726893776
Listeria monocytogenes,constant_15C,45.0,15.0,3.561787426330934
Listeria monocytogenes,constant_15C,45.2,15.0,3.5727751521457556
Listeria monocytogenes,constant_15C,45.400000000000006,15.0,3.5837859189435854
Listeria monocytogenes,constant_15C,45.6,15.0,3.594819496083426
Listeria monocytogenes,constant_15C,45.800000000000004,15.0,3.605875653495386
Listeria monocytogenes,constant_15C,46.0,15.0,3.6169541617018526
Listeria monocytogenes,constant_15C,46.2,15.0,3.6280547918380015
Listeria monocytogenes,constant_15C,46.400000000000006,15.0,3.6391773156716423
Listeria monocytogenes,constant_15C,46.6,15.0,3.6503215056224
Listeria monocytogenes,constant_15C,46.800000000000004,15.0,3.661487134780254
Listeria monocytogenes,constant_15C,47.0,15.0,3.672673976923406
Listeria monocytogenes,constant_15C,47.2,15.0,3.6838818065355246
Listeria monocytogenes,constant_15C,47.400000000000006,15.0,3.6951103988223237
Listeria monocytogenes,constant_15C,47.6,15.0,3.7063595297275262
Listeria monocytogenes,constant_15C,47.800000000000004,15.0,3.7176289759481773
Listeria monocytogenes,constant_15C,48.0,15.0,3.7289185149493425
Listeria monocytogenes,constant_20C,0.0,20.0,2.0
Listeria monocytogenes,constant_20C,0.2,20.0,2.005465663308697
Listeria monocytogenes,constant_20C,0.4,20.0,2.0110489104269536
Listeria monocytogenes,constant_20C,0.6000000000000001,20.0,2.016751592217941
Listeria monocytogenes,constant_20C,0.8,20.0,2.022575559547412
Listeria monocytogenes,constant_20C,1.0,20.0,2.0285226619269605
Listeria monocytogenes,constant_20C,1.2000000000000002,20.0,2.0345947461166425
Listeria monocytogenes,constant_20C,1.4000000000000001,20.0,2.0407936546881116
Listeria monocytogenes,constant_20C,1.6,20.0,2.047121224549599
Listeria monocytogenes,constant_20C,1.8,20.0,2.0535792854342123
Listeria monocytogenes,constant_20C,2.0,20.0,2.0601696583531925
Listeria monocytogenes,constant_20C,2.2,20.0,2.066894154015929
Listeria monocytogenes,constant_20C,2.4000000000000004,20.0,2.073754571218699
Listeria monocytogenes,constant_20C,2.6,20.0,2.0807526952042505
Listeria monocytogenes,constant_20C,2.8000000000000003,20.0,2.0878902959945194
Listeria monocytogenes,constant_20C,3.0,20.0,2.095169126698928
Listeria monocytogenes,constant_20C,3.2,20.0,2.1025909218008674
Listeria monocytogenes,constant_20C,3.4000000000000004,20.0,2.110157395425125
Listeria monocytogenes,constant_20C,3.6,20.0,2.117870239589169
Listeria monocytogenes,constant_20C,3.8000000000000003,20.0,2.125731122441337
Listeria monocytogenes,constant_20C,4.0,20.0,2.13374168648914
Listeria monocytogenes,constant_20C,4.2,20.0,2.1419035468209864
Listeria monocytogenes,constant_20C,4.4,20.0,2.1502182893248003
Listeria monocytogenes,constant_20C,4.6000000000000005,20.0,2.158687468907088
Listeria monocytogenes,constant_20C,4.800000000000001,20.0,2.1673126077161307
Listeria monocytogenes,constant_20C,5.0,20.0,2.1760951933730737
Listeria monocytogenes,constant_20C,5.2,20.0,2.1850366772147662
Listeria monocytogenes,constant_20C,5.4,20.0,2.194138472552271
Listeria monocytogenes,constant_20C,5.6000000000000005,20.0,2.2034019529490325
Listeria monocytogenes,constant_20C,5.800000000000001,20.0,2.212828450522732
Listeria monocytogenes,constant_20C,6.0,20.0,2.2224192542748793
Listeria monocytogenes,constant_20C,6.2,20.0,2.2321756084522195
Listeria monocytogenes,constant_20C,6.4,20.0,2.2420987109440222
Listeria monocytogenes,constant_20C,6.6000000000000005,20.0,2.2521897117193075
Listeria monocytogenes,constant_20C,6.800000000000001,20.0,2.2624497113080246
Listeria monocytogenes,constant_20C,7.0,20.0,2.272879759330152
Listeria monocytogenes,constant_20C,7.2,20.0,2.2834808530766204
Listeria monocytogenes,constant_20C,7.4,20.0,2.2942539361458656
Listeria monocytogenes,constant_20C,7.6000000000000005,20.0,2.3051998971397296
Listeria monocytogenes,constant_20C,7.800000000000001,20.0,2.3163195684222995
Listeria monocytogenes,constant_20C,8.0,20.0,2.327613724945135
Listeria monocytogenes,constant_20C,8.200000000000001,20.0,2.3390830831421914
Listeria monocytogenes,constant_20C,8.4,20.0,2.3507282998975754
Listeria monocytogenes,constant_20C,8.6,20.0,2.362549971589077
Listeria monocytogenes,constant_20C,8.8,20.0,2.374548633210234
Listeria monocytogenes,constant_20C,9.0,20.0,2.386724757573467
Listeria monocytogenes,constant_20C,9.200000000000001,20.0,2.3990787545966104
Listeria monocytogenes,constant_20C,9.4,20.0,2.4116109706748965
Listeria monocytogenes,constant_20C,9.600000000000001,20.0,2.424321688140255
Listeria monocytogenes,constant_20C,9.8,20.0,2.4372111248094703
Listeria monocytogenes,constant_20C,10.0,20.0,2.4502794336225393
Listeria monocytogenes,constant_20C,10.200000000000001,20.0,2.463526702372242
Listeria monocytogenes,constant_20C,10.4,20.0,2.4769529535256978
Listeria monocytogenes,constant_20C,10.600000000000001,20.0,2.4905581441383964
Listeria monocytogenes,constant_20C,10.8,20.0,2.504342165860881
Listeria monocytogenes,constant_20C,11.0,20.0,2.5183048450380108
Listeria monocytogenes,constant_20C,11.200000000000001,20.0,2.5324459429004227
Listeria monocytogenes,constant_20C,11.4,20.0,2.5467651558475444
Listeria monocytogenes,constant_20C,11.600000000000001,20.0,2.5612621158212083
Listeria monocytogenes,constant_20C,11.8,20.0,2.575936390768681
Listeria monocytogenes,constant_20C,12.0,20.0,2.590787485193606
Listeria monocytogenes,constant_20C,12.200000000000001,20.0,2.6058148407931414
Listeria monocytogenes,constant_20C,12.4,20.0,2.621017837179293
Listeria monocytogenes,constant_20C,12.600000000000001,20.0,2.6363957926822112
Listeria monocytogenes,constant_20C,12.8,20.0,2.6519479652329925
Listeria monocytogenes,constant_20C,13.0,20.0,2.667673553323308
Listeria monocytogenes,constant_20C,13.200000000000001,20.0,2.6835716970389627
Listeria monocytogenes,constant_20C,13.4,20.0,2.699641479164329
Listeria monocytogenes,constant_20C,13.600000000000001,20.0,2.7158819263543803
Listeria monocytogenes,constant_20C,13.8,20.0,2.7322920103709296
Listeria monocytogenes,constant_20C,14.0,20.0,2.748870649379513
Listeria monocytogenes,constant_20C,14.200000000000001,20.0,2.7656167093032265
Listeria monocytogenes,constant_20C,14.4,20.0,2.782529005229736
Listeria monocytogenes,constant_20C,14.600000000000001,20.0,2.7996063028675633
Listeria monocytogenes,constant_20C,14.8,20.0,2.8168473200476805
Listeria monocytogenes,constant_20C,15.0,20.0,2.8342507282664027
Listeria monocytogenes,constant_20C,15.200000000000001,20.0,2.8518151542654975
Listeria monocytogenes,constant_20C,15.4,20.0,2.8695391816454316
Listeria monocytogenes,constant_20C,15.600000000000001,20.0,2.8874213525076486
Listeria monocytogenes,constant_20C,15.8,20.0,2.9054601691217807
Listeria monocytogenes,constant_20C,16.0,20.0,2.923654095613734
Listeria monocytogenes,constant_20C,16.2,20.0,2.942001559670598
Listeria monocytogenes,constant_20C,16.400000000000002,20.0,2.960500954258412
Listeria monocytogenes,constant_20C,16.6,20.0,2.9791506393488603
Listeria monocytogenes,constant_20C,16.8,20.0,2.9979489436510587
Listeria monocytogenes,constant_20C,17.0,20.0,3.016894166344689
Listeria monocytogenes,constant_20C,17.2,20.0,3.03598457881082
Listeria monocytogenes,constant_20C,17.400000000000002,20.0,3.0552184263568947
Listeria monocytogenes,constant_20C,17.6,20.0,3.0745939299324396
Listeria monocytogenes,constant_20C,17.8,20.0,3.094109287832242
Listeria monocytogenes,constant_20C,18.0,20.0,3.1137626773838085
Listeria monocytogenes,constant_20C,18.2,20.0,3.1335522566161162
Listeria monocytogenes,constant_20C,18.400000000000002,20.0,3.1534761659067816
Listeria monocytogenes,constant_20C,18.6,20.0,3.1735325296049415
Listeria monocytogenes,constant_20C,18.8,20.0,3.193719457627295
Listeria monocytogenes,constant_20C,19.0,20.0,3.2140350470249
Listeria monocytogenes,constant_20C,19.200000000000003,20.0,3.234477383518498
Listeria monocytogenes,constant_20C,19.400000000000002,20.0,3.2550445430002912
Listeria monocytogenes,constant_20C,19.6,20.0,3.2757345930002617
Listeria monocytogenes,constant_20C,19.8,20.0,3.2965455941152775
Listeria monocytogenes,constant_20C,20.0,20.0,3.3174756013994062
Listeria monocytogenes,constant_20C,20.200000000000003,20.0,3.338522665713991
Listeria monocytogenes,constant_20C,20.400000000000002,20.0,3.3596848350362296
Listeria monocytogenes,constant_20C,20.6,20.0,3.380960155725127
Listeria monocytogenes,constant_20C,20.8,20.0,3.4023466737438453
Listeria monocytogenes,constant_20C,21.0,20.0,3.423842435837632
Listeria monocytogenes,constant_20C,21.200000000000003,20.0,3.445445490666645
Listeria monocytogenes,constant_20C,21.400000000000002,20.0,3.467153889893107
Listeria monocytogenes,constant_20C,21.6,20.0,3.488965689222397
Listeria monocytogenes,constant_20C,21.8,20.0,3.5108789493977692
Listeria monocytogenes,constant_20C,22.0,20.0,3.5328917371485353
Listeria monocytogenes,constant_20C,22.200000000000003,20.0,3.5550021260916562
Listeria monocytogenes,constant_20C,22.400000000000002,20.0,3.5772081975867853
Listeria monocytogenes,constant_20C,22.6,20.0,3.5995080415449388
Listeria monocytogenes,constant_20C,22.8,20.0,3.621899757191019
Listeria monocytogenes,constant_20C,23.0,20.0,3.6443814537805594
Listeria monocytogenes,constant_20C,23.200000000000003,20.0,3.6669512512710942
Listeria monocytogenes,constant_20C,23.400000000000002,20.0,3.689607280948676
Listeria monocytogenes,constant_20C,23.6,20.0,3.7123476860101134
Listeria monocytogenes,constant_20C,23.8,20.0,3.7351706221015704
Listeria monocytogenes,constant_20C,24.0,20.0,3.75807425781423
Listeria monocytogenes,constant_20C,24.200000000000003,20.0,3.7810567751377944
Listeria monocytogenes,constant_20C,24.400000000000002,20.0,3.804116369872615
Listeria monocytogenes,constant_20C,24.6,20.0,3.827251252001318
Listeria monocytogenes,constant_20C,24.8,20.0,3.850459646020814
Listeria monocytogenes,constant_20C,25.0,20.0,3.8737397912356104
Listeria monocytogenes,constant_20C,25.200000000000003,20.0,3.8970899420134004
Listeria monocytogenes,constant_20C,25.400000000000002,20.0,3.9205083680038864
Listeria monocytogenes,constant_20C,25.6,20.0,3.9439933543218566
Listeria monocytogenes,constant_20C,25.8,20.0,3.967543201695521
Listeria monocytogenes,constant_20C,26.0,20.0,3.9911562265811438
Listeria monocytogenes,constant_20C,26.200000000000003,20.0,4.014830761244996
Listeria monocytogenes,constant_20C,26.400000000000002,20.0,4.038565153813685
Listeria monocytogenes,constant_20C,26.6,20.0,4.06235776829391
Listeria monocytogenes,constant_20C,26.8,20.0,4.086206984562661
Listeria monocytogenes,constant_20C,27.0,20.0,4.1101111983289265
Listeria monocytogenes,constant_20C,27.200000000000003,20.0,4.134068821067941
Listeria monocytogenes,constant_20C,27.400000000000002,20.0,4.158078279928976
Listeria monocytogenes,constant_20C,27.6,20.0,4.182138017617719
Listeria monocytogenes,constant_20C,27.8,20.0,4.206246492254228
Listeria monocytogenes,constant_20C,28.0,20.0,4.230402177207423
Listeria monocytogenes,constant_20C,28.200000000000003,20.0,4.2546035609071415
Listeria monocytogenes,constant_20C,28.400000000000002,20.0,4.278849146634663
Listeria monocytogenes,constant_20C,28.6,20.0,4.30313745229265
Listeria monocytogenes,constant_20C,28.8,20.0,4.327467010155442
Listeria monocytogenes,constant_20C,29.0,20.0,4.351836366600569
Listeria monocytogenes,constant_20C,29.200000000000003,20.0,4.376244081822371
Listeria monocytogenes,constant_20C,29.400000000000002,20.0,4.400688729528578
Listeria monocytogenes,constant_20C,29.6,20.0,4.425168896620684
Listeria monocytogenes,constant_20C,29.8,20.0,4.44968318285891
Listeria monocytogenes,constant_20C,30.0,20.0,4.474230200512549
Listeria monocytogenes,constant_20C,30.200000000000003,20.0,4.49880857399646
Listeria monocytogenes,constant_20C,30.400000000000002,20.0,4.523416939494442
Listeria monocytogenes,constant_20C,30.6,20.0,4.548053944570215
Listeria monocytogenes,constant_20C,30.8,20.0,4.572718247766697
Listeria monocytogenes,constant_20C,31.0,20.0,4.597408518194249
Listeria monocytogenes,constant_20C,31.200000000000003,20.0,4.622123435108557
Listeria monocytogenes,constant_20C,31.400000000000002,20.0,4.646861687478749
Listeria monocytogenes,constant_20C,31.6,20.0,4.671621973546403
Listeria monocytogenes,constant_20C,31.8,20.0,4.696403000375993
Listeria monocytogenes,constant_20C,32.0,20.0,4.721203483397382
Listeria monocytogenes,constant_20C,32.2,20.0,4.746022145940886
Listeria monocytogenes,constant_20C,32.4,20.0,4.770857718765472
Listeria monocytogenes,constant_20C,32.6,20.0,4.795708939580592
Listeria monocytogenes,constant_20C,32.800000000000004,20.0,4.820574552562161
Listeria monocytogenes,constant_20C,33.0,20.0,4.84545330786317
Listeria monocytogenes,constant_20C,33.2,20.0,4.870343961119419
Listeria monocytogenes,constant_20C,33.4,20.0,4.895245272950812
Listeria monocytogenes,constant_20C,33.6,20.0,4.920156008458687
Listeria monocytogenes,constant_20C,33.800000000000004,20.0,4.945074936719594
Listeria monocytogenes,constant_20C,34.0,20.0,4.970000830275985
Listeria monocytogenes,constant_20C,34.2,20.0,4.99493246462421
Listeria monocytogenes,constant_20C,34.4,20.0,5.019868617700237
Listeria monocytogenes,constant_20C,34.6,20.0,5.044808069363526
Listeria monocytogenes,constant_20C,34.800000000000004,20.0,5.069749600879417
Listeria monocytogenes,constant_20C,35.0,20.0,5.094691994400477
Listeria monocytogenes,constant_20C,35.2,20.0,5.119634032447155
Listeria monocytogenes,constant_20C,35.4,20.0,5.144574497388185
Listeria monocytogenes,constant_20C,35.6,20.0,5.169512170921078
Listeria monocytogenes,constant_20C,35.800000000000004,20.0,5.194445833553134
Listeria monocytogenes,constant_20C,36.0,20.0,5.219374264083355
Listeria monocytogenes,constant_20C,36.2,20.0,5.244296239085652
Listeria monocytogenes,constant_20C,36.4,20.0,5.2692105323937355
Listeria monocytogenes,constant_20C,36.6,20.0,5.294115914588136
Listeria monocytogenes,constant_20C,36.800000000000004,20.0,5.319011152485702
Listeria monocytogenes,constant_20C,37.0,20.0,5.3438950086320505
Listeria monocytogenes,constant_20C,37.2,20.0,5.368766240797371
Listeria monocytogenes,constant_20C,37.4,20.0,5.3936236014760075
Listeria monocytogenes,constant_20C,37.6,20.0,5.418465837390299
Listeria monocytogenes,constant_20C,37.800000000000004,20.0,5.443291688999094
Listeria monocytogenes,constant_20C,38.0,20.0,5.4680998900114455
Listeria monocytogenes,constant_20C,38.2,20.0,5.492889166905949
Listeria monocytogenes,constant_20C,38.400000000000006,20.0,5.517658238456231
Listeria monocytogenes,constant_20C,38.6,20.0,5.542405815263081
Listeria monocytogenes,constant_20C,38.800000000000004,20.0,5.567130599293807
Listeria monocytogenes,constant_20C,39.0,20.0,5.591831283429285
Listeria monocytogenes,constant_20C,39.2,20.0,5.61650655101935
Listeria monocytogenes,constant_20C,39.400000000000006,20.0,5.641155075447034
Listeria monocytogenes,constant_20C,39.6,20.0,5.665775519702324
Listeria monocytogenes,constant_20C,39.800000000000004,20.0,5.690366535966015
Listeria monocytogenes,constant_20C,40.0,20.0,5.714926765204308
Listeria monocytogenes,constant_20C,40.2,20.0,5.7394548367748515
Listeria monocytogenes,constant_20C,40.400000000000006,20.0,5.763949368044859
Listeria monocytogenes,constant_20C,40.6,20.0,5.788408964022067
Listeria monocytogenes,constant_20C,40.800000000000004,20.0,5.812832216999226
Listeria monocytogenes,constant_20C,41.0,20.0,5.837217706212879
Listeria monocytogenes,constant_20C,41.2,20.0,5.861563997517237
Listeria monocytogenes,constant_20C,41.400000000000006,20.0,5.88586964307391
Listeria monocytogenes,constant_20C,41.6,20.0,5.910133181058337
Listeria monocytogenes,constant_20C,41.800000000000004,20.0,5.934353135383755
Listeria monocytogenes,constant_20C,42.0,20.0,5.958528015443565
Listeria monocytogenes,constant_20C,42.2,20.0,5.98265631587299
Listeria monocytogenes,constant_20C,42.400000000000006,20.0,6.0067365163309345
Listeria monocytogenes,constant_20C,42.6,20.0,6.030767081302947
Listeria monocytogenes,constant_20C,42.800000000000004,20.0,6.054746459926277
Listeria monocytogenes,constant_20C,43.0,20.0,6.078673085837947
Listeria monocytogenes,constant_20C,43.2,20.0,6.102545377046843
Listeria monocytogenes,constant_20C,43.400000000000006,20.0,6.126361735830813
Listeria monocytogenes,constant_20C,43.6,20.0,6.150120548659786
Listeria monocytogenes,constant_20C,43.800000000000004,20.0,6.173820186145927
Listeria monocytogenes,constant_20C,44.0,20.0,6.1974590030218595
Listeria monocytogenes,constant_20C,44.2,20.0,6.221035338148
Listeria monocytogenes,constant_20C,44.400000000000006,20.0,6.244547514550029
Listeria monocytogenes,constant_20C,44.6,20.0,6.267993839487574
Listeria monocytogenes,constant_20C,44.800000000000004,20.0,6.291372604555114
Listeria monocytogenes,constant_20C,45.0,20.0,6.314682085816166
Listeria monocytogenes,constant_20C,45.2,20.0,6.337920543971789
Listeria monocytogenes,constant_20C,45.400000000000006,20.0,6.361086224564405
Listeria monocytogenes,constant_20C,45.6,20.0,6.384177358217983
Listeria monocytogenes,constant_20C,45.800000000000004,20.0,6.4071921609155265
Listeria monocytogenes,constant_20C,46.0,20.0,6.430128834314883
Listeria monocytogenes,constant_20C,46.2,20.0,6.452985566103765
Listeria monocytogenes,constant_20C,46.400000000000006,20.0,6.47576053039493
Listeria monocytogenes,constant_20C,46.6,20.0,6.498451888162368
Listeria monocytogenes,constant_20C,46.800000000000004,20.0,6.521057787719324
Listeria monocytogenes,constant_20C,47.0,20.0,6.54357636523895
Listeria monocytogenes,constant_20C,47.2,20.0,6.566005745318304
Listeria monocytogenes,constant_20C,47.400000000000006,20.0,6.588344041586371
Listeria monocytogenes,constant_20C,47.6,20.0,6.610589357356707
Listeria monocytogenes,constant_20C,47.800000000000004,20.0,6.632739786325251
Listeria monocytogenes,constant_20C,48.0,20.0,6.6547934133137545
Listeria monocytogenes,constant_25C,0.0,25.0,2.0
Listeria monocytogenes,constant_25C,0.2,25.0,2.009256732510674
Listeria monocytogenes,constant_25C,0.4,25.0,2.018849417765232
Listeria monocytogenes,constant_25C,0.6000000000000001,25.0,2.0287868509589675
Listeria monocytogenes,constant_25C,0.8,25.0,2.0390778123561786
Listeria monocytogenes,constant_25C,1.0,25.0,2.049731048147756
Listeria monocytogenes,constant_25C,1.2000000000000002,25.0,2.060755250449827
Listeria monocytogenes,constant_25C,1.4000000000000001,25.0,2.07215903650198
Listeria monocytogenes,constant_25C,1.6,25.0,2.083950927133871
Listeria monocytogenes,constant_25C,1.8,25.0,2.096139324579344
Listeria monocytogenes,constant_25C,2.0,25.0,2.1087324897274993
Listeria monocytogenes,constant_25C,2.2,25.0,2.121738518910228
Listeria monocytogenes,constant_25C,2.4000000000000004,25.0,2.135165320335443
Listeria monocytogenes,constant_25C,2.6,25.0,2.1490205902844615
Listeria monocytogenes,constant_25C,2.8000000000000003,25.0,2.1633117892004927
Listeria monocytogenes,constant_25C,3.0,25.0,2.1780461178028343
Listeria monocytogenes,constant_25C,3.2,25.0,2.1932304933680213
Listeria monocytogenes,constant_25C,3.4000000000000004,25.0,2.2088715263245793
Listeria monocytogenes,constant_25C,3.6,25.0,2.2249754973121396
Listeria monocytogenes,constant_25C,3.8000000000000003,25.0,2.2415483348582685
Listeria monocytogenes,constant_25C,4.0,25.0,2.258595593827367
Listeria monocytogenes,constant_25C,4.2,25.0,2.2761224347952957
Listeria monocytogenes,constant_25C,4.4,25.0,2.2941336045009
Listeria monocytogenes,constant_25C,4.6000000000000005,25.0,2.312633417521304
Listeria monocytogenes,constant_25C,4.800000000000001,25.0,2.3316257393117263
Listeria monocytogenes,constant_25C,5.0,25.0,2.3511139707425888
Listeria monocytogenes,constant_25C,5.2,25.0,2.3711010342570042
Listeria monocytogenes,constant_25C,5.4,25.0,2.3915893617603246
Listeria monocytogenes,constant_25C,5.6000000000000005,25.0,2.4125808843405
Listeria monocytogenes,constant_25C,5.800000000000001,25.0,2.4340770239036527
Listeria monocytogenes,constant_25C,6.0,25.0,2.456078686793734
Listeria monocytogenes,constant_25C,6.2,25.0,2.4785862594485613
Listeria monocytogenes,constant_25C,6.4,25.0,2.5015996061272276
Listeria monocytogenes,constant_25C,6.6000000000000005,25.0,2.5251180687260084
Listeria monocytogenes,constant_25C,6.800000000000001,25.0,2.5491404686818067
Listeria monocytogenes,constant_25C,7.0,25.0,2.5736651109440576
Listeria monocytogenes,constant_25C,7.2,25.0,2.5986897899782146
Listeria monocytogenes,constant_25C,7.4,25.0,2.624211797746605
Listeria monocytogenes,constant_25C,7.6000000000000005,25.0,2.650227933596
Listeria monocytogenes,constant_25C,7.800000000000001,25.0,2.676734515965671
Listeria monocytogenes,constant_25C,8.0,25.0,2.7037273958155073
Listeria monocytogenes,constant_25C,8.200000000000001,25.0,2.7312019716608518
Listeria monocytogenes,constant_25C,8.4,25.0,2.759153206089429
Listeria monocytogenes,constant_25C,8.6,25.0,2.7875756436261123
Listeria monocytogenes,constant_25C,8.8,25.0,2.816463429803397
Listeria monocytogenes,constant_25C,9.0,25.0,2.8458103312894147
Listeria monocytogenes,constant_25C,9.200000000000001,25.0,2.8756097569211048
Listeria monocytogenes,constant_25C,9.4,25.0,2.9058547794877603
Listeria monocytogenes,constant_25C,9.600000000000001,25.0,2.936538158109553
Listeria monocytogenes,constant_25C,9.8,25.0,2.9676523610567047
Listeria monocytogenes,constant_25C,10.0,25.0,2.9991895888576487
Listeria monocytogenes,constant_25C,10.200000000000001,25.0,3.031141797548675
Listeria monocytogenes,constant_25C,10.4,25.0,3.063500721923011
Listeria monocytogenes,constant_25C,10.600000000000001,25.0,3.0962578986439877
Listeria monocytogenes,constant_25C,10.8,25.0,3.1294046890945735
Listeria monocytogenes,constant_25C,11.0,25.0,3.162932301844143
Listeria monocytogenes,constant_25C,11.200000000000001,25.0,3.196831814622494
Listeria monocytogenes,constant_25C,11.4,25.0,3.2310941957009143
Listeria monocytogenes,constant_25C,11.600000000000001,25.0,3.2657103245901307
Listeria monocytogenes,constant_25C,11.8,25.0,3.3006710119752474
Listeria monocytogenes,constant_25C,12.0,25.0,3.3359670188181085
Listeria monocytogenes,constant_25C,12.200000000000001,25.0,3.3715890745677375
Listeria monocytogenes,constant_25C,12.4,25.0,3.4075278944295464
Listeria monocytogenes,constant_25C,12.600000000000001,25.0,3.4437741956537096
Listeria monocytogenes,constant_25C,12.8,25.0,3.480318712812418
Listeria monocytogenes,constant_25C,13.0,25.0,3.517152212044587
Listeria monocytogenes,constant_25C,13.200000000000001,25.0,3.5542655042548428
Listeria monocytogenes,constant_25C,13.4,25.0,3.591649457261368
Listeria monocytogenes,constant_25C,13.600000000000001,25.0,3.6292950068942713
Listeria monocytogenes,constant_25C,13.8,25.0,3.66719316705255
Listeria monocytogenes,constant_25C,14.0,25.0,3.7053350387335757
Listeria monocytogenes,constant_25C,14.200000000000001,25.0,3.7437118180541287
Listeria monocytogenes,constant_25C,14.4,25.0,3.7823148032865133
Listeria monocytogenes,constant_25C,14.600000000000001,25.0,3.8211354009371945
Listeria monocytogenes,constant_25C,14.8,25.0,3.860165130898613
Listeria monocytogenes,constant_25C,15.0,25.0,3.899395630707589
Listeria monocytogenes,constant_25C,15.200000000000001,25.0,3.9388186589458507
Listeria monocytogenes,constant_25C,15.4,25.0,3.9784260978198938
Listeria monocytogenes,constant_25C,15.600000000000001,25.0,4.018209954958571
Listeria monocytogenes,constant_25C,15.8,25.0,4.05816236446757
Listeria monocytogenes,constant_25C,16.0,25.0,4.098275587280367
Listeria monocytogenes,constant_25C,16.2,25.0,4.138542010845184
Listeria monocytogenes,constant_25C,16.400000000000002,25.0,4.1789541481873735
Listeria monocytogenes,constant_25C,16.6,25.0,4.219504636385996
Listeria monocytogenes,constant_25C,16.8,25.0,4.260186234502682
Listeria monocytogenes,constant_25C,17.0,25.0,4.300991820999924
Listeria monocytogenes,constant_25C,17.2,25.0,4.341914390684842
Listeria monocytogenes,constant_25C,17.400000000000002,25.0,4.382947051213272
Listeria monocytogenes,constant_25C,17.6,25.0,4.424083019187684
Listeria monocytogenes,constant_25C,17.8,25.0,4.4653156158811145
Listeria monocytogenes,constant_25C,18.0,25.0,4.5066382626178285
Listeria monocytogenes,constant_25C,18.2,25.0,4.548044475840012
Listeria monocytogenes,constant_25C,18.400000000000002,25.0,4.5895278618883735
Listeria monocytogenes,constant_25C,18.6,25.0,4.631082111523076
Listeria monocytogenes,constant_25C,18.8,25.0,4.672700994210083
Listeria monocytogenes,constant_25C,19.0,25.0,4.714378352196645
Listeria monocytogenes,constant_25C,19.200000000000003,25.0,4.756108094398372
Listeria monocytogenes,constant_25C,19.400000000000002,25.0,4.7978841901191736
Listeria monocytogenes,constant_25C,19.6,25.0,4.839700662624218
Listeria monocytogenes,constant_25C,19.8,25.0,4.881551582585031
Listeria monocytogenes,constant_25C,20.0,25.0,4.923431061414939
Listeria monocytogenes,constant_25C,20.200000000000003,25.0,4.965333244512271
Listeria monocytogenes,constant_25C,20.400000000000002,25.0,5.007252304427978
Listeria monocytogenes,constant_25C,20.6,25.0,5.049182433973774
Listeria monocytogenes,constant_25C,20.8,25.0,5.091117839286397
Listeria monocytogenes,constant_25C,21.0,25.0,5.133052732863275
Listeria monocytogenes,constant_25C,21.200000000000003,25.0,5.17498132658458
Listeria monocytogenes,constant_25C,21.400000000000002,25.0,5.216897824736608
Listeria monocytogenes,constant_25C,21.6,25.0,5.258796417051409
Listeria monocytogenes,constant_25C,21.8,25.0,5.300671271777678
Listeria monocytogenes,constant_25C,22.0,25.0,5.34251652879828
Listeria monocytogenes,constant_25C,22.200000000000003,25.0,5.384326292810042
Listeria monocytogenes,constant_25C,22.400000000000002,25.0,5.426094626582034
Listeria monocytogenes,constant_25C,22.6,25.0,5.467815544309134
Listeria monocytogenes,constant_25C,22.8,25.0,5.50948300507837
Listeria monocytogenes,constant_25C,23.0,25.0,5.5510909064664755
Listeria monocytogenes,constant_25C,23.200000000000003,25.0,5.592633078287874
Listeria monocytogenes,constant_25C,23.400000000000002,25.0,5.634103276513509
Listeria monocytogenes,constant_25C,23.6,25.0,5.675495177381944
Listeria monocytogenes,constant_25C,23.8,25.0,5.716802371725447
Listeria monocytogenes,constant_25C,24.0,25.0,5.758018359534971
Listeria monocytogenes,constant_25C,24.200000000000003,25.0,5.799136544789405
Listeria monocytogenes,constant_25C,24.400000000000002,25.0,5.84015023057572
Listeria monocytogenes,constant_25C,24.6,25.0,5.881052614528173
Listeria monocytogenes,constant_25C,24.8,25.0,5.921836784616109
Listeria monocytogenes,constant_25C,25.0,25.0,5.962495715311333
Listeria monocytogenes,constant_25C,25.200000000000003,25.0,6.003022264167492
Listeria monocytogenes,constant_25C,25.400000000000002,25.0,6.043409168845187
Listeria monocytogenes,constant_25C,25.6,25.0,6.083649044617922
Listeria monocytogenes,constant_25C,25.8,25.0,6.123734382395099
Listeria monocytogenes,constant_25C,26.0,25.0,6.163657547299415
Listeria monocytogenes,constant_25C,26.200000000000003,25.0,6.203410777836865
Listeria monocytogenes,constant_25C,26.400000000000002,25.0,6.242986185698272
Listeria monocytogenes,constant_25C,26.6,25.0,6.282375756231781
Listeria monocytogenes,constant_25C,26.8,25.0,6.3215713496258985
Listeria monocytogenes,constant_25C,27.0,25.0,6.3605647028426056
Listeria monocytogenes,constant_25C,27.200000000000003,25.0,6.399347432339604
Listeria monocytogenes,constant_25C,27.400000000000002,25.0,6.437911037619902
Listeria monocytogenes,constant_25C,27.6,25.0,6.476246905645708
Listeria monocytogenes,constant_25C,27.8,25.0,6.514346316151812
Listeria monocytogenes,constant_25C,28.0,25.0,6.552200447891413
Listeria monocytogenes,constant_25C,28.200000000000003,25.0,6.589800385844549
Listeria monocytogenes,constant_25C,28.400000000000002,25.0,6.627137129415903
Listeria monocytogenes,constant_25C,28.6,25.0,6.664201601644759
Listeria monocytogenes,constant_25C,28.8,25.0,6.700984659445319
Listeria monocytogenes,constant_25C,29.0,25.0,6.737477104890258
Listeria monocytogenes,constant_25C,29.200000000000003,25.0,6.773669697544572
Listeria monocytogenes,constant_25C,29.400000000000002,25.0,6.809553167850118
Listeria monocytogenes,constant_25C,29.6,25.0,6.845118231554138
Listeria monocytogenes,constant_25C,29.8,25.0,6.880355605167157
Listeria monocytogenes,constant_25C,30.0,25.0,6.915256022427292
Listeria monocytogenes,constant_25C,30.200000000000003,25.0,6.9498102517391
Listeria monocytogenes,constant_25C,30.400000000000002,25.0,6.984009114545633
Listeria monocytogenes,constant_25C,30.6,25.0,7.017843504582674
Listeria monocytogenes,constant_25C,30.8,25.0,7.051304407953986
Listeria monocytogenes,constant_25C,31.0,25.0,7.084382923956189
Listeria monocytogenes,constant_25C,31.200000000000003,25.0,7.117070286571554
Listeria monocytogenes,constant_25C,31.400000000000002,25.0,7.149357886536758
Listeria monocytogenes,constant_25C,31.6,25.0,7.181237293885619
Listeria monocytogenes,constant_25C,31.8,25.0,7.212700280854191
Listeria monocytogenes,constant_25C,32.0,25.0,7.243738845027492
Listeria monocytogenes,constant_25C,32.2,25.0,7.274345232598742
Listeria monocytogenes,constant_25C,32.4,25.0,7.304511961604502
Listeria monocytogenes,constant_25C,32.6,25.0,7.3342318449925905
Listeria monocytogenes,constant_25C,32.800000000000004,25.0,7.363498013374456
Listeria monocytogenes,constant_25C,33.0,25.0,7.392303937309758
Listeria monocytogenes,constant_25C,33.2,25.0,7.42064344896851
Listeria monocytogenes,constant_25C,33.4,25.0,7.448510763015373
Listeria monocytogenes,constant_25C,33.6,25.0,7.475900496561637
Listeria monocytogenes,constant_25C,33.800000000000004,25.0,7.502807688033064
Listeria monocytogenes,constant_25C,34.0,25.0,7.52922781480641
Listeria monocytogenes,constant_25C,34.2,25.0,7.555156809473755
Listeria monocytogenes,constant_25C,34.4,25.0,7.580591074601907
Listeria monocytogenes,constant_25C,34.6,25.0,7.605527495864224
Listeria monocytogenes,constant_25C,34.800000000000004,25.0,7.629963453433583
Listeria monocytogenes,constant_25C,35.0,25.0,7.653896831538567
Listeria monocytogenes,constant_25C,35.2,25.0,7.677326026099285
Listeria monocytogenes,constant_25C,35.4,25.0,7.700249950374971
Listeria monocytogenes,constant_25C,35.6,25.0,7.72266803857225
Listeria monocytogenes,constant_25C,35.800000000000004,25.0,7.7445802473802186
Listeria monocytogenes,constant_25C,36.0,25.0,7.765987055416528
Listeria monocytogenes,constant_25C,36.2,25.0,7.786889460586661
Listeria monocytogenes,constant_25C,36.4,25.0,7.807288975376756
Listeria monocytogenes,constant_25C,36.6,25.0,7.827187620118048
Listeria monocytogenes,constant_25C,36.800000000000004,25.0,7.846587914278231
Listeria monocytogenes,constant_25C,37.0,25.0,7.865492865851431
Listeria monocytogenes,constant_25C,37.2,25.0,7.883905958933843
Listeria monocytogenes,constant_25C,37.4,25.0,7.901831139586123
Listeria monocytogenes,constant_25C,37.6,25.0,7.919272800096447
Listeria monocytogenes,constant_25C,37.800000000000004,25.0,7.936235761769048
Listeria monocytogenes,constant_25C,38.0,25.0,7.95272525637262
Listeria monocytogenes,constant_25C,38.2,25.0,7.96874690639055
Listeria monocytogenes,constant_25C,38.400000000000006,25.0,7.984306704220696
Listeria monocytogenes,constant_25C,38.6,25.0,7.999410990476518
Listeria monocytogenes,constant_25C,38.800000000000004,25.0,8.014066431543416
Listeria monocytogenes,constant_25C,39.0,25.0,8.028279996544606
Listeria monocytogenes,constant_25C,39.2,25.0,8.042058933869534
Listeria monocytogenes,constant_25C,39.400000000000006,25.0,8.055410747414957
Listeria monocytogenes,constant_25C,39.6,25.0,8.068343172684482
Listeria monocytogenes,constant_25C,39.800000000000004,25.0,8.080864152886736
Listeria monocytogenes,constant_25C,40.0,25.0,8.092981815165432
Listeria monocytogenes,constant_25C,40.2,25.0,8.104704447086915
Listeria monocytogenes,constant_25C,40.400000000000006,25.0,8.116040473501993
Listeria monocytogenes,constant_25C,40.6,25.0,8.126998433889636
Listeria monocytogenes,constant_25C,40.800000000000004,25.0,8.137586960280279
Listeria monocytogenes,constant_25C,41.0,25.0,8.147814755846365
Listeria monocytogenes,constant_25C,41.2,25.0,8.157690574237428
Listeria monocytogenes,constant_25C,41.400000000000006,25.0,8.167223199726676
Listeria monocytogenes,constant_25C,41.6,25.0,8.176421428225844
Listeria monocytogenes,constant_25C,41.800000000000004,25.0,8.185294049214953
Listeria monocytogenes,constant_25C,42.0,25.0,8.193849828624023
Listeria monocytogenes,constant_25C,42.2,25.0,8.202097492694456
Listeria monocytogenes,constant_25C,42.400000000000006,25.0,8.210045712838937
Listeria monocytogenes,constant_25C,42.6,25.0,8.217703091510577
Listeria monocytogenes,constant_25C,42.800000000000004,25.0,8.22507814908421
Listeria monocytogenes,constant_25C,43.0,25.0,8.23217931174584
Listeria monocytogenes,constant_25C,43.2,25.0,8.23901490037976
Listeria monocytogenes,constant_25C,43.400000000000006,25.0,8.245593120437151
Listeria monocytogenes,constant_25C,43.6,25.0,8.251922052764895
Listeria monocytogenes,constant_25C,43.800000000000004,25.0,8.258009645368887
Listeria monocytogenes,constant_25C,44.0,25.0,8.263863706082285
Listeria monocytogenes,constant_25C,44.2,25.0,8.269491896105999
Listeria monocytogenes,constant_25C,44.400000000000006,25.0,8.274901724385977
Listeria monocytogenes,constant_25C,44.6,25.0,8.280100542789842
Listeria monocytogenes,constant_25C,44.800000000000004,25.0,8.28509554204379
Listeria monocytogenes,constant_25C,45.0,25.0,8.289893748389497
Listeria monocytogenes,constant_25C,45.2,25.0,8.29450202092018
Listeria monocytogenes,constant_25C,45.400000000000006,25.0,8.298927049554514
Listeria monocytogenes,constant_25C,45.6,25.0,8.303175353607216
Listeria monocytogenes,constant_25C,45.800000000000004,25.0,8.307253280915415
Listeria monocytogenes,constant_25C,46.0,25.0,8.311167007480515
Listeria monocytogenes,constant_25C,46.2,25.0,8.314922537586122
Listeria monocytogenes,constant_25C,46.400000000000006,25.0,8.318525704353592
Listeria monocytogenes,constant_25C,46.6,25.0,8.321982170698007
Listeria monocytogenes,constant_25C,46.800000000000004,25.0,8.325297430648682
Listeria monocytogenes,constant_25C,47.0,25.0,8.32847681099975
Listeria monocytogenes,constant_25C,47.2,25.0,8.33152547325792
Listeria monocytogenes,constant_25C,47.400000000000006,25.0,8.33444841585607
Listeria monocytogenes,constant_25C,47.6,25.0,8.33725047660293
Listeria monocytogenes,constant_25C,47.800000000000004,25.0,8.339936335340845
Listeria monocytogenes,constant_25C,48.0,25.0,8.342510516785126
Listeria monocytogenes,constant_30C,0.0,30.0,2.0
Listeria monocytogenes,constant_30C,0.2,30.0,2.0141041085409856
Listeria monocytogenes,constant_30C,0.4,30.0,2.028984192558003
Listeria monocytogenes,constant_30C,0.6000000000000001,30.0,2.0446704747719937
Listeria monocytogenes,constant_30C,0.8,30.0,2.0611929979408736
Listeria monocytogenes,constant_30C,1.0,30.0,2.078581466327872
Listeria monocytogenes,constant_30C,1.2000000000000002,30.0,2.0968650781461005
Listeria monocytogenes,constant_30C,1.4000000000000001,30.0,2.116072350354194
Listeria monocytogenes,constant_30C,1.6,30.0,2.1362309374537554
Listeria monocytogenes,constant_30C,1.8,30.0,2.157367446204947
Listeria monocytogenes,constant_30C,2.0,30.0,2.179507248422107
Listeria monocytogenes,constant_30C,2.2,30.0,2.202674294226457
Listeria monocytogenes,constant_30C,2.4000000000000004,30.0,2.2268909283075216
Listeria monocytogenes,constant_30C,2.6,30.0,2.2521777118689945
Listeria monocytogenes,constant_30C,2.8000000000000003,30.0,2.2785532529996084
Listeria monocytogenes,constant_30C,3.0,30.0,2.3060340482080064
Listeria monocytogenes,constant_30C,3.2,30.0,2.334634337787494
Listeria monocytogenes,constant_30C,3.4000000000000004,30.0,2.3643659775295234
Listeria monocytogenes,constant_30C,3.6,30.0,2.3952383290841643
Listeria monocytogenes,constant_30C,3.8000000000000003,30.0,2.427258170975389
Listeria monocytogenes,constant_30C,4.0,30.0,2.4604296319253445
Listeria monocytogenes,constant_30C,4.2,30.0,2.4947541477347115
Listeria monocytogenes,constant_30C,4.4,30.0,2.5302304425180213
Listeria monocytogenes,constant_30C,4.6000000000000005,30.0,2.566854534617719
Listeria monocytogenes,constant_30C,4.800000000000001,30.0,2.604619767034588
Listeria monocytogenes,constant_30C,5.0,30.0,2.643516861731091
Listeria monocytogenes,constant_30C,5.2,30.0,2.683533996704245
Listeria monocytogenes,constant_30C,5.4,30.0,2.724656904300758
Listeria monocytogenes,constant_30C,5.6000000000000005,30.0,2.7668689888724205
Listeria monocytogenes,constant_30C,5.800000000000001,30.0,2.810151461554914
Listeria monocytogenes,constant_30C,6.0,30.0,2.854483489706049
Listeria monocytogenes,constant_30C,6.2,30.0,2.8998423583648627
Listeria monocytogenes,constant_30C,6.4,30.0,2.946203640992454
Listeria monocytogenes,constant_30C,6.6000000000000005,30.0,2.993541376727614
Listeria monocytogenes,constant_30C,6.800000000000001,30.0,3.04182825143097
Listeria monocytogenes,constant_30C,7.0,30.0,3.0910357798941
Listeria monocytogenes,constant_30C,7.2,30.0,3.141134486746604
Listeria monocytogenes,constant_30C,7.4,30.0,3.1920940837948937
Listeria monocytogenes,constant_30C,7.6000000000000005,30.0,3.2438836417614034
Listeria monocytogenes,constant_30C,7.800000000000001,30.0,3.2964717546515656
Listeria monocytogenes,constant_30C,8.0,30.0,3.349826695248367
Listeria monocytogenes,constant_30C,8.200000000000001,30.0,3.403916560511244
Listeria monocytogenes,constant_30C,8.4,30.0,3.458709405929218
Listeria monocytogenes,constant_30C,8.6,30.0,3.514173368140567
Listeria monocytogenes,constant_30C,8.8,30.0,3.5702767753771028
Listeria monocytogenes,constant_30C,9.0,30.0,3.6269882455160984
Listeria monocytogenes,constant_30C,9.200000000000001,30.0,3.6842767717239417
Listeria monocytogenes,constant_30C,9.4,30.0,3.7421117958509114
Listeria monocytogenes,constant_30C,9.600000000000001,30.0,3.8004632698853853
Listeria monocytogenes,constant_30C,9.8,30.0,3.859301705898507
Listeria monocytogenes,constant_30C,10.0,30.0,3.9185982150078384
Listeria monocytogenes,constant_30C,10.200000000000001,30.0,3.978324535962405
Listeria monocytogenes,constant_30C,10.4,30.0,4.038453054003786
Listeria monocytogenes,constant_30C,10.600000000000001,30.0,4.0989568106908685
Listeria monocytogenes,constant_30C,10.8,30.0,4.159809505391892
Listeria monocytogenes,constant_30C,11.0,30.0,4.220985489149169
Listeria monocytogenes,constant_30C,11.200000000000001,30.0,4.282459751611564
Listeria monocytogenes,constant_30C,11.4,30.0,4.344207901710075
Listeria monocytogenes,constant_30C,11.600000000000001,30.0,4.406206142724656
Listeria monocytogenes,constant_30C,11.8,30.0,4.468431242357909
Listeria monocytogenes,constant_30C,12.0,30.0,4.530860498395188
Listeria monocytogenes,constant_30C,12.200000000000001,30.0,4.593471700492592
Listeria monocytogenes,constant_30C,12.4,30.0,4.656243088595701
Listeria monocytogenes,constant_30C,12.600000000000001,30.0,4.719153308453902
Listeria monocytogenes,constant_30C,12.8,30.0,4.782181364658715
Listeria monocytogenes,constant_30C,13.0,30.0,4.845306571600579
Listeria monocytogenes,constant_30C,13.200000000000001,30.0,4.908508502707668
Listeria monocytogenes,constant_30C,13.4,30.0,4.971766938303166
Listeria monocytogenes,constant_30C,13.600000000000001,30.0,5.035061812394334
Listeria monocytogenes,constant_30C,13.8,30.0,5.098373158688006
Listeria monocytogenes,constant_30C,14.0,30.0,5.16168105611328
Listeria monocytogenes,constant_30C,14.200000000000001,30.0,5.224965574122977
Listeria monocytogenes,constant_30C,14.4,30.0,5.288206718041324
Listeria monocytogenes,constant_30C,14.600000000000001,30.0,5.3513843747262335
Listeria monocytogenes,constant_30C,14.8,30.0,5.414478258820328
Listeria monocytogenes,constant_30C,15.0,30.0,5.4774678598757625
Listeria monocytogenes,constant_30C,15.200000000000001,30.0,5.540332390653429
Listeria monocytogenes,constant_30C,15.4,30.0,5.6030507369174005
Listeria monocytogenes,constant_30C,15.600000000000001,30.0,5.665601409069982
Listeria monocytogenes,constant_30C,15.8,30.0,5.727962496001251
Listeria monocytogenes,constant_30C,16.0,30.0,5.790111621559001
Listeria monocytogenes,constant_30C,16.2,30.0,5.852025904079854
Listeria monocytogenes,constant_30C,16.400000000000002,30.0,5.913681919459444
Listeria monocytogenes,constant_30C,16.6,30.0,5.975055668277848
Listeria monocytogenes,constant_30C,16.8,30.0,6.036122547535132
Listeria monocytogenes,constant_30C,17.0,30.0,6.096857327589253
Listeria monocytogenes,constant_30C,17.2,30.0,6.157234134923786
Listeria monocytogenes,constant_30C,17.400000000000002,30.0,6.217226441403679
Listeria monocytogenes,constant_30C,17.6,30.0,6.27680706070218
Listeria monocytogenes,constant_30C,17.8,30.0,6.335948152598808
Listeria monocytogenes,constant_30C,18.0,30.0,6.394621235854576
Listeria monocytogenes,constant_30C,18.2,30.0,6.452797210364322
Listeria monocytogenes,constant_30C,18.400000000000002,30.0,6.5104463892644056
Listeria monocytogenes,constant_30C,18.6,30.0,6.567538541634593
Listeria monocytogenes,constant_30C,18.8,30.0,6.624042946373545
Listeria monocytogenes,constant_30C,19.0,30.0,6.679928457745411
Listeria monocytogenes,constant_30C,19.200000000000003,30.0,6.735163582988976
Listeria monocytogenes,constant_30C,19.400000000000002,30.0,6.789716572249097
Listeria monocytogenes,constant_30C,19.6,30.0,6.843555520932081
Listeria monocytogenes,constant_30C,19.8,30.0,6.896648484402268
Listeria monocytogenes,constant_30C,20.0,30.0,6.948963604727581
Listeria monocytogenes,constant_30C,20.200000000000003,30.0,7.000469248949111
Listeria monocytogenes,constant_30C,20.400000000000002,30.0,7.051134158097789
Listeria monocytogenes,constant_30C,20.6,30.0,7.100927605914341
Listeria monocytogenes,constant_30C,20.8,30.0,7.149819565953392
Listeria monocytogenes,constant_30C,21.0,30.0,7.197780885476201
Listeria monocytogenes,constant_30C,21.200000000000003,30.0,7.244783464267762
Listeria monocytogenes,constant_30C,21.400000000000002,30.0,7.290800436262358
Listeria monocytogenes,constant_30C,21.6,30.0,7.335806351637437
Listeria monocytogenes,constant_30C,21.8,30.0,7.379777356849052
Listeria monocytogenes,constant_30C,22.0,30.0,7.422691369943199
Listeria monocytogenes,constant_30C,22.200000000000003,30.0,7.46452824839531
Listeria monocytogenes,constant_30C,22.400000000000002,30.0,7.50526994671255
Listeria monocytogenes,constant_30C,22.6,30.0,7.544900661086281
Listeria monocytogenes,constant_30C,22.8,30.0,7.583406958508208
Listeria monocytogenes,constant_30C,23.0,30.0,7.620777887963778
Listeria monocytogenes,constant_30C,23.200000000000003,30.0,7.657005071587729
Listeria monocytogenes,constant_30C,23.400000000000002,30.0,7.692082774003221
Listeria monocytogenes,constant_30C,23.6,30.0,7.7260079484592215
Listeria monocytogenes,constant_30C,23.8,30.0,7.758780258818642
Listeria monocytogenes,constant_30C,24.0,30.0,7.790402076918806
Listeria monocytogenes,constant_30C,24.200000000000003,30.0,7.820878455310533
Listeria monocytogenes,constant_30C,24.400000000000002,30.0,7.850217075866176
Listeria monocytogenes,constant_30C,24.6,30.0,7.878428175214607
Listeria monocytogenes,constant_30C,24.8,30.0,7.905524448396463
Listeria monocytogenes,constant_30C,25.0,30.0,7.931520932523039
Listeria monocytogenes,constant_30C,25.200000000000003,30.0,7.956434872554662
Listeria monocytogenes,constant_30C,25.400000000000002,30.0,7.980285571581492
Listeria monocytogenes,constant_30C,25.6,30.0,8.00309422818483
Listeria monocytogenes,constant_30C,25.8,30.0,8.024883763578508
Listeria monocytogenes,constant_30C,26.0,30.0,8.045678641277753
Listeria monocytogenes,constant_30C,26.200000000000003,30.0,8.065504682020832
Listeria monocytogenes,constant_30C,26.400000000000002,30.0,8.084388876582532
Listeria monocytogenes,constant_30C,26.6,30.0,8.102359198975838
Listeria monocytogenes,constant_30C,26.8,30.0,8.119444422348465
Listeria monocytogenes,constant_30C,27.0,30.0,8.135673939653953
Listeria monocytogenes,constant_30C,27.200000000000003,30.0,8.151077590923482
Listeria monocytogenes,constant_30C,27.400000000000002,30.0,8.165685498694224
Listeria monocytogenes,constant_30C,27.6,30.0,8.179527912872835
Listeria monocytogenes,constant_30C,27.8,30.0,8.192635066036775
Listeria monocytogenes,constant_30C,28.0,30.0,8.205037039909294
Listeria monocytogenes,constant_30C,28.200000000000003,30.0,8.216763643492063
Listeria monocytogenes,constant_30C,28.400000000000002,30.0,8.227844303107338
Listeria monocytogenes,constant_30C,28.6,30.0,8.238307964392678
Listeria monocytogenes,constant_30C,28.8,30.0,8.248183006107748
Listeria monocytogenes,constant_30C,29.0,30.0,8.257497165455547
Listeria monocytogenes,constant_30C,29.200000000000003,30.0,8.266277474489794
Listeria monocytogenes,constant_30C,29.400000000000002,30.0,8.274550207075146
Listeria monocytogenes,constant_30C,29.6,30.0,8.28234083578617
Listeria monocytogenes,constant_30C,29.8,30.0,8.289673998072782
Listeria monocytogenes,constant_30C,30.0,30.0,8.29657347098162
Listeria monocytogenes,constant_30C,30.200000000000003,30.0,8.303062153702754
Listeria monocytogenes,constant_30C,30.400000000000002,30.0,8.309162057206192
Listeria monocytogenes,constant_30C,30.6,30.0,8.314894300240857
Listeria monocytogenes,constant_30C,30.8,30.0,8.320279110987567
Listeria monocytogenes,constant_30C,31.0,30.0,8.325335833684848
Listeria monocytogenes,constant_30C,31.200000000000003,30.0,8.33008293958031
Listeria monocytogenes,constant_30C,31.400000000000002,30.0,8.334538041598828
Listeria monocytogenes,constant_30C,31.6,30.0,8.33871791216065
Listeria monocytogenes,constant_30C,31.8,30.0,8.342638503626052
Listeria monocytogenes,constant_30C,32.0,30.0,8.346314970887548
Listeria monocytogenes,constant_30C,32.2,30.0,8.349761695674786
Listeria monocytogenes,constant_30C,32.4,30.0,8.352992312180405
Listeria monocytogenes,constant_30C,32.6,30.0,8.356019733656744
Listeria monocytogenes,constant_30C,32.800000000000004,30.0,8.358856179672973
Listeria monocytogenes,constant_30C,33.0,30.0,8.361513203759602
Listeria monocytogenes,constant_30C,33.2,30.0,8.364001721202165
Listeria monocytogenes,constant_30C,33.4,30.0,8.3663320367782
Listeria monocytogenes,constant_30C,33.6,30.0,8.368513872261307
Listeria monocytogenes,constant_30C,33.800000000000004,30.0,8.37055639354301
Listeria monocytogenes,constant_30C,34.0,30.0,8.372468237247688
Listeria monocytogenes,constant_30C,34.2,30.0,8.374257536737765
Listeria monocytogenes,constant_30C,34.4,30.0,8.375931947426015
Listeria monocytogenes,constant_30C,34.6,30.0,8.377498671329246
Listeria monocytogenes,constant_30C,34.800000000000004,30.0,8.37896448081301
Listeria monocytogenes,constant_30C,35.0,30.0,8.380335741490498
Listeria monocytogenes,constant_30C,35.2,30.0,8.381618434250388
Listeria monocytogenes,constant_30C,35.4,30.0,8.382818176398736
Listeria monocytogenes,constant_30C,35.6,30.0,8.383940241908471
Listeria monocytogenes,constant_30C,35.800000000000004,30.0,8.384989580777674
Listeria monocytogenes,constant_30C,36.0,30.0,8.385970837503876
Listeria monocytogenes,constant_30C,36.2,30.0,8.386888368686918
Listeria monocytogenes,constant_30C,36.4,30.0,8.387746259777172
Listeria monocytogenes,constant_30C,36.6,30.0,8.38854834098937
Listeria monocytogenes,constant_30C,36.800000000000004,30.0,8.389298202405074
Listeria monocytogenes,constant_30C,37.0,30.0,8.389999208288984
Listeria monocytogenes,constant_30C,37.2,30.0,8.390654510645845
Listeria monocytogenes,constant_30C,37.4,30.0,8.391267062045895
Listeria monocytogenes,constant_30C,37.6,30.0,8.391839627747528
Listeria monocytogenes,constant_30C,37.800000000000004,30.0,8.392374797146246
Listeria monocytogenes,constant_30C,38.0,30.0,8.392874994579136
Listeria monocytogenes,constant_30C,38.2,30.0,8.393342489513916
Listeria monocytogenes,constant_30C,38.400000000000006,30.0,8.393779406151356
Listeria monocytogenes,constant_30C,38.6,30.0,8.39418773246935
Listeria monocytogenes,constant_30C,38.800000000000004,30.0,8.394569328736301
Listeria monocytogenes,constant_30C,39.0,30.0,8.39492593552078
Listeria monocytogenes,constant_30C,39.2,30.0,8.395259181223604
Listeria monocytogenes,constant_30C,39.400000000000006,30.0,8.395570589157622
Listeria monocytogenes,constant_30C,39.6,30.0,8.395861584199537
Listeria monocytogenes,constant_30C,39.800000000000004,30.0,8.396133499037283
Listeria monocytogenes,constant_30C,40.0,30.0,8.396387580035311
Listeria monocytogenes,constant_30C,40.2,30.0,8.396624992739373
Listeria monocytogenes,constant_30C,40.400000000000006,30.0,8.396846827041317
Listeria monocytogenes,constant_30C,40.6,30.0,8.397054102023457
Listeria monocytogenes,constant_30C,40.800000000000004,30.0,8.397247770501181
Listeria monocytogenes,constant_30C,41.0,30.0,8.397428723281488
Listeria monocytogenes,constant_30C,41.2,30.0,8.397597793154318
Listeria monocytogenes,constant_30C,41.400000000000006,30.0,8.397755758632568
Listeria monocytogenes,constant_30C,41.6,30.0,8.397903347455916
Listeria monocytogenes,constant_30C,41.800000000000004,30.0,8.39804123987276
Listeria monocytogenes,constant_30C,42.0,30.0,8.398170071713764
Listeria monocytogenes,constant_30C,42.2,30.0,8.398290437269722
Listeria monocytogenes,constant_30C,42.400000000000006,30.0,8.398402891985867
Listeria monocytogenes,constant_30C,42.6,30.0,8.398507954983888
Listeria monocytogenes,constant_30C,42.800000000000004,30.0,8.398606111422382
Listeria monocytogenes,constant_30C,43.0,30.0,8.398697814705839
Listeria monocytogenes,constant_30C,43.2,30.0,8.39878348855159
Listeria monocytogenes,constant_30C,43.400000000000006,30.0,8.398863528923671
Listeria monocytogenes,constant_30C,43.6,30.0,8.398938305841977
Listeria monocytogenes,constant_30C,43.800000000000004,30.0,8.399008165074582
Listeria monocytogenes,constant_30C,44.0,30.0,8.399073429720648
Listeria monocytogenes,constant_30C,44.2,30.0,8.39913440169084
Listeria monocytogenes,constant_30C,44.400000000000006,30.0,8.39919136309182
Listeria monocytogenes,constant_30C,44.6,30.0,8.39924457752089
Listeria monocytogenes,constant_30C,44.800000000000004,30.0,8.399294291276574
Listeria monocytogenes,constant_30C,45.0,30.0,8.39934073449053
Listeria monocytogenes,constant_30C,45.2,30.0,8.39938412218579
Listeria monocytogenes,constant_30C,45.400000000000006,30.0,8.399424655266124
Listeria monocytogenes,constant_30C,45.6,30.0,8.399462521440938
Listeria monocytogenes,constant_30C,45.800000000000004,30.0,8.399497896089875
Listeria monocytogenes,constant_30C,46.0,30.0,8.399530943070992
Listeria monocytogenes,constant_30C,46.2,30.0,8.399561815476195
Listeria monocytogenes,constant_30C,46.400000000000006,30.0,8.399590656337331
Listeria monocytogenes,constant_30C,46.6,30.0,8.399617599286117
Listeria monocytogenes,constant_30C,46.800000000000004,30.0,8.399642769170962
Listeria monocytogenes,constant_30C,47.0,30.0,8.399666282633376
Listeria monocytogenes,constant_30C,47.2,30.0,8.399688248646738
Listeria monocytogenes,constant_30C,47.400000000000006,30.0,8.399708769019728
Listeria monocytogenes,constant_30C,47.6,30.0,8.399727938866814
Listeria monocytogenes,constant_30C,47.800000000000004,30.0,8.399745847047933
Listeria monocytogenes,constant_30C,48.0,30.0,8.399762576579327
Listeria monocytogenes,constant_37C,0.0,37.0,2.0
Listeria monocytogenes,constant_37C,0.2,37.0,2.020105672852148
Listeria monocytogenes,constant_37C,0.4,37.0,2.0417781370260153
Listeria monocytogenes,constant_37C,0.6000000000000001,37.0,2.065101756192976
Listeria monocytogenes,constant_37C,0.8,37.0,2.0901596668428293
Listeria monocytogenes,constant_37C,1.0,37.0,2.1170328457565146
Listeria monocytogenes,constant_37C,1.2000000000000002,37.0,2.1457991207493294
Listeria monocytogenes,constant_37C,1.4000000000000001,37.0,2.176532144201926
Listeria monocytogenes,constant_37C,1.6,37.0,2.2093003528061304
Listeria monocytogenes,constant_37C,1.8,37.0,2.2441659402298586
Listeria monocytogenes,constant_37C,2.0,37.0,2.281183871737694
Listeria monocytogenes,constant_37C,2.2,37.0,2.320400970906205
Listeria monocytogenes,constant_37C,2.4000000000000004,37.0,2.361855108222104
Listeria monocytogenes,constant_37C,2.6,37.0,2.405574519416562
Listeria monocytogenes,constant_37C,2.8000000000000003,37.0,2.4515772778585982
Listeria monocytogenes,constant_37C,3.0,37.0,2.4998709403255384
Listeria monocytogenes,constant_37C,3.2,37.0,2.5504523792422598
Listeria monocytogenes,constant_37C,3.4000000000000004,37.0,2.6033078074016847
Listeria monocytogenes,constant_37C,3.6,37.0,2.6584129936983674
Listeria monocytogenes,constant_37C,3.8000000000000003,37.0,2.7157336610164986
Listeria monocytogenes,constant_37C,4.0,37.0,2.7752260505956166
Listeria monocytogenes,constant_37C,4.2,37.0,2.836837631377459
Listeria monocytogenes,constant_37C,4.4,37.0,2.9005079283449553
Listeria monocytogenes,constant_37C,4.6000000000000005,37.0,2.9661694409052717
Listeria monocytogenes,constant_37C,4.800000000000001,37.0,3.0337486210148192
Listeria monocytogenes,constant_37C,5.0,37.0,3.1031668809377693
Listeria monocytogenes,constant_37C,5.2,37.0,3.1743416021030635
Listeria monocytogenes,constant_37C,5.4,37.0,3.2471871192282027
Listeria monocytogenes,constant_37C,5.6000000000000005,37.0,3.321615657412675
Listeria monocytogenes,constant_37C,5.800000000000001,37.0,3.397538203955275
Listeria monocytogenes,constant_37C,6.0,37.0,3.4748653009168473
Listeria monocytogenes,constant_37C,6.2,37.0,3.5535077486682445
Listeria monocytogenes,constant_37C,6.4,37.0,3.6333772146178323
Listeria monocytogenes,constant_37C,6.6000000000000005,37.0,3.7143867448468426
Listeria monocytogenes,constant_37C,6.800000000000001,37.0,3.7964511793942908
Listeria monocytogenes,constant_37C,7.0,37.0,3.879487474379
Listeria monocytogenes,constant_37C,7.2,37.0,3.963414936021027
Listeria monocytogenes,constant_37C,7.4,37.0,4.048155372959343
Listeria monocytogenes,constant_37C,7.6000000000000005,37.0,4.133633174111531
Listeria monocytogenes,constant_37C,7.800000000000001,37.0,4.219775319753573
Listeria monocytogenes,constant_37C,8.0,37.0,4.306511333589001
Listeria monocytogenes,constant_37C,8.200000000000001,37.0,4.393773183402626
Listeria monocytogenes,constant_37C,8.4,37.0,4.481495137526341
Listeria monocytogenes,constant_37C,8.6,37.0,4.569613583847696
Listeria monocytogenes,constant_37C,8.8,37.0,4.658066817521928
Listeria monocytogenes,constant_37C,9.0,37.0,4.746794802952142
Listeria monocytogenes,constant_37C,9.200000000000001,37.0,4.835738915018068
Listeria monocytogenes,constant_37C,9.4,37.0,4.924841663991804
Listeria monocytogenes,constant_37C,9.600000000000001,37.0,5.0140464081019465
Listeria monocytogenes,constant_37C,9.8,37.0,5.1032970573127585
Listeria monocytogenes,constant_37C,10.0,37.0,5.192537771584687
Listeria monocytogenes,constant_37C,10.200000000000001,37.0,5.281712656684853
Listeria monocytogenes,constant_37C,10.4,37.0,5.370765460525979
Listeria monocytogenes,constant_37C,10.600000000000001,37.0,5.459639273031836
Listeria monocytogenes,constant_37C,10.8,37.0,5.548276232656051
Listeria monocytogenes,constant_37C,11.0,37.0,5.636617242916095
Listeria monocytogenes,constant_37C,11.200000000000001,37.0,5.7246017026393545
Listeria monocytogenes,constant_37C,11.4,37.0,5.812167254043851
Listeria monocytogenes,constant_37C,11.600000000000001,37.0,5.899249553278568
Listeria monocytogenes,constant_37C,11.8,37.0,5.985782068608414
Listeria monocytogenes,constant_37C,12.0,37.0,6.071695912021079
Listeria monocytogenes,constant_37C,12.200000000000001,37.0,6.156919710624674
Listeria monocytogenes,constant_37C,12.4,37.0,6.241379524754788
Listeria monocytogenes,constant_37C,12.600000000000001,37.0,6.324998820167341
Listeria monocytogenes,constant_37C,12.8,37.0,6.407698502000191
Listeria monocytogenes,constant_37C,13.0,37.0,6.489397018274611
Listeria monocytogenes,constant_37C,13.200000000000001,37.0,6.570010540503843
Listeria monocytogenes,constant_37C,13.4,37.0,6.649453228403843
Listeria monocytogenes,constant_37C,13.600000000000001,37.0,6.727637584686839
Listeria monocytogenes,constant_37C,13.8,37.0,6.804474904396709
Listeria monocytogenes,constant_37C,14.0,37.0,6.879875821169109
Listeria monocytogenes,constant_37C,14.200000000000001,37.0,6.953750950148916
Listeria monocytogenes,constant_37C,14.4,37.0,7.026011624090849
Listeria monocytogenes,constant_37C,14.600000000000001,37.0,7.096570715471105
Listeria monocytogenes,constant_37C,14.8,37.0,7.165343533368339
Listeria monocytogenes,constant_37C,15.0,37.0,7.232248779609215
Listeria monocytogenes,constant_37C,15.200000000000001,37.0,7.297209544450687
Listeria monocytogenes,constant_37C,15.4,37.0,7.360154318168005
Listeria monocytogenes,constant_37C,15.600000000000001,37.0,7.421017991642939
Listeria monocytogenes,constant_37C,15.8,37.0,7.479742816713177
Listeria monocytogenes,constant_37C,16.0,37.0,7.536279295936596
Listeria monocytogenes,constant_37C,16.2,37.0,7.590586971767357
Listeria monocytogenes,constant_37C,16.400000000000002,37.0,7.642635087066067
Listeria monocytogenes,constant_37C,16.6,37.0,7.692403092386364
Listeria monocytogenes,constant_37C,16.8,37.0,7.739880980475837
Listeria monocytogenes,constant_37C,17.0,37.0,7.78506943464766
Listeria monocytogenes,constant_37C,17.2,37.0,7.827979784754037
Listeria monocytogenes,constant_37C,17.400000000000002,37.0,7.8686337719718615
Listeria monocytogenes,constant_37C,17.6,37.0,7.9070631310040564
Listeria monocytogenes,constant_37C,17.8,37.0,7.943309005123946
Listeria monocytogenes,constant_37C,18.0,37.0,7.977421215318229
Listeria monocytogenes,constant_37C,18.2,37.0,8.009457409286542
Listeria monocytogenes,constant_37C,18.400000000000002,37.0,8.039482119024763
Listeria monocytogenes,constant_37C,18.6,37.0,8.067565757082214
Listeria monocytogenes,constant_37C,18.8,37.0,8.093783581396057
Listeria monocytogenes,constant_37C,19.0,37.0,8.118214657036305
Listeria monocytogenes,constant_37C,19.200000000000003,37.0,8.14094084049142
Listeria monocytogenes,constant_37C,19.400000000000002,37.0,8.162045808585717
Listeria monocytogenes,constant_37C,19.6,37.0,8.181614150060618
Listeria monocytogenes,constant_37C,19.8,37.0,8.199730533572975
Listeria monocytogenes,constant_37C,20.0,37.0,8.216478961631685
Listeria monocytogenes,constant_37C,20.200000000000003,37.0,8.23194211602322
Listeria monocytogenes,constant_37C,20.400000000000002,37.0,8.246200796726107
Listeria monocytogenes,constant_37C,20.6,37.0,8.25933345328434
Listeria monocytogenes,constant_37C,20.8,37.0,8.271415805148466
Listeria monocytogenes,constant_37C,21.0,37.0,8.2825205456053
Listeria monocytogenes,constant_37C,21.200000000000003,37.0,8.292717122572975
Listeria monocytogenes,constant_37C,21.400000000000002,37.0,8.302071588684344
Listeria monocytogenes,constant_37C,21.6,37.0,8.310646512650543
Listeria monocytogenes,constant_37C,21.8,37.0,8.318500943814303
Listeria monocytogenes,constant_37C,22.0,37.0,8.325690421994839
Listeria monocytogenes,constant_37C,22.200000000000003,37.0,8.332267025123727
Listeria monocytogenes,constant_37C,22.400000000000002,37.0,8.338279447711564
Listeria monocytogenes,constant_37C,22.6,37.0,8.343773103815343
Listeria monocytogenes,constant_37C,22.8,37.0,8.34879024885253
Listeria monocytogenes,constant_37C,23.0,37.0,8.353370115295046
Listeria monocytogenes,constant_37C,23.200000000000003,37.0,8.357549057948773
Listeria monocytogenes,constant_37C,23.400000000000002,37.0,8.361360705162932
Listeria monocytogenes,constant_37C,23.6,37.0,8.364836112906152
Listeria monocytogenes,constant_37C,23.8,37.0,8.368003919184963
Listeria monocytogenes,constant_37C,24.0,37.0,8.370890496762193
Listeria monocytogenes,constant_37C,24.200000000000003,37.0,8.373520102556949
Listeria monocytogenes,constant_37C,24.400000000000002,37.0,8.37591502247613
Listeria monocytogenes,constant_37C,24.6,37.0,8.378095710743136
Listeria monocytogenes,constant_37C,24.8,37.0,8.380080923056378
Listeria monocytogenes,constant_37C,25.0,37.0,8.381887843133466
Listeria monocytogenes,constant_37C,25.200000000000003,37.0,8.383532202380847
Listeria monocytogenes,constant_37C,25.400000000000002,37.0,8.385028392578345
Listeria monocytogenes,constant_37C,25.6,37.0,8.386389571587841
Listeria monocytogenes,constant_37C,25.8,37.0,8.387627762189553
Listeria monocytogenes,constant_37C,26.0,37.0,8.388753944221873
Listeria monocytogenes,constant_37C,26.200000000000003,37.0,8.389778140254965
Listeria monocytogenes,constant_37C,26.400000000000002,37.0,8.390709495067394
Listeria monocytogenes,constant_37C,26.6,37.0,8.391556349221705
Listeria monocytogenes,constant_37C,26.8,37.0,8.392326307051167
Listeria monocytogenes,constant_37C,27.0,37.0,8.393026299378363
Listeria monocytogenes,constant_37C,27.200000000000003,37.0,8.393662641287857
Listeria monocytogenes,constant_37C,27.400000000000002,37.0,8.39424108527209
Listeria monocytogenes,constant_37C,27.6,37.0,8.394766870062382
Listeria monocytogenes,constant_37C,27.8,37.0,8.395244765446941
Listeria monocytogenes,constant_37C,28.0,37.0,8.395679113365677
Listeria monocytogenes,constant_37C,28.200000000000003,37.0,8.39607386555804
Listeria monocytogenes,constant_37C,28.400000000000002,37.0,8.396432618025724
Listeria monocytogenes,constant_37C,28.6,37.0,8.396758642557145
Listeria monocytogenes,constant_37C,28.8,37.0,8.39705491554557
Listeria monocytogenes,constant_37C,29.0,37.0,8.397324144317864
Listeria monocytogenes,constant_37C,29.200000000000003,37.0,8.39756879117614
Listeria monocytogenes,constant_37C,29.400000000000002,37.0,8.39779109534054
Listeria monocytogenes,constant_37C,29.6,37.0,8.397993092967688
Listeria monocytogenes,constant_37C,29.8,37.0,8.398176635406402
Listeria monocytogenes,constant_37C,30.0,37.0,8.398343405840006
Listeria monocytogenes,constant_37C,30.200000000000003,37.0,8.398494934452923
Listeria monocytogenes,constant_37C,30.400000000000002,37.0,8.398632612248388
Listeria monocytogenes,constant_37C,30.6,37.0,8.398757703633912
Listeria monocytogenes,constant_37C,30.8,37.0,8.39887135788165
Listeria monocytogenes,constant_37C,31.0,37.0,8.39897461956198
Listeria monocytogenes,constant_37C,31.200000000000003,37.0,8.3990684380404
Listeria monocytogenes,constant_37C,31.400000000000002,37.0,8.39915367612033
Listeria monocytogenes,constant_37C,31.6,37.0,8.399231117907291
Listeria monocytogenes,constant_37C,31.8,37.0,8.39930147596363
Listeria monocytogenes,constant_37C,32.0,37.0,8.399365397816851
Listeria monocytogenes,constant_37C,32.2,37.0,8.399423471879278
Listeria monocytogenes,constant_37C,32.4,37.0,8.399476232831697
Listeria monocytogenes,constant_37C,32.6,37.0,8.399524166518994
Listeria monocytogenes,constant_37C,32.800000000000004,37.0,8.399567714401673
Listeria monocytogenes,constant_37C,33.0,37.0,8.399607277603137
Listeria monocytogenes,constant_37C,33.2,37.0,8.399643220589256
Listeria monocytogenes,constant_37C,33.4,37.0,8.399675874513315
Listeria monocytogenes,constant_37C,33.6,37.0,8.399705540256653
Listeria monocytogenes,constant_37C,33.800000000000004,37.0,8.399732491192474
Listeria monocytogenes,constant_37C,34.0,37.0,8.39975697569794
Listeria monocytogenes,constant_37C,34.2,37.0,8.39977921943735
Listeria monocytogenes,constant_37C,34.4,37.0,8.399799427437173
Listeria monocytogenes,constant_37C,34.6,37.0,8.399817785971855
Listeria monocytogenes,constant_37C,34.800000000000004,37.0,8.399834464277589
Listeria monocytogenes,constant_37C,35.0,37.0,8.399849616109682
Listeria monocytogenes,constant_37C,35.2,37.0,8.39986338115777
Listeria monocytogenes,constant_37C,35.4,37.0,8.399875886331815
Listeria monocytogenes,constant_37C,35.6,37.0,8.399887246930662
Listeria monocytogenes,constant_37C,35.800000000000004,37.0,8.399897567703837
Listeria monocytogenes,constant_37C,36.0,37.0,8.399906943816344
Listeria monocytogenes,constant_37C,36.2,37.0,8.399915461725303
Listeria monocytogenes,constant_37C,36.4,37.0,8.399923199976463
Listeria monocytogenes,constant_37C,36.6,37.0,8.399930229927898
Listeria monocytogenes,constant_37C,36.800000000000004,37.0,8.399936616407567
Listeria monocytogenes,constant_37C,37.0,37.0,8.399942418310728
Listeria monocytogenes,constant_37C,37.2,37.0,8.399947689142735
Listeria monocytogenes,constant_37C,37.4,37.0,8.399952477512201
Listeria monocytogenes,constant_37C,37.6,37.0,8.399956827579045
Listeria monocytogenes,constant_37C,37.800000000000004,37.0,8.39996077946157
Listeria monocytogenes,constant_37C,38.0,37.0,8.399964369606295
Listeria monocytogenes,constant_37C,38.2,37.0,8.399967631123966
Listeria monocytogenes,constant_37C,38.400000000000006,37.0,8.399970594094817
Listeria monocytogenes,constant_37C,38.6,37.0,8.399973285845913
Listeria monocytogenes,constant_37C,38.800000000000004,37.0,8.399975731203105
Listeria monocytogenes,constant_37C,39.0,37.0,8.399977952719942
Listeria monocytogenes,constant_37C,39.2,37.0,8.399979970885639
Listeria monocytogenes,constant_37C,39.400000000000006,37.0,8.399981804314008
Listeria monocytogenes,constant_37C,39.6,37.0,8.399983469915098
Listeria monocytogenes,constant_37C,39.800000000000004,37.0,8.399984983051143
Listeria monocytogenes,constant_37C,40.0,37.0,8.399986357678218
Listeria monocytogenes,constant_37C,40.2,37.0,8.399987606474948
Listeria monocytogenes,constant_37C,40.400000000000006,37.0,8.399988740959431
Listeria monocytogenes,constant_37C,40.6,37.0,8.399989771595457
Listeria monocytogenes,constant_37C,40.800000000000004,37.0,8.399990707889016
Listeria monocytogenes,constant_37C,41.0,37.0,8.39999155847596
Listeria monocytogenes,constant_37C,41.2,37.0,8.399992331201656
Listeria monocytogenes,constant_37C,41.400000000000006,37.0,8.399993033193333
Listeria monocytogenes,constant_37C,41.6,37.0,8.399993670925824
Listeria monocytogenes,constant_37C,41.800000000000004,37.0,8.399994250281273
Listeria monocytogenes,constant_37C,42.0,37.0,8.399994776603394
Listeria monocytogenes,constant_37C,42.2,37.0,8.399995254746758
Listeria monocytogenes,constant_37C,42.400000000000006,37.0,8.399995689121553
Listeria monocytogenes,constant_37C,42.6,37.0,8.39999608373428
Listeria monocytogenes,constant_37C,42.800000000000004,37.0,8.399996442224687
Listeria monocytogenes,constant_37C,43.0,37.0,8.399996767899353
Listeria monocytogenes,constant_37C,43.2,37.0,8.399997063762177
Listeria monocytogenes,constant_37C,43.400000000000006,37.0,8.39999733254209
Listeria monocytogenes,constant_37C,43.6,37.0,8.399997576718222
Listeria monocytogenes,constant_37C,43.800000000000004,37.0,8.399997798542767
Listeria monocytogenes,constant_37C,44.0,37.0,8.399998000061759
Listeria monocytogenes,constant_37C,44.2,37.0,8.399998183133938
Listeria monocytogenes,constant_37C,44.400000000000006,37.0,8.399998349447902
Listeria monocytogenes,constant_37C,44.6,37.0,8.399998500537677
Listeria monocytogenes,constant_37C,44.800000000000004,37.0,8.399998637796864
Listeria monocytogenes,constant_37C,45.0,37.0,8.3999987624915
Listeria monocytogenes,constant_37C,45.2,37.0,8.399998875771725
Listeria monocytogenes,constant_37C,45.400000000000006,37.0,8.399998978682405
Listeria monocytogenes,constant_37C,45.6,37.0,8.399999072172752
Listeria monocytogenes,constant_37C,45.800000000000004,37.0,8.399999157105094
Listeria monocytogenes,constant_37C,46.0,37.0,8.399999234262822
Listeria monocytogenes,constant_37C,46.2,37.0,8.399999304357612
Listeria monocytogenes,constant_37C,46.400000000000006,37.0,8.399999368036001
Listeria monocytogenes,constant_37C,46.6,37.0,8.399999425885335
Listeria monocytogenes,constant_37C,46.800000000000004,37.0,8.399999478439204
Listeria monocytogenes,constant_37C,47.0,37.0,8.399999526182347
Listeria monocytogenes,constant_37C,47.2,37.0,8.399999569555131
Listeria monocytogenes,constant_37C,47.400000000000006,37.0,8.399999608957616
Listeria monocytogenes,constant_37C,47.6,37.0,8.399999644753239
Listeria monocytogenes,constant_37C,47.800000000000004,37.0,8.399999677272167
Listeria monocytogenes,constant_37C,48.0,37.0,8.399999706814345
S. aureus,constant_5C,0.0,5.0,2.0
S. aureus,constant_5C,0.2,5.0,2.0
S. aureus,constant_5C,0.4,5.0,2.0
S. aureus,constant_5C,0.6000000000000001,5.0,2.0
S. aureus,constant_5C,0.8,5.0,2.0
S. aureus,constant_5C,1.0,5.0,2.0
S. aureus,constant_5C,1.2000000000000002,5.0,2.0
S. aureus,constant_5C,1.4000000000000001,5.0,2.0
S. aureus,constant_5C,1.6,5.0,2.0
S. aureus,constant_5C,1.8,5.0,2.0
S. aureus,constant_5C,2.0,5.0,2.0
S. aureus,constant_5C,2.2,5.0,2.0
S. aureus,constant_5C,2.4000000000000004,5.0,2.0
S. aureus,constant_5C,2.6,5.0,2.0
S. aureus,constant_5C,2.8000000000000003,5.0,2.0
S. aureus,constant_5C,3.0,5.0,2.0
S. aureus,constant_5C,3.2,5.0,2.0
S. aureus,constant_5C,3.4000000000000004,5.0,2.0
S. aureus,constant_5C,3.6,5.0,2.0
S. aureus,constant_5C,3.8000000000000003,5.0,2.0
S. aureus,constant_5C,4.0,5.0,2.0
S. aureus,constant_5C,4.2,5.0,2.0
S. aureus,constant_5C,4.4,5.0,2.0
S. aureus,constant_5C,4.6000000000000005,5.0,2.0
S. aureus,constant_5C,4.800000000000001,5.0,2.0
S. aureus,constant_5C,5.0,5.0,2.0
S. aureus,constant_5C,5.2,5.0,2.0
S. aureus,constant_5C,5.4,5.0,2.0
S. aureus,constant_5C,5.6000000000000005,5.0,2.0
S. aureus,constant_5C,5.800000000000001,5.0,2.0
S. aureus,constant_5C,6.0,5.0,2.0
S. aureus,constant_5C,6.2,5.0,2.0
S. aureus,constant_5C,6.4,5.0,2.0
S. aureus,constant_5C,6.6000000000000005,5.0,2.0
S. aureus,constant_5C,6.800000000000001,5.0,2.0
S. aureus,constant_5C,7.0,5.0,2.0
S. aureus,constant_5C,7.2,5.0,2.0
S. aureus,constant_5C,7.4,5.0,2.0
S. aureus,constant_5C,7.6000000000000005,5.0,2.0
S. aureus,constant_5C,7.800000000000001,5.0,2.0
S. aureus,constant_5C,8.0,5.0,2.0
S. aureus,constant_5C,8.200000000000001,5.0,2.0
S. aureus,constant_5C,8.4,5.0,2.0
S. aureus,constant_5C,8.6,5.0,2.0
S. aureus,constant_5C,8.8,5.0,2.0
S. aureus,constant_5C,9.0,5.0,2.0
S. aureus,constant_5C,9.200000000000001,5.0,2.0
S. aureus,constant_5C,9.4,5.0,2.0
S. aureus,constant_5C,9.600000000000001,5.0,2.0
S. aureus,constant_5C,9.8,5.0,2.0
S. aureus,constant_5C,10.0,5.0,2.0
S. aureus,constant_5C,10.200000000000001,5.0,2.0
S. aureus,constant_5C,10.4,5.0,2.0
S. aureus,constant_5C,10.600000000000001,5.0,2.0
S. aureus,constant_5C,10.8,5.0,2.0
S. aureus,constant_5C,11.0,5.0,2.0
S. aureus,constant_5C,11.200000000000001,5.0,2.0
S. aureus,constant_5C,11.4,5.0,2.0
S. aureus,constant_5C,11.600000000000001,5.0,2.0
S. aureus,constant_5C,11.8,5.0,2.0
S. aureus,constant_5C,12.0,5.0,2.0
S. aureus,constant_5C,12.200000000000001,5.0,2.0
S. aureus,constant_5C,12.4,5.0,2.0
S. aureus,constant_5C,12.600000000000001,5.0,2.0
S. aureus,constant_5C,12.8,5.0,2.0
S. aureus,constant_5C,13.0,5.0,2.0
S. aureus,constant_5C,13.200000000000001,5.0,2.0
S. aureus,constant_5C,13.4,5.0,2.0
S. aureus,constant_5C,13.600000000000001,5.0,2.0
S. aureus,constant_5C,13.8,5.0,2.0
S. aureus,constant_5C,14.0,5.0,2.0
S. aureus,constant_5C,14.200000000000001,5.0,2.0
S. aureus,constant_5C,14.4,5.0,2.0
S. aureus,constant_5C,14.600000000000001,5.0,2.0
S. aureus,constant_5C,14.8,5.0,2.0
S. aureus,constant_5C,15.0,5.0,2.0
S. aureus,constant_5C,15.200000000000001,5.0,2.0
S. aureus,constant_5C,15.4,5.0,2.0
S. aureus,constant_5C,15.600000000000001,5.0,2.0
S. aureus,constant_5C,15.8,5.0,2.0
S. aureus,constant_5C,16.0,5.0,2.0
S. aureus,constant_5C,16.2,5.0,2.0
S. aureus,constant_5C,16.400000000000002,5.0,2.0
S. aureus,constant_5C,16.6,5.0,2.0
S. aureus,constant_5C,16.8,5.0,2.0
S. aureus,constant_5C,17.0,5.0,2.0
S. aureus,constant_5C,17.2,5.0,2.0
S. aureus,constant_5C,17.400000000000002,5.0,2.0
S. aureus,constant_5C,17.6,5.0,2.0
S. aureus,constant_5C,17.8,5.0,2.0
S. aureus,constant_5C,18.0,5.0,2.0
S. aureus,constant_5C,18.2,5.0,2.0
S. aureus,constant_5C,18.400000000000002,5.0,2.0
S. aureus,constant_5C,18.6,5.0,2.0
S. aureus,constant_5C,18.8,5.0,2.0
S. aureus,constant_5C,19.0,5.0,2.0
S. aureus,constant_5C,19.200000000000003,5.0,2.0
S. aureus,constant_5C,19.400000000000002,5.0,2.0
S. aureus,constant_5C,19.6,5.0,2.0
S. aureus,constant_5C,19.8,5.0,2.0
S. aureus,constant_5C,20.0,5.0,2.0
S. aureus,constant_5C,20.200000000000003,5.0,2.0
S. aureus,constant_5C,20.400000000000002,5.0,2.0
S. aureus,constant_5C,20.6,5.0,2.0
S. aureus,constant_5C,20.8,5.0,2.0
S. aureus,constant_5C,21.0,5.0,2.0
S. aureus,constant_5C,21.200000000000003,5.0,2.0
S. aureus,constant_5C,21.400000000000002,5.0,2.0
S. aureus,constant_5C,21.6,5.0,2.0
S. aureus,constant_5C,21.8,5.0,2.0
S. aureus,constant_5C,22.0,5.0,2.0
S. aureus,constant_5C,22.200000000000003,5.0,2.0
S. aureus,constant_5C,22.400000000000002,5.0,2.0
S. aureus,constant_5C,22.6,5.0,2.0
S. aureus,constant_5C,22.8,5.0,2.0
S. aureus,constant_5C,23.0,5.0,2.0
S. aureus,constant_5C,23.200000000000003,5.0,2.0
S. aureus,constant_5C,23.400000000000002,5.0,2.0
S. aureus,constant_5C,23.6,5.0,2.0
S. aureus,constant_5C,23.8,5.0,2.0
S. aureus,constant_5C,24.0,5.0,2.0
S. aureus,constant_5C,24.200000000000003,5.0,2.0
S. aureus,constant_5C,24.400000000000002,5.0,2.0
S. aureus,constant_5C,24.6,5.0,2.0
S. aureus,constant_5C,24.8,5.0,2.0
S. aureus,constant_5C,25.0,5.0,2.0
S. aureus,constant_5C,25.200000000000003,5.0,2.0
S. aureus,constant_5C,25.400000000000002,5.0,2.0
S. aureus,constant_5C,25.6,5.0,2.0
S. aureus,constant_5C,25.8,5.0,2.0
S. aureus,constant_5C,26.0,5.0,2.0
S. aureus,constant_5C,26.200000000000003,5.0,2.0
S. aureus,constant_5C,26.400000000000002,5.0,2.0
S. aureus,constant_5C,26.6,5.0,2.0
S. aureus,constant_5C,26.8,5.0,2.0
S. aureus,constant_5C,27.0,5.0,2.0
S. aureus,constant_5C,27.200000000000003,5.0,2.0
S. aureus,constant_5C,27.400000000000002,5.0,2.0
S. aureus,constant_5C,27.6,5.0,2.0
S. aureus,constant_5C,27.8,5.0,2.0
S. aureus,constant_5C,28.0,5.0,2.0
S. aureus,constant_5C,28.200000000000003,5.0,2.0
S. aureus,constant_5C,28.400000000000002,5.0,2.0
S. aureus,constant_5C,28.6,5.0,2.0
S. aureus,constant_5C,28.8,5.0,2.0
S. aureus,constant_5C,29.0,5.0,2.0
S. aureus,constant_5C,29.200000000000003,5.0,2.0
S. aureus,constant_5C,29.400000000000002,5.0,2.0
S. aureus,constant_5C,29.6,5.0,2.0
S. aureus,constant_5C,29.8,5.0,2.0
S. aureus,constant_5C,30.0,5.0,2.0
S. aureus,constant_5C,30.200000000000003,5.0,2.0
S. aureus,constant_5C,30.400000000000002,5.0,2.0
S. aureus,constant_5C,30.6,5.0,2.0
S. aureus,constant_5C,30.8,5.0,2.0
S. aureus,constant_5C,31.0,5.0,2.0
S. aureus,constant_5C,31.200000000000003,5.0,2.0
S. aureus,constant_5C,31.400000000000002,5.0,2.0
S. aureus,constant_5C,31.6,5.0,2.0
S. aureus,constant_5C,31.8,5.0,2.0
S. aureus,constant_5C,32.0,5.0,2.0
S. aureus,constant_5C,32.2,5.0,2.0
S. aureus,constant_5C,32.4,5.0,2.0
S. aureus,constant_5C,32.6,5.0,2.0
S. aureus,constant_5C,32.800000000000004,5.0,2.0
S. aureus,constant_5C,33.0,5.0,2.0
S. aureus,constant_5C,33.2,5.0,2.0
S. aureus,constant_5C,33.4,5.0,2.0
S. aureus,constant_5C,33.6,5.0,2.0
S. aureus,constant_5C,33.800000000000004,5.0,2.0
S. aureus,constant_5C,34.0,5.0,2.0
S. aureus,constant_5C,34.2,5.0,2.0
S. aureus,constant_5C,34.4,5.0,2.0
S. aureus,constant_5C,34.6,5.0,2.0
S. aureus,constant_5C,34.800000000000004,5.0,2.0
S. aureus,constant_5C,35.0,5.0,2.0
S. aureus,constant_5C,35.2,5.0,2.0
S. aureus,constant_5C,35.4,5.0,2.0
S. aureus,constant_5C,35.6,5.0,2.0
S. aureus,constant_5C,35.800000000000004,5.0,2.0
S. aureus,constant_5C,36.0,5.0,2.0
S. aureus,constant_5C,36.2,5.0,2.0
S. aureus,constant_5C,36.4,5.0,2.0
S. aureus,constant_5C,36.6,5.0,2.0
S. aureus,constant_5C,36.800000000000004,5.0,2.0
S. aureus,constant_5C,37.0,5.0,2.0
S. aureus,constant_5C,37.2,5.0,2.0
S. aureus,constant_5C,37.4,5.0,2.0
S. aureus,constant_5C,37.6,5.0,2.0
S. aureus,constant_5C,37.800000000000004,5.0,2.0
S. aureus,constant_5C,38.0,5.0,2.0
S. aureus,constant_5C,38.2,5.0,2.0
S. aureus,constant_5C,38.400000000000006,5.0,2.0
S. aureus,constant_5C,38.6,5.0,2.0
S. aureus,constant_5C,38.800000000000004,5.0,2.0
S. aureus,constant_5C,39.0,5.0,2.0
S. aureus,constant_5C,39.2,5.0,2.0
S. aureus,constant_5C,39.400000000000006,5.0,2.0
S. aureus,constant_5C,39.6,5.0,2.0
S. aureus,constant_5C,39.800000000000004,5.0,2.0
S. aureus,constant_5C,40.0,5.0,2.0
S. aureus,constant_5C,40.2,5.0,2.0
S. aureus,constant_5C,40.400000000000006,5.0,2.0
S. aureus,constant_5C,40.6,5.0,2.0
S. aureus,constant_5C,40.800000000000004,5.0,2.0
S. aureus,constant_5C,41.0,5.0,2.0
S. aureus,constant_5C,41.2,5.0,2.0
S. aureus,constant_5C,41.400000000000006,5.0,2.0
S. aureus,constant_5C,41.6,5.0,2.0
S. aureus,constant_5C,41.800000000000004,5.0,2.0
S. aureus,constant_5C,42.0,5.0,2.0
S. aureus,constant_5C,42.2,5.0,2.0
S. aureus,constant_5C,42.400000000000006,5.0,2.0
S. aureus,constant_5C,42.6,5.0,2.0
S. aureus,constant_5C,42.800000000000004,5.0,2.0
S. aureus,constant_5C,43.0,5.0,2.0
S. aureus,constant_5C,43.2,5.0,2.0
S. aureus,constant_5C,43.400000000000006,5.0,2.0
S. aureus,constant_5C,43.6,5.0,2.0
S. aureus,constant_5C,43.800000000000004,5.0,2.0
S. aureus,constant_5C,44.0,5.0,2.0
S. aureus,constant_5C,44.2,5.0,2.0
S. aureus,constant_5C,44.400000000000006,5.0,2.0
S. aureus,constant_5C,44.6,5.0,2.0
S. aureus,constant_5C,44.800000000000004,5.0,2.0
S. aureus,constant_5C,45.0,5.0,2.0
S. aureus,constant_5C,45.2,5.0,2.0
S. aureus,constant_5C,45.400000000000006,5.0,2.0
S. aureus,constant_5C,45.6,5.0,2.0
S. aureus,constant_5C,45.800000000000004,5.0,2.0
S. aureus,constant_5C,46.0,5.0,2.0
S. aureus,constant_5C,46.2,5.0,2.0
S. aureus,constant_5C,46.400000000000006,5.0,2.0
S. aureus,constant_5C,46.6,5.0,2.0
S. aureus,constant_5C,46.800000000000004,5.0,2.0
S. aureus,constant_5C,47.0,5.0,2.0
S. aureus,constant_5C,47.2,5.0,2.0
S. aureus,constant_5C,47.400000000000006,5.0,2.0
S. aureus,constant_5C,47.6,5.0,2.0
S. aureus,constant_5C,47.800000000000004,5.0,2.0
S. aureus,constant_5C,48.0,5.0,2.0
S. aureus,constant_10C,0.0,10.0,2.0
S. aureus,constant_10C,0.2,10.0,2.0001606884486693
S. aureus,constant_10C,0.4,10.0,2.0003215420970513
S. aureus,constant_10C,0.6000000000000001,10.0,2.0004825610882597
S. aureus,constant_10C,0.8,10.0,2.000643745565475
S. aureus,constant_10C,1.0,10.0,2.000805095671948
S. aureus,constant_10C,1.2000000000000002,10.0,2.000966611550998
S. aureus,constant_10C,1.4000000000000001,10.0,2.0011282933460124
S. aureus,constant_10C,1.6,10.0,2.0012901412004482
S. aureus,constant_10C,1.8,10.0,2.001452155257831
S. aureus,constant_10C,2.0,10.0,2.0016143356617535
S. aureus,constant_10C,2.2,10.0,2.001776682555879
S. aureus,constant_10C,2.4000000000000004,10.0,2.0019391960839363
S. aureus,constant_10C,2.6,10.0,2.0021018763897254
S. aureus,constant_10C,2.8000000000000003,10.0,2.0022647236171123
S. aureus,constant_10C,3.0,10.0,2.0024277379100317
S. aureus,constant_10C,3.2,10.0,2.0025909194124867
S. aureus,constant_10C,3.4000000000000004,10.0,2.0027542682685477
S. aureus,constant_10C,3.6,10.0,2.0029177846223534
S. aureus,constant_10C,3.8000000000000003,10.0,2.0030814686181095
S. aureus,constant_10C,4.0,10.0,2.0032453204000897
S. aureus,constant_10C,4.2,10.0,2.003409340112636
S. aureus,constant_10C,4.4,10.0,2.0035735279001567
S. aureus,constant_10C,4.6000000000000005,10.0,2.003737883907127
S. aureus,constant_10C,4.800000000000001,10.0,2.003902408278092
S. aureus,constant_10C,5.0,10.0,2.0040671011576605
S. aureus,constant_10C,5.2,10.0,2.004231962690511
S. aureus,constant_10C,5.4,10.0,2.004396993021388
S. aureus,constant_10C,5.6000000000000005,10.0,2.004562192295103
S. aureus,constant_10C,5.800000000000001,10.0,2.004727560656534
S. aureus,constant_10C,6.0,10.0,2.004893098250626
S. aureus,constant_10C,6.2,10.0,2.005058805222391
S. aureus,constant_10C,6.4,10.0,2.0052246817169075
S. aureus,constant_10C,6.6000000000000005,10.0,2.0053907278793193
S. aureus,constant_10C,6.800000000000001,10.0,2.005556943854838
S. aureus,constant_10C,7.0,10.0,2.005723329788741
S. aureus,constant_10C,7.2,10.0,2.005889885826371
S. aureus,constant_10C,7.4,10.0,2.006056612113139
S. aureus,constant_10C,7.6000000000000005,10.0,2.0062235087945193
S. aureus,constant_10C,7.800000000000001,10.0,2.0063905760160536
S. aureus,constant_10C,8.0,10.0,2.006557813923349
S. aureus,constant_10C,8.200000000000001,10.0,2.0067252226620793
S. aureus,constant_10C,8.4,10.0,2.0068928023779824
S. aureus,constant_10C,8.6,10.0,2.0070605532168617
S. aureus,constant_10C,8.8,10.0,2.007228475324588
S. aureus,constant_10C,9.0,10.0,2.007396568847096
S. aureus,constant_10C,9.200000000000001,10.0,2.0075648339303847
S. aureus,constant_10C,9.4,10.0,2.0077332707205207
S. aureus,constant_10C,9.600000000000001,10.0,2.007901879363633
S. aureus,constant_10C,9.8,10.0,2.0080706600059175
S. aureus,constant_10C,10.0,10.0,2.0082396127936346
S. aureus,constant_10C,10.200000000000001,10.0,2.0084087378731086
S. aureus,constant_10C,10.4,10.0,2.008578035390729
S. aureus,constant_10C,10.600000000000001,10.0,2.0087475054929502
S. aureus,constant_10C,10.8,10.0,2.00891714832629
S. aureus,constant_10C,11.0,10.0,2.0090869640373326
S. aureus,constant_10C,11.200000000000001,10.0,2.0092569527727235
S. aureus,constant_10C,11.4,10.0,2.0094271146791747
S. aureus,constant_10C,11.600000000000001,10.0,2.0095974499034623
S. aureus,constant_10C,11.8,10.0,2.009767958592425
S. aureus,constant_10C,12.0,10.0,2.009938640892966
S. aureus,constant_10C,12.200000000000001,10.0,2.010109496952052
S. aureus,constant_10C,12.4,10.0,2.010280526916714
S. aureus,constant_10C,12.600000000000001,10.0,2.0104517309340464
S. aureus,constant_10C,12.8,10.0,2.0106231091512066
S. aureus,constant_10C,13.0,10.0,2.010794661715416
S. aureus,constant_10C,13.200000000000001,10.0,2.010966388773958
S. aureus,constant_10C,13.4,10.0,2.0111382904741815
S. aureus,constant_10C,13.600000000000001,10.0,2.011310366963496
S. aureus,constant_10C,13.8,10.0,2.0114826183893753
S. aureus,constant_10C,14.0,10.0,2.011655044899356
S. aureus,constant_10C,14.200000000000001,10.0,2.0118276466410374
S. aureus,constant_10C,14.4,10.0,2.0120004237620805
S. aureus,constant_10C,14.600000000000001,10.0,2.0121733764102103
S. aureus,constant_10C,14.8,10.0,2.012346504733213
S. aureus,constant_10C,15.0,10.0,2.0125198088789378
S. aureus,constant_10C,15.200000000000001,10.0,2.012693288995297
S. aureus,constant_10C,15.4,10.0,2.012866945230263
S. aureus,constant_10C,15.600000000000001,10.0,2.0130407777318715
S. aureus,constant_10C,15.8,10.0,2.0132147866482204
S. aureus,constant_10C,16.0,10.0,2.0133889721274687
S. aureus,constant_10C,16.2,10.0,2.0135633343178365
S. aureus,constant_10C,16.400000000000002,10.0,2.0137378733676083
S. aureus,constant_10C,16.6,10.0,2.013912589425126
S. aureus,constant_10C,16.8,10.0,2.0140874826387964
S. aureus,constant_10C,17.0,10.0,2.014262553157086
S. aureus,constant_10C,17.2,10.0,2.014437801128522
S. aureus,constant_10C,17.400000000000002,10.0,2.014613226701694
S. aureus,constant_10C,17.6,10.0,2.014788830025252
S. aureus,constant_10C,17.8,10.0,2.0149646112479065
S. aureus,constant_10C,18.0,10.0,2.015140570518429
S. aureus,constant_10C,18.2,10.0,2.0153167079856513
S. aureus,constant_10C,18.400000000000002,10.0,2.0154930237984665
S. aureus,constant_10C,18.6,10.0,2.0156695181058275
S. aureus,constant_10C,18.8,10.0,2.015846191056748
S. aureus,constant_10C,19.0,10.0,2.016023042800301
S. aureus,constant_10C,19.200000000000003,10.0,2.0162000734856207
S. aureus,constant_10C,19.400000000000002,10.0,2.0163772832619005
S. aureus,constant_10C,19.6,10.0,2.0165546722783936
S. aureus,constant_10C,19.8,10.0,2.016732240684413
S. aureus,constant_10C,20.0,10.0,2.0169099886293327
S. aureus,constant_10C,20.200000000000003,10.0,2.017087916262584
S. aureus,constant_10C,20.400000000000002,10.0,2.017266023733659
S. aureus,constant_10C,20.6,10.0,2.0174443111921088
S. aureus,constant_10C,20.8,10.0,2.0176227787875436
S. aureus,constant_10C,21.0,10.0,2.017801426669633
S. aureus,constant_10C,21.200000000000003,10.0,2.0179802549881045
S. aureus,constant_10C,21.400000000000002,10.0,2.0181592638927466
S. aureus,constant_10C,21.6,10.0,2.0183384535334037
S. aureus,constant_10C,21.8,10.0,2.0185178240599817
S. aureus,constant_10C,22.0,10.0,2.0186973756224424
S. aureus,constant_10C,22.200000000000003,10.0,2.0188771083708072
S. aureus,constant_10C,22.400000000000002,10.0,2.019057022455157
S. aureus,constant_10C,22.6,10.0,2.019237118025628
S. aureus,constant_10C,22.8,10.0,2.019417395232417
S. aureus,constant_10C,23.0,10.0,2.019597854225777
S. aureus,constant_10C,23.200000000000003,10.0,2.0197784951560203
S. aureus,constant_10C,23.400000000000002,10.0,2.019959318173515
S. aureus,constant_10C,23.6,10.0,2.020140323428689
S. aureus,constant_10C,23.8,10.0,2.020321511072027
S. aureus,constant_10C,24.0,10.0,2.020502881254069
S. aureus,constant_10C,24.200000000000003,10.0,2.020684434125414
S. aureus,constant_10C,24.400000000000002,10.0,2.0208661698367187
S. aureus,constant_10C,24.6,10.0,2.0210480885386954
S. aureus,constant_10C,24.8,10.0,2.021230190382114
S. aureus,constant_10C,25.0,10.0,2.021412475517801
S. aureus,constant_10C,25.200000000000003,10.0,2.0215949440966394
S. aureus,constant_10C,25.400000000000002,10.0,2.0217775962695685
S. aureus,constant_10C,25.6,10.0,2.0219604321875835
S. aureus,constant_10C,25.8,10.0,2.022143452001738
S. aureus,constant_10C,26.0,10.0,2.0223266558631394
S. aureus,constant_10C,26.200000000000003,10.0,2.022510043922953
S. aureus,constant_10C,26.400000000000002,10.0,2.022693616332397
S. aureus,constant_10C,26.6,10.0,2.0228773732427485
S. aureus,constant_10C,26.8,10.0,2.0230613148053394
S. aureus,constant_10C,27.0,10.0,2.0232454411715564
S. aureus,constant_10C,27.200000000000003,10.0,2.0234297524928415
S. aureus,constant_10C,27.400000000000002,10.0,2.0236142489206936
S. aureus,constant_10C,27.6,10.0,2.0237989306066644
S. aureus,constant_10C,27.8,10.0,2.0239837977023627
S. aureus,constant_10C,28.0,10.0,2.024168850359451
S. aureus,constant_10C,28.200000000000003,10.0,2.0243540887296465
S. aureus,constant_10C,28.400000000000002,10.0,2.0245395129647217
S. aureus,constant_10C,28.6,10.0,2.0247251232165038
S. aureus,constant_10C,28.8,10.0,2.024910919636873
S. aureus,constant_10C,29.0,10.0,2.0250969023777654
S. aureus,constant_10C,29.200000000000003,10.0,2.0252830715911703
S. aureus,constant_10C,29.400000000000002,10.0,2.0254694274291314
S. aureus,constant_10C,29.6,10.0,2.025655970043746
S. aureus,constant_10C,29.8,10.0,2.025842699587166
S. aureus,constant_10C,30.0,10.0,2.0260296162115954
S. aureus,constant_10C,30.200000000000003,10.0,2.026216720069292
S. aureus,constant_10C,30.400000000000002,10.0,2.026404011312569
S. aureus,constant_10C,30.6,10.0,2.0265914900937902
S. aureus,constant_10C,30.8,10.0,2.026779156565375
S. aureus,constant_10C,31.0,10.0,2.026967010879793
S. aureus,constant_10C,31.200000000000003,10.0,2.027155053189569
S. aureus,constant_10C,31.400000000000002,10.0,2.027343283647279
S. aureus,constant_10C,31.6,10.0,2.027531702405553
S. aureus,constant_10C,31.8,10.0,2.027720309617072
S. aureus,constant_10C,32.0,10.0,2.0279091054345706
S. aureus,constant_10C,32.2,10.0,2.0280980900108347
S. aureus,constant_10C,32.4,10.0,2.028287263498703
S. aureus,constant_10C,32.6,10.0,2.028476626051065
S. aureus,constant_10C,32.800000000000004,10.0,2.0286661778208637
S. aureus,constant_10C,33.0,10.0,2.028855918961092
S. aureus,constant_10C,33.2,10.0,2.029045849624796
S. aureus,constant_10C,33.4,10.0,2.0292359699650717
S. aureus,constant_10C,33.6,10.0,2.029426280135067
S. aureus,constant_10C,33.800000000000004,10.0,2.0296167802879816
S. aureus,constant_10C,34.0,10.0,2.0298074705770652
S. aureus,constant_10C,34.2,10.0,2.0299983511556188
S. aureus,constant_10C,34.4,10.0,2.030189422176994
S. aureus,constant_10C,34.6,10.0,2.0303806837945935
S. aureus,constant_10C,34.800000000000004,10.0,2.030572136161869
S. aureus,constant_10C,35.0,10.0,2.030763779432325
S. aureus,constant_10C,35.2,10.0,2.0309556137595135
S. aureus,constant_10C,35.4,10.0,2.0311476392970387
S. aureus,constant_10C,35.6,10.0,2.031339856198554
S. aureus,constant_10C,35.800000000000004,10.0,2.031532264617761
S. aureus,constant_10C,36.0,10.0,2.031724864708414
S. aureus,constant_10C,36.2,10.0,2.031917656624314
S. aureus,constant_10C,36.4,10.0,2.0321106405193134
S. aureus,constant_10C,36.6,10.0,2.0323038165473117
S. aureus,constant_10C,36.800000000000004,10.0,2.03249718486226
S. aureus,constant_10C,37.0,10.0,2.032690745618156
S. aureus,constant_10C,37.2,10.0,2.032884498969049
S. aureus,constant_10C,37.4,10.0,2.0330784450690333
S. aureus,constant_10C,37.6,10.0,2.0332725840722543
S. aureus,constant_10C,37.800000000000004,10.0,2.0334669161329053
S. aureus,constant_10C,38.0,10.0,2.0336614414052283
S. aureus,constant_10C,38.2,10.0,2.0338561600435114
S. aureus,constant_10C,38.400000000000006,10.0,2.0340510722020935
S. aureus,constant_10C,38.6,10.0,2.0342461780353593
S. aureus,constant_10C,38.800000000000004,10.0,2.034441477697741
S. aureus,constant_10C,39.0,10.0,2.03463697134372
S. aureus,constant_10C,39.2,10.0,2.0348326591278236
S. aureus,constant_10C,39.400000000000006,10.0,2.035028541204628
S. aureus,constant_10C,39.6,10.0,2.035224617728754
S. aureus,constant_10C,39.800000000000004,10.0,2.0354208888548717
S. aureus,constant_10C,40.0,10.0,2.035617354737697
S. aureus,constant_10C,40.2,10.0,2.035814015531992
S. aureus,constant_10C,40.400000000000006,10.0,2.0360108713925666
S. aureus,constant_10C,40.6,10.0,2.0362079224742757
S. aureus,constant_10C,40.800000000000004,10.0,2.0364051689320215
S. aureus,constant_10C,41.0,10.0,2.0366026109207516
S. aureus,constant_10C,41.2,10.0,2.0368002485954606
S. aureus,constant_10C,41.400000000000006,10.0,2.036998082111187
S. aureus,constant_10C,41.6,10.0,2.0371961116230164
S. aureus,constant_10C,41.800000000000004,10.0,2.03739433728608
S. aureus,constant_10C,42.0,10.0,2.0375927592555536
S. aureus,constant_10C,42.2,10.0,2.037791377686659
S. aureus,constant_10C,42.400000000000006,10.0,2.0379901927346618
S. aureus,constant_10C,42.6,10.0,2.0381892045548735
S. aureus,constant_10C,42.800000000000004,10.0,2.03838841330265
S. aureus,constant_10C,43.0,10.0,2.0385878191333924
S. aureus,constant_10C,43.2,10.0,2.0387874222025455
S. aureus,constant_10C,43.400000000000006,10.0,2.0389872226655985
S. aureus,constant_10C,43.6,10.0,2.0391872206780857
S. aureus,constant_10C,43.800000000000004,10.0,2.0393874163955834
S. aureus,constant_10C,44.0,10.0,2.039587809973714
S. aureus,constant_10C,44.2,10.0,2.0397884015681425
S. aureus,constant_10C,44.400000000000006,10.0,2.039989191334577
S. aureus,constant_10C,44.6,10.0,2.040190179428771
S. aureus,constant_10C,44.800000000000004,10.0,2.0403913660065176
S. aureus,constant_10C,45.0,10.0,2.040592751223657
S. aureus,constant_10C,45.2,10.0,2.040794335236069
S. aureus,constant_10C,45.400000000000006,10.0,2.0409961181996796
S. aureus,constant_10C,45.6,10.0,2.0411981002704542
S. aureus,constant_10C,45.800000000000004,10.0,2.0414002816044023
S. aureus,constant_10C,46.0,10.0,2.0416026623575756
S. aureus,constant_10C,46.2,10.0,2.0418052426860673
S. aureus,constant_10C,46.400000000000006,10.0,2.0420080227460145
S. aureus,constant_10C,46.6,10.0,2.0422110026935933
S. aureus,constant_10C,46.800000000000004,10.0,2.0424141826850244
S. aureus,constant_10C,47.0,10.0,2.042617562876567
S. aureus,constant_10C,47.2,10.0,2.0428211434245247
S. aureus,constant_10C,47.400000000000006,10.0,2.0430249244852403
S. aureus,constant_10C,47.6,10.0,2.0432289062150986
S. aureus,constant_10C,47.800000000000004,10.0,2.0434330887705245
S. aureus,constant_10C,48.0,10.0,2.0436374723079846
S. aureus,constant_15C,0.0,15.0,2.0
S. aureus,constant_15C,0.2,15.0,2.000980081560398
S. aureus,constant_15C,0.4,15.0,2.0019663036495103
S. aureus,constant_15C,0.6000000000000001,15.0,2.0029586986037624
S. aureus,constant_15C,0.8,15.0,2.0039572988528778
S. aureus,constant_15C,1.0,15.0,2.004962136919151
S. aureus,constant_15C,1.2000000000000002,15.0,2.0059732454167123
S. aureus,constant_15C,1.4000000000000001,15.0,2.006990657050768
S. aureus,constant_15C,1.6,15.0,2.0080144046168353
S. aureus,constant_15C,1.8,15.0,2.0090445209999577
S. aureus,constant_15C,2.0,15.0,2.0100810391739032
S. aureus,constant_15C,2.2,15.0,2.011123992200351
S. aureus,constant_15C,2.4000000000000004,15.0,2.0121734132280613
S. aureus,constant_15C,2.6,15.0,2.013229335492029
S. aureus,constant_15C,2.8000000000000003,15.0,2.014291792312624
S. aureus,constant_15C,3.0,15.0,2.0153608170947113
S. aureus,constant_15C,3.2,15.0,2.0164364433267608
S. aureus,constant_15C,3.4000000000000004,15.0,2.017518704579939
S. aureus,constant_15C,3.6,15.0,2.018607634507182
S. aureus,constant_15C,3.8000000000000003,15.0,2.0197032668422588
S. aureus,constant_15C,4.0,15.0,2.020805635398813
S. aureus,constant_15C,4.2,15.0,2.021914774069391
S. aureus,constant_15C,4.4,15.0,2.0230307168244526
S. aureus,constant_15C,4.6000000000000005,15.0,2.0241534977113673
S. aureus,constant_15C,4.800000000000001,15.0,2.0252831508533924
S. aureus,constant_15C,5.0,15.0,2.0264197104486374
S. aureus,constant_15C,5.2,15.0,2.027563210769007
S. aureus,constant_15C,5.4,15.0,2.028713686159133
S. aureus,constant_15C,5.6000000000000005,15.0,2.0298711710352877
S. aureus,constant_15C,5.800000000000001,15.0,2.031035699884278
S. aureus,constant_15C,6.0,15.0,2.032207307262328
S. aureus,constant_15C,6.2,15.0,2.03338602779394
S. aureus,constant_15C,6.4,15.0,2.034571896170743
S. aureus,constant_15C,6.6000000000000005,15.0,2.035764947150319
S. aureus,constant_15C,6.800000000000001,15.0,2.0369652155550177
S. aureus,constant_15C,7.0,15.0,2.0381727362707536
S. aureus,constant_15C,7.2,15.0,2.039387544245782
S. aureus,constant_15C,7.4,15.0,2.0406096744894624
S. aureus,constant_15C,7.6000000000000005,15.0,2.0418391620710037
S. aureus,constant_15C,7.800000000000001,15.0,2.04307604211819
S. aureus,constant_15C,8.0,15.0,2.044320349816093
S. aureus,constant_15C,8.200000000000001,15.0,2.045572120405765
S. aureus,constant_15C,8.4,15.0,2.0468313891829157
S. aureus,constant_15C,8.6,15.0,2.0480981914965715
S. aureus,constant_15C,8.8,15.0,2.0493725627477155
S. aureus,constant_15C,9.0,15.0,2.0506545383879167
S. aureus,constant_15C,9.200000000000001,15.0,2.0519441539179324
S. aureus,constant_15C,9.4,15.0,2.0532414448863037
S. aureus,constant_15C,9.600000000000001,15.0,2.0545464468879238
S. aureus,constant_15C,9.8,15.0,2.0558591955625993
S. aureus,constant_15C,10.0,15.0,2.0571797265935836
S. aureus,constant_15C,10.200000000000001,15.0,2.0585080757061025
S. aureus,constant_15C,10.4,15.0,2.059844278665856
S. aureus,constant_15C,10.600000000000001,15.0,2.0611883712775074
S. aureus,constant_15C,10.8,15.0,2.06254038938315
S. aureus,constant_15C,11.0,15.0,2.0639003688607636
S. aureus,constant_15C,11.200000000000001,15.0,2.065268345622647
S. aureus,constant_15C,11.4,15.0,2.066644355613837
S. aureus,constant_15C,11.600000000000001,15.0,2.0680284348105102
S. aureus,constant_15C,11.8,15.0,2.0694206192183664
S. aureus,constant_15C,12.0,15.0,2.070820944870995
S. aureus,constant_15C,12.200000000000001,15.0,2.0722294478282266
S. aureus,constant_15C,12.4,15.0,2.0736461641744635
S. aureus,constant_15C,12.600000000000001,15.0,2.0750711300169975
S. aureus,constant_15C,12.8,15.0,2.076504381484308
S. aureus,constant_15C,13.0,15.0,2.0779459547243437
S. aureus,constant_15C,13.200000000000001,15.0,2.0793958859027892
S. aureus,constant_15C,13.4,15.0,2.0808542112013115
S. aureus,constant_15C,13.600000000000001,15.0,2.0823209668157925
S. aureus,constant_15C,13.8,15.0,2.083796188954545
S. aureus,constant_15C,14.0,15.0,2.085279913836512
S. aureus,constant_15C,14.200000000000001,15.0,2.0867721776894435
S. aureus,constant_15C,14.4,15.0,2.0882730167480705
S. aureus,constant_15C,14.600000000000001,15.0,2.0897824672522445
S. aureus,constant_15C,14.8,15.0,2.0913005654450796
S. aureus,constant_15C,15.0,15.0,2.0928273475710637
S. aureus,constant_15C,15.200000000000001,15.0,2.0943628498741598
S. aureus,constant_15C,15.4,15.0,2.095907108595892
S. aureus,constant_15C,15.600000000000001,15.0,2.097460159973414
S. aureus,constant_15C,15.8,15.0,2.099022040237562
S. aureus,constant_15C,16.0,15.0,2.1005927856108917
S. aureus,constant_15C,16.2,15.0,2.102172432305699
S. aureus,constant_15C,16.400000000000002,15.0,2.1037610165220286
S. aureus,constant_15C,16.6,15.0,2.1053585744456638
S. aureus,constant_15C,16.8,15.0,2.1069651422461018
S. aureus,constant_15C,17.0,15.0,2.108580756074515
S. aureus,constant_15C,17.2,15.0,2.1102054520616957
S. aureus,constant_15C,17.400000000000002,15.0,2.1118392663159886
S. aureus,constant_15C,17.6,15.0,2.113482234921207
S. aureus,constant_15C,17.8,15.0,2.11513439393453
S. aureus,constant_15C,18.0,15.0,2.1167957793843986
S. aureus,constant_15C,18.2,15.0,2.1184664272683795
S. aureus,constant_15C,18.400000000000002,15.0,2.120146373551032
S. aureus,constant_15C,18.6,15.0,2.1218356541617474
S. aureus,constant_15C,18.8,15.0,2.1235343049925834
S. aureus,constant_15C,19.0,15.0,2.1252423618960816
S. aureus,constant_15C,19.200000000000003,15.0,2.1269598606830726
S. aureus,constant_15C,19.400000000000002,15.0,2.128686837120466
S. aureus,constant_15C,19.6,15.0,2.13042332692903
S. aureus,constant_15C,19.8,15.0,2.132169365781157
S. aureus,constant_15C,20.0,15.0,2.1339249892986154
S. aureus,constant_15C,20.200000000000003,15.0,2.1356902330502927
S. aureus,constant_15C,20.400000000000002,15.0,2.1374651325499214
S. aureus,constant_15C,20.6,15.0,2.1392497232537964
S. aureus,constant_15C,20.8,15.0,2.14104404055848
S. aureus,constant_15C,21.0,15.0,2.1428481197984954
S. aureus,constant_15C,21.200000000000003,15.0,2.1446619962440074
S. aureus,constant_15C,21.400000000000002,15.0,2.146485705098494
S. aureus,constant_15C,21.6,15.0,2.148319281496405
S. aureus,constant_15C,21.8,15.0,2.1501627605008142
S. aureus,constant_15C,22.0,15.0,2.1520161771010535
S. aureus,constant_15C,22.200000000000003,15.0,2.1538795662103456
S. aureus,constant_15C,22.400000000000002,15.0,2.155752962663423
S. aureus,constant_15C,22.6,15.0,2.1576364012141327
S. aureus,constant_15C,22.8,15.0,2.159529916533041
S. aureus,constant_15C,23.0,15.0,2.161433543205021
S. aureus,constant_15C,23.200000000000003,15.0,2.163347315726838
S. aureus,constant_15C,23.400000000000002,15.0,2.165271268504717
S. aureus,constant_15C,23.6,15.0,2.1672054358519137
S. aureus,constant_15C,23.8,15.0,2.1691498519862678
S. aureus,constant_15C,24.0,15.0,2.171104551027754
S. aureus,constant_15C,24.200000000000003,15.0,2.1730695669960216
S. aureus,constant_15C,24.400000000000002,15.0,2.1750449338079334
S. aureus,constant_15C,24.6,15.0,2.1770306852750885
S. aureus,constant_15C,24.8,15.0,2.179026855101348
S. aureus,constant_15C,25.0,15.0,2.181033476880346
S. aureus,constant_15C,25.200000000000003,15.0,2.183050584093004
S. aureus,constant_15C,25.400000000000002,15.0,2.185078210105028
S. aureus,constant_15C,25.6,15.0,2.187116388164412
S. aureus,constant_15C,25.8,15.0,2.189165151398929
S. aureus,constant_15C,26.0,15.0,2.191224532813621
S. aureus,constant_15C,26.200000000000003,15.0,2.19329456528828
S. aureus,constant_15C,26.400000000000002,15.0,2.195375281574934
S. aureus,constant_15C,26.6,15.0,2.1974667142953175
S. aureus,constant_15C,26.8,15.0,2.199568895938351
S. aureus,constant_15C,27.0,15.0,2.201681858857607
S. aureus,constant_15C,27.200000000000003,15.0,2.203805635268779
S. aureus,constant_15C,27.400000000000002,15.0,2.2059402572471485
S. aureus,constant_15C,27.6,15.0,2.2080857567250476
S. aureus,constant_15C,27.8,15.0,2.2102421654893223
S. aureus,constant_15C,28.0,15.0,2.2124095151787913
S. aureus,constant_15C,28.200000000000003,15.0,2.2145878372817096
S. aureus,constant_15C,28.400000000000002,15.0,2.2167771631332247
S. aureus,constant_15C,28.6,15.0,2.2189775239128395
S. aureus,constant_15C,28.8,15.0,2.2211889506418703
S. aureus,constant_15C,29.0,15.0,2.2234114741809092
S. aureus,constant_15C,29.200000000000003,15.0,2.225645125227283
S. aureus,constant_15C,29.400000000000002,15.0,2.227889934312522
S. aureus,constant_15C,29.6,15.0,2.230145931799818
S. aureus,constant_15C,29.8,15.0,2.2324131478814984
S. aureus,constant_15C,30.0,15.0,2.2346916125764906
S. aureus,constant_15C,30.200000000000003,15.0,2.236981355727799
S. aureus,constant_15C,30.400000000000002,15.0,2.2392824069999797
S. aureus,constant_15C,30.6,15.0,2.24159479587662
S. aureus,constant_15C,30.8,15.0,2.2439185516578246
S. aureus,constant_15C,31.0,15.0,2.2462537034577035
S. aureus,constant_15C,31.200000000000003,15.0,2.2486002802018663
S. aureus,constant_15C,31.400000000000002,15.0,2.2509583106249216
S. aureus,constant_15C,31.6,15.0,2.253327823267981
S. aureus,constant_15C,31.8,15.0,2.2557088464761743
S. aureus,constant_15C,32.0,15.0,2.258101408396163
S. aureus,constant_15C,32.2,15.0,2.2605055369736693
S. aureus,constant_15C,32.4,15.0,2.262921259951007
S. aureus,constant_15C,32.6,15.0,2.265348604864621
S. aureus,constant_15C,32.800000000000004,15.0,2.2677875990426406
S. aureus,constant_15C,33.0,15.0,2.27023826960243
S. aureus,constant_15C,33.2,15.0,2.272700643448164
S. aureus,constant_15C,33.4,15.0,2.275174747268396
S. aureus,constant_15C,33.6,15.0,2.2776606075336487
S. aureus,constant_15C,33.800000000000004,15.0,2.2801582504940114
S. aureus,constant_15C,34.0,15.0,2.2826677021767443
S. aureus,constant_15C,34.2,15.0,2.285188988383901
S. aureus,constant_15C,34.4,15.0,2.287722134689956
S. aureus,constant_15C,34.6,15.0,2.2902671664394494
S. aureus,constant_15C,34.800000000000004,15.0,2.2928241087446404
S. aureus,constant_15C,35.0,15.0,2.295392986483176
S. aureus,constant_15C,35.2,15.0,2.297973824295773
S. aureus,constant_15C,35.4,15.0,2.3005666465839116
S. aureus,constant_15C,35.6,15.0,2.303171477507547
S. aureus,constant_15C,35.800000000000004,15.0,2.3057883409828306
S. aureus,constant_15C,36.0,15.0,2.3084172606798514
S. aureus,constant_15C,36.2,15.0,2.3110582600203897
S. aureus,constant_15C,36.4,15.0,2.313711362175686
S. aureus,constant_15C,36.6,15.0,2.316376590064231
S. aureus,constant_15C,36.800000000000004,15.0,2.3190539663495646
S. aureus,constant_15C,37.0,15.0,2.3217435134381
S. aureus,constant_15C,37.2,15.0,2.324445253476961
S. aureus,constant_15C,37.4,15.0,2.3271592083518344
S. aureus,constant_15C,37.6,15.0,2.32988539968485
S. aureus,constant_15C,37.800000000000004,15.0,2.332623848832469
S. aureus,constant_15C,38.0,15.0,2.3353745768833982
S. aureus,constant_15C,38.2,15.0,2.3381376046565223
S. aureus,constant_15C,38.400000000000006,15.0,2.340912952698853
S. aureus,constant_15C,38.6,15.0,2.3437006412835046
S. aureus,constant_15C,38.800000000000004,15.0,2.346500690407685
S. aureus,constant_15C,39.0,15.0,2.3493131197907076
S. aureus,constant_15C,39.2,15.0,2.352137948872031
S. aureus,constant_15C,39.400000000000006,15.0,2.354975196809314
S. aureus,constant_15C,39.6,15.0,2.357824882476496
S. aureus,constant_15C,39.800000000000004,15.0,2.360687024461898
S. aureus,constant_15C,40.0,15.0,2.3635616410663505
S. aureus,constant_15C,40.2,15.0,2.3664487503013416
S. aureus,constant_15C,40.400000000000006,15.0,2.3693483698871884
S. aureus,constant_15C,40.6,15.0,2.372260517251235
S. aureus,constant_15C,40.800000000000004,15.0,2.375185209526076
S. aureus,constant_15C,41.0,15.0,2.378122463547798
S. aureus,constant_15C,41.2,15.0,2.381072295854258
S. aureus,constant_15C,41.400000000000006,15.0,2.384034722683372
S. aureus,constant_15C,41.6,15.0,2.387009759971448
S. aureus,constant_15C,41.800000000000004,15.0,2.389997423351527
S. aureus,constant_15C,42.0,15.0,2.392997728151765
S. aureus,constant_15C,42.2,15.0,2.396010689393832
S. aureus,constant_15C,42.400000000000006,15.0,2.399036321791347
S. aureus,constant_15C,42.6,15.0,2.402074639748331
S. aureus,constant_15C,42.800000000000004,15.0,2.4051256573576953
S. aureus,constant_15C,43.0,15.0,2.408189388399758
S. aureus,constant_15C,43.2,15.0,2.411265846340782
S. aureus,constant_15C,43.400000000000006,15.0,2.4143550443315505
S. aureus,constant_15C,43.6,15.0,2.4174569952059657
S. aureus,constant_15C,43.800000000000004,15.0,2.4205717114796803
S. aureus,constant_15C,44.0,15.0,2.4236992053487567
S. aureus,constant_15C,44.2,15.0,2.4268394886883575
S. aureus,constant_15C,44.400000000000006,15.0,2.4299925730514658
S. aureus,constant_15C,44.6,15.0,2.4331584696676334
S. aureus,constant_15C,44.800000000000004,15.0,2.4363371894417676
S. aureus,constant_15C,45.0,15.0,2.4395287429529398
S. aureus,constant_15C,45.2,15.0,2.442733140453231
S. aureus,constant_15C,45.400000000000006,15.0,2.445950391866606
S. aureus,constant_15C,45.6,15.0,2.449180506787824
S. aureus,constant_15C,45.800000000000004,15.0,2.452423494481375
S. aureus,constant_15C,46.0,15.0,2.455679363880452
S. aureus,constant_15C,46.2,15.0,2.458948123585956
S. aureus,constant_15C,46.400000000000006,15.0,2.4622297818655334
S. aureus,constant_15C,46.6,15.0,2.4655243466526446
S. aureus,constant_15C,46.800000000000004,15.0,2.468831825545665
S. aureus,constant_15C,47.0,15.0,2.4721522258070254
S. aureus,constant_15C,47.2,15.0,2.4754855543623786
S. aureus,constant_15C,47.400000000000006,15.0,2.4788318177998034
S. aureus,constant_15C,47.6,15.0,2.4821910223690407
S. aureus,constant_15C,47.800000000000004,15.0,2.4855631739807658
S. aureus,constant_15C,48.0,15.0,2.4889482782058927
S. aureus,constant_20C,0.0,20.0,2.0
S. aureus,constant_20C,0.2,20.0,2.0025040245931836
S. aureus,constant_20C,0.4,20.0,2.0050480700675886
S. aureus,constant_20C,0.6000000000000001,20.0,2.007632671483133
S. aureus,constant_20C,0.8,20.0,2.0102583677030776
S. aureus,constant_20C,1.0,20.0,2.0129257013108965
S. aureus,constant_20C,1.2000000000000002,20.0,2.0156352185230206
S. aureus,constant_20C,1.4000000000000001,20.0,2.0183874690973997
S. aureus,constant_20C,1.6,20.0,2.021183006237824
S. aureus,constant_20C,1.8,20.0,2.024022386493949
S. aureus,constant_20C,2.0,20.0,2.0269061696569786
S. aureus,constant_20C,2.2,20.0,2.029834918650954
S. aureus,constant_20C,2.4000000000000004,20.0,2.0328091994196096
S. aureus,constant_20C,2.6,20.0,2.0358295808087403
S. aureus,constant_20C,2.8000000000000003,20.0,2.0388966344440678
S. aureus,constant_20C,3.0,20.0,2.042010934604546
S. aureus,constant_20C,3.2,20.0,2.0451730580910965
S. aureus,constant_20C,3.4000000000000004,20.0,2.048383584090735
S. aureus,constant_20C,3.6,20.0,2.0516430940360793
S. aureus,constant_20C,3.8000000000000003,20.0,2.054952171460212
S. aureus,constant_20C,4.0,20.0,2.0583114018469
S. aureus,constant_20C,4.2,20.0,2.0617213724761525
S. aureus,constant_20C,4.4,20.0,2.0651826722651205
S. aureus,constant_20C,4.6000000000000005,20.0,2.068695891604354
S. aureus,constant_20C,4.800000000000001,20.0,2.0722616221894055
S. aureus,constant_20C,5.0,20.0,2.0758804568478233
S. aureus,constant_20C,5.2,20.0,2.079552989361528
S. aureus,constant_20C,5.4,20.0,2.083279814284631
S. aureus,constant_20C,5.6000000000000005,20.0,2.087061526756705
S. aureus,constant_20C,5.800000000000001,20.0,2.0908987223115654
S. aureus,constant_20C,6.0,20.0,2.0947919966816038
S. aureus,constant_20C,6.2,20.0,2.0987419455977294
S. aureus,constant_20C,6.4,20.0,2.102749164584987
S. aureus,constant_20C,6.6000000000000005,20.0,2.1068142487539134
S. aureus,constant_20C,6.800000000000001,20.0,2.1109377925877153
S. aureus,constant_20C,7.0,20.0,2.1151203897253543
S. aureus,constant_20C,7.2,20.0,2.1193626327406254
S. aureus,constant_20C,7.4,20.0,2.1236651129173354
S. aureus,constant_20C,7.6000000000000005,20.0,2.1280284200206885
S. aureus,constant_20C,7.800000000000001,20.0,2.132453142064991
S. aureus,constant_20C,8.0,20.0,2.1369398650777973
S. aureus,constant_20C,8.200000000000001,20.0,2.1414891728606436
S. aureus,constant_20C,8.4,20.0,2.1461016467464846
S. aureus,constant_20C,8.6,20.0,2.1507778653540015
S. aureus,constant_20C,8.8,20.0,2.1555184043389257
S. aureus,constant_20C,9.0,20.0,2.160323836142544
S. aureus,constant_20C,9.200000000000001,20.0,2.165194729737559
S. aureus,constant_20C,9.4,20.0,2.1701316503714754
S. aureus,constant_20C,9.600000000000001,20.0,2.1751351593077115
S. aureus,constant_20C,9.8,20.0,2.180205813564614
S. aureus,constant_20C,10.0,20.0,2.1853441656525945
S. aureus,constant_20C,10.200000000000001,20.0,2.1905507633095804
S. aureus,constant_20C,10.4,20.0,2.195826149235005
S. aureus,constant_20C,10.600000000000001,20.0,2.2011708608225615
S. aureus,constant_20C,10.8,20.0,2.206585429891941
S. aureus,constant_20C,11.0,20.0,2.2120703824197987
S. aureus,constant_20C,11.200000000000001,20.0,2.217626238270185
S. aureus,constant_20C,11.4,20.0,2.223253510924692
S. aureus,constant_20C,11.600000000000001,20.0,2.2289527072125708
S. aureus,constant_20C,11.8,20.0,2.2347243270410697
S. aureus,constant_20C,12.0,20.0,2.240568863126268
S. aureus,constant_20C,12.200000000000001,20.0,2.2464868007246688
S. aureus,constant_20C,12.4,20.0,2.2524786173658153
S. aureus,constant_20C,12.600000000000001,20.0,2.258544782586226
S. aureus,constant_20C,12.8,20.0,2.2646857576649047
S. aureus,constant_20C,13.0,20.0,2.270901995360728
S. aureus,constant_20C,13.200000000000001,20.0,2.277193939651981
S. aureus,constant_20C,13.4,20.0,2.2835620254783366
S. aureus,constant_20C,13.600000000000001,20.0,2.2900066784855655
S. aureus,constant_20C,13.8,20.0,2.296528314773255
S. aureus,constant_20C,14.0,20.0,2.3031273406458475
S. aureus,constant_20C,14.200000000000001,20.0,2.3098041523672683
S. aureus,constant_20C,14.4,20.0,2.316559135919441
S. aureus,constant_20C,14.600000000000001,20.0,2.3233926667649767
S. aureus,constant_20C,14.8,20.0,2.330305109614327
S. aureus,constant_20C,15.0,20.0,2.337296818197673
S. aureus,constant_20C,15.200000000000001,20.0,2.3443681350418473
S. aureus,constant_20C,15.4,20.0,2.3515193912525496
S. aureus,constant_20C,15.600000000000001,20.0,2.3587509063021446
S. aureus,constant_20C,15.8,20.0,2.3660629878232986
S. aureus,constant_20C,16.0,20.0,2.3734559314087282
S. aureus,constant_20C,16.2,20.0,2.3809300204173094
S. aureus,constant_20C,16.400000000000002,20.0,2.388485525786809
S. aureus,constant_20C,16.6,20.0,2.3961227058534744
S. aureus,constant_20C,16.8,20.0,2.403841806178725
S. aureus,constant_20C,17.0,20.0,2.4116430593831657
S. aureus,constant_20C,17.2,20.0,2.419526684988163
S. aureus,constant_20C,17.400000000000002,20.0,2.4274928892651664
S. aureus,constant_20C,17.6,20.0,2.4355418650930076
S. aureus,constant_20C,17.8,20.0,2.4436737918233487
S. aureus,constant_20C,18.0,20.0,2.4518888351544694
S. aureus,constant_20C,18.2,20.0,2.4601871470135688
S. aureus,constant_20C,18.400000000000002,20.0,2.468568865447736
S. aureus,constant_20C,18.6,20.0,2.4770341145237356
S. aureus,constant_20C,18.8,20.0,2.4855830042367555
S. aureus,constant_20C,19.0,20.0,2.494215630428232
S. aureus,constant_20C,19.200000000000003,20.0,2.5029320747128634
S. aureus,constant_20C,19.400000000000002,20.0,2.5117324044149245
S. aureus,constant_20C,19.6,20.0,2.5206166725139445
S. aureus,constant_20C,19.8,20.0,2.529584917599845
S. aureus,constant_20C,20.0,20.0,2.538637163837581
S. aureus,constant_20C,20.200000000000003,20.0,2.5477734209413367
S. aureus,constant_20C,20.400000000000002,20.0,2.556993684158306
S. aureus,constant_20C,20.6,20.0,2.5662979342620753
S. aureus,constant_20C,20.8,20.0,2.5756861375556173
S. aureus,constant_20C,21.0,20.0,2.585158245883873
S. aureus,constant_20C,21.200000000000003,20.0,2.594714196655916
S. aureus,constant_20C,21.400000000000002,20.0,2.604353912876644
S. aureus,constant_20C,21.6,20.0,2.6140773031879574
S. aureus,constant_20C,21.8,20.0,2.6238842619193568
S. aureus,constant_20C,22.0,20.0,2.63377466914788
S. aureus,constant_20C,22.200000000000003,20.0,2.6437483907672825
S. aureus,constant_20C,22.400000000000002,20.0,2.6538052785663684
S. aureus,constant_20C,22.6,20.0,2.6639451703163437
S. aureus,constant_20C,22.8,20.0,2.67416788986706
S. aureus,constant_20C,23.0,20.0,2.6844732472520203
S. aureus,constant_20C,23.200000000000003,20.0,2.694861038801977
S. aureus,constant_20C,23.400000000000002,20.0,2.705331047266964
S. aureus,constant_20C,23.6,20.0,2.715883041946587
S. aureus,constant_20C,23.8,20.0,2.72651677882838
S. aureus,constant_20C,24.0,20.0,2.7372320007340374
S. aureus,constant_20C,24.200000000000003,20.0,2.748028437473304
S. aureus,constant_20C,24.400000000000002,20.0,2.75890580600531
S. aureus,constant_20C,24.6,20.0,2.7698638106071414
S. aureus,constant_20C,24.8,20.0,2.780902143049377
S. aureus,constant_20C,25.0,20.0,2.7920204827783857
S. aureus,constant_20C,25.200000000000003,20.0,2.803218497105114
S. aureus,constant_20C,25.400000000000002,20.0,2.8144958414001158
S. aureus,constant_20C,25.6,20.0,2.8258521592945587
S. aureus,constant_20C,25.8,20.0,2.837287082886945
S. aureus,constant_20C,26.0,20.0,2.8488002329552704
S. aureus,constant_20C,26.200000000000003,20.0,2.8603912191743417
S. aureus,constant_20C,26.400000000000002,20.0,2.8720596403379823
S. aureus,constant_20C,26.6,20.0,2.8838050845858296
S. aureus,constant_20C,26.8,20.0,2.895627129634444
S. aureus,constant_20C,27.0,20.0,2.907525343012443
S. aureus,constant_20C,27.200000000000003,20.0,2.919499282299363
S. aureus,constant_20C,27.400000000000002,20.0,2.931548495367965
S. aureus,constant_20C,27.6,20.0,2.9436725206296823
S. aureus,constant_20C,27.8,20.0,2.955870887282931
S. aureus,constant_20C,28.0,20.0,2.968143115563982
S. aureus,constant_20C,28.200000000000003,20.0,2.9804887170001058
S. aureus,constant_20C,28.400000000000002,20.0,2.9929071946647103
S. aureus,constant_20C,28.6,20.0,3.00539804343417
S. aureus,constant_20C,28.8,20.0,3.017960750246075
S. aureus,constant_20C,29.0,20.0,3.0305947943586147
S. aureus,constant_20C,29.200000000000003,20.0,3.0432996476108216
S. aureus,constant_20C,29.400000000000002,20.0,3.0560747746833887
S. aureus,constant_20C,29.6,20.0,3.068919633359815
S. aureus,constant_20C,29.8,20.0,3.0818336747875916
S. aureus,constant_20C,30.0,20.0,3.09481634373918
S. aureus,constant_20C,30.200000000000003,20.0,3.1078670788725278
S. aureus,constant_20C,30.400000000000002,20.0,3.1209853129908693
S. aureus,constant_20C,30.6,20.0,3.1341704733015745
S. aureus,constant_20C,30.8,20.0,3.147421981673802
S. aureus,constant_20C,31.0,20.0,3.1607392548947324
S. aureus,constant_20C,31.200000000000003,20.0,3.1741217049241586
S. aureus,constant_20C,31.400000000000002,20.0,3.1875687391472094
S. aureus,constant_20C,31.6,20.0,3.2010797606250114
S. aureus,constant_20C,31.8,20.0,3.214654168343071
S. aureus,constant_20C,32.0,20.0,3.2282913574571936
S. aureus,constant_20C,32.2,20.0,3.241990719536752
S. aureus,constant_20C,32.4,20.0,3.255751642805115
S. aureus,constant_20C,32.6,20.0,3.269573512377083
S. aureus,constant_20C,32.800000000000004,20.0,3.2834557104931474
S. aureus,constant_20C,33.0,20.0,3.29739761675043
S. aureus,constant_20C,33.2,20.0,3.311398608330157
S. aureus,constant_20C,33.4,20.0,3.3254580602215107
S. aureus,constant_20C,33.6,20.0,3.3395753454417525
S. aureus,constant_20C,33.800000000000004,20.0,3.3537498352524677
S. aureus,constant_20C,34.0,20.0,3.367980899371832
S. aureus,constant_20C,34.2,20.0,3.382267906182794
S. aureus,constant_20C,34.4,20.0,3.3966102229370474
S. aureus,constant_20C,34.6,20.0,3.411007215954739
S. aureus,constant_20C,34.800000000000004,20.0,3.425458250819787
S. aureus,constant_20C,35.0,20.0,3.439962692570762
S. aureus,constant_20C,35.2,20.0,3.4545199058872473
S. aureus,constant_20C,35.4,20.0,3.469129255271603
S. aureus,constant_20C,35.6,20.0,3.483790105226108
S. aureus,constant_20C,35.800000000000004,20.0,3.4985018204253953
S. aureus,constant_20C,36.0,20.0,3.513263765884162
S. aureus,constant_20C,36.2,20.0,3.528075307120109
S. aureus,constant_20C,36.4,20.0,3.5429358103120734
S. aureus,constant_20C,36.6,20.0,3.5578446424533445
S. aureus,constant_20C,36.800000000000004,20.0,3.572801171500134
S. aureus,constant_20C,37.0,20.0,3.587804766515186
S. aureus,constant_20C,37.2,20.0,3.6028547978065397
S. aureus,constant_20C,37.4,20.0,3.617950637061411
S. aureus,constant_20C,37.6,20.0,3.633091657475235
S. aureus,constant_20C,37.800000000000004,20.0,3.648277233875841
S. aureus,constant_20C,38.0,20.0,3.6635067428428103
S. aureus,constant_20C,38.2,20.0,3.6787795628220046
S. aureus,constant_20C,38.400000000000006,20.0,3.6940950742353054
S. aureus,constant_20C,38.6,20.0,3.709452659585588
S. aureus,constant_20C,38.800000000000004,20.0,3.7248517035569657
S. aureus,constant_20C,39.0,20.0,3.740291593110321
S. aureus,constant_20C,39.2,20.0,3.7557717175741905
S. aureus,constant_20C,39.400000000000006,20.0,3.7712914687310266
S. aureus,constant_20C,39.6,20.0,3.7868502408988793
S. aureus,constant_20C,39.800000000000004,20.0,3.8024474310085687
S. aureus,constant_20C,40.0,20.0,3.8180824386763645
S. aureus,constant_20C,40.2,20.0,3.8337546662722666
S. aureus,constant_20C,40.400000000000006,20.0,3.849463518983907
S. aureus,constant_20C,40.6,20.0,3.865208404876157
S. aureus,constant_20C,40.800000000000004,20.0,3.8809887349464898
S. aureus,constant_20C,41.0,20.0,3.8968039231761558
S. aureus,constant_20C,41.2,20.0,3.9126533865772544
S. aureus,constant_20C,41.400000000000006,20.0,3.928536545235742
S. aureus,constant_20C,41.6,20.0,3.944452822350474
S. aureus,constant_20C,41.800000000000004,20.0,3.9604016442683165
S. aureus,constant_20C,42.0,20.0,3.976382440515429
S. aureus,constant_20C,42.2,20.0,3.992394643824771
S. aureus,constant_20C,42.400000000000006,20.0,4.008437690159904
S. aureus,constant_20C,42.6,20.0,4.0245110187351685
S. aureus,constant_20C,42.800000000000004,20.0,4.0406140720323185
S. aureus,constant_20C,43.0,20.0,4.0567462958136575
S. aureus,constant_20C,43.2,20.0,4.07290713913178
S. aureus,constant_20C,43.400000000000006,20.0,4.089096054335982
S. aureus,constant_20C,43.6,20.0,4.10531249707541
S. aureus,constant_20C,43.800000000000004,20.0,4.121555926299033
S. aureus,constant_20C,44.0,20.0,4.137825804252503
S. aureus,constant_20C,44.2,20.0,4.154121596471987
S. aureus,constant_20C,44.400000000000006,20.0,4.170442771775035
S. aureus,constant_20C,44.6,20.0,4.186788802248569
S. aureus,constant_20C,44.800000000000004,20.0,4.203159163234062
S. aureus,constant_20C,45.0,20.0,4.219553333309969
S. aureus,constant_20C,45.2,20.0,4.23597079427151
S. aureus,constant_20C,45.400000000000006,20.0,4.252411031107845
S. aureus,constant_20C,45.6,20.0,4.268873531976733
S. aureus,constant_20C,45.800000000000004,20.0,4.285357788176747
S. aureus,constant_20C,46.0,20.0,4.3018632941171
S. aureus,constant_20C,46.2,20.0,4.3183895472851574
S. aureus,constant_20C,46.400000000000006,20.0,4.3349360482117225
S. aureus,constant_20C,46.6,20.0,4.3515023004341264
S. aureus,constant_20C,46.800000000000004,20.0,4.368087810457229
S. aureus,constant_20C,47.0,20.0,4.384692087712362
S. aureus,constant_20C,47.2,20.0,4.401314644514303
S. aureus,constant_20C,47.400000000000006,20.0,4.417954996016339
S. aureus,constant_20C,47.6,20.0,4.43461266016346
S. aureus,constant_20C,47.800000000000004,20.0,4.451287157643798
S. aureus,constant_20C,48.0,20.0,4.467978011838303
S. aureus,constant_25C,0.0,25.0,2.0
S. aureus,constant_25C,0.2,25.0,2.0047528292969186
S. aureus,constant_25C,0.4,25.0,2.009649508975055
S. aureus,constant_25C,0.6000000000000001,25.0,2.014693654883321
S. aureus,constant_25C,0.8,25.0,2.0198889289506075
S. aureus,constant_25C,1.0,25.0,2.0252390369890727
S. aureus,constant_25C,1.2000000000000002,25.0,2.0307477263058513
S. aureus,constant_25C,1.4000000000000001,25.0,2.03641878311892
S. aureus,constant_25C,1.6,25.0,2.042256029773373
S. aureus,constant_25C,1.8,25.0,2.048263321754921
S. aureus,constant_25C,2.0,25.0,2.0544445444980646
S. aureus,constant_25C,2.2,25.0,2.0608036099870812
S. aureus,constant_25C,2.4000000000000004,25.0,2.0673444531487117
S. aureus,constant_25C,2.6,25.0,2.074071028036247
S. aureus,constant_25C,2.8000000000000003,25.0,2.0809873038056
S. aureus,constant_25C,3.0,25.0,2.0880972604848553
S. aureus,constant_25C,3.2,25.0,2.0954048845398
S. aureus,constant_25C,3.4000000000000004,25.0,2.1029141642389613
S. aureus,constant_25C,3.6,25.0,2.110629084822779
S. aureus,constant_25C,3.8000000000000003,25.0,2.118553623482661
S. aureus,constant_25C,4.0,25.0,2.126691744156858
S. aureus,constant_25C,4.2,25.0,2.135047392151282
S. aureus,constant_25C,4.4,25.0,2.1436244885946385
S. aureus,constant_25C,4.6000000000000005,25.0,2.1524269247384917
S. aureus,constant_25C,4.800000000000001,25.0,2.161458556114117
S. aureus,constant_25C,5.0,25.0,2.1707231965592935
S. aureus,constant_25C,5.2,25.0,2.1802246121293973
S. aureus,constant_25C,5.4,25.0,2.189966514908416
S. aureus,constant_25C,5.6000000000000005,25.0,2.1999525567366702
S. aureus,constant_25C,5.800000000000001,25.0,2.2101863228732084
S. aureus,constant_25C,6.0,25.0,2.2206713256119137
S. aureus,constant_25C,6.2,25.0,2.2314109978714005
S. aureus,constant_25C,6.4,25.0,2.2424086867797253
S. aureus,constant_25C,6.6000000000000005,25.0,2.2536676472757833
S. aureus,constant_25C,6.800000000000001,25.0,2.2651910357500253
S. aureus,constant_25C,7.0,25.0,2.2769819037477523
S. aureus,constant_25C,7.2,25.0,2.289043191758761
S. aureus,constant_25C,7.4,25.0,2.3013777231174797
S. aureus,constant_25C,7.6000000000000005,25.0,2.313988198037971
S. aureus,constant_25C,7.800000000000001,25.0,2.3268771878082313
S. aureus,constant_25C,8.0,25.0,2.340047129168147
S. aureus,constant_25C,8.200000000000001,25.0,2.3535003188952026
S. aureus,constant_25C,8.4,25.0,2.3672389086216143
S. aureus,constant_25C,8.6,25.0,2.381264899905974
S. aureus,constant_25C,8.8,25.0,2.3955801395817073
S. aureus,constant_25C,9.0,25.0,2.4101863154037297
S. aureus,constant_25C,9.200000000000001,25.0,2.425084952013566
S. aureus,constant_25C,9.4,25.0,2.4402774072419464
S. aureus,constant_25C,9.600000000000001,25.0,2.45576486876646
S. aureus,constant_25C,9.8,25.0,2.471548351140296
S. aureus,constant_25C,10.0,25.0,2.4876286932063953
S. aureus,constant_25C,10.200000000000001,25.0,2.504006555909526
S. aureus,constant_25C,10.4,25.0,2.520682420516852
S. aureus,constant_25C,10.600000000000001,25.0,2.5376565872555874
S. aureus,constant_25C,10.8,25.0,2.5549291743741747
S. aureus,constant_25C,11.0,25.0,2.5725001176313476
S. aureus,constant_25C,11.200000000000001,25.0,2.5903691702151894
S. aureus,constant_25C,11.4,25.0,2.608535903092135
S. aureus,constant_25C,11.600000000000001,25.0,2.626999705783639
S. aureus,constant_25C,11.8,25.0,2.6457597875660395
S. aureus,constant_25C,12.0,25.0,2.6648151790870154
S. aureus,constant_25C,12.200000000000001,25.0,2.6841647343899275
S. aureus,constant_25C,12.4,25.0,2.7038071333353177
S. aureus,constant_25C,12.600000000000001,25.0,2.723740884406915
S. aureus,constant_25C,12.8,25.0,2.743964327887678
S. aureus,constant_25C,13.0,25.0,2.7644756393896954
S. aureus,constant_25C,13.200000000000001,25.0,2.7852728337202026
S. aureus,constant_25C,13.4,25.0,2.8063537690645566
S. aureus,constant_25C,13.600000000000001,25.0,2.8277161514657307
S. aureus,constant_25C,13.8,25.0,2.849357539578792
S. aureus,constant_25C,14.0,25.0,2.871275349677873
S. aureus,constant_25C,14.200000000000001,25.0,2.893466860892397
S. aureus,constant_25C,14.4,25.0,2.915929220648683
S. aureus,constant_25C,14.600000000000001,25.0,2.938659450292674
S. aureus,constant_25C,14.8,25.0,2.9616544508692195
S. aureus,constant_25C,15.0,25.0,2.984911009033305
S. aureus,constant_25C,15.200000000000001,25.0,3.0084258030686417
S. aureus,constant_25C,15.4,25.0,3.0321954089892778
S. aureus,constant_25C,15.600000000000001,25.0,3.056216306700251
S. aureus,constant_25C,15.8,25.0,3.0804848861938106
S. aureus,constant_25C,16.0,25.0,3.1049974537583545
S. aureus,constant_25C,16.2,25.0,3.12975023817799
S. aureus,constant_25C,16.400000000000002,25.0,3.1547393969014594
S. aureus,constant_25C,16.6,25.0,3.1799610221601355
S. aureus,constant_25C,16.8,25.0,3.2054111470157913
S. aureus,constant_25C,17.0,25.0,3.2310857513199576
S. aureus,constant_25C,17.2,25.0,3.2569807675678244
S. aureus,constant_25C,17.400000000000002,25.0,3.2830920866308246
S. aureus,constant_25C,17.6,25.0,3.3094155633532765
S. aureus,constant_25C,17.8,25.0,3.3359470219997003
S. aureus,constant_25C,18.0,25.0,3.362682261540666
S. aureus,constant_25C,18.2,25.0,3.3896170607663083
S. aureus,constant_25C,18.400000000000002,25.0,3.4167471832178746
S. aureus,constant_25C,18.6,25.0,3.444068381928901
S. aureus,constant_25C,18.8,25.0,3.4715764039688266
S. aureus,constant_25C,19.0,25.0,3.4992669947830026
S. aureus,constant_25C,19.200000000000003,25.0,3.527135902324219
S. aureus,constant_25C,19.400000000000002,25.0,3.5551788809719116
S. aureus,constant_25C,19.6,25.0,3.583391695236311
S. aureus,constant_25C,19.8,25.0,3.6117701232457105
S. aureus,constant_25C,20.0,25.0,3.6403099600160234
S. aureus,constant_25C,20.200000000000003,25.0,3.669007020502626
S. aureus,constant_25C,20.400000000000002,25.0,3.6978571424353186
S. aureus,constant_25C,20.6,25.0,3.7268561889379868
S. aureus,constant_25C,20.8,25.0,3.7560000509352167
S. aureus,constant_25C,21.0,25.0,3.78528464934877
S. aureus,constant_25C,21.200000000000003,25.0,3.814705937087387
S. aureus,constant_25C,21.400000000000002,25.0,3.844259900833879
S. aureus,constant_25C,21.6,25.0,3.873942562633959
S. aureus,constant_25C,21.8,25.0,3.9037499812916168
S. aureus,constant_25C,22.0,25.0,3.93367825357622
S. aureus,constant_25C,22.200000000000003,25.0,3.9637235152467967
S. aureus,constant_25C,22.400000000000002,25.0,3.993881941899202
S. aureus,constant_25C,22.6,25.0,4.024149749642084
S. aureus,constant_25C,22.8,25.0,4.054523195607685
S. aureus,constant_25C,23.0,25.0,4.0849985783036695
S. aureus,constant_25C,23.200000000000003,25.0,4.115572237812221
S. aureus,constant_25C,23.400000000000002,25.0,4.146240555842691
S. aureus,constant_25C,23.6,25.0,4.176999955644127
S. aureus,constant_25C,23.8,25.0,4.207846901783944
S. aureus,constant_25C,24.0,25.0,4.238777899798993
S. aureus,constant_25C,24.200000000000003,25.0,4.269789495725221
S. aureus,constant_25C,24.400000000000002,25.0,4.300878275511999
S. aureus,constant_25C,24.6,25.0,4.332040864327128
S. aureus,constant_25C,24.8,25.0,4.363273925758392
S. aureus,constant_25C,25.0,25.0,4.394574160917415
S. aureus,constant_25C,25.200000000000003,25.0,4.425938307451419
S. aureus,constant_25C,25.400000000000002,25.0,4.457363138468354
S. aureus,constant_25C,25.6,25.0,4.488845461380699
S. aureus,constant_25C,25.8,25.0,4.520382116673097
S. aureus,constant_25C,26.0,25.0,4.551969976598783
S. aureus,constant_25C,26.200000000000003,25.0,4.583605943809661
S. aureus,constant_25C,26.400000000000002,25.0,4.615286949924669
S. aureus,constant_25C,26.6,25.0,4.647009954040953
S. aureus,constant_25C,26.8,25.0,4.678771941192198
S. aureus,constant_25C,27.0,25.0,4.710569920758285
S. aureus,constant_25C,27.200000000000003,25.0,4.74240092483037
S. aureus,constant_25C,27.400000000000002,25.0,4.774262006535251
S. aureus,constant_25C,27.6,25.0,4.806150238322828
S. aureus,constant_25C,27.8,25.0,4.83806271022029
S. aureus,constant_25C,28.0,25.0,4.8699965280565864
S. aureus,constant_25C,28.200000000000003,25.0,4.901948811660585
S. aureus,constant_25C,28.400000000000002,25.0,4.933916693036266
S. aureus,constant_25C,28.6,25.0,4.965897314518211
S. aureus,constant_25C,28.8,25.0,4.9978878269105165
S. aureus,constant_25C,29.0,25.0,5.029885387612288
S. aureus,constant_25C,29.200000000000003,25.0,5.061887158732722
S. aureus,constant_25C,29.400000000000002,25.0,5.093890305198824
S. aureus,constant_25C,29.6,25.0,5.125891992858715
S. aureus,constant_25C,29.8,25.0,5.157889386583518
S. aureus,constant_25C,30.0,25.0,5.189879648370743
S. aureus,constant_25C,30.200000000000003,25.0,5.221859935452186
S. aureus,constant_25C,30.400000000000002,25.0,5.253827398409274
S. aureus,constant_25C,30.6,25.0,5.285779179298908
S. aureus,constant_25C,30.8,25.0,5.317712409792825
S. aureus,constant_25C,31.0,25.0,5.349624209333616
S. aureus,constant_25C,31.200000000000003,25.0,5.381511683310545
S. aureus,constant_25C,31.400000000000002,25.0,5.413371921258449
S. aureus,constant_25C,31.6,25.0,5.445201995083026
S. aureus,constant_25C,31.8,25.0,5.476998957315941
S. aureus,constant_25C,32.0,25.0,5.508759839403339
S. aureus,constant_25C,32.2,25.0,5.540481650031348
S. aureus,constant_25C,32.4,25.0,5.572161373492402
S. aureus,constant_25C,32.6,25.0,5.603795968096293
S. aureus,constant_25C,32.800000000000004,25.0,5.635382364629991
S. aureus,constant_25C,33.0,25.0,5.666917464870425
S. aureus,constant_25C,33.2,25.0,5.698398140154621
S. aureus,constant_25C,33.4,25.0,5.729821230011649
S. aureus,constant_25C,33.6,25.0,5.761183540861094
S. aureus,constant_25C,33.800000000000004,25.0,5.7924818447828414
S. aureus,constant_25C,34.0,25.0,5.823712878363217
S. aureus,constant_25C,34.2,25.0,5.854873341622585
S. aureus,constant_25C,34.4,25.0,5.885959897029729
S. aureus,constant_25C,34.6,25.0,5.916969168608525
S. aureus,constant_25C,34.800000000000004,25.0,5.947897741142442
S. aureus,constant_25C,35.0,25.0,5.978742159482684
S. aureus,constant_25C,35.2,25.0,6.009498927965843
S. aureus,constant_25C,35.4,25.0,6.0401645099470205
S. aureus,constant_25C,35.6,25.0,6.070735327454588
S. aureus,constant_25C,35.800000000000004,25.0,6.101207760972704
S. aureus,constant_25C,36.0,25.0,6.131578149357867
S. aureus,constant_25C,36.2,25.0,6.161842789895804
S. aureus,constant_25C,36.4,25.0,6.191997938504963
S. aureus,constant_25C,36.6,25.0,6.222039810092937
S. aureus,constant_25C,36.800000000000004,25.0,6.251964579072043
S. aureus,constant_25C,37.0,25.0,6.281768380040235
S. aureus,constant_25C,37.2,25.0,6.311447308633419
S. aureus,constant_25C,37.4,25.0,6.3409974225550165
S. aureus,constant_25C,37.6,25.0,6.370414742788554
S. aureus,constant_25C,37.800000000000004,25.0,6.39969525499865
S. aureus,constant_25C,38.0,25.0,6.428834911125616
S. aureus,constant_25C,38.2,25.0,6.457829631178466
S. aureus,constant_25C,38.400000000000006,25.0,6.486675305230743
S. aureus,constant_25C,38.6,25.0,6.515367795623134
S. aureus,constant_25C,38.800000000000004,25.0,6.5439029393763315
S. aureus,constant_25C,39.0,25.0,6.57227655081699
S. aureus,constant_25C,39.2,25.0,6.600484424419065
S. aureus,constant_25C,39.400000000000006,25.0,6.628522337862059
S. aureus,constant_25C,39.6,25.0,6.656386055306982
S. aureus,constant_25C,39.800000000000004,25.0,6.684071330890043
S. aureus,constant_25C,40.0,25.0,6.711573912433138
S. aureus,constant_25C,40.2,25.0,6.738889545369376
S. aureus,constant_25C,40.400000000000006,25.0,6.766013976880785
S. aureus,constant_25C,40.6,25.0,6.792942960244407
S. aureus,constant_25C,40.800000000000004,25.0,6.8196722593818135
S. aureus,constant_25C,41.0,25.0,6.846197653605999
S. aureus,constant_25C,41.2,25.0,6.8725149425584116
S. aureus,constant_25C,41.400000000000006,25.0,6.898619951327689
S. aureus,constant_25C,41.6,25.0,6.924508535740414
S. aureus,constant_25C,41.800000000000004,25.0,6.950176587813027
S. aureus,constant_25C,42.0,25.0,6.975620041352642
S. aureus,constant_25C,42.2,25.0,7.0008348776934435
S. aureus,constant_25C,42.400000000000006,25.0,7.025817131553906
S. aureus,constant_25C,42.6,25.0,7.0505628969990175
S. aureus,constant_25C,42.800000000000004,25.0,7.0750683334903774
S. aureus,constant_25C,43.0,25.0,7.099329672005969
S. aureus,constant_25C,43.2,25.0,7.123343221210291
S. aureus,constant_25C,43.400000000000006,25.0,7.147105373654493
S. aureus,constant_25C,43.6,25.0,7.1706126119852645
S. aureus,constant_25C,43.800000000000004,25.0,7.19386151514034
S. aureus,constant_25C,44.0,25.0,7.21684876450774
S. aureus,constant_25C,44.2,25.0,7.239571150025301
S. aureus,constant_25C,44.400000000000006,25.0,7.262025576196436
S. aureus,constant_25C,44.6,25.0,7.284209067997836
S. aureus,constant_25C,44.800000000000004,25.0,7.306118776654505
S. aureus,constant_25C,45.0,25.0,7.327751985257485
S. aureus,constant_25C,45.2,25.0,7.349106114199774
S. aureus,constant_25C,45.400000000000006,25.0,7.3701787264061345
S. aureus,constant_25C,45.6,25.0,7.3909675323329544
S. aureus,constant_25C,45.800000000000004,25.0,7.411470394714955
S. aureus,constant_25C,46.0,25.0,7.431685333036245
S. aureus,constant_25C,46.2,25.0,7.451610527704254
S. aureus,constant_25C,46.400000000000006,25.0,7.471244323906117
S. aureus,constant_25C,46.6,25.0,7.490585235128408
S. aureus,constant_25C,46.800000000000004,25.0,7.5096319463225
S. aureus,constant_25C,47.0,25.0,7.528383316699448
S. aureus,constant_25C,47.2,25.0,7.546838382139975
S. aureus,constant_25C,47.400000000000006,25.0,7.564996357206933
S. aureus,constant_25C,47.6,25.0,7.582856636749615
S. aureus,constant_25C,47.800000000000004,25.0,7.600418797091233
S. aureus,constant_25C,48.0,25.0,7.617682596793062
S. aureus,constant_30C,0.0,30.0,2.0
S. aureus,constant_30C,0.2,30.0,2.0077541806948713
S. aureus,constant_30C,0.4,30.0,2.0158900584506374
S. aureus,constant_30C,0.6000000000000001,30.0,2.0244230838964623
S. aureus,constant_30C,0.8,30.0,2.0333690032367677
S. aureus,constant_30C,1.0,30.0,2.042743830714708
S. aureus,constant_30C,1.2000000000000002,30.0,2.052563817528489
S. aureus,constant_30C,1.4000000000000001,30.0,2.062845417112368
S. aureus,constant_30C,1.6,30.0,2.073605246724797
S. aureus,constant_30C,1.8,30.0,2.0848600453214634
S. aureus,constant_30C,2.0,30.0,2.096626627730774
S. aureus,constant_30C,2.2,30.0,2.108921835193504
S. aureus,constant_30C,2.4000000000000004,30.0,2.121762482376542
S. aureus,constant_30C,2.6,30.0,2.1351653010224605
S. aureus,constant_30C,2.8000000000000003,30.0,2.14914688045143
S. aureus,constant_30C,3.0,30.0,2.1637236051889466
S. aureus,constant_30C,3.2,30.0,2.1789115900510683
S. aureus,constant_30C,3.4000000000000004,30.0,2.1947266130772727
S. aureus,constant_30C,3.6,30.0,2.211184046758373
S. aureus,constant_30C,3.8000000000000003,30.0,2.2282987880619003
S. aureus,constant_30C,4.0,30.0,2.2460851878085073
S. aureus,constant_30C,4.2,30.0,2.264556979998803
S. aureus,constant_30C,4.4,30.0,2.2837272117291487
S. aureus,constant_30C,4.6000000000000005,30.0,2.303608174365856
S. aureus,constant_30C,4.800000000000001,30.0,2.3242113366686294
S. aureus,constant_30C,5.0,30.0,2.345547280564812
S. aureus,constant_30C,5.2,30.0,2.367625640275044
S. aureus,constant_30C,5.4,30.0,2.390455045477586
S. aureus,constant_30C,5.6000000000000005,30.0,2.414043069172479
S. aureus,constant_30C,5.800000000000001,30.0,2.438396180867735
S. aureus,constant_30C,6.0,30.0,2.4635197056582174
S. aureus,constant_30C,6.2,30.0,2.4894177897044742
S. aureus,constant_30C,6.4,30.0,2.516093372544484
S. aureus,constant_30C,6.6000000000000005,30.0,2.5435481665875272
S. aureus,constant_30C,6.800000000000001,30.0,2.571782644047852
S. aureus,constant_30C,7.0,30.0,2.6007960314783882
S. aureus,constant_30C,7.2,30.0,2.630586311963735
S. aureus,constant_30C,7.4,30.0,2.6611502349291314
S. aureus,constant_30C,7.6000000000000005,30.0,2.6924833334205878
S. aureus,constant_30C,7.800000000000001,30.0,2.7245799486130236
S. aureus,constant_30C,8.0,30.0,2.7574332612102803
S. aureus,constant_30C,8.200000000000001,30.0,2.791035329315393
S. aureus,constant_30C,8.4,30.0,2.8253771322730694
S. aureus,constant_30C,8.6,30.0,2.8604486199205557
S. aureus,constant_30C,8.8,30.0,2.8962387666289704
S. aureus,constant_30C,9.0,30.0,2.9327356294755385
S. aureus,constant_30C,9.200000000000001,30.0,2.969926409858334
S. aureus,constant_30C,9.4,30.0,3.0077975178491125
S. aureus,constant_30C,9.600000000000001,30.0,3.0463346385762793
S. aureus,constant_30C,9.8,30.0,3.0855227999383144
S. aureus,constant_30C,10.0,30.0,3.1253464409671743
S. aureus,constant_30C,10.200000000000001,30.0,3.165789480190123
S. aureus,constant_30C,10.4,30.0,3.2068353833758594
S. aureus,constant_30C,10.600000000000001,30.0,3.248467230095288
S. aureus,constant_30C,10.8,30.0,3.2906677785772875
S. aureus,constant_30C,11.0,30.0,3.333419528394008
S. aureus,constant_30C,11.200000000000001,30.0,3.3767047805670276
S. aureus,constant_30C,11.4,30.0,3.420505694743834
S. aureus,constant_30C,11.600000000000001,30.0,3.4648043431523146
S. aureus,constant_30C,11.8,30.0,3.509582761098063
S. aureus,constant_30C,12.0,30.0,3.554822993824486
S. aureus,constant_30C,12.200000000000001,30.0,3.6005071396080006
S. aureus,constant_30C,12.4,30.0,3.6466173890094744
S. aureus,constant_30C,12.600000000000001,30.0,3.693136060247989
S. aureus,constant_30C,12.8,30.0,3.7400456307035963
S. aureus,constant_30C,13.0,30.0,3.787328764591893
S. aureus,constant_30C,13.200000000000001,30.0,3.8349683368847547
S. aureus,constant_30C,13.4,30.0,3.8829474535786206
S. aureus,constant_30C,13.600000000000001,30.0,3.9312494684342933
S. aureus,constant_30C,13.8,30.0,3.9798579963306167
S. aureus,constant_30C,14.0,30.0,4.028756923388794
S. aureus,constant_30C,14.200000000000001,30.0,4.077930414034911
S. aureus,constant_30C,14.4,30.0,4.12736291517562
S. aureus,constant_30C,14.600000000000001,30.0,4.177039157666481
S. aureus,constant_30C,14.8,30.0,4.226944155254242
S. aureus,constant_30C,15.0,30.0,4.277063201173977
S. aureus,constant_30C,15.200000000000001,30.0,4.327381862579715
S. aureus,constant_30C,15.4,30.0,4.3778859729832575
S. aureus,constant_30C,15.600000000000001,30.0,4.428561622870796
S. aureus,constant_30C,15.8,30.0,4.479395148660798
S. aureus,constant_30C,16.0,30.0,4.5303731201598785
S. aureus,constant_30C,16.2,30.0,4.5814823266660865
S. aureus,constant_30C,16.400000000000002,30.0,4.632709761861586
S. aureus,constant_30C,16.6,30.0,4.684042607629202
S. aureus,constant_30C,16.8,30.0,4.735468216919975
S. aureus,constant_30C,17.0,30.0,4.786974095791717
S. aureus,constant_30C,17.2,30.0,4.838547884732014
S. aureus,constant_30C,17.400000000000002,30.0,4.890177339372959
S. aureus,constant_30C,17.6,30.0,4.941850310699392
S. aureus,constant_30C,17.8,30.0,4.9935547248477254
S. aureus,constant_30C,18.0,30.0,5.045278562588318
S. aureus,constant_30C,18.2,30.0,5.097009838581255
S. aureus,constant_30C,18.400000000000002,30.0,5.148736580493002
S. aureus,constant_30C,18.6,30.0,5.200446808059953
S. aureus,constant_30C,18.8,30.0,5.2521285121843375
S. aureus,constant_30C,19.0,30.0,5.30376963414829
S. aureus,constant_30C,19.200000000000003,30.0,5.355358045033128
S. aureus,constant_30C,19.400000000000002,30.0,5.4068815254330005
S. aureus,constant_30C,19.6,30.0,5.458327745555097
S. aureus,constant_30C,19.8,30.0,5.509684245802372
S. aureus,constant_30C,20.0,30.0,5.560938417939374
S. aureus,constant_30C,20.200000000000003,30.0,5.6120774869470935
S. aureus,constant_30C,20.400000000000002,30.0,5.66308849367867
S. aureus,constant_30C,20.6,30.0,5.713958278434375
S. aureus,constant_30C,20.8,30.0,5.76467346558122
S. aureus,constant_30C,21.0,30.0,5.815220449349864
S. aureus,constant_30C,21.200000000000003,30.0,5.865585380948981
S. aureus,constant_30C,21.400000000000002,30.0,5.9157541571447245
S. aureus,constant_30C,21.6,30.0,5.965712410460272
S. aureus,constant_30C,21.8,30.0,6.015445501157323
S. aureus,constant_30C,22.0,30.0,6.064938511167754
S. aureus,constant_30C,22.200000000000003,30.0,6.1141762401490185
S. aureus,constant_30C,22.400000000000002,30.0,6.16314320384107
S. aureus,constant_30C,22.6,30.0,6.211823634905355
S. aureus,constant_30C,22.8,30.0,6.2602014864272695
S. aureus,constant_30C,23.0,30.0,6.308260438262206
S. aureus,constant_30C,23.200000000000003,30.0,6.355983906401548
S. aureus,constant_30C,23.400000000000002,30.0,6.403355055528216
S. aureus,constant_30C,23.6,30.0,6.4503568149215225
S. aureus,constant_30C,23.8,30.0,6.4969718978574855
S. aureus,constant_30C,24.0,30.0,6.5431828246334645
S. aureus,constant_30C,24.200000000000003,30.0,6.588971949324341
S. aureus,constant_30C,24.400000000000002,30.0,6.63432149035157
S. aureus,constant_30C,24.6,30.0,6.679213564916015
S. aureus,constant_30C,24.8,30.0,6.723630227310387
S. aureus,constant_30C,25.0,30.0,6.767553511087641
S. aureus,constant_30C,25.200000000000003,30.0,6.810965475017752
S. aureus,constant_30C,25.400000000000002,30.0,6.853848252717345
S. aureus,constant_30C,25.6,30.0,6.896184105785149
S. aureus,constant_30C,25.8,30.0,6.937955480221665
S. aureus,constant_30C,26.0,30.0,6.97914506585473
S. aureus,constant_30C,26.200000000000003,30.0,7.019735858434618
S. aureus,constant_30C,26.400000000000002,30.0,7.059711224004013
S. aureus,constant_30C,26.6,30.0,7.099054965090961
S. aureus,constant_30C,26.8,30.0,7.137751388218022
S. aureus,constant_30C,27.0,30.0,7.175785372169599
S. aureus,constant_30C,27.200000000000003,30.0,7.213142436413503
S. aureus,constant_30C,27.400000000000002,30.0,7.2498088090335875
S. aureus,constant_30C,27.6,30.0,7.285771493499126
S. aureus,constant_30C,27.8,30.0,7.321018333574936
S. aureus,constant_30C,28.0,30.0,7.355538075665266
S. aureus,constant_30C,28.200000000000003,30.0,7.3893204278850355
S. aureus,constant_30C,28.400000000000002,30.0,7.422356115164968
S. aureus,constant_30C,28.6,30.0,7.454636929722906
S. aureus,constant_30C,28.8,30.0,7.486155776272082
S. aureus,constant_30C,29.0,30.0,7.51690671138834
S. aureus,constant_30C,29.200000000000003,30.0,7.546884976521241
S. aureus,constant_30C,29.400000000000002,30.0,7.576087024208027
S. aureus,constant_30C,29.6,30.0,7.6045105371328106
S. aureus,constant_30C,29.8,30.0,7.632154439764719
S. aureus,constant_30C,30.0,30.0,7.659018902405941
S. aureus,constant_30C,30.200000000000003,30.0,7.685105337581568
S. aureus,constant_30C,30.400000000000002,30.0,7.710416388805666
S. aureus,constant_30C,30.6,30.0,7.734955911859542
S. aureus,constant_30C,30.8,30.0,7.758728948816735
S. aureus,constant_30C,31.0,30.0,7.781741695142384
S. aureus,constant_30C,31.200000000000003,30.0,7.804001460280403
S. aureus,constant_30C,31.400000000000002,30.0,7.825516622218691
S. aureus,constant_30C,31.6,30.0,7.846296576588694
S. aureus,constant_30C,31.8,30.0,7.866351680910171
S. aureus,constant_30C,32.0,30.0,7.885693194634043
S. aureus,constant_30C,32.2,30.0,7.904333215665416
S. aureus,constant_30C,32.4,30.0,7.922284614065352
S. aureus,constant_30C,32.6,30.0,7.93956096363379
S. aureus,constant_30C,32.800000000000004,30.0,7.956176472068066
S. aureus,constant_30C,33.0,30.0,7.972145910372626
S. aureus,constant_30C,33.2,30.0,7.987484542166732
S. aureus,constant_30C,33.4,30.0,8.002208053499752
S. aureus,constant_30C,33.6,30.0,8.016332483739241
S. aureus,constant_30C,33.800000000000004,30.0,8.029874158047035
S. aureus,constant_30C,34.0,30.0,8.04284962190441
S. aureus,constant_30C,34.2,30.0,8.055275578090463
S. aureus,constant_30C,34.4,30.0,8.067168826459586
S. aureus,constant_30C,34.6,30.0,8.078546206805582
S. aureus,constant_30C,34.800000000000004,30.0,8.089424545042576
S. aureus,constant_30C,35.0,30.0,8.09982060287746
S. aureus,constant_30C,35.2,30.0,8.109751031096113
S. aureus,constant_30C,35.4,30.0,8.119232326536416
S. aureus,constant_30C,35.6,30.0,8.128280792775932
S. aureus,constant_30C,35.800000000000004,30.0,8.136912504521257
S. aureus,constant_30C,36.0,30.0,8.145143275649648
S. aureus,constant_30C,36.2,30.0,8.152988630821739
S. aureus,constant_30C,36.4,30.0,8.160463780556999
S. aureus,constant_30C,36.6,30.0,8.167583599640775
S. aureus,constant_30C,36.800000000000004,30.0,8.17436260871331
S. aureus,constant_30C,37.0,30.0,8.180814958876676
S. aureus,constant_30C,37.2,30.0,8.186954419144751
S. aureus,constant_30C,37.4,30.0,8.192794366554123
S. aureus,constant_30C,37.6,30.0,8.198347778749428
S. aureus,constant_30C,37.800000000000004,30.0,8.203627228855114
S. aureus,constant_30C,38.0,30.0,8.208644882446386
S. aureus,constant_30C,38.2,30.0,8.213412496434904
S. aureus,constant_30C,38.400000000000006,30.0,8.217941419689316
S. aureus,constant_30C,38.6,30.0,8.222242595216661
S. aureus,constant_30C,38.800000000000004,30.0,8.22632656373765
S. aureus,constant_30C,39.0,30.0,8.230203468496818
S. aureus,constant_30C,39.2,30.0,8.233883061156998
S. aureus,constant_30C,39.400000000000006,30.0,8.237374708636631
S. aureus,constant_30C,39.6,30.0,8.240687400757546
S. aureus,constant_30C,39.800000000000004,30.0,8.243829758580286
S. aureus,constant_30C,40.0,30.0,8.246810043313268
S. aureus,constant_30C,40.2,30.0,8.24963616569124
S. aureus,constant_30C,40.400000000000006,30.0,8.252315695727471
S. aureus,constant_30C,40.6,30.0,8.254855872752678
S. aureus,constant_30C,40.800000000000004,30.0,8.257263615661977
S. aureus,constant_30C,41.0,30.0,8.25954553329905
S. aureus,constant_30C,41.2,30.0,8.26170793491414
S. aureus,constant_30C,41.400000000000006,30.0,8.263756840639456
S. aureus,constant_30C,41.6,30.0,8.265697991932154
S. aureus,constant_30C,41.800000000000004,30.0,8.267536861941151
S. aureus,constant_30C,42.0,30.0,8.269278665759598
S. aureus,constant_30C,42.2,30.0,8.270928370530086
S. aureus,constant_30C,42.400000000000006,30.0,8.272490705374388
S. aureus,constant_30C,42.6,30.0,8.273970171123903
S. aureus,constant_30C,42.800000000000004,30.0,8.275371049830866
S. aureus,constant_30C,43.0,30.0,8.27669741404403
S. aureus,constant_30C,43.2,30.0,8.277953135835686
S. aureus,constant_30C,43.400000000000006,30.0,8.279141895569833
S. aureus,constant_30C,43.6,30.0,8.280267190403816
S. aureus,constant_30C,43.800000000000004,30.0,8.281332342518137
S. aureus,constant_30C,44.0,30.0,8.28234050707109
S. aureus,constant_30C,44.2,30.0,8.283294679876729
S. aureus,constant_30C,44.400000000000006,30.0,8.284197704806168
S. aureus,constant_30C,44.6,30.0,8.285052280913684
S. aureus,constant_30C,44.800000000000004,30.0,8.285860969290098
S. aureus,constant_30C,45.0,30.0,8.286626199647133
S. aureus,constant_30C,45.2,30.0,8.287350276637078
S. aureus,constant_30C,45.400000000000006,30.0,8.288035385913002
S. aureus,constant_30C,45.6,30.0,8.288683599935222
S. aureus,constant_30C,45.800000000000004,30.0,8.289296883530266
S. aureus,constant_30C,46.0,30.0,8.289877099208963
S. aureus,constant_30C,46.2,30.0,8.290426012250608
S. aureus,constant_30C,46.400000000000006,30.0,8.290945295560292
S. aureus,constant_30C,46.6,30.0,8.291436534306765
S. aureus,constant_30C,46.800000000000004,30.0,8.2919012303482
S. aureus,constant_30C,47.0,30.0,8.292340806453304
S. aureus,constant_30C,47.2,30.0,8.292756610325238
S. aureus,constant_30C,47.400000000000006,30.0,8.29314991843576
S. aureus,constant_30C,47.6,30.0,8.293521939676893
S. aureus,constant_30C,47.800000000000004,30.0,8.293873818837397
S. aureus,constant_30C,48.0,30.0,8.294206639911154
S. aureus,constant_37C,0.0,37.0,2.0
S. aureus,constant_37C,0.2,37.0,2.011187894089313
S. aureus,constant_37C,0.4,37.0,2.0231674849776877
S. aureus,constant_37C,0.6000000000000001,37.0,2.0359843056337117
S. aureus,constant_37C,0.8,37.0,2.0496850181497823
S. aureus,constant_37C,1.0,37.0,2.0643172276320114
S. aureus,constant_37C,1.2000000000000002,37.0,2.07992926518158
S. aureus,constant_37C,1.4000000000000001,37.0,2.096569939493647
S. aureus,constant_37C,1.6,37.0,2.1142882572645263
S. aureus,constant_37C,1.8,37.0,2.1331331133692686
S. aureus,constant_37C,2.0,37.0,2.1531529526380195
S. aureus,constant_37C,2.2,37.0,2.1743954060012456
S. aureus,constant_37C,2.4000000000000004,37.0,2.19690690476373
S. aureus,constant_37C,2.6,37.0,2.22073227777009
S. aureus,constant_37C,2.8000000000000003,37.0,2.245914337198322
S. aureus,constant_37C,3.0,37.0,2.2724934596149784
S. aureus,constant_37C,3.2,37.0,2.3005071696950967
S. aureus,constant_37C,3.4000000000000004,37.0,2.329989734600956
S. aureus,constant_37C,3.6,37.0,2.360971777378206
S. aureus,constant_37C,3.8000000000000003,37.0,2.393479917825272
S. aureus,constant_37C,4.0,37.0,2.427536449092317
S. aureus,constant_37C,4.2,37.0,2.463159057753874
S. aureus,constant_37C,4.4,37.0,2.500360594275946
S. aureus,constant_37C,4.6000000000000005,37.0,2.539148899683272
S. aureus,constant_37C,4.800000000000001,37.0,2.5795266928633964
S. aureus,constant_37C,5.0,37.0,2.6214915213754284
S. aureus,constant_37C,5.2,37.0,2.665035776930563
S. aureus,constant_37C,5.4,37.0,2.710146774955626
S. aureus,constant_37C,5.6000000000000005,37.0,2.7568068959205507
S. aureus,constant_37C,5.800000000000001,37.0,2.8049937844849073
S. aureus,constant_37C,6.0,37.0,2.8546806010688317
S. aureus,constant_37C,6.2,37.0,2.905836319239744
S. aureus,constant_37C,6.4,37.0,2.958426061371988
S. aureus,constant_37C,6.6000000000000005,37.0,3.0124114644083164
S. aureus,constant_37C,6.800000000000001,37.0,3.067751067237748
S. aureus,constant_37C,7.0,37.0,3.124400711194243
S. aureus,constant_37C,7.2,37.0,3.182313945449765
S. aureus,constant_37C,7.4,37.0,3.2414424295866007
S. aureus,constant_37C,7.6000000000000005,37.0,3.3017363263416124
S. aureus,constant_37C,7.800000000000001,37.0,3.3631446783690535
S. aureus,constant_37C,8.0,37.0,3.4256157638174987
S. aureus,constant_37C,8.200000000000001,37.0,3.489097426511228
S. aureus,constant_37C,8.4,37.0,3.5535373775228067
S. aureus,constant_37C,8.6,37.0,3.618883465883926
S. aureus,constant_37C,8.8,37.0,3.6850839170756258
S. aureus,constant_37C,9.0,37.0,3.7520875387447594
S. aureus,constant_37C,9.200000000000001,37.0,3.8198438937963877
S. aureus,constant_37C,9.4,37.0,3.8883034416043256
S. aureus,constant_37C,9.600000000000001,37.0,3.957417648563008
S. aureus,constant_37C,9.8,37.0,4.027139069576602
S. aureus,constant_37C,10.0,37.0,4.097421402353471
S. aureus,constant_37C,10.200000000000001,37.0,4.168219516555398
S. aureus,constant_37C,10.4,37.0,4.239489459953351
S. aureus,constant_37C,10.600000000000001,37.0,4.311188443777114
S. aureus,constant_37C,10.8,37.0,4.383274809427615
S. aureus,constant_37C,11.0,37.0,4.4557079786599845
S. aureus,constant_37C,11.200000000000001,37.0,4.528448389253723
S. aureus,constant_37C,11.4,37.0,4.601457418073741
S. aureus,constant_37C,11.600000000000001,37.0,4.674697293301639
S. aureus,constant_37C,11.8,37.0,4.7481309974878085
S. aureus,constant_37C,12.0,37.0,4.821722162948594
S. aureus,constant_37C,12.200000000000001,37.0,4.895434960913856
S. aureus,constant_37C,12.4,37.0,4.969233985723532
S. aureus,constant_37C,12.600000000000001,37.0,5.043084135280302
S. aureus,constant_37C,12.8,37.0,5.116950488892003
S. aureus,constant_37C,13.0,37.0,5.190798183584021
S. aureus,constant_37C,13.200000000000001,37.0,5.264592289929447
S. aureus,constant_37C,13.4,37.0,5.338297688434623
S. aureus,constant_37C,13.600000000000001,37.0,5.411878947529468
S. aureus,constant_37C,13.8,37.0,5.4853002042458385
S. aureus,constant_37C,14.0,37.0,5.558525048722141
S. aureus,constant_37C,14.200000000000001,37.0,5.631516413747187
S. aureus,constant_37C,14.4,37.0,5.704236470648883
S. aureus,constant_37C,14.600000000000001,37.0,5.776646532941192
S. aureus,constant_37C,14.8,37.0,5.84870696926224
S. aureus,constant_37C,15.0,37.0,5.92037712726326
S. aureus,constant_37C,15.200000000000001,37.0,5.991615270236675
S. aureus,constant_37C,15.4,37.0,6.062378528395543
S. aureus,constant_37C,15.600000000000001,37.0,6.132622866827942
S. aureus,constant_37C,15.8,37.0,6.2023030722397925
S. aureus,constant_37C,16.0,37.0,6.271372760657729
S. aureus,constant_37C,16.2,37.0,6.339784408278782
S. aureus,constant_37C,16.400000000000002,37.0,6.407489407613763
S. aureus,constant_37C,16.6,37.0,6.474438150963736
S. aureus,constant_37C,16.8,37.0,6.540580143081611
S. aureus,constant_37C,17.0,37.0,6.605864144591952
S. aureus,constant_37C,17.2,37.0,6.670238347361901
S. aureus,constant_37C,17.400000000000002,37.0,6.7336505825274156
S. aureus,constant_37C,17.6,37.0,6.796048561278569
S. aureus,constant_37C,17.8,37.0,6.8573801477973175
S. aureus,constant_37C,18.0,37.0,6.917593662928578
S. aureus,constant_37C,18.2,37.0,6.976638216265941
S. aureus,constant_37C,18.400000000000002,37.0,7.03446406336942
S. aureus,constant_37C,18.6,37.0,7.091022983834989
S. aureus,constant_37C,18.8,37.0,7.146268674942631
S. aureus,constant_37C,19.0,37.0,7.200157154665695
S. aureus,constant_37C,19.200000000000003,37.0,7.2526471669790595
S. aureus,constant_37C,19.400000000000002,37.0,7.303700581707927
S. aureus,constant_37C,19.6,37.0,7.353282780663544
S. aureus,constant_37C,19.8,37.0,7.401363021561405
S. aureus,constant_37C,20.0,37.0,7.44791477124851
S. aureus,constant_37C,20.200000000000003,37.0,7.492916000102508
S. aureus,constant_37C,20.400000000000002,37.0,7.536349430115809
S. aureus,constant_37C,20.6,37.0,7.578202730132809
S. aureus,constant_37C,20.8,37.0,7.6184686529404875
S. aureus,constant_37C,21.0,37.0,7.657145110376992
S. aureus,constant_37C,21.200000000000003,37.0,7.694235184258382
S. aureus,constant_37C,21.400000000000002,37.0,7.729747072658517
S. aureus,constant_37C,21.6,37.0,7.76369397283159
S. aureus,constant_37C,21.8,37.0,7.796093903760856
S. aureus,constant_37C,22.0,37.0,7.826969472873726
S. aureus,constant_37C,22.200000000000003,37.0,7.856347592816384
S. aureus,constant_37C,22.400000000000002,37.0,7.884259155276449
S. aureus,constant_37C,22.6,37.0,7.910738669644233
S. aureus,constant_37C,22.8,37.0,7.935823874793001
S. aureus,constant_37C,23.0,37.0,7.959555332436768
S. aureus,constant_37C,23.200000000000003,37.0,7.981976010406809
S. aureus,constant_37C,23.400000000000002,37.0,8.003130863806268
S. aureus,constant_37C,23.6,37.0,8.02306642139703
S. aureus,constant_37C,23.8,37.0,8.041830383792949
S. aureus,constant_37C,24.0,37.0,8.059471239129241
S. aureus,constant_37C,24.200000000000003,37.0,8.076037900900701
S. aureus,constant_37C,24.400000000000002,37.0,8.091579371658016
S. aureus,constant_37C,24.6,37.0,8.1061444352641
S. aureus,constant_37C,24.8,37.0,8.119781379475082
S. aureus,constant_37C,25.0,37.0,8.132537749750476
S. aureus,constant_37C,25.200000000000003,37.0,8.1444601344329
S. aureus,constant_37C,25.400000000000002,37.0,8.155593980780854
S. aureus,constant_37C,25.6,37.0,8.165983440793386
S. aureus,constant_37C,25.8,37.0,8.17567124533225
S. aureus,constant_37C,26.0,37.0,8.184698604720127
S. aureus,constant_37C,26.200000000000003,37.0,8.193105133764375
S. aureus,constant_37C,26.400000000000002,37.0,8.200928799013814
S. aureus,constant_37C,26.6,37.0,8.208205885989855
S. aureus,constant_37C,26.8,37.0,8.214970984130137
S. aureus,constant_37C,27.0,37.0,8.22125698723146
S. aureus,constant_37C,27.200000000000003,37.0,8.227095107267298
S. aureus,constant_37C,27.400000000000002,37.0,8.232514899573797
S. aureus,constant_37C,27.6,37.0,8.237544297537566
S. aureus,constant_37C,27.8,37.0,8.242209655071067
S. aureus,constant_37C,28.0,37.0,8.246535795320542
S. aureus,constant_37C,28.200000000000003,37.0,8.250546064211763
S. aureus,constant_37C,28.400000000000002,37.0,8.25426238759648
S. aureus,constant_37C,28.6,37.0,8.25770533091398
S. aureus,constant_37C,28.8,37.0,8.260894160425414
S. aureus,constant_37C,29.0,37.0,8.263846905212036
S. aureus,constant_37C,29.200000000000003,37.0,8.266580419251174
S. aureus,constant_37C,29.400000000000002,37.0,8.269110442995338
S. aureus,constant_37C,29.6,37.0,8.271451663980175
S. aureus,constant_37C,29.8,37.0,8.273617776076339
S. aureus,constant_37C,30.0,37.0,8.275621537079285
S. aureus,constant_37C,30.200000000000003,37.0,8.27747482439992
S. aureus,constant_37C,30.400000000000002,37.0,8.279188688678923
S. aureus,constant_37C,30.6,37.0,8.280773405198973
S. aureus,constant_37C,30.8,37.0,8.282238523012886
S. aureus,constant_37C,31.0,37.0,8.283592911742657
S. aureus,constant_37C,31.200000000000003,37.0,8.28484480603523
S. aureus,constant_37C,31.400000000000002,37.0,8.286001847686265
S. aureus,constant_37C,31.6,37.0,8.287071125463939
S. aureus,constant_37C,31.8,37.0,8.288059212681368
S. aureus,constant_37C,32.0,37.0,8.28897220257939
S. aureus,constant_37C,32.2,37.0,8.289815741591333
S. aureus,constant_37C,32.4,37.0,8.29059506056892
S. aureus,constant_37C,32.6,37.0,8.291315004053569
S. aureus,constant_37C,32.800000000000004,37.0,8.291980057680771
S. aureus,constant_37C,33.0,37.0,8.292594373807006
S. aureus,constant_37C,33.2,37.0,8.293161795449278
S. aureus,constant_37C,33.4,37.0,8.293685878626778
S. aureus,constant_37C,33.6,37.0,8.294169913193038
S. aureus,constant_37C,33.800000000000004,37.0,8.29461694224483
S. aureus,constant_37C,34.0,37.0,8.29502978019171
S. aureus,constant_37C,34.2,37.0,8.295411029567248
S. aureus,constant_37C,34.4,37.0,8.295763096659794
S. aureus,constant_37C,34.6,37.0,8.296088206037437
S. aureus,constant_37C,34.800000000000004,37.0,8.296388414038272
S. aureus,constant_37C,35.0,37.0,8.29666562129366
S. aureus,constant_37C,35.2,37.0,8.296921584348663
S. aureus,constant_37C,35.4,37.0,8.297157926440338
S. aureus,constant_37C,35.6,37.0,8.297376147491189
S. aureus,constant_37C,35.800000000000004,37.0,8.297577633371734
S. aureus,constant_37C,36.0,37.0,8.297763664482915
S. aureus,constant_37C,36.2,37.0,8.297935423705981
S. aureus,constant_37C,36.4,37.0,8.298094003764499
S. aureus,constant_37C,36.6,37.0,8.298240414040235
S. aureus,constant_37C,36.800000000000004,37.0,8.298375586882038
S. aureus,constant_37C,37.0,37.0,8.29850038344416
S. aureus,constant_37C,37.2,37.0,8.298615599088121
S. aureus,constant_37C,37.4,37.0,8.298721968379787
S. aureus,constant_37C,37.6,37.0,8.298820169711309
S. aureus,constant_37C,37.800000000000004,37.0,8.298910829575389
S. aureus,constant_37C,38.0,37.0,8.298994526517477
S. aureus,constant_37C,38.2,37.0,8.299071794789732
S. aureus,constant_37C,38.400000000000006,37.0,8.29914312772881
S. aureus,constant_37C,38.6,37.0,8.299208980878024
S. aureus,constant_37C,38.800000000000004,37.0,8.299269774872961
S. aureus,constant_37C,39.0,37.0,8.29932589810817
S. aureus,constant_37C,39.2,37.0,8.299377709201377
S. aureus,constant_37C,39.400000000000006,37.0,8.299425539270379
S. aureus,constant_37C,39.6,37.0,8.299469694036734
S. aureus,constant_37C,39.800000000000004,37.0,8.299510455769266
S. aureus,constant_37C,40.0,37.0,8.29954808507948
S. aureus,constant_37C,40.2,37.0,8.299582822580087
S. aureus,constant_37C,40.400000000000006,37.0,8.299614890416974
S. aureus,constant_37C,40.6,37.0,8.299644493684239
S. aureus,constant_37C,40.800000000000004,37.0,8.2996718217311
S. aureus,constant_37C,41.0,37.0,8.299697049368955
S. aureus,constant_37C,41.2,37.0,8.29972033798617
S. aureus,constant_37C,41.400000000000006,37.0,8.299741836577528
S. aureus,constant_37C,41.6,37.0,8.29976168269497
S. aureus,constant_37C,41.800000000000004,37.0,8.299780003325525
S. aureus,constant_37C,42.0,37.0,8.299796915702009
S. aureus,constant_37C,42.2,37.0,8.299812528051651
S. aureus,constant_37C,42.400000000000006,37.0,8.299826940287321
S. aureus,constant_37C,42.6,37.0,8.299840244645813
S. aureus,constant_37C,42.800000000000004,37.0,8.299852526277183
S. aureus,constant_37C,43.0,37.0,8.299863863788902
S. aureus,constant_37C,43.2,37.0,8.29987432974827
S. aureus,constant_37C,43.400000000000006,37.0,8.299883991146306
S. aureus,constant_37C,43.6,37.0,8.299892909826019
S. aureus,constant_37C,43.800000000000004,37.0,8.29990114287786
S. aureus,constant_37C,44.0,37.0,8.299908743004782
S. aureus,constant_37C,44.2,37.0,8.299915758859294
S. aureus,constant_37C,44.400000000000006,37.0,8.29992223535467
S. aureus,constant_37C,44.6,37.0,8.2999282139522
S. aureus,constant_37C,44.800000000000004,37.0,8.299933732926464
S. aureus,constant_37C,45.0,37.0,8.299938827610173
S. aureus,constant_37C,45.2,37.0,8.299943530620222
S. aureus,constant_37C,45.400000000000006,37.0,8.299947872066417
S. aureus,constant_37C,45.6,37.0,8.29995187974411
S. aureus,constant_37C,45.800000000000004,37.0,8.299955579312094
S. aureus,constant_37C,46.0,37.0,8.29995899445678
S. aureus,constant_37C,46.2,37.0,8.299962147043809
S. aureus,constant_37C,46.400000000000006,37.0,8.299965057257978
S. aureus,constant_37C,46.6,37.0,8.299967743732436
S. aureus,constant_37C,46.800000000000004,37.0,8.299970223667945
S. aureus,constant_37C,47.0,37.0,8.299972512942977
S. aureus,constant_37C,47.2,37.0,8.299974626215356
S. aureus,constant_37C,47.400000000000006,37.0,8.299976577016078
S. aureus,constant_37C,47.6,37.0,8.299978377835934
S. aureus,constant_37C,47.800000000000004,37.0,8.299980040205469
S. aureus,constant_37C,48.0,37.0,8.299981574768788
Salmonella,No abuse (4C),0.0,4.0,2.0
Salmonella,No abuse (4C),0.1,4.0,2.0
Salmonella,No abuse (4C),0.2,4.0,2.0
Salmonella,No abuse (4C),0.30000000000000004,4.0,2.0
Salmonella,No abuse (4C),0.4,4.0,2.0
Salmonella,No abuse (4C),0.5,4.0,2.0
Salmonella,No abuse (4C),0.6000000000000001,4.0,2.0
Salmonella,No abuse (4C),0.7000000000000001,4.0,2.0
Salmonella,No abuse (4C),0.8,4.0,2.0
Salmonella,No abuse (4C),0.9,4.0,2.0
Salmonella,No abuse (4C),1.0,4.0,2.0
Salmonella,No abuse (4C),1.1,4.0,2.0
Salmonella,No abuse (4C),1.2000000000000002,4.0,2.0
Salmonella,No abuse (4C),1.3,4.0,2.0
Salmonella,No abuse (4C),1.4000000000000001,4.0,2.0
Salmonella,No abuse (4C),1.5,4.0,2.0
Salmonella,No abuse (4C),1.6,4.0,2.0
Salmonella,No abuse (4C),1.7000000000000002,4.0,2.0
Salmonella,No abuse (4C),1.8,4.0,2.0
Salmonella,No abuse (4C),1.9000000000000001,4.0,2.0
Salmonella,No abuse (4C),2.0,4.0,2.0
Salmonella,No abuse (4C),2.1,4.0,2.0
Salmonella,No abuse (4C),2.2,4.0,2.0
Salmonella,No abuse (4C),2.3000000000000003,4.0,2.0
Salmonella,No abuse (4C),2.4000000000000004,4.0,2.0
Salmonella,No abuse (4C),2.5,4.0,2.0
Salmonella,No abuse (4C),2.6,4.0,2.0
Salmonella,No abuse (4C),2.7,4.0,2.0
Salmonella,No abuse (4C),2.8000000000000003,4.0,2.0
Salmonella,No abuse (4C),2.9000000000000004,4.0,2.0
Salmonella,No abuse (4C),3.0,4.0,2.0
Salmonella,No abuse (4C),3.1,4.0,2.0
Salmonella,No abuse (4C),3.2,4.0,2.0
Salmonella,No abuse (4C),3.3000000000000003,4.0,2.0
Salmonella,No abuse (4C),3.4000000000000004,4.0,2.0
Salmonella,No abuse (4C),3.5,4.0,2.0
Salmonella,No abuse (4C),3.6,4.0,2.0
Salmonella,No abuse (4C),3.7,4.0,2.0
Salmonella,No abuse (4C),3.8000000000000003,4.0,2.0
Salmonella,No abuse (4C),3.9000000000000004,4.0,2.0
Salmonella,No abuse (4C),4.0,4.0,2.0
Salmonella,No abuse (4C),4.1000000000000005,4.0,2.0
Salmonella,No abuse (4C),4.2,4.0,2.0
Salmonella,No abuse (4C),4.3,4.0,2.0
Salmonella,No abuse (4C),4.4,4.0,2.0
Salmonella,No abuse (4C),4.5,4.0,2.0
Salmonella,No abuse (4C),4.6000000000000005,4.0,2.0
Salmonella,No abuse (4C),4.7,4.0,2.0
Salmonella,No abuse (4C),4.800000000000001,4.0,2.0
Salmonella,No abuse (4C),4.9,4.0,2.0
Salmonella,No abuse (4C),5.0,4.0,2.0
Salmonella,No abuse (4C),5.1000000000000005,4.0,2.0
Salmonella,No abuse (4C),5.2,4.0,2.0
Salmonella,No abuse (4C),5.300000000000001,4.0,2.0
Salmonella,No abuse (4C),5.4,4.0,2.0
Salmonella,No abuse (4C),5.5,4.0,2.0
Salmonella,No abuse (4C),5.6000000000000005,4.0,2.0
Salmonella,No abuse (4C),5.7,4.0,2.0
Salmonella,No abuse (4C),5.800000000000001,4.0,2.0
Salmonella,No abuse (4C),5.9,4.0,2.0
Salmonella,No abuse (4C),6.0,4.0,2.0
Salmonella,No abuse (4C),6.1000000000000005,4.0,2.0
Salmonella,No abuse (4C),6.2,4.0,2.0
Salmonella,No abuse (4C),6.300000000000001,4.0,2.0
Salmonella,No abuse (4C),6.4,4.0,2.0
Salmonella,No abuse (4C),6.5,4.0,2.0
Salmonella,No abuse (4C),6.6000000000000005,4.0,2.0
Salmonella,No abuse (4C),6.7,4.0,2.0
Salmonella,No abuse (4C),6.800000000000001,4.0,2.0
Salmonella,No abuse (4C),6.9,4.0,2.0
Salmonella,No abuse (4C),7.0,4.0,2.0
Salmonella,No abuse (4C),7.1000000000000005,4.0,2.0
Salmonella,No abuse (4C),7.2,4.0,2.0
Salmonella,No abuse (4C),7.300000000000001,4.0,2.0
Salmonella,No abuse (4C),7.4,4.0,2.0
Salmonella,No abuse (4C),7.5,4.0,2.0
Salmonella,No abuse (4C),7.6000000000000005,4.0,2.0
Salmonella,No abuse (4C),7.7,4.0,2.0
Salmonella,No abuse (4C),7.800000000000001,4.0,2.0
Salmonella,No abuse (4C),7.9,4.0,2.0
Salmonella,No abuse (4C),8.0,4.0,2.0
Salmonella,No abuse (4C),8.1,4.0,2.0
Salmonella,No abuse (4C),8.200000000000001,4.0,2.0
Salmonella,No abuse (4C),8.3,4.0,2.0
Salmonella,No abuse (4C),8.4,4.0,2.0
Salmonella,No abuse (4C),8.5,4.0,2.0
Salmonella,No abuse (4C),8.6,4.0,2.0
Salmonella,No abuse (4C),8.700000000000001,4.0,2.0
Salmonella,No abuse (4C),8.8,4.0,2.0
Salmonella,No abuse (4C),8.9,4.0,2.0
Salmonella,No abuse (4C),9.0,4.0,2.0
Salmonella,No abuse (4C),9.1,4.0,2.0
Salmonella,No abuse (4C),9.200000000000001,4.0,2.0
Salmonella,No abuse (4C),9.3,4.0,2.0
Salmonella,No abuse (4C),9.4,4.0,2.0
Salmonella,No abuse (4C),9.5,4.0,2.0
Salmonella,No abuse (4C),9.600000000000001,4.0,2.0
Salmonella,No abuse (4C),9.700000000000001,4.0,2.0
Salmonella,No abuse (4C),9.8,4.0,2.0
Salmonella,No abuse (4C),9.9,4.0,2.0
Salmonella,No abuse (4C),10.0,4.0,2.0
Salmonella,No abuse (4C),10.100000000000001,4.0,2.0
Salmonella,No abuse (4C),10.200000000000001,4.0,2.0
Salmonella,No abuse (4C),10.3,4.0,2.0
Salmonella,No abuse (4C),10.4,4.0,2.0
Salmonella,No abuse (4C),10.5,4.0,2.0
Salmonella,No abuse (4C),10.600000000000001,4.0,2.0
Salmonella,No abuse (4C),10.700000000000001,4.0,2.0
Salmonella,No abuse (4C),10.8,4.0,2.0
Salmonella,No abuse (4C),10.9,4.0,2.0
Salmonella,No abuse (4C),11.0,4.0,2.0
Salmonella,No abuse (4C),11.100000000000001,4.0,2.0
Salmonella,No abuse (4C),11.200000000000001,4.0,2.0
Salmonella,No abuse (4C),11.3,4.0,2.0
Salmonella,No abuse (4C),11.4,4.0,2.0
Salmonella,No abuse (4C),11.5,4.0,2.0
Salmonella,No abuse (4C),11.600000000000001,4.0,2.0
Salmonella,No abuse (4C),11.700000000000001,4.0,2.0
Salmonella,No abuse (4C),11.8,4.0,2.0
Salmonella,No abuse (4C),11.9,4.0,2.0
Salmonella,No abuse (4C),12.0,4.0,2.0
Salmonella,No abuse (4C),12.100000000000001,4.0,2.0
Salmonella,No abuse (4C),12.200000000000001,4.0,2.0
Salmonella,No abuse (4C),12.3,4.0,2.0
Salmonella,No abuse (4C),12.4,4.0,2.0
Salmonella,No abuse (4C),12.5,4.0,2.0
Salmonella,No abuse (4C),12.600000000000001,4.0,2.0
Salmonella,No abuse (4C),12.700000000000001,4.0,2.0
Salmonella,No abuse (4C),12.8,4.0,2.0
Salmonella,No abuse (4C),12.9,4.0,2.0
Salmonella,No abuse (4C),13.0,4.0,2.0
Salmonella,No abuse (4C),13.100000000000001,4.0,2.0
Salmonella,No abuse (4C),13.200000000000001,4.0,2.0
Salmonella,No abuse (4C),13.3,4.0,2.0
Salmonella,No abuse (4C),13.4,4.0,2.0
Salmonella,No abuse (4C),13.5,4.0,2.0
Salmonella,No abuse (4C),13.600000000000001,4.0,2.0
Salmonella,No abuse (4C),13.700000000000001,4.0,2.0
Salmonella,No abuse (4C),13.8,4.0,2.0
Salmonella,No abuse (4C),13.9,4.0,2.0
Salmonella,No abuse (4C),14.0,4.0,2.0
Salmonella,No abuse (4C),14.100000000000001,4.0,2.0
Salmonella,No abuse (4C),14.200000000000001,4.0,2.0
Salmonella,No abuse (4C),14.3,4.0,2.0
Salmonella,No abuse (4C),14.4,4.0,2.0
Salmonella,No abuse (4C),14.5,4.0,2.0
Salmonella,No abuse (4C),14.600000000000001,4.0,2.0
Salmonella,No abuse (4C),14.700000000000001,4.0,2.0
Salmonella,No abuse (4C),14.8,4.0,2.0
Salmonella,No abuse (4C),14.9,4.0,2.0
Salmonella,No abuse (4C),15.0,4.0,2.0
Salmonella,No abuse (4C),15.100000000000001,4.0,2.0
Salmonella,No abuse (4C),15.200000000000001,4.0,2.0
Salmonella,No abuse (4C),15.3,4.0,2.0
Salmonella,No abuse (4C),15.4,4.0,2.0
Salmonella,No abuse (4C),15.5,4.0,2.0
Salmonella,No abuse (4C),15.600000000000001,4.0,2.0
Salmonella,No abuse (4C),15.700000000000001,4.0,2.0
Salmonella,No abuse (4C),15.8,4.0,2.0
Salmonella,No abuse (4C),15.9,4.0,2.0
Salmonella,No abuse (4C),16.0,4.0,2.0
Salmonella,No abuse (4C),16.1,4.0,2.0
Salmonella,No abuse (4C),16.2,4.0,2.0
Salmonella,No abuse (4C),16.3,4.0,2.0
Salmonella,No abuse (4C),16.400000000000002,4.0,2.0
Salmonella,No abuse (4C),16.5,4.0,2.0
Salmonella,No abuse (4C),16.6,4.0,2.0
Salmonella,No abuse (4C),16.7,4.0,2.0
Salmonella,No abuse (4C),16.8,4.0,2.0
Salmonella,No abuse (4C),16.900000000000002,4.0,2.0
Salmonella,No abuse (4C),17.0,4.0,2.0
Salmonella,No abuse (4C),17.1,4.0,2.0
Salmonella,No abuse (4C),17.2,4.0,2.0
Salmonella,No abuse (4C),17.3,4.0,2.0
Salmonella,No abuse (4C),17.400000000000002,4.0,2.0
Salmonella,No abuse (4C),17.5,4.0,2.0
Salmonella,No abuse (4C),17.6,4.0,2.0
Salmonella,No abuse (4C),17.7,4.0,2.0
Salmonella,No abuse (4C),17.8,4.0,2.0
Salmonella,No abuse (4C),17.900000000000002,4.0,2.0
Salmonella,No abuse (4C),18.0,4.0,2.0
Salmonella,No abuse (4C),18.1,4.0,2.0
Salmonella,No abuse (4C),18.2,4.0,2.0
Salmonella,No abuse (4C),18.3,4.0,2.0
Salmonella,No abuse (4C),18.400000000000002,4.0,2.0
Salmonella,No abuse (4C),18.5,4.0,2.0
Salmonella,No abuse (4C),18.6,4.0,2.0
Salmonella,No abuse (4C),18.7,4.0,2.0
Salmonella,No abuse (4C),18.8,4.0,2.0
Salmonella,No abuse (4C),18.900000000000002,4.0,2.0
Salmonella,No abuse (4C),19.0,4.0,2.0
Salmonella,No abuse (4C),19.1,4.0,2.0
Salmonella,No abuse (4C),19.200000000000003,4.0,2.0
Salmonella,No abuse (4C),19.3,4.0,2.0
Salmonella,No abuse (4C),19.400000000000002,4.0,2.0
Salmonella,No abuse (4C),19.5,4.0,2.0
Salmonella,No abuse (4C),19.6,4.0,2.0
Salmonella,No abuse (4C),19.700000000000003,4.0,2.0
Salmonella,No abuse (4C),19.8,4.0,2.0
Salmonella,No abuse (4C),19.900000000000002,4.0,2.0
Salmonella,No abuse (4C),20.0,4.0,2.0
Salmonella,No abuse (4C),20.1,4.0,2.0
Salmonella,No abuse (4C),20.200000000000003,4.0,2.0
Salmonella,No abuse (4C),20.3,4.0,2.0
Salmonella,No abuse (4C),20.400000000000002,4.0,2.0
Salmonella,No abuse (4C),20.5,4.0,2.0
Salmonella,No abuse (4C),20.6,4.0,2.0
Salmonella,No abuse (4C),20.700000000000003,4.0,2.0
Salmonella,No abuse (4C),20.8,4.0,2.0
Salmonella,No abuse (4C),20.900000000000002,4.0,2.0
Salmonella,No abuse (4C),21.0,4.0,2.0
Salmonella,No abuse (4C),21.1,4.0,2.0
Salmonella,No abuse (4C),21.200000000000003,4.0,2.0
Salmonella,No abuse (4C),21.3,4.0,2.0
Salmonella,No abuse (4C),21.400000000000002,4.0,2.0
Salmonella,No abuse (4C),21.5,4.0,2.0
Salmonella,No abuse (4C),21.6,4.0,2.0
Salmonella,No abuse (4C),21.700000000000003,4.0,2.0
Salmonella,No abuse (4C),21.8,4.0,2.0
Salmonella,No abuse (4C),21.900000000000002,4.0,2.0
Salmonella,No abuse (4C),22.0,4.0,2.0
Salmonella,No abuse (4C),22.1,4.0,2.0
Salmonella,No abuse (4C),22.200000000000003,4.0,2.0
Salmonella,No abuse (4C),22.3,4.0,2.0
Salmonella,No abuse (4C),22.400000000000002,4.0,2.0
Salmonella,No abuse (4C),22.5,4.0,2.0
Salmonella,No abuse (4C),22.6,4.0,2.0
Salmonella,No abuse (4C),22.700000000000003,4.0,2.0
Salmonella,No abuse (4C),22.8,4.0,2.0
Salmonella,No abuse (4C),22.900000000000002,4.0,2.0
Salmonella,No abuse (4C),23.0,4.0,2.0
Salmonella,No abuse (4C),23.1,4.0,2.0
Salmonella,No abuse (4C),23.200000000000003,4.0,2.0
Salmonella,No abuse (4C),23.3,4.0,2.0
Salmonella,No abuse (4C),23.400000000000002,4.0,2.0
Salmonella,No abuse (4C),23.5,4.0,2.0
Salmonella,No abuse (4C),23.6,4.0,2.0
Salmonella,No abuse (4C),23.700000000000003,4.0,2.0
Salmonella,No abuse (4C),23.8,4.0,2.0
Salmonella,No abuse (4C),23.900000000000002,4.0,2.0
Salmonella,No abuse (4C),24.0,4.0,2.0
Salmonella,No abuse (4C),24.1,4.0,2.0
Salmonella,No abuse (4C),24.200000000000003,4.0,2.0
Salmonella,No abuse (4C),24.3,4.0,2.0
Salmonella,No abuse (4C),24.400000000000002,4.0,2.0
Salmonella,No abuse (4C),24.5,4.0,2.0
Salmonella,No abuse (4C),24.6,4.0,2.0
Salmonella,No abuse (4C),24.700000000000003,4.0,2.0
Salmonella,No abuse (4C),24.8,4.0,2.0
Salmonella,No abuse (4C),24.900000000000002,4.0,2.0
Salmonella,No abuse (4C),25.0,4.0,2.0
Salmonella,No abuse (4C),25.1,4.0,2.0
Salmonella,No abuse (4C),25.200000000000003,4.0,2.0
Salmonella,No abuse (4C),25.3,4.0,2.0
Salmonella,No abuse (4C),25.400000000000002,4.0,2.0
Salmonella,No abuse (4C),25.5,4.0,2.0
Salmonella,No abuse (4C),25.6,4.0,2.0
Salmonella,No abuse (4C),25.700000000000003,4.0,2.0
Salmonella,No abuse (4C),25.8,4.0,2.0
Salmonella,No abuse (4C),25.900000000000002,4.0,2.0
Salmonella,No abuse (4C),26.0,4.0,2.0
Salmonella,No abuse (4C),26.1,4.0,2.0
Salmonella,No abuse (4C),26.200000000000003,4.0,2.0
Salmonella,No abuse (4C),26.3,4.0,2.0
Salmonella,No abuse (4C),26.400000000000002,4.0,2.0
Salmonella,No abuse (4C),26.5,4.0,2.0
Salmonella,No abuse (4C),26.6,4.0,2.0
Salmonella,No abuse (4C),26.700000000000003,4.0,2.0
Salmonella,No abuse (4C),26.8,4.0,2.0
Salmonella,No abuse (4C),26.900000000000002,4.0,2.0
Salmonella,No abuse (4C),27.0,4.0,2.0
Salmonella,No abuse (4C),27.1,4.0,2.0
Salmonella,No abuse (4C),27.200000000000003,4.0,2.0
Salmonella,No abuse (4C),27.3,4.0,2.0
Salmonella,No abuse (4C),27.400000000000002,4.0,2.0
Salmonella,No abuse (4C),27.5,4.0,2.0
Salmonella,No abuse (4C),27.6,4.0,2.0
Salmonella,No abuse (4C),27.700000000000003,4.0,2.0
Salmonella,No abuse (4C),27.8,4.0,2.0
Salmonella,No abuse (4C),27.900000000000002,4.0,2.0
Salmonella,No abuse (4C),28.0,4.0,2.0
Salmonella,No abuse (4C),28.1,4.0,2.0
Salmonella,No abuse (4C),28.200000000000003,4.0,2.0
Salmonella,No abuse (4C),28.3,4.0,2.0
Salmonella,No abuse (4C),28.400000000000002,4.0,2.0
Salmonella,No abuse (4C),28.5,4.0,2.0
Salmonella,No abuse (4C),28.6,4.0,2.0
Salmonella,No abuse (4C),28.700000000000003,4.0,2.0
Salmonella,No abuse (4C),28.8,4.0,2.0
Salmonella,No abuse (4C),28.900000000000002,4.0,2.0
Salmonella,No abuse (4C),29.0,4.0,2.0
Salmonella,No abuse (4C),29.1,4.0,2.0
Salmonella,No abuse (4C),29.200000000000003,4.0,2.0
Salmonella,No abuse (4C),29.3,4.0,2.0
Salmonella,No abuse (4C),29.400000000000002,4.0,2.0
Salmonella,No abuse (4C),29.5,4.0,2.0
Salmonella,No abuse (4C),29.6,4.0,2.0
Salmonella,No abuse (4C),29.700000000000003,4.0,2.0
Salmonella,No abuse (4C),29.8,4.0,2.0
Salmonella,No abuse (4C),29.900000000000002,4.0,2.0
Salmonella,No abuse (4C),30.0,4.0,2.0
Salmonella,No abuse (4C),30.1,4.0,2.0
Salmonella,No abuse (4C),30.200000000000003,4.0,2.0
Salmonella,No abuse (4C),30.3,4.0,2.0
Salmonella,No abuse (4C),30.400000000000002,4.0,2.0
Salmonella,No abuse (4C),30.5,4.0,2.0
Salmonella,No abuse (4C),30.6,4.0,2.0
Salmonella,No abuse (4C),30.700000000000003,4.0,2.0
Salmonella,No abuse (4C),30.8,4.0,2.0
Salmonella,No abuse (4C),30.900000000000002,4.0,2.0
Salmonella,No abuse (4C),31.0,4.0,2.0
Salmonella,No abuse (4C),31.1,4.0,2.0
Salmonella,No abuse (4C),31.200000000000003,4.0,2.0
Salmonella,No abuse (4C),31.3,4.0,2.0
Salmonella,No abuse (4C),31.400000000000002,4.0,2.0
Salmonella,No abuse (4C),31.5,4.0,2.0
Salmonella,No abuse (4C),31.6,4.0,2.0
Salmonella,No abuse (4C),31.700000000000003,4.0,2.0
Salmonella,No abuse (4C),31.8,4.0,2.0
Salmonella,No abuse (4C),31.900000000000002,4.0,2.0
Salmonella,No abuse (4C),32.0,4.0,2.0
Salmonella,No abuse (4C),32.1,4.0,2.0
Salmonella,No abuse (4C),32.2,4.0,2.0
Salmonella,No abuse (4C),32.300000000000004,4.0,2.0
Salmonella,No abuse (4C),32.4,4.0,2.0
Salmonella,No abuse (4C),32.5,4.0,2.0
Salmonella,No abuse (4C),32.6,4.0,2.0
Salmonella,No abuse (4C),32.7,4.0,2.0
Salmonella,No abuse (4C),32.800000000000004,4.0,2.0
Salmonella,No abuse (4C),32.9,4.0,2.0
Salmonella,No abuse (4C),33.0,4.0,2.0
Salmonella,No abuse (4C),33.1,4.0,2.0
Salmonella,No abuse (4C),33.2,4.0,2.0
Salmonella,No abuse (4C),33.300000000000004,4.0,2.0
Salmonella,No abuse (4C),33.4,4.0,2.0
Salmonella,No abuse (4C),33.5,4.0,2.0
Salmonella,No abuse (4C),33.6,4.0,2.0
Salmonella,No abuse (4C),33.7,4.0,2.0
Salmonella,No abuse (4C),33.800000000000004,4.0,2.0
Salmonella,No abuse (4C),33.9,4.0,2.0
Salmonella,No abuse (4C),34.0,4.0,2.0
Salmonella,No abuse (4C),34.1,4.0,2.0
Salmonella,No abuse (4C),34.2,4.0,2.0
Salmonella,No abuse (4C),34.300000000000004,4.0,2.0
Salmonella,No abuse (4C),34.4,4.0,2.0
Salmonella,No abuse (4C),34.5,4.0,2.0
Salmonella,No abuse (4C),34.6,4.0,2.0
Salmonella,No abuse (4C),34.7,4.0,2.0
Salmonella,No abuse (4C),34.800000000000004,4.0,2.0
Salmonella,No abuse (4C),34.9,4.0,2.0
Salmonella,No abuse (4C),35.0,4.0,2.0
Salmonella,No abuse (4C),35.1,4.0,2.0
Salmonella,No abuse (4C),35.2,4.0,2.0
Salmonella,No abuse (4C),35.300000000000004,4.0,2.0
Salmonella,No abuse (4C),35.4,4.0,2.0
Salmonella,No abuse (4C),35.5,4.0,2.0
Salmonella,No abuse (4C),35.6,4.0,2.0
Salmonella,No abuse (4C),35.7,4.0,2.0
Salmonella,No abuse (4C),35.800000000000004,4.0,2.0
Salmonella,No abuse (4C),35.9,4.0,2.0
Salmonella,No abuse (4C),36.0,4.0,2.0
Salmonella,No abuse (4C),36.1,4.0,2.0
Salmonella,No abuse (4C),36.2,4.0,2.0
Salmonella,No abuse (4C),36.300000000000004,4.0,2.0
Salmonella,No abuse (4C),36.4,4.0,2.0
Salmonella,No abuse (4C),36.5,4.0,2.0
Salmonella,No abuse (4C),36.6,4.0,2.0
Salmonella,No abuse (4C),36.7,4.0,2.0
Salmonella,No abuse (4C),36.800000000000004,4.0,2.0
Salmonella,No abuse (4C),36.9,4.0,2.0
Salmonella,No abuse (4C),37.0,4.0,2.0
Salmonella,No abuse (4C),37.1,4.0,2.0
Salmonella,No abuse (4C),37.2,4.0,2.0
Salmonella,No abuse (4C),37.300000000000004,4.0,2.0
Salmonella,No abuse (4C),37.4,4.0,2.0
Salmonella,No abuse (4C),37.5,4.0,2.0
Salmonella,No abuse (4C),37.6,4.0,2.0
Salmonella,No abuse (4C),37.7,4.0,2.0
Salmonella,No abuse (4C),37.800000000000004,4.0,2.0
Salmonella,No abuse (4C),37.9,4.0,2.0
Salmonella,No abuse (4C),38.0,4.0,2.0
Salmonella,No abuse (4C),38.1,4.0,2.0
Salmonella,No abuse (4C),38.2,4.0,2.0
Salmonella,No abuse (4C),38.300000000000004,4.0,2.0
Salmonella,No abuse (4C),38.400000000000006,4.0,2.0
Salmonella,No abuse (4C),38.5,4.0,2.0
Salmonella,No abuse (4C),38.6,4.0,2.0
Salmonella,No abuse (4C),38.7,4.0,2.0
Salmonella,No abuse (4C),38.800000000000004,4.0,2.0
Salmonella,No abuse (4C),38.900000000000006,4.0,2.0
Salmonella,No abuse (4C),39.0,4.0,2.0
Salmonella,No abuse (4C),39.1,4.0,2.0
Salmonella,No abuse (4C),39.2,4.0,2.0
Salmonella,No abuse (4C),39.300000000000004,4.0,2.0
Salmonella,No abuse (4C),39.400000000000006,4.0,2.0
Salmonella,No abuse (4C),39.5,4.0,2.0
Salmonella,No abuse (4C),39.6,4.0,2.0
Salmonella,No abuse (4C),39.7,4.0,2.0
Salmonella,No abuse (4C),39.800000000000004,4.0,2.0
Salmonella,No abuse (4C),39.900000000000006,4.0,2.0
Salmonella,No abuse (4C),40.0,4.0,2.0
Salmonella,No abuse (4C),40.1,4.0,2.0
Salmonella,No abuse (4C),40.2,4.0,2.0
Salmonella,No abuse (4C),40.300000000000004,4.0,2.0
Salmonella,No abuse (4C),40.400000000000006,4.0,2.0
Salmonella,No abuse (4C),40.5,4.0,2.0
Salmonella,No abuse (4C),40.6,4.0,2.0
Salmonella,No abuse (4C),40.7,4.0,2.0
Salmonella,No abuse (4C),40.800000000000004,4.0,2.0
Salmonella,No abuse (4C),40.900000000000006,4.0,2.0
Salmonella,No abuse (4C),41.0,4.0,2.0
Salmonella,No abuse (4C),41.1,4.0,2.0
Salmonella,No abuse (4C),41.2,4.0,2.0
Salmonella,No abuse (4C),41.300000000000004,4.0,2.0
Salmonella,No abuse (4C),41.400000000000006,4.0,2.0
Salmonella,No abuse (4C),41.5,4.0,2.0
Salmonella,No abuse (4C),41.6,4.0,2.0
Salmonella,No abuse (4C),41.7,4.0,2.0
Salmonella,No abuse (4C),41.800000000000004,4.0,2.0
Salmonella,No abuse (4C),41.900000000000006,4.0,2.0
Salmonella,No abuse (4C),42.0,4.0,2.0
Salmonella,No abuse (4C),42.1,4.0,2.0
Salmonella,No abuse (4C),42.2,4.0,2.0
Salmonella,No abuse (4C),42.300000000000004,4.0,2.0
Salmonella,No abuse (4C),42.400000000000006,4.0,2.0
Salmonella,No abuse (4C),42.5,4.0,2.0
Salmonella,No abuse (4C),42.6,4.0,2.0
Salmonella,No abuse (4C),42.7,4.0,2.0
Salmonella,No abuse (4C),42.800000000000004,4.0,2.0
Salmonella,No abuse (4C),42.900000000000006,4.0,2.0
Salmonella,No abuse (4C),43.0,4.0,2.0
Salmonella,No abuse (4C),43.1,4.0,2.0
Salmonella,No abuse (4C),43.2,4.0,2.0
Salmonella,No abuse (4C),43.300000000000004,4.0,2.0
Salmonella,No abuse (4C),43.400000000000006,4.0,2.0
Salmonella,No abuse (4C),43.5,4.0,2.0
Salmonella,No abuse (4C),43.6,4.0,2.0
Salmonella,No abuse (4C),43.7,4.0,2.0
Salmonella,No abuse (4C),43.800000000000004,4.0,2.0
Salmonella,No abuse (4C),43.900000000000006,4.0,2.0
Salmonella,No abuse (4C),44.0,4.0,2.0
Salmonella,No abuse (4C),44.1,4.0,2.0
Salmonella,No abuse (4C),44.2,4.0,2.0
Salmonella,No abuse (4C),44.300000000000004,4.0,2.0
Salmonella,No abuse (4C),44.400000000000006,4.0,2.0
Salmonella,No abuse (4C),44.5,4.0,2.0
Salmonella,No abuse (4C),44.6,4.0,2.0
Salmonella,No abuse (4C),44.7,4.0,2.0
Salmonella,No abuse (4C),44.800000000000004,4.0,2.0
Salmonella,No abuse (4C),44.900000000000006,4.0,2.0
Salmonella,No abuse (4C),45.0,4.0,2.0
Salmonella,No abuse (4C),45.1,4.0,2.0
Salmonella,No abuse (4C),45.2,4.0,2.0
Salmonella,No abuse (4C),45.300000000000004,4.0,2.0
Salmonella,No abuse (4C),45.400000000000006,4.0,2.0
Salmonella,No abuse (4C),45.5,4.0,2.0
Salmonella,No abuse (4C),45.6,4.0,2.0
Salmonella,No abuse (4C),45.7,4.0,2.0
Salmonella,No abuse (4C),45.800000000000004,4.0,2.0
Salmonella,No abuse (4C),45.900000000000006,4.0,2.0
Salmonella,No abuse (4C),46.0,4.0,2.0
Salmonella,No abuse (4C),46.1,4.0,2.0
Salmonella,No abuse (4C),46.2,4.0,2.0
Salmonella,No abuse (4C),46.300000000000004,4.0,2.0
Salmonella,No abuse (4C),46.400000000000006,4.0,2.0
Salmonella,No abuse (4C),46.5,4.0,2.0
Salmonella,No abuse (4C),46.6,4.0,2.0
Salmonella,No abuse (4C),46.7,4.0,2.0
Salmonella,No abuse (4C),46.800000000000004,4.0,2.0
Salmonella,No abuse (4C),46.900000000000006,4.0,2.0
Salmonella,No abuse (4C),47.0,4.0,2.0
Salmonella,No abuse (4C),47.1,4.0,2.0
Salmonella,No abuse (4C),47.2,4.0,2.0
Salmonella,No abuse (4C),47.300000000000004,4.0,2.0
Salmonella,No abuse (4C),47.400000000000006,4.0,2.0
Salmonella,No abuse (4C),47.5,4.0,2.0
Salmonella,No abuse (4C),47.6,4.0,2.0
Salmonella,No abuse (4C),47.7,4.0,2.0
Salmonella,No abuse (4C),47.800000000000004,4.0,2.0
Salmonella,No abuse (4C),47.900000000000006,4.0,2.0
Salmonella,No abuse (4C),48.0,4.0,2.0
Salmonella,No abuse (4C),48.1,4.0,2.0
Salmonella,No abuse (4C),48.2,4.0,2.0
Salmonella,No abuse (4C),48.300000000000004,4.0,2.0
Salmonella,No abuse (4C),48.400000000000006,4.0,2.0
Salmonella,No abuse (4C),48.5,4.0,2.0
Salmonella,No abuse (4C),48.6,4.0,2.0
Salmonella,No abuse (4C),48.7,4.0,2.0
Salmonella,No abuse (4C),48.800000000000004,4.0,2.0
Salmonella,No abuse (4C),48.900000000000006,4.0,2.0
Salmonella,No abuse (4C),49.0,4.0,2.0
Salmonella,No abuse (4C),49.1,4.0,2.0
Salmonella,No abuse (4C),49.2,4.0,2.0
Salmonella,No abuse (4C),49.300000000000004,4.0,2.0
Salmonella,No abuse (4C),49.400000000000006,4.0,2.0
Salmonella,No abuse (4C),49.5,4.0,2.0
Salmonella,No abuse (4C),49.6,4.0,2.0
Salmonella,No abuse (4C),49.7,4.0,2.0
Salmonella,No abuse (4C),49.800000000000004,4.0,2.0
Salmonella,No abuse (4C),49.900000000000006,4.0,2.0
Salmonella,No abuse (4C),50.0,4.0,2.0
Salmonella,No abuse (4C),50.1,4.0,2.0
Salmonella,No abuse (4C),50.2,4.0,2.0
Salmonella,No abuse (4C),50.300000000000004,4.0,2.0
Salmonella,No abuse (4C),50.400000000000006,4.0,2.0
Salmonella,No abuse (4C),50.5,4.0,2.0
Salmonella,No abuse (4C),50.6,4.0,2.0
Salmonella,No abuse (4C),50.7,4.0,2.0
Salmonella,No abuse (4C),50.800000000000004,4.0,2.0
Salmonella,No abuse (4C),50.900000000000006,4.0,2.0
Salmonella,No abuse (4C),51.0,4.0,2.0
Salmonella,No abuse (4C),51.1,4.0,2.0
Salmonella,No abuse (4C),51.2,4.0,2.0
Salmonella,No abuse (4C),51.300000000000004,4.0,2.0
Salmonella,No abuse (4C),51.400000000000006,4.0,2.0
Salmonella,No abuse (4C),51.5,4.0,2.0
Salmonella,No abuse (4C),51.6,4.0,2.0
Salmonella,No abuse (4C),51.7,4.0,2.0
Salmonella,No abuse (4C),51.800000000000004,4.0,2.0
Salmonella,No abuse (4C),51.900000000000006,4.0,2.0
Salmonella,No abuse (4C),52.0,4.0,2.0
Salmonella,No abuse (4C),52.1,4.0,2.0
Salmonella,No abuse (4C),52.2,4.0,2.0
Salmonella,No abuse (4C),52.300000000000004,4.0,2.0
Salmonella,No abuse (4C),52.400000000000006,4.0,2.0
Salmonella,No abuse (4C),52.5,4.0,2.0
Salmonella,No abuse (4C),52.6,4.0,2.0
Salmonella,No abuse (4C),52.7,4.0,2.0
Salmonella,No abuse (4C),52.800000000000004,4.0,2.0
Salmonella,No abuse (4C),52.900000000000006,4.0,2.0
Salmonella,No abuse (4C),53.0,4.0,2.0
Salmonella,No abuse (4C),53.1,4.0,2.0
Salmonella,No abuse (4C),53.2,4.0,2.0
Salmonella,No abuse (4C),53.300000000000004,4.0,2.0
Salmonella,No abuse (4C),53.400000000000006,4.0,2.0
Salmonella,No abuse (4C),53.5,4.0,2.0
Salmonella,No abuse (4C),53.6,4.0,2.0
Salmonella,No abuse (4C),53.7,4.0,2.0
Salmonella,No abuse (4C),53.800000000000004,4.0,2.0
Salmonella,No abuse (4C),53.900000000000006,4.0,2.0
Salmonella,No abuse (4C),54.0,4.0,2.0
Salmonella,No abuse (4C),54.1,4.0,2.0
Salmonella,No abuse (4C),54.2,4.0,2.0
Salmonella,No abuse (4C),54.300000000000004,4.0,2.0
Salmonella,No abuse (4C),54.400000000000006,4.0,2.0
Salmonella,No abuse (4C),54.5,4.0,2.0
Salmonella,No abuse (4C),54.6,4.0,2.0
Salmonella,No abuse (4C),54.7,4.0,2.0
Salmonella,No abuse (4C),54.800000000000004,4.0,2.0
Salmonella,No abuse (4C),54.900000000000006,4.0,2.0
Salmonella,No abuse (4C),55.0,4.0,2.0
Salmonella,No abuse (4C),55.1,4.0,2.0
Salmonella,No abuse (4C),55.2,4.0,2.0
Salmonella,No abuse (4C),55.300000000000004,4.0,2.0
Salmonella,No abuse (4C),55.400000000000006,4.0,2.0
Salmonella,No abuse (4C),55.5,4.0,2.0
Salmonella,No abuse (4C),55.6,4.0,2.0
Salmonella,No abuse (4C),55.7,4.0,2.0
Salmonella,No abuse (4C),55.800000000000004,4.0,2.0
Salmonella,No abuse (4C),55.900000000000006,4.0,2.0
Salmonella,No abuse (4C),56.0,4.0,2.0
Salmonella,No abuse (4C),56.1,4.0,2.0
Salmonella,No abuse (4C),56.2,4.0,2.0
Salmonella,No abuse (4C),56.300000000000004,4.0,2.0
Salmonella,No abuse (4C),56.400000000000006,4.0,2.0
Salmonella,No abuse (4C),56.5,4.0,2.0
Salmonella,No abuse (4C),56.6,4.0,2.0
Salmonella,No abuse (4C),56.7,4.0,2.0
Salmonella,No abuse (4C),56.800000000000004,4.0,2.0
Salmonella,No abuse (4C),56.900000000000006,4.0,2.0
Salmonella,No abuse (4C),57.0,4.0,2.0
Salmonella,No abuse (4C),57.1,4.0,2.0
Salmonella,No abuse (4C),57.2,4.0,2.0
Salmonella,No abuse (4C),57.300000000000004,4.0,2.0
Salmonella,No abuse (4C),57.400000000000006,4.0,2.0
Salmonella,No abuse (4C),57.5,4.0,2.0
Salmonella,No abuse (4C),57.6,4.0,2.0
Salmonella,No abuse (4C),57.7,4.0,2.0
Salmonella,No abuse (4C),57.800000000000004,4.0,2.0
Salmonella,No abuse (4C),57.900000000000006,4.0,2.0
Salmonella,No abuse (4C),58.0,4.0,2.0
Salmonella,No abuse (4C),58.1,4.0,2.0
Salmonella,No abuse (4C),58.2,4.0,2.0
Salmonella,No abuse (4C),58.300000000000004,4.0,2.0
Salmonella,No abuse (4C),58.400000000000006,4.0,2.0
Salmonella,No abuse (4C),58.5,4.0,2.0
Salmonella,No abuse (4C),58.6,4.0,2.0
Salmonella,No abuse (4C),58.7,4.0,2.0
Salmonella,No abuse (4C),58.800000000000004,4.0,2.0
Salmonella,No abuse (4C),58.900000000000006,4.0,2.0
Salmonella,No abuse (4C),59.0,4.0,2.0
Salmonella,No abuse (4C),59.1,4.0,2.0
Salmonella,No abuse (4C),59.2,4.0,2.0
Salmonella,No abuse (4C),59.300000000000004,4.0,2.0
Salmonella,No abuse (4C),59.400000000000006,4.0,2.0
Salmonella,No abuse (4C),59.5,4.0,2.0
Salmonella,No abuse (4C),59.6,4.0,2.0
Salmonella,No abuse (4C),59.7,4.0,2.0
Salmonella,No abuse (4C),59.800000000000004,4.0,2.0
Salmonella,No abuse (4C),59.900000000000006,4.0,2.0
Salmonella,No abuse (4C),60.0,4.0,2.0
Salmonella,No abuse (4C),60.1,4.0,2.0
Salmonella,No abuse (4C),60.2,4.0,2.0
Salmonella,No abuse (4C),60.300000000000004,4.0,2.0
Salmonella,No abuse (4C),60.400000000000006,4.0,2.0
Salmonella,No abuse (4C),60.5,4.0,2.0
Salmonella,No abuse (4C),60.6,4.0,2.0
Salmonella,No abuse (4C),60.7,4.0,2.0
Salmonella,No abuse (4C),60.800000000000004,4.0,2.0
Salmonella,No abuse (4C),60.900000000000006,4.0,2.0
Salmonella,No abuse (4C),61.0,4.0,2.0
Salmonella,No abuse (4C),61.1,4.0,2.0
Salmonella,No abuse (4C),61.2,4.0,2.0
Salmonella,No abuse (4C),61.300000000000004,4.0,2.0
Salmonella,No abuse (4C),61.400000000000006,4.0,2.0
Salmonella,No abuse (4C),61.5,4.0,2.0
Salmonella,No abuse (4C),61.6,4.0,2.0
Salmonella,No abuse (4C),61.7,4.0,2.0
Salmonella,No abuse (4C),61.800000000000004,4.0,2.0
Salmonella,No abuse (4C),61.900000000000006,4.0,2.0
Salmonella,No abuse (4C),62.0,4.0,2.0
Salmonella,No abuse (4C),62.1,4.0,2.0
Salmonella,No abuse (4C),62.2,4.0,2.0
Salmonella,No abuse (4C),62.300000000000004,4.0,2.0
Salmonella,No abuse (4C),62.400000000000006,4.0,2.0
Salmonella,No abuse (4C),62.5,4.0,2.0
Salmonella,No abuse (4C),62.6,4.0,2.0
Salmonella,No abuse (4C),62.7,4.0,2.0
Salmonella,No abuse (4C),62.800000000000004,4.0,2.0
Salmonella,No abuse (4C),62.900000000000006,4.0,2.0
Salmonella,No abuse (4C),63.0,4.0,2.0
Salmonella,No abuse (4C),63.1,4.0,2.0
Salmonella,No abuse (4C),63.2,4.0,2.0
Salmonella,No abuse (4C),63.300000000000004,4.0,2.0
Salmonella,No abuse (4C),63.400000000000006,4.0,2.0
Salmonella,No abuse (4C),63.5,4.0,2.0
Salmonella,No abuse (4C),63.6,4.0,2.0
Salmonella,No abuse (4C),63.7,4.0,2.0
Salmonella,No abuse (4C),63.800000000000004,4.0,2.0
Salmonella,No abuse (4C),63.900000000000006,4.0,2.0
Salmonella,No abuse (4C),64.0,4.0,2.0
Salmonella,No abuse (4C),64.10000000000001,4.0,2.0
Salmonella,No abuse (4C),64.2,4.0,2.0
Salmonella,No abuse (4C),64.3,4.0,2.0
Salmonella,No abuse (4C),64.4,4.0,2.0
Salmonella,No abuse (4C),64.5,4.0,2.0
Salmonella,No abuse (4C),64.60000000000001,4.0,2.0
Salmonella,No abuse (4C),64.7,4.0,2.0
Salmonella,No abuse (4C),64.8,4.0,2.0
Salmonella,No abuse (4C),64.9,4.0,2.0
Salmonella,No abuse (4C),65.0,4.0,2.0
Salmonella,No abuse (4C),65.10000000000001,4.0,2.0
Salmonella,No abuse (4C),65.2,4.0,2.0
Salmonella,No abuse (4C),65.3,4.0,2.0
Salmonella,No abuse (4C),65.4,4.0,2.0
Salmonella,No abuse (4C),65.5,4.0,2.0
Salmonella,No abuse (4C),65.60000000000001,4.0,2.0
Salmonella,No abuse (4C),65.7,4.0,2.0
Salmonella,No abuse (4C),65.8,4.0,2.0
Salmonella,No abuse (4C),65.9,4.0,2.0
Salmonella,No abuse (4C),66.0,4.0,2.0
Salmonella,No abuse (4C),66.10000000000001,4.0,2.0
Salmonella,No abuse (4C),66.2,4.0,2.0
Salmonella,No abuse (4C),66.3,4.0,2.0
Salmonella,No abuse (4C),66.4,4.0,2.0
Salmonella,No abuse (4C),66.5,4.0,2.0
Salmonella,No abuse (4C),66.60000000000001,4.0,2.0
Salmonella,No abuse (4C),66.7,4.0,2.0
Salmonella,No abuse (4C),66.8,4.0,2.0
Salmonella,No abuse (4C),66.9,4.0,2.0
Salmonella,No abuse (4C),67.0,4.0,2.0
Salmonella,No abuse (4C),67.10000000000001,4.0,2.0
Salmonella,No abuse (4C),67.2,4.0,2.0
Salmonella,No abuse (4C),67.3,4.0,2.0
Salmonella,No abuse (4C),67.4,4.0,2.0
Salmonella,No abuse (4C),67.5,4.0,2.0
Salmonella,No abuse (4C),67.60000000000001,4.0,2.0
Salmonella,No abuse (4C),67.7,4.0,2.0
Salmonella,No abuse (4C),67.8,4.0,2.0
Salmonella,No abuse (4C),67.9,4.0,2.0
Salmonella,No abuse (4C),68.0,4.0,2.0
Salmonella,No abuse (4C),68.10000000000001,4.0,2.0
Salmonella,No abuse (4C),68.2,4.0,2.0
Salmonella,No abuse (4C),68.3,4.0,2.0
Salmonella,No abuse (4C),68.4,4.0,2.0
Salmonella,No abuse (4C),68.5,4.0,2.0
Salmonella,No abuse (4C),68.60000000000001,4.0,2.0
Salmonella,No abuse (4C),68.7,4.0,2.0
Salmonella,No abuse (4C),68.8,4.0,2.0
Salmonella,No abuse (4C),68.9,4.0,2.0
Salmonella,No abuse (4C),69.0,4.0,2.0
Salmonella,No abuse (4C),69.10000000000001,4.0,2.0
Salmonella,No abuse (4C),69.2,4.0,2.0
Salmonella,No abuse (4C),69.3,4.0,2.0
Salmonella,No abuse (4C),69.4,4.0,2.0
Salmonella,No abuse (4C),69.5,4.0,2.0
Salmonella,No abuse (4C),69.60000000000001,4.0,2.0
Salmonella,No abuse (4C),69.7,4.0,2.0
Salmonella,No abuse (4C),69.8,4.0,2.0
Salmonella,No abuse (4C),69.9,4.0,2.0
Salmonella,No abuse (4C),70.0,4.0,2.0
Salmonella,No abuse (4C),70.10000000000001,4.0,2.0
Salmonella,No abuse (4C),70.2,4.0,2.0
Salmonella,No abuse (4C),70.3,4.0,2.0
Salmonella,No abuse (4C),70.4,4.0,2.0
Salmonella,No abuse (4C),70.5,4.0,2.0
Salmonella,No abuse (4C),70.60000000000001,4.0,2.0
Salmonella,No abuse (4C),70.7,4.0,2.0
Salmonella,No abuse (4C),70.8,4.0,2.0
Salmonella,No abuse (4C),70.9,4.0,2.0
Salmonella,No abuse (4C),71.0,4.0,2.0
Salmonella,No abuse (4C),71.10000000000001,4.0,2.0
Salmonella,No abuse (4C),71.2,4.0,2.0
Salmonella,No abuse (4C),71.3,4.0,2.0
Salmonella,No abuse (4C),71.4,4.0,2.0
Salmonella,No abuse (4C),71.5,4.0,2.0
Salmonella,No abuse (4C),71.60000000000001,4.0,2.0
Salmonella,No abuse (4C),71.7,4.0,2.0
Salmonella,No abuse (4C),71.8,4.0,2.0
Salmonella,No abuse (4C),71.9,4.0,2.0
Salmonella,No abuse (4C),72.0,4.0,2.0
Salmonella,Single break,0.0,4.0,2.0
Salmonella,Single break,0.1,4.0,2.0
Salmonella,Single break,0.2,4.0,2.0
Salmonella,Single break,0.30000000000000004,4.0,2.0
Salmonella,Single break,0.4,4.0,2.0
Salmonella,Single break,0.5,4.0,2.0
Salmonella,Single break,0.6000000000000001,4.0,2.0
Salmonella,Single break,0.7000000000000001,4.0,2.0
Salmonella,Single break,0.8,4.0,2.0
Salmonella,Single break,0.9,4.0,2.0
Salmonella,Single break,1.0,4.0,2.0
Salmonella,Single break,1.1,4.0,2.0
Salmonella,Single break,1.2000000000000002,4.0,2.0
Salmonella,Single break,1.3,4.0,2.0
Salmonella,Single break,1.4000000000000001,4.0,2.0
Salmonella,Single break,1.5,4.0,2.0
Salmonella,Single break,1.6,4.0,2.0
Salmonella,Single break,1.7000000000000002,4.0,2.0
Salmonella,Single break,1.8,4.0,2.0
Salmonella,Single break,1.9000000000000001,4.0,2.0
Salmonella,Single break,2.0,4.0,2.0
Salmonella,Single break,2.1,4.0,2.0
Salmonella,Single break,2.2,4.0,2.0
Salmonella,Single break,2.3000000000000003,4.0,2.0
Salmonella,Single break,2.4000000000000004,4.0,2.0
Salmonella,Single break,2.5,4.0,2.0
Salmonella,Single break,2.6,4.0,2.0
Salmonella,Single break,2.7,4.0,2.0
Salmonella,Single break,2.8000000000000003,4.0,2.0
Salmonella,Single break,2.9000000000000004,4.0,2.0
Salmonella,Single break,3.0,4.0,2.0
Salmonella,Single break,3.1,4.0,2.0
Salmonella,Single break,3.2,4.0,2.0
Salmonella,Single break,3.3000000000000003,4.0,2.0
Salmonella,Single break,3.4000000000000004,4.0,2.0
Salmonella,Single break,3.5,4.0,2.0
Salmonella,Single break,3.6,4.0,2.0
Salmonella,Single break,3.7,4.0,2.0
Salmonella,Single break,3.8000000000000003,4.0,2.0
Salmonella,Single break,3.9000000000000004,4.0,2.0
Salmonella,Single break,4.0,4.0,2.0
Salmonella,Single break,4.1000000000000005,4.0,2.0
Salmonella,Single break,4.2,4.0,2.0
Salmonella,Single break,4.3,4.0,2.0
Salmonella,Single break,4.4,4.0,2.0
Salmonella,Single break,4.5,4.0,2.0
Salmonella,Single break,4.6000000000000005,4.0,2.0
Salmonella,Single break,4.7,4.0,2.0
Salmonella,Single break,4.800000000000001,4.0,2.0
Salmonella,Single break,4.9,4.0,2.0
Salmonella,Single break,5.0,4.0,2.0
Salmonella,Single break,5.1000000000000005,4.0,2.0
Salmonella,Single break,5.2,4.0,2.0
Salmonella,Single break,5.300000000000001,4.0,2.0
Salmonella,Single break,5.4,4.0,2.0
Salmonella,Single break,5.5,4.0,2.0
Salmonella,Single break,5.6000000000000005,4.0,2.0
Salmonella,Single break,5.7,4.0,2.0
Salmonella,Single break,5.800000000000001,4.0,2.0
Salmonella,Single break,5.9,4.0,2.0
Salmonella,Single break,6.0,4.0,2.0
Salmonella,Single break,6.1000000000000005,4.0,2.0
Salmonella,Single break,6.2,4.0,2.0
Salmonella,Single break,6.300000000000001,4.0,2.0
Salmonella,Single break,6.4,4.0,2.0
Salmonella,Single break,6.5,4.0,2.0
Salmonella,Single break,6.6000000000000005,4.0,2.0
Salmonella,Single break,6.7,4.0,2.0
Salmonella,Single break,6.800000000000001,4.0,2.0
Salmonella,Single break,6.9,4.0,2.0
Salmonella,Single break,7.0,4.0,2.0
Salmonella,Single break,7.1000000000000005,4.0,2.0
Salmonella,Single break,7.2,4.0,2.0
Salmonella,Single break,7.300000000000001,4.0,2.0
Salmonella,Single break,7.4,4.0,2.0
Salmonella,Single break,7.5,4.0,2.0
Salmonella,Single break,7.6000000000000005,4.0,2.0
Salmonella,Single break,7.7,4.0,2.0
Salmonella,Single break,7.800000000000001,4.0,2.0
Salmonella,Single break,7.9,4.0,2.0
Salmonella,Single break,8.0,4.0,2.0
Salmonella,Single break,8.1,4.0,2.0
Salmonella,Single break,8.200000000000001,4.0,2.0
Salmonella,Single break,8.3,4.0,2.0
Salmonella,Single break,8.4,4.0,2.0
Salmonella,Single break,8.5,4.0,2.0
Salmonella,Single break,8.6,4.0,2.0
Salmonella,Single break,8.700000000000001,4.0,2.0
Salmonella,Single break,8.8,4.0,2.0
Salmonella,Single break,8.9,4.0,2.0
Salmonella,Single break,9.0,4.0,2.0
Salmonella,Single break,9.1,4.0,2.0
Salmonella,Single break,9.200000000000001,4.0,2.0
Salmonella,Single break,9.3,4.0,2.0
Salmonella,Single break,9.4,4.0,2.0
Salmonella,Single break,9.5,4.0,2.0
Salmonella,Single break,9.600000000000001,4.0,2.0
Salmonella,Single break,9.700000000000001,4.0,2.0
Salmonella,Single break,9.8,4.0,2.0
Salmonella,Single break,9.9,4.0,2.0
Salmonella,Single break,10.0,4.0,2.0
Salmonella,Single break,10.100000000000001,4.0,2.0
Salmonella,Single break,10.200000000000001,4.0,2.0
Salmonella,Single break,10.3,4.0,2.0
Salmonella,Single break,10.4,4.0,2.0
Salmonella,Single break,10.5,4.0,2.0
Salmonella,Single break,10.600000000000001,4.0,2.0
Salmonella,Single break,10.700000000000001,4.0,2.0
Salmonella,Single break,10.8,4.0,2.0
Salmonella,Single break,10.9,4.0,2.0
Salmonella,Single break,11.0,4.0,2.0
Salmonella,Single break,11.100000000000001,4.0,2.0
Salmonella,Single break,11.200000000000001,4.0,2.0
Salmonella,Single break,11.3,4.0,2.0
Salmonella,Single break,11.4,4.0,2.0
Salmonella,Single break,11.5,4.0,2.0
Salmonella,Single break,11.600000000000001,4.0,2.0
Salmonella,Single break,11.700000000000001,4.0,2.0
Salmonella,Single break,11.8,4.0,2.0
Salmonella,Single break,11.9,4.0,2.0
Salmonella,Single break,12.0,4.0,2.0
Salmonella,Single break,12.100000000000001,4.0,2.0
Salmonella,Single break,12.200000000000001,4.0,2.0
Salmonella,Single break,12.3,4.0,2.0
Salmonella,Single break,12.4,4.0,2.0
Salmonella,Single break,12.5,4.0,2.0
Salmonella,Single break,12.600000000000001,4.0,2.0
Salmonella,Single break,12.700000000000001,4.0,2.0
Salmonella,Single break,12.8,4.0,2.0
Salmonella,Single break,12.9,4.0,2.0
Salmonella,Single break,13.0,4.0,2.0
Salmonella,Single break,13.100000000000001,4.0,2.0
Salmonella,Single break,13.200000000000001,4.0,2.0
Salmonella,Single break,13.3,4.0,2.0
Salmonella,Single break,13.4,4.0,2.0
Salmonella,Single break,13.5,4.0,2.0
Salmonella,Single break,13.600000000000001,4.0,2.0
Salmonella,Single break,13.700000000000001,4.0,2.0
Salmonella,Single break,13.8,4.0,2.0
Salmonella,Single break,13.9,4.0,2.0
Salmonella,Single break,14.0,4.0,2.0
Salmonella,Single break,14.100000000000001,4.0,2.0
Salmonella,Single break,14.200000000000001,4.0,2.0
Salmonella,Single break,14.3,4.0,2.0
Salmonella,Single break,14.4,4.0,2.0
Salmonella,Single break,14.5,4.0,2.0
Salmonella,Single break,14.600000000000001,4.0,2.0
Salmonella,Single break,14.700000000000001,4.0,2.0
Salmonella,Single break,14.8,4.0,2.0
Salmonella,Single break,14.9,4.0,2.0
Salmonella,Single break,15.0,4.0,2.0
Salmonella,Single break,15.100000000000001,4.0,2.0
Salmonella,Single break,15.200000000000001,4.0,2.0
Salmonella,Single break,15.3,4.0,2.0
Salmonella,Single break,15.4,4.0,2.0
Salmonella,Single break,15.5,4.0,2.0
Salmonella,Single break,15.600000000000001,4.0,2.0
Salmonella,Single break,15.700000000000001,4.0,2.0
Salmonella,Single break,15.8,4.0,2.0
Salmonella,Single break,15.9,4.0,2.0
Salmonella,Single break,16.0,4.0,2.0
Salmonella,Single break,16.1,4.0,2.0
Salmonella,Single break,16.2,4.0,2.0
Salmonella,Single break,16.3,4.0,2.0
Salmonella,Single break,16.400000000000002,4.0,2.0
Salmonella,Single break,16.5,4.0,2.0
Salmonella,Single break,16.6,4.0,2.0
Salmonella,Single break,16.7,4.0,2.0
Salmonella,Single break,16.8,4.0,2.0
Salmonella,Single break,16.900000000000002,4.0,2.0
Salmonella,Single break,17.0,4.0,2.0
Salmonella,Single break,17.1,4.0,2.0
Salmonella,Single break,17.2,4.0,2.0
Salmonella,Single break,17.3,4.0,2.0
Salmonella,Single break,17.400000000000002,4.0,2.0
Salmonella,Single break,17.5,4.0,2.0
Salmonella,Single break,17.6,4.0,2.0
Salmonella,Single break,17.7,4.0,2.0
Salmonella,Single break,17.8,4.0,2.0
Salmonella,Single break,17.900000000000002,4.0,2.0
Salmonella,Single break,18.0,4.0,2.0
Salmonella,Single break,18.1,4.0,2.0
Salmonella,Single break,18.2,4.0,2.0
Salmonella,Single break,18.3,4.0,2.0
Salmonella,Single break,18.400000000000002,4.0,2.0
Salmonella,Single break,18.5,4.0,2.0
Salmonella,Single break,18.6,4.0,2.0
Salmonella,Single break,18.7,4.0,2.0
Salmonella,Single break,18.8,4.0,2.0
Salmonella,Single break,18.900000000000002,4.0,2.0
Salmonella,Single break,19.0,4.0,2.0
Salmonella,Single break,19.1,4.0,2.0
Salmonella,Single break,19.200000000000003,4.0,2.0
Salmonella,Single break,19.3,4.0,2.0
Salmonella,Single break,19.400000000000002,4.0,2.0
Salmonella,Single break,19.5,4.0,2.0
Salmonella,Single break,19.6,4.0,2.0
Salmonella,Single break,19.700000000000003,4.0,2.0
Salmonella,Single break,19.8,4.0,2.0
Salmonella,Single break,19.900000000000002,4.0,2.0
Salmonella,Single break,20.0,4.0,2.0
Salmonella,Single break,20.1,4.0,2.0
Salmonella,Single break,20.200000000000003,4.0,2.0
Salmonella,Single break,20.3,4.0,2.0
Salmonella,Single break,20.400000000000002,4.0,2.0
Salmonella,Single break,20.5,4.0,2.0
Salmonella,Single break,20.6,4.0,2.0
Salmonella,Single break,20.700000000000003,4.0,2.0
Salmonella,Single break,20.8,4.0,2.0
Salmonella,Single break,20.900000000000002,4.0,2.0
Salmonella,Single break,21.0,4.0,2.0
Salmonella,Single break,21.1,4.0,2.0
Salmonella,Single break,21.200000000000003,4.0,2.0
Salmonella,Single break,21.3,4.0,2.0
Salmonella,Single break,21.400000000000002,4.0,2.0
Salmonella,Single break,21.5,4.0,2.0
Salmonella,Single break,21.6,4.0,2.0
Salmonella,Single break,21.700000000000003,4.0,2.0
Salmonella,Single break,21.8,4.0,2.0
Salmonella,Single break,21.900000000000002,4.0,2.0
Salmonella,Single break,22.0,4.0,2.0
Salmonella,Single break,22.1,4.0,2.0
Salmonella,Single break,22.200000000000003,4.0,2.0
Salmonella,Single break,22.3,4.0,2.0
Salmonella,Single break,22.400000000000002,4.0,2.0
Salmonella,Single break,22.5,4.0,2.0
Salmonella,Single break,22.6,4.0,2.0
Salmonella,Single break,22.700000000000003,4.0,2.0
Salmonella,Single break,22.8,4.0,2.0
Salmonella,Single break,22.900000000000002,4.0,2.0
Salmonella,Single break,23.0,4.0,2.0
Salmonella,Single break,23.1,4.0,2.0
Salmonella,Single break,23.200000000000003,4.0,2.0
Salmonella,Single break,23.3,4.0,2.0
Salmonella,Single break,23.400000000000002,4.0,2.0
Salmonella,Single break,23.5,4.0,2.0
Salmonella,Single break,23.6,4.0,2.0
Salmonella,Single break,23.700000000000003,4.0,2.0
Salmonella,Single break,23.8,4.0,2.0
Salmonella,Single break,23.900000000000002,4.0,2.0
Salmonella,Single break,24.0,4.0,2.0
Salmonella,Single break,24.1,25.0,2.0025540462379356
Salmonella,Single break,24.200000000000003,25.0,2.0051670333835734
Salmonella,Single break,24.3,25.0,2.0078403195802617
Salmonella,Single break,24.400000000000002,25.0,2.0105752941687687
Salmonella,Single break,24.5,25.0,2.0133733783992627
Salmonella,Single break,24.6,25.0,2.0162360261593166
Salmonella,Single break,24.700000000000003,25.0,2.019164724718287
Salmonella,Single break,24.8,25.0,2.022160995488422
Salmonella,Single break,24.900000000000002,25.0,2.0252263948030653
Salmonella,Single break,25.0,25.0,2.0283625147123265
Salmonella,Single break,25.1,25.0,2.0315709837965943
Salmonella,Single break,25.200000000000003,25.0,2.034853467998281
Salmonella,Single break,25.3,25.0,2.03821167147219
Salmonella,Single break,25.400000000000002,25.0,2.0416473374549096
Salmonella,Single break,25.5,25.0,2.045162249153641
Salmonella,Single break,25.6,25.0,2.0487582306548786
Salmonella,Single break,25.700000000000003,25.0,2.052437147853364
Salmonella,Single break,25.8,25.0,2.056200909401753
Salmonella,Single break,25.900000000000002,25.0,2.0600514676814328
Salmonella,Single break,26.0,25.0,2.063990819794942
Salmonella,Single break,26.1,25.0,2.0680210085804474
Salmonella,Single break,26.200000000000003,25.0,2.0721441236487483
Salmonella,Single break,26.3,25.0,2.0763623024432847
Salmonella,Single break,26.400000000000002,25.0,2.080677731323628
Salmonella,Single break,26.5,25.0,2.085092646672951
Salmonella,Single break,26.6,25.0,2.0896093360299806
Salmonella,Single break,26.700000000000003,25.0,2.094230139245937
Salmonella,Single break,26.8,25.0,2.0989574496669876
Salmonella,Single break,26.900000000000002,25.0,2.103793715342736
Salmonella,Single break,27.0,25.0,2.1087414402612894
Salmonella,Single break,27.1,25.0,2.113803185611447
Salmonella,Single break,27.200000000000003,25.0,2.1189815710725672
Salmonella,Single break,27.3,25.0,2.12427927613268
Salmonella,Single break,27.400000000000002,25.0,2.1296990414354124
Salmonella,Single break,27.5,25.0,2.135243670156319
Salmonella,Single break,27.6,25.0,2.1409160294091985
Salmonella,Single break,27.700000000000003,25.0,2.1467190516830086
Salmonella,Single break,27.8,25.0,2.15265573630998
Salmonella,Single break,27.900000000000002,25.0,2.158729150965553
Salmonella,Single break,28.0,25.0,2.164942433200765
Salmonella,Single break,28.1,25.0,2.1712987920077187
Salmonella,Single break,28.200000000000003,25.0,2.1778015094187855
Salmonella,Single break,28.3,25.0,2.184453942140187
Salmonella,Single break,28.400000000000002,25.0,2.1912595232206242
Salmonella,Single break,28.5,25.0,2.1982217637556145
Salmonella,Single break,28.6,25.0,2.20534425462822
Salmonella,Single break,28.700000000000003,25.0,2.2126306682868457
Salmonella,Single break,28.8,25.0,2.220084760560803
Salmonella,Single break,28.900000000000002,25.0,2.2277103725143284
Salmonella,Single break,29.0,25.0,2.2355114323397642
Salmonella,Single break,29.1,25.0,2.243491957290612
Salmonella,Single break,29.200000000000003,25.0,2.251656055655161
Salmonella,Single break,29.3,25.0,2.260007928771426
Salmonella,Single break,29.400000000000002,25.0,2.268551873084093
Salmonella,Single break,29.5,25.0,2.2772922822442183
Salmonella,Single break,29.6,25.0,2.2862336492523876
Salmonella,Single break,29.700000000000003,25.0,2.2953805686460704
Salmonella,Single break,29.8,25.0,2.304737738731892
Salmonella,Single break,29.900000000000002,25.0,2.3143099638635483
Salmonella,Single break,30.0,25.0,2.32410215676608
Salmonella,Single break,30.1,25.0,2.3341193409072236
Salmonella,Single break,30.200000000000003,25.0,2.3443666529165528
Salmonella,Single break,30.3,25.0,2.3548493450531067
Salmonella,Single break,30.400000000000002,25.0,2.3655727877221975
Salmonella,Single break,30.5,25.0,2.376542472042079
Salmonella,Single break,30.6,25.0,2.38776401246114
Salmonella,Single break,30.700000000000003,25.0,2.3992431494262694
Salmonella,Single break,30.8,25.0,2.410985752103017
Salmonella,Single break,30.900000000000002,25.0,2.422997821148157
Salmonella,Single break,31.0,25.0,2.4352854915352284
Salmonella,Single break,31.1,25.0,2.4478550354335926
Salmonella,Single break,31.200000000000003,25.0,2.4607128651415207
Salmonella,Single break,31.3,25.0,2.473865536073777
Salmonella,Single break,31.400000000000002,25.0,2.4873197498041124
Salmonella,Single break,31.5,25.0,2.501082357163049
Salmonella,Single break,31.6,25.0,2.5151603613912488
Salmonella,Single break,31.700000000000003,25.0,2.5295609213487222
Salmonella,Single break,31.8,25.0,2.544291354780042
Salmonella,Single break,31.900000000000002,25.0,2.5593591416356394
Salmonella,Single break,32.0,25.0,2.5747719274491834
Salmonella,Single break,32.1,25.0,2.5905375267709236
Salmonella,Single break,32.2,25.0,2.6066639266567684
Salmonella,Single break,32.300000000000004,25.0,2.623159290212736
Salmonella,Single break,32.4,25.0,2.6400319601942726
Salmonella,Single break,32.5,25.0,2.657290462659766
Salmonella,Single break,32.6,25.0,2.674943510677408
Salmonella,Single break,32.7,25.0,2.6930000080843444
Salmonella,Single break,32.800000000000004,25.0,2.7114690532968413
Salmonella,Single break,32.9,25.0,2.730359943169937
Salmonella,Single break,33.0,25.0,2.749682176904763
Salmonella,Single break,33.1,25.0,2.7694454600014144
Salmonella,Single break,33.2,25.0,2.7896597082549035
Salmonella,Single break,33.300000000000004,25.0,2.8103350517913195
Salmonella,Single break,33.4,25.0,2.8314818391409178
Salmonella,Single break,33.5,25.0,2.8531106413443426
Salmonella,Single break,33.6,25.0,2.8752322560876684
Salmonella,Single break,33.7,25.0,2.8978577118613296
Salmonella,Single break,33.800000000000004,25.0,2.920628812733257
Salmonella,Single break,33.9,25.0,2.943398136474696
Salmonella,Single break,34.0,25.0,2.9661656423009473
Salmonella,Single break,34.1,25.0,2.988931288498074
Salmonella,Single break,34.2,25.0,3.011695032402047
Salmonella,Single break,34.300000000000004,25.0,3.0344568303774335
Salmonella,Single break,34.4,25.0,3.057216637795625
Salmonella,Single break,34.5,25.0,3.079974409012592
Salmonella,Single break,34.6,25.0,3.1027300973461576
Salmonella,Single break,34.7,25.0,3.125483655052782
Salmonella,Single break,34.800000000000004,25.0,3.1482350333038425
Salmonella,Single break,34.9,25.0,3.1709841821614067
Salmonella,Single break,35.0,25.0,3.193731050553482
Salmonella,Single break,35.1,25.0,3.2164755862487353
Salmonella,Single break,35.2,25.0,3.239217735830671
Salmonella,Single break,35.300000000000004,25.0,3.2619574446712565
Salmonella,Single break,35.4,25.0,3.2846946569039854
Salmonella,Single break,35.5,25.0,3.307429315396368
Salmonella,Single break,35.6,25.0,3.330161361721835
Salmonella,Single break,35.7,25.0,3.3528907361310467
Salmonella,Single break,35.800000000000004,25.0,3.375617377522595
Salmonella,Single break,35.9,25.0,3.398341223413087
Salmonella,Single break,36.0,25.0,3.4210622099065966
Salmonella,Single break,36.1,25.0,3.443780271663476
Salmonella,Single break,36.2,25.0,3.4664953418685123
Salmonella,Single break,36.300000000000004,25.0,3.489207352198418
Salmonella,Single break,36.4,25.0,3.5119162327886433
Salmonella,Single break,36.5,25.0,3.5346219121994977
Salmonella,Single break,36.6,25.0,3.5573243173815676
Salmonella,Single break,36.7,25.0,3.5800233736404192
Salmonella,Single break,36.800000000000004,25.0,3.6027190046005724
Salmonella,Single break,36.9,25.0,3.6254111321687326
Salmonella,Single break,37.0,25.0,3.6480996764962685
Salmonella,Single break,37.1,25.0,3.6707845559409225
Salmonella,Single break,37.2,25.0,3.6934656870277376
Salmonella,Single break,37.300000000000004,25.0,3.716142984409195
Salmonella,Single break,37.4,25.0,3.7388163608245386
Salmonella,Single break,37.5,25.0,3.7614857270582815
Salmonella,Single break,37.6,25.0,3.7841509918978757
Salmonella,Single break,37.7,25.0,3.806812062090534
Salmonella,Single break,37.800000000000004,25.0,3.8294688422991894
Salmonella,Single break,37.9,25.0,3.852121235057577
Salmonella,Single break,38.0,25.0,3.8747691407244265
Salmonella,Single break,38.1,25.0,3.8974124574367504
Salmonella,Single break,38.2,25.0,3.9200510810622133
Salmonella,Single break,38.300000000000004,25.0,3.9426849051505686
Salmonella,Single break,38.400000000000006,25.0,3.965313820884149
Salmonella,Single break,38.5,25.0,3.9879377170273984
Salmonella,Single break,38.6,25.0,4.010556479875425
Salmonella,Single break,38.7,25.0,4.033169993201571
Salmonella,Single break,38.800000000000004,25.0,4.055778138203975
Salmonella,Single break,38.900000000000006,25.0,4.078380793451122
Salmonella,Single break,39.0,25.0,4.10097783482636
Salmonella,Single break,39.1,25.0,4.123569135471377
Salmonella,Single break,39.2,25.0,4.146154565728613
Salmonella,Single break,39.300000000000004,25.0,4.16873399308261
Salmonella,Single break,39.400000000000006,25.0,4.191307282100271
Salmonella,Single break,39.5,25.0,4.213874294370024
Salmonella,Single break,39.6,25.0,4.236434888439876
Salmonella,Single break,39.7,25.0,4.258988919754343
Salmonella,Single break,39.800000000000004,25.0,4.281536240590244
Salmonella,Single break,39.900000000000006,25.0,4.304076699991346
Salmonella,Single break,40.0,25.0,4.326610143701856
Salmonella,Single break,40.1,25.0,4.349136414098733
Salmonella,Single break,40.2,25.0,4.37165535012282
Salmonella,Single break,40.300000000000004,25.0,4.394166787208787
Salmonella,Single break,40.400000000000006,25.0,4.416670557213867
Salmonella,Single break,40.5,25.0,4.439166488345376
Salmonella,Single break,40.6,25.0,4.4616544050870175
Salmonella,Single break,40.7,25.0,4.484134128123948
Salmonella,Single break,40.800000000000004,25.0,4.506605474266608
Salmonella,Single break,40.900000000000006,25.0,4.529068256373301
Salmonella,Single break,41.0,25.0,4.551522283271523
Salmonella,Single break,41.1,25.0,4.5739673596780275
Salmonella,Single break,41.2,25.0,4.596403286117626
Salmonella,Single break,41.300000000000004,25.0,4.61882985884072
Salmonella,Single break,41.400000000000006,25.0,4.641246869739556
Salmonella,Single break,41.5,25.0,4.663654106263203
Salmonella,Single break,41.6,25.0,4.686051351331257
Salmonella,Single break,41.7,25.0,4.7084383832462615
Salmonella,Single break,41.800000000000004,25.0,4.730814975604847
Salmonella,Single break,41.900000000000006,25.0,4.753180897207598
Salmonella,Single break,42.0,25.0,4.775535911967645
Salmonella,Single break,42.1,25.0,4.797879778817982
Salmonella,Single break,42.2,25.0,4.820212251617524
Salmonella,Single break,42.300000000000004,25.0,4.842533079055907
Salmonella,Single break,42.400000000000006,25.0,4.864842004557032
Salmonella,Single break,42.5,25.0,4.88713876618138
Salmonella,Single break,42.6,25.0,4.90942309652709
Salmonella,Single break,42.7,25.0,4.9316947226298335
Salmonella,Single break,42.800000000000004,25.0,4.953953365861484
Salmonella,Single break,42.900000000000006,25.0,4.976198741827608
Salmonella,Single break,43.0,25.0,4.9984305602638
Salmonella,Single break,43.1,25.0,5.020648524930869
Salmonella,Single break,43.2,25.0,5.042852333508924
Salmonella,Single break,43.300000000000004,25.0,5.065041677490358
Salmonella,Single break,43.400000000000006,25.0,5.087216242071779
Salmonella,Single break,43.5,25.0,5.109375706044917
Salmonella,Single break,43.6,25.0,5.131519741686526
Salmonella,Single break,43.7,25.0,5.153648014647344
Salmonella,Single break,43.800000000000004,25.0,5.175760183840121
Salmonella,Single break,43.900000000000006,25.0,5.197855901326787
Salmonella,Single break,44.0,25.0,5.219934812204781
Salmonella,Single break,44.1,25.0,5.2419965544926095
Salmonella,Single break,44.2,25.0,5.264040759014676
Salmonella,Single break,44.300000000000004,25.0,5.2860670492854425
Salmonella,Single break,44.400000000000006,25.0,5.308075041392983
Salmonella,Single break,44.5,25.0,5.330064343881988
Salmonella,Single break,44.6,25.0,5.352034557636295
Salmonella,Single break,44.7,25.0,5.373985275761014
Salmonella,Single break,44.800000000000004,25.0,5.395916083464322
Salmonella,Single break,44.900000000000006,25.0,5.41782655793901
Salmonella,Single break,45.0,25.0,5.439716268243864
Salmonella,Single break,45.1,25.0,5.461584775184974
Salmonella,Single break,45.2,25.0,5.483431631197065
Salmonella,Single break,45.300000000000004,25.0,5.505256380224941
Salmonella,Single break,45.400000000000006,25.0,5.527058557605161
Salmonella,Single break,45.5,25.0,5.548837689948047
Salmonella,Single break,45.6,25.0,5.570593295020133
Salmonella,Single break,45.7,25.0,5.5923248816271975
Salmonella,Single break,45.800000000000004,25.0,5.614031949497979
Salmonella,Single break,45.900000000000006,25.0,5.635713989168723
Salmonella,Single break,46.0,25.0,5.657370481868702
Salmonella,Single break,46.1,25.0,5.679000899406831
Salmonella,Single break,46.2,25.0,5.700604704059556
Salmonella,Single break,46.300000000000004,25.0,5.72218134846015
Salmonella,Single break,46.400000000000006,25.0,5.743730275489589
Salmonella,Single break,46.5,25.0,5.765250918169182
Salmonella,Single break,46.6,25.0,5.786742699555116
Salmonella,Single break,46.7,25.0,5.808205032635118
Salmonella,Single break,46.800000000000004,25.0,5.829637320227402
Salmonella,Single break,46.900000000000006,25.0,5.851038954882121
Salmonella,Single break,47.0,25.0,5.872409318785507
Salmonella,Single break,47.1,25.0,5.893747783666919
Salmonella,Single break,47.2,25.0,5.915053710709021
Salmonella,Single break,47.300000000000004,25.0,5.936326450461299
Salmonella,Single break,47.400000000000006,25.0,5.957565342757172
Salmonella,Single break,47.5,25.0,5.978769716634909
Salmonella,Single break,47.6,25.0,5.9999388902626265
Salmonella,Single break,47.7,25.0,6.02107217086759
Salmonella,Single break,47.800000000000004,25.0,6.042168854670108
Salmonella,Single break,47.900000000000006,25.0,6.063228226822269
Salmonella,Single break,48.0,25.0,6.084249561351796
Salmonella,Single break,48.1,8.0,6.084461156250589
Salmonella,Single break,48.2,8.0,6.084672747212823
Salmonella,Single break,48.300000000000004,8.0,6.084884334237737
Salmonella,Single break,48.400000000000006,8.0,6.085095917324573
Salmonella,Single break,48.5,8.0,6.085307496472569
Salmonella,Single break,48.6,8.0,6.085519071680967
Salmonella,Single break,48.7,8.0,6.085730642949005
Salmonella,Single break,48.800000000000004,8.0,6.085942210275924
Salmonella,Single break,48.900000000000006,8.0,6.086153773660962
Salmonella,Single break,49.0,8.0,6.086365333103361
Salmonella,Single break,49.1,8.0,6.086576888602357
Salmonella,Single break,49.2,8.0,6.086788440157191
Salmonella,Single break,49.300000000000004,8.0,6.086999987767102
Salmonella,Single break,49.400000000000006,8.0,6.087211531431329
Salmonella,Single break,49.5,8.0,6.087423071149111
Salmonella,Single break,49.6,8.0,6.0876346069196865
Salmonella,Single break,49.7,8.0,6.087846138742294
Salmonella,Single break,49.800000000000004,8.0,6.088057666616172
Salmonella,Single break,49.900000000000006,8.0,6.088269190540559
Salmonella,Single break,50.0,8.0,6.088480710514693
Salmonella,Single break,50.1,8.0,6.0886922265378125
Salmonella,Single break,50.2,8.0,6.088903738609155
Salmonella,Single break,50.300000000000004,8.0,6.0891152467279595
Salmonella,Single break,50.400000000000006,8.0,6.089326750893463
Salmonella,Single break,50.5,8.0,6.089538251104902
Salmonella,Single break,50.6,8.0,6.089749747361516
Salmonella,Single break,50.7,8.0,6.089961239662542
Salmonella,Single break,50.800000000000004,8.0,6.090172728007217
Salmonella,Single break,50.900000000000006,8.0,6.0903842123947785
Salmonella,Single break,51.0,8.0,6.090595692824463
Salmonella,Single break,51.1,8.0,6.090807169295508
Salmonella,Single break,51.2,8.0,6.091018641807151
Salmonella,Single break,51.300000000000004,8.0,6.0912301103586275
Salmonella,Single break,51.400000000000006,8.0,6.091441574949175
Salmonella,Single break,51.5,8.0,6.091653035578029
Salmonella,Single break,51.6,8.0,6.091864492244428
Salmonella,Single break,51.7,8.0,6.092075944947606
Salmonella,Single break,51.800000000000004,8.0,6.0922873936868
Salmonella,Single break,51.900000000000006,8.0,6.092498838461247
Salmonella,Single break,52.0,8.0,6.092710279270182
Salmonella,Single break,52.1,8.0,6.0929217161128415
Salmonella,Single break,52.2,8.0,6.093133148988461
Salmonella,Single break,52.300000000000004,8.0,6.093344577896275
Salmonella,Single break,52.400000000000006,8.0,6.09355600283552
Salmonella,Single break,52.5,8.0,6.0937674238054305
Salmonella,Single break,52.6,8.0,6.093978840805243
Salmonella,Single break,52.7,8.0,6.094190253834192
Salmonella,Single break,52.800000000000004,8.0,6.094401662891513
Salmonella,Single break,52.900000000000006,8.0,6.09461306797644
Salmonella,Single break,53.0,8.0,6.094824469088209
Salmonella,Single break,53.1,8.0,6.095035866226054
Salmonella,Single break,53.2,8.0,6.095247259389208
Salmonella,Single break,53.300000000000004,8.0,6.0954586485769084
Salmonella,Single break,53.400000000000006,8.0,6.095670033788388
Salmonella,Single break,53.5,8.0,6.095881415022881
Salmonella,Single break,53.6,8.0,6.096092792279622
Salmonella,Single break,53.7,8.0,6.096304165557844
Salmonella,Single break,53.800000000000004,8.0,6.096515534856781
Salmonella,Single break,53.900000000000006,8.0,6.0967269001756685
Salmonella,Single break,54.0,8.0,6.096938261513738
Salmonella,Single break,54.1,8.0,6.097149618870224
Salmonella,Single break,54.2,8.0,6.097360972244361
Salmonella,Single break,54.300000000000004,8.0,6.09757232163538
Salmonella,Single break,54.400000000000006,8.0,6.097783667042515
Salmonella,Single break,54.5,8.0,6.097995008464999
Salmonella,Single break,54.6,8.0,6.098206345902066
Salmonella,Single break,54.7,8.0,6.0984176793529485
Salmonella,Single break,54.800000000000004,8.0,6.098629008816878
Salmonella,Single break,54.900000000000006,8.0,6.0988403342930875
Salmonella,Single break,55.0,8.0,6.09905165578081
Salmonella,Single break,55.1,8.0,6.099262973279278
Salmonella,Single break,55.2,8.0,6.099474286787723
Salmonella,Single break,55.300000000000004,8.0,6.099685596305378
Salmonella,Single break,55.400000000000006,8.0,6.099896901831475
Salmonella,Single break,55.5,8.0,6.100108203365244
Salmonella,Single break,55.6,8.0,6.100319500905919
Salmonella,Single break,55.7,8.0,6.100530794452731
Salmonella,Single break,55.800000000000004,8.0,6.100742084004912
Salmonella,Single break,55.900000000000006,8.0,6.100953369561692
Salmonella,Single break,56.0,8.0,6.101164651122303
Salmonella,Single break,56.1,8.0,6.101375928685978
Salmonella,Single break,56.2,8.0,6.101587202251945
Salmonella,Single break,56.300000000000004,8.0,6.101798471819437
Salmonella,Single break,56.400000000000006,8.0,6.102009737387685
Salmonella,Single break,56.5,8.0,6.102220998955918
Salmonella,Single break,56.6,8.0,6.102432256523368
Salmonella,Single break,56.7,8.0,6.1026435100892655
Salmonella,Single break,56.800000000000004,8.0,6.10285475965284
Salmonella,Single break,56.900000000000006,8.0,6.103066005213322
Salmonella,Single break,57.0,8.0,6.103277246769943
Salmonella,Single break,57.1,8.0,6.103488484321932
Salmonella,Single break,57.2,8.0,6.103699717868519
Salmonella,Single break,57.300000000000004,8.0,6.1039109474089335
Salmonella,Single break,57.400000000000006,8.0,6.1041221729424056
Salmonella,Single break,57.5,8.0,6.104333394468164
Salmonella,Single break,57.6,8.0,6.10454461198544
Salmonella,Single break,57.7,8.0,6.104755825493461
Salmonella,Single break,57.800000000000004,8.0,6.104967034991457
Salmonella,Single break,57.900000000000006,8.0,6.105178240478658
Salmonella,Single break,58.0,8.0,6.105389441954292
Salmonella,Single break,58.1,8.0,6.105600639417587
Salmonella,Single break,58.2,8.0,6.105811832867774
Salmonella,Single break,58.300000000000004,8.0,6.10602302230408
Salmonella,Single break,58.400000000000006,8.0,6.106234207725734
Salmonella,Single break,58.5,8.0,6.106445389131965
Salmonella,Single break,58.6,8.0,6.106656566522
Salmonella,Single break,58.7,8.0,6.106867739895068
Salmonella,Single break,58.800000000000004,8.0,6.107078909250397
Salmonella,Single break,58.900000000000006,8.0,6.107290074587215
Salmonella,Single break,59.0,8.0,6.10750123590475
Salmonella,Single break,59.1,8.0,6.107712393202229
Salmonella,Single break,59.2,8.0,6.10792354647888
Salmonella,Single break,59.300000000000004,8.0,6.108134695733931
Salmonella,Single break,59.400000000000006,8.0,6.108345840966608
Salmonella,Single break,59.5,8.0,6.10855698217614
Salmonella,Single break,59.6,8.0,6.108768119361753
Salmonella,Single break,59.7,8.0,6.1089792525226745
Salmonella,Single break,59.800000000000004,8.0,6.109190381658132
Salmonella,Single break,59.900000000000006,8.0,6.109401506767351
Salmonella,Single break,60.0,8.0,6.109612627849558
Salmonella,Single break,60.1,8.0,6.109823744903982
Salmonella,Single break,60.2,8.0,6.110034857929846
Salmonella,Single break,60.300000000000004,8.0,6.110245966926379
Salmonella,Single break,60.400000000000006,8.0,6.110457071892806
Salmonella,Single break,60.5,8.0,6.110668172828353
Salmonella,Single break,60.6,8.0,6.110879269732247
Salmonella,Single break,60.7,8.0,6.111090362603712
Salmonella,Single break,60.800000000000004,8.0,6.111301451441976
Salmonella,Single break,60.900000000000006,8.0,6.111512536246264
Salmonella,Single break,61.0,8.0,6.1117236170158
Salmonella,Single break,61.1,8.0,6.11193469374981
Salmonella,Single break,61.2,8.0,6.1121457664475205
Salmonella,Single break,61.300000000000004,8.0,6.112356835108156
Salmonella,Single break,61.400000000000006,8.0,6.112567899730942
Salmonella,Single break,61.5,8.0,6.112778960315102
Salmonella,Single break,61.6,8.0,6.112990016859862
Salmonella,Single break,61.7,8.0,6.113201069364447
Salmonella,Single break,61.800000000000004,8.0,6.11341211782808
Salmonella,Single break,61.900000000000006,8.0,6.113623162249987
Salmonella,Single break,62.0,8.0,6.113834202629392
Salmonella,Single break,62.1,8.0,6.114045238965519
Salmonella,Single break,62.2,8.0,6.1142562712575925
Salmonella,Single break,62.300000000000004,8.0,6.114467299504836
Salmonella,Single break,62.400000000000006,8.0,6.114678323706474
Salmonella,Single break,62.5,8.0,6.114889343861729
Salmonella,Single break,62.6,8.0,6.115100359969826
Salmonella,Single break,62.7,8.0,6.115311372029988
Salmonella,Single break,62.800000000000004,8.0,6.115522380041439
Salmonella,Single break,62.900000000000006,8.0,6.115733384003401
Salmonella,Single break,63.0,8.0,6.115944383915099
Salmonella,Single break,63.1,8.0,6.116155379775754
Salmonella,Single break,63.2,8.0,6.11636637158459
Salmonella,Single break,63.300000000000004,8.0,6.11657735934083
Salmonella,Single break,63.400000000000006,8.0,6.116788343043697
Salmonella,Single break,63.5,8.0,6.116999322692413
Salmonella,Single break,63.6,8.0,6.117210298286201
Salmonella,Single break,63.7,8.0,6.117421269824283
Salmonella,Single break,63.800000000000004,8.0,6.117632237305881
Salmonella,Single break,63.900000000000006,8.0,6.117843200730218
Salmonella,Single break,64.0,8.0,6.118054160096515
Salmonella,Single break,64.10000000000001,8.0,6.118265115403994
Salmonella,Single break,64.2,8.0,6.118476066651877
Salmonella,Single break,64.3,8.0,6.118687013839387
Salmonella,Single break,64.4,8.0,6.118897956965744
Salmonella,Single break,64.5,8.0,6.119108896030169
Salmonella,Single break,64.60000000000001,8.0,6.119319831031885
Salmonella,Single break,64.7,8.0,6.119530761970113
Salmonella,Single break,64.8,8.0,6.119741688844073
Salmonella,Single break,64.9,8.0,6.1199526116529865
Salmonella,Single break,65.0,8.0,6.120163530396074
Salmonella,Single break,65.10000000000001,8.0,6.1203744450725575
Salmonella,Single break,65.2,8.0,6.120585355681656
Salmonella,Single break,65.3,8.0,6.120796262222591
Salmonella,Single break,65.4,8.0,6.121007164694582
Salmonella,Single break,65.5,8.0,6.121218063096851
Salmonella,Single break,65.60000000000001,8.0,6.121428957428617
Salmonella,Single break,65.7,8.0,6.1216398476891
Salmonella,Single break,65.8,8.0,6.121850733877521
Salmonella,Single break,65.9,8.0,6.122061615993098
Salmonella,Single break,66.0,8.0,6.122272494035052
Salmonella,Single break,66.10000000000001,8.0,6.122483368002602
Salmonella,Single break,66.2,8.0,6.122694237894968
Salmonella,Single break,66.3,8.0,6.122905103711369
Salmonella,Single break,66.4,8.0,6.123115965451023
Salmonella,Single break,66.5,8.0,6.123326823113152
Salmonella,Single break,66.60000000000001,8.0,6.123537676696974
Salmonella,Single break,66.7,8.0,6.123748526201706
Salmonella,Single break,66.8,8.0,6.123959371626569
Salmonella,Single break,66.9,8.0,6.12417021297078
Salmonella,Single break,67.0,8.0,6.124381050233558
Salmonella,Single break,67.10000000000001,8.0,6.124591883414123
Salmonella,Single break,67.2,8.0,6.124802712511691
Salmonella,Single break,67.3,8.0,6.125013537525482
Salmonella,Single break,67.4,8.0,6.125224358454712
Salmonella,Single break,67.5,8.0,6.125435175298601
Salmonella,Single break,67.60000000000001,8.0,6.125645988056366
Salmonella,Single break,67.7,8.0,6.125856796727225
Salmonella,Single break,67.8,8.0,6.126067601310395
Salmonella,Single break,67.9,8.0,6.126278401805094
Salmonella,Single break,68.0,8.0,6.12648919821054
Salmonella,Single break,68.10000000000001,8.0,6.126699990525949
Salmonella,Single break,68.2,8.0,6.126910778750538
Salmonella,Single break,68.3,8.0,6.127121562883526
Salmonella,Single break,68.4,8.0,6.127332342924128
Salmonella,Single break,68.5,8.0,6.127543118871562
Salmonella,Single break,68.60000000000001,8.0,6.127753890725043
Salmonella,Single break,68.7,8.0,6.12796465848379
Salmonella,Single break,68.8,8.0,6.1281754221470175
Salmonella,Single break,68.9,8.0,6.1283861817139424
Salmonella,Single break,69.0,8.0,6.128596937183781
Salmonella,Single break,69.10000000000001,8.0,6.128807688555749
Salmonella,Single break,69.2,8.0,6.129018435829064
Salmonella,Single break,69.3,8.0,6.129229179002939
Salmonella,Single break,69.4,8.0,6.129439918076592
Salmonella,Single break,69.5,8.0,6.1296506530492385
Salmonella,Single break,69.60000000000001,8.0,6.129861383920093
Salmonella,Single break,69.7,8.0,6.1300721106883715
Salmonella,Single break,69.8,8.0,6.130282833353289
Salmonella,Single break,69.9,8.0,6.130493551914061
Salmonella,Single break,70.0,8.0,6.130704266369902
Salmonella,Single break,70.10000000000001,8.0,6.130914976720027
Salmonella,Single break,70.2,8.0,6.131125682963652
Salmonella,Single break,70.3,8.0,6.13133638509999
Salmonella,Single break,70.4,8.0,6.1315470831282575
Salmonella,Single break,70.5,8.0,6.1317577770476674
Salmonella,Single break,70.60000000000001,8.0,6.131968466857435
Salmonella,Single break,70.7,8.0,6.132179152556773
Salmonella,Single break,70.8,8.0,6.132389834144898
Salmonella,Single break,70.9,8.0,6.132600511621022
Salmonella,Single break,71.0,8.0,6.13281118498436
Salmonella,Single break,71.10000000000001,8.0,6.133021854234124
Salmonella,Single break,71.2,8.0,6.133232519369529
Salmonella,Single break,71.3,8.0,6.133443180389789
Salmonella,Single break,71.4,8.0,6.1336538372941165
Salmonella,Single break,71.5,8.0,6.133864490081725
Salmonella,Single break,71.60000000000001,8.0,6.134075138751829
Salmonella,Single break,71.7,8.0,6.134285783303639
Salmonella,Single break,71.8,8.0,6.13449642373637
Salmonella,Single break,71.9,8.0,6.134707060049234
Salmonella,Single break,72.0,8.0,6.1349176922414435
Salmonella,Repeated breaks,0.0,4.0,2.0
Salmonella,Repeated breaks,0.1,4.0,2.0
Salmonella,Repeated breaks,0.2,4.0,2.0
Salmonella,Repeated breaks,0.30000000000000004,4.0,2.0
Salmonella,Repeated breaks,0.4,4.0,2.0
Salmonella,Repeated breaks,0.5,4.0,2.0
Salmonella,Repeated breaks,0.6000000000000001,4.0,2.0
Salmonella,Repeated breaks,0.7000000000000001,4.0,2.0
Salmonella,Repeated breaks,0.8,4.0,2.0
Salmonella,Repeated breaks,0.9,4.0,2.0
Salmonella,Repeated breaks,1.0,4.0,2.0
Salmonella,Repeated breaks,1.1,4.0,2.0
Salmonella,Repeated breaks,1.2000000000000002,4.0,2.0
Salmonella,Repeated breaks,1.3,4.0,2.0
Salmonella,Repeated breaks,1.4000000000000001,4.0,2.0
Salmonella,Repeated breaks,1.5,4.0,2.0
Salmonella,Repeated breaks,1.6,4.0,2.0
Salmonella,Repeated breaks,1.7000000000000002,4.0,2.0
Salmonella,Repeated breaks,1.8,4.0,2.0
Salmonella,Repeated breaks,1.9000000000000001,4.0,2.0
Salmonella,Repeated breaks,2.0,4.0,2.0
Salmonella,Repeated breaks,2.1,4.0,2.0
Salmonella,Repeated breaks,2.2,4.0,2.0
Salmonella,Repeated breaks,2.3000000000000003,4.0,2.0
Salmonella,Repeated breaks,2.4000000000000004,4.0,2.0
Salmonella,Repeated breaks,2.5,4.0,2.0
Salmonella,Repeated breaks,2.6,4.0,2.0
Salmonella,Repeated breaks,2.7,4.0,2.0
Salmonella,Repeated breaks,2.8000000000000003,4.0,2.0
Salmonella,Repeated breaks,2.9000000000000004,4.0,2.0
Salmonella,Repeated breaks,3.0,4.0,2.0
Salmonella,Repeated breaks,3.1,4.0,2.0
Salmonella,Repeated breaks,3.2,4.0,2.0
Salmonella,Repeated breaks,3.3000000000000003,4.0,2.0
Salmonella,Repeated breaks,3.4000000000000004,4.0,2.0
Salmonella,Repeated breaks,3.5,4.0,2.0
Salmonella,Repeated breaks,3.6,4.0,2.0
Salmonella,Repeated breaks,3.7,4.0,2.0
Salmonella,Repeated breaks,3.8000000000000003,4.0,2.0
Salmonella,Repeated breaks,3.9000000000000004,4.0,2.0
Salmonella,Repeated breaks,4.0,4.0,2.0
Salmonella,Repeated breaks,4.1000000000000005,4.0,2.0
Salmonella,Repeated breaks,4.2,4.0,2.0
Salmonella,Repeated breaks,4.3,4.0,2.0
Salmonella,Repeated breaks,4.4,4.0,2.0
Salmonella,Repeated breaks,4.5,4.0,2.0
Salmonella,Repeated breaks,4.6000000000000005,4.0,2.0
Salmonella,Repeated breaks,4.7,4.0,2.0
Salmonella,Repeated breaks,4.800000000000001,4.0,2.0
Salmonella,Repeated breaks,4.9,4.0,2.0
Salmonella,Repeated breaks,5.0,4.0,2.0
Salmonella,Repeated breaks,5.1000000000000005,4.0,2.0
Salmonella,Repeated breaks,5.2,4.0,2.0
Salmonella,Repeated breaks,5.300000000000001,4.0,2.0
Salmonella,Repeated breaks,5.4,4.0,2.0
Salmonella,Repeated breaks,5.5,4.0,2.0
Salmonella,Repeated breaks,5.6000000000000005,4.0,2.0
Salmonella,Repeated breaks,5.7,4.0,2.0
Salmonella,Repeated breaks,5.800000000000001,4.0,2.0
Salmonella,Repeated breaks,5.9,4.0,2.0
Salmonella,Repeated breaks,6.0,4.0,2.0
Salmonella,Repeated breaks,6.1000000000000005,4.0,2.0
Salmonella,Repeated breaks,6.2,4.0,2.0
Salmonella,Repeated breaks,6.300000000000001,4.0,2.0
Salmonella,Repeated breaks,6.4,4.0,2.0
Salmonella,Repeated breaks,6.5,4.0,2.0
Salmonella,Repeated breaks,6.6000000000000005,4.0,2.0
Salmonella,Repeated breaks,6.7,4.0,2.0
Salmonella,Repeated breaks,6.800000000000001,4.0,2.0
Salmonella,Repeated breaks,6.9,4.0,2.0
Salmonella,Repeated breaks,7.0,4.0,2.0
Salmonella,Repeated breaks,7.1000000000000005,4.0,2.0
Salmonella,Repeated breaks,7.2,4.0,2.0
Salmonella,Repeated breaks,7.300000000000001,4.0,2.0
Salmonella,Repeated breaks,7.4,4.0,2.0
Salmonella,Repeated breaks,7.5,4.0,2.0
Salmonella,Repeated breaks,7.6000000000000005,4.0,2.0
Salmonella,Repeated breaks,7.7,4.0,2.0
Salmonella,Repeated breaks,7.800000000000001,4.0,2.0
Salmonella,Repeated breaks,7.9,4.0,2.0
Salmonella,Repeated breaks,8.0,4.0,2.0
Salmonella,Repeated breaks,8.1,4.0,2.0
Salmonella,Repeated breaks,8.200000000000001,4.0,2.0
Salmonella,Repeated breaks,8.3,4.0,2.0
Salmonella,Repeated breaks,8.4,4.0,2.0
Salmonella,Repeated breaks,8.5,4.0,2.0
Salmonella,Repeated breaks,8.6,4.0,2.0
Salmonella,Repeated breaks,8.700000000000001,4.0,2.0
Salmonella,Repeated breaks,8.8,4.0,2.0
Salmonella,Repeated breaks,8.9,4.0,2.0
Salmonella,Repeated breaks,9.0,4.0,2.0
Salmonella,Repeated breaks,9.1,4.0,2.0
Salmonella,Repeated breaks,9.200000000000001,4.0,2.0
Salmonella,Repeated breaks,9.3,4.0,2.0
Salmonella,Repeated breaks,9.4,4.0,2.0
Salmonella,Repeated breaks,9.5,4.0,2.0
Salmonella,Repeated breaks,9.600000000000001,4.0,2.0
Salmonella,Repeated breaks,9.700000000000001,4.0,2.0
Salmonella,Repeated breaks,9.8,4.0,2.0
Salmonella,Repeated breaks,9.9,4.0,2.0
Salmonella,Repeated breaks,10.0,4.0,2.0
Salmonella,Repeated breaks,10.100000000000001,4.0,2.0
Salmonella,Repeated breaks,10.200000000000001,4.0,2.0
Salmonella,Repeated breaks,10.3,4.0,2.0
Salmonella,Repeated breaks,10.4,4.0,2.0
Salmonella,Repeated breaks,10.5,4.0,2.0
Salmonella,Repeated breaks,10.600000000000001,4.0,2.0
Salmonella,Repeated breaks,10.700000000000001,4.0,2.0
Salmonella,Repeated breaks,10.8,4.0,2.0
Salmonella,Repeated breaks,10.9,4.0,2.0
Salmonella,Repeated breaks,11.0,4.0,2.0
Salmonella,Repeated breaks,11.100000000000001,4.0,2.0
Salmonella,Repeated breaks,11.200000000000001,4.0,2.0
Salmonella,Repeated breaks,11.3,4.0,2.0
Salmonella,Repeated breaks,11.4,4.0,2.0
Salmonella,Repeated breaks,11.5,4.0,2.0
Salmonella,Repeated breaks,11.600000000000001,4.0,2.0
Salmonella,Repeated breaks,11.700000000000001,4.0,2.0
Salmonella,Repeated breaks,11.8,4.0,2.0
Salmonella,Repeated breaks,11.9,4.0,2.0
Salmonella,Repeated breaks,12.0,4.0,2.0
Salmonella,Repeated breaks,12.100000000000001,15.0,2.000561669327728
Salmonella,Repeated breaks,12.200000000000001,15.0,2.001126189240699
Salmonella,Repeated breaks,12.3,15.0,2.0016935741996407
Salmonella,Repeated breaks,12.4,15.0,2.0022638387385685
Salmonella,Repeated breaks,12.5,15.0,2.0028369974651574
Salmonella,Repeated breaks,12.600000000000001,15.0,2.003413065061113
Salmonella,Repeated breaks,12.700000000000001,15.0,2.003992056282548
Salmonella,Repeated breaks,12.8,15.0,2.0045739859603566
Salmonella,Repeated breaks,12.9,15.0,2.005158869000593
Salmonella,Repeated breaks,13.0,15.0,2.0057467203848534
Salmonella,Repeated breaks,13.100000000000001,15.0,2.006337555170655
Salmonella,Repeated breaks,13.200000000000001,15.0,2.0069313884918225
Salmonella,Repeated breaks,13.3,15.0,2.0075282355588726
Salmonella,Repeated breaks,13.4,15.0,2.0081281116594023
Salmonella,Repeated breaks,13.5,15.0,2.0087310321584786
Salmonella,Repeated breaks,13.600000000000001,15.0,2.00933701249903
Salmonella,Repeated breaks,13.700000000000001,15.0,2.009946068202241
Salmonella,Repeated breaks,13.8,15.0,2.010558214867946
Salmonella,Repeated breaks,13.9,15.0,2.01117346817503
Salmonella,Repeated breaks,14.0,15.0,2.011791843881825
Salmonella,Repeated breaks,14.100000000000001,15.0,2.0124133578265133
Salmonella,Repeated breaks,14.200000000000001,15.0,2.013038025927531
Salmonella,Repeated breaks,14.3,15.0,2.0136658641839746
Salmonella,Repeated breaks,14.4,15.0,2.0142968886760078
Salmonella,Repeated breaks,14.5,15.0,2.01493111556527
Salmonella,Repeated breaks,14.600000000000001,15.0,2.0155685610952916
Salmonella,Repeated breaks,14.700000000000001,15.0,2.016209241591905
Salmonella,Repeated breaks,14.8,15.0,2.0168531734636623
Salmonella,Repeated breaks,14.9,15.0,2.017500373202252
Salmonella,Repeated breaks,15.0,15.0,2.0181508573829205
Salmonella,Repeated breaks,15.100000000000001,15.0,2.0188046426648945
Salmonella,Repeated breaks,15.200000000000001,15.0,2.019461745791804
Salmonella,Repeated breaks,15.3,15.0,2.020122183592111
Salmonella,Repeated breaks,15.4,15.0,2.020785972979536
Salmonella,Repeated breaks,15.5,15.0,2.0214531309534913
Salmonella,Repeated breaks,15.600000000000001,15.0,2.0221236745995124
Salmonella,Repeated breaks,15.700000000000001,15.0,2.022797621089693
Salmonella,Repeated breaks,15.8,15.0,2.0234749876831244
Salmonella,Repeated breaks,15.9,15.0,2.0241557917263333
Salmonella,Repeated breaks,16.0,15.0,2.024840050653723
Salmonella,Repeated breaks,16.1,15.0,2.0255277819880213
Salmonella,Repeated breaks,16.2,15.0,2.026219003340722
Salmonella,Repeated breaks,16.3,15.0,2.026913732412537
Salmonella,Repeated breaks,16.400000000000002,15.0,2.0276119869938443
Salmonella,Repeated breaks,16.5,15.0,2.0283137849651443
Salmonella,Repeated breaks,16.6,15.0,2.029019144297512
Salmonella,Repeated breaks,16.7,15.0,2.0297280830530564
Salmonella,Repeated breaks,16.8,15.0,2.0304406193853803
Salmonella,Repeated breaks,16.900000000000002,15.0,2.0311567715400423
Salmonella,Repeated breaks,17.0,15.0,2.03187655785502
Salmonella,Repeated breaks,17.1,15.0,2.0325999967611796
Salmonella,Repeated breaks,17.2,15.0,2.0333271067827434
Salmonella,Repeated breaks,17.3,15.0,2.0340579065377615
Salmonella,Repeated breaks,17.400000000000002,15.0,2.034792414738586
Salmonella,Repeated breaks,17.5,15.0,2.035530650192347
Salmonella,Repeated breaks,17.6,15.0,2.0362726318014324
Salmonella,Repeated breaks,17.7,15.0,2.0370183785639666
Salmonella,Repeated breaks,17.8,15.0,2.0377679095742978
Salmonella,Repeated breaks,17.900000000000002,15.0,2.03852124402348
Salmonella,Repeated breaks,18.0,15.0,2.039278401199764
Salmonella,Repeated breaks,18.1,15.0,2.040039400489088
Salmonella,Repeated breaks,18.2,15.0,2.040804261375569
Salmonella,Repeated breaks,18.3,15.0,2.0415730034420014
Salmonella,Repeated breaks,18.400000000000002,15.0,2.042345646370354
Salmonella,Repeated breaks,18.5,15.0,2.04312220994227
Salmonella,Repeated breaks,18.6,15.0,2.0439027140395707
Salmonella,Repeated breaks,18.7,15.0,2.044687178644762
Salmonella,Repeated breaks,18.8,15.0,2.045475623841542
Salmonella,Repeated breaks,18.900000000000002,15.0,2.0462680698153135
Salmonella,Repeated breaks,19.0,15.0,2.047064536853695
Salmonella,Repeated breaks,19.1,15.0,2.0478650453470384
Salmonella,Repeated breaks,19.200000000000003,15.0,2.0486696157889472
Salmonella,Repeated breaks,19.3,15.0,2.0494782687767974
Salmonella,Repeated breaks,19.400000000000002,15.0,2.0502910250122612
Salmonella,Repeated breaks,19.5,15.0,2.0511079053018353
Salmonella,Repeated breaks,19.6,15.0,2.051928930557368
Salmonella,Repeated breaks,19.700000000000003,15.0,2.052754121796591
Salmonella,Repeated breaks,19.8,15.0,2.0535835001436546
Salmonella,Repeated breaks,19.900000000000002,15.0,2.054417086829666
Salmonella,Repeated breaks,20.0,15.0,2.0552549031932252
Salmonella,Repeated breaks,20.1,15.0,2.056096970680972
Salmonella,Repeated breaks,20.200000000000003,15.0,2.0569433108481285
Salmonella,Repeated breaks,20.3,15.0,2.0577939453590477
Salmonella,Repeated breaks,20.400000000000002,15.0,2.058648895987764
Salmonella,Repeated breaks,20.5,15.0,2.059508184618547
Salmonella,Repeated breaks,20.6,15.0,2.0603718332464576
Salmonella,Repeated breaks,20.700000000000003,15.0,2.0612398639779075
Salmonella,Repeated breaks,20.8,15.0,2.0621122990312193
Salmonella,Repeated breaks,20.900000000000002,15.0,2.062989160737193
Salmonella,Repeated breaks,21.0,15.0,2.0638704715396723
Salmonella,Repeated breaks,21.1,15.0,2.0647562539961157
Salmonella,Repeated breaks,21.200000000000003,15.0,2.0656465307781686
Salmonella,Repeated breaks,21.3,15.0,2.06654132467224
Salmonella,Repeated breaks,21.400000000000002,15.0,2.0674406585800824
Salmonella,Repeated breaks,21.5,15.0,2.0683445555193707
Salmonella,Repeated breaks,21.6,15.0,2.069253038624289
Salmonella,Repeated breaks,21.700000000000003,15.0,2.070166131146119
Salmonella,Repeated breaks,21.8,15.0,2.0710838564538276
Salmonella,Repeated breaks,21.900000000000002,15.0,2.0720062380346635
Salmonella,Repeated breaks,22.0,15.0,2.0729332994947516
Salmonella,Repeated breaks,22.1,15.0,2.073865064559693
Salmonella,Repeated breaks,22.200000000000003,15.0,2.0748015570751686
Salmonella,Repeated breaks,22.3,15.0,2.0757428010075425
Salmonella,Repeated breaks,22.400000000000002,15.0,2.076688820444472
Salmonella,Repeated breaks,22.5,15.0,2.0776396395955175
Salmonella,Repeated breaks,22.6,15.0,2.07859528279276
Salmonella,Repeated breaks,22.700000000000003,15.0,2.079555774491416
Salmonella,Repeated breaks,22.8,15.0,2.0805211392704592
Salmonella,Repeated breaks,22.900000000000002,15.0,2.081491401833244
Salmonella,Repeated breaks,23.0,15.0,2.082466587008134
Salmonella,Repeated breaks,23.1,15.0,2.0834467197491287
Salmonella,Repeated breaks,23.200000000000003,15.0,2.0844318251365013
Salmonella,Repeated breaks,23.3,15.0,2.0854219283774307
Salmonella,Repeated breaks,23.400000000000002,15.0,2.086417054806643
Salmonella,Repeated breaks,23.5,15.0,2.087417229887056
Salmonella,Repeated breaks,23.6,15.0,2.088422479210422
Salmonella,Repeated breaks,23.700000000000003,15.0,2.0894328284979786
Salmonella,Repeated breaks,23.8,15.0,2.0904483036011006
Salmonella,Repeated breaks,23.900000000000002,15.0,2.0914689305019567
Salmonella,Repeated breaks,24.0,15.0,2.092494735314167
Salmonella,Repeated breaks,24.1,4.0,2.092494735314167
Salmonella,Repeated breaks,24.200000000000003,4.0,2.092494735314167
Salmonella,Repeated breaks,24.3,4.0,2.092494735314167
Salmonella,Repeated breaks,24.400000000000002,4.0,2.092494735314167
Salmonella,Repeated breaks,24.5,4.0,2.092494735314167
Salmonella,Repeated breaks,24.6,4.0,2.092494735314167
Salmonella,Repeated breaks,24.700000000000003,4.0,2.092494735314167
Salmonella,Repeated breaks,24.8,4.0,2.092494735314167
Salmonella,Repeated breaks,24.900000000000002,4.0,2.092494735314167
Salmonella,Repeated breaks,25.0,4.0,2.092494735314167
Salmonella,Repeated breaks,25.1,4.0,2.092494735314167
Salmonella,Repeated breaks,25.200000000000003,4.0,2.092494735314167
Salmonella,Repeated breaks,25.3,4.0,2.092494735314167
Salmonella,Repeated breaks,25.400000000000002,4.0,2.092494735314167
Salmonella,Repeated breaks,25.5,4.0,2.092494735314167
Salmonella,Repeated breaks,25.6,4.0,2.092494735314167
Salmonella,Repeated breaks,25.700000000000003,4.0,2.092494735314167
Salmonella,Repeated breaks,25.8,4.0,2.092494735314167
Salmonella,Repeated breaks,25.900000000000002,4.0,2.092494735314167
Salmonella,Repeated breaks,26.0,4.0,2.092494735314167
Salmonella,Repeated breaks,26.1,4.0,2.092494735314167
Salmonella,Repeated breaks,26.200000000000003,4.0,2.092494735314167
Salmonella,Repeated breaks,26.3,4.0,2.092494735314167
Salmonella,Repeated breaks,26.400000000000002,4.0,2.092494735314167
Salmonella,Repeated breaks,26.5,4.0,2.092494735314167
Salmonella,Repeated breaks,26.6,4.0,2.092494735314167
Salmonella,Repeated breaks,26.700000000000003,4.0,2.092494735314167
Salmonella,Repeated breaks,26.8,4.0,2.092494735314167
Salmonella,Repeated breaks,26.900000000000002,4.0,2.092494735314167
Salmonella,Repeated breaks,27.0,4.0,2.092494735314167
Salmonella,Repeated breaks,27.1,4.0,2.092494735314167
Salmonella,Repeated breaks,27.200000000000003,4.0,2.092494735314167
Salmonella,Repeated breaks,27.3,4.0,2.092494735314167
Salmonella,Repeated breaks,27.400000000000002,4.0,2.092494735314167
Salmonella,Repeated breaks,27.5,4.0,2.092494735314167
Salmonella,Repeated breaks,27.6,4.0,2.092494735314167
Salmonella,Repeated breaks,27.700000000000003,4.0,2.092494735314167
Salmonella,Repeated breaks,27.8,4.0,2.092494735314167
Salmonella,Repeated breaks,27.900000000000002,4.0,2.092494735314167
Salmonella,Repeated breaks,28.0,4.0,2.092494735314167
Salmonella,Repeated breaks,28.1,4.0,2.092494735314167
Salmonella,Repeated breaks,28.200000000000003,4.0,2.092494735314167
Salmonella,Repeated breaks,28.3,4.0,2.092494735314167
Salmonella,Repeated breaks,28.400000000000002,4.0,2.092494735314167
Salmonella,Repeated breaks,28.5,4.0,2.092494735314167
Salmonella,Repeated breaks,28.6,4.0,2.092494735314167
Salmonella,Repeated breaks,28.700000000000003,4.0,2.092494735314167
Salmonella,Repeated breaks,28.8,4.0,2.092494735314167
Salmonella,Repeated breaks,28.900000000000002,4.0,2.092494735314167
Salmonella,Repeated breaks,29.0,4.0,2.092494735314167
Salmonella,Repeated breaks,29.1,4.0,2.092494735314167
Salmonella,Repeated breaks,29.200000000000003,4.0,2.092494735314167
Salmonella,Repeated breaks,29.3,4.0,2.092494735314167
Salmonella,Repeated breaks,29.400000000000002,4.0,2.092494735314167
Salmonella,Repeated breaks,29.5,4.0,2.092494735314167
Salmonella,Repeated breaks,29.6,4.0,2.092494735314167
Salmonella,Repeated breaks,29.700000000000003,4.0,2.092494735314167
Salmonella,Repeated breaks,29.8,4.0,2.092494735314167
Salmonella,Repeated breaks,29.900000000000002,4.0,2.092494735314167
Salmonella,Repeated breaks,30.0,4.0,2.092494735314167
Salmonella,Repeated breaks,30.1,4.0,2.092494735314167
Salmonella,Repeated breaks,30.200000000000003,4.0,2.092494735314167
Salmonella,Repeated breaks,30.3,4.0,2.092494735314167
Salmonella,Repeated breaks,30.400000000000002,4.0,2.092494735314167
Salmonella,Repeated breaks,30.5,4.0,2.092494735314167
Salmonella,Repeated breaks,30.6,4.0,2.092494735314167
Salmonella,Repeated breaks,30.700000000000003,4.0,2.092494735314167
Salmonella,Repeated breaks,30.8,4.0,2.092494735314167
Salmonella,Repeated breaks,30.900000000000002,4.0,2.092494735314167
Salmonella,Repeated breaks,31.0,4.0,2.092494735314167
Salmonella,Repeated breaks,31.1,4.0,2.092494735314167
Salmonella,Repeated breaks,31.200000000000003,4.0,2.092494735314167
Salmonella,Repeated breaks,31.3,4.0,2.092494735314167
Salmonella,Repeated breaks,31.400000000000002,4.0,2.092494735314167
Salmonella,Repeated breaks,31.5,4.0,2.092494735314167
Salmonella,Repeated breaks,31.6,4.0,2.092494735314167
Salmonella,Repeated breaks,31.700000000000003,4.0,2.092494735314167
Salmonella,Repeated breaks,31.8,4.0,2.092494735314167
Salmonella,Repeated breaks,31.900000000000002,4.0,2.092494735314167
Salmonella,Repeated breaks,32.0,4.0,2.092494735314167
Salmonella,Repeated breaks,32.1,4.0,2.092494735314167
Salmonella,Repeated breaks,32.2,4.0,2.092494735314167
Salmonella,Repeated breaks,32.300000000000004,4.0,2.092494735314167
Salmonella,Repeated breaks,32.4,4.0,2.092494735314167
Salmonella,Repeated breaks,32.5,4.0,2.092494735314167
Salmonella,Repeated breaks,32.6,4.0,2.092494735314167
Salmonella,Repeated breaks,32.7,4.0,2.092494735314167
Salmonella,Repeated breaks,32.800000000000004,4.0,2.092494735314167
Salmonella,Repeated breaks,32.9,4.0,2.092494735314167
Salmonella,Repeated breaks,33.0,4.0,2.092494735314167
Salmonella,Repeated breaks,33.1,4.0,2.092494735314167
Salmonella,Repeated breaks,33.2,4.0,2.092494735314167
Salmonella,Repeated breaks,33.300000000000004,4.0,2.092494735314167
Salmonella,Repeated breaks,33.4,4.0,2.092494735314167
Salmonella,Repeated breaks,33.5,4.0,2.092494735314167
Salmonella,Repeated breaks,33.6,4.0,2.092494735314167
Salmonella,Repeated breaks,33.7,4.0,2.092494735314167
Salmonella,Repeated breaks,33.800000000000004,4.0,2.092494735314167
Salmonella,Repeated breaks,33.9,4.0,2.092494735314167
Salmonella,Repeated breaks,34.0,4.0,2.092494735314167
Salmonella,Repeated breaks,34.1,4.0,2.092494735314167
Salmonella,Repeated breaks,34.2,4.0,2.092494735314167
Salmonella,Repeated breaks,34.300000000000004,4.0,2.092494735314167
Salmonella,Repeated breaks,34.4,4.0,2.092494735314167
Salmonella,Repeated breaks,34.5,4.0,2.092494735314167
Salmonella,Repeated breaks,34.6,4.0,2.092494735314167
Salmonella,Repeated breaks,34.7,4.0,2.092494735314167
Salmonella,Repeated breaks,34.800000000000004,4.0,2.092494735314167
Salmonella,Repeated breaks,34.9,4.0,2.092494735314167
Salmonella,Repeated breaks,35.0,4.0,2.092494735314167
Salmonella,Repeated breaks,35.1,4.0,2.092494735314167
Salmonella,Repeated breaks,35.2,4.0,2.092494735314167
Salmonella,Repeated breaks,35.300000000000004,4.0,2.092494735314167
Salmonella,Repeated breaks,35.4,4.0,2.092494735314167
Salmonella,Repeated breaks,35.5,4.0,2.092494735314167
Salmonella,Repeated breaks,35.6,4.0,2.092494735314167
Salmonella,Repeated breaks,35.7,4.0,2.092494735314167
Salmonella,Repeated breaks,35.800000000000004,4.0,2.092494735314167
Salmonella,Repeated breaks,35.9,4.0,2.092494735314167
Salmonella,Repeated breaks,36.0,4.0,2.092494735314167
Salmonella,Repeated breaks,36.1,25.0,2.097179074740391
Salmonella,Repeated breaks,36.2,25.0,2.1019713817742973
Salmonella,Repeated breaks,36.300000000000004,25.0,2.1068741378376576
Salmonella,Repeated breaks,36.4,25.0,2.111889881043834
Salmonella,Repeated breaks,36.5,25.0,2.117021207476484
Salmonella,Repeated breaks,36.6,25.0,2.122270772496285
Salmonella,Repeated breaks,36.7,25.0,2.1276412920762446
Salmonella,Repeated breaks,36.800000000000004,25.0,2.1331355441661732
Salmonella,Repeated breaks,36.9,25.0,2.138756370086912
Salmonella,Repeated breaks,37.0,25.0,2.144506675954914
Salmonella,Repeated breaks,37.1,25.0,2.150389434137778
Salmonella,Repeated breaks,37.2,25.0,2.1564076847413562
Salmonella,Repeated breaks,37.300000000000004,25.0,2.1625645371290623
Salmonella,Repeated breaks,37.4,25.0,2.168863171474003
Salmonella,Repeated breaks,37.5,25.0,2.175306840344583
Salmonella,Repeated breaks,37.6,25.0,2.18189887032423
Salmonella,Repeated breaks,37.7,25.0,2.188642663665895
Salmonella,Repeated breaks,37.800000000000004,25.0,2.195541699981999
Salmonella,Repeated breaks,37.9,25.0,2.2025995379704937
Salmonella,Repeated breaks,38.0,25.0,2.209819817177719
Salmonella,Repeated breaks,38.1,25.0,2.2172062597987474
Salmonella,Repeated breaks,38.2,25.0,2.2247626725159035
Salmonella,Repeated breaks,38.300000000000004,25.0,2.232492948376166
Salmonella,Repeated breaks,38.400000000000006,25.0,2.2404010687081524
Salmonella,Repeated breaks,38.5,25.0,2.2484911050793985
Salmonella,Repeated breaks,38.6,25.0,2.256767221294653
Salmonella,Repeated breaks,38.7,25.0,2.265233675435897
Salmonella,Repeated breaks,38.800000000000004,25.0,2.2738948219448196
Salmonella,Repeated breaks,38.900000000000006,25.0,2.2827551137484705
Salmonella,Repeated breaks,39.0,25.0,2.2918191044288094
Salmonella,Repeated breaks,39.1,25.0,2.3010914504368882
Salmonella,Repeated breaks,39.2,25.0,2.3105769133523815
Salmonella,Repeated breaks,39.300000000000004,25.0,2.320280362189189
Salmonella,Repeated breaks,39.400000000000006,25.0,2.330206775747833
Salmonella,Repeated breaks,39.5,25.0,2.340361245015353
Salmonella,Repeated breaks,39.6,25.0,2.3507489756134143
Salmonella,Repeated breaks,39.7,25.0,2.3613752902953173
Salmonella,Repeated breaks,39.800000000000004,25.0,2.372245631492595
Salmonella,Repeated breaks,39.900000000000006,25.0,2.3833655639118723
Salmonella,Repeated breaks,40.0,25.0,2.394740777182637
Salmonella,Repeated breaks,40.1,25.0,2.406377088556561
Salmonella,Repeated breaks,40.2,25.0,2.4182804456589815
Salmonella,Repeated breaks,40.300000000000004,25.0,2.430456929293132
Salmonella,Repeated breaks,40.400000000000006,25.0,2.4429127562976776
Salmonella,Repeated breaks,40.5,25.0,2.455654282458078
Salmonella,Repeated breaks,40.6,25.0,2.4686880054722633
Salmonella,Repeated breaks,40.7,25.0,2.4820205679710607
Salmonella,Repeated breaks,40.800000000000004,25.0,2.495658760593761
Salmonella,Repeated breaks,40.900000000000006,25.0,2.509609525119162
Salmonella,Repeated breaks,41.0,25.0,2.5238799576523565
Salmonella,Repeated breaks,41.1,25.0,2.538477311867463
Salmonella,Repeated breaks,41.2,25.0,2.5534090023064184
Salmonella,Repeated breaks,41.300000000000004,25.0,2.568682607733868
Salmonella,Repeated breaks,41.400000000000006,25.0,2.5843058745480714
Salmonella,Repeated breaks,41.5,25.0,2.6002867202476523
Salmonella,Repeated breaks,41.6,25.0,2.616633236953879
Salmonella,Repeated breaks,41.7,25.0,2.6333536949880303
Salmonella,Repeated breaks,41.800000000000004,25.0,2.650456546503246
Salmonella,Repeated breaks,41.900000000000006,25.0,2.66795042917008
Salmonella,Repeated breaks,42.0,25.0,2.685844169914796
Salmonella,Repeated breaks,42.1,25.0,2.7041467887092083
Salmonella,Repeated breaks,42.2,25.0,2.7228675024106517
Salmonella,Repeated breaks,42.300000000000004,25.0,2.7420157286503777
Salmonella,Repeated breaks,42.400000000000006,25.0,2.7616010897683885
Salmonella,Repeated breaks,42.5,25.0,2.781633416792376
Salmonella,Repeated breaks,42.6,25.0,2.802122753458067
Salmonella,Repeated breaks,42.7,25.0,2.8230793602678594
Salmonella,Repeated breaks,42.800000000000004,25.0,2.844513718584168
Salmonella,Repeated breaks,42.900000000000006,25.0,2.8664365347533773
Salmonella,Repeated breaks,43.0,25.0,2.8888587442557294
Salmonella,Repeated breaks,43.1,25.0,2.911630536356441
Salmonella,Repeated breaks,43.2,25.0,2.934400567191957
Salmonella,Repeated breaks,43.300000000000004,25.0,2.957168796339134
Salmonella,Repeated breaks,43.400000000000006,25.0,2.979935182453711
Salmonella,Repeated breaks,43.5,25.0,3.0026996832496295
Salmonella,Repeated breaks,43.6,25.0,3.025462255477904
Salmonella,Repeated breaks,43.7,25.0,3.0482228549050316
Salmonella,Repeated breaks,43.800000000000004,25.0,3.070981436290938
Salmonella,Repeated breaks,43.900000000000006,25.0,3.0937379533664386
Salmonella,Repeated breaks,44.0,25.0,3.1164923588102207
Salmonella,Repeated breaks,44.1,25.0,3.139244604225322
Salmonella,Repeated breaks,44.2,25.0,3.1619946401151062
Salmonella,Repeated breaks,44.300000000000004,25.0,3.18474241585872
Salmonella,Repeated breaks,44.400000000000006,25.0,3.2074878796860236
Salmonella,Repeated breaks,44.5,25.0,3.230230978651985
Salmonella,Repeated breaks,44.6,25.0,3.2529716586105235
Salmonella,Repeated breaks,44.7,25.0,3.275709864187798
Salmonella,Repeated breaks,44.800000000000004,25.0,3.2984455387549243
Salmonella,Repeated breaks,44.900000000000006,25.0,3.321178624400111
Salmonella,Repeated breaks,45.0,25.0,3.3439090619002068
Salmonella,Repeated breaks,45.1,25.0,3.366636790691643
Salmonella,Repeated breaks,45.2,25.0,3.389361748840763
Salmonella,Repeated breaks,45.300000000000004,25.0,3.4120838730135237
Salmonella,Repeated breaks,45.400000000000006,25.0,3.4348030984445646
Salmonella,Repeated breaks,45.5,25.0,3.457519358905621
Salmonella,Repeated breaks,45.6,25.0,3.4802325866732815
Salmonella,Repeated breaks,45.7,25.0,3.5029427124960697
Salmonella,Repeated breaks,45.800000000000004,25.0,3.525649665560838
Salmonella,Repeated breaks,45.900000000000006,25.0,3.548353373458468
Salmonella,Repeated breaks,46.0,25.0,3.5710537621488547
Salmonella,Repeated breaks,46.1,25.0,3.5937507559251727
Salmonella,Repeated breaks,46.2,25.0,3.6164442773773997
Salmonella,Repeated breaks,46.300000000000004,25.0,3.6391342473550963
Salmonella,Repeated breaks,46.400000000000006,25.0,3.6618205849294196
Salmonella,Repeated breaks,46.5,25.0,3.6845032073543633
Salmonella,Repeated breaks,46.6,25.0,3.7071820300272065
Salmonella,Repeated breaks,46.7,25.0,3.7298569664481627
Salmonella,Repeated breaks,46.800000000000004,25.0,3.75252792817921
Salmonella,Repeated breaks,46.900000000000006,25.0,3.7751948248020946
Salmonella,Repeated breaks,47.0,25.0,3.7978575638754886
Salmonella,Repeated breaks,47.1,25.0,3.8205160508912908
Salmonella,Repeated breaks,47.2,25.0,3.8431701892300594
Salmonella,Repeated breaks,47.300000000000004,25.0,3.8658198801155557
Salmonella,Repeated breaks,47.400000000000006,25.0,3.8884650225683917
Salmonella,Repeated breaks,47.5,25.0,3.9111055133587644
Salmonella,Repeated breaks,47.6,25.0,3.933741246958263
Salmonella,Repeated breaks,47.7,25.0,3.9563721154907356
Salmonella,Repeated breaks,47.800000000000004,25.0,3.978998008682199
Salmonella,Repeated breaks,47.900000000000006,25.0,4.001618813809783
Salmonella,Repeated breaks,48.0,25.0,4.02423441564969
Salmonella,Repeated breaks,48.1,25.0,4.046844696424155
Salmonella,Repeated breaks,48.2,25.0,4.0694495357474
Salmonella,Repeated breaks,48.300000000000004,25.0,4.092048810570558
Salmonella,Repeated breaks,48.400000000000006,25.0,4.114642395125566
Salmonella,Repeated breaks,48.5,25.0,4.137230160867996
Salmonella,Repeated breaks,48.6,25.0,4.159811976418828
Salmonella,Repeated breaks,48.7,25.0,4.182387707505141
Salmonella,Repeated breaks,48.800000000000004,25.0,4.204957216899712
Salmonella,Repeated breaks,48.900000000000006,25.0,4.22752036435951
Salmonella,Repeated breaks,49.0,25.0,4.250077006563071
Salmonella,Repeated breaks,49.1,25.0,4.272626997046743
Salmonella,Repeated breaks,49.2,25.0,4.295170186139787
Salmonella,Repeated breaks,49.300000000000004,25.0,4.3177064208983245
Salmonella,Repeated breaks,49.400000000000006,25.0,4.3402355450381185
Salmonella,Repeated breaks,49.5,25.0,4.362757398866172
Salmonella,Repeated breaks,49.6,25.0,4.385271819211145
Salmonella,Repeated breaks,49.7,25.0,4.4077786393525615
Salmonella,Repeated breaks,49.800000000000004,25.0,4.430277688948823
Salmonella,Repeated breaks,49.900000000000006,25.0,4.452768793963982
Salmonella,Repeated breaks,50.0,25.0,4.475251776593307
Salmonella,Repeated breaks,50.1,25.0,4.497726455187597
Salmonella,Repeated breaks,50.2,25.0,4.52019264417626
Salmonella,Repeated breaks,50.300000000000004,25.0,4.542650153989132
Salmonella,Repeated breaks,50.400000000000006,25.0,4.565098790977047
Salmonella,Repeated breaks,50.5,25.0,4.587538357331139
Salmonella,Repeated breaks,50.6,25.0,4.6099686510008695
Salmonella,Repeated breaks,50.7,25.0,4.6323894656107925
Salmonella,Repeated breaks,50.800000000000004,25.0,4.654800590376036
Salmonella,Repeated breaks,50.900000000000006,25.0,4.677201810016509
Salmonella,Repeated breaks,51.0,25.0,4.699592904669829
Salmonella,Repeated breaks,51.1,25.0,4.721973649802969
Salmonella,Repeated breaks,51.2,25.0,4.744343816122627
Salmonella,Repeated breaks,51.300000000000004,25.0,4.7667031694843205
Salmonella,Repeated breaks,51.400000000000006,25.0,4.789051470800207
Salmonella,Repeated breaks,51.5,25.0,4.811388475945642
Salmonella,Repeated breaks,51.6,25.0,4.833713935664467
Salmonella,Repeated breaks,51.7,25.0,4.856027595473058
Salmonella,Repeated breaks,51.800000000000004,25.0,4.878329195563117
Salmonella,Repeated breaks,51.900000000000006,25.0,4.900618470703244
Salmonella,Repeated breaks,52.0,25.0,4.922895150139283
Salmonella,Repeated breaks,52.1,25.0,4.945158957493461
Salmonella,Repeated breaks,52.2,25.0,4.96740961066235
Salmonella,Repeated breaks,52.300000000000004,25.0,4.989646821713651
Salmonella,Repeated breaks,52.400000000000006,25.0,5.011870296781835
Salmonella,Repeated breaks,52.5,25.0,5.034079735962656
Salmonella,Repeated breaks,52.6,25.0,5.056274833206573
Salmonella,Repeated breaks,52.7,25.0,5.078455276211089
Salmonella,Repeated breaks,52.800000000000004,25.0,5.100620746312059
Salmonella,Repeated breaks,52.900000000000006,25.0,5.12277091837399
Salmonella,Repeated breaks,53.0,25.0,5.14490546067936
Salmonella,Repeated breaks,53.1,25.0,5.167024034817016
Salmonella,Repeated breaks,53.2,25.0,5.189126295569675
Salmonella,Repeated breaks,53.300000000000004,25.0,5.211211890800578
Salmonella,Repeated breaks,53.400000000000006,25.0,5.233280461339346
Salmonella,Repeated breaks,53.5,25.0,5.2553316408670945
Salmonella,Repeated breaks,53.6,25.0,5.277365055800849
Salmonella,Repeated breaks,53.7,25.0,5.299380325177331
Salmonella,Repeated breaks,53.800000000000004,25.0,5.3213770605361725
Salmonella,Repeated breaks,53.900000000000006,25.0,5.3433548658026275
Salmonella,Repeated breaks,54.0,25.0,5.365313337169845
Salmonella,Repeated breaks,54.1,10.0,5.3662466585381905
Salmonella,Repeated breaks,54.2,10.0,5.3671799441705135
Salmonella,Repeated breaks,54.300000000000004,10.0,5.368113194034817
Salmonella,Repeated breaks,54.400000000000006,10.0,5.369046408099076
Salmonella,Repeated breaks,54.5,10.0,5.369979586331244
Salmonella,Repeated breaks,54.6,10.0,5.370912728699243
Salmonella,Repeated breaks,54.7,10.0,5.371845835170972
Salmonella,Repeated breaks,54.800000000000004,10.0,5.372778905714304
Salmonella,Repeated breaks,54.900000000000006,10.0,5.373711940297084
Salmonella,Repeated breaks,55.0,10.0,5.374644938887132
Salmonella,Repeated breaks,55.1,10.0,5.375577901452241
Salmonella,Repeated breaks,55.2,10.0,5.376510827960178
Salmonella,Repeated breaks,55.300000000000004,10.0,5.377443718378687
Salmonella,Repeated breaks,55.400000000000006,10.0,5.37837657267548
Salmonella,Repeated breaks,55.5,10.0,5.379309390818246
Salmonella,Repeated breaks,55.6,10.0,5.380242172774648
Salmonella,Repeated breaks,55.7,10.0,5.381174918512322
Salmonella,Repeated breaks,55.800000000000004,10.0,5.382107627998876
Salmonella,Repeated breaks,55.900000000000006,10.0,5.383040301201896
Salmonella,Repeated breaks,56.0,10.0,5.383972938088937
Salmonella,Repeated breaks,56.1,10.0,5.384905538627531
Salmonella,Repeated breaks,56.2,10.0,5.385838102785181
Salmonella,Repeated breaks,56.300000000000004,10.0,5.386770630529365
Salmonella,Repeated breaks,56.400000000000006,10.0,5.387703121827535
Salmonella,Repeated breaks,56.5,10.0,5.388635576647116
Salmonella,Repeated breaks,56.6,10.0,5.389567994955506
Salmonella,Repeated breaks,56.7,10.0,5.390500376720078
Salmonella,Repeated breaks,56.800000000000004,10.0,5.391432721908176
Salmonella,Repeated breaks,56.900000000000006,10.0,5.39236503048712
Salmonella,Repeated breaks,57.0,10.0,5.393297302424203
Salmonella,Repeated breaks,57.1,10.0,5.39422953768669
Salmonella,Repeated breaks,57.2,10.0,5.395161736241821
Salmonella,Repeated breaks,57.300000000000004,10.0,5.396093898056809
Salmonella,Repeated breaks,57.400000000000006,10.0,5.3970260230988405
Salmonella,Repeated breaks,57.5,10.0,5.3979581113350745
Salmonella,Repeated breaks,57.6,10.0,5.398890162732645
Salmonella,Repeated breaks,57.7,10.0,5.399822177258658
Salmonella,Repeated breaks,57.800000000000004,10.0,5.400754154880193
Salmonella,Repeated breaks,57.900000000000006,10.0,5.401686095564304
Salmonella,Repeated breaks,58.0,10.0,5.402617999278016
Salmonella,Repeated breaks,58.1,10.0,5.40354986598833
Salmonella,Repeated breaks,58.2,10.0,5.404481695662218
Salmonella,Repeated breaks,58.300000000000004,10.0,5.405413488266628
Salmonella,Repeated breaks,58.400000000000006,10.0,5.406345243768478
Salmonella,Repeated breaks,58.5,10.0,5.407276962134662
Salmonella,Repeated breaks,58.6,10.0,5.4082086433320455
Salmonella,Repeated breaks,58.7,10.0,5.409140287327467
Salmonella,Repeated breaks,58.800000000000004,10.0,5.41007189408774
Salmonella,Repeated breaks,58.900000000000006,10.0,5.41100346357965
Salmonella,Repeated breaks,59.0,10.0,5.411934995769956
Salmonella,Repeated breaks,59.1,10.0,5.4128664906253885
Salmonella,Repeated breaks,59.2,10.0,5.413797948112653
Salmonella,Repeated breaks,59.300000000000004,10.0,5.4147293681984285
Salmonella,Repeated breaks,59.400000000000006,10.0,5.415660750849366
Salmonella,Repeated breaks,59.5,10.0,5.416592096032089
Salmonella,Repeated breaks,59.6,10.0,5.4175234037131945
Salmonella,Repeated breaks,59.7,10.0,5.418454673859254
Salmonella,Repeated breaks,59.800000000000004,10.0,5.41938590643681
Salmonella,Repeated breaks,59.900000000000006,10.0,5.42031710141238
Salmonella,Repeated breaks,60.0,10.0,5.421248258752452
Salmonella,Repeated breaks,60.1,10.0,5.422179378423489
Salmonella,Repeated breaks,60.2,10.0,5.423110460391926
Salmonella,Repeated breaks,60.300000000000004,10.0,5.424041504624172
Salmonella,Repeated breaks,60.400000000000006,10.0,5.424972511086606
Salmonella,Repeated breaks,60.5,10.0,5.4259034797455845
Salmonella,Repeated breaks,60.6,10.0,5.426834410567434
Salmonella,Repeated breaks,60.7,10.0,5.427765303518453
Salmonella,Repeated breaks,60.800000000000004,10.0,5.428696158564915
Salmonella,Repeated breaks,60.900000000000006,10.0,5.429626975673066
Salmonella,Repeated breaks,61.0,10.0,5.430557754809123
Salmonella,Repeated breaks,61.1,10.0,5.431488495939279
Salmonella,Repeated breaks,61.2,10.0,5.432419199029696
Salmonella,Repeated breaks,61.300000000000004,10.0,5.433349864046512
Salmonella,Repeated breaks,61.400000000000006,10.0,5.434280490955836
Salmonella,Repeated breaks,61.5,10.0,5.43521107972375
Salmonella,Repeated breaks,61.6,10.0,5.4361416303163095
Salmonella,Repeated breaks,61.7,10.0,5.437072142699541
Salmonella,Repeated breaks,61.800000000000004,10.0,5.438002616839445
Salmonella,Repeated breaks,61.900000000000006,10.0,5.438933052701996
Salmonella,Repeated breaks,62.0,10.0,5.439863450253139
Salmonella,Repeated breaks,62.1,10.0,5.440793809458791
Salmonella,Repeated breaks,62.2,10.0,5.441724130284844
Salmonella,Repeated breaks,62.300000000000004,10.0,5.442654412697161
Salmonella,Repeated breaks,62.400000000000006,10.0,5.443584656661579
Salmonella,Repeated breaks,62.5,10.0,5.4445148621439055
Salmonella,Repeated breaks,62.6,10.0,5.445445029109922
Salmonella,Repeated breaks,62.7,10.0,5.446375157525383
Salmonella,Repeated breaks,62.800000000000004,10.0,5.447305247356014
Salmonella,Repeated breaks,62.900000000000006,10.0,5.448235298567514
Salmonella,Repeated breaks,63.0,10.0,5.449165311125555
Salmonella,Repeated breaks,63.1,10.0,5.450095284995781
Salmonella,Repeated breaks,63.2,10.0,5.451025220143807
Salmonella,Repeated breaks,63.300000000000004,10.0,5.451955116535221
Salmonella,Repeated breaks,63.400000000000006,10.0,5.4528849741355865
Salmonella,Repeated breaks,63.5,10.0,5.4538147929104355
Salmonella,Repeated breaks,63.6,10.0,5.454744572825274
Salmonella,Repeated breaks,63.7,10.0,5.455674313845581
Salmonella,Repeated breaks,63.800000000000004,10.0,5.456604015936806
Salmonella,Repeated breaks,63.900000000000006,10.0,5.457533679064373
Salmonella,Repeated breaks,64.0,10.0,5.458463303193677
Salmonella,Repeated breaks,64.10000000000001,10.0,5.459392888290086
Salmonella,Repeated breaks,64.2,10.0,5.46032243431894
Salmonella,Repeated breaks,64.3,10.0,5.46125194124555
Salmonella,Repeated breaks,64.4,10.0,5.4621814090352006
Salmonella,Repeated breaks,64.5,10.0,5.46311083765315
Salmonella,Repeated breaks,64.60000000000001,10.0,5.4640402270646256
Salmonella,Repeated breaks,64.7,10.0,5.46496957723483
Salmonella,Repeated breaks,64.8,10.0,5.465898888128935
Salmonella,Repeated breaks,64.9,10.0,5.466828159712087
Salmonella,Repeated breaks,65.0,10.0,5.467757391949403
Salmonella,Repeated breaks,65.10000000000001,10.0,5.468686584805974
Salmonella,Repeated breaks,65.2,10.0,5.469615738246862
Salmonella,Repeated breaks,65.3,10.0,5.4705448522371
Salmonella,Repeated breaks,65.4,10.0,5.4714739267416945
Salmonella,Repeated breaks,65.5,10.0,5.472402961725624
Salmonella,Repeated breaks,65.60000000000001,10.0,5.473331957153839
Salmonella,Repeated breaks,65.7,10.0,5.474260912991261
Salmonella,Repeated breaks,65.8,10.0,5.475189829202786
Salmonella,Repeated breaks,65.9,10.0,5.4761187057532785
Salmonella,Repeated breaks,66.0,10.0,5.477047542607578
Salmonella,Repeated breaks,66.10000000000001,10.0,5.477976339730494
Salmonella,Repeated breaks,66.2,10.0,5.478905097086811
Salmonella,Repeated breaks,66.3,10.0,5.479833814641281
Salmonella,Repeated breaks,66.4,10.0,5.480762492358631
Salmonella,Repeated breaks,66.5,10.0,5.481691130203559
Salmonella,Repeated breaks,66.60000000000001,10.0,5.482619728140735
Salmonella,Repeated breaks,66.7,10.0,5.483548286134802
Salmonella,Repeated breaks,66.8,10.0,5.484476804150373
Salmonella,Repeated breaks,66.9,10.0,5.485405282152033
Salmonella,Repeated breaks,67.0,10.0,5.486333720104342
Salmonella,Repeated breaks,67.10000000000001,10.0,5.487262117971826
Salmonella,Repeated breaks,67.2,10.0,5.488190475718988
Salmonella,Repeated breaks,67.3,10.0,5.4891187933103005
Salmonella,Repeated breaks,67.4,10.0,5.490047070710208
Salmonella,Repeated breaks,67.5,10.0,5.490975307883128
Salmonella,Repeated breaks,67.60000000000001,10.0,5.491903504793447
Salmonella,Repeated breaks,67.7,10.0,5.492831661405526
Salmonella,Repeated breaks,67.8,10.0,5.493759777683695
Salmonella,Repeated breaks,67.9,10.0,5.494687853592259
Salmonella,Repeated breaks,68.0,10.0,5.495615889095492
Salmonella,Repeated breaks,68.10000000000001,10.0,5.496543884157642
Salmonella,Repeated breaks,68.2,10.0,5.497471838742926
Salmonella,Repeated breaks,68.3,10.0,5.4983997528155335
Salmonella,Repeated breaks,68.4,10.0,5.4993276263396265
Salmonella,Repeated breaks,68.5,10.0,5.500255459279338
Salmonella,Repeated breaks,68.60000000000001,10.0,5.501183251598773
Salmonella,Repeated breaks,68.7,10.0,5.502111003262007
Salmonella,Repeated breaks,68.8,10.0,5.503038714233088
Salmonella,Repeated breaks,68.9,10.0,5.503966384476034
Salmonella,Repeated breaks,69.0,10.0,5.5048940139548375
Salmonella,Repeated breaks,69.10000000000001,10.0,5.5058216026334605
Salmonella,Repeated breaks,69.2,10.0,5.506749150475836
Salmonella,Repeated breaks,69.3,10.0,5.507676657445869
Salmonella,Repeated breaks,69.4,10.0,5.508604123507437
Salmonella,Repeated breaks,69.5,10.0,5.509531548624388
Salmonella,Repeated breaks,69.60000000000001,10.0,5.51045893276054
Salmonella,Repeated breaks,69.7,10.0,5.511386275879684
Salmonella,Repeated breaks,69.8,10.0,5.512313577945584
Salmonella,Repeated breaks,69.9,10.0,5.513240838921972
Salmonella,Repeated breaks,70.0,10.0,5.514168058772553
Salmonella,Repeated breaks,70.10000000000001,10.0,5.515095237461003
Salmonella,Repeated breaks,70.2,10.0,5.51602237495097
Salmonella,Repeated breaks,70.3,10.0,5.516949471206074
Salmonella,Repeated breaks,70.4,10.0,5.5178765261899025
Salmonella,Repeated breaks,70.5,10.0,5.518803539866019
Salmonella,Repeated breaks,70.60000000000001,10.0,5.519730512197954
Salmonella,Repeated breaks,70.7,10.0,5.520657443149213
Salmonella,Repeated breaks,70.8,10.0,5.521584332683271
Salmonella,Repeated breaks,70.9,10.0,5.522511180763574
Salmonella,Repeated breaks,71.0,10.0,5.523437987353538
Salmonella,Repeated breaks,71.10000000000001,10.0,5.524364752416553
Salmonella,Repeated breaks,71.2,10.0,5.525291475915979
Salmonella,Repeated breaks,71.3,10.0,5.526218157815146
Salmonella,Repeated breaks,71.4,10.0,5.527144798077356
Salmonella,Repeated breaks,71.5,10.0,5.528071396665882
Salmonella,Repeated breaks,71.60000000000001,10.0,5.528997953543969
Salmonella,Repeated breaks,71.7,10.0,5.529924468674831
Salmonella,Repeated breaks,71.8,10.0,5.5308509420216545
Salmonella,Repeated breaks,71.9,10.0,5.531777373547598
Salmonella,Repeated breaks,72.0,10.0,5.532703763215789
