time_h,adc_central_nM,payload_plasma_nM,payload_tumor_nM,tumor_fraction
0.0,840.0,0.0,0.0,1.0
0.5045045045045045,822.4154086798344,8.31567381361602,13.64643131050797,0.9988474174151266
1.009009009009009,814.9002181267855,16.51326407024607,53.42159523355926,0.9909664753280669
1.5135135135135134,807.4560512988054,24.594321570207835,117.63983463503521,0.9703233354849946
2.018018018018018,800.0822190454464,32.560144100447374,204.6906587251148,0.9321650782253329
2.5225225225225225,792.778038934238,40.41201601481828,313.0358570314,0.8737438321611052
3.0270270270270268,785.5428351851472,48.151208368964,441.20671767374273,0.7949724896494537
3.531531531531531,778.3759386056778,55.778979053872014,587.8013442026981,0.6987387153691123
4.036036036036036,771.276686526615,63.29657292807509,751.4820684952521,0.5906599459097109
4.54054054054054,764.2444227383667,70.70522194860817,930.972954589571,0.47821616332171735
5.045045045045045,757.2784974279624,78.0061453006024,1125.0573928814165,0.3694114710391182
5.549549549549549,750.3782671166368,85.20054952562954,1332.5757797133497,0.2713041040434699
6.0540540540540535,743.5430945980568,92.28962864876878,1552.4232802317176,0.18881770857703822
6.558558558558558,736.7723488770705,99.27456430441495,1783.5476715215757,0.12415543465691144
7.063063063063062,730.0654051092193,106.1565258608411,2024.9472633139997,0.07691899318130939
7.567567567567567,723.4216445406297,112.9366705435275,2275.6688936071823,0.044788085340687185
8.072072072072071,716.8404544486486,119.61614355726792,2534.8059966550386,0.0244552672451251
8.576576576576576,710.3212280829938,126.1960782070683,2801.496740825453,0.012496327086816904
9.08108108108108,703.8633646074901,132.67759601784584,3074.922233971094,0.005964934121611795
9.585585585585585,697.4662690423742,139.06180685294333,3354.304793971926,0.0026554895056288405
10.09009009009009,691.129352207161,145.3498090314684,3638.906282227069,0.0011009962077590965
10.594594594594593,684.8520306640706,151.5426894444712,3928.0264979295202,0.0004246153482314979
11.099099099099098,678.6337266620026,157.64152366996936,4221.001631034887,0.00015216536743943912
11.603603603603602,672.4738680810622,163.64737608683438,4517.202771901852,5.0624278300507465e-05
12.108108108108107,666.3718883776226,169.56129998754844,4816.034475650205,1.5624469947725027e-05
12.612612612612612,660.3272265299274,175.3843376898437,5116.933379347356,4.470974088538572e-06
13.117117117117116,654.3393269842225,181.11752064723527,5419.366870196781,1.1856870398399952e-06
13.621621621621621,648.4076396014117,186.76186955845824,5722.8318029617885,2.9135322716811553e-07
14.126126126126124,642.5316196042361,192.3183944758195,6026.8532649186445,6.633830567291563e-08
14.630630630630629,636.7107275249665,197.7880949124758,6330.983386689572,1.4028277014346355e-08
15.135135135135133,630.9444291536064,203.1719599486473,6634.800197360232,2.7732768397866297e-09
15.639639639639638,625.2321954866015,208.47096833677887,6937.906522324217,5.130222800830149e-10
16.144144144144143,619.5735026760501,213.6860886056562,7239.9289224521635,1.0936711586452697e-10
16.648648648648646,613.9678319794051,218.81827916349405,7540.516672891943,2.3342679896657256e-11
17.153153153153152,608.4146697096716,223.86848839999848,7839.340780428159,5.981410375152436e-12
17.657657657657655,602.9135071860985,228.8376547873943,8136.093038695121,1.391761921103203e-11
18.16216216216216,597.4638406853214,233.7267069805144,8430.48511686189,5.055042267325632e-12
18.666666666666664,592.0651713929993,238.53656391586128,8722.247684143,-2.2406893730757152e-12
19.17117117117117,586.7170053559536,243.2681349096203,9011.129569881503,-1.0726983765365777e-13
19.675675675675674,581.41885343476,247.92231975473214,9296.896954404516,4.64653511027509e-12
20.18018018018018,576.1702312567602,252.50000881708883,9579.332588096857,3.225949569502361e-12
20.684684684684683,570.9706591695384,257.0020831307645,9858.23504081154,-3.651814173014146e-13
21.189189189189186,565.8196621949048,261.42941449218586,10133.4179837886,-3.9026185416951036e-12
21.693693693693692,560.7167699831462,265.782865553753,10404.709487751932,-2.7934673705731886e-12
22.198198198198195,555.6615167681534,270.06328991562856,10671.951375782608,-4.655614082785019e-13
22.7027027027027,550.6534413225882,274.27153221745016,10934.998575360718,1.8896601366602694e-12
23.207207207207205,545.6920869135921,278.4084282289084,11193.718502721034,1.666938201034479e-12
23.71171171171171,540.7770012591286,282.4748049390152,11447.990482519626,4.584576089509826e-13
24.216216216216214,535.9077364839821,286.4714806460789,11697.70514749583,-2.0445292597495796e-13
24.720720720720717,531.0838490773584,290.39926504434976,11942.763926864334,-6.531624321123813e-12
25.225225225225223,526.3048998502416,294.2589593111734,12183.078518159877,-7.778262872526671e-13
25.729729729729726,521.5704538927439,298.0513561941563,12418.57035895065,7.388455564467812e-12
26.234234234234233,516.8800805330246,301.7772400950694,12649.170179855962,-3.825066615110013e-11
26.738738738738736,512.2333532957452,305.4373871547145,12874.817528303021,-3.421990898422981e-11
27.243243243243242,507.62984986082546,309.03256533716797,13095.46030985246,1.5557400274525934e-11
27.747747747747745,503.069152023166,312.5635345120092,13311.05437403312,1.65368396310972e-11
28.252252252252248,498.5508456526161,316.03104653604424,13521.563108649441,7.305031512300116e-12
28.756756756756754,494.074520653968,319.4358453349712,13726.957035293299,-1.1443068961590305e-11
29.261261261261257,489.63977092756375,322.77866698377375,13927.2134319498,-7.1962644693124e-12
29.765765765765764,485.246194330681,326.06023978549354,14122.315986965708,-3.680932543444509e-13
30.270270270270267,480.8933926387682,329.28128435031675,14312.254444448245,9.477484493588219e-12
30.774774774774773,476.5809715068109,332.4425136743891,14497.024256462173,7.763218500921306e-12
31.279279279279276,472.30854043215334,335.54463321560377,14676.626290886361,7.455115108851828e-12
31.783783783783782,468.0757127167574,338.58834097056007,14851.066515224875,1.1286529563225963e-13
32.288288288288285,463.8821054298776,341.5743275506587,15020.355696851879,-7.252221437140223e-12
32.79279279279279,459.7273393714459,344.5032762567193,15184.509128788372,2.569552066828296e-12
33.29729729729729,455.61103903619534,347.37586315206494,15343.54637790659,1.5114123498388782e-12
33.8018018018018,451.53283257603806,350.1927571392341,15497.490975128096,-2.5357885004942847e-11
34.306306306306304,447.49235176664365,352.95462002796387,15646.370246357863,1.7062905471885864e-11
34.81081081081081,443.48923196976085,355.662106612018,15790.214999529326,1.0891847357967927e-10
35.31531531531531,439.52311210032053,358.31586473608365,15929.05936859257,1.4667933826720983e-11
35.81981981981982,435.59363459078804,360.916535368379,16062.940566081155,-1.7119728000632644e-11
36.32432432432432,431.70044535697554,363.46475267023254,16191.898680346223,2.1617346370986054e-11
36.828828828828826,427.8431937638544,365.96114406565925,16315.976472204246,-1.6109087006658228e-11
37.33333333333333,424.0215325920344,368.4063303095542,16435.21919205659,1.3818903189475691e-11
37.83783783783783,420.2351180045381,370.8009255552718,16549.674403417484,4.78308185567109e-11
38.34234234234234,416.483609513675,373.145537421995,16659.391809888682,-3.2751894084450524e-11
38.846846846846844,412.76666994748535,375.4407670629667,16764.423086259427,-2.705656968480746e-11
39.35135135135135,409.08396541792877,377.6872092301546,16864.82172503887,6.676344728608021e-12
39.85585585585585,405.43516529120666,379.8854523345711,16960.64289995248,5.381060998612861e-12
40.36036036036036,401.8199421550911,382.0360785126596,17051.943319332557,1.580756810549368e-11
40.86486486486486,398.2379717860129,384.1396636931647,17138.7810827569,-1.1206351073723433e-11
41.369369369369366,394.6889331177019,386.1967776608286,17221.215550682715,8.872713330410261e-12
41.87387387387387,391.17250821082655,388.20798411804583,17299.30722393883,-1.7857572101170158e-11
42.37837837837837,387.68838222285683,390.17384074605127,17373.117628761025,2.7286132149258602e-11
42.88288288288288,384.2362433779439,392.09489926606,17442.70920609372,1.63438753621748e-11
43.387387387387385,380.8157829369053,393.9717055001848,17508.145204658216,-7.393631457125856e-12
43.89189189189189,377.4266951660184,395.80479943475547,17569.489575226726,-9.601115407845771e-12
44.39639639639639,374.06867730905395,397.59471527704954,17626.806880308675,-2.856085059362515e-12
44.90090090090089,370.7414295567813,399.3419815171404,17680.16219877437,3.7468277078395194e-12
45.4054054054054,367.444655030934,401.04712096040976,17729.621078764318,2.0667631508274785e-12
45.909909909909906,364.17805973753354,402.7106508221952,17775.249397142354,-3.397214683212682e-13
46.41441441441441,360.94135254456216,404.33308277303405,17817.113302005182,-7.249250472409229e-13
46.91891891891891,357.7342451538205,405.9149229956873,17855.279139608414,-4.33483562945873e-13
47.42342342342342,354.556452074811,407.45667223804594,17889.813389912753,5.346085905194654e-13
47.927927927927925,351.4076906122999,408.95882583833526,17920.782634594267,7.131277691528791e-13
48.43243243243243,348.28768081211854,410.42187383487504,17948.253431716494,2.825002064907667e-12
48.93693693693693,345.1961454445899,411.84630099965915,17972.292273482744,4.956381009600854e-12
49.441441441441434,342.13280997277224,413.2325869026038,17992.965528778197,2.9036844242971107e-12
49.945945945945944,339.0974025397223,414.5812059372991,18010.339422040473,2.2911681170110423e-12
50.45045045045045,336.0896539265112,415.8926274060355,18024.479936412376,6.213335004694519e-12
50.95495495495495,333.10929755021056,417.16731552373983,18035.45284203232,4.512191659949246e-13
51.45945945945945,330.15606942164794,418.4057295035239,18043.323597059665,-8.354754391122695e-12
51.96396396396396,327.2297081239281,419.60832360006435,18048.157323251413,1.1652065931967849e-11
52.468468468468465,324.32995478332487,420.7755471684722,18050.018756697882,9.76351662865601e-12
52.97297297297297,321.4565530459399,421.90784471148487,18048.972208945335,-3.2216167556732325e-11
53.47747747747747,318.6092490527096,423.00565592991074,18045.081541985022,1.2222012207962378e-11
53.981981981981974,315.78779141307285,424.0694157759085,18038.410120172666,-2.3205635465571866e-12
54.486486486486484,312.99193119029536,425.0995544824686,18029.020821564845,2.083628488127897e-11
54.99099099099099,310.22142186900095,426.09649762909964,18016.975975578825,-3.6328720982298526e-13
55.49549549549549,307.4760193342992,427.0606661839259,18002.33734780145,-4.979744750366757e-13
55.99999999999999,304.7554818472302,427.99247655324103,17985.166115851687,4.980694967137835e-12
56.504504504504496,302.0595700225181,428.8923406263931,17965.52284836597,5.484791513081475e-13
57.009009009009006,299.3880468067037,429.7606658198939,17943.467486142243,-1.294122808095662e-12
57.51351351351351,296.74067745375237,430.59785512661256,17919.05932225293,4.845285952880889e-13
58.01801801801801,294.1172294956961,431.40430717495997,17892.356980718305,3.093095583084911e-12
58.522522522522515,291.51747273804904,432.1804162381275,17863.41841372387,1.6188912015438858e-12
59.027027027027025,288.9411792171975,432.92657231996253,17832.300873691132,6.836069049744367e-13
59.53153153153153,286.3881232031275,433.6431611494545,17799.060917059862,-5.164556442063269e-13
60.03603603603603,283.85808116064806,434.33056425887315,17763.754380130216,-3.0967499412614e-13
60.54054054054053,281.35083171651615,434.98915904996045,17726.43636457167,-2.25626166256363e-14
61.045045045045036,278.8661556700484,435.6193187725339,17687.16124536504,2.5997016388094794e-13
61.549549549549546,276.40383594535786,436.2214126206699,17645.982647742487,9.311165474560829e-14
62.05405405405405,273.96365756692757,436.79580578181424,17602.95344338605,-1.224893518562579e-13
62.55855855855855,271.5454076912998,437.3428593730217,17558.125760011764,-2.5215531776106875e-13
63.063063063063055,269.1488755160197,437.8629306241297,17511.55095616747,-6.500728620238593e-13
63.567567567567565,266.77385229054113,438.35637285588246,17463.279618270546,-8.448558465187006e-13
64.07207207207206,264.420131306772,438.8235354987315,17413.3615775376,-8.63528642030569e-13
64.57657657657657,262.08750783630336,439.26476421931716,17361.845873287282,-4.4713885422670865e-13
65.08108108108108,259.7757791795785,439.68040082122565,17308.780794961407,-2.207331626492219e-13
65.58558558558558,257.4847445838709,440.0707834101801,17254.21384290151,-3.175262201987723e-13
66.09009009009009,255.21420527266994,440.4362463346556,17198.191758747413,5.136238120125561e-15
66.59459459459458,252.9639643988667,440.7771202801223,17140.76050562573,6.036705283548818e-13
67.09909909909909,250.73382703049927,441.09373229751805,17081.965278594434,3.020112367359446e-13
67.6036036036036,248.52360013594588,441.3864058330179,17021.850502797297,-5.84126437695455e-13
68.1081081081081,246.33309255598232,441.65546078408767,16960.459835604062,-7.902445540701256e-13
68.61261261261261,244.16211499492644,441.9012135173359,16897.836163041688,-2.6046248978649095e-13
69.1171171171171,242.01048000025924,442.1239769090133,16834.021623824076,8.507508919200109e-14
69.62162162162161,239.87800193601163,442.32406039894227,16769.057580611567,2.6171087116128364e-13
70.12612612612612,237.7644969754921,442.50177000461184,16702.98464953302,1.5629526817115734e-13
70.63063063063062,235.6697830860332,442.65740835170044,16635.84270619308,1.4280160310642294e-13
71.13513513513513,233.5936799955106,442.7912747416673,16567.67086434599,3.4430412621214205e-14
71.63963963963964,231.53600919812507,442.90366513933793,16498.50751907438,-1.1141462832437234e-13
72.14414414414414,229.49659391728167,442.9948722480194,16428.39031766277,-1.589490037113711e-13
72.64864864864865,227.47525909896603,443.0651855222854,16357.356184290842,-4.502968332959385e-14
73.15315315315314,225.47183139445525,443.1148912025328,16285.441326688237,3.923668454125693e-14
73.65765765765765,223.48613913896537,443.144272358072,16212.681229536689,1.2169710832716096e-13
74.16216216216216,221.51801234033715,443.15360890923773,16139.11067668685,1.9646668637055967e-13
74.66666666666666,219.56728265785605,443.1431776701945,16064.763744491529,1.621340165540519e-13
75.17117117117117,217.63378338948485,443.1132523741622,15989.673816600487,1.3008910199294942e-14
75.67567567567566,215.71734945789808,443.064103701191,15913.87359449683,-8.964955118042798e-15
76.18018018018017,213.81781738451096,442.995999330645,15837.395088898003,9.465546756557279e-14
76.68468468468468,211.93502528458686,442.90920395033214,15760.26964327315,3.052626956640814e-13
77.18918918918918,210.0688128541162,442.8039792825747,15682.527944060108,3.114612317465903e-13
77.69369369369369,208.21902133708855,442.68058415047926,15604.200006786563,9.311673079428607e-14
78.19819819819818,206.38549352716763,442.53927447364066,15525.315204774866,-3.1050732718912786e-13
78.7027027027027,204.56807375373782,442.38030329589844,15445.902278099436,-4.351681676206066e-13
79.2072072072072,202.7666078490824,442.20392085182567,15365.989322090722,-2.1131156436059345e-13
79.7117117117117,200.98094315032066,442.01037456185753,15285.603813291578,3.2631383776965103e-13
80.21621621621621,199.21092848472537,441.79990906153165,15204.77261692079,4.991289339969981e-13
80.72072072072072,197.4564141407041,441.57276626022747,15123.521983322018,2.532383159651358e-13
81.22522522522522,195.7172518671179,441.3291853416246,15041.877566792975,-3.835786013821492e-13
81.72972972972973,193.9932948589741,441.06940279218463,14959.864433062456,-5.84464761385215e-13
82.23423423423422,192.28439773087666,440.7936524548131,14877.50706182771,-3.4090008218924843e-13
82.73873873873873,190.59041651532638,440.5021655314257,14794.829360597823,3.258262228534746e-13
83.24324324324324,188.91120864919066,440.19517060984793,14711.854672866895,5.669053929900923e-13
83.74774774774774,187.2466329472791,439.87289371717185,14628.605782865452,4.107864688496389e-13
84.25225225225225,185.5965496015868,439.5355583204307,14545.104927676151,-1.4288284774193503e-13
84.75675675675674,183.9608201681727,439.18338535265656,14461.373805684942,-3.705475682803516e-13
85.26126126126125,182.33930754056004,438.81659326657405,14377.4335822281,-3.517268129748104e-13
85.76576576576576,180.7318759498935,438.43539803342,14293.304900652725,-5.956192538841988e-14
86.27027027027026,179.13839095189346,438.040013168839,14209.007890525194,6.360953436741777e-14
86.77477477477477,177.55871940109105,437.63064978486614,14124.56217504186,1.4844446994265364e-13
87.27927927927927,175.99272945089587,437.2075165889339,14039.986879982678,1.6004629280617853e-13
87.78378378378378,174.44029054067417,436.770819909516,13955.300641652284,1.872815435986024e-13
88.28828828828829,172.90127337135934,436.3207637452791,13870.521616664937,1.0726321274929209e-13
88.79279279279278,171.375549905024,435.85754976511976,13785.667488274543,-6.627185921087161e-14
89.29729729729729,169.86299335225468,435.3813773332027,13700.755474281425,-1.8893962319861872e-13
89.80180180180179,168.36347814884147,434.89244355588556,13615.802338618276,-2.2331514834161003e-13
90.3063063063063,166.87687995518127,434.3909432821133,13530.82439565415,-1.4752635271215298e-13
90.8108108108108,165.4030756439859,433.87706912777134,13445.837518159298,-7.861736328871356e-14
91.3153153153153,163.94194327763353,433.3510115212542,13360.857149755575,4.9947116728822816e-14
91.81981981981981,162.49336210774493,432.8129587035101,13275.898307998556,2.0482214148089843e-13
92.32432432432432,161.05721256315275,432.263096751862,13190.975592304583,3.046196240478488e-13
92.82882882882882,159.6333762278461,431.70160962434915,13106.1031968156,2.631206403897329e-13
93.33333333333333,158.2217358407114,431.12867915946157,13021.294912551008,7.557222973713072e-14
93.83783783783782,156.82217528371453,430.54448509953346,12936.564135193696,-9.371161016376237e-14
94.34234234234233,155.43457956057597,429.9492051335444,12851.923878375103,-2.652138794520897e-13
94.84684684684684,154.05883479650424,429.3430148969102,12767.386774817254,-3.864912220771536e-13
95.35135135135134,152.69482822659313,428.7260879944281,12682.965083967278,-4.2589442987020483e-13
95.85585585585585,151.3424481753187,428.0985960413933,12598.670705710432,-2.5273982205715885e-13
96.36036036036035,150.00158405615483,427.46070866359725,12514.515180484197,8.793308554570182e-14
96.86486486486486,148.67212636019906,426.81259351978065,12430.509696789395,3.024809020500726e-13
97.36936936936937,147.35396663648768,426.154416341182,12346.66510516399,3.1272573497331864e-13
97.87387387387386,146.0469974915827,425.4863409315759,12262.991917491967,1.1839904549448982e-13
98.37837837837837,144.75111257848616,424.80852918919584,12179.500314426255,2.218838925322239e-14
98.88288288288287,143.4662065774581,424.12114114506926,12096.200159250175,-4.732224887043568e-14
99.38738738738738,142.19217519572317,423.42433496294524,12013.100996625295,-6.671505851544159e-14
99.89189189189189,140.92891515655742,422.71826696081615,11930.212059828742,-1.0599332029857612e-13
100.39639639639638,139.67632418085245,422.0030916477924,11847.542284585026,-5.1978267297502936e-14
100.9009009009009,138.43430098674364,421.2789617241203,11765.100307244358,8.127635337874468e-14
101.40540540540539,137.20274527893358,420.5460281022271,11682.894471890791,1.7708508259513688e-13
101.9099099099099,135.98155773091108,419.8044399423018,11600.932843917179,2.086866113750815e-13
102.41441441441441,134.77063998517647,419.0543446510871,11519.22320728502,1.8231251127039864e-13
102.9189189189189,133.5698946421139,418.29588790385816,11437.773072093372,1.9165078977849002e-13
103.42342342342342,132.3792252417329,417.5292136809145,11356.589688814245,1.5621218529018303e-13
103.92792792792793,131.19853626302634,416.75446426819985,11275.680046129948,6.8915876542873e-14
104.43243243243242,130.02773312149813,415.97178026170025,11195.050870216644,-6.3517855704090944e-15
104.93693693693693,128.86672214010827,415.1813006258001,11114.708649613662,-5.992569528276351e-14
105.44144144144143,127.71541055365427,414.3831626837526,11034.65962799411,-4.3302752654717487e-14
105.94594594594594,126.57370650713818,413.57750212023996,10954.909802463872,-3.136090632626355e-14
106.45045045045045,125.44151902979719,412.76445303364267,10875.464945829259,-1.0060871969118916e-14
106.95495495495494,124.31875803350783,411.9441479385595,10796.330604933215,2.5906997606261815e-14
107.45945945945945,123.20533430999521,411.11671777082273,10717.512099959122,6.717817484883752e-14
107.96396396396395,122.10115951897656,410.282291910944,10639.01453290653,9.83886684401368e-14
108.46846846846846,121.00614617136321,409.44099821758977,10560.842801133735,8.990193366493261e-14
108.97297297297297,119.92020763064623,408.5929630241328,10483.001592359878,2.560153576400947e-14
109.47747747747746,118.84325810869194,407.73831114659305,10405.495385305407,-2.2117842193210254e-14
109.98198198198197,117.7752126408469,406.8771659334512,10328.328471654993,-7.296550326456038e-14
110.48648648648647,116.71598708930614,406.0096492582432,10251.504948929074,-1.033488085833301e-13
110.99099099099098,115.66549814195726,405.1358815212043,10175.028717890891,-1.2902892676980274e-13
111.49549549549549,114.62366328686699,404.2559817005121,10098.903505343267,-1.1961885588255798e-13
111.99999999999999,113.59040081402667,403.37006734805794,10023.13285855007,-4.779241728468264e-14
112.5045045045045,112.56562981152646,402.4782545965571,9947.720145445059,5.3706915446066194e-14
113.00900900900899,111.54927015287728,401.5806581846712,9872.668564076006,1.3818775586520105e-13
113.5135135135135,110.54124248451339,400.67739148176156,9797.981151860426,1.9128252769879972e-13
114.01801801801801,109.54146822632646,399.76856648619037,9723.66078127578,1.8858356264292673e-13
114.52252252252251,108.54986956685067,398.854293834567,9649.710161154297,1.6757380129028708e-13
115.02702702702702,107.5663694414901,397.93468284503825,9576.131855473599,7.882805937190617e-14
115.53153153153153,106.59089153551534,397.00984151078745,9502.92827656495,-9.846956042021453e-14
116.03603603603602,105.62336028410549,396.07987649945073,9430.101681355816,-2.4980495075991846e-13
116.54054054054053,104.66370084603186,395.14489320557914,9357.654194883586,-3.6287964780658335e-13
117.04504504504503,103.71183910868676,394.20499574002696,9285.587801384192,-3.6275830957671584e-13
117.54954954954954,102.76770168155578,393.26028694231115,9213.904347208578,-2.6587850666414786e-13
118.05405405405405,101.83121588703617,392.31086839871176,9142.605546664045,-1.2670039459777718e-13
118.55855855855854,100.90230975119137,391.3568404605528,9071.69298787894,2.465396613471968e-14
119.06306306306305,99.98091200009782,390.3983022511316,9001.16813253068,1.2252237071641768e-13
119.56756756756755,99.06695205177874,389.4353516811408,8931.032321377397,6.892926582485406e-14
120.07207207207206,98.16036000329882,388.46808547428077,8861.286779864487,2.5858704566812107e-14
120.57657657657657,97.26106664637892,387.4965991362949,8791.932610733627,-1.337599121858719e-14
121.08108108108107,96.36900342079831,386.5209870451293,8722.970816160263,-4.5071282735822505e-14
121.58558558558558,95.48410246654478,385.54134235055426,8654.402273038428,-2.2921591086638655e-14
122.09009009009007,94.60629654200933,384.5577571323263,8586.227771636128,-3.4502426768141278e-15
122.59459459459458,93.73551910318207,383.5703222467126,8518.447978175605,9.240663850634982e-15
123.09909909909909,92.87170420502115,382.5791275176164,8451.063480920928,2.0455614737007266e-14
123.60360360360359,92.01478658963254,381.5842615657508,8384.074749184934,8.861876646601189e-15
124.1081081081081,91.16470159005031,380.58581199466727,8317.48217730501,-9.0910323999828e-15
124.61261261261261,90.32138520214424,379.58386525190735,8251.286052116075,-2.758722632646638e-14
125.1171171171171,89.48477402926684,378.5785067358614,8185.486577451812,-4.1757538863861646e-14
125.62162162162161,88.65480528304928,377.56982079428997,8120.083874187278,-3.196181735524337e-14
126.12612612612611,87.83141678544307,376.55789072035475,8055.07797893643,1.4432918130373095e-14
126.63063063063062,87.01454697221283,375.54279874581187,7990.468841647363,5.84549169334271e-14
127.13513513513513,86.20413485211837,374.5246261199774,7926.25634522352,9.503840652932778e-14
127.63963963963963,85.40012005702012,373.50345301229106,7862.44028063122,1.0937984125047022e-13
128.14414414414412,84.60244278294171,372.47935862693055,7799.020375265577,6.551684614830716e-14
128.64864864864865,83.8110438180695,371.4524211483244,7735.996278650526,6.0116919551869065e-16
129.15315315315314,83.02586452708563,370.4227177714029,7673.367569838569,-4.193152793262991e-14
129.65765765765764,82.24684684308728,369.3903247172417,7611.133760596108,-4.5589624569781064e-14
130.16216216216216,81.47393326066613,368.35531724647154,7549.294298028521,-3.7113789610374725e-14
130.66666666666666,80.70706683715196,367.31776965667586,7487.8485640400595,4.652343835985138e-15
131.17117117117115,79.94619117770685,366.27775531078976,7426.79588081042,4.507953892732869e-14
131.67567567567568,79.19125043575578,365.2353466368574,7366.135511317282,4.3699670523715183e-14
132.18018018018017,78.44218930863484,364.1906151359822,7305.866659682547,2.820146245478391e-14
132.68468468468467,77.6989530277934,363.14363140127637,7245.988475972836,-6.770952325111977e-17
133.18918918918916,76.96148735745113,362.0944651205727,7186.5000559468845,-3.518415610725509e-14
133.6936936936937,76.22973859086589,361.0431850836643,7127.40044213765,-5.492839611554587e-14
134.19819819819818,75.50365354050635,359.98985920087904,7068.688628182989,-2.614663146901809e-14
134.70270270270268,74.78317953728786,358.93455450410625,7010.363557906777,8.43848801900745e-15
135.2072072072072,74.06826442368173,357.87733716069494,6952.424128467326,2.6835848521322653e-14
135.7117117117117,73.35885654850667,356.8182724833451,6894.869191863346,2.7390670499192607e-14
136.2162162162162,72.65490476273935,355.7574249381526,6837.697556364962,-2.9128048798606117e-15
136.72072072072072,71.95635841407388,354.69485815565605,6780.907988443374,-1.958626826101666e-14
137.22522522522522,71.26316734144915,353.6306349395054,6724.49921426047,-3.5444525969086645e-15
137.7297297297297,70.57528187367338,352.56481727069786,6668.469920378711,-1.4151875143865771e-15
138.2342342342342,69.89265283089054,351.4974663068222,6612.8187552928375,-5.412434035432411e-16
138.73873873873873,69.21523149921696,350.42864242511916,6557.544332313631,-5.5288527743988195e-17
139.24324324324323,68.54296962481365,349.35840523352886,6502.645230980082,8.046016290101991e-17
139.74774774774772,67.8758194099113,348.2868135784598,6448.119998240923,7.124929388299966e-17
140.25225225225225,67.21373357094683,347.2139254483454,6393.967145200328,2.674556094635991e-17
140.75675675675674,66.55666528194077,346.139798069754,6340.185152395788,2.4795556496853e-18
141.26126126126124,65.90456815596754,345.0644879395648,6286.772472118332,2.1109457064438872e-18
141.76576576576576,65.25739624908579,343.9880508197011,6233.72752929797,1.575249151527275e-17
142.27027027027026,64.61510406076258,342.9105417363226,6181.048721370658,1.528668329181877e-17
142.77477477477476,63.97764654057738,341.83201497075146,6128.734419643945,9.89020652071699e-18
143.27927927927928,63.344979074706856,340.7525240827282,6076.782970703206,5.166914519186523e-19
143.78378378378378,62.717057489240524,339.6721219051568,6025.192696458383,-3.1165175132247283e-18
144.28828828828827,62.09383803669887,338.5908605691902,5973.961897170919,-2.5619082819924293e-18
144.79279279279277,61.475277395200266,337.50879150569017,5923.0888514503295,4.886144582231601e-19
145.2972972972973,60.86133266734471,336.42596544750756,5872.571816691926,2.3357572389695232e-18
145.8018018018018,60.25196136895118,335.3424324507855,5822.409031725136,3.2431955482942176e-18
146.30630630630628,59.647121435008984,334.2582418838293,5772.598715467615,2.1738091230544883e-18
146.8108108108108,59.04677120492613,333.17344245519155,5723.139070512826,1.082384580185876e-18
147.3153153153153,58.45086942556072,332.0880822079769,5674.028282341087,5.2193390656623245e-19
147.8198198198198,57.85937524284275,331.00220853591645,5625.264521417604,3.601940103876576e-19
148.32432432432432,57.27224820389297,329.9158681792481,5576.845942511777,9.586933676806364e-19
148.82882882882882,56.6894482479104,328.8291072421933,5528.7706869878675,8.961190531642316e-19
149.33333333333331,56.11093570742399,327.74197119063103,5481.036882222751,8.538242312894068e-19
149.8378378378378,55.5366713021931,326.6545048637467,5433.642643218661,2.3994393326484346e-19
150.34234234234233,54.96661613431153,325.5667524833429,5386.586073441632,-3.8174555232348874e-19
150.84684684684683,54.40073168659854,324.4787576569896,5339.865265287822,-6.399251481989601e-19
151.35135135135133,53.838979816395735,323.39056338979395,5293.478301321613,-9.7191869011104e-19
151.85585585585585,53.281322753851335,322.30221208780756,5247.423254729339,-6.161517435885707e-19
152.36036036036035,52.72772309859105,321.2137455645109,5201.698189753303,-2.303245610118096e-19
152.86486486486484,52.17814381390808,320.1252050517073,5156.301163247272,5.372175451515674e-20
153.36936936936937,51.63254822695156,319.03663119953995,5111.230224123152,3.127388120549177e-19
153.87387387387386,51.090900022554855,317.94806408810285,5066.483414962668,3.3002056304879403e-19
154.37837837837836,50.55316324103381,316.8595432317807,5022.058772212168,3.891664264371834e-20
154.88288288288288,50.01930227541045,315.77110758464835,4977.954326610544,-2.4036026835427838e-19
155.38738738738738,49.48928186685959,314.6827955491564,4934.168104310579,-3.4743875919013285e-19
155.89189189189187,48.96306710239537,313.5946449806881,4890.698126908949,-4.0339168300820157e-19
156.39639639639637,48.44062341107142,312.50669319481347,4847.542412509443,-1.224428287318157e-19
156.9009009009009,47.92191656131423,311.41897697270184,4804.698975796916,2.060976666970582e-19
157.4054054054054,47.40691265700826,310.33153256838204,4762.165829067706,4.173616821871013e-19
157.90990990990989,46.89557813526664,309.244395713405,4719.9409823080505,4.576214331474694e-19
158.4144144144144,46.38787976288464,308.1576016236158,4678.022443905239,3.031600872264752e-19
158.9189189189189,45.88378463314821,307.0711850052991,4636.40822119894,-1.25739296952895e-19
159.4234234234234,45.383260163766224,305.98518005939775,4595.096320584098,-4.975140631365192e-19
159.92792792792793,44.886274092503655,304.8996204898289,4554.0847485295735,-5.553559399492049e-19
160.43243243243242,44.39279447593393,303.81453950628713,4513.3715113519465,-4.824574937572304e-19
160.93693693693692,43.90278968492106,302.72996983268166,4472.9546162984525,-4.4841084152403306e-20
161.44144144144144,43.41622840324667,301.6459437105701,4432.832071422607,4.831896797395454e-19
161.94594594594594,42.933079623812716,300.5624929061066,4393.001886335225,7.068571744894398e-19
162.45045045045043,42.45331264616161,299.47964871499903,4353.462072456743,5.230486908664659e-19
162.95495495495493,41.97689707388961,298.3974419677002,4314.210643325701,2.9388975448490404e-19
163.45945945945945,41.50380281146657,297.31590303579975,4275.245615207269,-1.6728422966489182e-20
163.96396396396395,41.03400006262667,296.23506183567395,4236.565007058488,-3.3706035198254487e-19
164.46846846846844,40.56745932621891,295.1549478359571,4198.166841354214,-3.047302176586277e-19
164.97297297297297,40.1041513955476,294.07559006025235,4160.049143873597,-2.1450838993122376e-19
165.47747747747746,39.644047353962435,292.99701709474954,4122.209944540079,-3.367494813660619e-20
165.98198198198196,39.18711857356324,291.91925709156743,4084.6472773514965,1.787338306518769e-19
166.48648648648648,38.73333671228947,290.84233777449066,4047.359180818297,3.051443533258405e-19
166.99099099099098,38.28267371133346,289.76628644435164,4010.343698327259,1.9938746794571134e-19
167.49549549549548,37.835101793425046,288.6911299829306,3973.598878193598,6.97619930518521e-20
167.99999999999997,37.39059345933528,287.6168948594775,3937.1227742610236,-5.972208088132945e-20
168.5045045045045,36.94912148724138,286.5436071338921,3900.913445811967,-1.5126877262650603e-19
169.009009009009,36.51065892911677,285.47129246276165,3864.968958062553,-9.785116548029019e-20
169.5135135135135,36.0751791088985,284.39997610338696,3829.2873822546453,-5.552704562017421e-21
170.018018018018,35.64265562026829,283.32968291901943,3793.866795984494,4.505306289793403e-20
170.5225225225225,35.213062324349295,282.26043738327985,3758.705283378178,-3.161397928684635e-20
171.027027027027,34.78637334787667,281.19226358504864,3723.800935350377,-2.5317567304495014e-19
171.53153153153153,34.362563081764065,280.1251852328094,3689.1518497652783,-2.5210949478735016e-19
172.03603603603602,33.94160617821651,279.05922565930507,3654.756131654378,-1.480180155673424e-19
172.54054054054052,33.52347754879323,277.9944078260623,3620.6118934106153,2.220885196582141e-20
173.04504504504504,33.10815236200194,276.93075432785736,3586.717254971669,4.1926496043338253e-20
173.54954954954954,32.69560604361951,275.86828739713377,3553.070343996123,1.6682459089929692e-20
174.05405405405403,32.2858142724886,274.8070289083939,3519.669296033471,7.517417303135715e-21
174.55855855855853,31.878752979907418,273.747000382545,3486.512254691713,2.5980030644507605e-21
175.06306306306305,31.474398347247895,272.68822299222717,3453.5973718269734,4.7721549330460504e-21
175.56756756756755,31.07272680512009,271.6307175643088,3420.9228076330755,8.886071182257412e-21
176.07207207207205,30.67371503165405,270.57450458444464,3388.486730796785,8.887455553991304e-21
176.57657657657657,30.27733995120491,269.5196042002337,3356.2873186047586,5.4633169252084725e-21
177.08108108108107,29.883578732321435,268.466036228207,3324.3227571718317,1.8114378479046924e-21
177.58558558558556,29.49240878558871,267.4138201573041,3292.5912415446037,-3.0817518719022383e-22
178.0900900900901,29.103807763290177,266.36297515218325,3261.090975797715,-3.737466964800193e-22
178.59459459459458,28.717753558065514,265.31352005723164,3229.82017314716,1.9782524120073332e-22
179.09909909909908,28.334224301647854,264.2654734005185,3198.7770560579993,4.07146203927943e-22
179.60360360360357,27.95319836364483,263.2188533979331,3167.959856355946,1.933467151286837e-22
180.1081081081081,27.57465435068907,262.1736779570647,3137.3668153271465,-1.358717593499858e-22
180.6126126126126,27.198571105659596,261.1299646801443,3106.9961837873952,-5.107416430098301e-22
181.1171171171171,26.824927705809078,260.0877308707922,3076.846222255765,-4.933300207573459e-22
181.6216216216216,26.45370346219684,259.0469935363176,3046.91520099085,-3.2159832054533776e-22
182.1261261261261,26.084877919477368,258.0077693911847,3017.201400066835,-4.1135571594845817e-23
182.6306306306306,25.718430854857512,256.9700748615126,2987.703109472417,1.573056153408193e-22
183.13513513513513,25.354342278759876,255.93392608690135,2958.4186291236397,1.470370505764688e-22
183.63963963963963,24.992592433421795,254.89933892615693,2929.346268998403,-8.568811302052627e-24
184.14414414414412,24.633161792773503,253.86632896027453,2900.4843491802635,-1.8924263864571013e-22
184.64864864864865,24.27603106172533,252.83491149701527,2871.8311999482435,-2.1842151754017633e-22
185.15315315315314,23.921181176761685,251.80510157388738,2843.3851618071076,-1.4577102378873299e-22
185.65765765765764,23.568593305190888,250.77691396253113,2815.144585582031,-3.3494738423180903e-23
186.16216216216213,23.218248847595127,249.75036317150452,2787.107832424869,2.736919108888097e-23
186.66666666666666,22.870129435658605,248.7254634503265,2759.2732738875548,1.7291392636517534e-23
187.17117117117115,22.524216934027265,247.70222879296765,2731.6392919636505,-2.412584153182388e-23
187.67567567567565,22.180493441000827,246.6806729416958,2704.2042791421773,-3.614849144037525e-23
188.18018018018017,21.838941289338894,245.66080939068488,2676.9666384489815,-1.9228463928090555e-23
188.68468468468467,21.499543047365968,244.64265138958186,2649.924783484603,1.259944536305742e-23
189.18918918918916,21.16228152023077,243.62621194714185,2623.077138463951,2.0201605889175997e-23
189.6936936936937,20.827139751664525,242.6115038347428,2596.4221382462747,3.582122678938898e-24
190.19819819819818,20.494101026163605,241.5985395900352,2569.958228371997,-1.8304491004079075e-23
190.70270270270268,20.163148870359986,240.58733152055123,2543.683865094857,-3.476264873621303e-23
191.20720720720718,19.834267055424046,239.5778917073187,2517.597515414008,-3.9444713781962283e-23
191.7117117117117,19.50743960103897,238.57023200849724,2491.6976570990637,-2.6412647895105504e-23
192.2162162162162,19.182650778310034,237.5643640630044,2465.9827787178806,-7.255074676445128e-24
192.7207207207207,18.85988511273114,236.5602992941555,2440.45137966117,-7.108473455797285e-25
193.22522522522522,18.539127385801518,235.55804891331414,2415.1019701684036,-5.215324367697673e-24
193.7297297297297,18.2203626404525,234.55762392356993,2389.9330713517616,-8.084551479383853e-24
194.2342342342342,17.90357619353358,233.55903512346617,2364.9432152189083,-4.4348619596799325e-24
194.73873873873873,17.58875362863506,232.5622931107849,2340.130944693734,-2.4312766783876318e-24
195.24324324324323,17.27588080931102,231.56740828628435,2315.4948136396806,-1.3710476168459612e-24
195.74774774774772,16.96494388481559,230.57439085754012,2291.0333868809043,-7.758383642951557e-25
196.25225225225225,16.655929296164835,229.58325084277917,2266.7452402236804,-4.328612157964657e-25
196.75675675675674,16.34882378501491,228.59399807501308,2242.6289604794138,-2.4411942007268147e-25
197.26126126126124,16.0436144016418,227.60664220569313,2218.68314548508,-1.3952086766101764e-25
197.76576576576574,15.740288515099447,226.6211927088963,2194.906404126888,-7.966031960792417e-26
198.27027027027026,15.43883382425005,225.63765888571578,2171.297356365645,-4.5348196364072724e-26
198.77477477477476,15.139238368662772,224.65604986808003,2147.854633259525,-2.657124961438834e-26
199.27927927927925,14.841490542685294,223.67637462349708,2124.5768769931606,-1.631293599082909e-26
199.78378378378378,14.545579109086749,222.69864195972946,2101.462740907651,-9.827853768021111e-27
200.28828828828827,14.251493214053319,221.72286052886912,2078.5108895285357,-5.6185253464157115e-27
200.79279279279277,13.959222407429467,220.74903883203154,2055.7199985989805,-3.309367531850194e-27
201.2972972972973,13.668756659510247,219.77718522450047,2033.088755117601,-2.185780649505691e-27
201.8018018018018,13.380086381807226,218.80730792086044,2010.6158573787511,-1.4530241430547824e-27
202.30630630630628,13.093202453565985,217.83941500021234,1988.3000150160353,-8.351048864844773e-28
202.81081081081078,12.808096247022503,216.87351441162812,1966.1399490503306,-4.391678124444828e-28
203.3153153153153,12.52475965306776,215.90961397990606,1944.1343919432456,-2.8456364756319454e-28
203.8198198198198,12.243185116481078,214.94772141162014,1922.282087656284,-2.188449946430803e-28
204.3243243243243,11.963365675116004,213.98784430149215,1900.5817917162267,-1.359424793843353e-28
204.82882882882882,11.685294992870086,213.02999013907763,1879.0322712876816,-6.042167625339799e-29
205.33333333333331,11.408967401304603,212.07416631574299,1857.6323052528319,-3.337297395596773e-29
205.8378378378378,11.134377963940958,211.1203801323039,1836.3806843026223,-2.2512285715373842e-29
206.34234234234233,10.861522516583113,210.16863880701553,1815.2762110358412,-1.408929324403587e-29
206.84684684684683,10.590397734352285,209.21894948404505,1794.3177000690498,-9.009822394658344e-30
207.35135135135133,10.321001200625517,208.27131924263637,1773.5039781600133,-5.747077196720553e-30
207.85585585585585,10.053331483708334,207.32575510692607,1752.833884344532,-3.6767437887464704e-30
208.36036036036035,9.787388224749607,206.3822640566338,1732.3062700903188,-2.3819277427203754e-30
208.86486486486484,9.523172234845514,205.44085303875883,1711.9199994705764,-1.5389657111999572e-30
209.36936936936934,9.260685605213185,204.50152897962914,1691.6739493483763,-1.0026227698349263e-30
209.87387387387386,8.999931832933196,203.56429879876762,1671.567009592445,-6.6070686600193935e-31
210.37837837837836,8.740915960675741,202.62916942377646,1651.5980833146502,-4.344970693445012e-31
210.88288288288285,8.48364473923112,201.69614780659788,1631.7660871347557,-2.8692831522677604e-31
211.38738738738738,8.228126807570115,200.76524094147916,1612.069951477285,-1.9212745174799478e-31
211.89189189189187,7.974372901625334,199.83645588482466,1592.5086209043957,-1.2918338740897491e-31
212.39639639639637,7.722396090777923,198.90979977705237,1573.0810544865642,-8.632545943085115e-32
212.9009009009009,7.4722120492500075,197.98527986707845,1553.7862262222434,-5.817301327612141e-32
213.4054054054054,7.2238393682000925,197.06290353953838,1534.623125507832,-3.9745212384958855e-32
213.90990990990989,6.97729991174275,196.14267834517835,1515.5907576654213,-2.7143246434258644e-32
214.41441441441438,6.732619228250395,195.22461203487603,1496.688144535973,-1.853854837569418e-32
214.9189189189189,6.48982703302915,194.30871259840578,1477.9143251567605,-1.2818570545557596e-32
215.4234234234234,6.248957739527175,193.394988307428,1459.2683565134228,-8.850759212666869e-33
215.9279279279279,6.010051120033062,192.48344776479823,1440.749314402344,-6.1432218692974573e-33
216.43243243243242,5.773153028222781,191.57409996039192,1422.3562944043053,-4.296022280010173e-33
216.93693693693692,5.538316269611147,190.66695433453296,1404.0884129883016,-3.0045279293296152e-33
217.4414414414414,5.305601599433794,189.76202085067322,1385.9448087708997,-2.1156210639776785e-33
217.94594594594594,5.075078891405187,188.85931007837976,1367.9246439482877,-1.499867233881581e-33
218.45045045045043,4.846828509689519,187.9588332889888,1350.0271059374036,-1.065075966346478e-33
218.95495495495493,4.620942894242536,187.06060256524648,1332.2514092473607,-7.602834969599377e-34
219.45945945945945,4.3975284280564,186.164630928098,1314.5967976309419,-5.4596197586083885e-34
219.96396396396395,4.176707598768691,185.27093248260758,1297.0625465472692,-3.931961073781884e-34
220.46846846846844,3.9586215302669325,184.37952258755575,1279.6479660094362,-2.846026445125458e-34
220.97297297297294,3.7434328771894307,183.49041805053966,1262.3524038482003,-2.068523570219493e-34
221.47747747747746,3.531329211919036,182.60363735402487,1245.1752494833063,-1.5097061481720024e-34
221.98198198198196,3.3225268068446616,181.7192009165703,1228.115938277962,-1.1070297601732835e-34
222.48648648648646,3.1172749701950124,180.83713139320494,1211.173956561065,-8.149983803908684e-35
222.99099099099098,2.915860758126816,179.95745402018272,1194.348847423311,-6.026630151040096e-35
223.49549549549548,2.718614053996049,179.08019700721965,1177.6402173933325,-4.4752369288161513e-35
223.99999999999997,2.5259127515627955,178.205391979734,1161.0477441066898,-3.33701378925586e-35
224.5045045045045,2.338187680664354,177.33307446999277,1144.5711850748194,-2.498820189223688e-35
225.009009009009,2.1559266408134534,176.46328445191745,1128.2103876569677,-1.8788630138199042e-35
225.5135135135135,1.9796766473065102,175.59606690530129,1111.9653002793966,-1.4185674515387088e-35
226.01801801801798,1.8100429846211963,174.73147238508864,1095.835984896574,-1.075409579675976e-35
226.5225225225225,1.6476834540274796,173.8695575557009,1079.8226305945698,-8.185757553743742e-36
227.027027027027,1.493295489392841,173.01038563089364,1063.925568052997,-6.255935963685206e-36
227.5315315315315,1.3475941140794596,172.1540266373167,1048.1452843941784,-4.8002096214665096e-36
228.03603603603602,1.2112787747168257,171.30055740001606,1032.4824376531537,-3.697863059226953e-36
228.54054054054052,1.0849885478919008,170.45006113528646,1016.9378697924047,-2.8598986861100356e-36
229.04504504504501,0.9692475768673201,169.60262654264258,1001.5126168699602,-2.2204803320483476e-36
229.54954954954954,0.8644060191264036,168.75834632344444,986.2079147350801,-1.73071903875154e-36
230.05405405405403,0.7705855040412294,167.91731512751846,971.0251986053174,-1.3541782172989255e-36
230.55855855855853,0.6876407786455221,167.07962703049208,955.9660950597413,-1.0636078342620812e-36
231.06306306306305,0.6151484675566988,166.24537276378894,941.0324055941751,-8.385524863410175e-37
231.56756756756755,0.5524294789716733,165.41463702510953,926.2260821922744,-6.636023903059814e-37
232.07207207207205,0.49860352312750755,164.58749617872041,911.5491955555553,-5.271092338906589e-37
232.57657657657654,0.45266537966788245,163.76401664639008,897.0038986136764,-4.20236819401557e-37
233.08108108108107,0.41356730995085844,162.94425411681948,882.5923878233937,-3.3625882576213077e-37
233.58558558558556,0.3802920148141524,162.12825355296553,868.3168651750763,-2.700378657403407e-37
234.09009009009006,0.3519057612005671,161.31604983873456,854.1795031539225,-2.1763663434164803e-37
234.59459459459458,0.32758829680999724,160.5076688405835,840.1824143036279,-1.7602746776721494e-37
235.09909909909908,0.3066423725740461,159.7031286582982,826.327626124805,-1.428743781589697e-37
235.60360360360357,0.2884888300043311,158.90244088502624,812.6170613998675,-1.163692513281554e-37
236.1081081081081,0.27265358678477314,158.1056117693076,799.0525234440854,-9.510781364991845e-38
236.6126126126126,0.25875158246487,157.3126432189321,785.6356857049209,-7.799595896062021e-38
237.1171171171171,0.24647082687656763,156.52353363729873,772.3680849158209,-6.417851816564388e-38
237.6216216216216,0.23555821374387684,155.7382786032922,759.2511171093842,-5.298494913384292e-38
238.1261261261261,0.2258076347318033,154.95687141629188,746.2860358800499,-4.3887824007556145e-38
238.6306306306306,0.2170503702644379,154.17930353048294,733.4739523870177,-3.6470990785276663e-38
239.1351351351351,0.20914746997314546,153.40556490053217,720.8158366888612,-3.040508629555177e-38
239.63963963963963,0.20198376804980284,152.63564425737314,708.3125200868565,-2.542864241631636e-38
240.14414414414412,0.19546319509324797,151.86952932920235,695.9646982253889,-2.1333463001401484e-38
240.64864864864862,0.18950510414847838,151.10720701945064,683.7729347511554,-1.7953276970626212e-38
241.15315315315314,0.18404137992219047,150.34866355103753,671.7376653793253,-1.5154903213980837e-38
241.65765765765764,0.179014154167307,149.59388458396526,659.8592022455434,-1.2831354489539333e-38
242.16216216216213,0.17437398989000308,148.842855311794,648.1377384506416,-1.0896437936655851e-38
242.66666666666666,0.1700784295378772,148.09556054126782,636.5733527248342,-9.280515507012937e-39
243.17117117117115,0.166090827234152,147.3519847584153,625.1660141536622,-7.927165939651427e-39
243.67567567567565,0.16237940374226165,146.6121121837316,613.9155869206819,-6.790549135497588e-39
244.18018018018014,0.15891647716457089,145.87592681848986,602.8218350312893,-5.833319484049296e-39
244.68468468468467,0.1556778330663636,145.14341248380669,591.8844269902456,-5.024969187592094e-39
245.18918918918916,0.15264220575154988,144.41455285369275,581.1029403586982,-4.340511923121346e-39
245.69369369369366,0.14979084907597262,143.6893314834036,570.4768664074242,-3.759423577104331e-39
246.19819819819818,0.1471071799567973,142.9677318334427,560.0056144874264,-3.264804174403769e-39
246.70270270270268,0.14457647834567985,142.2497372901991,549.6885162743623,-2.8427044482703084e-39
247.20720720720718,0.14218563662968045,141.53533118384743,539.5248300511316,-2.4815788830737135e-39
247.7117117117117,0.13992294863158894,140.82449680373813,529.5137447541364,-2.171848516925612e-39
248.2162162162162,0.1377779294633645,140.1172174117908,519.6543839624056,-1.9055456817894303e-39
248.7207207207207,0.135741162988406,139.41347625412985,509.94580971931083,-1.676027057585732e-39
249.22522522522522,0.1338041711000468,138.71325657124615,500.38702625226847,-1.4777400459654916e-39
249.7297297297297,0.13195930185408863,138.01654160689006,490.97698354748775,-1.3060327779992947e-39
250.2342342342342,0.13019963287420694,137.32331461586824,481.7145808197275,-1.1569987141650942e-39
250.7387387387387,0.12851888828121238,136.63355887090862,472.59866982769216,-1.02734983274949e-39
251.24324324324323,0.12691136619683743,135.9472576686922,463.62805810494933,-9.14312169291966e-40
251.74774774774772,0.12537187627922536,135.26439433520508,454.80151202125916,-8.15540429475028e-40
252.25225225225222,0.12389568460155072,134.58495223043212,446.117759779026,-7.2904711365685115e-40
252.75675675675674,0.12247846607415756,133.9089147525628,437.5754942353815,-6.531444769638115e-40
253.26126126126124,0.12111626208609796,133.2362653416649,429.1733756662339,-5.8639604494402506e-40
253.76576576576574,0.11980544378243638,132.56698748300423,420.9100343677183,-5.275767650545451e-40
254.27027027027026,0.11854267923228208,131.90106470994013,412.78407319128235,-4.756395958276183e-40
254.77477477477476,0.11732490471078581,131.2384806065445,404.7940699419871,-4.296878670092381e-40
255.27927927927925,0.11614929905205787,130.5792188099034,396.9385796928784,-3.889520929891582e-40
255.78378378378375,0.11501326093278438,129.92326301217514,389.21613699211343,-3.5277061928986326e-40
256.28828828828824,0.11391438866199384,129.27059696243205,381.6252579715972,-3.2057340378391786e-40
256.7927927927928,0.11285046205796528,128.62120446827157,374.16444236980544,-2.9186835825958424e-40
257.2972972972973,0.11181942636241658,127.97506939729163,366.8321754523011,-2.662299025415656e-40
257.8018018018018,0.11081937768095544,127.33217567834893,359.62692985732866,-2.4328925723229208e-40
258.3063063063063,0.10984855005498398,126.69250730273491,352.54716734366974,-2.2272629475657795e-40
258.8108108108108,0.10890530369290792,126.05604832515759,345.5913404678144,-2.0426259354643516e-40
259.3153153153153,0.1079881144822396,125.42278286466775,338.75789417253566,-1.8765558565483647e-40
259.81981981981977,0.10709556442529501,124.792695105427,332.0452673057026,-1.7269355482995685e-40
260.3243243243243,0.10622633305005749,124.16576929741788,325.45189406114696,-1.5919139634488853e-40
260.8288288288288,0.10537918960767757,123.54198975705508,318.97620534990665,-1.4698699459054001e-40
261.3333333333333,0.1045529859686476,122.92134086769804,312.61663010310536,-1.3593812290402194e-40
261.8378378378378,0.10374665023325037,122.3038070801522,306.3715965076086,-1.2591980549767801e-40
262.3423423423423,0.10295918081818244,121.68937291301364,300.2395331786973,-1.1682203420789721e-40
262.8468468468468,0.10218964117463672,121.0780229530648,294.2188702719425,-1.0854783037865447e-40
263.35135135135135,0.10143715487768344,120.46974185552399,288.3080405350122,-1.010115596243771e-40
263.85585585585585,0.10070090116562712,119.86451434429185,282.5054803031696,-9.413748824402694e-41
264.36036036036035,0.0999801109514306,119.26232521212567,276.80963043828893,-8.785853378605043e-41
264.86486486486484,0.09927406293122762,118.66315932088222,271.21893722495884,-8.211519529918137e-41
265.36936936936934,0.09858208035103622,118.06700160146957,265.73185319412437,-7.685460328940899e-41
265.87387387387383,0.09790352772167378,117.47383705405362,260.3468379221062,-7.202972263207095e-41
266.37837837837833,0.09723780778678376,116.88365074822823,255.06235879067458,-6.759865477680124e-41
266.8828828828829,0.09658435944647431,116.29642782266362,249.87689164001867,-6.352400109498869e-41
267.3873873873874,0.09594265466579623,115.71215348536253,244.78892145114432,-5.977234908739353e-41
267.8918918918919,0.09531219615427268,115.1308130139052,239.79694300452016,-5.631381713244191e-41
268.39639639639637,0.09469251591459488,114.55239175479558,234.89946136781495,-5.31216190794588e-41
268.90090090090087,0.09408317332278177,113.97687512363828,230.0949924626789,-5.017172316243187e-41
269.40540540540536,0.09348375200185738,113.40424860547759,225.38206363827885,-4.74425534504886e-41
269.9099099099099,0.09289385979744895,112.83449775409828,220.75921404167613,-4.4914695205685547e-41
270.4144144144144,0.09231312673794988,112.26760819222476,216.2249951022955,-4.257066553793093e-41
270.9189189189189,0.0917412028759784,111.7035656112559,211.7779709096477,-4.0394698122400073e-41
271.4234234234234,0.09117775840709454,111.14235577115849,207.41671859137202,-3.837255832548019e-41
271.9279279279279,0.0906224804915109,110.58396450036855,203.13982866546797,-3.649137977383029e-41
272.4324324324324,0.09007507443422538,110.02837769562963,198.9459053586319,-3.4739519019516547e-41
272.9369369369369,0.08953526014799076,109.47558132169095,194.8335668666126,-3.310642492007354e-41
273.44144144144144,0.08900277403633111,108.9255614111455,190.80144562254335,-3.158252586671017e-41
273.94594594594594,0.08847736451917539,108.37830406437719,186.84818856300487,-3.015913061367588e-41
274.45045045045043,0.08795879491511796,107.83379544922566,182.97245731836423,-2.8828336949834276e-41
274.9549549549549,0.08744683979810934,107.29202180086318,179.1729284226163,-2.758295302430642e-41
275.4594594594594,0.08694128562941326,106.75296942161481,175.44829349665352,-2.6416426360905066e-41
275.9639639639639,0.08644192940447068,106.21662468023862,171.79725928444577,-2.5322777004421683e-41
276.4684684684684,0.08594857976071493,105.68297401230589,168.21854793443802,-2.429654377733244e-41
276.97297297297297,0.08546105350956869,105.1520039203373,164.71089717316872,-2.3332744034621327e-41
277.47747747747746,0.08497917635247368,104.62370097250661,161.27306017764656,-2.24268154388329e-41
277.98198198198196,0.08450278339665075,104.09805180268332,157.90380572765537,-2.1574576347310264e-41
278.48648648648646,0.08403171756687686,103.57504311046918,154.6019183387357,-2.0772190937586254e-41
278.99099099099095,0.0835658292776732,103.05466166094789,151.36619829087897,-2.0016142673076624e-41
279.49549549549545,0.08310497616075545,102.53689428435594,148.19546165450632,-1.9303202719576826e-41
280.0,0.08264902226629166,102.02172787579131,145.088540314402,-1.8630401836936977e-41
280.5045045045045,0.08219783845686207,101.50914939495017,142.0442819739154,-1.799500685263336e-41
281.009009009009,0.08175130096558766,100.99914586587742,139.06155015693122,-1.739449987828139e-41
281.5135135135135,0.08130929256869701,100.49170437670365,136.13922419371207,-1.6826559641031348e-41
282.018018018018,0.08087170013147693,99.9868120793848,133.27619919580457,-1.6289044348962062e-41
282.5225225225225,0.08043841723425621,99.48445618942266,130.47138602069447,-1.5779976048837362e-41
283.027027027027,0.08000933992114014,98.98462398560476,127.72371122706491,-1.5297526464308847e-41
283.5315315315315,0.07958437195225791,98.487302809725,125.032117023087,-1.4840004607403872e-41
284.036036036036,0.07916341743265685,97.99248006633098,122.39556120368202,-1.4405845163901037e-41
284.5405405405405,0.07874638725472582,97.50014322238721,119.81301707356818,-1.3993596012495336e-41
285.045045045045,0.07833319574694239,97.01027980705287,117.28347337566734,-1.360191103346152e-41
285.5495495495495,0.07792376020117674,96.52287741140525,114.80593420415093,-1.3229541187559898e-41
286.054054054054,0.07751800141913702,96.03792368814507,112.3794189098371,-1.287532605001428e-41
286.55855855855856,0.07711584358548344,95.55540635134867,110.00296201236482,-1.2538187508661673e-41
287.06306306306305,0.07671721396399651,95.07531317617185,107.67561309038808,-1.221712262503448e-41
287.56756756756755,0.07632204264350503,94.59763199856759,105.39643667036056,-1.1911197570337926e-41
288.07207207207205,0.07593026243808343,94.12235071500864,103.16451211168133,-1.1619542224895196e-41
288.57657657657654,0.07554180876914081,93.64945728220742,100.97893348624534,-1.1341345265502004e-41
289.08108108108104,0.07515661956668938,93.1789397169175,98.83880948816585,-1.1075851049258918e-41
289.58558558558553,0.0747746350694644,92.7107860955044,96.74326324278726,-1.0822352600272497e-41
290.0900900900901,0.07439579770633027,92.2449845537257,94.69143219845495,-1.0580189030854442e-41
290.5945945945946,0.07402005201460107,91.78152328648558,92.68246800517989,-1.0348742647649296e-41
291.0990990990991,0.07364734453148734,91.32039054755698,90.71553637558125,-1.0127435767865843e-41
291.6036036036036,0.07327762371116477,90.86157464932684,88.78981695404201,-9.915728114180192e-42
292.10810810810807,0.07291083982935109,90.40506396249049,86.90450315856174,-9.713113700035741e-42
292.61261261261257,0.0725469448575943,89.950846915759,85.05880202994405,-9.519117890210416e-42
293.1171171171171,0.07218589239551235,89.49891199560265,83.25193409002324,-9.333295612660119e-42
293.6216216216216,0.0718276375704319,89.04924774595518,81.48313318695014,-9.15522850618777e-42
294.1261261261261,0.07147213701079387,88.6018427679669,79.75164634644779,-8.984524176219619e-42
294.6306306306306,0.07111934873737459,88.15668571971597,78.0567336184637,-8.820813584008763e-42
295.1351351351351,0.070769232120617,87.71376531595021,76.39766792494781,-8.663749959693497e-42
295.6396396396396,0.07042174779792726,87.27307032780479,74.7737348989933,-8.513007130617221e-42
296.1441441441441,0.07007685762047834,86.83458958253529,73.1842327329025,-8.368277959434164e-42
296.64864864864865,0.0697345245937678,86.39831196324035,71.62847201490015,-8.22927314103262e-42
297.15315315315314,0.0693947128431234,85.964226408599,70.10577557173515,-8.095720279111791e-42
297.65765765765764,0.06905738751858881,85.53232191259019,68.61547831455218,-7.967361796263578e-42
298.16216216216213,0.06872251478409674,85.10258752424386,67.15692707287204,-7.843955524688321e-42
298.66666666666663,0.06839006173641804,84.67501234735039,65.72948044247171,-7.725271810975484e-42
299.1711711711711,0.06805999648687687,84.2495855402205,64.33250861612161,-7.611094786420926e-42
299.6756756756756,0.06773228796839023,83.82629631539602,62.96539323346727,-7.501219527349948e-42
300.1801801801802,0.06740690581554062,83.4051339394068,61.627527215881805,-7.395453108502612e-42
300.68468468468467,0.06708382050446655,82.98608773248891,60.31831460916121,-7.293612381882644e-42
301.18918918918916,0.06676300370320333,82.56914706833649,59.037170424669426,-7.19552455336859e-42
301.69369369369366,0.06644442765632341,82.154301373826,57.78352047886338,-7.101025497166674e-42
302.19819819819816,0.06612806441920402,81.74154012877226,56.55680123928573,-7.009960053952995e-42
302.70270270270265,0.0658138869479576,81.3308528656555,55.35645966327169,-6.922180941275338e-42
303.2072072072072,0.0655018704097913,80.9222291693682,54.181953044612804,-6.837548636951236e-42
303.7117117117117,0.06519199007293776,80.51565867695538,53.032748856565846,-6.755930728145889e-42
304.2162162162162,0.06488422077111668,80.11113107736482,51.90832459741665,-6.67720152092947e-42
304.7207207207207,0.06457853679341909,79.70863611119029,50.80816763608471,-6.601241603745998e-42
305.2252252252252,0.0642749151334907,79.3081635704089,49.731775059676,-6.527937533095316e-42
305.7297297297297,0.06397333410263874,78.90970329812878,48.67865352139725,-6.457181486270025e-42
306.2342342342342,0.06367377054868589,78.51324518834745,47.648319089757564,-6.388870933159265e-42
306.73873873873873,0.06337620174775042,78.11877918569495,46.64029709898364,-6.322908325790644e-42
307.2432432432432,0.06308060634388483,77.72629528518102,45.65412200067877,-6.25920081548279e-42
307.7477477477477,0.06278696348412136,77.33578353194818,44.68933721672031,-6.197659992643627e-42
308.2522522522522,0.062495252330929,76.94723402102582,43.74549499342988,-6.138201641611905e-42
308.7567567567567,0.062205452388397156,76.56063689708228,42.82215625706975,-6.080745507777035e-42
309.2612612612612,0.06191754375510012,76.17598235417802,41.91889047074495,-6.025215078694029e-42
309.76576576576576,0.061631506956087205,75.79326063552155,41.03527549269773,-5.971537379951641e-42
310.27027027027026,0.061347322921734615,75.41246203322645,40.17089743595349,-5.919642783570711e-42
310.77477477477476,0.061064972869374574,75.0335768880686,39.32535052920738,-5.869464826524164e-42
311.27927927927925,0.06078443825786547,74.65659558924553,38.49823697984211,-5.820940046485057e-42
311.78378378378375,0.06050570095296613,74.28150857413549,37.68916683804397,-5.774007822315127e-42
312.28828828828824,0.06022874314862622,73.9083063280583,36.89775786237224,-5.7286102240241936e-42
312.79279279279274,0.05995354745735247,73.53697938403735,36.12363538705554,-5.684691873207862e-42
313.2972972972973,0.05968009666640225,73.16751832256473,35.366432192966464,-5.642199823482136e-42
313.8018018018018,0.05940837401861384,72.79991377135946,34.62578837026266,-5.60108339410762e-42
314.3063063063063,0.059138362844235334,72.4341564051424,33.90135120329776,-5.5612941232991914e-42
314.8108108108108,0.05887004681427065,72.07023694538903,33.1927750249602,-5.522785559054255e-42
315.3153153153153,0.05860340991562501,71.70814616011333,32.49972111623418,-5.4855132780192236e-42
315.81981981981977,0.05833843633045025,71.34787486361816,31.821857555459935,-5.4494346575927854e-42
316.3243243243243,0.058075110567874254,70.98941391628424,31.15885912579664,-5.4145089143802857e-42
316.8288288288288,0.05781341736571365,70.63275422432157,30.510407166472028,-5.380696897939425e-42
317.3333333333333,0.05755334165703962,70.27788673955986,29.876189481613252,-5.347961112955531e-42
317.8378378378378,0.057294868638847786,69.92480245920359,29.255900197521882,-5.31626555093292e-42
318.3423423423423,0.05703798371938755,69.57349242562248,28.649239671620194,-5.2855756940144176e-42
318.8468468468468,0.05678267251843496,69.22394772611065,28.055914355385017,-5.2558583759448494e-42
319.3513513513513,0.05652892088907495,68.87615949267787,27.475636705011883,-5.2270817806917396e-42
319.85585585585585,0.05627671487769039,68.53011890181172,26.90812504867138,-5.1992153198749205e-42
320.36036036036035,0.05602604073942965,68.18581717427058,26.35310349954645,-5.1722296321099486e-42
320.86486486486484,0.05577688492563587,67.84324557484858,25.810301827481997,-5.1460964739567375e-42
321.36936936936934,0.05552923407322515,67.50239541216965,25.279455373480907,-5.120788716364306e-42
321.87387387387383,0.05528307500875739,67.16325803845595,24.760304926759787,-5.096280251752822e-42
322.37837837837833,0.05503839473960756,66.82582484932225,24.252596639622453,-5.07254598388376e-42
322.8828828828829,0.054795180449195596,66.49008728354852,23.756081910659788,-5.0495617515536e-42
323.3873873873874,0.054553419497522265,66.1560368228742,23.270517299556996,-5.027304312505343e-42
323.8918918918919,0.054313099411274886,65.8236649917751,22.795664416632246,-5.005751281053398e-42
324.39639639639637,0.05407420788405991,65.49296335725744,22.33128983746491,-4.984881108338615e-42
324.90090090090087,0.05383673277005319,65.16392352863924,21.877164998840392,-4.964673030998918e-42
325.40540540540536,0.05360066208074234,64.83653715734411,21.43306611296345,-4.9451070489087923e-42
325.90990990990986,0.053365983982057066,64.51079593668705,20.9987740700235,-4.9261638833728023e-42
326.4144144144144,0.053132686790299234,64.18669160166756,20.57407435158912,-4.907824952354946e-42
326.9189189189189,0.052900758969523135,63.86421592876072,20.158756940103903,-4.890072337465126e-42
327.4234234234234,0.0526701891282364,63.54336073570896,19.752616231045252,-4.8728887566393594e-42
327.9279279279279,0.05244096601634548,63.22411788131813,19.355450949638627,-4.856257539187215e-42
328.4324324324324,0.05221307852222138,62.90647926524865,18.96706406142007,-4.840162596184778e-42
328.9369369369369,0.05198651566989773,62.59043682781645,18.587262696406277,-4.824588402711812e-42
329.4414414414414,0.0517612666159654,62.27598254978284,18.215858057732138,-4.809519966308481e-42
329.94594594594594,0.0515373206476267,61.963108452160945,17.85266535347981,-4.7949428155159846e-42
330.45045045045043,0.05131466717911838,61.65180659600408,17.497503703078504,-4.7808429667303884e-42
330.9549549549549,0.05109329575060494,61.34206908221771,17.150196076969724,-4.767206918208292e-42
331.4594594594594,0.05087319602426946,61.033888051346054,16.810569200626407,-4.754021615753863e-42
331.9639639639639,0.05065435778361707,60.72725568338959,16.478453501455476,-4.741274450913835e-42
332.4684684684684,0.050436770929676925,60.422164197590774,16.153683011922915,-4.7289532270037794e-42
332.97297297297297,0.05022042548013298,60.1186058522552,15.836095321078957,-4.717046159154196e-42
333.47747747747746,0.050005311566069834,59.81657294453895,15.525531479995628,-4.7055418428886906e-42
333.98198198198196,0.04979141943146029,59.51605781027263,15.221835957047626,-4.694429254952482e-42
334.48648648648646,0.049578739429294943,59.21705282374565,14.924856539431378,-4.68369772082324e-42
334.99099099099095,0.04936726202127205,58.91955039753901,14.634444299440068,-4.673336920849455e-42
335.49549549549545,0.049156977774544926,58.62354298230824,14.35045349485175,-4.6633368579157695e-42
335.99999999999994,0.04894787736116116,58.3290230666143,14.072741531951314,-4.6536878605476303e-42
336.5045045045045,0.04873995155545216,58.0359831767205,13.801168884650847,-4.6443805618427377e-42
337.009009009009,0.04853319123272284,57.744415876408695,13.535599037910574,-4.635405890816845e-42
337.5135135135135,0.04832758736782629,57.45431376679414,13.275898430087032,-4.6267550637426097e-42
338.018018018018,0.04812313103279338,57.16566948612972,13.021936381103577,-4.618419567783758e-42
338.5225225225225,0.0479198133960755,56.87847570963374,12.77358505051272,-4.610391159095879e-42
339.027027027027,0.04771762572023725,56.59272514928719,12.530719357540004,-4.602661843495673e-42
339.5315315315315,0.04751655936144304,56.308410553670505,12.293216949537006,-4.5952238780784105e-42
340.036036036036,0.04731660576678571,56.02552470775673,12.060958117405356,-4.5880697506771854e-42
340.5405405405405,0.04711775647380513,55.74406043275522,11.833825771917821,-4.5811921838606615e-42
341.045045045045,0.046920003108249446,55.464010585902415,11.611705356751687,-4.574584114052427e-42
341.5495495495495,0.046723337384352304,55.18536806031046,11.394484829909066,-4.568238696615124e-42
342.054054054054,0.04652775110163642,54.90812578475885,11.182054578358608,-4.5621492863046816e-42
342.5585585585585,0.046333236144420226,54.63227672354093,10.97430739619197,-4.556309440250158e-42
343.06306306306305,0.04613978448030189,54.35781387626755,10.771138413709897,-4.550712904107483e-42
343.56756756756755,0.04594738815997843,54.084730277701084,10.572445060599263,-4.545353609293661e-42
344.07207207207205,0.04575603931567104,53.813018997575604,10.378127014098144,-4.5402256656124886e-42
344.57657657657654,0.045565730158494425,53.54267314041896,10.18808614853047,-4.535323354049489e-42
345.08108108108104,0.045376452977438586,53.273685845386844,10.002226498519978,-4.530641123811598e-42
345.58558558558553,0.04518820014028398,53.00605028607621,9.820454199384217,-4.526173582574679e-42
346.0900900900901,0.04500096409408614,52.73975967036972,9.642677461123697,-4.5219154962844613e-42
346.5945945945946,0.044814737359256465,52.47480724024386,9.468806503339021,-4.517861778131727e-42
347.0990990990991,0.04462951252645245,52.21118627162082,9.298753536529922,-4.514007489917432e-42
347.6036036036036,0.044445282261800695,51.948890074173626,9.132432694613037,-4.510347830746946e-42
348.10810810810807,0.044262039312680045,51.68791199118328,8.969760020600795,-4.5068781390184375e-42
348.61261261261257,0.04407977649425022,51.428245399343666,8.810653399591711,-4.5035938816324376e-42
349.11711711711706,0.043898486679417786,51.16988370861963,8.655032544678491,-4.5004906555777795e-42
349.6216216216216,0.043718162813482994,50.91282036205797,8.502818936485523,-4.497564178974719e-42
350.1261261261261,0.04353879793105236,50.65704883564055,8.3539358035353,-4.494810291064757e-42
350.6306306306306,0.0433603851353718,50.402562638105024,8.208308071631947,-4.492224945607256e-42
351.1351351351351,0.04318291757753006,50.14935531078245,8.065862329164968,-4.489804207556273e-42
351.6396396396396,0.04300638842250097,49.89742042745085,7.926526807090178,-4.487544252745784e-42
352.1441441441441,0.042830790923868295,49.6467515941385,7.790231312705834,-4.4854413582426684e-42
352.6486486486486,0.042656118527483945,49.397342449006814,7.656907236324413,-4.483491907091001e-42
353.15315315315314,0.0424823646808854,49.149186662145325,7.526487477590539,-4.481692377491585e-42
353.65765765765764,0.04230952287200728,48.90227793543991,7.398906438133131,-4.48003934452224e-42
354.16216216216213,0.04213758658147495,48.656610002412194,7.27409998821347,-4.4785294769797136e-42
354.66666666666663,0.041966549413860826,48.41217662803835,7.152005415616669,-4.47715953114129e-42
355.1711711711711,0.04179640499412131,48.16897160862802,7.032561425975204,-4.475926353354105e-42
355.6756756756756,0.04162714697342993,47.92698877162588,6.915708077662412,-4.4748268716235714e-42
356.1801801801802,0.04145876917449567,47.68622197548922,6.801386780366676,-4.473858097664572e-42
356.68468468468467,0.04129126551666778,47.44666510951632,6.689540252565494,-4.473017122318823e-42
357.18918918918916,0.041124629923540344,47.20831209368744,6.580112489600958,-4.4723011126353534e-42
357.69369369369366,0.04095885626238322,46.97115687853473,6.4730487544227175,-4.471707312428223e-42
358.19819819819816,0.040793938573113885,46.735193444952024,6.368295521586056,-4.4712330357920624e-42
358.70270270270265,0.040629870910997,46.50041580408322,6.265800482034532,-4.4708756695611916e-42
359.20720720720715,0.040466647364267735,46.26681799713664,6.165512490635652,-4.470632667513518e-42
359.7117117117117,0.04030426209299028,46.03439409525125,6.06738155372364,-4.4705015502163466e-42
360.2162162162162,0.040142709359306805,45.803138199352354,5.97135880825053,-4.4704799036870954e-42
360.7207207207207,0.039981983439266726,45.57304443997717,5.877396478574571,-4.4705653750393176e-42
361.2252252252252,0.03982207864443918,45.34410697716358,5.78544787953443,-4.4707556742172414e-42
361.7297297297297,0.03966298937022058,45.11632000026126,5.6954673636140125,-4.471048568537732e-42
362.2342342342342,0.03950471004664599,44.88967772781619,5.607410320074733,-4.4714418837776896e-42
362.73873873873873,0.03934723514857612,44.664174407412865,5.521233144431382,-4.471933501576078e-42
363.2432432432432,0.03919055920480407,44.439804315518984,5.436893209698729,-4.472521357055216e-42
363.7477477477477,0.0390346768002178,44.21656175736684,5.354348862594206,-4.4732034394042285e-42
364.2522522522522,0.03887958255755754,43.994441066773156,5.273559378208095,-4.47397778760918e-42
364.7567567567567,0.03872527115570204,43.773436606031474,5.194484962974165,-4.4748424917194605e-42
365.2612612612612,0.03857173732039221,43.55354276574332,5.117086717413207,-4.4757956895791156e-42
365.7657657657657,0.03841897582339177,43.334753964685156,5.041326621958692,-4.4768355661063744e-42
366.27027027027026,0.03826698148033603,43.117064649678184,4.967167524537004,-4.4779603527561197e-42
366.77477477477476,0.03811574915651677,42.900469295420216,4.89457310441408,-4.47916832445486e-42
367.27927927927925,0.03796527375938058,42.684962404383306,4.823507876496197,-4.480457800751914e-42
367.78378378378375,0.037815550241899,42.47053850663505,4.753937149336562,-4.481827142231627e-42
368.28828828828824,0.037666573601494745,42.25719215972839,4.68582702408584,-4.483274751048686e-42
368.79279279279274,0.037518338879797046,42.04491794855685,4.619144372984225,-4.4847990694203025e-42
369.2972972972973,0.03737084116065023,41.83371048520368,4.553856814294851,-4.486398577777298e-42
369.8018018018018,0.03722407557239779,41.62356440883386,4.489932711700193,-4.4880717952568186e-42
370.3063063063063,0.037078037284982795,41.414474385522546,4.427341138018788,-4.489817276826781e-42
370.8108108108108,0.03693272151013158,41.206435108152526,4.36605187701652,-4.491633613948905e-42
371.3153153153153,0.036788123501167974,40.99944129626004,4.3060353970514935,-4.493519432660153e-42
371.81981981981977,0.03664423855249876,40.79348769590327,4.247262836914759,-4.4954733927508516e-42
372.32432432432427,0.03650106199872118,40.58856907954482,4.189705998963518,-4.4974941875876265e-42
372.8288288288288,0.03635858921452181,40.384680245890266,4.133337319453809,-4.49958054194402e-42
373.3333333333333,0.036216815614535304,40.18181601979256,4.078129872475533,-4.501731212715841e-42
373.8378378378378,0.03607573665219311,39.97997125208557,4.024057338284261,-4.5039449866241174e-42
374.3423423423423,0.035935347819925675,39.77914081947652,3.9710940007604707,-4.506220680349392e-42
374.8468468468468,0.035795644648751755,39.579319624414296,3.9192147330693174,-4.508557139685578e-42
375.3513513513513,0.03565662270740571,39.38050259494316,3.8683949762265155,-4.5109532381206744e-42
375.8558558558558,0.03551827760223889,39.182684684603984,3.8186107402338396,-4.5134078772233676e-42
376.36036036036035,0.03538060497676192,38.98586087227164,3.7698385753419275,-4.515919984667945e-42
376.86486486486484,0.03524360051125076,38.79002616205685,3.7220555730355116,-4.5184885145785185e-42
377.36936936936934,0.035107259922308925,38.59517558316538,3.6752393475412677,-4.5211124463685935e-42
377.87387387387383,0.034971578962472244,38.40130418976892,3.629368022615819,-4.523790783981927e-42
378.37837837837833,0.03483655341993888,38.20840706089854,3.5844202282053095,-4.5265225558740906e-42
378.8828828828828,0.03470217911796256,38.016479300290705,3.540375076559738,-4.5293068134693044e-42
379.3873873873874,0.034568451914867425,37.82551603629576,3.497212164948391,-4.532142631564615e-42
379.8918918918919,0.034435367703309135,37.635512421726666,3.454911553273892,-4.535029106917262e-42
380.39639639639637,0.034302922410096214,37.44646363375066,3.4134537594801837,-4.537965358104131e-42
380.90090090090087,0.03417111199586947,37.25836487377106,3.372819750825746,-4.5409505250856524e-42
381.40540540540536,0.03403993245458741,37.07121136728565,3.332990925813007,-4.543983768118398e-42
381.90990990990986,0.03390937981329383,36.88499836379605,3.293949116144207,-4.5470642680497014e-42
382.41441441441435,0.033779450131684916,36.699721136653665,3.255676564175847,-4.550191224936403e-42
382.9189189189189,0.033650139501903674,36.51537498296606,3.2181559233226875,-4.5533638582184e-42
383.4234234234234,0.03352144404813829,36.331955223468,3.1813702451912422,-4.556581405999264e-42
383.9279279279279,0.03339335992620907,36.14945720239535,3.145302967793203,-4.5598431243987955e-42
384.4324324324324,0.033265883323451005,35.96787628738837,3.1099379143439965,-4.5631482875998317e-42
384.9369369369369,0.03313901045813873,35.787207869344975,3.0752592742462417,-4.5664961867378604e-42
385.4414414414414,0.03301273757937201,35.6074473623333,3.0412516048867344,-4.5698861301275935e-42
385.94594594594594,0.032887060966633255,35.42859020345388,3.007899815941415,-4.5733174423762106e-42
386.45045045045043,0.03276197692952433,35.25063185273176,2.9751891639428316,-4.5767894641429595e-42
386.9549549549549,0.03263748180751423,35.07356779301005,2.94310524722961,-4.580301551921723e-42
387.4594594594594,0.03251357196948634,34.89739352981332,2.9116339910003477,-4.5838530772107564e-42
387.9639639639639,0.03239024381366032,34.72210459126421,2.880761649531416,-4.587443426735051e-42
388.4684684684684,0.032267493767061145,34.5476965279378,2.8504747886387447,-4.591072001466888e-42
388.9729729729729,0.03214531828539413,34.37416491277214,2.820760285691383,-4.594738216705826e-42
389.47747747747746,0.03202371385271568,34.201505340950035,2.791605320730101,-4.5984415016240445e-42
389.98198198198196,0.03190267698107777,34.02971342977666,2.7629973662893033,-4.602181298735346e-42
390.48648648648646,0.031782204210391074,33.85878481859118,2.734924187415049,-4.605957063963936e-42
390.99099099099095,0.031662292107968656,33.68871516862743,2.707373826674597,-4.609768265836801e-42
391.49549549549545,0.03154293726841664,33.51950016293042,2.6803346052838064,-4.613614385609498e-42
391.99999999999994,0.03142413631326052,33.3511355062304,2.653795112184708,-4.617494916698794e-42
392.5045045045045,0.0313058858906927,33.18361692483636,2.627744198525578,-4.621409364423286e-42
393.009009009009,0.031188182675384545,33.01694016653994,2.6021709749522453,-4.6253572459029644e-42
393.5135135135135,0.031071023368080958,32.851101000484206,2.5770647994808047,-4.629338089428995e-42
394.018018018018,0.030954404695542857,32.686095217088585,2.5524152801616906,-4.6333514346582194e-42
394.5225225225225,0.03083832341006971,32.521918627906125,2.5282122601683046,-4.637396831834454e-42
395.027027027027,0.030722776289371267,32.35856706553852,2.504445817731478,-4.641473841828097e-42
395.53153153153147,0.03060776013635667,32.19603638354103,2.481106263335397,-4.6455820360227096e-42
396.036036036036,0.030493271778723064,32.034322456281444,2.458184125630576,-4.649720995588379e-42
396.5405405405405,0.03037930806894042,31.873421178871762,2.4356701551302,-4.6538903117196054e-42
397.045045045045,0.030265865883921893,31.71332846705019,2.4135553158877454,-4.65808958522328e-42
397.5495495495495,0.030152942124656242,31.554040257061864,2.391830776812954,-4.662318426088301e-42
398.054054054054,0.030040533716087395,31.39555250559613,2.3704879162505175,-4.666576453760334e-42
398.5585585585585,0.029928637606837276,31.237861189636437,2.3495183064393412,-4.670863296352322e-42
399.06306306306305,0.02981725076904459,31.080962306386155,2.328913715218996,-4.675178590763493e-42
399.56756756756755,0.029706370198373105,30.924851873175598,2.308666103318191,-4.67952198256342e-42
400.07207207207205,0.029595992913280765,30.7695259273267,2.2887676126391536,-4.683893125411339e-42
400.57657657657654,0.029486115954929715,30.61498052608619,2.2692105690775723,-4.688291681225337e-42
401.08108108108104,0.02937673638695248,30.46121174651258,2.2499874756425062,-4.692717319852545e-42
401.58558558558553,0.029267851295381123,30.308215685362885,2.231091005541825,-4.69716971873835e-42
402.09009009009003,0.029159457789363522,30.15598845903066,2.2125140056208368,-4.701648563121176e-42
402.5945945945946,0.0290515529993385,30.00452620340236,2.1942494835183615,-4.7061535454029656e-42
403.0990990990991,0.02894413407748311,29.853825073786517,2.176290609184891,-4.710684365245052e-42
403.6036036036036,0.028837198196283186,29.70388124482452,2.1586307127312168,-4.715240729477554e-42
404.10810810810807,0.028730742550333702,29.554690910359575,2.1412632743214735,-4.719822351611711e-42
404.61261261261257,0.02862476435642927,29.406250283373872,2.1241819269072058,-4.724428951992151e-42
405.11711711711706,0.028519260852975972,29.258555595879365,2.1073804503435927,-4.729060257520937e-42
405.62162162162156,0.02841422929845514,29.111603098808914,2.090852765607476,-4.7337160013873287e-42
406.1261261261261,0.028309666969085143,28.965389061956998,2.074592937749098,-4.738395923225711e-42
406.6306306306306,0.028205571163695334,28.819909773841587,2.0585951651350833,-4.743099768603278e-42
407.1351351351351,0.0281019392006511,28.67516154163626,2.0428537807738416,-4.7478272890969435e-42
407.6396396396396,0.027998768419852604,28.53114069108392,2.027363250381148,-4.752578242210119e-42
408.1441441441441,0.027896056179381446,28.387843566371753,2.0121181641658046,-4.757352390988017e-42
408.6486486486486,0.027793799857513887,28.24526653007037,1.9971132389963113,-4.762149504131407e-42
409.15315315315314,0.02769199685204936,28.103405963028756,1.9823433134875583,-4.7669693557710325e-42
409.65765765765764,0.027590644580159397,27.962258264270048,1.967803343240318,-4.7718117252496154e-42
410.16216216216213,0.027489740477305135,27.82181985093467,1.9534884033451396,-4.776676397249294e-42
410.66666666666663,0.02738928199838487,27.682087158146985,1.9393936792950075,-4.7815631613688035e-42
411.1711711711711,0.02728926661682527,27.543056638950862,1.9255144682361975,-4.786471812190669e-42
411.6756756756756,0.02718969182486123,27.404724764226476,1.911846177332731,-4.791402149211023e-42
412.1801801801801,0.027090555132727415,27.26708802257009,1.8983843168761259,-4.7963539765227243e-42
412.68468468468467,0.02699185406909204,27.13014292023584,1.8851245021651695,-4.8013271029098793e-42
413.18918918918916,0.026893586180701253,26.99388598103458,1.872062449369451,-4.8063213416607415e-42
413.69369369369366,0.02679574903207894,26.858313746233932,1.8591939716137944,-4.8113365103911984e-42
414.19819819819816,0.02669834020544334,26.72342277450359,1.846514981026394,-4.816372431144618e-42
414.70270270270265,0.02660135730060591,26.589209641787175,1.8340214812047415,-4.8214289300486557e-42
415.20720720720715,0.026504797934745042,26.45567094124054,1.8217095682702367,-4.826505837368495e-42
415.7117117117117,0.02640865974227264,26.322803283151533,1.8095754294765414,-4.8316029874468715e-42
416.2162162162162,0.026312940374629123,26.19060329482482,1.7976153375116781,-4.8367202184467156e-42
416.7207207207207,0.026217637500233777,26.05906762052589,1.785825652073889,-4.841857372427124e-42
417.2252252252252,0.026122748804275536,25.928192921383623,1.7742028163997352,-4.84701429518828e-42
417.7297297297297,0.026028271988492398,25.797975875294696,1.7627433540442485,-4.852190836128023e-42
418.2342342342342,0.025934204771220326,25.66841317687478,1.7514438710337215,-4.857386848342716e-42
418.7387387387387,0.0258405448869996,25.53950153732524,1.7403010484389099,-4.8626021882932036e-42
419.2432432432432,0.02574729008656344,25.411237684376704,1.7293116436052625,-4.867836715863489e-42
419.7477477477477,0.0256544381367159,25.2836183622322,1.7184724911566676,-4.873090294408051e-42
420.2522522522522,0.02556198682007596,25.15664033142402,1.7077804947820314,-4.878362790384012e-42
420.7567567567567,0.025469933935001347,25.030300368768156,1.6972326294770277,-4.883654073454448e-42
421.2612612612612,0.02537827729569202,24.90459526730901,1.6868259426051142,-4.8889640165378527e-42
421.7657657657657,0.025287014731593668,24.77952183617272,1.6765575455401496,-4.894292495434887e-42
422.27027027027026,0.025196144087545915,24.65507690052663,1.6664246162823049,-4.8996393889477803e-42
422.77477477477476,0.025105663223451178,24.53125730152165,1.6564244000930979,-4.905004578909958e-42
423.27927927927925,0.025015570014337962,24.408059896150938,1.6465542020515018,-4.9103879498552565e-42
423.78378378378375,0.024925862350110115,24.285481557208595,1.636811389323662,-4.9157893891207374e-42
424.28828828828824,0.024836538136010694,24.163519173230345,1.627193391498634,-4.921208786862364e-42
424.79279279279274,0.024747595291494597,24.04216964835848,1.6176976940916035,-4.9266460357679216e-42
425.29729729729723,0.024659031750707435,23.921429902299007,1.608321840419575,-4.9321010311412114e-42
425.8018018018018,0.02457084546143182,23.80129687026298,1.5990634319025503,-4.937573670915877e-42
426.3063063063063,0.02448303438630386,23.68176750283398,1.589920122049657,-4.943063855390734e-42
426.8108108108108,0.024395596501910574,23.562838765926184,1.5808896182351253,-4.9485714873088133e-42
427.3153153153153,0.0243085298006482,23.44450764072659,1.5719696820168445,-4.9540964718718274e-42
427.81981981981977,0.024221832287410514,23.32677112356354,1.5631581233847418,-4.9596387164875936e-42
428.32432432432427,0.024135501981317902,23.209626225866746,1.5544528025702598,-4.965198130850164e-42
428.82882882882876,0.024049536911963515,23.093069974109515,1.545851630285681,-4.9707746269506414e-42
429.3333333333333,0.02396393512498528,22.977099409679454,1.5373525623437967,-4.97636811884138e-42
429.8378378378378,0.023878694678787494,22.861711588839626,1.5289536014083807,-4.9819785227131694e-42
430.3423423423423,0.023793813651653645,22.746903582670274,1.520652797100883,-4.9876057569000125e-42
430.8468468468468,0.023709290129872083,22.632672476942897,1.5124482411135756,-4.993249741665515e-42
431.3513513513513,0.02362512221402998,22.51901537208165,1.504338068800671,-4.998910399272667e-42
431.8558558558558,0.02354130800493509,22.405929383104876,1.4963204591865278,-5.004587653984084e-42
432.36036036036035,0.023457845626381667,22.293411639502335,1.4883936305375798,-5.0102814318690466e-42
432.86486486486484,0.023374733212570487,22.18145928519707,1.4805558418044082,-5.015991660866271e-42
433.36936936936934,0.023291968932681466,22.070069478486722,1.472805392573759,-5.021718270781443e-42
433.87387387387383,0.02320955094997831,21.959239391923653,1.465140619003407,-5.027461193110784e-42
434.37837837837833,0.023127477445371754,21.848966212277386,1.457559895174027,-5.033220361099467e-42
434.8828828828828,0.023045746585083696,21.739247140476145,1.4500616330200575,-5.038995709738857e-42
435.3873873873873,0.02296435657185594,21.630079391489176,1.4426442785262437,-5.0447871756004544e-42
435.8918918918919,0.022883305613625567,21.521460194291066,1.4353063130973347,-5.050594696895615e-42
436.39639639639637,0.022802591951508112,21.41338679180469,1.4280462535048493,-5.0564182134725354e-42
436.90090090090087,0.022722213813851436,21.305856440777568,1.4208626479061799,-5.0622576666441794e-42
437.40540540540536,0.0226421694496582,21.198866411747975,1.4137540771980888,-5.068112999246173e-42
437.90990990990986,0.022562457109153524,21.092413989008104,1.4067191560547012,-5.073984155680868e-42
438.41441441441435,0.02248307506226594,20.986496470459727,1.3997565279478388,-5.0798710817025966e-42
438.9189189189189,0.022404021587094484,20.88111116758805,1.3928648668164911,-5.085773724488954e-42
439.4234234234234,0.022325294989127494,20.776255405412456,1.3860428773728095,-5.091692032653774e-42
439.9279279279279,0.022246893586928277,20.671926522391573,1.379289292956467,-5.0976259561540094e-42
440.4324324324324,0.022168815703746216,20.568121870339784,1.3726028739986578,-5.1035754462229556e-42
440.9369369369369,0.022091059664810755,20.464838814395232,1.3659824092373027,-5.1095404554224525e-42
441.4414414414414,0.022013623770134053,20.36207473295918,1.3594267153596367,-5.115520937627069e-42
441.9459459459459,0.0219365063700485,20.259827017573386,1.3529346335575443,-5.1215168478748194e-42
442.45045045045043,0.021859705808584495,20.158093072897685,1.3465050311172448,-5.127528142435509e-42
442.9549549549549,0.021783220526022346,20.056870316670068,1.3401368019964301,-5.133554778834843e-42
443.4594594594594,0.02170704889422524,19.956156179565482,1.3338288627061454,-5.1395967156769284e-42
443.9639639639639,0.021631189331193516,19.85594810517939,1.3275801540264416,-5.145653912717458e-42
444.4684684684684,0.021555640196482238,19.756243549981114,1.3213896412164245,-5.151726330872406e-42
444.9729729729729,0.021480399893290956,19.657039983205255,1.315256311536645,-5.157813932110746e-42
445.47747747747746,0.021405466840454437,19.55833488679668,1.3091791741284444,-5.163916679448818e-42
445.98198198198196,0.02133083947748343,19.460125755371763,1.3031572605677837,-5.1700345369735855e-42
446.48648648648646,0.021256516273567647,19.362410096147773,1.2971896240612473,-5.176167469807537e-42
446.99099099099095,0.021182495671418847,19.265185428843576,1.2912753374408164,-5.1823154440220826e-42
447.49549549549545,0.021108776136120288,19.168449285653683,1.2854134942229383,-5.1884784266823554e-42
447.99999999999994,0.021035356120208907,19.072199211203575,1.2796032088199805,-5.194656385855484e-42
448.50450450450444,0.020962234109349255,18.976432762421513,1.273843613494271,-5.200849290479835e-42
449.009009009009,0.020889408588814124,18.881147508521146,1.2681338596663883,-5.2070571104201986e-42
449.5135135135135,0.02081687811021971,18.78634103096615,1.2624731184438192,-5.213279816490473e-42
450.018018018018,0.020744641196078197,18.69201092334208,1.2568605776948132,-5.219517380326731e-42
450.5225225225225,0.02067269639678088,18.598154791331392,1.251295442985504,-5.22576977442733e-42
451.027027027027,0.020601042205991214,18.504770252668795,1.2457769377176993,-5.2320369721583434e-42
451.53153153153147,0.020529677118467704,18.411854937059815,1.240304302000543,-5.238318947704447e-42
452.03603603603597,0.02045859967650566,18.319406486104747,1.234876791714039,-5.244615676028091e-42
452.5405405405405,0.020387808434164816,18.227422553269125,1.2294936791664137,-5.25092713289739e-42
453.045045045045,0.020317302035831666,18.13590080383079,1.2241542529309215,-5.257253294878687e-42
453.5495495495495,0.020247079035958168,18.044838914770928,1.2188578158477616,-5.26359413924975e-42
454.054054054054,0.02017713804002678,17.954234574753023,1.2136036859194954,-5.269949644038039e-42
454.5585585585585,0.020107477608054543,17.864085484089802,1.208391196720237,-5.276319788037475e-42
455.063063063063,0.020038096368868066,17.774389354614044,1.2032196949055993,-5.282704550701296e-42
455.56756756756755,0.01996899294221962,17.685143909666056,1.1980885412705937,-5.289103912186726e-42
456.07207207207205,0.019900165950553182,17.5963468840514,1.1929971108528505,-5.2955178533585505e-42
456.57657657657654,0.01983161402700205,17.507996023945736,1.1879447915397345,-5.3019463557292177e-42
457.08108108108104,0.01976333581330689,17.420089086843472,1.1829309839305866,-5.3083894014522694e-42
457.58558558558553,0.019695329952501766,17.332623841524114,1.1779551016914422,-5.31484697333713e-42
458.09009009009003,0.019627595089048492,17.245598067990752,1.1730165711255702,-5.3213190548301866e-42
458.5945945945945,0.01956012987810012,17.159009557379864,1.1681148299525124,-5.327805629961326e-42
459.0990990990991,0.019492932986111457,17.07285611193849,1.163249327945299,-5.334306683371293e-42
459.6036036036036,0.019426003144472737,16.987135544985065,1.1584195270729405,-5.340822200317548e-42
460.10810810810807,0.01935933903853718,16.901845680795038,1.153624899714062,-5.3473521665961646e-42
460.61261261261257,0.019292939389040642,16.81698435458519,1.148864929424356,-5.3538965685748815e-42
461.11711711711706,0.019226802842323486,16.73254941248127,1.1441391111981132,-5.3604553932036826e-42
461.62162162162156,0.019160928115796255,16.648538711406594,1.1394469498730722,-5.367028627945733e-42
462.1261261261261,0.019095313915761823,16.564950119056718,1.1347879605818059,-5.373616260796263e-42
462.6306306306306,0.019029958996645616,16.481781513860593,1.1301616688595453,-5.3802182802868906e-42
463.1351351351351,0.018964862127865138,16.399030784909534,1.1255676100237868,-5.386834675458315e-42
463.6396396396396,0.01890002205558589,16.316695831887515,1.1210053285842234,-5.393465435834285e-42
464.1441441441441,0.01883543754123652,16.234774565045523,1.1164743786391682,-5.4001105514383474e-42
464.6486486486486,0.018771107318513676,16.153264905155666,1.1119743238020183,-5.4067700127901136e-42
465.1531531531531,0.01870703017469395,16.072164783412216,1.107504736019953,-5.413443810853997e-42
465.65765765765764,0.018643204886375855,15.991472141413594,1.103065196096568,-5.420131937061169e-42
466.16216216216213,0.018579630226192016,15.911184931133368,1.0986552939501557,-5.426834383320354e-42
466.66666666666663,0.0185163049784239,15.831301114804788,1.0942746271457768,-5.433551141953877e-42
467.1711711711711,0.01845322792719102,15.751818664909685,1.0899228015221432,-5.440282205724358e-42
467.6756756756756,0.01839039790236036,15.672735564140012,1.0855994312416413,-5.4470275678366406e-42
468.1801801801801,0.018327813726489124,15.594049805315283,1.081304138015381,-5.453787221903584e-42
468.68468468468467,0.01826547422320322,15.515759391334525,1.0770365509824482,-5.460561161940443e-42
469.18918918918916,0.018203378219910592,15.437862335146965,1.0727963069269624,-5.467349382374034e-42
469.69369369369366,0.018141524538086776,15.36035665969846,1.0685830500500852,-5.4741518780324377e-42
470.19819819819816,0.018079912029943183,15.283240397849518,1.0643964312443455,-5.480968644112893e-42
470.70270270270265,0.018018539544973046,15.206511592355483,1.0602361084614422,-5.4877996761975675e-42
471.20720720720715,0.01795740593712583,15.130168295832485,1.0561017468059901,-5.494644970257243e-42
471.71171171171164,0.0178965100676175,15.054208570654504,1.0519930174962295,-5.5015045226056764e-42
472.2162162162162,0.017835850802436,14.97863048893992,1.0479095983080422,-5.508378329918578e-42
472.7207207207207,0.01777542702671226,14.90343213252173,1.043851173718183,-5.515266389239505e-42
473.2252252252252,0.017715237622583715,14.828611592850724,1.0398174340112618,-5.522168697940559e-42
473.7297297297297,0.017655281480927557,14.754166970970305,1.0358080755042287,-5.5290852537318236e-42
474.2342342342342,0.017595557498164056,14.680096377482666,1.031822800620085,-5.53601605466427e-42
474.7387387387387,0.01753606457722408,14.606397932486885,1.0278613175491589,-5.5429610991146014e-42
475.2432432432432,0.01747680162990099,14.533069765515043,1.0239233398825351,-5.5499203857688536e-42
475.7477477477477,0.01741776757267674,14.460110015514571,1.020008586913352,-5.556893913635338e-42
476.2522522522522,0.017358961326235565,14.387516830808497,1.016116783611963,-5.563881682043284e-42
476.7567567567567,0.017300381821147574,14.315288368983904,1.0122476596149343,-5.5708836905979556e-42
477.2612612612612,0.017242027992806507,14.243422796898153,1.0084009498389679,-5.577899939207459e-42
477.7657657657657,0.017183898783186165,14.171918290621395,1.0045763942116086,-5.584930428070567e-42
478.2702702702702,0.017125993146494954,14.10077303546184,1.0007737384903461,-5.5919751577124335e-42
478.77477477477476,0.017068310036321147,14.029985225752794,0.9969927319810147,-5.599034128883976e-42
479.27927927927925,0.017010848415287775,13.95955306492941,0.9932331290270355,-5.606107342627051e-42
479.78378378378375,0.01695360725257175,13.88947476544922,0.9894946884656611,-5.6131948002502485e-42
480.28828828828824,0.016896585504934728,13.819748548835559,0.9857771746322653,-5.620296503372988e-42
480.79279279279274,0.01683978215020542,13.750372645469323,0.9820803552306833,-5.627412453831146e-42
481.29729729729723,0.016783196168974703,13.681345294629228,0.9784040022978121,-5.634542653719416e-42
481.80180180180173,0.016726826544181256,13.612664744446167,0.9747478920992572,-5.64168710538641e-42
482.3063063063063,0.01667067229323636,13.54432925190481,0.9711118055510923,-5.64884581145302e-42
482.8108108108108,0.016614732434731105,13.476337082735611,0.9674955274048924,-5.6560187747761406e-42
483.3153153153153,0.016559005975112402,13.40868651134391,0.9638988458554282,-5.6632059984310704e-42
483.81981981981977,0.016503491940559636,13.341375820823254,0.9603215531051087,-5.670407485736162e-42
484.32432432432427,0.01644818934480886,13.274403302918843,0.9567634453358592,-5.6776232402516835e-42
484.82882882882876,0.016393097181360547,13.207767257993003,0.9532243227201892,-5.684853265780167e-42
485.3333333333333,0.016338214497090296,13.141465994881173,0.9497039882840794,-5.6920975663146526e-42
485.8378378378378,0.01628354032268095,13.075497830940487,0.9462022487893909,-5.699356146078587e-42
486.3423423423423,0.016229073695358004,13.00986109198942,0.9427189144592112,-5.706629009513081e-42
486.8468468468468,0.016174813679306087,12.944554112323893,0.9392537994318214,-5.7139161612966055e-42
487.3513513513513,0.016120759313900123,12.879575234522918,0.9358067203128715,-5.721217606281e-42
487.8558558558558,0.016066909653747068,12.814922809521889,0.9323774971463904,-5.72853334953393e-42
488.3603603603603,0.01601326375817401,12.750595196538518,0.9289659530539152,-5.7358633963227196e-42
488.86486486486484,0.015959820719055894,12.686590763113665,0.9255719148845765,-5.743207752142957e-42
489.36936936936934,0.015906579607609116,12.622907884906818,0.9221952117277534,-5.750566422652245e-42
489.87387387387383,0.01585353950922577,12.559544945758104,0.9188356757479691,-5.757939413707005e-42
490.37837837837833,0.015800699518094243,12.496500337628612,0.9154931419590744,-5.765326731352212e-42
490.8828828828828,0.015748058711210832,12.433772460612214,0.912167448607148,-5.77272838183857e-42
491.3873873873873,0.015695616181998807,12.37135972281531,0.9088584364366262,-5.780144371589123e-42
491.8918918918919,0.015643371038496053,12.309260540318862,0.9055659486529316,-5.787574707197376e-42
492.39639639639637,0.015591322386701785,12.247473337174963,0.9022898311768354,-5.795019395438642e-42
492.90090090090087,0.015539469332105444,12.185996545383688,0.8990299327092306,-5.802478443272886e-42
493.40540540540536,0.015487810980544147,12.124828604844222,0.8957861046059573,-5.809951857838867e-42
493.90990990990986,0.015436346448696646,12.063967963238573,0.8925582002291897,-5.817439646424381e-42
494.41441441441435,0.015385074852507551,12.003413076069593,0.8893460754976021,-5.824941816491213e-42
494.91891891891885,0.015333995323145208,11.943162406615055,0.8861495887676542,-5.832458375669561e-42
495.4234234234234,0.015283107042186946,11.883214425936373,0.8829686011104961,-5.839989331770455e-42
495.9279279279279,0.015232409128262266,11.823567612679595,0.879802975166161,-5.847534692733488e-42
496.4324324324324,0.015181900732735348,11.764220453168715,0.8766525759999024,-5.855094466665608e-42
496.9369369369369,0.015131581013827732,11.705171441329044,0.8735172707942536,-5.862668661826941e-42
497.4414414414414,0.015081449117230908,11.646419078704405,0.8703969291546142,-5.870257286644537e-42
497.9459459459459,0.01503150418921583,11.587961874379102,0.8672914228113484,-5.877860349698654e-42
498.45045045045043,0.01498174540657471,11.529798344850512,0.8642006250092953,-5.885477859694831e-42
498.9549549549549,0.014932171938415728,11.471927014101519,0.861124411162819,-5.893109825493517e-42
499.4594594594594,0.01488278295802417,11.414346413526069,0.8580626585810875,-5.90075625609742e-42
499.9639639639639,0.014833577643243825,11.357055081997583,0.855015247061868,-5.908417160678565e-42
500.4684684684684,0.014784555175539083,11.300051565646646,0.8519820577406411,-5.916092548525423e-42
500.9729729729729,0.01473571474023018,11.243334417897188,0.8489629734911592,-5.923782429061118e-42
501.4774774774774,0.014687055526522007,11.186902199457181,0.8459578790530071,-5.931486811849125e-42
501.98198198198196,0.01463857672793912,11.130753478265678,0.8429666608950713,-5.939205706586882e-42
502.48648648648646,0.014590277556340127,11.07488682955426,0.8399892077183239,-5.946939123128744e-42
502.99099099099095,0.014542157212340546,11.019300835600479,0.8370254092624103,-5.954687071431016e-42
503.49549549549545,0.0144942149070591,10.963994085843924,0.8340751571092891,-5.962449561588741e-42
504.0,0.014446449856738422,10.908965176810613,0.8311383444313857,-5.970226603823992e-42
504.0,840.0144464499825,10.908965176810328,0.8311383444313857,-5.970226603823991e-42
504.5045045045045,823.6938826720657,19.18234325654888,14.494881096860576,-5.971115277977272e-42
505.009009009009,816.2252404318848,27.338351077926465,54.32757719549227,-5.931630095263009e-42
505.5135135135135,808.8270691043855,35.378501104502114,118.64287768508979,-5.815309102654719e-42
506.01801801801804,801.4986850977066,43.304082190780306,205.82958807125212,-5.593176294902771e-42
506.52252252252254,794.2394114834788,51.11636985873047,314.3487869153614,-5.2481987652932973e-42
507.02702702702703,787.0485779317612,58.81662643172954,442.7310425779438,-4.7793856354795135e-42
507.5315315315315,779.9255206467114,66.40610116698915,589.5737340719394,-4.203786593923199e-42
508.036036036036,772.8695823028326,73.88603038676644,753.5384631637527,-3.555173899653675e-42
508.5405405405405,765.8801119818104,81.2576376083417,933.3485560945795,-2.878979465841702e-42
509.0450450450451,758.9564651100499,88.5221336725412,1127.7866635046873,-2.223898426220316e-42
509.54954954954957,752.0980033967849,95.6807168710648,1335.692441143922,-1.6329356164742468e-42
510.05405405405406,745.3040947727555,102.73457307261799,1555.9603105567992,-1.1361017877490062e-42
510.55855855855856,738.5741133295312,109.684875847708,1787.5373049696493,-7.468203642628112e-43
511.06306306306305,731.9074392594181,116.53278659221561,2029.4209918903955,-4.627762453820166e-43
511.56756756756755,725.3034587959058,123.27945464983935,2280.6574647312655,-2.697003943382697e-43
512.072072072072,718.7615641547519,129.9260174332124,2540.339413977892,-1.4736484408081566e-43
512.5765765765766,712.2811534756318,136.47360054383512,2807.6042674259697,-7.505408688530239e-44
513.081081081081,705.8616307643503,142.9233178908434,3081.632395705094,-3.527742160159054e-44
513.5855855855856,699.5024058356261,149.27627180856894,3361.6453854201627,-1.5228662942274178e-44
514.0900900900901,693.2028942563692,155.53355317308797,3646.9043658644537,-6.178790730145538e-45
514.5945945945946,686.9625172895888,161.69624151744233,3936.708407224142,-2.4288814417196332e-45
515.0990990990991,680.7807018388401,167.76540514573327,4230.392976291366,-9.079265107338577e-46
515.6036036036036,674.6568803932112,173.7421012461057,4527.328446821607,-2.552619452241977e-46
516.1081081081081,668.5904909728168,179.62737600265558,4826.91866327791,-6.3954123745889035e-47
516.6126126126126,662.5809770748621,185.4222647061679,5128.599559478666,-7.345420787358597e-47
517.1171171171171,656.6277876201592,191.12779186388698,5431.837822917037,-2.562543285191175e-46
517.6216216216217,650.7303769002269,196.74497130809752,5736.1296125288645,-2.498691306995982e-46
518.1261261261261,644.8882045249243,202.2748063035741,6040.999327349202,-2.2654017462840285e-46
518.6306306306307,639.1007353705851,207.7182896539847,6345.998419586039,-8.664366297161601e-47
519.1351351351351,633.3674395286286,213.07640380732224,6650.704247504377,3.702258223117791e-46
519.6396396396397,627.6877922546939,218.35012096021518,6954.718975180973,-5.309291408249969e-46
520.1441441441441,622.06127391822,223.54040316134092,7257.668507233701,9.878163464877035e-45
520.6486486486486,616.4873699525649,228.64820241368312,7559.201469433114,-2.998729460256322e-44
521.1531531531532,610.9655708056312,233.6744607757645,7858.988227567383,1.0454183952090898e-43
521.6576576576576,605.4953718909558,238.62011046188712,8156.719943231067,-1.852137873233985e-43
522.1621621621622,600.076273539209,243.48607394153436,8452.107659742855,1.5594935033750909e-43
522.6666666666666,594.707780950334,248.27326403743817,8744.88143460441,9.256372522021451e-43
523.1711711711712,589.3894041459716,252.98258402304108,9034.78949215227,-8.001535173543052e-42
523.6756756756756,584.1206579224372,257.6149277188254,9321.597414181799,4.396166025652942e-41
524.1801801801802,578.9010618041459,262.17117958768745,9605.087362043374,-1.8504626243282028e-40
524.6846846846847,573.7301399974878,266.6522148293951,9885.057326979075,-3.4745972662509294e-40
525.1891891891892,568.6074213451907,271.0588994740197,10161.320412689038,-1.2220204270536318e-40
525.6936936936937,563.5324392809836,275.39209047473497,10433.704136751674,9.891679436062989e-41
526.1981981981982,558.5047317849261,279.6526357992481,10702.049771513519,1.856079961735368e-40
526.7027027027027,553.5238413390734,283.84137452051067,10966.211705211668,1.897657305097686e-40
527.2072072072071,548.5893148832474,287.9591369072325,11226.05680854383,1.2437395341265347e-40
527.7117117117117,543.7007037720421,292.00674451179674,11481.463874685667,-1.9387056818176356e-40
528.2162162162163,538.8575637315323,295.98501025882075,11732.32303693331,4.170583505008663e-41
528.7207207207207,534.0594548166113,299.89473853239423,11978.535222676728,3.5870004587539437e-44
529.2252252252252,529.3059413686168,303.73672526271076,12220.011622806702,-6.225789509213169e-40
529.7297297297297,524.596591973827,307.511758010909,12456.67320473265,1.7343244787588385e-39
530.2342342342342,519.9309794219171,311.22061605397147,12688.450222621039,-1.935495280882837e-39
530.7387387387388,515.3086806648329,314.8640704687802,12915.28174747663,-1.5944614310718367e-39
531.2432432432432,510.72927677635533,318.44288421471487,13137.115231392136,8.020166936869388e-39
531.7477477477478,506.19235291186214,321.9578122158496,13353.90607889662,-6.022848213899689e-38
532.2522522522522,501.69749826861084,325.4096014420704,13565.61724045936,-6.67173982850446e-39
532.7567567567568,497.2443060456268,328.798990991,13772.218789986791,2.0154567296791295e-37
533.2612612612612,492.8323734057804,332.126712165387,13973.687597457709,-6.519813120025796e-37
533.7657657657658,488.4613014363914,335.393488553541,14170.006934357867,-1.2051028519591988e-38
534.2702702702703,484.1306951109073,338.6000361075492,14361.166127255538,3.462479957390417e-36
534.7747747747748,479.8401632516289,341.74706321930745,14547.1602505185,-9.630763352401484e-36
535.2792792792793,475.5893184914944,344.83527079850614,14727.989780475165,-1.848088744988342e-36
535.7837837837837,471.37777723706216,347.8653523481369,14903.660297171777,6.459492640119238e-35
536.2882882882883,467.2051596321343,350.8379940386495,15074.182207658258,-1.5954142036878877e-34
536.7927927927927,463.0710895206288,353.7538747836912,15239.570440794338,-6.839496469653028e-35
537.2972972972973,458.97519441087707,356.61366631286063,15399.844194584557,1.3409518092234741e-33
537.8018018018018,454.9171054401093,359.41803324409466,15555.026686019497,-2.889728098567602e-33
538.3063063063063,450.8964573385435,362.1676331568635,15705.144887820199,-9.651469689272436e-33
538.8108108108108,446.9128883944371,364.86311666336576,15850.229297923845,-4.145114537651892e-33
539.3153153153153,442.96604042016816,367.5051274775987,15990.313738299037,1.658150875295251e-33
539.8198198198198,439.05555871592577,370.09430248937616,16125.435080440473,2.151257669501188e-33
540.3243243243244,435.1810920383262,372.63127182813156,16255.633120081324,2.607824352167344e-33
540.8288288288288,431.3422925642082,375.1166589367236,16380.950305591781,1.0865460093885334e-33
541.3333333333334,427.5388158591913,377.55108063535056,16501.43160736645,-5.157975907435833e-34
541.8378378378378,423.7703208436465,379.93514719084806,16617.124308315408,-1.4278236854863319e-33
542.3423423423424,420.0364697597743,382.26946238367276,16728.077829561666,-1.1629572092740433e-33
542.8468468468468,416.33692814042604,384.55462357128175,16834.343596984945,-1.8114372695846342e-34
543.3513513513514,412.67136477506455,386.79122175743674,16935.974836244284,3.318436131797259e-34
543.8558558558559,409.0394516800965,388.9798416524468,17033.026476280742,8.4913373035871e-34
544.3603603603603,405.4408640657254,391.1210617406238,17125.554965556214,7.188008964202799e-34
544.8648648648649,401.87528030564454,393.21545434184407,17213.618158388967,1.7312712692033244e-34
545.3693693693693,398.34238190652263,395.26358567354987,17297.275191474757,-4.342328143535299e-34
545.8738738738739,394.8418534759635,397.2660159159028,17376.586329622834,-3.798416891937829e-34
546.3783783783783,391.37338269455887,399.2232992684607,17451.612897442013,-7.545206513444435e-34
546.8828828828829,387.9366602829247,401.13598401724647,17522.41710549686,-1.4945098385806947e-33
547.3873873873874,384.53137997541836,403.00461258797156,17589.062012881815,-4.361068664035776e-34
547.8918918918919,381.1572384871714,404.82972161311847,17651.611355260862,2.084190311521905e-33
548.3963963963964,377.81393548870597,406.6118419832873,17710.129521863397,4.643163859400561e-34
548.9009009009009,374.50117357360665,408.35149891296464,17764.681396645854,-4.241256844042135e-33
549.4054054054054,371.2186582332139,410.0492119917064,17815.332332805876,1.613308600816191e-33
549.9099099099099,367.9660978255855,411.70549524723134,17862.148019455264,1.1904676311923566e-32
550.4144144144144,364.74320354980296,413.3208571974109,17905.19444462251,-6.317028865749768e-33
550.918918918919,361.549689416462,414.8958009101886,17944.53779015659,-2.9270617369424866e-32
551.4234234234234,358.38527222154454,416.43082405647726,17980.244384079197,2.3921966955096428e-32
551.927927927928,355.2496715184317,417.9264189669134,18012.380620710966,7.078680225026355e-32
552.4324324324324,352.14260959133514,419.38307268567684,18041.01290446375,-8.602512270017102e-32
552.936936936937,349.0638114288701,420.80126702400815,18066.207592782015,-1.727638203636991e-31
553.4414414414414,346.0130046969221,422.18147861520157,18088.030931216435,2.8778715199885944e-31
553.9459459459459,342.9899197138901,423.5241789646592,18106.549018263915,4.156820324680914e-31
554.4504504504505,339.9942894228333,424.82983450637596,18121.827731050234,-9.282049590304777e-31
554.9549549549549,337.0258493690591,426.0989066481452,18133.932717993277,-3.683793275900764e-31
555.4594594594595,334.08433767003083,427.3318518326665,18142.929298228093,4.2065126708357366e-30
555.9639639639639,331.1694949950698,428.529121578388,18148.882477037212,5.845862857450356e-30
556.4684684684685,328.2810645371214,429.69116253675816,18151.856869042207,-6.0135102173577136e-30
556.9729729729729,325.4187919894134,430.818416539373,18151.91667583831,-2.4694492039437188e-29
557.4774774774775,322.5824255220756,431.91132064518087,18149.125664418338,-2.4676745654038108e-29
557.981981981982,319.77171575503905,432.9703071954083,18143.547103202964,-2.7274943206227994e-30
558.4864864864865,316.9864157386724,433.9958038524592,18135.24378191588,9.150582382403474e-30
558.990990990991,314.226280924456,434.98823365943326,18124.27792535494,5.048017064612237e-30
559.4954954954954,311.4910691478361,435.94801507444896,18110.711229289496,3.605378597375162e-30
560.0,308.7805405982259,436.8755620315475,18094.604775276046,-6.129185770138687e-31
560.5045045045044,306.09445780313365,437.77128397238505,18076.01907017059,-5.946622515927865e-30
561.009009009009,303.4325855980757,438.63558590731543,18055.013965132326,-3.231695182655885e-30
561.5135135135135,300.7946911117595,439.46886844490365,18031.64870022546,-3.1322069145014792e-30
562.018018018018,298.18054373598824,440.2715278530281,18005.9818253547,-6.683074972001239e-30
562.5225225225225,295.58991510845505,441.0439560933244,17978.07122350055,-1.1897339352740481e-29
563.027027027027,293.0225790915941,441.78654086380027,17947.97410262717,-8.305040616047881e-30
563.5315315315315,290.4783117444159,442.49966565593326,17915.74693444874,6.2453854790301566e-30
564.0360360360361,287.9568913118901,443.1837097755159,17881.445521646405,1.2579348737652511e-29
564.5405405405405,285.45809819125185,443.83904841118186,17845.124901056082,2.9776330572603554e-30
565.0450450450451,282.981714920816,444.46605265642006,17806.839400822442,-1.1536549114883188e-29
565.5495495495495,280.52752615510735,445.06508955987636,17766.642606951686,-8.68272207407218e-30
566.0540540540541,278.09531864216854,445.63652217113895,17724.587343540785,1.6147600958402874e-29
566.5585585585585,275.6848812098436,446.1807095679996,17680.72570552068,1.9909533583823655e-29
567.063063063063,273.29600473599766,446.6980069168775,17635.109001798974,-9.139663787443807e-30
567.5675675675676,270.9284821383803,447.18876549269186,17587.787802843814,-2.921377747427545e-29
568.072072072072,268.58210834690635,447.6533327350301,17538.811897961237,-1.576930833297783e-29
568.5765765765766,266.25668028750135,448.0920522804398,17488.230310010946,2.8112364536480463e-29
569.081081081081,263.95199686479344,448.5052639971102,17436.091304249047,3.383744644900856e-29
569.5855855855856,261.66785893587644,448.8933040379732,17382.442355079886,-2.106234837752349e-29
570.0900900900901,259.40406930125226,449.25650485836024,17327.33019055652,-4.221445259135587e-29
570.5945945945946,257.1604326751487,449.59519527621177,17270.800746877096,-1.352768836754858e-29
571.0990990990991,254.93675567482663,449.9097004931054,17212.899202316752,3.981208100138035e-29
571.6036036036036,252.7328467995359,450.2003421366498,17153.669969090442,4.0819156475377546e-29
572.1081081081081,250.54851640940512,450.46743830299897,17093.15668510122,-1.9838017884336306e-29
572.6126126126126,248.38357671454347,450.7113035783232,17031.402241868098,-9.358604511379917e-30
573.1171171171171,246.23784174624257,450.9322490971751,16968.448752246775,7.406319334393902e-29
573.6216216216217,244.11112734861607,451.1305825587272,16904.33758388433,1.7856237117459451e-28
574.1261261261261,242.00325115863228,451.3066082669354,16839.109356111945,1.5387647174361889e-28
574.6306306306307,239.91403258203283,451.46062717918085,16772.80392525717,-8.268879726391656e-29
575.1351351351351,237.8432927892284,451.59293691374404,16705.460426530575,-2.1402483063332696e-28
575.6396396396397,235.79085468439635,451.70383181249633,16637.117241856206,-1.2263850798363178e-28
576.1441441441441,233.75654289492127,451.79360296168244,16567.812022529997,2.788818381581077e-28
576.6486486486486,231.74018375991216,451.86253821459724,16497.58170749366,3.6217439947034455e-28
577.1531531531532,229.741605300725,451.9109222513423,16426.462499691715,1.2796909787252564e-30
577.6576576576576,227.76063721564233,451.9390365888125,16354.489896981326,-5.475415337693157e-28
578.1621621621622,225.79711086051597,451.9471596195975,16281.698692302132,-5.356843234031401e-28
578.6666666666666,223.8508592268904,451.93556665608094,16208.12296988957,3.8823971565169824e-28
579.1711711711712,221.92171693756566,451.9045299386125,16133.796131935254,8.70416577872208e-28
579.6756756756756,220.00952021841417,451.85431869258736,16058.750886130374,5.848640512339545e-28
580.1801801801802,218.11410688886824,451.78519914707545,15983.019262598516,-7.859664689817539e-28
580.6846846846847,216.23531635060093,451.69743455719413,15906.632627182704,-1.188744401564081e-27
581.1891891891892,214.3729895608002,451.5912852581513,15829.621673640779,-3.162862513221236e-28
581.6936936936937,212.52696902730864,451.46700867432236,15752.01644502243,1.2446382566649465e-27
582.1981981981982,210.69709879034124,451.3248593559405,15673.846337647636,1.79930713062109e-27
582.7027027027027,208.883224402436,451.16508901940915,15595.140103406256,7.459334458402492e-28
583.2072072072071,207.0851929248703,450.9879465537367,15515.925869733226,5.852039718068477e-29
583.7117117117117,205.30285290058976,450.7936780753222,15436.231135611917,-4.0262773584840487e-28
584.2162162162163,203.53605434637336,450.582526943149,15356.082786090125,-2.7080860036213848e-28
584.7207207207207,201.7846487417398,450.35473378072174,15275.507102339203,-3.0995077382622427e-28
585.2252252252252,200.0484890046018,450.1105365251462,15194.529763857627,-4.9453053741927934e-30
585.7297297297297,198.32742948668684,449.8501704356851,15113.175862129088,4.8319716574607555e-28
586.2342342342342,196.6213259563045,449.5738681282671,15031.469907417542,7.612747423780516e-28
586.7387387387387,194.9300355802899,449.28185961171727,14949.435835475835,4.086819737818398e-28
587.2432432432432,193.25341692054036,448.97437229394984,14867.097019802171,1.1589574688853931e-28
587.7477477477478,191.5913299085771,448.65163103338546,14784.47627619003,-2.772293732574941e-28
588.2522522522522,189.94363583931934,448.31385815085156,14701.595873441554,-6.511490053906289e-28
588.7567567567568,188.31019736053392,447.96127345041117,14618.4775422693,-9.987482578993201e-28
589.2612612612612,186.69087844837074,447.59409426866137,14535.142481746907,-9.316100937962347e-28
589.7657657657658,185.08554440380206,447.21253548122684,14451.611369248403,-3.3039682120138543e-28
590.2702702702702,183.4940618428848,446.8168095218835,14367.90436865069,8.312356152116533e-30
590.7747747747748,181.91629866947335,446.40712643770854,14284.041138593604,1.3122110212614847e-28
591.2792792792793,180.35212407473028,445.9836938892305,14200.04084082314,-1.0917035987539187e-28
591.7837837837837,178.80140852753405,445.5467171692571,14115.922147985597,-1.0575499555592898e-28
592.2882882882883,177.26402374653108,445.0963992593872,14031.703253596868,-7.486735086963126e-29
592.7927927927927,175.7398427007546,444.63294082789764,13947.40187866747,2.4652420469877552e-29
593.2972972972973,174.22873959966893,444.1565402493403,13863.035278927005,1.87404599093896e-29
593.8018018018017,172.73058986677577,443.667393657808,13778.620256772225,1.4328577448694997e-29
594.3063063063063,171.2452701396263,443.165694946106,13694.17316593509,2.292162680381247e-29
594.8108108108108,169.7726582598142,442.6516357854559,13609.709918366685,2.0153503860616882e-29
595.3153153153153,168.31263324828984,442.12540567524724,13525.245997626444,1.9023053530370205e-29
595.8198198198198,166.86507530475194,441.58719194348345,13440.796461994702,1.7870197236158323e-29
596.3243243243244,165.42986579795212,441.0371797658302,13356.375951142114,2.1079988401602954e-29
596.8288288288288,164.00688724182655,440.4755522137294,13271.998700336726,1.6068747773033692e-29
597.3333333333334,162.59602329499165,439.9024902546129,13187.678542443631,-9.787567223153136e-31
597.8378378378378,161.19715875137692,439.31817277030814,13103.428914370183,-1.0586784759704426e-29
598.3423423423424,159.81017951671367,438.7227766043639,13019.262871785517,-1.9543486112609756e-29
598.8468468468468,158.43497260842707,438.11647656151484,12935.193090189008,-2.5110330241875554e-29
599.3513513513514,157.07142614640753,437.4994454258066,12851.231871091615,-2.6847054053308236e-29
599.8558558558559,155.71942933012411,436.8718540065921,12767.391157171727,-1.802428060964842e-29
600.3603603603603,154.37887243862053,436.2338711378081,12683.682532433917,1.8409886894616753e-30
600.8648648648649,153.04964682133445,435.5856636959633,12600.117228138093,1.7568485110333333e-29
601.3693693693693,151.731644876195,434.92739664420475,12516.706138291976,2.765187098939025e-29
601.8738738738739,150.4247600498702,434.25923303099546,12433.459818592259,2.882788163032402e-29
602.3783783783783,149.1288868285758,433.5813340081317,12350.38849224403,3.086430800679693e-29
602.8828828828829,147.84392071532486,432.89385887659483,12267.502067091851,2.4235412826154884e-29
603.3873873873874,146.5697582293963,432.1969650868098,12184.810134490956,6.497562594290076e-30
603.8918918918919,145.3062969031687,431.49080824459463,12102.32197017361,-9.020539806479378e-30
604.3963963963964,144.05343525631028,430.7755421628357,12020.046554164552,-1.655419042201529e-29
604.9009009009009,142.81107279684326,430.05131885874874,11937.992568014359,-1.0083896673020092e-29
605.4054054054054,141.57911001180992,429.3182885720812,11856.168400597011,-4.0792779657646456e-30
605.9099099099099,140.3574483509425,428.5765997979201,11774.582160674936,5.4373446234541445e-30
606.4144144144144,139.14599022337225,427.8263992924448,11693.241677086951,1.5376733496327654e-29
606.918918918919,137.94463898615209,427.0678320956987,11612.15450681799,2.056447064039217e-29
607.4234234234234,136.7532989326735,426.30104155459617,11531.327943264856,1.0186713635899596e-29
607.927927927928,135.5718752882597,425.5261693315333,11450.769017541636,-4.655385803554871e-30
608.4324324324324,134.40027419756328,424.74335542908057,11370.484507522038,-1.0754755638984333e-29
608.936936936937,133.23840271699316,423.95273820440775,11290.48094198385,-7.288577059870953e-30
609.4414414414414,132.08616880573143,423.1544543870379,11210.764606319271,6.141388420259775e-32
609.9459459459459,130.94348131676222,422.3486390967829,11131.341548303833,5.8767579824184005e-30
610.4504504504505,129.81024998811333,421.5354258606364,11052.21758340657,2.3481831632359714e-30
610.9549549549549,128.68638543429358,420.7149466299491,10973.39830017204,-4.095913695487018e-31
611.4594594594595,127.5717991377005,419.8873317965478,10894.889065139076,-3.317496500430299e-30
611.9639639639639,126.46640343994535,419.0527102101762,10816.69502837756,-2.553763617520295e-31
612.4684684684685,125.37011153409588,418.2112091935015,10738.821127834828,2.7478280579760567e-30
612.9729729729729,124.28283745588624,417.3629545594416,10661.272094816459,3.6109459438858634e-30
613.4774774774775,123.20449607592886,416.5080706265069,10584.052458489936,3.6474412070914867e-31
613.981981981982,122.13500309124596,415.6466802348813,10507.16655072949,-3.397324436138918e-30
614.4864864864865,121.0742750171969,414.7789047625223,10430.618511001727,-3.401603266907645e-30
614.990990990991,120.02222917963763,413.90486414015345,10354.412290654122,-5.243887962933897e-31
615.4954954954954,118.97878370706722,413.0246768671011,10278.551657660399,4.155338451170351e-30
616.0,117.94385752284786,412.1384600264251,10203.040200989313,3.558433599425407e-30
616.5045045045044,116.91737033747872,411.2463292996674,10127.88133478268,1.8767001181128916e-31
617.009009009009,115.89924264036775,410.34839898263556,10053.078303062755,-1.6263994387137066e-30
617.5135135135135,114.889395693137,409.44478199898026,9978.634183300455,-5.329229553534773e-32
618.018018018018,113.88775153280184,408.53558989581205,9904.551888636055,-6.300220130194324e-31
618.5225225225225,112.89423294609958,407.62093289054064,9830.834175721084,-8.051850826467966e-32
619.027027027027,111.9087635420428,406.70091974366886,9757.483632525264,1.9808363525573227e-31
619.5315315315315,110.93126757048839,405.7756580814012,9684.502717624395,1.2136274613956773e-31
620.036036036036,109.96166999801054,404.84525426236024,9611.893746717393,8.245595596427256e-33
620.5405405405405,108.99989653811345,403.90981332524433,9539.658888712374,-2.3525239128911595e-32
621.0450450450451,108.04587364860807,402.9694389950124,9467.800169073433,1.156197043844133e-33
621.5495495495495,107.09952840576717,402.02423390567276,9396.319495303973,2.3457485639542011e-32
622.0540540540541,106.16078855795315,401.07429950836536,9325.2186512214,2.662010322041202e-32
622.5585585585585,105.22958286332769,400.1197354729758,9254.499228010833,-8.196243222362089e-32
623.063063063063,104.30584059602405,399.1606405659277,9184.162730608286,-1.030532111552218e-31
623.5675675675675,103.38949182463995,398.19711215596175,9114.210519032742,-6.623317014799045e-32
624.072072072072,102.480467180603,397.2292466258325,9044.643858162519,9.046583136064626e-34
624.5765765765766,101.57869795076903,396.2571392113881,8975.463903037366,4.011740471812071e-32
625.081081081081,100.68411609348513,395.2808839709103,8906.67169284436,1.5438113176361093e-32
625.5855855855856,99.79665422468715,394.3005738135946,8838.26815972972,-6.157411864791059e-32
626.09009009009,98.91624562741548,393.31630048284194,8770.254127863958,-1.0413359153345813e-31
626.5945945945946,98.04282423694713,392.3281545817661,8702.630314317366,-4.549980283280374e-32
627.0990990990991,97.17632463484202,391.3362255882479,8635.397337697888,7.566393458659607e-32
627.6036036036036,96.31668203977276,390.3406018697916,8568.555717178964,1.6920953670625215e-31
628.1081081081081,95.46383230004517,389.3413706985631,8502.105877095091,7.787439474653503e-32
628.6126126126126,94.61771187884689,388.3386182778726,8436.048151868228,1.6350987309714208e-33
629.1171171171171,93.77825785550746,387.33242974206007,8370.382786761304,-3.423920712297191e-32
629.6216216216217,92.94540792023162,386.3228891657431,8305.109939816257,-7.849438743243188e-33
630.1261261261261,92.11910036806434,385.31007957590623,8240.229684906859,1.2951791690349212e-32
630.6306306306307,91.29927409347363,384.29408296212574,8175.742013875211,9.424586674019711e-33
631.1351351351351,90.4858685836611,383.27498028956546,8111.646839270956,-1.564984650552863e-33
631.6396396396397,89.67882390596277,382.2528515231728,8047.943999464724,-2.18138190433275e-32
632.1441441441441,88.87808072589202,381.2277755929818,7984.633251348002,-1.773158569365325e-32
632.6486486486486,88.08358026242077,380.19983048011403,7921.714288396591,-1.599873080173687e-32
633.1531531531532,87.29526433417075,379.1690931279486,7859.1867220151935,-6.752101176176749e-33
633.6576576576576,86.51307529043088,378.1356395748607,7797.050109217402,2.102042935017582e-33
634.1621621621622,85.73695607572871,377.0995448299402,7735.303926768913,3.836101558495859e-33
634.6666666666666,84.96685015128001,376.06088302415776,7673.947602229897,4.1795437622834053e-33
635.1711711711712,84.2027015618544,375.0197272816937,7612.980487682955,1.7358219527568133e-35
635.6756756756756,83.44445486082692,373.9761498640631,7552.401888620121,-3.5984040256257404e-33
636.1801801801802,82.69205517162581,372.93022205199196,7492.21104045519,-3.44679006389584e-33
636.6846846846847,81.94544811576561,371.88201428368984,7432.407135443055,-4.3478908902123024e-33
637.1891891891892,81.20457987831888,370.83159602908836,7372.989298459823,-4.9082489278996354e-33
637.6936936936937,80.46939715399796,369.77903589332374,7313.956606550713,-5.054822253362446e-33
638.1981981981982,79.73984714579699,368.7244016193329,7255.308089379458,-3.293525281636173e-33
638.7027027027027,79.01587756873433,367.66776008079756,7197.042728535528,-3.406174725066259e-35
639.2072072072071,78.29743666203535,366.60917725852335,7139.159451082658,1.915969978479059e-33
639.7117117117117,77.58447313966028,365.54871833562686,7081.657149878656,1.983851445127093e-33
640.2162162162163,76.87693622044513,364.4864476394484,7024.534670837965,-1.03301387045037e-34
640.7207207207207,76.17477563419922,363.42242862968214,6967.790810204072,-1.9450517539890092e-33
641.2252252252252,75.47794157471064,362.3567239889802,6911.424333186215,-2.0112241586259804e-33
641.7297297297297,74.78638473509358,361.2893955547985,6855.433958843655,-1.9353200304058924e-33
642.2342342342342,74.10005628528275,360.22050436262526,6799.818369370593,-1.6977490506745193e-33
642.7387387387387,73.41890786896951,359.1501106518112,6744.576210708734,-8.821610167632791e-34
643.2432432432432,72.74289159601285,358.0782738799639,6689.706094498619,1.8306046202262841e-34
643.7477477477478,72.07196004694954,357.0050527145196,6635.2065970202775,6.670011950834896e-34
644.2522522522522,71.40606625852035,355.9305050602747,6581.076263367701,6.842564245677944e-34
644.7567567567568,70.74516372202338,354.8546880625673,6527.313608099855,5.452754426667537e-34
645.2612612612612,70.08920638068356,353.77765811231393,6473.917116115609,-5.662037100207581e-35
645.7657657657658,69.43814862638331,352.69947085215387,6420.88524253845,-7.297745100489113e-34
646.2702702702702,68.79194528940094,351.6201811962021,6368.216417384876,-9.612785345920939e-34
646.7747747747748,68.15055164052605,350.53984332581797,6315.909043419537,-6.159343087058552e-34
647.2792792792793,67.51392338665048,349.4585106980152,6263.961497475939,-2.188897115182686e-34
647.7837837837837,66.88201666112242,348.3762360640502,6212.3721342317995,4.215973113247114e-34
648.2882882882883,66.25478802745054,347.2930714620727,6161.139283139886,1.2029620792718312e-33
648.7927927927927,65.6321944680049,346.2090682389248,6110.2612536990355,1.6870899906771442e-33
649.2972972972973,65.01419338357235,345.12427705085156,6059.736334358244,1.2379431942926418e-33
649.8018018018017,64.40074258963354,344.03874787063086,6009.562792699397,7.612647780847674e-34
650.3063063063063,63.791800310681694,342.95252999839556,5959.73887834747,3.4636590235948677e-34
650.8108108108108,63.18732517656129,341.8656720686198,5910.2628235018765,1.7913505222017782e-35
651.3153153153153,62.587276220051955,340.77822205455254,5861.132842371054,-2.8568968607697308e-34
651.8198198198198,61.99161287147862,339.6902272786235,5812.3471334590795,-5.383962169918173e-34
652.3243243243244,61.40029495398869,338.60173442152126,5763.903881202267,-4.119197927918027e-34
652.8288288288288,60.81328268268417,337.5127895236762,5715.8012546696955,-3.4934210532962774e-36
653.3333333333333,60.23053666015109,336.42343799381524,5668.037408946142,2.928984234133398e-34
653.8378378378378,59.65201786894154,335.333724623332,5620.610488274419,4.384493601200647e-34
654.3423423423424,59.07768767251544,334.2436935844224,5573.518624097077,3.3524466378413506e-34
654.8468468468468,58.507507812314294,333.15338843564336,5526.759935499332,2.7855636102470613e-34
655.3513513513514,57.94144039800935,332.0628521405533,5480.3325333525445,1.0671241931014001e-35
655.8558558558559,57.37944790910937,330.9721270645929,5434.2345182004565,-4.7581455948955735e-34
656.3603603603603,56.821493192916236,329.88125497899625,5388.463980147467,-8.756044620170668e-34
656.8648648648648,56.26753945463847,328.7902770795926,5343.019003099253,-1.0878617100685426e-33
657.3693693693693,55.71755025840982,327.69923398487776,5297.89766295351,-8.684255237311053e-34
657.8738738738739,55.171489525842745,326.6081657387597,5253.098027090922,-6.411469085879683e-34
658.3783783783783,54.6293215265404,325.5171118286266,5208.618158521699,-1.6625633265143968e-34
658.8828828828829,54.09101087857032,324.42611118443654,5164.456114293446,5.519291948960509e-34
659.3873873873874,53.55652254750397,323.33520218066053,5120.609944839023,1.2116245567029951e-33
659.8918918918919,53.02582183737968,322.24442265330504,5077.077697685519,1.608777551434234e-33
660.3963963963963,52.49887439051229,321.153809900381,5033.857416352488,1.3841194940563705e-33
660.9009009009009,51.975646185934814,320.06340068515027,4990.947140137218,8.390982836902145e-34
661.4054054054054,51.4561035339291,318.97323124629133,4948.344905763769,2.5591841770453225e-34
661.9099099099099,50.94021307298744,317.88333730363576,4906.048747837237,-1.5494216630356355e-34
662.4144144144144,50.42794176818109,316.7937540609892,4864.056698550174,-5.569912927769346e-34
662.918918918919,49.91925690631337,315.7045162160132,4822.366789164721,-5.3183166917352585e-34
663.4234234234234,49.41412609420072,314.61565796337834,4780.9770498473645,-1.3721217597885844e-34
663.927927927928,48.912517255396324,313.52721300115616,4739.885510287101,1.7709030967308717e-34
664.4324324324324,48.41439862683254,312.43921453691513,4699.09020022739,2.779562976573665e-34
664.936936936937,47.91973875634767,311.351695292703,4658.589149744802,3.031567490114314e-34
665.4414414414414,47.42850649937001,310.2646875113119,4618.38038983743,1.1225958808118265e-34
665.9459459459459,46.940671016390525,309.1782229608845,4578.461952596821,-9.892905144236534e-35
666.4504504504505,46.45620176981089,308.0923329414114,4538.8318718620885,-1.562606110445708e-34
666.9549549549549,45.97506852186617,307.0070482888886,4499.488183296951,-1.7078282877161569e-34
667.4594594594595,45.49724133090666,305.92239938195263,4460.428925057841,-1.0290728034904124e-35
667.9639639639639,45.0226905496337,304.83841614582184,4421.652137849403,1.6316378203780837e-34
668.4684684684685,44.55138682154562,303.75512805884966,4383.155865551924,1.9299177095856074e-34
668.9729729729729,44.08330107886408,302.6725641563814,4344.938155274928,1.8075769088615978e-34
669.4774774774775,43.61840453937798,301.5907530371948,4306.997057953792,1.2528421409901888e-35
669.981981981982,43.15666870462106,300.50972286721867,4269.330628374186,-1.7354376833787902e-34
670.4864864864865,42.698065356336045,299.42950138593375,4231.936925762933,-2.105404155154404e-34
670.990990990991,42.24256655520999,298.35011590990865,4194.8140137749515,-1.9121378702491866e-34
671.4954954954954,41.79014463716517,297.27159333912914,4157.959961066022,-1.866367713268237e-35
672.0,41.34077221157124,296.19396016055816,4121.372841294388,1.9728063487824125e-34
672.5045045045044,40.89442215841613,295.11724245402473,4085.050733594771,2.7592017436728076e-34
673.009009009009,40.45106762603149,294.0414658961728,4048.991722670211,2.246136236370893e-34
673.5135135135135,40.01068202847361,292.96665576573406,4013.193899137923,3.4642021867953826e-35
674.018018018018,39.573239043786565,291.8928369481834,3977.6553597593747,-6.485725570171083e-35
674.5225225225225,39.138712612669636,290.8200339396004,3942.37420752011,-1.708453297244788e-35
675.027027027027,38.707076933438714,289.7482708520957,3907.348552006001,-1.8057458071721955e-35
675.5315315315315,38.278306461777724,288.6775714180404,3872.576509558013,-5.892117387449525e-36
676.036036036036,37.85237591439099,287.60795898531114,3838.056203658901,7.493642297328576e-38
676.5405405405405,37.429260256034766,286.53945653735286,3803.7857648159365,2.6836129447353777e-37
677.0450450450451,37.00893469249687,285.47208670593517,3769.763330582705,-1.4369360459047882e-37
677.5495495495495,36.59137468794881,284.40587174485876,3735.98704633158,-4.5045726868445103e-38
678.0540540540541,36.17655594873088,283.3408335568464,3702.455064967276,2.546566476495569e-38
678.5585585585585,35.764454428202555,282.2769936873167,3669.1655473208257,1.0486677578560347e-38
679.063063063063,35.35504630528031,281.21437335569556,3636.1166616805517,-2.9038294415712e-39
679.5675675675675,34.94830801114087,280.1529934206656,3603.306584816021,-1.1949830035120094e-40
680.072072072072,34.54421623717263,279.0928743667111,3570.73350255778,3.62478181519362e-39
680.5765765765766,34.142747896062154,278.03403636150927,3538.3956087404476,1.4873768079622858e-39
681.081081081081,33.743880129330584,276.9764992537663,3506.2911054611827,6.355933887096021e-40
681.5855855855856,33.34759032786028,275.92028253621413,3474.4182042108387,2.676042571140891e-40
682.0900900900901,32.95385608636822,274.86540541658565,3442.775124215492,1.1923391068568872e-40
682.5945945945946,32.56265523581425,273.8118867724215,3411.360093861642,5.440444124076255e-41
683.099099099099,32.17396584535863,272.75974514882273,3380.1713509959113,2.4398751941493197e-41
683.6036036036036,31.78776618973624,271.7089988073147,3349.20714174719,8.795643074751592e-42
684.1081081081081,31.404034797271308,270.65966565902517,3318.4657226628415,3.282687980042851e-42
684.6126126126126,31.022750414889106,269.6117633142851,3287.9453595137734,1.8473729383149554e-42
685.1171171171171,30.643892002217676,268.56530909703883,3257.644327065956,1.032050670712738e-42
685.6216216216217,30.267438735383806,267.5203200363424,3227.560909501332,3.6648220649086204e-43
686.1261261261261,29.8933700121531,266.4768128622986,3197.693400728169,1.1514544815441628e-43
686.6306306306305,29.521665449904162,265.4348040134403,3168.0401043464535,8.23858428894344e-44
687.1351351351351,29.15230487978325,264.39430964223243,3138.599333674445,3.9669573210352186e-44
687.6396396396397,28.785268347665152,263.35534561819173,3109.3694118196913,1.469853484581771e-44
688.1441441441441,28.420536113388913,262.3179275314202,3080.3486717730366,3.8169535557244914e-45
688.6486486486486,28.05808864863318,261.2820706957198,3051.5354564486947,2.2349792710591857e-45
689.1531531531532,27.697906636371286,260.24779015249356,3022.9281187486645,1.771923880409999e-45
689.6576576576576,27.339970969770416,259.2151006739479,2994.525021610904,5.736412223755095e-46
690.1621621621621,26.984262751237097,258.18401676657766,2966.3245380596154,-8.923588105677337e-47
690.6666666666666,26.630763291525984,257.15455267478245,2938.325051254387,-6.131783326426064e-47
691.1711711711712,26.279454108842597,256.1267223845038,2910.524954535819,2.061194423228392e-46
691.6756756756756,25.930316928257884,255.10053962554602,2882.9226514520146,3.5937777399912565e-46
692.1801801801802,25.583333680751185,254.07601787629167,2855.516555812497,3.6479287746877475e-46
692.6846846846847,25.238486503188156,253.05317036680725,2828.305091719495,2.7871271381931954e-46
693.1891891891892,24.895757736578403,252.03201008176288,2801.286693594367,1.6641278981670078e-46
693.6936936936937,24.555129927359484,251.01254976357552,2774.4598062033115,8.81409120989524e-47
694.1981981981982,24.21658582615232,249.99480191572061,2747.8228846844922,5.283062930619677e-47
694.7027027027027,23.880108387661323,248.97877880616107,2721.3743945734955,4.706381312185073e-47
695.2072072072071,23.54568077043654,247.96449247065544,2695.112811827425,3.5055600066553555e-47
695.7117117117117,23.2132863370139,246.9519547160582,2669.0366228435137,1.8685218460560988e-47
696.2162162162163,22.882908654184963,245.9411771233535,2643.1443244738025,5.8850818326282375e-49
696.7207207207207,22.554531493071345,244.9321710509147,2617.4344240419737,-7.482828710443086e-48
697.2252252252252,22.228138829586637,243.9249476375646,2591.9054393537945,-3.402213916340261e-48
697.7297297297297,21.903714844866116,242.91951780582082,2566.555898709474,2.66531865780389e-48
698.2342342342342,21.581243926186733,241.91589226506574,2541.384340913708,6.392584083796774e-48
698.7387387387387,21.26071066763575,240.9140815147019,2516.3893152846667,2.2886563265653133e-48
699.2432432432432,20.942099871300137,239.9140958473114,2491.569381659514,-2.2580354918170937e-48
699.7477477477478,20.625396548157934,238.91594535176068,2466.9231103993543,-3.6346438396340494e-48
700.2522522522522,20.310585919746348,237.91963991634546,2442.4490823932415,-1.0913591108298081e-48
700.7567567567568,19.99765341973724,236.92518923191972,2418.1458890616304,2.5167859129753918e-48
701.2612612612612,19.686584696426348,235.9326027950371,2394.0121323568137,3.3922595596128025e-48
701.7657657657658,19.37736561355333,234.9418899111029,2370.046424764499,1.652562199839574e-48
702.2702702702702,19.06998225327595,233.95305969751846,2346.2473893039382,-1.3691333198841658e-48
702.7747747747748,18.764420918890288,232.96612108683763,2322.613659527374,-1.4454983103931144e-48
703.2792792792793,18.460668140094302,231.98108282994522,2299.1438795179065,-3.892984373139002e-49
703.7837837837837,18.158710671037905,230.997953499241,2275.836703888276,-1.5103831582548362e-51
704.2882882882883,17.85853549847167,230.01674149184274,2252.6907977789965,-2.9244624556025018e-49
704.7927927927927,17.560129845222757,229.03745503281903,2229.7048368564447,-3.336557638512713e-49
705.2972972972973,17.263481172987476,228.06010217844707,2206.8775073105066,-7.169243165953866e-50
705.8018018018017,16.96857718869093,227.08469081950173,2184.20750585254,6.413577551663226e-50
706.3063063063063,16.67540585019935,226.11122868457994,2161.6935397137013,-2.448583545437043e-50
706.8108108108108,16.383955371284117,225.1397233434693,2139.334326643799,-7.321832675383059e-50
707.3153153153153,16.09421422886837,224.17018221055977,2117.1285949107046,-6.332021682573546e-51
707.8198198198198,15.806171171697548,223.20261254831362,2095.0750833005336,2.9181532189085592e-50
708.3243243243243,15.51981522634181,222.23702147079908,2073.1725411189614,-5.533756556341364e-51
708.8288288288288,15.235135705769736,221.27341594727642,2051.4197281937004,-2.407015849526723e-50
709.3333333333333,14.952122223202192,220.31180280587378,2029.8154148784758,-2.6116635025473377e-51
709.8378378378378,14.670764699978484,219.35218873735894,2008.358382058636,1.100495915302928e-50
710.3423423423424,14.391053372275064,218.39458029897284,1987.0474211588103,2.172279072214799e-51
710.8468468468468,14.112978816219188,217.43898391837385,1965.8813341524583,1.1968462993413188e-51
711.3513513513514,13.836531951867713,216.4854058977675,1944.8589335748345,7.106535525544446e-52
711.8558558558559,13.561704062601983,215.53385241806595,1923.9790425376918,2.4683603083743024e-52
712.3603603603603,13.288486812940537,214.5843295432219,1903.2404947476412,-4.914952112449888e-53
712.8648648648648,13.016872266457034,213.63684322483107,1882.642134528514,2.651204436092518e-53
713.3693693693693,12.746852907837773,212.69139930672972,1862.1828168470759,-5.282493020549229e-53
713.8738738738739,12.478421665554423,211.74800352990684,1841.8614073433666,-1.348852902456925e-52
714.3783783783783,12.211571937473815,210.80666153764543,1821.6767823661175,-6.738366572430407e-53
714.8828828828829,11.94629761989344,209.8673788808702,1801.6278290137568,-1.0221417498625565e-53
715.3873873873874,11.682593138370153,208.93016102378303,1781.7134451815684,-3.5620173914448546e-53
715.8918918918919,11.420453482642609,207.9950133498014,1761.932539615347,-8.519382467993977e-53
716.3963963963963,11.159874245335704,207.06194116781018,1742.284031972033,-8.777681375776025e-53
716.9009009009009,10.900851664920264,206.13094971882097,1722.7668528893128,-4.458327427172542e-53
717.4054054054054,10.643382673110576,205.20204418306506,1703.3799440647294,-6.480805685354149e-54
717.9099099099099,10.387464947837179,204.27522968750043,1684.1222583437743,-9.317879064302659e-54
718.4144144144144,10.133096975499429,203.3505113139989,1664.9927598225102,-1.6143739198020962e-53
718.918918918919,9.880278113367073,202.42789410795504,1645.9904239592256,-3.9648331244542656e-54
719.4234234234234,9.629008660446354,201.5073830875229,1627.11423769963,1.3478024205142132e-54
719.9279279279278,9.379289951495494,200.58898325378334,1608.3631996213364,3.637604488345678e-55
720.4324324324324,9.131124440335137,199.67269960170705,1589.7363200947552,3.462438599526196e-55
720.936936936937,8.884515808885666,198.75853713188633,1571.2326214599823,1.9107517233663793e-55
721.4414414414414,8.639469083574648,197.84650086339292,1552.8511382270317,1.338431855364824e-55
721.9459459459459,8.39599076869816,196.93659584787352,1534.590917300402,1.0177130830613266e-55
722.4504504504505,8.154088999004637,196.02882718532564,1516.4510182362255,7.109539709245537e-56
722.9549549549549,7.913773708241181,195.12320004085532,1498.4305135208483,5.001220067311132e-56
723.4594594594595,7.675056822022154,194.21971966324702,1480.5284888845897,3.4779839491171334e-56
723.9639639639639,7.437952480382268,193.31839140593235,1462.7440436599588,2.3619834750349563e-56
724.4684684684685,7.202477286688933,192.4192207499158,1445.0762911786856,1.6487556506189736e-56
724.9729729729729,6.9686505951199065,191.52221332929895,1427.5243592177467,1.1575131587601055e-56
725.4774774774775,6.736494837388503,190.62737495983254,1410.0873905014623,8.015690447973538e-57
725.981981981982,6.506035898802026,189.73471167085575,1392.7645432664917,5.660172582576778e-57
726.4864864864865,6.277303549078899,188.84422974102566,1375.5549918959723,4.020523552346213e-57
726.990990990991,6.050331938606495,187.95593573868936,1358.457927637471,2.8288624857935303e-57
727.4954954954954,5.825160167809886,187.06983656722858,1341.472559410053,2.0200300033625026e-57
728.0,5.601832950256202,186.1859395165301,1324.5981147195882,1.4516578791020334e-57
728.5045045045044,5.380401371984301,185.30425232121277,1307.83384069238,1.0380403060136934e-57
729.009009009009,5.160923772415942,184.424783226868,1291.1790052482745,7.49182642857095e-58
729.5135135135135,4.943466768849473,183.54754106558343,1274.6328984334714,5.4471765219216036e-58
730.018018018018,4.728106434261618,182.67253534194487,1258.1948339322958,3.954256036140593e-58
730.5225225225225,4.514929667676747,181.79977633177677,1241.8641507959944,2.888333426951217e-58
731.027027027027,4.304035776704848,180.92927519473653,1225.6402154058562,2.1231461773527347e-58
731.5315315315315,4.095538308932873,180.06104410402955,1209.5224237251139,1.5620350790763296e-58
732.036036036036,3.889567145707183,179.19509639450663,1193.510203862058,1.1557260583341526e-58
732.5405405405405,3.686270929755078,178.33144673381764,1177.6030190243687,8.58415664236593e-59
733.0450450450451,3.4858197733514946,177.4701113175141,1161.800370884454,6.397508416358384e-59
733.5495495495495,3.2884083837678095,176.6111080927096,1146.101803443155,4.791633220125797e-59
734.0540540540541,3.0942594466302396,175.75445701392653,1130.506907462001,3.5998228485110565e-59
734.5585585585585,2.9036273779613797,174.9001803328301,1115.0153255305831,2.716229173672203e-59
735.063063063063,2.716802241209579,174.04830292635862,1099.626757874675,2.0572803609273542e-59
735.5675675675675,2.534113717672064,173.19885266169055,1084.34096895432,1.5643543462850496e-59
736.072072072072,2.355934786258056,172.3518607991713,1069.157794964089,1.1940552907864713e-59
736.5765765765766,2.1826847192076833,171.50736242675598,1054.0771522839273,9.149290508314461e-60
737.081081081081,2.0148306404714815,170.6653969167308,1039.099046941425,7.036965790484573e-60
737.5855855855856,1.852886770697553,169.8260083831807,1024.223585011663,5.432783005167295e-60
738.09009009009,1.6974101074212264,168.98924611390547,1009.4509839304942,4.210014033977081e-60
738.5945945945946,1.548991130187491,168.15516493462593,994.7815845462483,3.2746020581516323e-60
739.099099099099,1.408237830534527,167.32382544312333,980.2158634544563,2.5564347619997244e-60
739.6036036036036,1.2757519689194021,166.4952940430836,965.7544450921209,2.0030924448597517e-60
740.1081081081081,1.1520967214289628,165.66964269665135,951.3981128841145,1.5752366041719918e-60
740.6126126126126,1.0377567282796742,164.84694831311643,937.147818362253,1.2432478151173682e-60
741.1171171171171,0.9330933625182417,164.02729170943246,923.0046870850855,9.847477452090241e-61
741.6216216216217,0.838300739945263,163.21075612670165,908.9700200891376,7.827722043564076e-61
742.1261261261261,0.7533700457332003,162.39742534103684,895.0452896337807,6.24420787087903e-61
742.6306306306305,0.6780701277138101,161.58738150678172,881.2321285166327,4.998487405854384e-61
743.1351351351351,0.6119509110268435,160.7807029219823,867.5323126063508,4.015197115533426e-61
743.6396396396397,0.5543714462414866,159.9774619664923,853.9477371331066,3.236455931669883e-61
744.1441441441441,0.5045487747716788,159.1777234421422,840.4803880086652,2.6176668048393295e-61
744.6486486486486,0.4616187812281703,158.38154348246061,827.1323100171477,2.1243590408937235e-61
745.1531531531532,0.4246977817596792,157.58896909351193,813.9055740379131,1.729804933255129e-61
745.6576576576576,0.39293492654930207,156.80003827818132,800.80224536372,1.413216039867652e-61
746.1621621621621,0.3655493890542237,156.01478061353873,787.8243547767039,1.1583735382761095e-61
746.6666666666666,0.3418511221871748,155.23321811511894,774.9738734516195,9.525844455633946e-62
747.1711711711712,0.32124735998831633,154.45536623197577,762.2526921912857,7.858851252412404e-62
747.6756756756756,0.30323908714530895,153.68123484757905,749.6626049945199,6.504308581268065e-62
748.1801801801802,0.2874117034758326,152.91082920771558,737.2052966258203,5.400266746867778e-62
748.6846846846847,0.273423275741736,152.1441507347529,724.8823337020318,4.497662269121175e-62
749.1891891891892,0.2609926213994298,151.3811977190289,712.6951586818001,3.7575167527030035e-62
749.6936936936936,0.2498884521024026,150.62196588851788,700.64508632483,3.1487822768254817e-62
750.1981981981982,0.23992001564746296,149.8664488763418,688.7333020076908,2.646652086504495e-62
750.7027027027027,0.23092937154586335,149.11463859887007,676.9608615856812,2.2312509540254863e-62
751.2072072072071,0.222785103871119,148.36652556189122,665.3286924238239,1.8866093433620234e-62
751.7117117117117,0.21537729212911522,147.62209910829262,653.8375953420575,1.5998606283289462e-62
752.2162162162163,0.20861348772805588,146.88134761931178,642.4882472501112,1.3606092559137383e-62
752.7207207207207,0.20241551271714506,146.14425867843897,631.2812043072986,1.1604334566267377e-62
753.2252252252252,0.19671690050516044,145.41081920570818,620.216905467784,9.924919911588034e-63
753.7297297297297,0.19146084733713484,144.68101556821514,609.2956763056059,8.512126915644344e-63
754.2342342342342,0.18659856281544276,143.95483367158894,598.5177330337332,7.320449471135011e-63
754.7387387387387,0.18208794186724558,143.23225903594994,587.8831866511588,6.312629639404669e-63
755.2432432432432,0.17789248029401242,142.51327685954962,577.3920471615982,5.458082429258567e-63
755.7477477477478,0.17398039215904032,141.79787207219334,567.044227823528,4.731635888864698e-63
756.2522522522522,0.17032388849456506,141.08602938024302,556.8395493976669,4.112523062076694e-63
756.7567567567568,0.16689857732578012,140.377733304912,546.7777443638039,3.5835670705387454e-63
757.2612612612612,0.16368297047146443,139.67296821484476,536.8584610878653,3.1305249337848907e-63
757.7657657657658,0.1606580703729077,138.97171835390353,527.0812679203385,2.741559454268283e-63
758.2702702702702,0.15780702589993528,138.2739678651121,517.4456572149378,2.4068084593245892e-63
758.7747747747748,0.15511484274962142,137.57970081127482,507.95104925738326,2.1180355701617592e-63
759.2792792792793,0.152568138783614,136.88890119277622,498.5967960954762,1.868346779103115e-63
759.7837837837837,0.15015493607622224,136.20155296308263,489.3821852672463,1.6519575414441412e-63
760.2882882882882,0.14786448533913485,135.51764004219604,480.306443421469,1.4640033222846888e-63
760.7927927927929,0.1456871157134716,134.83714632835486,471.36873982427903,1.300385142042225e-63
761.2972972972973,0.14361410382971934,134.1600557083866,462.56818976085447,1.1576403533669813e-63
761.8018018018017,0.14163756400901048,133.48635206673117,453.90385782192595,1.0328373858519469e-63
762.3063063063063,0.13975035169008002,132.81601929335497,445.37476107516284,9.23489517788206e-64
762.8108108108108,0.13794597983797188,132.14904129076325,436.9798721280417,8.274827897363821e-64
763.3153153153153,0.1362185472072581,131.48540198018134,428.7181220778575,7.430162955476702e-64
763.8198198198197,0.13456267511560235,130.82508530703814,420.5884033545104,6.685525454269786e-64
764.3243243243244,0.13297345218909262,130.16807524581364,412.5895724541551,6.027763802675185e-64
764.8288288288288,0.1314463859212783,129.51435580435154,404.72045256851476,5.445605202819974e-64
765.3333333333333,0.12997736006935148,128.86391102769633,396.9798361111452,4.929366590483864e-64
765.8378378378378,0.12856259753603969,128.21672500149137,389.36648713966326,4.470715633442431e-64
766.3423423423424,0.12719862740240648,127.57278185501261,381.8791436805275,4.0624691574879966e-64
766.8468468468468,0.12588225495362845,126.93206576386848,374.51651995412686,3.6984236279217446e-64
767.3513513513514,0.12461053578202264,126.29456095243744,367.27730851679433,3.3732093882128276e-64
767.8558558558559,0.12338075284620366,125.66025169603526,360.16018230938676,3.08216880619257e-64
768.3603603603603,0.12219039569089106,125.02912232282142,353.16379660817654,2.8212561483375347e-64
768.8648648648648,0.1210371419026493,124.40115721550528,346.28679089128565,2.5869519919601942e-64
769.3693693693693,0.11991884039344909,123.77634081288141,339.5277906263041,2.376189384161775e-64
769.8738738738739,0.11883349672805801,123.15465761120525,332.88540897961224,2.1862901686961793e-64
770.3783783783783,0.11777925975372643,122.53609216541538,326.3582484466948,2.0149112584408314e-64
770.8828828828829,0.1167544095263188,121.92062909021612,319.9449024051846,1.8599994528050534e-64
771.3873873873874,0.1157573464065278,121.30825306103826,313.6439565940293,1.719752987022457e-64
771.8918918918919,0.11478658122012622,120.6989488148949,307.4539905249679,1.5925881315392987e-64
772.3963963963963,0.11384072640336351,120.09270115113844,301.3735788250918,1.4771104498856649e-64
772.9009009009009,0.1129184879622613,119.48949493212822,295.4012925132809,1.3720901278751779e-64
773.4054054054054,0.11201865821182239,118.88931508381043,289.53570020807246,1.2764412054270154e-64
773.9099099099099,0.11114010889331026,118.29214659625023,283.7753692954943,1.1892025969107629e-64
774.4144144144144,0.11028178503056103,117.69797452406792,278.11886701520154,1.109522801767777e-64
774.918918918919,0.10944269993894362,117.10678398682334,272.564761496981,1.0366463553368808e-64
775.4234234234234,0.10862192945066186,116.51856016934615,267.11162274197903,9.69902079614645e-65
775.9279279279278,0.10781860812286397,115.93328832201664,261.7580235549084,9.086927684580297e-65
776.4324324324324,0.10703192435075574,115.35095376100588,256.50254042891737,8.52486147085248e-65
776.936936936937,0.10626111610980536,114.7715418684576,251.34375436286908,8.008074570119615e-65
777.4414414414414,0.10550546896875705,114.19503809265595,246.28025166686277,7.532322506290175e-65
777.9459459459459,0.10476431114040533,113.62142794813026,241.31062467996546,7.093809138390997e-65
778.4504504504505,0.10403701102417189,113.05069701578131,236.43347251852924,6.689125352064163e-65
778.9549549549549,0.10332297461404255,112.48283094288603,231.64740166994935,6.315218071721584e-65
779.4594594594594,0.10262164301410388,111.91781544314256,226.95102662417895,5.969345652617613e-65
779.9639639639639,0.10193248975612082,111.35563629669042,222.34297047302692,5.649040472747289e-65
780.4684684684685,0.1012550187471437,110.79627935008534,217.82186544292273,5.352080323107751e-65
780.9729729729729,0.10058876231236383,110.23973051625336,213.38635338757538,5.0764621311583975e-65
781.4774774774775,0.09993327929398803,109.68597577443705,209.0350862684655,4.820377575059607e-65
781.981981981982,0.09928815317349461,109.13500117013913,204.7667266277926,4.58218907505424e-65
782.4864864864865,0.09865299072506889,108.58679281499852,200.5799479476887,4.360417068322976e-65
782.9909909909909,0.09802742039473175,108.04133688669641,196.473435050884,4.15372102462598e-65
783.4954954954954,0.09741109092803978,107.49861962883772,192.44588445852364,3.9608847234134485e-65
784.0,0.09680367002796395,106.95862735082326,188.49600472914628,3.7808028343148036e-65
784.5045045045044,0.09620484324793363,106.42134642767938,184.62251670529207,3.6124724364544747e-65
785.009009009009,0.09561431268270307,105.88676329994661,180.8241538860505,3.4549771276110602e-65
785.5135135135135,0.09503179646370495,105.35486447346167,177.09966256874185,3.307484754927543e-65
786.018018018018,0.094457027123362,104.82563651920825,173.44780213000467,3.1692358550529115e-65
786.5225225225224,0.09388975096635048,104.29906607313958,169.8673452563259,3.039536022323452e-65
787.027027027027,0.09332972793142204,103.77513983595642,166.35707805579756,2.917752470044675e-65
787.5315315315315,0.09277672953870011,103.25384457294318,162.91580030874587,2.8033048363085016e-65
788.036036036036,0.09223053819012209,102.73516711374222,159.54232556412222,2.6956620913374696e-65
788.5405405405405,0.09169094859787613,102.21909435214344,156.23548128490052,2.5943373406764213e-65
789.0450450450451,0.09115776520263319,101.70561324587062,152.99410896234855,2.498883717230449e-65
789.5495495495495,0.09063080099095579,101.19471081635312,149.81706419542425,2.4088912941734854e-65
790.054054054054,0.09010987865100933,100.68637414850917,146.70321679340628,2.323983001994998e-65
790.5585585585586,0.08959482928920014,100.18059039050398,143.65145083618373,2.2438118629332044e-65
791.063063063063,0.08908549212224356,99.67734675352264,140.66066473817554,2.168058032539462e-65
791.5675675675675,0.08858171390251621,99.1766305115238,137.72977127202756,2.0964268117644274e-65
792.072072072072,0.08808334833957442,98.67842900100221,134.85769759822935,2.028646411003788e-65
792.5765765765766,0.08759025595847098,98.18272962073819,132.04338527092057,1.964466000766184e-65
793.081081081081,0.0871023033452629,97.68951983156234,129.2857902814806,1.9036533735188934e-65
793.5855855855855,0.08661936344204073,97.19878715608647,126.58388299336448,1.845994186540092e-65
794.0900900900901,0.0861413146026934,96.71051917847124,123.9366481925189,1.7912894325430582e-65
794.5945945945946,0.08566804066156077,96.22470354415401,121.34308499511484,1.7393551729252026e-65
795.099099099099,0.08519943040753827,95.74132795960368,118.8022068557452,1.6900206097998183e-65
795.6036036036036,0.08473537733323072,95.26038019205865,116.31304150830748,1.6431272899508188e-65
796.1081081081081,0.08427577954748945,94.78184806926483,113.87463089310813,1.598528315740069e-65
796.6126126126126,0.08382053930063467,94.30571947922444,111.4860311493815,1.5560867930967136e-65
797.1171171171171,0.08336956300381868,93.83198236992263,109.14631248430825,1.515675768188296e-65
797.6216216216217,0.08292276080993308,93.36062474907644,106.85455915978375,1.4771767609963599e-65
798.1261261261261,0.08248004652589301,92.89163468386323,104.60986936533278,1.4404796062723426e-65
798.6306306306305,0.08204133736606725,92.42500030066188,102.41135516184445,1.4054814957378988e-65
799.1351351351351,0.08160655377279277,91.96070978478639,100.25814238114002,1.372086512590255e-65
799.6396396396397,0.0811756193046582,91.49875138022011,98.14937051363417,1.3402052619337933e-65
800.1441441441441,0.08074846038186774,91.03911338935427,96.08419264346578,1.3097540231082953e-65
800.6486486486486,0.08032500625073744,90.58178417271756,94.06177529678,1.280654755992e-65
801.1531531531532,0.07990518874160712,90.12675214871544,92.08129837368317,1.2528342955292585e-65
801.6576576576576,0.0794889422057458,89.67400579336145,90.14195500187947,1.22622427130464e-65
802.1621621621621,0.0790762033467993,89.22353364001349,88.24295143970906,1.2007605841917255e-65
802.6666666666666,0.07866691111278427,88.77532427910751,86.38350694822472,1.176383152404598e-65
803.1711711711712,0.07826100660682167,88.32936635789324,84.5628536588733,1.1530356974414194e-65
803.6756756756756,0.07785843293133518,87.88564858016828,82.78023646816956,1.130665293583526e-65
804.1801801801802,0.0774591351529958,87.44415970601418,81.03491288073882,1.1092223603383014e-65
804.6846846846847,0.07706306014900745,87.00488855153148,79.32615290307562,1.0886602217864873e-65
805.1891891891892,0.0766701565643323,86.56782398857678,77.65323888989286,1.0689350634674466e-65
805.6936936936936,0.07628037469756152,86.1329549444984,76.01546542140456,1.050005634107263e-65
806.1981981981982,0.07589366643196549,85.70027040187344,74.4121391607919,1.0318331084573018e-65
806.7027027027027,0.07550998517118374,85.26975939824727,72.84257871203785,1.0143809544988728e-65
807.2072072072071,0.07512928573871701,84.84141102586842,71.30611449017222,9.97614689762417e-66
807.7117117117117,0.07475152435028533,84.41521443143108,69.80208856616656,9.815018634969102e-66
808.2162162162163,0.07437665851323422,83.99115881581125,68.32985453715712,9.660118132883683e-66
808.7207207207207,0.07400464699669683,83.56923343381003,66.88877737347973,9.511156353803423e-66
809.2252252252251,0.07363544975460193,83.14942759389204,65.47823328126559,9.367860131989371e-66
809.7297297297297,0.07326902788005481,82.73173065792783,64.09760955501292,9.229971391241166e-66
810.2342342342342,0.07290534355751069,82.31613204093846,62.746304432408294,9.0972463345222e-66
810.7387387387387,0.07254435999946615,81.90262121083393,61.42372695224479,8.969454056746931e-66
811.2432432432432,0.0721860414356419,81.49118768816317,60.12929680517195,8.846376352818717e-66
811.7477477477478,0.07183035303097202,81.08182104585329,58.86244419178627,8.727806355762475e-66
812.2522522522522,0.07147726085973628,80.67451090896036,57.62260967508759,8.613548316555355e-66
812.7567567567567,0.07112673186840013,80.26924695441214,56.409244036892495,8.503416595460798e-66
813.2612612612612,0.07077873383615042,79.86601891075703,55.22180813201945,8.397235202301175e-66
813.7657657657658,0.07043323535062118,79.46481655791497,54.05977274512267,8.294837276597576e-66
814.2702702702702,0.07009020575806932,79.06562972692079,52.922618444744565,8.196064286721541e-66
814.7747747747748,0.0697496151472432,78.66844829968201,51.80983544255447,8.100765885455184e-66
815.2792792792793,0.0694114343074411,78.27326220872305,50.72092344746909,8.008799095864335e-66
815.7837837837837,0.06907563470866095,77.88006143694352,49.65539152644111,7.920028153700058e-66
816.2882882882882,0.06874218846964096,77.48883601736686,48.61275796083175,7.834323903106947e-66
816.7927927927927,0.0684110683352207,77.09957603289627,47.59255010644547,7.751563505340873e-66
817.2972972972973,0.06808224765477564,76.71227161607227,46.594304255847206,7.671630116988744e-66
817.8018018018017,0.0677557003511126,76.32691294882248,45.61756549440676,7.594412399459266e-66
818.3063063063063,0.06743140090916312,75.94349026222689,44.66188756956942,7.519804420402746e-66
818.8108108108108,0.06710932434531262,75.5619938362683,43.72683274669424,7.447705152664263e-66
819.3153153153153,0.06678944619561591,75.1824139995982,42.81197167988309,7.378018367169289e-66
819.8198198198197,0.06647174249152765,74.80474112929186,41.91688327253727,7.310652256293104e-66
820.3243243243244,0.06615618974480007,74.42896565061157,41.04115454591036,7.245519248504588e-66
820.8288288288288,0.06584276493174313,74.05507803677168,40.18438050902421,7.182535798263802e-66
821.3333333333333,0.06553144547196696,73.68306880869446,39.3461640208732,7.121622084720478e-66
821.8378378378378,0.06522220922010111,73.31292853478367,38.526115670212214,7.062701936729804e-66
822.3423423423424,0.06491503444410052,72.94464783068138,37.72385363707435,7.005702520093923e-66
822.8468468468468,0.06460989981711375,72.57821735904155,36.93900357445307,6.950554264066272e-66
823.3513513513512,0.06430678439996762,72.21362782929191,36.17119847582338,6.897190620075424e-66
823.8558558558559,0.06400566763057251,71.85086999740496,35.420078553717815,6.845547942272036e-66
824.3603603603603,0.06370652931336757,71.48993466567075,34.68529112007466,6.795565358101261e-66
824.8648648648648,0.06340934960196992,71.13081268245693,33.96649045209612,6.747184542294835e-66
825.3693693693693,0.06311410899525376,70.77349494199528,33.263337690828536,6.700349716837143e-66
825.8738738738739,0.06282078831862728,70.41797238413723,32.575500699520305,6.655007377396626e-66
826.3783783783783,0.06252936872612751,70.06423599414622,31.90265397116449,6.6111063340599e-66
826.8828828828829,0.062239831677955666,69.71227680245303,31.244478486775787,6.568597450461512e-66
827.3873873873874,0.06195215893785999,69.36208588445095,30.600661626492396,6.527433680202044e-66
827.8918918918919,0.061666332560849,69.01365436025405,29.970897031297145,6.487569842792921e-66
828.3963963963963,0.0613823348953783,68.66697339449232,29.354884515656092,6.44896264271612e-66
828.9009009009009,0.06110014856181204,68.32203419607369,28.752329933502462,6.411570480767608e-66
829.4054054054054,0.060819756450394835,67.97882801798063,28.162945092664657,6.375353461542253e-66
829.9099099099099,0.06054114171256547,67.63734615703461,27.58644762466587,6.340273231371055e-66
830.4144144144144,0.06026428775596593,67.29757995369384,27.022560901514883,6.306292984553625e-66
830.918918918919,0.059989178233699786,66.959520791821,26.471013909118096,6.273377317399448e-66
831.4234234234234,0.059715797045452754,66.62316009848236,25.931541166074005,6.241492233240909e-66
831.9279279279278,0.05944412832287121,66.28848934371788,25.403882601347423,6.210605014948455e-66
832.4324324324324,0.05917415642932248,65.95550004034142,24.887783474207545,6.18068422292595e-66
832.936936936937,0.05890586595065401,65.6241837437149,24.382994256892786,6.151699588148606e-66
833.4414414414414,0.058639241691428506,65.29453205154827,23.889270555099326,6.123622002369976e-66
833.9459459459459,0.05837426866832829,64.96653660367727,23.40637299603706,6.096423429200354e-66
834.4504504504505,0.05811093210701995,64.64018908186416,22.934067149171863,6.070076889102665e-66
834.9549549549549,0.05784921743484547,64.31548120957933,22.472123419903323,6.044556384908161e-66
835.4594594594594,0.057589110278578354,63.99240475180158,22.020316970258985,6.019836883292455e-66
835.9639639639639,0.05733059645767803,63.670951514804024,21.57842761848278,5.995894252684862e-66
836.4684684684685,0.057073661981458114,63.35111334595463,21.146239759259615,5.972705241240171e-66
836.9729729729729,0.0568182930438322,63.03288213350613,20.723542269584613,5.950247426322707e-66
837.4774774774775,0.05656447601983175,62.71624980639552,20.310128428049584,5.92849918870556e-66
837.981981981982,0.05631219746141363,62.40120833403944,19.905795827366607,5.907439672843497e-66
838.4864864864865,0.05606144409375994,62.08774972613258,19.5103462922803,5.887048757525526e-66
838.9909909909909,0.055812202811726795,61.77586603244756,19.123585799077784,5.867307025857266e-66
839.4954954954954,0.055564460676029825,61.46554934263247,18.74532439172085,5.848195732836397e-66
840.0,0.055318204910305695,61.15679178601631,18.37537610864925,5.829696783927864e-66
840.5045045045044,0.05507342289711485,60.84958553140468,18.013558896734764,5.811792699968654e-66
841.009009009009,0.05483010217567116,60.54392278689046,17.659694545667517,5.794466603336332e-66
841.5135135135135,0.054588230437609325,60.23979579964816,17.313608599343112,5.777702180527231e-66
842.018018018018,0.0543477955253824,59.93719685575056,16.975130298108706,5.761483675042113e-66
842.5225225225224,0.05410878542780235,59.63611827996032,16.644092487443647,5.745795848158372e-66
843.027027027027,0.05387118827893646,59.336552435552406,16.32033156712886,5.73062397675456e-66
843.5315315315315,0.053634992353678114,59.03849172410549,16.003687399443166,5.715953814722144e-66
844.036036036036,0.05340018606679386,58.7419285853271,15.694003262163443,5.701771592445627e-66
844.5405405405405,0.05316675796880411,58.446855496846545,15.39112575930048,5.688063981430767e-66
845.0450450450451,0.05293469674518361,58.153264974043736,15.09490477762168,5.674818094879934e-66
845.5495495495495,0.05270399121197372,57.86114956983807,14.8051933928472,5.662021450209869e-66
846.054054054054,0.052474630315356936,57.570501874526464,14.521847838141127,5.649661976785317e-66
846.5585585585585,0.052246603127550764,57.2813145155706,14.24472740773392,5.637727977791356e-66
847.063063063063,0.0520198988467007,56.99358015743276,13.973694422495406,5.626208134408896e-66
847.5675675675675,0.05179450679353445,56.707291501378634,13.708614153336024,5.615091481991087e-66
848.072072072072,0.051570416408769776,56.42244128529552,13.449354764850574,5.604367398718851e-66
848.5765765765766,0.05134761725152347,56.13902228351562,13.195787263691535,5.594025597723019e-66
849.081081081081,0.051126098997807935,55.85702730662114,12.947785425841456,5.584056105778337e-66
849.5855855855855,0.05090585144030376,55.5764492012802,12.705225760897967,5.5744492634856e-66
850.0900900900901,0.05068686448297185,55.29728085004523,12.467987431195365,5.565195700818368e-66
850.5945945945946,0.05046912814021139,55.0195151711982,12.235952225833081,5.556286341098182e-66
851.099099099099,0.05025263253589969,54.74314511854434,12.009004475867515,5.547712375284691e-66
851.6036036036036,0.05003736790240951,54.46816368126379,11.787031035200513,5.539465268414395e-66
852.1081081081081,0.04982332457658873,54.194563883705186,11.569921195119173,5.531536734365487e-66
852.6126126126126,0.04961049300084803,53.92233878523674,11.357566664722514,5.523918740954989e-66
853.117117117117,0.049398863719714234,53.6514814800496,11.149861497015157,5.516603490815141e-66
853.6216216216217,0.049188427378815215,53.381985096997184,10.946702055479184,5.509583419446981e-66
854.1261261261261,0.04897917472331659,53.11384279941731,10.747986960810854,5.502851185246659e-66
854.6306306306305,0.04877109659638575,52.847047784955926,10.553617040747701,5.496399660439457e-66
855.1351351351351,0.048564183937872006,52.581593285405305,10.363495294418021,5.490221927835376e-66
855.6396396396397,0.048358427782482165,52.31747256651851,10.177526831287517,5.484311267877332e-66
856.1441441441441,0.048153819259246895,52.05467892785837,9.99561884724445,5.478661159207809e-66
856.6486486486485,0.047950349588994474,51.79320570260554,9.817680557500006,5.473265263967586e-66
857.1531531531532,0.0477480100842609,51.533046257415684,9.643623180227609,5.468117430401514e-66
857.6576576576576,0.04754679214682746,51.274193992225065,9.473359866984053,5.463211677799446e-66
858.1621621621621,0.04734668726745231,51.01664234011171,9.306805690549423,5.458542199826896e-66
858.6666666666666,0.0471476870237396,50.760384767101996,9.14387757689719,5.454103350468219e-66
859.1711711711712,0.0469497830796435,50.5054147720293,8.98449428909242,5.449889645599606e-66
859.6756756756756,0.04675296718377415,50.25172588635409,8.828576373519855,5.44589575352251e-66
860.1801801801802,0.046557231168468854,49.99931167400735,8.676046128773429,5.442116491845204e-66
860.6846846846847,0.04636256694866693,49.748165731229115,8.526827569276898,5.438546823003938e-66
861.1891891891892,0.04616896652058318,49.49828168640041,8.380846383195495,5.435181848081384e-66
861.6936936936936,0.04597642196099703,49.249653199893835,8.238029907601488,5.432016805252721e-66
862.1981981981982,0.04578492542544562,49.002273963890545,8.098307072475107,5.42904706023792e-66
862.7027027027027,0.04559446914807504,48.75613770225837,7.9616084004208645,5.426268110546991e-66
863.2072072072071,0.045405045439595615,48.511238170348456,7.827865932830157,5.423675571835199e-66
863.7117117117117,0.04521664668717212,48.26756915487109,7.697013227333293,5.421265181313419e-66
864.2162162162163,0.04502926535327407,48.02512447373206,7.568985319287498,5.419032792625297e-66
864.7207207207207,0.04484289397401355,47.78389797585667,7.443718673100706,5.416974368410927e-66
865.2252252252251,0.0446575251595073,47.54388354107233,7.321151184383656,5.41508598412709e-66
865.7297297297297,0.044473151591511245,47.30507507990873,7.201222110810338,5.413363816563556e-66
866.2342342342342,0.04428976602269513,47.06746653348086,7.08387207345872,5.411804147093197e-66
866.7387387387387,0.04410736127571629,46.831051873319126,6.9690430139653206,5.410403355837091e-66
867.2432432432432,0.04392593024301855,46.59582510121071,6.856678160997038,5.409157917687275e-66
867.7477477477478,0.04374546588805502,46.36178024907402,6.746722022964174,5.408064403415433e-66
868.2522522522522,0.04356596124030931,46.12891137876952,6.639120330451079,5.407119471274706e-66
868.7567567567567,0.04338740939357948,45.89721258198821,6.5338200397844055,5.406319869885405e-66
869.2612612612612,0.043209803507755884,45.666677980074844,6.430769285409868,5.405662431837093e-66
869.7657657657658,0.043033136810106794,45.437301723887145,6.32991736010052,5.405144072238723e-66
870.2702702702702,0.04285740259931107,45.209077993663186,6.231214701531124,5.404761788362625e-66
870.7747747747748,0.04268259423365623,44.9820009988409,6.1346128426343745,5.404512653067357e-66
871.2792792792793,0.04250870512077072,44.75606497795363,6.040064418197813,5.404393817667823e-66
871.7837837837837,0.042335728736943,44.53126419844488,5.947523112585083,5.404402505118523e-66
872.2882882882882,0.04216365862307777,44.307592956546635,5.856943653447997,5.404536010587919e-66
872.7927927927927,0.041992488391433186,44.085045577137095,5.768281790216856,5.404791699589804e-66
873.2972972972973,0.041822211705247365,43.8636164135732,5.681494255209998,5.405167003513525e-66
873.8018018018017,0.04165282227888482,43.643299847585666,5.596538767741575,5.405659421538222e-66
874.3063063063063,0.041484313894350366,43.424090289094764,5.513373984615359,5.406266514687731e-66
874.8108108108108,0.04131668038802423,43.20598217610044,5.431959500018484,5.406985907027132e-66
875.3153153153153,0.04114991565237064,42.98896997453274,5.352255819378295,5.407815283127378e-66
875.8198198198197,0.04098401363541832,42.77304817809784,5.274224330331257,5.408752385133531e-66
876.3243243243243,0.040818968346197686,42.558211308169625,5.197827302830506,5.409795013815421e-66
876.8288288288288,0.0406547738447878,42.34445391361236,5.12302784548993,5.41094102374304e-66
877.3333333333333,0.04049142424629919,42.1317705706765,5.049789907905418,5.412188324513314e-66
877.8378378378378,0.040328913719865654,41.9201558828438,4.978078251512727,5.413534877900882e-66
878.3423423423424,0.0401672364881125,41.70960448068834,4.907858429974346,5.414978696216745e-66
878.8468468468468,0.04000638682484259,41.5001110217622,4.839096784429738,5.416517842509318e-66
879.3513513513512,0.03984635905631752,41.29167019042616,4.771760406417335,5.418150426813261e-66
879.8558558558558,0.039687147560453315,41.08427669775124,4.70581714166197,5.41987460730915e-66
880.3603603603603,0.03952874676531275,40.87792528135748,4.641235558034571,5.421688587240001e-66
880.8648648648648,0.03937115114909532,40.67261070529102,4.57798493519894,5.423590614353938e-66
881.3693693693693,0.03921435524013077,40.468327759902365,4.516035254756569,5.425578980394854e-66
881.8738738738739,0.039058353615227574,40.26507126168675,4.455357169580129,5.427652018243752e-66
882.3783783783783,0.038903140899703696,40.062836053190665,4.395922008896935,5.429808103027692e-66
882.8828828828828,0.038748711766795216,39.86161700284278,4.337701743216332,5.432045648838599e-66
883.3873873873874,0.03859506093702143,39.66140900484941,4.2806689830069455,5.434363109091014e-66
883.8918918918919,0.03844218317763903,39.462206979063694,4.224796963529092,5.436758975392168e-66
884.3963963963963,0.03829007330207078,39.26400587083725,4.170059521234531,5.439231775538894e-66
884.9009009009009,0.03813872616977084,39.06680065092532,4.11643109645137,5.441780074215852e-66
885.4054054054054,0.03798813668508711,38.870586315322186,4.063886701872613,5.444402470223983e-66
885.9099099099099,0.037838299797291454,38.675357885163244,4.012401923457303,5.447097596955257e-66
886.4144144144143,0.037689210499925095,38.48111040658906,3.961952903047719,5.449864121051466e-66
886.918918918919,0.037540863830132803,38.28783895060998,3.9125163211983898,5.452700741086152e-66
887.4234234234234,0.03739325486848205,38.09553861300727,3.8640693968244193,5.455606187862058e-66
887.9279279279278,0.03724637873817373,37.90420451417461,3.8165898599498913,5.458579222153919e-66
888.4324324324324,0.03710023060482925,37.713831799025826,3.7700559538593943,5.461618635207482e-66
888.936936936937,0.036954805675867904,37.52441563685391,3.724446415791491,5.464723247248716e-66
889.4414414414414,0.036810099200061154,37.3359512212091,3.67974046597651,5.467891906755298e-66
889.9459459459459,0.03666610646726043,37.14843376979432,3.635917804023259,5.471123490389287e-66
890.4504504504505,0.03652282280762384,36.96185852431483,3.592958585958028,5.474416901204562e-66
890.9549549549549,0.036380243591558885,36.776220750390564,3.550843427305224,5.477771069146802e-66
891.4594594594594,0.036238364228978096,36.5915157374089,3.509553381868595,5.481184949437905e-66
891.9639639639639,0.036097180169009556,36.40773879841813,3.4690699367917914,5.484657522361261e-66
892.4684684684685,0.03595668689964407,36.22488527001585,3.4293750055214076,5.488187792864504e-66
892.9729729729729,0.03581687994709441,36.0429505122073,3.3904509091980835,5.491774789189429e-66
893.4774774774775,0.035677754875693864,35.861929908321265,3.3522803800219125,5.495417563329072e-66
893.981981981982,0.03553930728716826,35.68181886485802,3.3148465389052735,5.499115189367935e-66
894.4864864864865,0.0354015328204597,35.50261281139739,3.2781328955795526,5.502866763653878e-66
894.9909909909909,0.03526442715129658,35.32430720047903,3.24212333842818,5.506671404134809e-66
895.4954954954954,0.03512798599166153,35.146897507472,3.2068021204790473,5.510528249391011e-66
896.0,0.03499220508966518,34.97037923048844,3.1721538608894444,5.514436458891472e-66
896.5045045045044,0.03485708022886569,34.79474789023636,3.1381635253965747,5.518395211602476e-66
897.009009009009,0.03472260722815556,34.61999902993268,3.1048164273479393,5.522403706193327e-66
897.5135135135135,0.03458878194128898,34.446128215179876,3.0720982163109856,5.52646116028466e-66
898.018018018018,0.03445560025643431,34.273131033846724,3.0399948681835567,5.530566809811804e-66
898.5225225225224,0.03432305809596478,34.10100309597788,3.008492684627602,5.534719909090766e-66
899.027027027027,0.03419115141592648,33.92974003365303,2.9775782763333543,5.538919729674087e-66
899.5315315315315,0.03405987620590024,33.75933750090481,2.9472385647587984,5.543165560577435e-66
900.036036036036,0.03392922848848852,33.58979117359025,2.9174607695108943,5.54745670744895e-66
900.5405405405405,0.03379920431900351,33.42109674928421,2.888232402445536,5.551792492228433e-66
901.0450450450451,0.033669799785255826,33.253249947183974,2.8595412649361376,5.556172253034801e-66
901.5495495495495,0.033541011006995684,33.08624650797528,2.8313754339381747,5.560595343250053e-66
902.054054054054,0.033412834135816985,32.920082193754475,2.8037232642470555,5.565061131754479e-66
902.5585585585585,0.03328526535464031,32.75475278789438,2.7765733746709156,5.569569002026848e-66
903.063063063063,0.03315830087749404,32.59025409495198,2.749914645965508,5.574118352068467e-66
903.5675675675675,0.03303193694922516,32.42658194056578,2.7237362158698772,5.578708594123982e-66
904.072072072072,0.03290616984503713,32.263732171330574,2.698027468059105,5.583339153982803e-66
904.5765765765766,0.03278099587040954,32.10170065472155,2.6727780341311402,5.588009471173266e-66
905.081081081081,0.03265641136054368,31.940483278957913,2.6479777798535227,5.59271899808556e-66
905.5855855855855,0.03253241268025132,31.780075952923,2.623616805911417,5.597467200075094e-66
906.09009009009,0.03240899622359857,31.62047460605293,2.599685440672996,5.602253555028399e-66
906.5945945945946,0.03228615841349871,31.46167518821879,2.576174231296054,5.607077552819547e-66
907.099099099099,0.03216389570163022,31.303673669658068,2.5530739469326993,5.611938695567314e-66
907.6036036036036,0.03204220456793254,31.146466040834976,2.5303755648022834,5.616836496762731e-66
908.1081081081081,0.03192108152042113,30.99004831235459,2.508070269001375,5.621770481233918e-66
908.6126126126126,0.03180052309515609,30.83441651488378,2.4861494509284165,5.626740185212687e-66
909.117117117117,0.03168052585548142,30.679566699004685,2.4646046940019817,5.631745155382453e-66
909.6216216216216,0.03156108639204229,30.5254949351508,2.443427777408954,5.63678494915755e-66
910.1261261261261,0.031442201322428774,30.372197313504934,2.42261067104742,5.641859134392663e-66
910.6306306306305,0.03132386729089024,30.219669943872542,2.402145525154348,5.646967288755193e-66
911.1351351351351,0.031206080968417888,30.067908955620123,2.3820246740171913,5.652108999990446e-66
911.6396396396397,0.03108883905212042,29.916910497551438,2.362240626413766,5.657283865350029e-66
912.1441441441441,0.030972138264955415,29.766670737809793,2.342786061556433,5.662491491365707e-66
912.6486486486485,0.03085597535517131,29.61718586381062,2.3236538310964865,5.667731493998484e-66
913.1531531531532,0.03074034709665909,29.468452082100033,2.3048369463679736,5.673003497874778e-66
913.6576576576576,0.030625250288594568,29.320465618289266,2.2863285805779245,5.67830713644494e-66
914.1621621621621,0.03051068175589498,29.173222716963313,2.268122065982269,5.683642051831581e-66
914.6666666666666,0.030396638347509476,29.026719641553537,2.2502108840874033,5.689007894252023e-66
915.1711711711712,0.03028311693613625,28.88095267427799,2.2325886687110463,5.694404322225284e-66
915.6756756756756,0.030170114418292752,28.735918116031428,2.215249199637564,5.699831002206647e-66
916.1801801801801,0.030057627714728537,28.59161228627942,2.198186397050731,5.705287608269919e-66
916.6846846846847,0.02994565377336394,28.44803152300144,2.1813943246802134,5.710773822313272e-66
917.1891891891892,0.02983418956339262,28.305172182554344,2.1648671789370737,5.716289333426103e-66
917.6936936936936,0.029723232077348002,28.16303063960421,2.148599290010135,5.721833837970118e-66
918.1981981981982,0.029612778325249035,28.021603287046073,2.132585120652903,5.727407039520809e-66
918.7027027027027,0.029502825343757068,27.880886535876538,2.1168192572526774,5.733008648354393e-66
919.2072072072071,0.02939337019569907,27.740876815134598,2.1012964120772666,5.738638381592717e-66
919.7117117117117,0.029284409971861745,27.60157057180429,2.0860114193282175,5.744295962983988e-66
920.2162162162163,0.029175941780962427,27.46296427070499,2.0709592292170513,5.74998112256857e-66
920.7207207207207,0.029067962736062665,27.32505439443585,2.0561349104840247,5.755693596836126e-66
921.2252252252251,0.028960469978161374,27.187837443256054,2.041533643115833,5.761433128313812e-66
921.7297297297297,0.028853460670850744,27.05130993500458,2.0271507169847793,5.767199465497437e-66
922.2342342342342,0.02874693203746721,26.91546840503399,2.0129815325003606,5.772992362897652e-66
922.7387387387387,0.02864088129455685,26.780309406083013,1.999021592415447,5.778811580578384e-66
923.2432432432432,0.02853530567807415,26.6458295082184,1.9852665035738666,5.784656884265391e-66
923.7477477477478,0.028430202414744185,26.512025298748533,1.9717119745595633,5.790528045219685e-66
924.2522522522522,0.028325568778488727,26.378893382110792,1.9583538097993851,5.796424839908649e-66
924.7567567567567,0.028221402072543113,26.246430379817582,1.9451879116156998,5.802347050129469e-66
925.2612612612612,0.028117699617472673,26.114632930351217,1.9322102754398236,5.808294462744969e-66
925.7657657657658,0.028014458746094578,25.983497689074426,1.9194169870742428,5.814266869535245e-66
926.2702702702702,0.02791167681401663,25.85302132817513,1.9068042243095833,5.82026406729339e-66
926.7747747747748,0.027809351201014333,25.723200536540833,1.8943682497330967,5.826285857428172e-66
927.2792792792793,0.027707479304266397,25.59403201970122,1.882105411961993,5.832332046037764e-66
927.7837837837837,0.02760605853075313,25.465512499750538,1.8700121443518911,5.838402443842142e-66
928.2882882882882,0.027505086314746643,25.337638715234327,1.858084959500545,5.844496865881238e-66
928.7927927927927,0.02740456010849253,25.21040742109675,1.8463204508648108,5.850615131609145e-66
929.2972972972973,0.02730447738355884,25.083815388587677,1.8347152896912151,5.856757064727649e-66
929.8018018018017,0.027204835627009413,24.957859405167326,1.8232662216881212,5.862922493005608e-66
930.3063063063063,0.027105632348690057,24.83253627445994,1.8119700691437193,5.869111248399083e-66
930.8108108108108,0.02700686507434684,24.70784281612929,1.8008237244870966,5.875323166699948e-66
931.3153153153153,0.026908531348666786,24.5837758658167,1.7898241506428734,5.881558087558432e-66
931.8198198198197,0.026810628730962356,24.460332275088316,1.7789683822075335,5.887815854549671e-66
932.3243243243243,0.026713154800485944,24.337508911306237,1.7682535188111017,5.894096314813192e-66
932.8288288288288,0.026616107153519305,24.215302657568966,1.7576767255982082,5.900399319081549e-66
933.3333333333333,0.02651948340860929,24.09371041266347,1.7472352347836075,5.906724721767134e-66
933.8378378378378,0.026423281199295177,23.972729090937545,1.7369263393223726,5.91307238061929e-66
934.3423423423424,0.026327498177049744,23.852355622237635,1.7267473930369701,5.919442156733276e-66
934.8468468468468,0.02623213200004037,23.73258695186181,1.7166958120923588,5.925833914631923e-66
935.3513513513512,0.026137180347243105,23.613420040440126,1.7067690696793583,5.932247521978941e-66
935.8558558558558,0.026042640913478472,23.49485186386699,1.6969646955342599,5.938682849554462e-66
936.3603603603603,0.025948511428026507,23.376879413254343,1.687280277242985,5.945139771326539e-66
936.8648648648648,0.025854789630876732,23.259499694820235,1.6777134558802365,5.951618164217226e-66
937.3693693693693,0.025761473277641604,23.1427097298162,1.6682619250489976,5.958117908051923e-66
937.8738738738739,0.025668560109288845,23.0265065544821,1.6589234321503863,5.964638885628269e-66
938.3783783783783,0.025576047888440992,22.910887219940147,1.6496957746467145,5.971180982516489e-66
938.8828828828828,0.02548393439728724,22.795848792118665,1.6405767987724493,5.977744086990985e-66
939.3873873873873,0.02539221748047094,22.68138835170899,1.631564400876942,5.984328090102549e-66
939.8918918918919,0.025300894994397253,22.567502994064345,1.622656524148404,5.990932885503849e-66
940.3963963963963,0.02520996479786458,22.45418982912014,1.6138511570501293,5.997558369366365e-66
940.9009009009009,0.025119424721954654,22.34144598135305,1.6051463347389143,6.004204440456797e-66
941.4054054054054,0.025029272612432728,22.229268589684633,1.596540136222082,6.010870999985455e-66
941.9099099099099,0.024939506355006136,22.117654807398182,1.5880306825570867,6.017557951510424e-66
942.4144144144143,0.024850123861896056,22.006601802099187,1.5796161382336749,6.024265201011585e-66
942.918918918919,0.024761123061513172,21.896106755623922,1.5712947087909122,6.030992656764013e-66
943.4234234234234,0.024672501874684283,21.786166863954023,1.563064638869463,6.037740229234657e-66
943.9279279279278,0.024584258241190093,21.67677933717738,1.554924213482389,6.044507831149174e-66
944.4324324324324,0.024496390113393367,21.567941399401665,1.5468717560396132,6.051295377387457e-66
944.936936936937,0.024408895462170777,21.459650288666406,1.5389056263103453,6.058102784876141e-66
945.4414414414414,0.024321772292428892,21.351903256905224,1.531024221640944,6.064929972652534e-66
945.9459459459458,0.02423501863805834,21.244697569863536,1.5232259753012025,6.071776861777085e-66
946.4504504504505,0.02414863253587835,21.13803050700816,1.5155093543320934,6.078643375219153e-66
946.9549549549549,0.024062611998713426,21.031899361491252,1.507872860759367,6.085529437921224e-66
947.4594594594594,0.023976955015128528,20.926301440071807,1.5003150302142079,6.092434976725769e-66
947.9639639639639,0.023891659634204306,20.82123406302318,1.4928344297161817,6.099359920257883e-66
948.4684684684685,0.023806723931625258,20.71669456409796,1.4854296588531684,6.106304198987497e-66
948.9729729729729,0.023722146035360978,20.612680290453564,1.4780993486492633,6.113267745169375e-66
949.4774774774775,0.02363792402706375,20.509188602558112,1.4708421593120986,6.120250492723744e-66
949.981981981982,0.023554056021182043,20.406216874156126,1.4636567813533774,6.127252377295064e-66
950.4864864864865,0.023470540138344577,20.30376249219796,1.4565419346667947,6.134273336202935e-66
950.9909909909909,0.02338737453292581,20.201822856743913,1.449496366306121,6.141313308325344e-66
951.4954954954954,0.02330455735408331,20.100395380930888,1.4425188515148282,6.148372234151464e-66
952.0,0.023222086741653384,19.999477490905363,1.4356081929909492,6.155450055742337e-66
952.5045045045044,0.023139960870992876,19.899066625726327,1.4287632187009145,6.162546716616904e-66
953.009009009009,0.02305817792264343,19.799160237332547,1.42198278285941,6.169662161802218e-66
953.5135135135135,0.02297673609898806,19.699755790478957,1.4152657653746896,6.176796337804398e-66
954.018018018018,0.02289563359578032,19.600850762638473,1.4086110696255438,6.183949192490245e-66
954.5225225225224,0.022814868634172182,19.50244264397007,1.402017623436012,6.191120675138881e-66
955.027027027027,0.022734439468674265,19.40452893725815,1.39548437863782,6.198310736418066e-66
955.5315315315315,0.02265434434709111,19.30710715781363,1.389010308915347,6.205519328270526e-66
956.036036036036,0.022574581531909117,19.21017483344271,1.3825944107035248,6.21274640396046e-66
956.5405405405405,0.022495149273442403,19.113729504389173,1.3762357028646826,6.219991918055785e-66
957.0450450450451,0.022416045861586912,19.017768723234667,1.3699332246077096,6.227255826319189e-66
957.5495495495495,0.022337269588016267,18.922290054869443,1.36368603636825,6.23453808575312e-66
958.054054054054,0.022258818758823146,18.82729107643772,1.3574932196037144,6.241838654588408e-66
958.5585585585585,0.022180691684516723,18.73276937723075,1.3513538744986546,6.249157492163955e-66
959.063063063063,0.022102886687069265,18.638722558657552,1.3452671207872071,6.25649455896888e-66
959.5675675675675,0.022025402112524434,18.54514823421659,1.3392320985372526,6.263849816682937e-66
960.072072072072,0.021948236305193203,18.452044029358465,1.3332479647773807,6.27122322799952e-66
960.5765765765766,0.02187138762419665,18.359407581472297,1.3273138948539684,6.278614756695997e-66
961.081081081081,0.02179485443843432,18.267236539839075,1.3214290824880188,6.286024367636177e-66
961.5855855855855,0.02171863512755959,18.17552856555083,1.3155927385936406,6.293452026707808e-66
962.09009009009,0.021642728083036654,18.0842813314319,1.309804090173249,6.300897700764074e-66
962.5945945945946,0.021567131707482,17.993492522012833,1.3040623811164902,6.308361357664903e-66
963.099099099099,0.02149184441764773,17.903159833484633,1.2983668722450232,6.315842966278687e-66
963.6036036036036,0.02141686463782189,17.813280973579136,1.292716838865345,6.323342496353587e-66
964.1081081081081,0.021342190804888556,17.723853661554372,1.2871115718871917,6.330859918575471e-66
964.6126126126126,0.021267821349042867,17.634875628163154,1.2815503782723425,6.338395204590648e-66
965.117117117117,0.02119375472401139,17.54634461552658,1.2760325785310072,6.345948326874484e-66
965.6216216216216,0.021119989388032643,17.458258377116316,1.2705575076259752,6.353519258777957e-66
966.1261261261261,0.021046523822846525,17.370614677709867,1.2651245149921022,6.361107974528043e-66
966.6306306306305,0.020973356523787127,17.28341129331769,1.2597329637377226,6.368714449185353e-66
967.1351351351351,0.020900485985557965,17.19664601110643,1.254382229731686,6.376338658595785e-66
967.6396396396397,0.02082791071191109,17.110316629374665,1.2490717022253066,6.383980579422384e-66
968.1441441441441,0.02075562918685273,17.024420957513005,1.2438007839902727,6.391640189151911e-66
968.6486486486485,0.020683639940886164,16.938956815875883,1.2385688889933877,6.399317465972697e-66
969.1531531531531,0.020611941498304732,16.853922035780183,1.2333754436248427,6.407012388838191e-66
969.6576576576576,0.020540532403359523,16.769314459461764,1.2282198867175993,6.414724937467653e-66
970.1621621621621,0.020469411216224767,16.685131940010365,1.2231016689980063,6.422455092316714e-66
970.6666666666666,0.020398576489848875,16.601372341263044,1.2180202514167333,6.430202834488962e-66
971.1711711711712,0.020328026794421198,16.518033537800942,1.2129751062689538,6.437968145794445e-66
971.6756756756756,0.020257760712536453,16.435113414928395,1.2079657177480445,6.445751008778029e-66
972.1801801801801,0.02018777683649939,16.3526098685494,1.2029915799413042,6.453551406613743e-66
972.6846846846847,0.020118073768978624,16.270520805124757,1.1980521968559594,6.461369323105572e-66
973.1891891891892,0.020048650124100308,16.188844141639844,1.1931470827116482,6.469204742702207e-66
973.6936936936936,0.019979504469796527,16.107577805609697,1.1882757630390852,6.477057650554425e-66
974.1981981981982,0.019910635436118474,16.026719734892403,1.1834377713482434,6.484928032339182e-66
974.7027027027027,0.01984204163909987,15.946267877727012,1.1786326510036278,6.492815874357818e-66
975.2072072072071,0.019773721719858306,15.8662201926681,1.1738599546777044,6.500721163506595e-66
975.7117117117116,0.01970567442234186,15.78657464856857,1.1691192448587755,6.508643887302326e-66
976.2162162162163,0.019637898393594463,15.707329224431678,1.1644100916481646,6.516584033767425e-66
976.7207207207207,0.019570392339409836,15.628481909431152,1.1597320740377086,6.52454159149543e-66
977.2252252252251,0.01950315476881606,15.55003070284461,1.1550847793796828,6.532516549622604e-66
977.7297297297297,0.019436184068636234,15.471973614031628,1.1504678037948668,6.540508897849005e-66
978.2342342342342,0.0193694796064775,15.39430866234782,1.1458807513529259,6.54851862639767e-66
978.7387387387387,0.01930303973446567,15.317033877423782,1.1413232339821666,6.556545726008834e-66
979.2432432432432,0.01923686312079388,15.240147299093426,1.1367948715056857,6.564590187941687e-66
979.7477477477478,0.019170948552273,15.163646976137064,1.132295290556355,6.572652003905207e-66
980.2522522522522,0.019105294762625718,15.087530966974429,1.127824124982858,6.580731166086674e-66
980.7567567567567,0.019039900466384558,15.011797342198193,1.1233810175638326,6.588827667267454e-66
981.2612612612612,0.01897476439458213,14.936444178248532,1.1189656152603555,6.596941500508648e-66
981.7657657657658,0.018909885293011915,14.861469562874609,1.1145775731070913,6.605072659411752e-66
982.2702702702702,0.018845261917505973,14.78687159471209,1.1102165537142645,6.613221138088207e-66
982.7747747747748,0.018780893028343584,14.712648379872004,1.1058822247603137,6.621386930992455e-66
983.2792792792793,0.018716777393691816,14.638798034299171,1.1015742605631473,6.629570033028745e-66
983.7837837837837,0.018652913789259963,14.565318684203387,1.0972923422407965,6.637770439563983e-66
984.2882882882882,0.0185893009959313,14.49220846061357,1.0930361540076774,6.645988146177545e-66
984.7927927927927,0.01852593780889821,14.41946551065195,1.0888053904891986,6.654223149161521e-66
985.2972972972973,0.0184628230285782,14.347087990829275,1.0845997524423225,6.662475445225918e-66
985.8018018018017,0.018399955459242938,14.275074064262165,1.0804189441410141,6.670745031332883e-66
986.3063063063063,0.018337333915785903,14.20342190683841,1.0762626782170635,6.679031905015153e-66
986.8108108108108,0.018274957214611354,14.132129698869225,1.072130669151594,6.687336063947632e-66
987.3153153153153,0.01821282418224074,14.061195632630358,1.0680226389468057,6.695657506322564e-66
987.8198198198197,0.018150933650352124,13.990617907175196,1.0639383129076962,6.703996230574268e-66
988.3243243243243,0.01808928446200495,13.920394731663134,1.0598774223742373,6.712352235558866e-66
988.8288288288288,0.0180278754709322,13.850524324126452,1.0558397034297127,6.720725520472863e-66
989.3333333333333,0.017966705533346075,13.78100491098765,1.0518248971175084,6.729116084858589e-66
989.8378378378378,0.017905773509586678,13.711834728727368,1.047832749217782,6.737523928611842e-66
990.3423423423424,0.01784507827153134,13.643012022009554,1.0438630107253972,6.74594905198541e-66
990.8468468468468,0.017784618691950187,13.57453504454113,1.0399154365080348,6.754391455528474e-66
991.3513513513512,0.017724393650763188,13.506402059037411,1.03598978642208,6.762851140144815e-66
991.8558558558558,0.01766440203697015,13.438611336961314,1.0320858248604923,6.771328107066216e-66
992.3603603603603,0.01760464274941469,13.37116115798147,1.0282033194632298,6.779822357778768e-66
992.8648648648648,0.017545114689895426,13.304049811222471,1.0243420435392605,6.788333894163754e-66
993.3693693693693,0.017485816769576886,13.237275593425231,1.0205017727511043,6.79686271830385e-66
993.8738738738739,0.017426747905989318,13.170836810680244,1.0166822881709272,6.805408832661901e-66
994.3783783783783,0.01736790701942372,13.104731777151953,1.0128833739441263,6.813972239944942e-66
994.8828828828828,0.017309293034940054,13.038958815423637,1.009104817942307,6.822552943142067e-66
995.3873873873873,0.017250904887686092,12.973516256951486,1.0053464126772005,6.83115094557705e-66
995.8918918918919,0.017192741518051474,12.908402441406757,1.001607953973869,6.839766250832046e-66
996.3963963963963,0.017134801884050494,12.843615716660176,0.9978892407747231,6.848398862737986e-66
996.9009009009009,0.017077084938946413,12.779154438903674,0.9941900757744833,6.857048785407369e-66
997.4054054054054,0.017019589647507667,12.715016972417844,0.9905102646938747,6.865716023195033e-66
997.9099099099099,0.016962314958277776,12.65120169019948,0.9868496174572952,6.874400580766138e-66
998.4144144144143,0.016905259832537,12.587706973063359,0.9832079465932025,6.883102463002962e-66
998.9189189189188,0.01684842324036965,12.524531209673139,0.9795850672798416,6.891821675007611e-66
999.4234234234234,0.016791804172106996,12.461672797043393,0.975980798301096,6.900558222157319e-66
999.9279279279278,0.016735401677622434,12.399130140764822,0.9723949625545993,6.909312110133352e-66
1000.4324324324324,0.016679214755978212,12.336901653678803,0.968827384331736,6.918083344764898e-66
1000.936936936937,0.016623242445059125,12.27498575685102,0.9652778913319691,6.926871932144582e-66
1001.4414414414414,0.016567483455924265,12.213380879423477,0.9617463144134698,6.93567787861268e-66
1001.9459459459458,0.016511937083221077,12.15208545857213,0.9582324876648943,6.944501190764227e-66
1002.4504504504505,0.01645660233012169,12.091097939194965,0.9547362475254796,6.953341875398032e-66
1002.9549549549549,0.016401478151847726,12.030416774410263,0.9512574331869066,6.962199939540711e-66
1003.4594594594594,0.016346563582514448,11.970040425303784,0.947795886520015,6.971075390441378e-66
1003.9639639639639,0.016291857674181547,11.909967359620127,0.9443514516196042,6.979968235534887e-66
1004.4684684684685,0.01623735947731854,11.85019605267271,0.9409239750678138,6.988878482465006e-66
1004.9729729729729,0.01618306803311988,11.790724990993295,0.9375133070475696,6.997806139180351e-66
1005.4774774774774,0.01612898238804879,11.731552661977151,0.934119298000045,7.006751213651992e-66
1005.981981981982,0.016075101605003955,11.672677569437827,0.9307418035050439,7.01571371429067e-66
1006.4864864864865,0.016021424741827998,11.614098212763555,0.9273806777120581,7.024693649386348e-66
1006.9909909909909,0.0159679508713378,11.555813109192817,0.9240357802792142,7.033691027703061e-66
1007.4954954954954,0.01591467906729362,11.497820779738166,0.9207069718939567,7.042705858098091e-66
1008.0,0.01586160840578673,11.44011974788343,0.9173941140101349,7.05173814949455e-66
1008.0,840.0158616087399,11.440119747882665,0.9173941140101353,7.05173814949455e-66
1008.5045045045046,823.8027674427432,19.711898198364807,14.582483715069358,7.052633674582021e-66
1009.009009009009,816.3380816856649,27.86635697626234,54.41994771354992,7.005838355041665e-66
1009.5135135135135,808.9438198501366,35.90500533832838,118.74337843389152,6.868285182420891e-66
1010.018018018018,801.6192988167891,43.829131430104255,205.94152104305755,6.605755004308659e-66
1010.5225225225225,794.3638421251427,51.640010072828275,314.4753943159982,6.198135669131199e-66
1011.027027027027,787.1767799085345,59.338902897414414,442.87550495007036,5.644262588593911e-66
1011.5315315315315,780.057448829865,66.9270584767073,589.7391706003473,4.964291016566815e-66
1012.0360360360361,773.0051920178644,74.40571245667371,753.7279288694166,4.198210350840919e-66
1012.5405405405405,766.0193590040137,81.776087686206,933.565045035286,3.399595848805892e-66
1013.0450450450451,759.0993056600935,89.03939434562577,1128.0331073519255,2.625944150983835e-66
1013.5495495495495,752.2443941363505,96.19683007389683,1335.9717099235588,1.9280282358350299e-66
1014.0540540540541,745.4539928001942,103.24958009472601,1556.2752103027171,1.3413873868612067e-66
1014.5585585585585,738.7274761755765,110.198817341252,1787.8905765812306,8.818176220912631e-67
1015.063063063063,732.0642248829398,117.04570257952582,2029.815311571982,5.463356279658783e-67
1015.5675675675676,725.4636255797395,123.791384530812,2281.095447823155,3.181554557301638e-67
1016.072072072072,718.9250709015462,130.4369999926776,2540.8236153628495,1.7352517178418652e-67
1016.5765765765766,712.4479594036935,136.9836739589239,2808.137177769509,8.834710230479427e-68
1017.081081081081,706.0316955035615,143.432519738221,3082.2164408764033,4.18633935124448e-68
1017.5855855855856,699.6756894233908,149.78463907160702,3362.2829255191855,1.8301974451458908e-68
1018.0900900900901,693.3793571336554,156.04112224884489,3647.597700534087,7.300163829467271e-69
1018.5945945945946,687.142120297004,162.203048223579,3937.459779810656,2.565191876052831e-69
1019.0990990990991,680.9634062126612,168.2714847275302,4231.204568776938,7.590652046357989e-70
1019.6036036036036,674.8426477614762,174.24748838335793,4528.20237736261,2.5245928605591502e-70
1020.1081081081081,668.7792833514824,180.13210481643495,4827.85698728382,2.1929925694638345e-70
1020.6126126126126,662.7727568639926,185.92636876552484,5129.604270174013,3.072125904715827e-70
1021.1171171171171,656.8225176001845,191.63130419241796,5432.9108548722215,2.4546287462385894e-70
1021.6216216216217,650.9280202282622,197.24792439038384,5737.272847506366,5.882146368174781e-70
1022.1261261261261,645.0887247310233,202.77723209176852,6042.214589854584,2.0691555650232463e-69
1022.6306306306307,639.3040963540417,208.22021957430346,6347.287473652364,-5.887457280592662e-69
1023.1351351351351,633.5736055543533,213.5778687663834,6652.068797710091,2.8095472741671226e-68
1023.6396396396397,627.8967279496122,218.85115135133924,6956.16066669389,-1.1087539336033436e-67
1024.144144144144,622.272944267759,224.04102887067413,7259.188930085086,4.306281768033386e-67
1024.6486486486488,616.7017402971499,229.14845282630037,7560.802161132743,-1.4364546587721036e-66
1025.1531531531532,611.1826068371869,234.17436478177663,7860.670672226409,3.661365679140588e-66
1025.6576576576576,605.7150396494144,239.11969646252945,8158.4855695498045,-8.095401016556656e-66
1026.162162162162,600.2985394091594,243.9853698549742,8453.957846337944,-6.3250809938298005e-65
1026.6666666666667,594.9326116576166,248.77229730469298,8746.817509283264,-3.4777321063657135e-65
1027.1711711711712,589.6167667543093,253.48138161384327,9036.812731083524,5.47184519253759e-66
1027.6756756756756,584.3505198301187,258.1135161373619,9323.709043660248,2.6741898621009954e-65
1028.1801801801803,579.1333907407239,262.6695848783256,9607.288557706475,3.266480229693274e-65
1028.6846846846847,573.964904020413,267.1504625825534,9887.349206908937,2.813853665399147e-65
1029.1891891891892,568.8445888366945,271.5570148315082,10163.70404632294,-3.919604358434198e-65
1029.6936936936936,563.771978944952,275.8900981351333,10436.180549090988,3.4176766136841705e-65
1030.1981981981983,558.7466126437374,280.1505600233603,10704.6199437904,-4.956154625627887e-65
1030.7027027027027,553.7680327302862,284.3392391371437,10968.876564681208,-7.834596894154926e-65
1031.2072072072071,548.8357864568096,288.4569653178679,11228.817248636527,3.838392076310281e-64
1031.7117117117118,543.94942548702,292.5045596963161,11484.32074219608,-1.0050900737326435e-63
1032.2162162162163,539.1085058530686,296.48283478070334,11735.2771334058,1.8318466525782044e-63
1032.7207207207207,534.3125879130293,300.39259454366083,11981.587311136722,-2.3170054603727007e-63
1033.2252252252251,529.5612363083176,304.23463450928926,12223.162421742172,-1.5422290741158903e-62
1033.7297297297298,524.8540199223401,308.00974183759973,12459.923391014123,4.837149582852471e-62
1034.2342342342342,520.1905118391363,311.71869540928736,12691.800435644334,-3.1970646899935636e-62
1034.7387387387387,515.5702893017568,315.36226591058136,12918.73257360733,-4.1012393862642574e-61
1035.2432432432433,510.99293367243575,318.94121591437005,13140.667222070193,-7.364317647999578e-61
1035.7477477477478,506.4580303923983,322.4562999630322,13357.559751870325,-5.72701686341356e-61
1036.2522522522522,501.96516894140416,325.90826465051487,13569.37306039029,4.4671569597988114e-61
1036.7567567567567,497.5139427989058,329.29784870156556,13776.077205103073,1.6406347579047014e-60
1037.2612612612613,493.10394940506484,332.62578305171184,13977.649018854625,1.3013455749948744e-60
1037.7657657657658,488.7347901215974,335.8927909269485,14174.071731235106,1.2822799535652292e-60
1038.2702702702702,484.4060701940173,339.0995879208571,14365.334642123433,6.88063588417427e-60
1038.7747747747749,480.1173987137542,342.2468820719594,14551.432788124543,-1.8883143526043868e-59
1039.2792792792793,475.8683885804012,345.3353739406349,14732.366615960946,-4.9460355576491475e-59
1039.7837837837837,471.6586564643502,348.36575668534704,14908.141670702751,-1.7119661693314869e-59
1040.2882882882882,467.4878227709148,351.33871613592254,15078.76833376019,1.028940594226224e-59
1040.7927927927929,463.3555116024187,354.25493087077876,15244.261490838087,1.3564681860648692e-59
1041.2972972972973,459.2613507236378,357.115072287347,15404.640318377535,1.394686932548487e-59
1041.8018018018017,455.2049715254097,359.91980467629287,15559.92800096204,3.242944511628905e-60
1042.3063063063064,451.1860089888071,362.6697852945255,15710.15147250372,-4.1979527702197705e-60
1042.8108108108108,447.20410165136036,365.3656644340012,15855.341220515751,-8.770316997036332e-60
1043.3153153153153,443.25889157094775,368.00808549530495,15995.531015876575,-4.7967003257216307e-60
1043.8198198198197,439.35002429239404,370.5976850556449,16130.757728104405,-1.4496391572996724e-60
1044.3243243243244,435.47714881349134,373.1350929380488,16261.061118733322,3.6781194520709343e-60
1044.8288288288288,431.6399175502032,375.62093228226234,16386.483612782,5.631003589717735e-60
1045.3333333333333,427.8379863049467,378.055819609249,16507.070157803617,2.9923080104997754e-60
1045.837837837838,424.07101423226925,380.4403648910762,16622.868007162673,-1.7151568250234253e-60
1046.3423423423424,420.3386638066838,382.77517161634967,16733.926564568497,-1.1745525180386704e-60
1046.8468468468468,416.6406007908927,385.0608368547947,16840.29723499296,-5.640519225040062e-60
1047.3513513513512,412.97649420169284,387.29795132672336,16942.033217523487,-1.5140737964532892e-59
1047.855855855856,409.3460162810802,389.4870994617214,17039.189426254372,-4.9472797154671727e-60
1048.3603603603603,405.7488424617706,391.62885946879834,17131.822275332062,2.0552367189781116e-59
1048.8648648648648,402.18465133894335,393.7238033937047,17219.989612904148,-9.006826114089553e-60
1049.3693693693695,398.6531246370463,395.7724971865182,17303.75053538145,-5.060559323373259e-59
1049.873873873874,395.1539471809321,397.7755007601965,17383.16530452154,7.705526352598136e-59
1050.3783783783783,391.6868068648727,399.7333680535978,17458.29521083259,1.3063663905051355e-58
1050.8828828828828,388.25139462228367,401.6466470929772,17529.202457781208,-3.411593133958391e-58
1051.3873873873874,384.8474043975914,403.5158800490036,17595.950084294065,-2.663387528056461e-58
1051.8918918918919,381.4745331141869,405.34160330198523,17658.601812474466,1.0521608201416632e-57
1052.3963963963963,378.1324806486694,407.124347493903,17717.222015227722,3.571532335988641e-58
1052.900900900901,374.82094979865593,408.8646375939687,17771.875561391753,-3.1544027982318114e-57
1053.4054054054054,371.53964625756896,410.56299294968267,17822.627788981412,4.735695400156424e-58
1053.9099099099099,368.28827858341333,412.2199273502157,17869.54437063845,9.050776688914517e-57
1054.4144144144143,365.0665581733911,413.8359490778762,17912.69127996019,-7.003681557224947e-57
1054.918918918919,361.87419923445486,415.411560967714,17952.134688489998,-4.126544081396955e-56
1055.4234234234234,358.71091875666525,416.94726046151567,17987.940909645044,-6.610136787123859e-56
1055.9279279279278,355.576436485399,418.443539664335,18020.176320742587,-7.808971957638323e-56
1056.4324324324325,352.47047489576124,419.9008853962214,18048.907321574887,-7.432218904004234e-56
1056.936936936937,349.3927591638756,421.3197792504026,18074.200243259893,-4.813527720554414e-56
1057.4414414414414,346.34301714339455,422.70069764081427,18096.121334127714,-1.6493900889075926e-56
1057.945945945946,343.320979336001,424.04411186188895,18114.736660907765,9.275293577460086e-57
1058.4504504504505,340.32637886932673,425.3504881329993,18130.112111901475,1.9185619859368798e-56
1058.954954954955,337.35895146739705,426.62028765869314,18142.3132949962,1.30947126320503e-57
1059.4594594594594,334.4184354294952,427.85396667130686,18151.40554811143,-1.167678922723246e-56
1059.963963963964,331.50457160061916,429.0519764906824,18157.453845348013,-7.008062414333943e-57
1060.4684684684685,328.61710335110973,430.2147635652214,18160.52280984733,-5.739365019891444e-57
1060.972972972973,325.75577654743347,431.34276953130336,18160.67662580176,4.127891982183418e-58
1061.4774774774776,322.9203395326697,432.43643125240106,18157.97905793998,6.808212487968143e-57
1061.981981981982,320.11054309727285,433.4961808784622,18152.49336562258,2.935948978630996e-57
1062.4864864864865,317.3261404605534,434.52244588317257,18144.282328894013,7.334969475810944e-58
1062.990990990991,314.5668872415013,435.5156491230243,18133.408166306443,-7.278807716363179e-58
1063.4954954954956,311.8325414408693,436.4762088732271,18119.932563152364,-3.037379319613803e-57
1064.0,309.12286341247983,437.40453888602053,18103.916596478382,-1.0619461117144002e-57
1064.5045045045044,306.4376158456975,438.3010484256038,18085.4207624364,6.2779726224127636e-58
1065.009009009009,303.7765637372016,439.1661423255172,18064.50490928534,6.952113382890001e-58
1065.5135135135135,301.1394743740871,440.0002210226464,18041.228264001966,1.1970329963219802e-57
1066.018018018018,298.52611730586614,440.8036806137043,18015.649371909738,2.4004828293842857e-58
1066.5225225225224,295.9362643280321,441.57691288831506,17987.82612341451,-8.147400303321759e-58
1067.027027027027,293.3696894546674,442.3203053844732,17957.81569968566,-5.695814991244698e-58
1067.5315315315315,290.82616890133687,443.03424142241585,17925.674593886084,4.1995266134956994e-58
1068.036036036036,288.3054810604974,443.7191001546149,17891.45857734879,2.006060331213479e-57
1068.5405405405406,285.8074064825969,444.3752566035968,17855.22270532329,2.563374732454323e-57
1069.045045045045,283.3317278530186,445.00308170914144,17817.02129359293,1.2906918013465849e-58
1069.5495495495495,280.87822997331733,445.6029423660696,17776.907922067327,3.7056339392568957e-59
1070.054054054054,278.44669975922415,446.1752014288966,17734.93541456479,-3.990580083420751e-59
1070.5585585585586,276.03692618897395,446.7202178138806,17691.155844621564,7.024022314653256e-60
1071.063063063063,273.64870022596784,447.23834664842445,17645.62055282092,-1.1389109355455758e-60
1071.5675675675675,271.2818148976371,447.729939122361,17598.380107469955,-4.586167405491553e-60
1072.0720720720722,268.93606535267463,448.1953423809619,17549.48427170872,1.1909950400039182e-60
1072.5765765765766,266.61124866482277,448.63489990169427,17498.982065253,1.5893826373412792e-60
1073.081081081081,264.3071638578675,449.04895144822524,17446.92174770681,5.3253300531583864e-61
1073.5855855855855,262.0236119130029,449.43783305847757,17393.350807361545,-8.68405526778266e-61
1074.0900900900901,259.7603957516412,449.80187707833755,17338.315964326033,-5.978145243266756e-61
1074.5945945945946,257.5173202315556,450.14141217219134,17281.863159923065,5.057557018965224e-62
1075.099099099099,255.29419210527573,450.4567634039286,17224.037567436262,1.813226743775391e-61
1075.6036036036037,253.09082000200854,450.7482522733262,17164.883593787843,7.39737473818334e-62
1076.1081081081081,250.90701440835588,451.01619675491713,17104.44488186818,-2.9117284720081946e-61
1076.6126126126126,248.74258766838838,451.2609112975951,17042.764310610797,-3.77035584729209e-61
1077.117117117117,246.59735395567253,451.48270688125746,16979.88399969117,-5.6364474108040495e-61
1077.6216216216217,244.471129233647,451.6818910955207,16915.845314786413,-6.013229479113862e-61
1078.126126126126,242.36373126623994,451.8587681190446,16850.688869426558,-4.360873178988346e-61
1078.6306306306305,240.27497957618436,452.0136388030318,16784.45453098117,-2.5444106234433932e-61
1079.1351351351352,238.20469544056633,452.14680067985813,16717.181425008344,1.290508678556246e-61
1079.6396396396397,236.15270188828146,452.2585479688024,16648.907938963603,1.5544389016549577e-61
1080.144144144144,234.11882365759027,452.34917166043243,16579.67172932496,6.116919457710177e-64
1080.6486486486488,232.10288720940193,452.4189594903438,16509.509726338314,-1.0741979468567036e-61
1081.1531531531532,230.10472068641423,452.468196020868,16438.45813979785,-1.3311495114740549e-61
1081.6576576576576,228.12415390470906,452.497162657673,16366.552467452046,-7.741979655217719e-62
1082.162162162162,226.16101833658533,452.50613768437296,16293.827500037429,7.040864356482324e-62
1082.6666666666667,224.21514708868438,452.4953963060813,16220.31732957871,1.601131568788467e-61
1083.1711711711712,222.28637489603543,452.46521066151547,16146.055349355005,1.1501941191292204e-61
1083.6756756756756,220.37453809977538,452.4158498673376,16071.074274398836,5.644661373473977e-62
1084.1801801801803,218.4794746291798,452.3475800542324,15995.40613757549,3.154654685884668e-62
1084.6846846846847,216.6010239847583,452.2606644007315,15919.082295868317,4.7666891061404045e-63
1085.1891891891892,214.73902724364447,452.15536312196264,15842.133455321456,-3.047718910192987e-62
1085.6936936936936,212.89332701299406,452.0319335634757,15764.589655972943,-4.606105610613066e-62
1086.1981981981983,211.0637674320558,451.8906301966962,15686.480291450773,-1.493091706943373e-62
1086.7027027027027,209.2501941695847,451.73170462354676,15607.834124515408,6.670584211124419e-63
1087.2072072072071,207.45245438159336,451.55540566191155,15528.679277557936,2.9125031780377736e-62
1087.7117117117118,205.67039671508238,451.3619793373476,15449.043252685062,3.8965440927373215e-62
1088.2162162162163,203.9038712933361,451.1516689122318,15368.95294081502,4.590196141178707e-62
1088.7207207207207,202.15272969170596,450.92471493491905,15288.434621338958,2.471237369998587e-62
1089.2252252252251,200.41682493127325,450.68135525159613,15207.513977679608,-1.9848313032719484e-62
1089.7297297297298,198.69601146332445,450.42182503730055,15126.216104681556,-5.169818254844757e-62
1090.2342342342342,196.99014515057064,450.1463568338398,15044.565512989464,-5.7087349229983634e-62
1090.7387387387387,195.2990832619795,449.8551805593529,14962.586142956572,-5.320628270700885e-62
1091.2432432432433,193.62268445247972,449.5485235491558,14880.301369965975,-5.186063140926619e-62
1091.7477477477478,191.96080874613406,449.2266105894314,14797.734011666376,-3.5901394825235203e-62
1092.2522522522522,190.31331753374525,448.88966392133744,14714.906339983749,-1.0614937236869386e-62
1092.7567567567567,188.68007355599926,448.53790327474246,14631.840088566883,1.0711261279129632e-62
1093.2612612612613,187.0609408782617,448.17154591900527,14548.556458574209,1.7857604498172632e-62
1093.7657657657658,185.45578489308863,447.79080665709097,14465.076130191725,8.146738749650664e-63
1094.2702702702702,183.86447230808614,447.39589784961777,14381.41927080987,4.0787184001454404e-63
1094.7747747747749,182.2868711148971,446.9870294775943,14297.60554184552,-3.5223038918382363e-63
1095.2792792792793,180.72285059279062,446.5644091342601,14213.65410822317,-1.0925527173137007e-62
1095.7837837837837,179.17228129953108,446.12824204293435,14129.583645512077,-1.9234146115407127e-62
1096.2882882882882,177.63503504008827,445.6787311204298,14045.41235073019,-1.865648462383533e-62
1096.7927927927929,176.11098486827467,445.21607697280996,13961.157948655571,-2.611245664225234e-63
1097.2972972972973,174.6000050802185,444.7404779079307,13876.83769733476,8.395455423509492e-63
1097.8018018018017,173.10197118311805,444.25212999874026,13792.468402876602,1.8249626186606297e-62
1098.3063063063064,171.61675989564955,443.7512270815758,13708.066423261265,1.9215095016195809e-62
1098.8108108108108,170.14424914475714,443.23796076195805,13623.647672461606,2.132418523643381e-62
1099.3153153153153,168.68431803201958,442.7125204826786,13539.227637687183,1.5211984351619226e-62
1099.8198198198197,167.2368468355146,442.1750935191846,13454.821381591268,-3.507670108628559e-63
1100.3243243243244,165.80171700565,441.62586498734703,13370.443546629165,-2.1239057456959803e-62
1100.8288288288288,164.37881113667856,441.0650179009675,13286.10837070453,-3.332989803577126e-62
1101.3333333333333,162.96801296274998,440.49273317908217,13201.829691542513,-3.0435474096645774e-62
1101.837837837838,161.56920735499804,439.90918965114975,13117.620949795586,-2.088888712265942e-62
1102.3423423423424,160.18228029968913,439.3145641009945,13033.495202492042,-6.282154100779089e-63
1102.8468468468468,158.8071188871518,438.70903128867917,12949.465130612793,1.7162262519196516e-62
1103.3513513513512,157.44361131045258,438.09276395244274,12865.543040492163,4.2061092401939606e-62
1103.855855855856,156.09164684910397,437.4659328412597,12781.74087471533,5.648228129534687e-62
1104.3603603603603,154.75111585260737,436.82870674775216,12698.070223324905,4.809472378206983e-62
1104.8648648648648,153.421909740164,436.1812525080073,12614.542323560465,1.8067035129477453e-62
1105.3693693693695,152.10392098871606,435.52373502527837,12531.168067888175,-1.2856796564628357e-62
1105.873873873874,150.79704311257032,434.8563173108892,12447.958018819294,-4.943153171266075e-62
1106.3783783783783,149.5011706638832,434.17916048249384,12364.92240725279,-8.217623492670359e-62
1106.8828828828828,148.2161992242389,433.4924237805555,12282.07113771977,-9.941413806751386e-62
1107.3873873873874,146.94202538113268,432.7962646156363,12199.41380624145,-8.017204615358047e-62
1107.8918918918919,145.67854672914208,432.09083856528105,12116.959697673,-1.151135809605924e-62
1108.3963963963963,144.42566186438114,431.376299384588,12034.717788432172,5.360731688466533e-62
1108.900900900901,143.1832703586793,430.65279905824895,11952.696766745337,1.211747082621244e-61
1109.4054054054054,141.95127276116247,429.9204877965708,11870.905029302845,1.6695759281750824e-61
1109.9099099099099,140.729570594914,429.17951404155014,11789.350681750344,1.889258187055147e-61
1110.4144144144143,139.51806632984375,428.43002452157475,11708.041560810472,1.4699835305632854e-61
1110.918918918919,138.31666338448383,427.6721642470098,11626.985230253002,2.163969637189191e-63
1111.4234234234234,137.12526612337606,426.90607651493366,11546.188980400431,-1.4225630744731518e-61
1111.9279279279278,135.94377983129732,426.1319029608386,11465.659849744616,-2.843863706387422e-61
1112.4324324324325,134.77211071354796,425.34978355744295,11385.40462182326,-3.706884855292532e-61
1112.936936936937,133.61016589240643,424.5598566213481,11305.429825466728,-4.1710994540811325e-61
1113.4414414414414,132.45785338745557,423.7622588522664,11225.741750967409,-3.812436621448333e-61
1113.9459459459458,131.31508210967561,422.95712534444345,11146.346452714306,-2.045903465771769e-61
1114.4504504504505,130.18176185529637,422.1445895979049,11067.249751729629,-1.449002364516055e-63
1114.954954954955,129.05780330148934,421.3247835275747,10988.457237107821,-7.716350413901973e-63
1115.4594594594594,127.94311799997207,420.49783747765855,10909.974276393716,1.044981196724625e-62
1115.963963963964,126.8376183820089,419.6638802135105,10831.806015689235,9.869046219574936e-63
1116.4684684684685,125.74121769554803,418.82303903549433,10753.957397828719,1.3007400489954878e-63
1116.972972972973,124.65383001661836,417.9754397600559,10676.433162398096,-1.341540819278857e-63
1117.4774774774774,123.57537019566257,417.1212068168867,10599.237861200547,-2.7105092299122192e-64
1117.981981981982,122.50575393564034,416.2604631103761,10522.375841970916,1.0239142599740532e-63
1118.4864864864865,121.44489786444446,415.39332989109374,10445.851233422325,9.620803220477315e-64
1118.990990990991,120.39271944952257,414.519926910105,10369.667968835114,-9.883381174500991e-65
1119.4954954954956,119.34913687159404,413.64037264702546,10293.829820554078,-4.113121017690831e-64
1120.0,118.31406909311937,412.75478418841334,10218.340385374673,-1.1382931762694514e-64
1120.5045045045044,117.28743587221255,411.8632772044194,10143.203084358429,1.3298196127370955e-64
1121.0090090090089,116.26915772469458,410.96596601552665,10068.421169540974,1.836913908118974e-64
1121.5135135135135,115.25915596776034,410.06296351907565,9993.997722802053,1.8055332194202986e-64
1122.018018018018,114.25735267135201,409.15438127436386,9919.935663586764,2.0169426300835617e-65
1122.5225225225224,113.26367067865215,408.24032946907363,9846.23775018301,-3.30639949979609e-65
1123.027027027027,112.27803356629799,407.3209169922956,9772.906592641688,-5.674573031241841e-65
1123.5315315315315,111.30036567514601,406.3962513769684,9699.944640597547,-2.636898007962251e-66
1124.036036036036,110.3305920506048,405.4664389138118,9627.354211128859,4.16357572968484e-65
1124.5405405405406,109.36863849139225,404.5315845582703,9555.137466035934,5.6371999877428164e-65
1125.045045045045,108.41443148897493,403.59179204702076,9483.296441502855,9.793939476949552e-65
1125.5495495495495,107.46789828236014,402.6471637920151,9411.833020403761,1.366431532360512e-64
1126.054054054054,106.52896679838801,401.69780099710476,9340.748964025348,1.598402309322394e-64
1126.5585585585586,105.59756565922407,400.74380364199146,9270.04590614469,1.32424716898391e-64
1127.063063063063,104.67362417843961,399.7852704907755,9199.725356157323,5.013168275860004e-65
1127.5675675675675,103.75707237022317,398.82229907496423,9129.788695311949,4.157847691976272e-65
1128.0720720720722,102.84784088992895,397.8549858066483,9060.237204698657,1.1574418948153241e-64
1128.5765765765766,101.94586110970218,396.8834258338728,8991.072028128048,1.747329833384086e-64
1129.081081081081,101.05106503851675,395.90771319457343,8922.29421249458,1.662484109182078e-64
1129.5855855855855,100.16338535298542,394.92794075716597,8853.904691338625,7.764602651742023e-65
1130.0900900900901,99.28275539431361,393.94420022633346,8785.904285586112,5.2414476944291404e-65
1130.5945945945946,98.40910914547976,392.95658218752436,8718.293716853332,1.1046635469881545e-64
1131.099099099099,97.54238122520978,391.9651761176898,8651.073607406424,1.1176630630254852e-64
1131.6036036036037,96.68250689522863,390.9700703722763,8584.24447868179,5.174566828906274e-65
1132.1081081081081,95.82942204173766,389.9713522205529,8517.80675884074,-6.195538406195176e-65
1132.6126126126126,94.98306316909368,388.9691078579766,8451.76078572677,-1.1349006539577583e-64
1133.117117117117,94.14336739919942,387.96342240722777,8386.10680754182,-6.502596936457348e-65
1133.6216216216217,93.31027246585933,386.95437992885286,8320.844984029049,-3.5709910166976075e-65
1134.126126126126,92.483716701384,385.94206344766536,8255.975394173945,-1.755651166355294e-65
1134.6306306306305,91.66363903897918,384.92655494787243,8191.498033529933,-1.7074316498924336e-65
1135.1351351351352,90.84997900663143,383.9079353849802,8127.41281695458,-6.643400198220514e-67
1135.6396396396397,90.04267671483153,382.8862847093548,8063.719584981994,1.0074529394021539e-65
1136.144144144144,89.24167285909465,381.86168186109137,8000.418100488438,1.043337603133844e-65
1136.6486486486488,88.44690870857067,380.83420479251595,7937.508055685629,4.740045561408326e-66
1137.1531531531532,87.65832610268163,379.80393047419443,7874.98907186188,-3.8407588417285766e-66
1137.6576576576576,86.8758674449077,378.77093490697325,7812.8607022110455,-1.0873202519986193e-65
1138.162162162162,86.09947569765977,377.73529313202414,7751.122434378589,-5.864841135374722e-66
1138.6666666666667,85.3290943764842,376.6970792418758,7689.773691655579,-9.696172871960815e-67
1139.1711711711712,84.5646675440476,375.6563663919948,7628.81383651946,5.056399498875768e-66
1139.6756756756756,83.80613980628299,374.61322680812543,7568.242170968065,1.0345776552860038e-65
1140.1801801801803,83.05345630633722,373.5677317979595,7508.0579391826905,1.2089753969367474e-65
1140.6846846846847,82.30656271821783,372.5199517634054,7448.260330313204,3.1303044467665897e-66
1141.1891891891892,81.56540524520953,371.46995620326277,7388.848477638164,-5.1748265139621e-66
1141.6936936936936,80.82993061013083,370.41781373240025,7329.821463878787,-1.1426357018130028e-65
1142.1981981981983,80.1000860540097,369.36359208404264,7271.178320123524,-1.4342663702263573e-65
1142.7027027027027,79.37581932962928,368.3073581222084,7212.918028696168,-1.1788563060498481e-65
1143.2072072072071,78.65707869594911,367.2491778524083,7155.039525330395,7.899836355889803e-67
1143.7117117117118,77.94381291499539,366.189116427687,7097.541699285754,1.043786804447172e-65
1144.2162162162163,77.235971244716,365.1272381622552,7040.423396967869,1.1027091721201109e-65
1144.7207207207207,76.5335034356458,364.06360653742007,6983.6834219597495,3.166018573279101e-66
1145.2252252252251,75.83635972562021,362.99828421172975,6927.320537003279,-3.5612061089790743e-66
1145.7297297297298,75.1444908353387,361.9313330304145,6871.333465700578,-9.415802574865344e-67
1146.2342342342342,74.45784796414799,360.8628140331366,6815.720893534788,-5.03610079189306e-67
1146.7387387387387,73.7763827842897,359.792787464153,6760.481469777731,-2.3725533447344134e-67
1147.2432432432433,73.10004743697984,358.72131278038205,6705.613808646815,3.1904854990808603e-68
1147.7477477477478,72.42879452741472,357.6484486610201,6651.116490814584,-1.922964630224925e-67
1148.2522522522522,71.76257712088147,356.5742530148063,6596.988064530156,-3.1877337329933765e-67
1148.7567567567567,71.10134873844999,355.4987829882989,6543.2270468788265,-1.7862198150234096e-67
1149.2612612612613,70.44506335224676,354.4220949748835,6489.831925137804,-5.2014348482629966e-70
1149.7657657657658,69.79367538096169,353.3442446233445,6436.801158045453,5.400432551526182e-68
1150.2702702702702,69.14713968505583,352.2652868469997,6384.133177127633,7.591504682091137e-69
1150.7747747747749,68.50541155653015,351.1852758431946,6331.826389457549,-2.119692714821151e-67
1151.2792792792793,67.86844673540476,350.1042650619089,6279.879173209452,-3.942708213984259e-67
1151.7837837837837,67.23620138840141,349.0223072463924,6228.289883382222,-4.949326227960789e-67
1152.2882882882882,66.60863209994992,347.93945445033637,6177.056854171374,-9.930794930898196e-67
1152.7927927927929,65.98569588326798,346.8557580167119,6126.1783962670825,-9.407603449085246e-67
1153.2972972972973,65.36735016789576,345.7712686014562,6075.652799443715,-8.693690325407828e-67
1153.8018018018017,64.75355279176098,344.6860361886886,6025.478335292329,-7.704829475003218e-67
1154.3063063063064,64.144261996757,343.6001100991373,5975.653258368947,-7.918694841107049e-69
1154.8108108108108,63.539436447662595,342.51353895389855,5926.175799739634,4.8249277046497494e-67
1155.3153153153153,62.9390351918547,341.4263707514376,5877.044179588797,8.333665662072085e-67
1155.8198198198197,62.34301768166235,340.3386528248381,5828.256599732438,9.06664882106634e-67
1156.3243243243244,61.75134376985295,339.25043185041864,5779.811244698624,8.054734846770707e-67
1156.8288288288288,61.16397369242688,338.1617538805359,5731.706287128179,3.301631180340701e-67
1157.3333333333333,60.580868074510995,337.0726643323345,5683.939884991013,-2.7772634521065445e-67
1157.837837837838,60.00198792487646,335.98320799818254,5636.510183485445,-7.212059814861949e-67
1158.3423423423424,59.42729463193175,334.8934290532932,5589.41531590223,-6.774464128592212e-67
1158.8468468468468,58.85674995625542,333.80337106985235,5542.653404879543,-5.4169440478176535e-67
1159.3513513513512,58.290316032692665,332.7130770131636,5496.222562476205,-4.90046254228535e-68
1159.855855855856,57.72795536328987,331.62258925498037,5450.12089119603,6.795237602157051e-67
1160.3603603603603,57.16963081467037,330.53194957850343,5404.346484452893,1.22768783982657e-66
1160.8648648648648,56.615305612995854,329.441199188012,5358.897428289066,1.1537549934813693e-66
1161.3693693693695,56.064943344942115,328.35037870712847,5313.771800014326,8.458723361808369e-67
1161.873873873874,55.51850794993889,327.25952819342854,5268.9676706465525,4.314403179946327e-67
1162.3783783783783,54.97596371765643,326.16868714323874,5224.483105214674,-1.3612306720778665e-68
1162.8828828828828,54.43727528828886,325.07789449103404,5180.316161868801,-4.49102046790004e-67
1163.3873873873874,53.90240764410592,323.98718862568535,5136.464894698017,-4.500904799556503e-67
1163.8918918918919,53.371326109446876,322.89660739033695,5092.927352824377,6.176911800076035e-68
1164.3963963963963,52.84399634689317,321.80618808970246,5049.7015811852325,6.653687332122592e-67
1164.900900900901,52.320384353174305,320.71596749788364,5006.785621702785,1.3569975523553443e-66
1165.4054054054054,51.80045645704069,319.6259818627881,4964.177513113443,1.8197567647077593e-66
1165.9099099099099,51.284179315428105,318.53626691315804,4921.875291902705,1.5371728893405592e-66
1166.4144144144143,50.77151991058073,317.4468578638616,4879.876992644651,6.067074921772488e-67
1166.918918918919,50.262445546972195,316.35778942184515,4838.180648469514,-1.772113687051308e-67
1167.4234234234234,49.75692384811151,315.26909579244307,4796.784291684949,-4.206938867216782e-67
1167.9279279279278,49.25492275413199,314.1808106837478,4755.685953950382,8.200550810693531e-68
1168.4324324324325,48.75641051789974,313.0929673141956,4714.883667102187,1.885649532151355e-66
1168.936936936937,48.26135570357859,312.0055984161195,4674.375463152848,2.8122110246234435e-66
1169.4414414414414,47.76972718241545,310.9187362427326,4634.159375023467,1.4916178467651085e-66
1169.9459459459458,47.28149412995664,309.8324125729098,4594.233436762992,1.2301551444827041e-67
1170.4504504504505,46.79662602393054,308.7466587169677,4554.595684024469,-9.07447842094673e-67
1170.954954954955,46.31509264097996,307.66150552203726,4515.2441544319045,-3.314926811123089e-67
1171.4594594594594,45.836864054254605,306.5769833773556,4476.176887943889,8.587389383141178e-67
1171.963963963964,45.36191063006173,305.49312221947287,4437.391927190359,1.6210922850396438e-66
1172.4684684684685,44.89020302548704,304.40995153757484,4398.887317836326,6.306324396360845e-67
1172.972972972973,44.42171218567928,303.32750037849456,4360.661108879106,-1.2134240339762693e-66
1173.4774774774774,43.956409342036295,302.2457973519021,4322.711352980877,-2.1521323028262424e-66
1173.981981981982,43.494266008571756,301.16487063541,4285.036106787615,-8.751584926872417e-67
1174.4864864864865,43.03525397913713,300.08474797951675,4247.633431212178,3.499933867759084e-67
1174.990990990991,42.579345325724994,299.0054567125922,4210.501391729702,4.7250834306212755e-67
1175.4954954954956,42.12651239602908,297.92702374578613,4173.638058655151,-2.8233809017515597e-68
1176.0,41.676727810205946,296.8494755778882,4137.041507411424,-3.4777426303015284e-67
1176.5045045045044,41.22996445880928,295.7728383001298,4100.70981878754,-1.3547090287259705e-67
1177.0090090090089,40.786195500525146,294.6971376009523,4064.6410791893686,2.7422107211813652e-67
1177.5135135135135,40.34539435988897,293.6223987707124,4028.833380879364,2.1522463620787023e-67
1178.018018018018,39.90753472445941,292.54864670634936,3993.28482220916,-9.80115961269182e-68
1178.5225225225224,39.47259054249457,291.4759059160014,3957.9935078437356,-1.9583504987127176e-67
1179.027027027027,39.04053602149771,290.4042005235789,3922.957548976962,-3.193062624076948e-68
1179.5315315315315,38.61134562561144,289.3335542732942,3888.1750635391377,1.3501856024758733e-67
1180.036036036036,38.184994072651754,288.2639905341357,3853.6441763961398,1.0403735043108958e-67
1180.5405405405404,37.76145633222213,287.19553230431364,3819.3630195431315,-9.808683351210414e-68
1181.045045045045,37.34070762439615,286.1282022156378,3785.3297322873086,-1.2935192430365694e-67
1181.5495495495495,36.92272341855223,285.0620225378852,3751.5424614270355,2.1627709111166687e-68
1182.054054054054,36.50747942799397,283.99701518309644,3717.9993614208583,8.078679751655645e-68
1182.5585585585586,36.09495157645299,282.93320173663756,3684.6985922138615,9.830140764649516e-69
1183.063063063063,35.68511595181493,281.87060350807104,3651.638315186778,4.1719711159914e-69
1183.5675675675675,35.27794936310299,280.80924103387747,3618.816737234525,1.6477536039713118e-69
1184.072072072072,34.87342822024742,279.74913507134966,3586.2320244728026,7.023244125029245e-70
1184.5765765765766,34.47152947503873,278.69030577364236,3553.8823750926786,3.0029978731552146e-70
1185.081081081081,34.072230281925656,277.6327729866522,3521.7659932952274,1.0846291984134998e-70
1185.5855855855855,33.67550800017606,276.5765562643059,3489.881090678873,-1.4024847143945786e-71
1186.0900900900901,33.28134024348252,275.5216747977025,3458.2258882706674,-5.791434382456373e-71
1186.5945945945946,32.88970485959529,274.46814745022124,3426.798616344518,-3.74542924409787e-71
1187.099099099099,32.50057991593135,273.415992781116,3395.5975140712976,-7.433444858355612e-72
1187.6036036036035,32.11394370121829,272.3652290435303,3364.62082958394,1.2255141500477559e-73
1188.1081081081081,31.72977472752921,271.3158741810097,3333.8668201890787,-9.728504710247133e-72
1188.6126126126126,31.34805172993557,270.2679458292761,3303.333752528273,-1.2024792231609656e-71
1189.117117117117,30.96875366484239,269.2214613211637,3273.019902675539,-1.1913460777075187e-72
1189.6216216216217,30.591859708809903,268.1764376912945,3242.92355620175,7.863152605488785e-72
1190.126126126126,30.217349256361,267.13289168036636,3213.0430082448497,5.946477681298348e-72
1190.6306306306305,29.845201916947506,266.0908397387812,3183.3765635855457,-1.5139968971607656e-72
1191.1351351351352,29.475397513621864,265.0502980301711,3153.922536721246,-5.047658769287409e-72
1191.6396396396397,29.107916085910958,264.01128243358124,3124.6792519142214,-2.2649665838353935e-72
1192.144144144144,28.74273788553526,262.9738085492728,3095.6450433713185,-1.0481208216529893e-72
1192.6486486486488,28.37984337789819,261.93789169601104,3066.8182553386073,-4.833701015724649e-73
1193.1531531531532,28.01921323208726,260.9035469291124,3038.197241697313,-2.296040835414119e-73
1193.6576576576576,27.660828323107783,259.8707890386926,3009.7803661913267,-1.0737592062818473e-73
1194.162162162162,27.304669733586135,258.83963254982973,2981.5660025923694,-4.45089695807874e-74
1194.6666666666667,26.95071877019236,257.8100917023138,2953.552535637105,-1.8259979692037024e-74
1195.1711711711712,26.59895693695161,256.78218048741655,2925.738359843898,-1.0487876729215555e-74
1195.6756756756756,26.249365939506767,255.75591264811612,2898.121879676357,-6.700208700139519e-75
1196.1801801801803,25.901927687798164,254.73130167442034,2870.7015098404336,-3.073202403094249e-75
1196.6846846846847,25.556624296898814,253.7083608050641,2843.475675394016,-7.32081057810963e-76
1197.1891891891892,25.2134380868747,252.68710303222196,2816.442811732525,-1.4903350236485554e-76
1197.6936936936936,24.872351580248267,251.6675411064459,2789.6013645716494,-4.142820492387729e-76
1198.1981981981983,24.533347500506785,250.64968754090927,2762.9497899736284,-1.156225027321283e-75
1198.7027027027027,24.196408774848816,249.63355460736813,2736.4865543297888,-7.123531412044951e-76
1199.2072072072071,23.86151853202789,248.6191543507419,2710.210134478309,-3.7361240496705235e-76
1199.7117117117118,23.528660101856346,247.60649858528006,2684.1190176637556,-1.8747202342075457e-76
1200.2162162162163,23.197817016179545,246.59559889860154,2658.2117015595804,-9.696859068552342e-77
1200.7207207207207,22.868973008982525,245.58646665535045,2632.4866942863478,-5.479002939844183e-77
1201.2252252252251,22.542112016272966,244.57911300007586,2606.9425144231427,-2.9822395744264323e-77
1201.7297297297298,22.217218176642074,243.57354886057806,2581.577691019441,-1.4492052355885858e-77
1202.2342342342342,21.894275831775317,242.56978495127828,2556.3907636047234,-6.6505839403527415e-78
1202.7387387387387,21.57326952692962,241.56783177644667,2531.3802821954787,-3.9336048562814754e-78
1203.2432432432433,21.25418401174555,240.56769963116122,2506.5448072969702,-4.511368624626968e-78
1203.7477477477478,20.937004242383143,239.5693986077044,2481.882909914906,-5.068913230464805e-78
1204.2522522522522,20.621715380388988,238.5729385974333,2457.393171555397,-4.277173747194875e-78
1204.7567567567567,20.308302795845822,237.57832929364758,2433.074184226027,-2.365826086745093e-78
1205.2612612612613,19.996752068647226,236.5855801944786,2408.9245504360533,-5.1249555679902196e-79
1205.7657657657658,19.68704899030326,235.5947006058046,2384.9428831960854,-9.851779569206669e-80
1206.2702702702702,19.3791795658441,234.6056996446894,2361.127806017844,-5.001246990082021e-79
1206.7747747747749,19.073130016029058,233.61858624275413,2337.4779529128664,-8.790323849423683e-79
1207.2792792792793,18.768886780286074,232.6333691491499,2313.9919683897324,-1.1202133572334022e-78
1207.7837837837837,18.4664365193944,231.6500569337272,2290.6685074513866,-6.93823626448274e-79
1208.2882882882882,18.165766118767266,230.6686579900587,2267.506235591405,-1.790768070038971e-79
1208.7927927927929,17.86686269249238,229.68918053855376,2244.503828788936,3.6998752180054645e-79
1209.2972972972973,17.569713586311014,228.71163262968423,2221.6599735069217,4.025690570299945e-79
1209.8018018018017,17.274306383040855,227.73602214721302,2198.9733666863654,2.3481948402408383e-79
1210.3063063063064,16.980628907302375,226.7623568114543,2176.442715744089,-8.888785246777892e-81
1210.8108108108108,16.68866923074015,225.7906441826315,2154.0667385690685,-6.3200045040819945e-80
1211.3153153153153,16.398415677264552,224.8208916641822,2131.84416351983,-1.865252016933179e-81
1211.8198198198197,16.109856831046727,223.85310650605123,2109.773729422115,7.018669094145193e-80
1212.3243243243244,15.822981542696409,222.8872958081307,2087.854185567533,8.131499794932887e-80
1212.8288288288288,15.537778937319882,221.92346652371253,2066.0842917129585,1.3093686152074585e-80
1213.3333333333333,15.254238423188125,220.9616254630638,2044.4628180814618,-3.3953302709904906e-80
1213.837837837838,14.972349701356736,220.0017792970647,2022.98854536484,-3.149731714823238e-80
1214.3423423423424,14.69210277627615,219.04393456089238,2001.6602647275417,-7.177635966917213e-82
1214.8468468468468,14.41348796732843,218.08809765782203,1980.47677781276,2.9168963365683563e-80
1215.3513513513512,14.136495920922812,217.1342748630749,1959.4368967496252,1.7240975775224e-80
1215.855855855856,13.861117624794563,216.18247232787613,1938.539444164887,-6.280832289858553e-81
1216.3603603603603,13.58734442328052,215.23269608357106,1917.7832531957629,-1.5709910896885548e-80
1216.8648648648648,13.315168034464662,214.2849520458868,1897.1671675060902,-1.0373175767263254e-81
1217.3693693693695,13.044580569830089,213.3392460194157,1876.6900413072854,1.1238573904858952e-80
1217.873873873874,12.775574552316947,212.3955837022054,1856.350739381994,2.8260761199671804e-81
1218.3783783783783,12.50814293642209,211.45397069052459,1836.1481371118898,-1.2191799050364811e-80
1218.8828828828828,12.242279140810417,210.5144124838155,1816.0811205093762,-7.6284305021797295e-81
1219.3873873873874,11.977977072105727,209.5769144901538,1796.1485862601576,-4.782590117203318e-81
1219.8918918918919,11.715231152188458,208.64148203160076,1776.3494417642135,-3.1005761127488357e-81
1220.3963963963963,11.454036356211539,207.70812034998397,1756.6826051870298,-1.9369328515444348e-81
1220.900900900901,11.194388247849902,206.77683461318327,1737.1470055190302,-1.231348849592047e-81
1221.4054054054054,10.936283020526677,205.84762992157374,1717.7415826416272,-8.180064111625844e-82
1221.9099099099099,10.67971754570413,204.92051131485735,1698.4652874017572,-5.2353605452481216e-82
1222.4144144144143,10.424689421616877,203.99548377952775,1679.3170816977633,-3.3486707248085744e-82
1222.918918918919,10.171197031867449,203.07255225672967,1660.2959385755887,-2.2600177496681625e-82
1223.4234234234234,9.919239609481947,202.1517216506961,1641.4008423373393,-1.482026554424859e-82
1223.9279279279278,9.668817307372445,201.2329968378506,1622.6307886635414,-8.845433455169938e-83
1224.4324324324325,9.41993127839051,200.316382676513,1603.9847847482122,-5.6452641887074055e-83
1224.936936936937,9.17258376616916,199.4018840176037,1585.4618494549259,-4.176753230004364e-83
1225.4414414414414,8.926778205652933,198.48950571613668,1567.061013488918,-2.8990000708932884e-83
1225.9459459459458,8.682519333341908,197.57925264371997,1548.7813195902547,-1.7203083964223454e-83
1226.4504504504505,8.43981332030603,196.67112970222686,1530.6218227503969,-1.0856373747933623e-83
1226.954954954955,8.198667913378738,195.7651418387776,1512.5815904551957,-8.46424325312357e-84
1227.4594594594594,7.959092598027952,194.8612940621752,1494.6597029565958,-6.223425299461357e-84
1227.963963963964,7.721098786590057,193.9595914610268,1476.8552535775827,-3.767709054885662e-84
1228.4684684684685,7.484700027325964,193.0600392237565,1459.1673490536757,-2.395271003306511e-84
1228.972972972973,7.249912242308754,192.16264266069413,1441.595109914363,-1.7880447813958815e-84
1229.4774774774774,7.016754005178334,191.26740722894434,1424.1376709173562,-1.227924456823904e-84
1229.981981981982,6.785246849092435,190.37433855971273,1406.7941815290437,-8.041766549497731e-85
1230.4864864864865,6.555415628258736,189.4834424889569,1389.5638064666045,-5.97157659827696e-85
1230.990990990991,6.327288926180827,188.59472509177849,1372.4457263085799,-4.3295992762749285e-85
1231.4954954954956,6.100899528633685,187.70819272122583,1355.4391381858693,-2.897499457665031e-85
1232.0,5.876284965322076,186.82385205167432,1338.5432565549718,-2.0962668702760736e-85
1232.5045045045044,5.653488137971018,185.94171012820038,1321.7573140777527,-1.5571176160554192e-85
1233.0090090090089,5.432558040758285,185.06177442218987,1305.0805626110803,-1.0799684518244176e-85
1233.5135135135135,5.213550598983661,184.18405289474757,1288.5122743326626,-7.77426086554448e-86
1234.018018018018,4.996529633062335,183.3085540686572,1272.0517430147565,-5.826693599842228e-86
1234.5225225225224,4.781567976856688,182.43528711038584,1255.698285470588,-4.17426247090239e-86
1235.027027027027,4.56874878512627,181.56426192435808,1239.4512432096167,-3.0774619845996875e-86
1235.5315315315315,4.358166998052457,180.69548926003776,1223.309984311475,-2.2640160220972236e-86
1236.036036036036,4.149931111387315,179.82898083498714,1207.2739055710472,-1.6669051574632604e-86
1236.5405405405404,3.9441651314140813,178.964749476254,1191.342434952097,-1.2349090099484846e-86
1237.045045045045,3.741010884505179,178.10280928203446,1175.5150343880634,-9.127814450857395e-87
1237.5495495495495,3.5406305818283306,177.2431758073852,1159.791202992734,-6.838252628883679e-87
1238.054054054054,3.34320978384688,176.38586627661658,1144.1704807379167,-5.107916509236599e-87
1238.5585585585586,3.1489606365796847,175.530899826072,1128.6524526669607,-3.8454992431852304e-87
1239.063063063063,2.958125478507048,174.67829777987154,1113.2367537162015,-2.9023496001092244e-87
1239.5675675675675,2.770980592761081,173.82808396165774,1097.9230742273994,-2.198288235549267e-87
1240.072072072072,2.587840169131985,172.98028504336114,1082.7111662291175,-1.672692914559629e-87
1240.5765765765766,2.409059955681511,172.13493093155697,1067.6008505825198,-1.2769923521747783e-87
1241.081081081081,2.2350404870091642,171.2920551859579,1052.5920250332395,-9.789679460255983e-88
1241.5855855855855,2.066229067477553,170.4516954631963,1037.684673236674,-7.532256949022925e-88
1242.0900900900901,1.9031198130744975,169.6138939700551,1022.8788747749861,-5.817202518519141e-88
1242.5945945945946,1.7462505871681369,168.77869789602624,1008.1748160250988,-4.509405557218389e-88
1243.099099099099,1.5961955280299547,167.94615980076185,993.5728018780894,-3.508564755553089e-88
1243.6036036036035,1.453551591714754,167.11633788520462,979.07326777608,-2.739901813360259e-88
1244.1081081081081,1.3189176844286246,166.28929609715755,964.6767918687749,-2.1474480398917146e-88
1244.6126126126126,1.1928657220669827,165.4651039818053,950.3841063117528,-1.6892040006902028e-88
1245.117117117117,1.0759036100461898,164.64383620166427,936.1961070184651,-1.333526821394074e-88
1245.6216216216217,0.9684325642305126,163.82557165664318,922.1138606225096,-1.0565013875493098e-88
1246.126126126126,0.8707030540553949,163.01039216438954,908.138607449495,-8.399913381207438e-89
1246.6306306306305,0.7827763679351315,162.1983807251995,894.2717592468772,-6.702003111362385e-89
1247.135135135135,0.704499491480263,161.38961947318245,880.5148908014586,-5.365961026560269e-89
1247.6396396396397,0.6355004605186431,160.5841874803446,866.8697249160043,-4.311132563052765e-89
1248.144144144144,0.5752077092440419,159.78215864550646,853.3381110084654,-3.475552809611971e-89
1248.6486486486485,0.5228916259648759,158.98359990433812,839.9219983094249,-2.8114638443825666e-89
1249.1531531531532,0.47772116764820777,158.18856995085017,826.6234053177196,-2.2819416997367405e-89
1249.6576576576576,0.4388250704374057,157.397118565325,813.4443875638862,-1.85834730854857e-89
1250.162162162162,0.4053471972043041,156.60928654391356,800.3870057547572,-1.5184004217306234e-89
1250.6666666666667,0.3764886688337155,155.82510612057544,787.4532961120326,-1.2447136312309817e-89
1251.1711711711712,0.35153394250948117,155.04460173098926,774.6452441543613,-1.0236762358845829e-89
1251.6756756756756,0.3298619133980647,154.26779095842025,761.9647626124861,-8.446014750571341e-90
1252.18018018018,0.31094567333979045,153.49468552394492,749.4136736723674,-6.990737902134481e-90
1252.6846846846847,0.2943450927150491,152.72529223110436,736.9936952778299,-5.804464468650541e-90
1253.1891891891892,0.2796959595768651,151.95961381230802,724.7064310600431,-4.834536575810305e-90
1253.6936936936936,0.26669821899613727,151.19764965424818,712.5533634023107,-4.039115182195439e-90
1254.1981981981983,0.2551048935922918,150.43939640193898,700.5358490730997,-3.3848670671992098e-90
1254.7027027027027,0.24471232696867287,149.68484845739758,688.6551168971462,-2.8451560870542514e-90
1255.2072072072071,0.235352002689528,148.93399838436758,676.9122670774468,-2.3986374074342052e-90
1255.7117117117118,0.22688385825604082,148.18683723627052,665.3082718033445,-2.0281587950202942e-90
1256.2162162162163,0.2191908862474349,147.44335482199858,653.843976851178,-1.7198987886779298e-90
1256.7207207207207,0.21217481608712396,146.70353992166514,642.5201039475498,-1.4626892576634942e-90
1257.2252252252251,0.2057526645721485,145.96738046237402,631.3372537112285,-1.2474813879947164e-90
1257.7297297297298,0.1998539820155784,145.23486366195286,620.2959090280008,-1.066923886789936e-90
1258.2342342342342,0.19441864846578227,144.5059761471764,609.3964387410057,-9.150285769031925e-91
1258.7387387387387,0.18939509687296938,143.7807040514827,598.6391015645866,-7.869046894341852e-91
1259.2432432432433,0.1847388863363264,143.05903309599523,588.0240501504586,-6.785476259290037e-91
1259.7477477477478,0.1804115376308093,142.34094865736083,577.551335244456,-5.8666968348301e-91
1260.2522522522522,0.17637958988709873,141.6264358245172,567.2209098915026,-5.085649757099014e-91
1260.7567567567567,0.17261382294272337,140.91547944659652,557.0326336497654,-4.4200092312565005e-91
1261.2612612612613,0.16908861932153676,140.20806417350107,546.9862767851129,-3.851308704334363e-91
1261.7657657657658,0.16578143514296956,139.50417449043047,537.0815244242469,-3.3642362559257396e-91
1262.2702702702702,0.16267236053249945,138.8037947474914,527.3179806487457,-2.946061486571245e-91
1262.7747747747749,0.15974375628481013,138.10690918472193,517.6951725105644,-2.586181489801249e-91
1263.2792792792793,0.1569799374937978,137.41350195406181,508.21255396557547,-2.275740546012365e-91
1263.7837837837837,0.15436692095605314,136.72355713813172,498.86950971265986,-2.0073246746249033e-91
1264.2882882882882,0.15189220155088354,136.0370587665079,489.66535893156123,-1.7747142042851246e-91
1264.7927927927929,0.14954456466002283,135.353990829938,480.5993589162891,-1.5726786631968797e-91
1265.2972972972973,0.1473139316062521,134.67433729268217,471.6707086013322,-1.3968096555699304e-91
1265.8018018018017,0.14519121475567676,133.9980821033683,462.87855197632666,-1.2433839054831462e-91
1266.3063063063064,0.1431682062805889,133.32520920448698,454.2219813941393,-1.1092489600955854e-91
1266.8108108108108,0.14123747634485836,132.6557025407001,445.70004076114446,-9.917306144791048e-92
1267.3153153153153,0.1393922818199162,131.98954606621908,437.3117286208052,-8.885556420293642e-92
1267.8198198198197,0.13762649248596157,131.32672375126987,429.0560011236255,-7.97787568922293e-92
1268.3243243243244,0.13593452470382764,130.6672195878635,420.93177489458617,-7.177729829992881e-92
1268.8288288288288,0.13431128298218728,130.01101759485704,412.93792978356055,-6.470977907772918e-92
1269.3333333333333,0.13275210809495755,129.3581018224963,405.07331152047817,-5.845498152268138e-92
1269.837837837838,0.1312527338705885,128.70845635643198,397.3367342644406,-5.290877516006108e-92
1270.3423423423424,0.12980924857321693,128.06206532126689,389.72698304538505,-4.798156441122911e-92
1270.8468468468468,0.12841805745109786,127.41891288373849,382.24281610923396,-4.359611931784297e-92
1271.3513513513512,0.127075853928712,126.77898325556212,374.88296717106164,-3.968572652327389e-92
1271.855855855856,0.12577959279669365,126.14226069596216,367.64614757214036,-3.6192647252869296e-92
1272.3603603603603,0.12452646357699415,125.50872951393588,360.5310483451371,-3.306682101576535e-92
1272.8648648648648,0.12331387219054618,124.87837407025343,353.5363421896046,-3.026476980944822e-92
1273.3693693693695,0.12213941885226653,124.25117877927153,346.6606853631192,-2.774866262073801e-92
1273.873873873874,0.1210008815856329,123.62712811054244,339.9027194902179,-2.5485520492892664e-92
1274.3783783783783,0.11989620078643842,123.00620659024032,333.2610732868933,-2.3446547456512464e-92
1274.8828828828828,0.11882346624566498,122.38839880243967,326.73436420894046,-2.1606557070102956e-92
1275.3873873873874,0.11778090307966073,121.77368939025303,320.32120002037084,-1.994348657923535e-92
1275.8918918918919,0.11676686164729252,121.16206305685444,314.02018029943423,-1.843797073882845e-92
1276.3963963963963,0.1157798060562967,120.55350456638244,307.82989786755803,-1.707298258818354e-92
1276.900900900901,0.11481830587314958,119.9479987447281,301.7489401454316,-1.5833530992252856e-92
1277.4054054054054,0.11388102759130105,119.34553048023727,295.77589044471443,-1.4706399030369663e-92
1277.9099099099099,0.1129667268446397,118.74608472433272,289.90932919916236,-1.3679914984010072e-92
1278.4144144144143,0.11207424149007579,118.14964649206046,284.1478351329027,-1.2743755115559748e-92
1278.918918918919,0.11120248543025589,117.55620086256562,278.489986371417,-1.1888773454119978e-92
1279.4234234234234,0.11035044252750757,116.96573297950845,272.93436149520517,-1.1106854523133104e-92
1279.9279279279278,0.10951716145116129,116.3782280514368,267.4795405561284,-1.0390779856179015e-92
1280.4324324324325,0.10870175146398316,115.79367135205457,262.12410599431496,-9.734131564725636e-93
1280.936936936937,0.1079033781437261,115.21204822048514,256.86664353581426,-9.13119284715069e-93
1281.4414414414414,0.10712125714666637,114.63334406149386,251.70574304558164,-8.576862456673933e-93
1281.9459459459458,0.1063546536447573,114.0575443456481,246.63999932182244,-8.066582695042361e-93
1282.4504504504505,0.10560287713904633,113.48463460946957,241.6680128625392,-7.596272538478092e-93
1282.954954954955,0.10486527846754742,112.91460045552304,236.78839055997227,-7.162276010318797e-93
1283.4594594594594,0.10414124717520383,112.34742755248777,231.99974637235658,-6.761313911540851e-93
1283.963963963964,0.10343020831309187,111.78310163520213,227.300701952115,-6.390440673072468e-93
1284.4684684684685,0.10273162118282735,111.22160850466547,222.68988721470754,-6.047009802921276e-93
1284.972972972973,0.10204497602394015,110.66293402807673,218.16594095996683,-5.728632000995303e-93
1285.4774774774774,0.10136979278068133,110.10706413875937,213.72751131747108,-5.433155438820722e-93
1285.981981981982,0.10070561838450898,109.55398483612095,209.37325623905875,-5.158638896089763e-93
1286.4864864864865,0.10005202503431958,109.0036821856317,205.10184402466956,-4.903321314135602e-93
1286.990990990991,0.09940860897273135,108.45614231866281,200.91195361942505,-4.66561616454027e-93
1287.4954954954956,0.0987749887815177,107.9113514324389,196.80227508526482,-4.444083688820793e-93
1288.0,0.09815080394493748,107.36929578992017,192.7715099610357,-4.237417290520502e-93
1288.5045045045044,0.09753571350601319,106.82996171965043,188.81837154693721,-4.0444325315600685e-93
1289.0090090090089,0.096929394922128,106.29333561563611,184.94158524649245,-3.864052363144659e-93
1289.5135135135135,0.09633154264986203,105.75940393721679,181.1398888956305,-3.695293610896932e-93
1290.018018018018,0.09574186744933401,105.22815320884195,177.41203288743955,-3.537265459864103e-93
1290.5225225225224,0.09516009473010509,104.69957002000174,173.75678063166367,-3.3891477725281763e-93
1291.027027027027,0.09458596490507233,104.17364102491887,170.17290848620175,-3.250199581908736e-93
1291.5315315315315,0.09401923113981986,103.65035294248493,166.659206226424,-3.11973741885981e-93
1292.036036036036,0.0934596591556606,103.1296925559592,163.21447697199528,-2.9971413811037174e-93
1292.5405405405404,0.09290702665691776,102.61164671284841,159.8375375415489,-2.881840445846635e-93
1293.045045045045,0.09236112321934595,102.09620232464226,156.52721844770477,-2.773313307158092e-93
1293.5495495495495,0.09182174753419788,101.58334636663723,153.28236410072074,-2.6710806729027377e-93
1294.054054054054,0.09128870734563986,101.07306587770812,150.10183289466607,-2.5747019803860235e-93
1294.5585585585586,0.09076182334846311,100.56534796007709,146.9844973086463,-2.4837717101671857e-93
1295.063063063063,0.09024092114820494,100.06017977907355,143.92924386953342,-2.3979188639087246e-93
1295.5675675675675,0.08972583612735471,99.55754856292394,140.93497334587596,-2.316800567355002e-93
1296.072072072072,0.08921641124453661,99.0574416025074,138.000600742069,-2.2401007892563528e-93
1296.5765765765766,0.08871249687007832,98.55984625111557,135.12505533592014,-2.167527878805414e-93
1297.081081081081,0.08821394998955087,98.06474992421798,132.3072806912834,-2.0988126501690566e-93
1297.5855855855855,0.08772063428106461,97.57214009919097,129.54623467026624,-2.033706203845623e-93
1298.0900900900901,0.08723241951530773,97.08200431509195,126.84088943002465,-1.9719783508302093e-93
1298.5945945945946,0.08674918123919592,96.59433017242166,124.19023141064214,-1.9134161171105121e-93
1299.099099099099,0.08627080047448654,96.10910533285579,121.5932613135652,-1.85782220159196e-93
1299.6036036036035,0.0857971634185841,95.62631751898377,119.04899407005932,-1.8050136239430512e-93
1300.1081081081081,0.08532816114637413,95.14595451404657,116.55645879911842,-1.7548205281216894e-93
1300.6126126126126,0.0848636893621106,94.66800416172366,114.1146987667187,-1.7070853060251597e-93
1301.1171171171172,0.08440364824451771,94.1924543658448,111.7227713213036,-1.6616615232764598e-93
1301.6216216216217,0.08394794197171133,93.71929309010736,109.37974783059904,-1.6184128735769098e-93
1302.126126126126,0.0834964785533665,93.24850835776638,107.08471360407438,-1.5772121499428931e-93
1302.6306306306305,0.08304916996073113,92.78008825148952,104.83676783004582,-1.5379411155279422e-93
1303.135135135135,0.08260593126597107,92.31402091306008,102.63502348912222,-1.5004896136120532e-93
1303.6396396396397,0.08216668143741913,91.85029454311017,100.47860726535164,-1.4647549458274638e-93
1304.144144144144,0.08173134243709677,91.38889740086483,98.36665945515297,-1.4306413056221246e-93
1304.6486486486488,0.08129983837446823,90.92981780383754,96.29833385982494,-1.3980590963775893e-93
1305.1531531531532,0.08087209836101295,90.47304412758142,94.2727976878987,-1.3669245518532897e-93
1305.6576576576576,0.08044805152357826,90.01856480543428,92.28923144842798,-1.3371592783660908e-93
1306.162162162162,0.08002762972319834,89.56636832826331,90.34682883772706,-1.3086899630050413e-93
1306.6666666666665,0.07961077101950156,89.1164432441815,88.44479662358427,-1.281447971103512e-93
1307.1711711711712,0.07919741280967096,88.66877815829756,86.58235452834963,-1.2553689493570116e-93
1307.6756756756756,0.07878749134914954,88.22336173246111,84.7587351071219,-1.230392529794168e-93
1308.1801801801803,0.07838095191126501,87.78018268513786,82.97318366209576,-1.2064620923536108e-93
1308.6846846846847,0.07797773761767515,87.33922979088555,81.22495804729672,-1.1835244641629031e-93
1309.1891891891892,0.07757779406004373,86.90049187919644,79.5133283451727,-1.1615296290382723e-93
1309.6936936936936,0.07718106885062828,86.4639578370333,77.83757735887092,-1.1404306721790407e-93
1310.198198198198,0.076787511248824,86.0296166059915,76.19699989890748,-1.1201834133332194e-93
1310.7027027027027,0.07639707213549918,85.59745718243614,74.59090274253477,-1.1007462538076193e-93
1311.2072072072071,0.07600970395751395,85.16746861788661,73.01860464135048,-1.082080039408254e-93
1311.7117117117118,0.07562536062900888,84.73964001859841,71.47943614337565,-1.0641478791320527e-93
1312.2162162162163,0.07524399745461284,84.31396054507636,69.97273938301534,-1.046914954733853e-93
1312.7207207207207,0.07486557111527448,83.89041941208241,68.49786806950111,-1.0303485053804328e-93
1313.2252252252251,0.07449003954010854,83.46900588808886,67.05418720428118,-1.0144175584387416e-93
1313.7297297297296,0.07411736189659682,83.04970929522605,65.64107302404553,-9.990928945083195e-94
1314.2342342342342,0.073747498480463,82.63251900871484,64.25791274444077,-9.843468200988168e-94
1314.7387387387387,0.07338041074013935,82.21742445705414,62.9041045652838,-9.701532105000207e-94
1315.2432432432433,0.07301606117283635,81.80441512151151,61.579057450800946,-9.56487350007568e-94
1315.7477477477478,0.07265441329884408,81.39348053598167,60.282191019547525,-9.433258567270321e-94
1316.2522522522522,0.07229543161270964,80.98461028666142,59.012935384468946,-9.306466124188029e-94
1316.7567567567567,0.07193908154436214,80.57779401177477,57.77073098996604,-9.184286593628189e-94
1317.261261261261,0.07158532940554668,80.17302140136157,56.55502849621338,-9.066521296940304e-94
1317.7657657657658,0.07123414236912308,79.77028219699125,55.36528860531147,-8.952981966470884e-94
1318.2702702702702,0.07088548841079463,79.36956619149895,54.20098192762653,-8.843489643615423e-94
1318.7747747747749,0.07053933631672,78.97086322880585,53.061588853774644,-8.737874883021839e-94
1319.2792792792793,0.07019565560398724,78.5741632035971,51.94659939031723,-8.635976391501647e-94
1319.7837837837837,0.069854416511293,78.17945606114257,50.85551304377481,-8.537641342975071e-94
1320.2882882882882,0.06951558998019479,77.78673179700513,49.787838660189095,-8.442724260966855e-94
1320.7927927927926,0.06917914765620918,77.3959804568094,48.7430942941764,-8.351087019233113e-94
1321.2972972972973,0.06884506176477823,77.00719213599363,47.72080706467262,-8.262598146688352e-94
1321.8018018018017,0.06851330509325582,76.62035697955574,46.72051301400478,-8.177132561360358e-94
1322.3063063063064,0.06818385118258957,76.2354651818198,45.7417569733794,-8.094571189062058e-94
1322.8108108108108,0.06785667421308365,75.85250698618307,44.7840924199767,-8.014800556060215e-94
1323.3153153153153,0.06753174845693409,75.47147268489175,43.84708135005824,-7.937712647930662e-94
1323.8198198198197,0.06720904872833154,75.09235261878177,42.93029413175507,-7.863204363428586e-94
1324.3243243243244,0.06688855129923175,74.71513717705554,42.033309384099,-7.791177506092684e-94
1324.8288288288288,0.06657023273580825,74.33981679703646,41.15571383553341,-7.72153835571465e-94
1325.3333333333333,0.06625406860887587,73.96638196393666,40.2971021970932,-7.654197521844471e-94
1325.837837837838,0.0659400353874122,73.59482321061735,39.45707702864156,-7.589069646208607e-94
1326.3423423423424,0.06562811123581555,73.22513111734688,38.6352486102645,-7.526073201244525e-94
1326.8468468468468,0.06531827507428992,72.85729631156838,37.83123481356489,-7.46513027942567e-94
1327.3513513513512,0.06501050518920212,72.49130946767313,37.04466097579216,-7.406166421320023e-94
1327.855855855856,0.06470477817416136,72.1271613067771,36.27515977436891,-7.349110440433573e-94
1328.3603603603603,0.06440107365274277,71.76484259647019,35.522371102651825,-7.293894250029477e-94
1328.8648648648648,0.06409937283155256,71.40434415058812,34.7859419475834,-7.240452705089429e-94
1329.3693693693695,0.06379965472666518,71.04565682899661,34.06552626774919,-7.18872344878567e-94
1329.873873873874,0.06350189846770686,70.68877153735819,33.36078487328608,-7.13864677355496e-94
1330.3783783783783,0.06320608553224628,70.3336792268972,32.67138530746341,-7.090165491004248e-94
1330.8828828828828,0.06291219726919672,69.98037089418158,31.997001729600367,-7.043224807128848e-94
1331.3873873873874,0.0626202139265356,69.62883758090032,31.33731479924918,-6.997772203467021e-94
1331.8918918918919,0.0623301162332249,69.27907037363576,30.692011561794192,-6.95375732557366e-94
1332.3963963963963,0.06204188780722064,68.93106040363152,30.06078533555642,-6.911131878415095e-94
1332.900900900901,0.06175551023665462,68.5847988465872,29.44333560036302,-6.869849527460517e-94
1333.4054054054054,0.06147096472430994,68.24027692243301,28.839367887558417,-6.829865804900038e-94
1333.9099099099099,0.06118823442053084,67.89748589510123,28.24859367144813,-6.791138020891876e-94
1334.4144144144143,0.06090730296111729,67.55641707231263,27.670730262192304,-6.75362517973759e-94
1334.918918918919,0.06062815280536329,67.21706180536397,27.105500700160693,-6.717287900705461e-94
1335.4234234234234,0.06035076725102402,66.87941148890567,26.55263365194303,-6.68208834354993e-94
1335.9279279279278,0.06007513018763606,66.54345756072547,26.01186330719504,-6.647990136255245e-94
1336.4324324324325,0.05980122565888484,66.20919150153583,25.482929277561734,-6.614958308339868e-94
1336.936936936937,0.059529037502729865,65.87660483476226,24.965576496919226,-6.582959227367081e-94
1337.4414414414414,0.05925854995689441,65.54568912632786,24.459555123005817,-6.551960538572616e-94
1337.9459459459458,0.05898974783117036,65.216435984441,23.964620440450066,-6.521931107503838e-94
1338.4504504504505,0.05872261596168678,64.88883705938652,23.48053276522497,-6.492840965617371e-94
1338.954954954955,0.0584571392468869,64.56288404331674,23.007057350571472,-6.464661258719215e-94
1339.4594594594594,0.05819330280067481,64.23856867004173,22.54396429425893,-6.437364197918016e-94
1339.963963963964,0.057931092067784164,63.915882714821514,22.091028447354113,-6.410923013272999e-94
1340.4684684684685,0.05767049267648679,63.594817994161154,21.648029325537756,-6.38531191160465e-94
1340.972972972973,0.0574114904694095,63.2753663656025,21.21475101843408,-6.360506030951128e-94
1341.4774774774774,0.05715407146825209,62.9575197275219,20.79098210432638,-6.336481403473847e-94
1341.981981981982,0.05689822174299144,62.6412700189242,20.376515561670214,-6.313214913508885e-94
1342.4864864864865,0.056643927666131424,62.32660921924379,19.971148689360614,-6.290684268213099e-94
1342.990990990991,0.056391175717522876,62.01352934813721,19.574683016852738,-6.268867953693867e-94
1343.4954954954956,0.05613995262524742,61.70202246529061,19.18692423315138,-6.247745216974161e-94
1344.0,0.05589024528889362,61.39208067021024,18.80768209254194,-6.227296016564993e-94
1344.5045045045044,0.0556420407195508,61.08369610203532,18.43677035245207,-6.207501014177399e-94
1345.0090090090089,0.05539532613648235,60.77686093932725,18.074006677075392,-6.188341524059427e-94
1345.5135135135135,0.05515008888076676,60.471567399886254,17.71921257997988,-6.169799507859179e-94
1346.018018018018,0.05490631645121084,60.16780774054277,17.37221333060473,-6.151857528860256e-94
1346.5225225225224,0.05466399653139231,59.86557425697611,17.032837899936005,-6.134498748126084e-94
1347.027027027027,0.054423116920614856,59.56485928350158,16.700918862028423,-6.117706874884608e-94
1347.5315315315315,0.05418366556961105,59.26565519290301,16.37629235582926,-6.101466177441948e-94
1348.036036036036,0.05394563056993331,58.96795439621077,16.05879797674849,-6.085761424873882e-94
1348.5405405405404,0.053709000189957036,58.67174934254038,15.748278746129216,-6.070577903053655e-94
1349.045045045045,0.053473762837031064,58.37703251887798,15.444581011724,-6.05590136669184e-94
1349.5495495495495,0.05323990702338698,58.083796449907915,15.147554402559152,-6.041718039015007e-94
1350.054054054054,0.05300742138312127,57.79203369781672,14.857051754395828,-6.02801458722272e-94
1350.5585585585586,0.052776294717036404,57.5017368621045,14.572929043707328,-6.014778103646152e-94
1351.063063063063,0.05254651598137803,57.21289857940669,14.29504533425233,-6.001996097380867e-94
1351.5675675675675,0.05231807421208326,56.92551152329488,14.02326269903611,-5.989656467018898e-94
1352.072072072072,0.05209095849149842,56.63956840410987,13.757446180599402,-5.977747500597932e-94
1352.5765765765766,0.05186515808364938,56.355061968756495,13.497463705430658,-5.966257844411729e-94
1353.081081081081,0.05164066257270368,56.071985000545276,13.243186055038496,-5.955176508665481e-94
1353.5855855855855,0.05141746156459425,55.79033031898336,12.994486775487376,-5.944492834101361e-94
1354.0900900900901,0.05119554439999661,55.51009077962328,12.751242155741249,-5.934196500801348e-94
1354.5945945945946,0.05097490068446067,55.23125927385274,12.513331136853399,-5.924277495796779e-94
1355.099099099099,0.0507555206168512,54.95382872873815,12.280635285848257,-5.914726117817873e-94
1355.6036036036035,0.05053739464154122,54.67779210683434,12.053038727097928,-5.905532958290189e-94
1356.1081081081081,0.05032051266590261,54.40314240601357,11.830428097122153,-5.896688894412317e-94
1356.6126126126126,0.05010486450790009,54.12987265928714,11.612692489091069,-5.888185077377193e-94
1357.117117117117,0.04989043961773892,53.857975934630474,11.399723402345144,-5.880012922681279e-94
1357.6216216216217,0.04967722985740647,53.58744533480713,11.191414693282379,-5.87216410112738e-94
1358.126126126126,0.04946522532112913,53.318273997684294,10.987662558468086,-5.864630533749323e-94
1358.6306306306305,0.04925441659732875,53.050455095083585,10.78836542220642,-5.857404376279866e-94
1359.135135135135,0.049044794361071994,52.78398183188251,10.593423844083093,-5.850478006380996e-94
1359.6396396396397,0.048836349438774344,52.51884744799395,10.40274061532309,-5.843844030876233e-94
1360.144144144144,0.04862907275096519,52.255045218822985,10.216220749426594,-5.837495281737164e-94
1360.6486486486485,0.0484229553006079,51.99256845230866,10.033771256984316,-5.831424790017183e-94
1361.1531531531532,0.04821798819424837,51.731410489494046,9.855301152499768,-5.825625784362329e-94
1361.6576576576576,0.048014162625026516,51.47156470508102,9.680721460636258,-5.820091689518044e-94
1362.162162162162,0.04781146988195521,51.21302450722199,9.509945169703837,-5.814816119280738e-94
1362.6666666666665,0.047609901342533775,50.95578333720063,9.342887179729784,-5.809792869154904e-94
1363.1711711711712,0.047409448472070556,50.699834669146824,9.179464249218878,-5.805015908804491e-94
1363.6756756756756,0.047210102823866514,50.445172009911964,9.019594962594748,-5.80047937732576e-94
1364.1801801801803,0.047011856038054446,50.191788899119636,8.863199739685495,-5.796177584675288e-94
1364.6846846846847,0.04681469983941181,49.9396789086796,8.710200715586694,-5.792104994514906e-94
1365.1891891891892,0.04661862603583567,49.688835642685476,8.56052174822501,-5.788256225648365e-94
1365.6936936936936,0.04642362651946662,49.43925273744887,8.41408837424504,-5.784626045862401e-94
1366.198198198198,0.046229693261978164,49.19092386095869,8.270827741136129,-5.781209362592318e-94
1366.7027027027027,0.0460368183183408,48.94384271329198,8.130668648736474,-5.778001229503366e-94
1367.2072072072071,0.04584499382096987,48.69800302594624,7.993541437823089,-5.774996830759193e-94
1367.7117117117118,0.04565421198144787,48.453398562082704,7.85937802774325,-5.772191487497391e-94
1368.2162162162163,0.04546446508850541,48.21002311610887,7.72811183249095,-5.769580645972809e-94
1368.7207207207207,0.04527574550705725,47.96787051360002,7.599677750685703,-5.76715987731117e-94
1369.2252252252251,0.04508804567758036,47.72693461112269,7.474012123371203,-5.764924871955185e-94
1369.7297297297296,0.04490135811477506,47.487209296051155,7.35105270112333,-5.762871435753815e-94
1370.2342342342342,0.044715675406480096,47.24868848646483,7.230738620504128,-5.760995487210572e-94
1370.7387387387387,0.04453099021314029,47.01136613096135,7.1130103716316775,-5.759293054418744e-94
1371.2432432432433,0.04434729526625471,46.77523620846639,6.997809754498996,-5.757760268424411e-94
1371.7477477477478,0.04416458336912764,46.540292728218695,6.88507988950514,-5.756393367417702e-94
1372.2522522522522,0.043982847393986786,46.30652972945169,6.774765139815795,-5.755188684692031e-94
1372.7567567567567,0.04380208028141437,46.07394128136867,6.6668111248946555,-5.754142653005916e-94
1373.261261261261,0.04362227503952826,45.842521482955966,6.5611646781463655,-5.753251798920765e-94
1373.7657657657658,0.04344342474438264,45.612264462815936,6.45777381522518,-5.752512739102089e-94
1374.2702702702702,0.0432655225407674,45.383164379032905,6.356587722610562,-5.751922180331367e-94
1374.7747747747749,0.043088561637297365,45.155215419028316,6.257556715672432,-5.75147691373747e-94
1375.2792792792793,0.042912535300769133,44.928411799396116,6.160632229736387,-5.751173815377467e-94
1375.7837837837837,0.042737436864564576,44.70274776576618,6.065766779638282,-5.751009840788705e-94
1376.2882882882882,0.042563259732601735,44.478217592668045,5.972913952704764,-5.750982025623529e-94
1376.7927927927926,0.04238999737097222,44.25481558336725,5.8820283725287394,-5.751087481205738e-94
1377.2972972972973,0.042217643304552126,44.03253606971361,5.793065671699569,-5.751323391613389e-94
1377.8018018018017,0.042046191108563516,43.81137341206558,5.705982503278217,-5.751687016984717e-94
1378.3063063063064,0.041875634427064504,43.59132199904551,5.620736468278383,-5.752175683429304e-94
1378.8108108108108,0.04170596696096305,43.372376247465844,5.537286127972721,-5.752786786375877e-94
1379.3153153153153,0.0415371824762578,43.15453060220107,5.455590992135966,-5.75351779004216e-94
1379.8198198198197,0.04136927479011215,42.93777953598072,5.375611458855639,-5.754366219513257e-94
1380.3243243243242,0.04120223777938662,42.72211754930884,5.2973088317838375,-5.755329664581101e-94
1380.8288288288288,0.04103606537786883,42.50753917030647,5.220645288759312,-5.756405776266533e-94
1381.3333333333333,0.040870751575725776,42.29403895455262,5.1455838473704905,-5.757592262952364e-94
1381.837837837838,0.04070629041527626,42.081611484988294,5.072088377143287,-5.758886893065804e-94
1382.3423423423424,0.04054267599497967,41.87025137173573,5.000123549842533,-5.760287489257723e-94
1382.8468468468468,0.04037990246677399,41.659953251980845,4.929654834941842,-5.761791928682163e-94
1383.3513513513512,0.0402179640376828,41.4507117898621,4.860648496147513,-5.763398143338813e-94
1383.8558558558557,0.0400568549651766,41.24252167628036,4.793071542120049,-5.765104114508703e-94
1384.3603603603603,0.03989656955965236,41.03537762881076,4.726891735770211,-5.766907874721467e-94
1384.8648648648648,0.03973710218337004,40.82927439156559,4.662077575336823,-5.76880750609693e-94
1385.3693693693695,0.039578447248921476,40.62420673502268,4.598598257855483,-5.770801136478194e-94
1385.873873873874,0.03942059921935413,40.42016945594805,4.536423692385892,-5.772886941769416e-94
1386.3783783783783,0.03926355260740444,40.217157377223934,4.475524463262887,-5.775063142110141e-94
1386.8828828828828,0.039107301974900595,40.015165347721,4.415871816403984,-5.777328000863786e-94
1387.3873873873874,0.03895184193224627,39.814188242206725,4.357437665581872,-5.779679825922467e-94
1387.8918918918919,0.03879716713768078,39.614220961156605,4.300194545872748,-5.782116964891787e-94
1388.3963963963963,0.03864327229699758,39.41525843066493,4.244115621129694,-5.784637806472067e-94
1388.900900900901,0.03849015216329539,39.21729560232129,4.189174672316095,-5.787240779618918e-94
1389.4054054054054,0.03833780153554022,39.02032745304242,4.135346063160592,-5.789924350255916e-94
1389.9099099099099,0.03818621525893524,38.82434898498979,4.0826047494424955,-5.79268702270816e-94
1390.4144144144143,0.03803538822405377,38.62935522542158,4.030926255368395,-5.795527337603205e-94
1390.918918918919,0.03788531536614174,38.4353412265522,3.9802866539105195,-5.798443870201894e-94
1391.4234234234234,0.03773599166515861,38.2423020654762,3.9306625770411885,-5.801435231837845e-94
1391.9279279279278,0.03758741214466906,38.0502328439819,3.8820311754548786,-5.804500066137463e-94
1392.4324324324325,0.03743957187169542,37.85912868846336,3.8343701229280787,-5.807637049826398e-94
1392.936936936937,0.03729246595634532,37.668984749811266,3.787657610806132,-5.810844892494839e-94
1393.4414414414414,0.03714608955091656,37.47979620324143,3.7418723152028024,-5.814122333657294e-94
1393.9459459459458,0.03700043784986445,37.29155824821631,3.6969934048639157,-5.817468143832358e-94
1394.4504504504505,0.0368555060892512,37.104266108313304,3.6530005259458496,-5.820881123350361e-94
1394.954954954955,0.036711289545963054,36.91791503107856,3.6098737803612924,-5.824360100558683e-94
1395.4594594594594,0.03656778353779808,36.7325002879516,3.5675937343254707,-5.827903932874072e-94
1395.963963963964,0.036424983422573325,36.54801717410426,3.5261413911070774,-5.831511504498648e-94
1396.4684684684685,0.03628288459782381,36.364461008334345,3.4854981860959717,-5.835181726196935e-94
1396.972972972973,0.036141482500676336,36.18182713297505,3.445645988233178,-5.838913535634059e-94
1397.4774774774774,0.03600077260687567,36.00011091372494,3.406567069961794,-5.842705894887902e-94
1397.981981981982,0.03586075043076234,35.81930773956971,3.3682441130775964,-5.846557791170773e-94
1398.4864864864865,0.03572141152484424,35.63941302266578,3.3306601995070926,-5.850468236201106e-94
1398.990990990991,0.03558275147909284,35.46042219818934,3.293798789558636,-5.85443626448658e-94
1399.4954954954956,0.03544476592095146,35.282330724264284,3.257643729049369,-5.858460934112049e-94
1400.0,0.035307450514671546,35.10513408182041,3.2221792310644286,-5.86254132534386e-94
1400.5045045045044,0.03517080096086941,34.928827774473554,3.1873898657629605,-5.866676539922959e-94
1401.0090090090089,0.035034812996498806,34.75340732845135,3.1532605658956956,-5.870865701668311e-94
1401.5135135135135,0.03489948239398835,34.57886829242467,3.119776599875217,-5.875107954387382e-94
1402.018018018018,0.034764804961179355,34.40520623743074,3.0869235760528686,-5.879402462362695e-94
1402.5225225225224,0.03463077654104263,34.232416756768096,3.0546874375018516,-5.883748410046727e-94
1403.027027027027,0.03449739301091981,34.060495465845364,3.0230544414625515,-5.888145000527556e-94
1403.5315315315315,0.03436465028251653,33.88943800211044,2.9920111649607444,-5.892591456091423e-94
1404.036036036036,0.03423254430142075,33.71924002492501,2.9615444930418118,-5.897087017398453e-94
1404.5405405405404,0.0341010710466198,33.54989721543708,2.931641606215888,-5.901630942599931e-94
1405.045045045045,0.03397022653056625,33.38140527651361,2.902289986450814,-5.906222507899735e-94
1405.5495495495495,0.0338400067983433,33.213759932585795,2.8734773966773854,-5.910861006066939e-94
1406.054054054054,0.033710407927551,33.04695692956223,2.8451918807288767,-5.9155457465209e-94
1406.5585585585586,0.03358142602803674,32.88099203473989,2.8174217622938023,-5.92027605533224e-94
1407.063063063063,0.03345305724134728,32.715861036652505,2.7901556258494447,-5.925051273865177e-94
1407.5675675675675,0.03332529774062241,32.55155974500026,2.76338232100801,-5.929870759180713e-94
1408.072072072072,0.03319814373026572,32.38808399053929,2.7370909552202294,-5.934733883564947e-94
1408.5765765765766,0.03307159144536353,32.22542962494934,2.7112708806478496,-5.939640033629724e-94
1409.081081081081,0.03294563715173539,32.063592520768694,2.6859116991205743,-5.944588610739543e-94
1409.5855855855855,0.03282027714536145,31.902568571258175,2.6610032484012436,-5.94957903007637e-94
1410.0900900900901,0.03269550775210558,31.742353690301066,2.6365355976942038,-5.954610720374378e-94
1410.5945945945946,0.032571325327621366,31.582943812329887,2.6124990499373637,-5.959683124137372e-94
1411.099099099099,0.03244772625672699,31.42433489217493,2.588884124548949,-5.964795696464609e-94
1411.6036036036035,0.03232470695333558,31.266522904995576,2.565681560654899,-5.969947905330389e-94
1412.1081081081081,0.032202263860189304,31.109503846181436,2.5428823128325617,-5.975139231330732e-94
1412.6126126126126,0.03208039344833337,30.953273731218147,2.5204775383598714,-5.980369166838098e-94
1413.117117117117,0.031959092217103115,30.79782859562321,2.4984586012016696,-5.985637216321615e-94
1413.6216216216217,0.03183835669370503,30.64316449482704,2.4768170630396895,-5.990942895768695e-94
1414.126126126126,0.031718183432862194,30.489277504062816,2.455544676370111,-5.996285732250306e-94
1414.6306306306305,0.031598569016812225,30.33616371830502,2.4346333885477676,-6.001665264232286e-94
1415.135135135135,0.03147951005469104,30.18381925212125,2.4140753266522452,-6.007081040584521e-94
1415.6396396396397,0.03136100318247137,30.032240239603688,2.3938627997299298,-6.012532620766265e-94
1416.144144144144,0.031243045062759107,29.881422834280784,2.3739882965733363,-6.018019574706625e-94
1416.6486486486485,0.031125632384283074,29.731363208982113,2.3544444739076464,-6.023541482046475e-94
1417.1531531531532,0.031008761861864496,29.58205755577602,2.335224159497014,-6.029097932373285e-94
1417.6576576576576,0.03089243023610366,29.43350208586455,2.3163203464897073,-6.034688524873866e-94
1418.162162162162,0.03077663427299758,29.28569302946735,2.297726185735073,-6.040312867854715e-94
1418.6666666666665,0.03066137076392929,29.13862663576304,2.279434989167973,-6.045970578987049e-94
1419.1711711711712,0.030546636525196395,28.99229917275925,2.2614402195947627,-6.05166128466489e-94
1419.6756756756756,0.030432428397843155,28.846706927210157,2.243735489369892,-6.057384619941146e-94
1420.18018018018,0.03031874324755475,28.70184620454339,2.2263145608640103,-6.063140228577388e-94
1420.6846846846847,0.030205577964160006,28.55771332872532,2.2091713356003795,-6.068927762365603e-94
1421.1891891891892,0.030092929461592435,28.41430464219957,2.1922998566011294,-6.074746881297084e-94
1421.6936936936936,0.02998079467765175,28.271616505793137,2.1756943049927324,-6.080597253362991e-94
1422.198198198198,0.029869170573612856,28.129645298597897,2.1593489922870703,-6.086478554081166e-94
1422.7027027027027,0.029758054134206263,27.988387417913202,2.1432583631287705,-6.092390466685238e-94
1423.2072072072071,0.02964744236725944,27.847839279132234,2.1274169885605954,-6.098332681715576e-94
1423.7117117117118,0.029537332303458508,27.707997315648157,2.1118195626434084,-6.104304896821388e-94
1424.2162162162163,0.02942772099630791,27.568857978794533,2.096460904434559,-6.11030681689682e-94
1424.7207207207207,0.029318605521658866,27.43041773771146,2.0813359483193743,-6.11633815349204e-94
1425.2252252252251,0.029209982977660788,27.292673079284743,2.066439745718371,-6.122398624931148e-94
1425.7297297297296,0.029101850484579996,27.155620508062313,2.0517674631991505,-6.128487956205989e-94
1426.2342342342342,0.02899420518441233,27.01925654613426,2.0373143751744416,-6.134605878537046e-94
1426.7387387387387,0.028887044240856932,26.883577733077008,2.023075866069299,-6.140752129516414e-94
1427.2432432432433,0.028780364839041433,26.748580625852576,2.009047426010874,-6.146926452853338e-94
1427.7477477477478,0.028674164185246754,26.614261798708675,1.9952246465055998,-6.153128598119326e-94
1428.2522522522522,0.028568439506889753,26.480617843124893,1.981603222698366,-6.159358320893491e-94
1428.7567567567567,0.028463188052120267,26.347645367688628,1.9681789458720131,-6.165615382315881e-94
1429.261261261261,0.02835840708972803,26.21534099802812,1.9549477037394702,-6.1718995491126e-94
1429.7657657657658,0.02825409390902117,26.083701376740365,1.941905479976362,-6.178210593574096e-94
1430.2702702702702,0.02815024581944956,25.95272316327125,1.929048347497439,-6.184548293157681e-94
1430.7747747747749,0.02804686015056893,25.822403033859928,1.916372470116006,-6.190912430593096e-94
1431.2792792792793,0.027943934251830237,25.692737681450566,1.9038740998951789,-6.197302793729669e-94
1431.7837837837837,0.027841465492292185,25.563723815587675,1.8915495725921154,-6.20371917527022e-94
1432.2882882882882,0.0277394512606147,25.435358162364654,1.8793953095132239,-6.210161372886615e-94
1432.7927927927926,0.027637888964730496,25.3076374643149,1.8674078125233442,-6.216629188927999e-94
1433.2972972972973,0.02753677603169217,25.180558480333982,1.8555836627082798,-6.223122430346136e-94
1433.8018018018017,0.027436109907596186,25.05411798562352,1.843919521454652,-6.229640908762752e-94
1434.3063063063064,0.027335888057232482,24.92831277156199,1.8324121233674082,-6.236184440056843e-94
1434.8108108108108,0.027236107964015793,24.803139645652934,1.8210582777689768,-6.242752844456198e-94
1435.3153153153153,0.02713676712993347,24.678595431466896,1.80985486943378,-6.249345946582967e-94
1435.8198198198197,0.027037863075088944,24.554676968501084,1.7987988504858559,-6.255963574983198e-94
1436.3243243243242,0.02693939333772033,24.431381112137597,1.787887242872691,-6.26260556227423e-94
1436.8288288288288,0.026841355474194736,24.30870473358887,1.777117139329495,-6.269271745203628e-94
1437.3333333333333,0.026743747058459656,24.186644719752213,1.7664856949781733,-6.275961964161775e-94
1437.837837837838,0.026646565682126453,24.0651979731725,1.7559901301311227,-6.282676063348176e-94
1438.3423423423424,0.02654980895435905,23.944361411987476,1.745627731013248,-6.289413890815158e-94
1438.8468468468468,0.0264534745015058,23.82413196978569,1.7353958421382845,-6.296175298027789e-94
1439.3513513513512,0.02635755996707165,23.704506595568443,1.7252918687225622,-6.302960140006036e-94
1439.8558558558557,0.026262063011740323,23.585482253694806,1.715313277251968,-6.309768275358382e-94
1440.3603603603603,0.02616698131284186,23.467055923744628,1.705457588706208,-6.316599565893348e-94
1440.8648648648648,0.026072312564437237,23.34922460047865,1.6957223805327222,-6.323453876734472e-94
1441.3693693693695,0.02597805447710332,23.231985293785442,1.6861052873116698,-6.330331076359065e-94
1441.873873873874,0.025884204777774547,23.115335028546053,1.6766039943623856,-6.33723103623327e-94
1442.3783783783783,0.025790761209586052,22.9992708445941,1.6672162395798977,-6.344153630918116e-94
1442.8828828828828,0.02569772153216499,22.883789796665944,1.6579398142504849,-6.351098738116702e-94
1443.3873873873872,0.025605083520737832,22.76888895426436,1.648772556811611,-6.358066238318728e-94
1443.8918918918919,0.025512844966467895,22.654565401620847,1.6397123547176289,-6.365056014907748e-94
1444.3963963963963,0.025421003675831826,22.54081623764628,1.630757145196492,-6.372067954204756e-94
1444.900900900901,0.02532955747106632,22.427638575797435,1.621904909469794,-6.379101945139553e-94
1445.4054054054054,0.0252385041896348,22.315029544038577,1.6131536743949693,-6.386157879344858e-94
1445.9099099099099,0.025147841685240226,22.202986284791915,1.6045015131215488,-6.393235651193741e-94
1446.4144144144143,0.025057567825971815,22.0915059548102,1.595946539988246,-6.400335157510374e-94
1446.918918918919,0.024967680495222976,21.980585725134528,1.587486911753455,-6.40745629764019e-94
1447.4234234234234,0.02487817758975111,21.87022278104658,1.5791208282340723,-6.414598973485872e-94
1447.9279279279278,0.024789057022023366,21.760414321945785,1.5708465277987416,-6.421763089252807e-94
1448.4324324324325,0.024700316718602,21.65115756130438,1.5626622882429748,-6.428948551498544e-94
1448.936936936937,0.024611954623544784,21.5424497266211,1.5545664274483262,-6.436155269169724e-94
1449.4414414414414,0.024523968693293926,21.434288059302645,1.5465572993397483,-6.443383153374245e-94
1449.9459459459458,0.02443635689933514,21.326669814616302,1.5386332944959922,-6.450632117415494e-94
1450.4504504504505,0.024349117221923525,21.219592261644962,1.5307928408342169,-6.457902076830576e-94
1450.954954954955,0.02426224765843728,21.113052683172985,1.5230343999571703,-6.46519294918468e-94
1451.4594594594594,0.024175746218769414,21.007048375636135,1.5153564675502078,-6.472504654093189e-94
1451.963963963964,0.02408961093847833,20.901576649082784,1.5077575743436429,-6.479837113275414e-94
1452.4684684684685,0.024003839858499892,20.796634827052692,1.5002362821780673,-6.487190250333289e-94
1452.972972972973,0.02391843103545034,20.692220246531566,1.4927911846109003,-6.494563990785164e-94
1453.4774774774774,0.023833382526559473,20.588330257903078,1.4854209072582807,-6.501958262084449e-94
1453.981981981982,0.023748692392864465,20.484962224871154,1.4781241064830535,-6.509372993545689e-94
1454.4864864864865,0.023664358721760675,20.382113524358843,1.4708994667717747,-6.516808116197333e-94
1454.990990990991,0.023580379613183388,20.279781546479896,1.4637457021808111,-6.524263562862096e-94
1455.4954954954956,0.023496753239381586,20.177963694496817,1.4566615569287944,-6.531739268189317e-94
1456.0,0.023413477728378294,20.076657384674885,1.44964580046107,-6.539235168378996e-94
1456.5045045045044,0.02333055124974138,19.975860046271034,1.4426972297370158,-6.546751201308801e-94
1457.0090090090089,0.023247971916756264,19.875569121494014,1.4358146698440448,-6.554287306569098e-94
1457.5135135135135,0.023165737902725723,19.775782065375903,1.428996970171865,-6.561843425246841e-94
1458.018018018018,0.023083847387331994,19.676496345733742,1.4222430051444968,-6.569419499966788e-94
1458.5225225225224,0.023002298556342397,19.57770944312509,1.4155516745689183,-6.577015474910105e-94
1459.027027027027,0.022921089606309245,19.47941885077603,1.408921902666826,-6.584631295759693e-94
1459.5315315315315,0.022840218732524106,19.38162207448196,1.4023526358943579,-6.592266909578636e-94
1460.036036036036,0.022759684152049483,19.284316632580776,1.3958428440639534,-6.599922264871448e-94
1460.5405405405404,0.02267948417657781,19.18750005591168,1.3893915207188836,-6.607597311603887e-94
1461.045045045045,0.02259961705152641,19.091169887680845,1.3829976795305199,-6.615292001002748e-94
1461.5495495495495,0.022520081073650732,18.995323683447356,1.3766603558681527,-6.623006285641815e-94
1462.054054054054,0.022440874480826815,18.899959011083705,1.3703786072274986,-6.630740119465495e-94
1462.5585585585586,0.022361995572460457,18.805073450659002,1.3641515104610802,-6.638493457633576e-94
1463.063063063063,0.022283442660878196,18.710664594397244,1.357978162122092,-6.646266256539834e-94
1463.5675675675675,0.022205214047563687,18.616730046637375,1.3518576788620575,-6.654058473833748e-94
1464.072072072072,0.022127308030682264,18.52326742376694,1.345789196749444,-6.661870068381847e-94
1464.5765765765766,0.02204972292685239,18.430274354122947,1.3397718693059435,-6.669701000157338e-94
1465.081081081081,0.02197245706044592,18.337748477969345,1.333804868558136,-6.677551230298362e-94
1465.5855855855855,0.021895508858128625,18.245687447459392,1.3278873854228581,-6.685420721128753e-94
1466.0900900900901,0.021818876664591313,18.154088926504464,1.3220186266548029,-6.693309435987322e-94
1466.5945945945946,0.021742558874958597,18.06295059076282,1.3161978162217836,-6.70121733930383e-94
1467.099099099099,0.021666553852572993,17.97227012759981,1.310424195531474,-6.709144396610814e-94
1467.6036036036035,0.02159086000067589,17.88204523598139,1.3046970214310212,-6.717090574431736e-94
1468.1081081081081,0.021515475738004403,17.79227362642969,1.299015566313551,-6.725055840286182e-94
1468.6126126126126,0.021440399482149618,17.702953020986303,1.2933791184444206,-6.733040162707237e-94
1469.117117117117,0.021365629654442726,17.614081153150984,1.287786981494424,-6.741043511214856e-94
1469.6216216216217,0.021291164692218614,17.525655767785544,1.2822384729607956,-6.74906585622747e-94
1470.126126126126,0.02121700303940131,17.437674621092462,1.2767329249652892,-6.757107169105581e-94
1470.6306306306305,0.021143143173755555,17.35013548058059,1.2712696846100588,-6.765167422171074e-94
1471.135135135135,0.021069583557375753,17.26303612493887,1.2658481115284346,-6.773246588569958e-94
1471.6396396396397,0.02099632267157455,17.17637434402622,1.2604675789852227,-6.78134464233313e-94
1472.144144144144,0.02092335900347317,17.09014793883955,1.255127474236892,-6.789461558395952e-94
1472.6486486486485,0.020850691053652434,17.004354721400205,1.24982719658334,-6.797597312488787e-94
1473.1531531531532,0.020778317333587037,16.91899251471602,1.2445661575746951,-6.805751881147935e-94
1473.6576576576576,0.020706236364201547,16.834059152735183,1.2393437809864911,-6.81392524171367e-94
1474.162162162162,0.02063444666945252,16.749552480349426,1.2341595041007047,-6.822117372400976e-94
1474.6666666666665,0.02056294679030738,16.66547035320857,1.2290127739144328,-6.830328252087606e-94
1475.1711711711712,0.02049173527474262,16.58181063775547,1.2239030492804557,-6.838557860432736e-94
1475.6756756756756,0.020420810679353595,16.498571211161178,1.218829800339403,-6.846806177844712e-94
1476.18018018018,0.020350171567070047,16.415749961308684,1.2137925092381237,-6.855073185520609e-94
1476.6846846846847,0.020279816512961242,16.33334478662892,1.2087906670549018,-6.863358865273834e-94
1477.1891891891892,0.02020974409945273,16.251353596130738,1.203823775689716,-6.871663199639119e-94
1477.6936936936936,0.02013995292028637,16.16977430935068,1.1988913476575767,-6.879986171860471e-94
1478.198198198198,0.020070441580124155,16.08860485629574,1.1939929057512437,-6.888327765871707e-94
1478.7027027027027,0.020001208688164115,16.00784317733045,1.1891279813921936,-6.89668796620359e-94
1479.2072072072071,0.019932252864381068,15.927487223181164,1.1842961157472922,-6.905066758045747e-94
1479.7117117117116,0.019863572733709596,15.847534954906369,1.179496859962142,-6.913464127259263e-94
1480.2162162162163,0.019795166930815452,15.767984343793515,1.1747297738452385,-6.921880060302356e-94
1480.7207207207207,0.019727034100063243,15.688833371305194,1.1699944256098371,-6.930314544215342e-94
1481.2252252252251,0.019659172892836935,15.61008002905197,1.1652903921985331,-6.938767566638314e-94
1481.7297297297296,0.019591581984231388,15.531722318789123,1.1606172600259717,-6.947239115852264e-94
1482.2342342342342,0.01952426004462543,15.453758252257648,1.1559746226211005,-6.955729180646281e-94
1482.7387387387387,0.019457205757460395,15.376185851198462,1.1513620817327361,-6.964237750379016e-94
1483.2432432432433,0.019390417812289097,15.299003147297334,1.1467792470500628,-6.97276481496251e-94
1483.7477477477478,0.01932389487530554,15.222208182178036,1.1422257368397868,-6.98131036489744e-94
1484.2522522522522,0.01925763565478657,15.145799007243484,1.137701175697081,-6.989874391146273e-94
1484.7567567567567,0.019191638851709304,15.069773683704629,1.1332051958683511,-6.998456885207043e-94
1485.261261261261,0.019125903195632597,14.994130282528369,1.1287374370127448,-7.007057839099491e-94
1485.7657657657658,0.019060427461589084,14.918866884400256,1.1242975462524203,-7.015677245367422e-94
1486.2702702702702,0.018995210381113542,14.843981579603057,1.1198851767054296,-7.02431509699553e-94
1486.7747747747749,0.01893025072094425,14.769472468028543,1.1154999884219172,-7.032971387461691e-94
1487.2792792792793,0.018865547194796523,14.695337659134855,1.1111416482964187,-7.041646110731516e-94
1487.7837837837837,0.01880109849650468,14.621575271884684,1.106809829697748,-7.050339261237039e-94
1488.2882882882882,0.018736903361258887,14.548183434674002,1.1025042119349873,-7.0590508338461e-94
1488.7927927927926,0.01867296055391907,14.47516028531633,1.0982244806363162,-7.06778082388339e-94
1489.2972972972973,0.018609268916367497,14.402503970989553,1.0939703275117663,-7.076529227116638e-94
1489.8018018018017,0.018545827249427195,14.330212648175655,1.0897414500195575,-7.085296039737078e-94
1490.3063063063064,0.018482634424055414,14.258284482625914,1.0855375513899697,-7.09408125836055e-94
1490.8108108108108,0.018419689353974027,14.186717649306834,1.0813583404251763,-7.102884880015688e-94
1491.3153153153153,0.018356990869691513,14.115510332355967,1.0772035313775032,-7.111706902136532e-94
1491.8198198198197,0.01829453732689102,14.04466072504024,1.0730728438709936,-7.120547322557268e-94
1492.3243243243242,0.01823232784712526,13.974167029744308,1.0689660027851096,-7.129406139506316e-94
1492.8288288288288,0.01817036122429162,13.904027458249113,1.0648827383102069,-7.138283351612109e-94
1493.3333333333333,0.01810863628985413,13.834240230854899,1.0608227853763421,-7.147178957861485e-94
1493.837837837838,0.018047151924010463,13.764803577037954,1.056785883924291,-7.156092957622176e-94
1494.3423423423424,0.017985906971415805,13.69571573766907,1.0527717800004017,-7.165025350728059e-94
1494.8468468468468,0.017924900291867753,13.626974957767015,1.0487802217957392,-7.173976137178551e-94
1495.3513513513512,0.01786413074656711,13.558579491726935,1.0448109624232564,-7.182945317351145e-94
1495.8558558558557,0.017803597212359887,13.490527605958883,1.040863761158093,-7.191932892099918e-94
1496.3603603603603,0.017743298569383118,13.422817572719403,1.0369383801421956,-7.200938862503369e-94
1496.8648648648648,0.017683233702390916,13.35544766901748,1.0330345839359272,-7.209963229827446e-94
1497.3693693693695,0.01762340150945887,13.288416187096162,1.0291521446038365,-7.219005995925556e-94
1497.873873873874,0.017563800890130977,13.221721430025793,1.025290839359397,-7.228067163057492e-94
1498.3783783783783,0.017504430751313218,13.155361705658795,1.021450447495683,-7.237146733651205e-94
1498.8828828828828,0.01744529000723599,13.089335330342323,1.017630752211725,-7.246244710446211e-94
1499.3873873873872,0.017386377577526153,13.023640628480173,1.0138315403657188,-7.255361096475129e-94
1499.8918918918919,0.017327692388724357,12.958275933223483,1.0100526027128132,-7.264495895084546e-94
1500.3963963963963,0.017269233375313834,12.893239588705734,1.0062937347564227,-7.27364911000696e-94
1500.900900900901,0.01721099947221653,12.828529939186431,1.0025547321233588,-7.282820744983251e-94
1501.4054054054054,0.01715298962643123,12.764145342853539,0.9988353961864095,-7.292010804228987e-94
1501.9099099099099,0.017095202792362617,12.70008416801498,0.9951355329506438,-7.301219292329679e-94
1502.4144144144143,0.017037637925905173,12.636344788420052,0.9914549501908022,-7.310446214029552e-94
1502.9189189189187,0.016980293992277504,12.57292558919682,0.9877934606603317,-7.319691574476264e-94
1503.4234234234234,0.016923169961427755,12.509824961577808,0.9841508792446869,-7.328955379003516e-94
1503.9279279279278,0.016866264808537076,12.447041304457118,0.9805270238222122,-7.338237633196417e-94
1504.4324324324325,0.01680957751617448,12.38457302556377,0.9769217157312745,-7.347538342930801e-94
1504.936936936937,0.016753107072529697,12.322418539233807,0.9733347785755827,-7.35685751428176e-94
1505.4414414414414,0.016696852471518274,12.260576268612411,0.969766039365896,-7.366195153611823e-94
1505.9459459459458,0.016640812712988198,12.199044644531797,0.9662153277074895,-7.37555126751338e-94
1506.4504504504505,0.01658498680291678,12.13782210541873,0.9626824763786155,-7.384925862839355e-94
1506.954954954955,0.016529373752427298,12.076907098086163,0.9591673205055085,-7.394318946667133e-94
1507.4594594594594,0.016473972578898103,12.016298077004025,0.9556696983304732,-7.403730526332224e-94
1507.963963963964,0.01641878230554083,11.955993504454819,0.9521894508588769,-7.41316060941068e-94
1508.4684684684685,0.016363801960677174,11.89599185028456,0.9487264208578086,-7.422609203661119e-94
1508.972972972973,0.01630903057900488,11.836291592538682,0.9452804547623356,-7.432076317137e-94
1509.4774774774774,0.016254467200103952,11.776891216574127,0.9418514008711051,-7.441561958077122e-94
1509.981981981982,0.01620011086858595,11.71778921514322,0.938439109605127,-7.451066134920858e-94
1510.4864864864865,0.016145960635560945,11.65898408930178,0.9350434346943014,-7.460588856383737e-94
1510.990990990991,0.016092015557910993,11.600474346731177,0.9316642310974885,-7.4701301313241e-94
1511.4954954954956,0.016038274697867286,11.542258503185533,0.9283013567369774,-7.479689968854773e-94
1512.0,0.015984737122816152,11.484335082057092,0.9249546719870213,-7.489268378310128e-94
1512.0,840.0159847374925,11.484335082056246,0.9249546719870217,-7.489268378310127e-94
1512.5045045045044,823.812121538375,19.755983233427518,14.590158456245227,-7.490205120612924e-94
1513.009009009009,816.3477756081609,27.910316021386635,54.42803050615971,-7.440491701906039e-94
1513.5135135135135,808.9538495633494,35.94884242741889,118.75215807870215,-7.294389041519391e-94
1514.018018018018,801.6296603251538,43.87285053634975,205.9512812163538,-7.015555298608808e-94
1514.5225225225224,794.3745314732785,51.68361510941472,314.4864134833162,-6.582631335045764e-94
1515.027027027027,787.187793180847,59.38239771823258,442.8880563322462,-5.994381308933982e-94
1515.5315315315315,780.0687821501714,66.9704468770336,589.75352211178,-5.272212681132653e-94
1516.036036036036,773.0168415489929,74.44899817387372,753.7443430860732,-4.458596608709111e-94
1516.5405405405406,766.0313209474202,81.81927440041889,933.5837791443198,-3.6104337905850274e-94
1517.045045045045,759.111576255496,89.08248568042364,1128.0544131722868,-2.7887874717853045e-94
1517.5495495495495,752.2569696613403,96.23982959696734,1335.995833838789,-2.0475801227495415e-94
1518.054054054054,745.4668695698734,103.29249131852399,1556.302393247964,-1.4245537727387105e-94
1518.5585585585586,738.7406505421801,110.24164372366259,1787.9210540614902,-9.364822590993544e-95
1519.063063063063,732.0776932354846,117.08844752449629,2029.8493137168432,-5.8019912286736676e-95
1519.5675675675675,725.4773843436569,123.83405138900055,2281.1331992799787,-3.378718744669761e-95
1520.0720720720722,718.9391165383156,130.47959206209367,2540.865335354531,-1.8427540603007487e-95
1520.5765765765766,712.4622884105063,137.02619448553753,2808.1830800971925,-9.381909776385093e-96
1521.081081081081,706.0463044129555,143.4749719165968,3082.2667339648774,-4.445526364529128e-96
1521.5855855855855,699.6905748029118,149.8270260455081,3362.3378124373116,-1.9435038813197517e-96
1522.0900900900901,693.3945155855066,156.08344711184654,3647.6573790078223,-7.751419462759401e-97
1522.5945945945946,687.1575484577153,162.24531401965922,3937.5244422885235,-2.7233186314059695e-97
1523.099099099099,680.9791007527463,168.31369445166843,4231.274402396057,-8.036661897476792e-98
1523.6036036036037,674.8586053850945,174.28964498212702,4528.277564016362,-2.681825606805332e-98
1524.1081081081081,668.7955007961227,180.17421118856785,4827.937703673073,-2.2960562388971383e-98
1524.6126126126126,662.7892309001317,185.96842776250256,5129.690687852068,-3.324564084457568e-98
1525.117117117117,656.8392450309716,191.67331861903,5433.0031402818995,-2.4663859103668495e-98
1525.6216216216217,650.9449978891921,197.28989700529564,5737.371162075284,-6.607503929453558e-98
1526.126126126126,645.105949489626,202.81916560807252,6042.319089932991,-2.096356847720431e-97
1526.6306306306305,639.3215651095633,208.26211666007217,6347.398310607665,6.017353912091546e-97
1527.1351351351352,633.5913152374407,213.6197320452175,6652.186118017919,-2.9190065008473374e-96
1527.6396396396397,627.9146755220181,218.89298340289253,6956.284612001217,1.1612152702732502e-95
1528.144144144144,622.2911267220207,224.08283223120222,7259.319637252071,-4.53595308153204e-95
1528.6486486486488,616.7201546562942,229.1902299891812,7560.939762152082,1.565161413583733e-94
1529.1531531531532,611.2012501544351,234.21611819802257,7860.815294726099,-4.032930122911945e-94
1529.6576576576576,605.7339090078781,239.16142854131616,8158.637336342556,9.14001528297657e-94
1530.162162162162,600.3176319215501,244.0270829641452,8454.116875687112,6.645541910863808e-93
1530.6666666666667,594.951924465957,248.81399377126064,8746.983915050609,3.6144249088063215e-93
1531.1711711711712,589.6362970296411,253.52306372449553,9036.986622610893,-6.256689206626067e-94
1531.6756756756756,584.3702647722131,258.1551861389613,9323.890525662278,-2.7726529571760164e-93
1532.1801801801803,579.1533475778189,262.711244978364,9607.477731304014,-3.4466381817298167e-93
1532.6846846846847,573.985070008912,267.19211494967544,9887.546168490813,-2.900225404567295e-93
1533.1891891891892,568.864961260899,271.598661595971,10163.908888177515,4.145237811121191e-93
1533.6936936936936,563.7925551167868,275.9317413892796,10436.39335945154,-3.6547735735875513e-93
1534.1981981981983,558.767389902476,280.19220182209125,10704.840806771326,5.621943215461772e-93
1534.7027027027027,553.7890084422926,284.3808814983633,10969.105560757444,7.694186597672852e-93
1535.2072072072071,548.856958015259,288.4986102229644,11229.054454123685,-3.9915556580465895e-92
1535.7117117117118,543.9707903116403,292.54620909060304,11484.56622961398,1.0600155115658464e-91
1536.2162162162163,539.1300613898759,296.52449057387435,11735.530971389171,-2.0282197206733077e-91
1536.7207207207207,534.3343316340857,300.4342586102031,11981.849565205259,2.628095881967931e-91
1537.2252252252251,529.5831657114527,304.2763086889625,12223.43315329143,1.6023331791982685e-90
1537.7297297297298,524.8761325309074,308.05142793585185,12460.202657873902,-5.115210624806141e-90
1538.2342342342342,520.2128052017648,311.7603951976797,12692.088292200895,3.7035791746006996e-90
1538.7387387387387,515.5927609921021,315.403981127205,12919.029071063327,4.3578094535270005e-89
1539.2432432432433,511.01558128892816,318.9829482642837,13140.972408044716,7.75916292876777e-89
1539.7477477477478,506.48085155800527,322.498051118667,13357.873670722718,5.9210442146930456e-89
1540.2522522522522,501.98816130339026,325.9500362520707,13569.695753553422,-4.854235070268978e-89
1540.7567567567567,497.5371040285849,329.33964235744406,13776.408710562248,-1.7340316798161184e-88
1541.2612612612613,493.1272771975676,332.6676003389061,13977.989371456515,-1.336008527879007e-88
1541.7657657657658,488.7582821956472,335.9346333914172,14174.420963207605,-1.3959403417395073e-88
1542.2702702702702,484.42972429168117,339.1414570779546,14365.692782368791,-7.171028141677633e-88
1542.7747747747749,480.1412126002194,342.28877940680985,14551.799862587317,2.069320939313711e-87
1543.2792792792793,475.8923600437642,345.3773009084785,14732.74264837712,5.2088806827393115e-87
1543.7837837837837,471.68278331536186,348.407714711986,14908.526681434287,1.7555449052705428e-87
1544.2882882882882,467.51210284277124,351.3807066180647,15079.162340462532,-1.0976371692574883e-87
1544.7927927927929,463.3799427505537,354.2969551763809,15244.664508974873,-1.4369935360373198e-87
1545.2972972972973,459.28593082546917,357.15713175605583,15405.052360045931,-1.459436048950219e-87
1545.8018018018017,455.2296984801809,359.96190061968593,15560.349076970431,-3.243250224335224e-88
1546.3063063063064,451.2108807173089,362.71191899660414,15710.581590232941,4.5464041101103784e-88
1546.8108108108108,447.2291160957483,365.40783715148274,15855.780385034323,9.208499530167879e-88
1547.3153153153153,443.28404669454653,368.05029845794337,15995.979230427052,4.9654039517949236e-88
1547.8198198198197,439.3753180794574,370.639939466645,16131.214993161739,1.4418776881096547e-88
1548.3243243243244,435.50257926901475,373.17738997437,16261.527432664365,-3.929375420320418e-88
1548.8288288288288,431.6654826997219,375.66327309495375,16386.958971940647,-5.9227061294922e-88
1549.3333333333333,427.86368419431375,378.0982053238264,16507.554556052575,-3.070641306678837e-88
1549.837837837838,424.0968429274935,380.4827966077754,16623.36143695303,1.8534672145433323e-88
1550.3423423423424,420.3646213936915,382.8176504105392,16734.429015884834,1.2694872323460782e-88
1550.8468468468468,416.66668537534275,385.1033637772717,16840.80869584829,6.068424892978898e-88
1551.3513513513512,413.0027039088004,387.34052740400523,16942.553674285762,1.5965756854239436e-87
1551.855855855856,409.3723492553896,389.5297256964284,17039.71886300099,4.774557841267908e-88
1552.3603603603603,405.7752968670122,391.67153683987414,17132.360674924777,-2.1714773916305915e-87
1552.8648648648648,402.2112253577844,393.7665328568478,17220.53695573684,1.0823068050418476e-87
1553.3693693693695,398.679816470979,395.81527967433834,17304.306801035014,5.292479259731458e-87
1553.873873873874,395.1807550499994,397.81833718269843,17383.73046994269,-8.589390321941688e-87
1554.3783783783783,391.7137290075892,399.77625929827235,17458.869252490764,-1.3527734930483261e-86
1554.8828828828828,388.2784292953531,401.68959402530123,17529.785349709102,3.641216321583882e-86
1555.3873873873874,384.87454987578394,403.5588835126177,17596.541799291623,2.698562210820382e-86
1555.8918918918919,381.5017876901531,405.3846641190027,17659.2023219261,-1.1182786200295547e-85
1556.3963963963963,378.1598426327496,407.1674664652228,17717.831288961777,-3.311771952604627e-86
1556.900900900901,374.84841751873023,408.9078154995151,17772.493568075188,3.337727887039305e-85
1557.4054054054054,371.56721805885,410.60623054875117,17823.25449564636,-6.782458361267345e-86
1557.9099099099099,368.3159528283209,412.26322538166215,17870.179743424094,-9.525131470985156e-85
1558.4144144144143,365.09433324132493,413.8793082605059,17913.33528326973,8.069252422853979e-85
1558.918918918919,361.90207352170336,415.4549820003933,17952.78728623641,4.407785692497036e-84
1559.4234234234234,358.73889067613476,416.99074402366216,17988.602063647922,7.005708852817615e-84
1559.9279279279278,355.60450446657455,418.4870864159237,18020.845992666305,8.258137193235252e-84
1560.4324324324325,352.4986373844082,419.944495978324,18049.585470988193,7.808909848284192e-84
1560.936936936937,349.42101462201606,421.3634542851647,18074.8868296044,5.017159323602094e-84
1561.4414414414414,346.3713640490155,422.7444377319836,18096.816314968168,1.678637878835553e-84
1561.945945945946,343.3494161830187,424.0879175948137,18115.43999363074,-1.0221327797168222e-84
1562.4504504504505,340.3549041673192,425.3943600751108,18130.823752281907,-2.007921641008747e-84
1562.954954954955,337.38756374155076,426.66422635954666,18143.03319847954,-1.0590055322942486e-85
1563.4594594594594,334.4471332203583,427.89797266301457,18152.133668781637,1.2400646102190951e-84
1563.963963963964,331.53335346403145,429.0960502879859,18158.19013687519,7.428257351023113e-85
1564.4684684684685,328.64596785797727,430.2589056658887,18161.26722470031,5.960858621425019e-85
1564.972972972973,325.7847222836489,431.38698041622047,18161.42911601721,-5.959549966165939e-86
1565.4774774774776,322.94936509889953,432.48071138594054,18158.739574492392,-7.216365855074545e-85
1565.981981981982,320.13964710887245,433.5405307085922,18153.261859044407,-3.07068349906681e-85
1566.4864864864865,317.35532154736677,434.5668658417953,18145.05874880204,-7.244269309533125e-86
1566.990990990991,314.5961440477659,435.5601396261056,18134.192461858423,8.267794784794178e-86
1567.4954954954956,311.8618726250322,436.52077032110464,18120.724682725613,3.2119306424725717e-85
1568.0,309.15226764709263,437.44917166355265,18104.716487981023,1.0911352062975232e-85
1568.5045045045044,306.4670918172467,438.3457529024502,18086.228373106533,-6.878936397126636e-86
1569.009009009009,303.80611014599714,439.2109188563037,18065.320185896002,-7.485484876490029e-86
1569.5135135135135,301.1690899341041,440.045069947221,18042.05115274951,-1.2580439347979062e-85
1570.018018018018,298.5558007446273,440.84860225731535,18016.479818539392,-2.328369595814529e-86
1570.5225225225224,295.96601438646024,441.62190756184515,17988.664073180757,8.712604612106865e-86
1571.027027027027,293.3995048869311,442.365373384693,17958.661097199012,5.594470625516573e-86
1571.5315315315315,290.8560484748202,443.0793830319642,17926.52738389977,-4.674919775521201e-86
1572.036036036036,288.335423555528,443.76431564251527,17892.31870372761,-2.131917673580417e-85
1572.5405405405406,285.8374106924043,444.4205462252625,17856.090111725378,-2.672751835452921e-85
1573.045045045045,283.36179258359886,445.0484457066384,17817.89592327497,-1.0880188858586678e-86
1573.5495495495495,280.9083540432826,445.64838096825343,17777.78971804648,-3.6105650171092565e-87
1574.054054054054,278.4768820006466,446.22071484985946,17735.824319151787,4.085636045792254e-87
1574.5585585585586,276.0671654447952,446.76580625779917,17692.051800389923,-7.83165763935789e-88
1575.063063063063,273.6789953493056,447.2840103108486,17646.52350286336,1.5202410865825435e-88
1575.5675675675675,271.3121647589124,447.7756781765614,17599.28999274641,4.6091728923631506e-88
1576.0720720720722,268.9664688319079,448.24115699259835,17550.40103380676,-1.347758400672123e-88
1576.5765765765766,266.64170465405675,448.68079022414094,17499.905645490922,-1.6872240125563908e-88
1577.081081081081,264.33767126000714,449.09491762473164,17447.85208759335,-5.152756479215071e-89
1577.5855855855855,262.0541696430674,449.48387521972194,17394.287848145155,9.010254966390135e-89
1578.0900900900901,259.7910027364402,449.8479953430586,17339.259646848324,6.2185812858941555e-89
1578.5945945945946,257.5479754093935,450.18760664763437,17282.813425000222,-6.72816345771895e-90
1579.099099099099,255.3248944259021,450.50303418593285,17224.99435569539,-1.927550292920263e-89
1579.6036036036037,253.12156842646777,450.794599446549,17165.84684574662,-7.087601416991302e-90
1580.1081081081081,250.937807907756,451.0626203952406,17105.414538120367,3.148617228301344e-89
1580.6126126126126,248.77342522647658,451.3074114669171,17043.7403114477,3.827354641975438e-89
1581.117117117117,246.62823456598161,451.52928363317847,16980.866285533935,6.045417975717673e-89
1581.6216216216217,244.50205190039784,451.7285444734174,16916.83382594653,6.130947433937771e-89
1582.126126126126,242.3946950052161,451.9054981543559,16851.68354619261,4.609482900278086e-89
1582.6306306306305,240.30598341189992,452.0604455207848,16785.45531368022,2.495170630913598e-89
1583.1351351351352,238.23573840994254,452.1936840913275,16718.18825392096,-1.4018635039349558e-89
1583.6396396396397,236.18378303704955,452.305508078616,16649.92075436635,-1.595869203716171e-89
1584.144144144144,234.14994204280234,452.39620846150234,16580.690471581293,3.257920171890956e-91
1584.6486486486488,232.13404189798715,452.46607296671374,16510.534335722165,1.1399967738505979e-89
1585.1531531531532,230.1359107552531,452.5153861474891,16439.488556780656,1.4093366353863583e-89
1585.6576576576576,228.15537844094507,452.5444293997495,16367.588632414217,7.687830903695246e-90
1586.162162162162,226.19227643674787,452.55348099904603,16294.869353662078,-7.727952209810843e-90
1586.6666666666667,224.24643785939833,452.5428161409743,16221.364812373777,-1.699784735817124e-89
1587.1711711711712,222.31769745339926,452.51270695591677,16147.108401907653,-1.1556361531610522e-89
1587.6756756756756,220.40589156954988,452.46342255176853,16072.132837821187,-5.891268732116026e-90
1588.1801801801803,218.51085814630167,452.39522905138205,15996.470152566146,-3.238041012444078e-90
1588.6846846846847,216.63243669344894,452.3083896251804,15920.151703301792,-4.470712016032067e-91
1589.1891891891892,214.7704682982226,452.2031644784884,15843.208196803607,3.3024046511598714e-90
1589.6936936936936,212.92479557592014,452.0798109509552,15765.669672523944,4.8319843890896825e-90
1590.1981981981983,211.09526267545638,451.938583504965,15687.565524614687,1.5204104835567086e-90
1590.7027027027027,209.28171527440367,451.7797337350727,15608.924515887118,-7.798094056805073e-91
1591.2072072072071,207.48400053769285,451.6035104515338,15529.774768880401,-3.11507015634952e-90
1591.7117117117118,205.70196712129783,451.410159672103,15450.14378600179,-4.151897751957975e-90
1592.2162162162163,203.93546515710474,451.19992465207457,15370.058458238052,-4.819370985121031e-90
1592.7207207207207,202.18434622911755,450.97304593255495,15289.545065166894,-2.4653218026211252e-90
1593.2252252252251,200.4484633670884,450.7297613523833,15208.6292905159,2.2039522222471788e-90
1593.7297297297298,198.7276710306267,450.4703060799267,15127.33622921382,5.517527207341321e-90
1594.2342342342342,197.02182509081086,450.19491265016575,15045.690392116421,5.937482635102197e-90
1594.7387387387387,195.33078282522698,449.9038109738467,14963.715719937745,5.6190918484983795e-90
1595.2432432432433,193.65440289660148,449.597228380525,14881.43558810916,5.438671987089639e-90
1595.7477477477478,191.99254533717507,449.2753896497884,14798.87281453007,3.709414842066727e-90
1596.2522522522522,190.34507154627494,448.9385170154415,14716.049671473093,1.0550837711541128e-90
1596.7567567567567,188.71184427201305,448.58683020219314,14632.987892707715,-1.165845631467953e-90
1597.2612612612613,187.09272758773537,448.22054647305856,14549.708679654672,-1.8433015955608624e-90
1597.7657657657658,185.487586894237,447.83988062407656,14466.23271279145,-8.495495117169834e-91
1598.2702702702702,183.8962889064149,447.44504501083117,14382.580159737014,-4.119804018666765e-91
1598.7747747747749,182.31870162364245,447.0362496083442,14298.770682176068,3.8487719689099395e-91
1599.2792792792793,180.75469433306864,446.61370200351047,14214.82344525957,1.1709489687706e-90
1599.7837837837837,179.20413759967514,446.1776074146137,14130.757124878,2.0273052135753236e-90
1600.2882882882882,177.66690323589293,445.72816875288,14046.589918319805,1.9249162029983619e-90
1600.7927927927929,176.14286430310662,445.26558661850726,13962.339550562805,2.434554102163308e-91
1601.2972972972973,174.63189510452895,444.79005931443686,13878.023280012261,-9.100668783069106e-91
1601.8018018018017,173.13387115456615,444.30178290839905,13793.657913057566,-1.9240800527365486e-90
1602.3063063063064,171.64866917921424,443.8009512312342,13709.259807884202,-2.0229801069277655e-90
1602.8108108108108,170.1761671123318,443.2877558837476,13624.844878826872,-2.226205355801659e-90
1603.3153153153153,168.71624406247176,442.7623863038436,13540.428613391832,-1.5555281020723034e-90
1603.8198198198197,167.26878031457056,442.22502976227,13456.026074554782,4.5334051109428634e-91
1604.3243243243244,165.83365732645123,441.6758713690115,13371.651904820606,2.265201610435548e-90
1604.8288288288288,164.41075769845597,441.1150941346472,13287.320342714433,3.4976979552599817e-90
1605.3333333333333,162.99996517161347,440.54287897332745,13203.045226194465,3.1227444547247035e-90
1605.837837837838,161.6011646241925,439.9594047090538,13118.839995959934,2.1517418369761757e-90
1606.3423423423424,160.21424204846403,439.364848122458,13034.717709671626,5.991823139394843e-91
1606.8468468468468,158.83908454139961,438.75938396905696,12950.691048557348,-1.8769435415340746e-90
1607.3513513513512,157.4755803029134,438.1431849820775,12866.772318999067,-4.453476028035865e-90
1607.855855855856,156.12361861844911,437.51642190731036,12782.973464213146,-5.908144386607949e-90
1608.3603603603603,154.7830898439171,436.87926353316954,12699.306074502985,-4.924786361184761e-90
1608.8648648648648,153.4538854051042,436.23187669112605,12615.781387172496,-1.802271841556657e-90
1609.3693693693695,152.13589778478737,435.57442628130605,12532.410295294465,1.451003163770574e-90
1609.873873873874,150.82902050346163,434.9070753111373,12449.20336165833,5.268349509916632e-90
1610.3783783783783,149.53314811963136,434.2299848940063,12366.17081725694,8.659707648692339e-90
1610.8828828828828,148.24817622060235,433.5433142673421,12283.322567187872,1.03695780145706e-89
1611.3873873873874,146.97400139985066,432.847220838097,12200.668207770312,8.193466779614694e-90
1611.8918918918919,145.71052125807478,432.1418601798756,12118.217023986383,1.003523911173044e-90
1612.3963963963963,144.4576343969954,431.42738604484026,12035.977992776341,-5.819351224662647e-90
1612.900900900901,143.21524039422482,430.7039504143429,11953.959802683905,-1.282565812474749e-89
1613.4054054054054,141.9832398047891,429.9717034950655,11872.170850558115,-1.7537899659085815e-89
1613.9099099099099,140.76153415726432,429.2307937261677,11790.619242524002,-1.9659958892939447e-89
1614.4144144144143,139.55002592715238,428.4813678329525,11709.312815638958,-1.4996704901226929e-89
1614.918918918919,138.34861853848054,427.7235708228557,11628.25913404639,5.396149199176991e-91
1615.4234234234234,137.15721636174882,426.9575459890392,11547.465487951968,1.5341011653580265e-89
1615.9279279279278,135.97572468656102,426.18343496533726,11466.938916751205,3.004768328128e-89
1616.4324324324325,134.80404972373515,425.40137772136245,11386.686204177897,3.868632223172505e-89
1616.936936936937,133.64209860129958,424.6115125701003,11306.71387897143,4.347526254520491e-89
1617.4414414414414,132.48977934357694,423.81397620964816,11227.028232273407,3.930676303666259e-89
1617.9459459459458,131.34700086687738,423.00890373140203,11147.635318688703,2.0273725535555434e-89
1618.4504504504505,130.2136729727215,422.196428632531,11068.540959419153,-2.1652661965678084e-92
1618.954954954955,129.08970634344638,421.3766828254094,10989.750743857008,7.688442643087793e-91
1619.4594594594594,127.97501253662618,420.5497966503929,10911.270039742329,-1.1383993482705492e-90
1619.963963963964,126.86950398653335,419.71589887404633,10833.10399399391,-9.564584814397115e-91
1620.4684684684685,125.77309395160164,418.8751167845223,10755.257548409789,-1.1237172769301896e-91
1620.972972972973,124.6856965044439,418.0275762109483,10677.735444967895,1.42401463871793e-91
1621.4774774774774,123.60722649879446,417.1734015836285,10600.5422361558,1.913311662597247e-92
1621.981981981982,122.5375996532501,416.31271578539327,10523.682267312617,-1.0050914280894722e-91
1622.4864864864865,121.47673259308742,415.4456400780162,10447.159669416465,-9.710920734988846e-92
1622.990990990991,120.4245427947281,414.5722942028711,10370.978374932572,1.3095474416344468e-92
1623.4954954954956,119.38094844201356,413.6927966403848,10295.142156914557,4.330808004757133e-92
1624.0,118.34586850088432,412.8072644772862,10219.654612823342,1.0879353002890946e-92
1624.5045045045044,117.3192227335193,411.9158133827243,10144.51916404286,-1.4499747198151768e-92
1625.0090090090089,116.30093166105213,411.01855767406056,10069.73906289839,-1.9686924416232972e-92
1625.5135135135135,115.29091660511823,410.1156102468217,9995.317391316281,-1.816142295795269e-92
1626.018018018018,114.28909964000667,409.20708265896843,9921.257069464453,-1.6631732493619936e-93
1626.5225225225224,113.29540361441728,408.29308509427176,9847.560855176604,3.3320300189440676e-93
1627.027027027027,112.30975210732124,407.3737264441527,9774.231359920765,5.902881587538742e-93
1627.5315315315315,111.33206946555653,406.44911423676075,9701.271032765944,7.835439743958219e-95
1628.036036036036,110.36228073840991,405.5193547620514,9628.682191285625,-4.4673757246086195e-93
1628.5405405405406,109.40031172802729,404.58455297554434,9556.466997976875,-6.0440769560969895e-93
1629.045045045045,108.44608893098155,403.6448126107081,9484.627488844888,-1.0387968523667911e-92
1629.5495495495495,107.49953959036773,402.7002360782117,9413.165547062685,-1.4488485472807733e-92
1630.054054054054,106.56059163640825,401.75092458202255,9342.082934648266,-1.6822401503067428e-92
1630.5585585585586,105.62917369544415,400.7969781002639,9271.381285514371,-1.3606343275266647e-92
1631.063063063063,104.70521508566162,399.83849539469645,9201.062109109582,-4.98331119140662e-93
1631.5675675675675,103.7886458241616,398.87557399766933,9131.126787483252,-4.237386102615621e-93
1632.0720720720722,102.87939656994749,397.908310320685,9061.576602173614,-1.2583155742644097e-92
1632.5765765765766,101.97739870119996,396.9367995065643,8992.412696191312,-1.8624522462130025e-92
1633.081081081081,101.08258422838735,395.9611355967387,8923.636117935272,-1.7442183157483725e-92
1633.5855855855855,100.19488583303162,394.9814114564905,8855.247800635037,-8.183503450721122e-93
1634.0900900900901,99.31423685991494,393.99771878992436,8787.248565635728,-5.673309612339998e-93
1634.5945945945946,98.44057129576942,393.01014818151737,8719.639134811256,-1.1984442018870558e-92
1635.099099099099,97.57382376293685,392.0187891074816,8652.420130737333,-1.1951873687547102e-92
1635.6036036036037,96.71392952690957,391.0237299222097,8585.592075089577,-5.231682484790471e-93
1636.1081081081081,95.86082447728384,390.02505789459826,8519.155396398492,6.86820175327656e-93
1636.6126126126126,95.01444512204314,389.0228592192506,8453.110432775953,1.2252240512130506e-92
1637.117117117117,94.17472858658863,388.01721901820247,8387.4574327113,6.942515355203984e-93
1637.6216216216217,93.34161260815436,387.00822135145773,8322.196556260524,3.7665340537510734e-93
1638.126126126126,92.515035522432,385.9959492433473,8257.327882730051,1.932372661475861e-93
1638.6306306306305,91.69493626619838,384.9804846772011,8192.851407856591,1.8495950321755068e-93
1639.1351351351352,90.88125437065348,383.9619086083036,8128.767046876642,9.11306992282513e-95
1639.6396396396397,90.07392994968383,382.9403009864084,8065.074640561129,-1.102858245946417e-93
1640.144144144144,89.27290370210181,381.915740751158,8001.773952067038,-1.1616224979441886e-93
1640.6486486486488,88.47811690032032,380.8883058544589,7938.864673886321,-5.474427440953324e-94
1641.1531531531532,87.68951138697129,379.8580732665195,7876.346427572577,4.094979578744868e-94
1641.6576576576576,86.90702956873778,378.8251189878243,7814.2187666044765,1.1720096345645e-93
1642.162162162162,86.1306144111791,377.78951805924345,7752.481178893666,6.435769285380793e-94
1642.6666666666667,85.36020943295344,376.75134457304887,7691.133088009327,1.312958059867661e-94
1643.1711711711712,84.59575869979938,375.7106716844919,7630.17385670855,-5.171616792259584e-94
1643.6756756756756,83.83720682074087,374.6675716190262,7569.602787225058,-1.1124982480652296e-93
1644.1801801801803,83.08449894189062,373.6221156842682,7509.41912404489,-1.3087069873672793e-93
1644.6846846846847,82.33758074026964,372.57437428191736,7449.622056559482,-3.535857996113286e-94
1645.1891891891892,81.59639842210366,371.5244169106814,7390.21071831903,5.296913968295389e-94
1645.6936936936936,80.860898713121,370.47231218535745,7331.184192312342,1.2068049359094183e-93
1646.1981981981983,80.13102885727199,369.41812783904817,7272.5415098599315,1.5508809552000909e-93
1646.7027027027027,79.40673661016315,368.36193073581023,7214.2816535708835,1.2891355417143563e-93
1647.2072072072071,78.6879702335954,367.30378688112216,7156.403559419964,-5.6035443855247324e-95
1647.7117117117118,77.97467849237621,366.24376142807074,7098.906116925956,-1.081579977998259e-93
1648.2162162162163,77.26681064720763,365.18191869093397,7041.788172751067,-1.141279219190621e-93
1648.7207207207207,76.56431645136179,364.11832215107313,6985.048530715044,-3.3280622144113443e-94
1649.2252252252251,75.86714614536216,363.0530344671756,6928.685953819927,3.6667110857499984e-94
1649.7297297297298,75.17525045258543,361.9861174846046,6872.699165912761,9.626429098297108e-95
1650.2342342342342,74.48858057500517,360.91763224318356,6817.086852720422,5.345633317185508e-95
1650.7387387387387,73.8070881874697,359.84763898736486,6761.847663759288,2.7489826808872895e-95
1651.2432432432433,73.13072543377069,358.7761971742789,6706.980213488091,-3.5900673512987595e-96
1651.7477477477478,72.45944492164541,357.70336548337076,6652.4830828204995,1.9818228947081646e-95
1652.2522522522522,71.79319971888751,356.62920182366054,6598.354820246406,3.452379825274914e-95
1652.7567567567567,71.13194334902651,355.5537633420446,6544.593943095034,2.160251699639096e-95
1653.2612612612613,70.47562978663775,354.47710643223405,6491.198938880209,2.383082954950347e-96
1653.7657657657658,69.82421345286147,353.3992867433043,6438.16826656605,-5.8044995827079634e-96
1654.2702702702702,69.17764921089466,352.32035918828797,6385.500357818429,-2.966597437468394e-96
1654.7747747747749,68.53589235398805,351.24037796704107,6333.193620234267,2.0879603168505256e-95
1655.2792792792793,67.89889862227156,350.1593965341948,6281.246432814378,5.067896390193084e-95
1655.7837837837837,67.26662419002172,349.0774676234142,6229.657149424404,4.047379343525719e-95
1656.2882882882882,66.63902563912184,347.99464329804533,6178.424105637773,1.0978888467021212e-94
1656.7927927927929,66.01605998856606,346.91097489479665,6127.545611388581,1.586672634272201e-94
1657.2972972972973,65.39768466752103,345.82651307513197,6077.019957796232,1.0752581611017282e-94
1657.8018018018017,64.78385752331371,344.74130780984433,6026.845414081057,1.2474791993736455e-94
1658.3063063063064,64.1745368002219,343.65540841981436,5977.0202351083635,9.03836680999636e-95
1658.8108108108108,63.569681149456386,342.5688635567348,5927.542657196448,-2.4494781238112444e-95
1659.3153153153153,62.96924964147748,341.48172117954704,5878.410893982436,-9.535077207216689e-95
1659.8198198198197,62.3732017208758,340.39402864069456,5829.623150681603,-1.4418692937853713e-94
1660.3243243243244,61.78149723511685,339.3058326311343,5781.177614419042,-1.5124393167430434e-94
1660.8288288288288,61.194096431536046,338.2171791860854,5733.072454765954,-1.379958062410579e-94
1661.3333333333333,60.610959932955076,337.1281137315276,5685.305831616272,-7.503877603059594e-95
1661.837837837838,60.032048749246805,336.03868106214014,5637.875890574504,2.1597633360601687e-95
1662.3423423423424,59.457324269890165,334.94892535549855,5590.78076496998,9.565382886175023e-95
1662.8468468468468,58.886748260831496,333.85889017799866,5544.01857722793,1.0666253326869601e-94
1663.3513513513512,58.32028285799086,332.7686184971514,5497.587439509589,6.350062041704538e-95
1663.855855855856,57.75789056462656,331.67815268662395,5451.485454540254,3.336438166183358e-96
1664.3603603603603,57.19953425007395,330.5875345287452,5405.710716144128,-9.325838340592692e-95
1664.8648648648648,56.645177144553074,329.4968052243229,5360.261309504217,-1.9279227985202513e-94
1665.3693693693695,56.09478283501128,328.4060054005292,5315.135312671811,-2.4343630479337883e-94
1665.873873873874,55.548315261188975,327.31517511837825,5270.330797494632,-1.734810371289087e-94
1666.3783783783783,55.00573871788439,326.2243538686072,5225.845827824124,-8.407157497860861e-95
1666.8828828828828,54.46701784447292,325.133580591405,5181.678463041699,3.327713259615261e-96
1667.3873873873874,53.93211762385561,324.04289367849316,5137.826757780922,4.816524121596096e-95
1667.8918918918919,53.40100338415522,322.95233096970327,5094.288760400726,1.0738780784807327e-94
1668.3963963963963,52.873640788014136,321.86192977367045,5051.062516775975,1.2033415010518388e-94
1668.900900900901,52.34999583358523,320.77172686575096,5008.146069036477,5.488358368848394e-95
1669.4054054054054,51.83003485189102,319.6817584933079,4965.537455661656,-8.809687756691773e-96
1669.9099099099099,51.3137245010468,318.5920603863314,4923.234713537542,-6.458251944391628e-95
1670.4144144144143,50.80103176482284,317.5026677604939,4881.235877466983,-7.335646389852127e-95
1670.918918918919,50.291923949959454,316.41361532255934,4839.538980391474,-9.48536827531436e-95
1671.4234234234234,49.78636868123867,315.3249372791177,4798.142055005026,-8.227815960192873e-95
1671.9279279279278,49.28433389998841,314.23666733985505,4757.043133306626,-3.351508968942838e-95
1672.4324324324325,48.785787861760014,313.1488387217814,4716.240246729151,1.670540156685052e-95
1672.936936936937,48.29069913059654,312.06148416041765,4675.73142797974,4.944564580998519e-95
1673.4414414414414,47.799036578934846,310.974635909973,4635.514710138105,5.376290703233233e-95
1673.9459459459458,47.310769384898734,309.88832574868974,4595.588127056438,6.02650902267933e-95
1674.4504504504505,46.82586702620237,308.8025849900042,4555.949715017318,4.321961668865646e-95
1674.954954954955,46.34429928067584,307.71744448221705,4516.597511848374,8.709533095393548e-96
1675.4594594594594,45.8660362230911,306.63293461457323,4477.529557456297,-2.0359083206374782e-95
1675.963963963964,45.39104822079201,305.5490853252109,4438.743894767141,-2.3864409134683284e-95
1676.4684684684685,44.919305932472824,304.4659261036085,4400.238569445286,-2.337802525261195e-95
1676.972972972973,44.450780304650415,303.3834859976868,4362.011630669314,-7.831602988178741e-96
1677.4774774774774,43.98544256951339,302.30179361776294,4324.061131178918,1.5294441941514524e-95
1677.981981981982,43.52326424180594,301.22087714253865,4286.385127790865,2.9009390812521053e-95
1678.4864864864865,43.06421711661202,300.14076432381154,4248.981681630847,1.9663917426038436e-95
1678.990990990991,42.60827326754695,299.0614824908182,4211.84885828931,5.214890469012204e-96
1679.4954954954956,42.15540504292841,297.98305855596453,4174.9847282754445,-6.171036498514997e-96
1680.0,41.70558506364229,296.9055190189313,4138.387367130075,-5.722932169547573e-96
1680.5045045045044,41.25878622137362,295.82888997192197,4102.054855774993,-3.7261493608103755e-97
1681.0090090090089,40.814981675745095,294.75319710433433,4065.9852807439474,4.8837861408701835e-96
1681.5135135135135,40.374144852095256,293.6784657075768,4030.1767344448317,3.1104259854005496e-96
1682.018018018018,39.93624943869939,292.6047206796565,3994.6273153753395,-4.576006824126342e-98
1682.5225225225224,39.50126938494486,291.5319865297653,3959.3351283416937,-3.092919621795523e-96
1683.027027027027,39.069178898823495,290.46028738291,3924.2982846843447,-1.407335513825127e-96
1683.5315315315315,38.63995244494625,289.3896469843327,3889.514902465661,1.1801202211842488e-96
1684.036036036036,38.213564742022015,288.3200887040602,3854.9831066839074,2.582861352610459e-96
1684.5405405405404,37.789990760754186,287.2516355413431,3820.7010294650104,9.89520184319474e-97
1685.045045045045,37.36920572164962,286.1843101290614,3786.6668102505205,-1.3725936974688332e-96
1685.5495495495495,36.95118509324759,285.1181347380413,3752.8785959686925,-1.8496179955410168e-96
1686.054054054054,36.535904589829904,284.05313128136385,3719.334541205773,-4.999525904830686e-97
1686.5585585585586,36.12334016929658,282.9893213186685,3686.0328083759955,1.5979134909140889e-96
1687.063063063063,35.71346803082647,281.9267260603099,3652.97156786746,1.593794417355224e-96
1687.5675675675675,35.306264613417746,280.8653663715628,3620.148998197974,1.2704441292435733e-97
1688.072072072072,34.90170659411446,279.80526277678507,3587.5632861618456,-1.7796810774890665e-96
1688.5765765765766,34.49977088638138,278.74643546350006,3555.212626965467,-1.4189916501775437e-96
1689.081081081081,34.1004346371983,277.68890428645267,3523.09522435754,2.064823163768366e-97
1689.5855855855855,33.70367522371236,276.6326887716648,3491.209290762453,1.835119224630639e-97
1690.0900900900901,33.30947025766749,275.5778081190899,3459.553047418734,1.4468804818784977e-97
1690.5945945945946,32.91779757825358,274.5242812069727,3428.124724504486,7.94064737142393e-98
1691.099099099099,32.528635255175416,273.47212659200267,3396.9225613548924,2.546085790739486e-98
1691.6036036036035,32.14196157233625,272.4213625334956,3365.94480597014,9.040166891540836e-99
1692.1081081081081,31.757755042432755,271.37200697446144,3335.189715769895,4.931310294978103e-99
1692.6126126126126,31.375994387446866,270.3240775702089,3304.6555569393645,2.406148604618004e-99
1693.117117117117,30.996658573863026,269.2775916412198,3274.340606049331,4.0013612009385804e-100
1693.6216216216217,30.619726784971977,268.23256621185504,3244.243149123611,-2.205737253383774e-100
1694.126126126126,30.245178414149375,267.1890180236824,3214.361481415017,-4.206346004404471e-101
1694.6306306306305,29.872993067254708,266.14696353344095,3184.6939076520293,1.3483597567361253e-101
1695.1351351351352,29.5031505670308,265.10641890720365,3155.23874238623,-1.0918710064461646e-100
1695.6396396396397,29.135630950875417,264.06740002629226,3125.994310021012,-1.9672087546870266e-100
1696.144144144144,28.770414469568507,263.0299224910942,3096.958944810937,-1.576193268927824e-100
1696.6486486486488,28.407481584594542,261.9940016263524,3068.130990900196,-7.117426378692369e-101
1697.1531531531532,28.046812966684477,260.9596524843577,3039.508802390222,-3.3695655925223658e-102
1697.6576576576576,27.68838949550876,259.92688984866044,3011.09074340713,2.237636382303618e-101
1698.162162162162,27.332192258844827,258.89572823637457,2982.8751881301673,5.969894509535099e-102
1698.6666666666667,26.978202551164884,257.8661819033626,2954.860520872848,-1.6210120111569622e-101
1699.1711711711712,26.62640187291117,256.83826484571875,2927.045136095431,-3.0604737429099435e-101
1699.6756756756756,26.276771930837153,255.811990801205,2899.427438420293,-1.6820932911342017e-101
1700.1801801801803,25.92929463547874,254.78737325917615,2872.0058427566933,-3.7276229443370645e-102
1700.6846846846847,25.583952100000626,253.76442545980524,2844.778774273939,3.9841645617466995e-103
1701.1891891891892,25.24072664124705,252.74316039751744,2817.744668432993,-2.7258074285983895e-102
1701.6936936936936,24.8996007795604,251.7235908237235,2790.9019710095226,-5.453534458915887e-102
1702.1981981981983,24.560557237652322,250.70572925022157,2764.24913812451,-2.409258912146153e-102
1702.7027027027027,24.223578939287503,249.68958795326407,2737.7846362802406,8.725827736323596e-103
1703.2072072072071,23.88864901003976,248.6751789768336,2711.506942379404,-4.0277570240947323e-103
1703.7117117117118,23.555750778716302,247.66251413552456,2685.414543738424,-1.542964395324046e-102
1704.2162162162163,23.22486777356654,246.65160501755662,2659.5059381017586,-9.1533650638848e-103
1704.7207207207207,22.895983725136954,245.6424629879286,2633.779633656735,1.6237568370686576e-103
1705.2252252252251,22.569082566940338,244.63509919177747,2608.23414904964,2.253787843897847e-103
1705.7297297297298,22.244148433727332,243.62952455753964,2582.8680133962503,-2.2621034356952513e-103
1706.2342342342342,21.9211656630687,242.62574979999602,2557.6797662892072,-2.387074041827802e-103
1706.7387387387387,21.600118796872803,241.62378542335978,2532.667957804859,4.662245138570055e-104
1707.2432432432433,21.28099258045727,240.6236417244186,2507.831148509655,1.2169138545008768e-103
1707.7477477477478,20.96377196411255,239.62532879565768,2483.1679094648725,-3.0782770738778225e-104
1708.2522522522522,20.648442105869346,238.62885652835462,2458.6768222293695,-7.749465738796307e-104
1708.7567567567567,20.33498837079758,237.63423461566776,2434.3564788611757,1.5926931831202305e-104
1709.2612612612613,20.023396331704088,236.64147255572084,2410.2054819182263,3.4504568493189064e-104
1709.7657657657658,19.713651775440688,235.6505796547168,2386.222444458153,1.9721471099964167e-104
1710.2702702702702,19.405740700236212,234.66156503004248,2362.4059900370053,9.932804566826278e-105
1710.7747747747749,19.099649319971462,233.6744376133718,2338.754752707383,5.946260166654958e-105
1711.2792792792793,18.79536406687958,232.68920615380972,2315.2673770158076,3.816437844699851e-105
1711.7837837837837,18.492871593922445,231.70587922092582,2291.9425179996133,2.1061577304779432e-105
1712.2882882882882,18.192158778254445,230.7244652078986,2268.7788411835004,1.079144010524573e-105
1712.7927927927929,17.89321272510889,229.7449723351727,2245.7750225750956,7.191477890023148e-106
1713.2972972972973,17.596020770188677,228.76740865222567,2222.9297486628316,6.549167725225698e-106
1713.8018018018017,17.300570487061766,227.79178204221705,2200.2417164101316,6.026814096269719e-106
1714.3063063063064,17.006849688967613,226.8181002251982,2177.709633251688,4.3055348241797747e-106
1714.8108108108108,16.714846435528628,225.84637076097118,2155.332217090483,2.1916417702849776e-106
1715.3153153153153,16.424549038696263,224.87660105210563,2133.1081962950816,9.739041912714195e-107
1715.8198198198197,16.13594606914358,223.90879834740818,2111.036309697177,7.517674762630675e-107
1716.3243243243244,15.849026362897336,222.9429697455553,2089.115306589782,7.953924150490157e-107
1716.8288288288288,15.563779029600472,221.97912219861087,2067.3439467268413,8.240650075786409e-107
1717.3333333333333,15.280193460531718,221.01726251557977,2045.7210003227283,4.518116792309645e-107
1717.837837837838,14.998259339499608,220.05739736579346,2024.2452480557183,1.2477368596984619e-107
1718.3423423423424,14.717966651717639,219.09953328264706,2002.9154810713962,1.187380163589966e-107
1718.8468468468468,14.439305695015479,218.14367666742837,1981.7305009879133,2.484120543685071e-107
1719.3513513513512,14.162267093887666,217.18983379322086,1960.689119903804,2.7234335907403986e-107
1719.855855855856,13.8868418122767,216.23801080889487,1939.790160408311,1.1791784862818509e-107
1720.3603603603603,13.61302116903249,215.28821374320933,1919.0324555941822,-5.0082018974006305e-108
1720.8648648648648,13.340796853584036,214.34044850905596,1898.4148490739396,-5.225653566756958e-108
1721.3693693693695,13.07016094538312,213.39472090782826,1877.9361949984811,5.515145845068226e-108
1721.873873873874,12.801105934977269,212.45103663410802,1857.5953580821115,6.720799901598317e-108
1722.3783783783783,12.533624743365548,211.50940128039835,1837.3912136295962,1.4327261485612744e-108
1722.8828828828828,12.26771074964691,210.56982034208787,1817.322647568231,-1.1730286643576944e-108
1723.3873873873874,12.003357817203046,209.6322992226726,1797.3885564855445,5.655787015068279e-109
1723.8918918918919,11.740560322871515,208.69684323926194,1777.5878476733596,1.8480176361565753e-108
1724.3963963963963,11.47931319165282,207.76345762835592,1757.919439178061,1.516242144470187e-108
1724.900900900901,11.219611932040097,206.83214755192014,1738.38225985732,1.0523122744634812e-110
1725.4054054054054,10.961452677822113,205.90291810379333,1718.9752494444922,-2.9858899061094093e-109
1725.9099099099099,10.704832236934262,204.97577431668827,1699.6973586256922,2.4141985709225273e-109
1726.4144144144143,10.449748136880189,204.0507211694601,1680.5475491226107,2.7159052938741815e-109
1726.918918918919,10.196198677850818,203.1277635948347,1661.5247937861143,-8.023909447339718e-111
1727.4234234234234,9.94418301197455,202.2069064878109,1642.6280767038065,1.0454235063720437e-109
1727.9279279279278,9.693701199956593,201.28815471478035,1623.856393327751,7.243145019170427e-110
1728.4324324324325,9.444754286527013,200.37151312312528,1605.2087506190444,4.815880831289026e-110
1728.936936936937,9.197344400860667,199.45698655179055,1586.6841671422596,3.225071909905215e-110
1729.4414414414414,8.951474846216533,198.54457984255086,1568.281673236253,2.1690038909201793e-110
1729.9459459459458,8.707150225563046,197.63429785253763,1550.0003113592477,1.4659480901061212e-110
1730.4504504504505,8.464376550088945,196.726145467782,1531.8391361308202,9.952395831610554e-111
1730.954954954955,8.223161392937394,195.82012761786117,1513.797214628735,6.787546024682299e-111
1731.4594594594594,7.983514046227736,194.91624929221865,1495.873626664494,4.651235743767204e-111
1731.963963963964,7.745445706748192,194.0145155583838,1478.0674650767917,3.201649793834085e-111
1732.4684684684685,7.5089696795663405,193.11493158145453,1460.3778360716951,2.2134710343714618e-111
1732.972972972973,7.274101617635671,192.21750264593007,1442.8038595966993,1.5373454943704987e-111
1733.4774774774774,7.040859788776513,191.3222341802765,1425.3446697684376,1.0724344772474418e-111
1733.981981981982,6.809265384608549,190.42913178393474,1407.9994153483271,7.513476650558496e-112
1734.4864864864865,6.579342872913905,189.53820125764983,1390.767260278286,5.287697093692364e-112
1734.990990990991,6.35112040064015,188.64944863742565,1373.6473842836247,3.7376567772363567e-112
1735.4954954954956,6.124630257782864,187.7628802325274,1356.638983549733,2.652979406586833e-112
1736.0,5.899909413897928,186.87850266865638,1339.7412714916327,1.8912200075729368e-112
1736.5045045045044,5.677000131258093,185.99632293629188,1322.9534796154965,1.3540105707816158e-112
1737.0090090090089,5.455950676634298,185.11634844574044,1306.2748584987617,9.734111175815412e-113
1737.5135135135135,5.236816143396768,184.23858708943672,1289.7046788968241,7.027172053199252e-113
1738.018018018018,5.019659398910984,183.36304731275044,1273.242232997009,5.094138195191444e-113
1738.5225225225224,4.804552192907081,182.48973819523275,1256.8868358520076,3.7079599178671965e-113
1739.027027027027,4.59157641449039,181.61866954284508,1240.6378270012365,2.71021324513662e-113
1739.5315315315315,4.3808255752817145,180.74985199344673,1224.494572318522,1.9890140286243183e-113
1740.036036036036,4.172406526451638,179.8832971381863,1208.4564661264142,1.4656445146810955e-113
1740.5405405405404,3.966441348682133,179.01901766026532,1192.522933607427,1.08437022412234e-113
1741.045045045045,3.7630696875386493,178.1570274943306,1176.693433569243,8.054920312582844e-114
1741.5495495495495,3.5624512401710744,177.2973420090535,1160.967461598468,6.007258262421698e-114
1742.054054054054,3.3647686824339353,176.43997821618618,1145.3445536821887,4.497866781237595e-114
1742.5585585585586,3.17023087000003,175.58495500950212,1129.8242903538887,3.380983642844033e-114
1743.063063063063,2.979076394737896,174.73229343646295,1114.406301440339,2.5513787536196154e-114
1743.5675675675675,2.791577341799564,173.88201700549178,1099.0902714881265,1.932825654604406e-114
1744.072072072072,2.6080431909415553,173.03415202996993,1083.87594594542,1.469883695916709e-114
1744.5765765765766,2.428824562791435,172.18872801002738,1068.7631382008697,1.1221044394910619e-114
1745.081081081081,2.2543164682807806,171.34577804720752,1053.7517375194973,8.598647977860328e-115
1745.5855855855855,2.0849604676841214,170.50533928584642,1038.8417179672965,6.614027615795787e-115
1746.0900900900901,1.9212450271060613,169.66745336480037,1024.033148287013,5.106552315423581e-115
1746.5945945945946,1.7637028055858774,168.8321668551223,1009.3262026718966,3.9573647469279865e-115
1747.099099099099,1.6129037832566102,167.99953165072324,994.7211723625742,3.0781532500849954e-115
1747.6036036036035,1.4694425789357615,167.16960525870675,980.2184777027018,2.403089639346531e-115
1748.1081081081081,1.3339185114447036,166.34245092560928,965.8186802683047,1.8829220807261035e-115
1748.6126126126126,1.2069076224978963,165.5181375206752,951.5224942814681,1.4806989125792733e-115
1749.117117117117,1.0889265923676412,164.69673909857138,937.330796589446,1.1685892957706956e-115
1749.6216216216217,0.9803905681652422,163.878334068153,923.2446339935464,9.25562923351057e-116
1750.126126126126,0.8815690766958185,163.0630039241402,909.2652267184473,7.356771387340122e-116
1750.6306306306305,0.7925465852086976,162.25083156138106,895.393966827262,5.86805035467309e-116
1751.135135135135,0.7131955627920624,161.44189925409398,881.6324105417983,4.6969297756434697e-116
1751.6396396396397,0.6431691885190144,160.6362864714628,867.9822640291829,3.772556948701199e-116
1752.144144144144,0.5819178882817154,159.83406774685773,854.4453627077789,3.040512124983954e-116
1752.6486486486485,0.5287285344670118,159.03531084245492,841.0236450276606,2.458863339124533e-116
1753.1531531531532,0.48277969757115136,158.2400754061844,827.7191222965022,1.9951980444659777e-116
1753.6576576576576,0.44320278585490547,157.44841222998707,814.533846562786,1.6243838431644873e-116
1754.162162162162,0.4091384223669243,156.6603631113037,801.4698786581722,1.3268721965104716e-116
1754.6666666666667,0.37978027340566206,155.87596122542033,788.5292582356616,1.0874116080133595e-116
1755.1711711711712,0.3544029657869356,155.09523185604954,775.7139771324173,8.940661646485834e-117
1755.6756756756756,0.3323747755863221,154.3181933260842,763.0259568078172,7.374663725209621e-117
1756.18018018018,0.313158501989945,153.54485798678232,750.4670301024837,6.102356604548257e-117
1756.6846846846847,0.2963047035834538,152.77523316949672,738.0389270982388,5.065493247676406e-117
1757.1891891891892,0.28144112751641753,152.0093220441429,725.7432646586514,4.2179401504923625e-117
1757.6936936936936,0.26826095775089703,151.2471243587802,713.5815391501482,3.5230488420846844e-117
1758.1981981981983,0.2565116439159152,150.48863705563343,701.5551218171412,2.9516297912870023e-117
1758.7027027027027,0.24598498068102606,149.73385478186796,689.6652562233902,2.4803624891378847e-117
1759.2072072072071,0.23650875581993644,148.98277030364096,677.913057405617,2.090563894962748e-117
1759.7117117117118,0.22793990596234923,148.23537484222186,666.2995123422976,1.7672241394883906e-117
1760.2162162162163,0.22015898307198434,147.49165834624296,654.8254814465231,1.498250701767798e-117
1760.7207207207207,0.21306572327937887,146.75160971268946,643.4917008468199,1.2738745684117166e-117
1761.2252252252251,0.2065755122473592,146.0152169666883,632.2987852675233,1.0861825216262423e-117
1761.7297297297298,0.20061655513473575,145.282467408785,621.247231353118,9.287469575790528e-118
1762.2342342342342,0.1951276186076931,144.55334773566886,610.3374213253209,7.963334356871736e-118
1762.7387387387387,0.19005621131300396,143.82784414008464,599.5696268704808,6.8466780322617205e-118
1763.2432432432433,0.18535711772506933,143.10594239370155,588.9440131868803,5.902509516146824e-118
1763.7477477477478,0.18099120903072452,142.38762791624129,578.4606431308378,5.102109664998002e-118
1764.2522522522522,0.17692447415868182,141.67288583352436,568.1194814140135,4.421845621627712e-118
1764.7567567567567,0.17312722678645726,140.9617010262955,557.9203988153176,3.842221959161201e-118
1765.2612612612613,0.1695734517127998,140.25405817156667,547.8631763762783,3.347116873038586e-118
1765.7657657657658,0.16624026516758944,139.54994177781515,537.9475095567241,2.92316504913866e-118
1766.2702702702702,0.16310746562882947,138.8493362149967,528.1730123323289,2.5592599641733125e-118
1766.7747747747749,0.16015715775905348,138.15222574033783,518.539221219764,2.2461490900415413e-118
1767.2792792792793,0.1573734394704728,137.45859452045215,509.0455992169097,1.9761069179270307e-118
1767.7837837837837,0.15474213646479856,136.76842665045965,499.6915396496918,1.742668335968193e-118
1768.2882882882882,0.15225057710948092,136.08170617061037,490.4763699207017,1.5404098282482212e-118
1768.7927927927929,0.14988740227293615,135.3984170807337,481.39935515540884,1.364770727564322e-118
1769.2972972972973,0.14764240285716743,134.71854335271945,472.4597017341273,1.2119089329232564e-118
1769.8018018018017,0.14550637998632712,134.04206894158264,463.65656072243235,1.0785793902472279e-118
1770.3063063063064,0.14347102625094987,133.36897779506768,454.98903118427825,9.620357671193466e-119
1770.8108108108108,0.14152882192530486,132.6992538621421,446.45616338864005,8.599486029440405e-119
1771.3153153153153,0.13967294569152694,132.03288110044505,438.05696190206965,7.703379861439618e-119
1771.8198198198197,0.13789719704250608,131.36984348289747,429.7903885742826,6.915172437567959e-119
1772.3243243243244,0.1361959292124952,130.71012500350938,421.6553654113919,6.220467735336794e-119
1772.8288288288288,0.13456399046851936,130.05370968252925,413.650777340774,5.606955357431989e-119
1773.3333333333333,0.13299667173398017,129.40058157102104,405.77547486998094,5.064087316503585e-119
1773.837837837838,0.13148966148723315,128.75072475498706,398.0282766547819,4.5828023279388703e-119
1774.3423423423424,0.1300390061409933,128.10412335896174,390.4079719508617,4.155303644697459e-119
1774.8468468468468,0.1286410746046203,127.46076154921633,382.9133229672049,3.7748718383556915e-119
1775.3513513513512,0.1272925269139723,126.82062353663879,375.54306712695796,3.435704835356643e-119
1775.855855855856,0.12599028681536156,126.18369357931041,368.29591923621433,3.132781884490519e-119
1776.3603603603603,0.12473151715890653,125.54995598479854,361.1705735595132,2.86175006242e-119
1776.8648648648648,0.12351359786246448,124.91939511219474,354.165705804952,2.618829177238025e-119
1777.3693693693695,0.12233410644364764,124.29199537392988,347.2799750198481,2.400731308436648e-119
1777.873873873874,0.1211908002178852,123.66774123742599,340.512025414695,2.2045903455528062e-119
1778.3783783783783,0.12008160065610628,123.0466172265437,333.8604880962447,2.027903562430536e-119
1778.8828828828828,0.11900457963579546,122.42860792287173,327.32398272076966,1.8684823501064395e-119
1779.3873873873874,0.11795794641809719,121.8136979668803,320.9011190732472,1.7244098272435947e-119
1779.8918918918919,0.11694003642393731,121.20187205895353,314.5904985754614,1.5940041152396063e-119
1780.3963963963963,0.11594930047440725,120.59311496028543,308.3907157101601,1.4757877904512005e-119
1780.900900900901,0.11498429552435373,119.98741149373568,302.30035941789987,1.3684590038106623e-119
1781.4054054054054,0.11404367657111188,119.38474654451565,296.31801437918614,1.2708698990728544e-119
1781.9099099099099,0.1131261887055387,118.78510506081425,290.4422622474246,1.1820070351724855e-119
1782.4144144144143,0.11223065988708825,118.1884720543869,284.6716828506757,1.1009730360027859e-119
1782.918918918919,0.1113559948797157,117.59483260098268,279.0048552693687,1.0269742449787629e-119
1783.4234234234234,0.11050116925641806,117.00417184078765,273.4403589075333,9.593068239382962e-120
1783.9279279279278,0.109665224283711,116.41647497879056,267.9767745005223,8.973454105547051e-120
1784.4324324324325,0.10884726184011095,115.83172728510536,262.6126850779646,8.40533220744826e-120
1784.936936936937,0.10804644012357004,115.24991409522475,257.34667685698514,7.883739818344794e-120
1785.4414414414414,0.10726196958556022,114.67102081022159,252.17734007952936,7.404252141560354e-120
1785.9459459459458,0.10649310914338542,114.09503289693617,247.1032698248685,6.96291592405073e-120
1786.4504504504505,0.10573916275139367,113.52193588811616,242.1230667690205,6.556194223729001e-120
1786.954954954955,0.10499947619873466,112.95171538252943,237.23533790860128,6.180917167822181e-120
1787.4594594594594,0.10427343436528812,112.38435704502095,232.43869721179277,5.834242504820969e-120
1787.963963963964,0.10356045843223162,111.81984660657062,227.73176626369835,5.513616801416545e-120
1788.4684684684685,0.10286000354043119,111.25816986430212,223.11317484251884,5.216745404456137e-120
1788.972972972973,0.10217155616360815,110.69931268151429,218.58156153106998,4.941557385226816e-120
1789.4774774774774,0.10149463225758493,110.14326098761317,214.13557417510816,4.6861886202106526e-120
1789.981981981982,0.10082877555938942,109.5900007780776,209.77387038665253,4.448956782578451e-120
1790.4864864864865,0.10017355526344197,109.03951811441972,205.49511803952063,4.2283385948849376e-120
1790.990990990991,0.09952856456621191,108.49179912406403,201.29799563054718,4.0229583492958244e-120
1791.4954954954956,0.09889341969078398,107.94683000026583,197.1811926963056,3.831569824581143e-120
1792.0,0.09826775744378148,107.40459700201407,193.14341020449876,3.653041300387029e-120
1792.5045045045044,0.09765123401393073,106.86508645388615,189.18336085551533,3.486346019395555e-120
1793.0090090090089,0.09704352561414664,106.3282847459067,185.2997693895481,3.3305515762405575e-120
1793.5135135135135,0.09644432424727307,105.7941783334398,181.49137294976867,3.1848062194009614e-120
1794.018018018018,0.09585333601596349,105.26275373698104,177.75692124235954,3.0483364257400645e-120
1794.5225225225224,0.09527028787299283,104.73399754199366,174.09517681678028,2.9204369455415483e-120
1795.027027027027,0.09469491871523038,104.2078963987436,170.50491526996055,2.8004642029114773e-120
1795.5315315315315,0.09412697800731712,103.68443702212457,166.98492546585877,2.6878293475157855e-120
1796.036036036036,0.09356623067755077,103.16360619144253,163.53400970703578,2.5819936307384978e-120
1796.5405405405404,0.09301245371084141,102.64539075022294,160.1509838812677,2.4824639898855716e-120
1797.045045045045,0.09246543411170756,102.12977760600697,156.8346776006942,2.388788563372926e-120
1797.5495495495495,0.09192496973690695,101.61675373013455,153.58393432676863,2.3005526804342245e-120
1798.054054054054,0.09139086753541605,101.1063061575292,150.39761147608513,2.2173754768761698e-120
1798.5585585585586,0.09086294613623751,100.59842198646426,147.27458050772438,2.1389068946158985e-120
1799.063063063063,0.09034103003273607,100.09308837835361,144.21372699710858,2.064824905316218e-120
1799.5675675675675,0.08982495493253334,99.59029255749866,141.21395069436664,1.994832983569138e-120
1800.072072072072,0.08931456206103175,99.09002181087004,138.27416557094597,1.9286578312977566e-120
1800.5765765765766,0.08880970043524927,98.5922634878595,135.39329985638145,1.8660473019424228e-120
1801.081081081081,0.08831022665517195,98.09700500003949,132.57029605796896,1.806768601156263e-120
1801.5855855855855,0.0878160034387391,97.60423382091598,129.804110970743,1.7506065885893538e-120
1802.0900900900901,0.08732689975344786,97.1139374856698,127.09371567582784,1.697362214210548e-120
1802.5945945945946,0.08684279045360666,96.62610359093857,124.43809552967244,1.646851335940191e-120
1803.099099099099,0.08636355588072109,96.14071979455434,121.83625014382265,1.5989034149911348e-120
1803.6036036036035,0.08588908155653058,95.65777381527795,119.28719335465547,1.553360316581089e-120
1804.1081081081081,0.08541925793235573,95.17725343253692,116.78995318312292,1.5100752624852707e-120
1804.6126126126126,0.08495398009522696,94.69914648617703,114.34357178832266,1.46891194649796e-120
1805.1171171171172,0.08449314765791412,94.22344087626668,111.94710542024676,1.4297439488750878e-120
1805.6216216216217,0.0840366643249517,93.75012456271041,109.59962434119413,1.3924534133870942e-120
1806.126126126126,0.08358443758261555,93.27918556502222,107.30021275666645,1.3569305561919593e-120
1806.6306306306305,0.08313637889952592,92.81061196211046,105.0479687490768,1.3230731870108876e-120
1807.135135135135,0.082692403011554,92.34439189199743,102.84200419271752,1.2907860388819095e-120
1807.6396396396397,0.08225242810905747,91.88051355160263,100.68144467359512,1.2599804199175756e-120
1808.144144144144,0.08181637610017142,91.41896519643434,98.56542938670428,1.230573557873966e-120
1808.6486486486488,0.08138417065071275,90.95973514031994,96.49311103911405,1.2024880977865648e-120
1809.1531531531532,0.08095573975927253,90.5028117551415,94.4636557486258,1.1756517147860321e-120
1809.6576576576576,0.08053101405863956,90.04818347056288,92.4762429374702,1.1499966781808337e-120
1810.162162162162,0.08010992349955315,89.59583877380351,90.53006522022434,1.125459670482709e-120
1810.6666666666665,0.07969240487576587,89.1457662093467,88.62432828896142,1.1019814191349594e-120
1811.1711711711712,0.07927839778621318,88.69795437867367,86.75825079586882,1.0795063649806588e-120
1811.6756756756756,0.0788678374912617,88.25239194003112,84.9310642325726,1.0579823878039762e-120
1812.1801801801803,0.07846066754890461,87.80906760817867,83.14201281790197,1.0373605874663365e-120
1812.6846846846847,0.07805683200442766,87.36797015432285,81.39035340778322,1.0175950725591743e-120
1813.1891891891892,0.07765627596891515,86.92908840452013,79.67535507059361,9.98642670320162e-121
1813.6936936936936,0.07725894677055947,86.49241124166815,77.9962994599808,9.804628546986626e-121
1814.198198198198,0.07686479345552771,86.05792760419119,76.35248044246279,9.630175087302177e-121
1814.7027027027027,0.07647376667415783,85.62562648493703,74.74320377796988,9.462707251285035e-121
1815.2072072072071,0.07608581865748548,85.19549693187147,73.16778719672591,9.301887033492179e-121
1815.7117117117118,0.07570090311870638,84.76752804774873,71.62556024590877,9.147396051939915e-121
1816.2162162162163,0.07531897517051885,84.34170898964912,70.1158640886767,8.998933936682635e-121
1816.7207207207207,0.07493999129583995,83.9180289688218,68.63805142647122,8.856217712443171e-121
1817.2252252252251,0.07456390925445194,83.49647725038254,67.19148631668651,8.718980286945032e-121
1817.7297297297296,0.07419068803357981,83.07704315296631,65.77554402103378,8.586969401804554e-121
1818.2342342342342,0.07382028777346583,82.65971604848227,64.38961083296653,8.459946312126134e-121
1818.7387387387387,0.07345266976158785,82.24448536201842,63.0330840116064,8.337685630706701e-121
1819.2432432432433,0.07308779633673342,81.83134057142534,61.70537157485736,8.219973888086704e-121
1819.7477477477478,0.07272563087705486,81.42027120726077,60.40589223449543,8.10660950233401e-121
1820.2522522522522,0.07236613773537152,81.01126685236322,59.134075189596864,7.997401584732218e-121
1820.7567567567567,0.07200928220493918,80.60431714165628,57.889360001181345,7.892169378120983e-121
1821.261261261261,0.07165503047036666,80.19941176185068,56.6711964358418,7.790741492765205e-121
1821.7657657657658,0.07130334957801314,79.79654045123036,55.47904432874124,7.692955531753979e-121
1822.2702702702702,0.07095420738351108,79.39569299935272,54.31237342789533,7.598657167318262e-121
1822.7747747747749,0.0706075725560367,78.99685924687459,53.17066327409634,7.507700259801503e-121
1823.2792792792793,0.0702634145019698,78.60002908522935,52.05340303315342,7.419945675398131e-121
1823.7837837837837,0.06992170335362129,78.20519245645151,50.960091382927224,7.335261630345986e-121
1824.2882882882882,0.0695824099393216,77.81233935288465,49.890236351405534,7.25352263769585e-121
1824.7927927927926,0.06924550580524498,77.42145981694783,48.84335518658723,7.174609605891529e-121
1825.2972972972973,0.06891096309817288,77.03254394089245,47.818974212397556,7.098409138459798e-121
1825.8018018018017,0.06857875450843064,76.64558186654303,46.81662868757724,7.024813414762573e-121
1826.3063063063064,0.06824885343005518,76.26056378506429,45.83586266940891,6.953719721615935e-121
1826.8108108108108,0.0679212339839636,75.87747993671378,44.87622887542777,6.885030277761731e-121
1827.3153153153153,0.06759587049293081,75.49632061060342,43.93728854783573,6.81865188785104e-121
1827.8198198198197,0.06727273756069178,75.11707614446112,43.01861131827117,6.754495729796503e-121
1828.3243243243244,0.06695181115863073,74.73973692438705,42.119775074173305,6.692477099540265e-121
1828.8288288288288,0.06663306811299996,74.36429338462119,41.24036582703436,6.632515221345748e-121
1829.3333333333333,0.06631648400694345,73.99073600730559,40.37997758018781,6.574533027582483e-121
1829.837837837838,0.06600203506083424,73.61905532224719,39.53821219719192,6.518456940252501e-121
1830.3423423423424,0.0656896989743261,73.24924190667625,38.71467927233779,6.464216683918905e-121
1830.8468468468468,0.06537945504153811,72.88128638500946,37.90899600213446,6.411745105182996e-121
1831.3513513513512,0.06507128173207967,72.51517942862597,37.12078705932342,6.360978025798693e-121
1831.855855855856,0.0647651553214409,72.15091175564568,36.34968446723009,6.31185408923875e-121
1832.3603603603603,0.06446105490767136,71.78847413067885,35.595327475480374,6.26431461305001e-121
1832.8648648648648,0.06415896224857941,71.42785736459177,34.857362437583674,6.218303451769512e-121
1833.3693693693695,0.0638588556364359,71.06905231440425,34.1354427044795,6.173766869822765e-121
1833.873873873874,0.06356071533560423,70.71204988305819,33.42922850543453,6.130653423193654e-121
1834.3783783783783,0.06326452190196007,70.35684101801249,32.738386655482394,6.088913788663009e-121
1834.8828828828828,0.06297025608842119,70.00341671334634,32.06259078471167,6.048500768945043e-121
1835.3873873873874,0.06267789898313218,69.65176800823988,31.401521024527323,6.009369124168852e-121
1835.8918918918919,0.062387432006967676,69.3018859860954,30.75486380178008,5.9714754499118605e-121
1836.3963963963963,0.062098836871414195,68.95376177518983,30.122311857314887,5.934778129687643e-121
1836.900900900901,0.061812095579849256,68.60738654841568,29.503564125620965,5.899237244303461e-121
1837.4054054054054,0.06152719042266706,68.26275152290957,28.898325597531297,5.864814479790318e-121
1837.9099099099099,0.0612441039672758,67.91984795978111,28.306307206944695,5.831473051139027e-121
1838.4144144144143,0.06096281905092001,67.57866716404224,27.727225775445408,5.799177664089791e-121
1838.918918918919,0.06068331876898931,67.23920048414224,27.160803821423958,5.767894389218168e-121
1839.4234234234234,0.06040558647121997,66.90143931194399,26.60676950161605,5.737590626123286e-121
1839.9279279279278,0.06012960575523095,66.56537508237632,26.06485648019029,5.708235024099308e-121
1840.4324324324325,0.05985536046091298,66.23099927336042,25.534803860255316,5.6797974434206685e-121
1840.936936936937,0.059582834663323515,65.89830340559989,25.016356101043538,5.6522489173541105e-121
1841.4414414414414,0.05931201266670608,65.56727904230507,24.509262890529772,5.625561576451038e-121
1841.9459459459458,0.05904287899865411,65.23791778900335,24.013279061857002,5.599708611012006e-121
1842.4504504504505,0.0587754184049282,64.91021129327149,23.528164474363358,5.574664209468369e-121
1842.954954954955,0.058509615843079406,64.58415124458664,23.053683941002507,5.550403521140342e-121
1843.4594594594594,0.058245456479836005,64.2597293740761,22.589607118984627,5.5269026138112e-121
1843.963963963964,0.057982925683042745,63.93693745431239,22.13570841909269,5.504138420628022e-121
1844.4684684684685,0.057722009020356305,63.615767299154,21.691766935359936,5.482088730706201e-121
1844.972972972973,0.05746269225175409,63.29621076348337,21.257566330356813,5.460732120142026e-121
1845.4774774774774,0.05720496132748264,62.9782597430593,20.832894778284995,5.440047952501795e-121
1845.981981981982,0.0569488023821666,62.66190617427234,20.417544853915697,5.420016316991569e-121
1846.4864864864865,0.05669420173202101,62.3471420339602,20.011313465037748,5.4006180183009365e-121
1846.990990990991,0.05644114587012997,62.033959339199285,19.614001758392313,5.381834532461371e-121
1847.4954954954956,0.056189621463512675,61.722350147097515,19.225415041696348,5.363647986001989e-121
1848.0,0.05593961534886116,61.41230655460622,18.845362704833303,5.346041128227916e-121
1848.5045045045044,0.055691114529076186,61.10382069830874,18.473658134901626,5.328997301426067e-121
1849.0090090090089,0.055444106169390765,60.79688475422559,18.11011863739975,5.312500414342729e-121
1849.5135135135135,0.055198577595452145,60.49149093763625,17.75456537798337,5.296534938138411e-121
1850.018018018018,0.054954516287645104,60.18763150284672,17.406823270861945,5.281085848185297e-121
1850.5225225225224,0.05471190988310973,59.885298743042945,17.066720956366055,5.266138652639153e-121
1851.027027027027,0.05447074616646808,59.584484990047685,16.734090670583235,5.25167931876188e-121
1851.5315315315315,0.05423101307073083,59.28518261416951,16.408768228798397,5.237694302801217e-121
1852.036036036036,0.053992698672584646,58.98738402397961,16.090592911109965,5.224170494417466e-121
1852.5405405405404,0.053755791193174106,58.69108166613807,15.779407420120672,5.211095220486624e-121
1853.045045045045,0.05352027899474125,58.396268025198225,15.475057805902313,5.198456223279857e-121
1853.5495495495495,0.05328615057315831,58.102935623411526,15.177393388897118,5.186241636607015e-121
1854.054054054054,0.053053394554126464,57.81107702055509,14.886266718008667,5.174439987152869e-121
1854.5585585585586,0.0528219996978238,57.52068481371805,14.601533471887294,5.163040156926681e-121
1855.063063063063,0.05259195490986142,57.231751637150815,14.323052438663913,5.152031397387616e-121
1855.5675675675675,0.0523632492155372,56.94427016203907,14.050685406740008,5.141403286284061e-121
1856.072072072072,0.05213587174279296,56.65823309635689,13.784297148082425,5.1311457422624134e-121
1856.5765765765766,0.051909811744368324,56.37363318465487,13.523755324806524,5.1212489929308355e-121
1857.081081081081,0.051685058624546525,56.09046320789187,13.268930447892787,5.111703573017227e-121
1857.5855855855855,0.051461601940387625,55.80871598325267,13.019695819915562,5.102500313793398e-121
1858.0900900900901,0.051239431318342445,55.52838436395455,12.775927462494206,5.093630323855411e-121
1858.5945945945946,0.051018536384687195,55.24946123908922,12.537504087501535,5.085084992389378e-121
1859.099099099099,0.05079890694441658,54.97193953341409,12.304307007788365,5.076855962942629e-121
1859.6036036036035,0.05058053321085104,54.69581220720739,12.07622012338139,5.068935142162631e-121
1860.1081081081081,0.05036340537965803,54.42107225605568,11.8531298276193,5.061314672664294e-121
1860.6126126126126,0.05014751341564116,54.147712710705136,11.634924986767333,5.053986937947452e-121
1861.117117117117,0.049932847131900084,53.87572663687348,11.421496876539877,5.046944548812619e-121
1861.6216216216217,0.04971939713748482,53.60510713507803,11.212739135558103,5.040180336507058e-121
1862.126126126126,0.04950715426958153,53.33584734046031,11.008547715307884,5.033687344856626e-121
1862.6306306306305,0.049296109780244846,53.06794042260966,10.808820832350724,5.027458822793047e-121
1863.135135135135,0.04908625333138328,52.80137958539973,10.613458919668734,5.021488216886024e-121
1863.6396396396397,0.04887757592916264,52.53615806711063,10.4223646013659,5.015769166938298e-121
1864.144144144144,0.048670068438719426,52.27226913994131,10.235442626002973,5.010295497505985e-121
1864.6486486486485,0.04846372199038559,52.009706108583096,10.052599745871513,5.005061205156934e-121
1865.1531531531532,0.048258527649931715,51.74846231169869,9.87374477677411,5.0000604614884065e-121
1865.6576576576576,0.04805447657495992,51.48853112333114,9.698788650713157,4.995287615498905e-121
1866.162162162162,0.047851560038334816,51.22990594951905,9.527644173281905,4.990737170731313e-121
1866.6666666666665,0.047649769405862505,50.97258022897669,9.360226038179677,4.986403784959317e-121
1867.1711711711712,0.0474490961226903,50.71654743353692,9.196450826013255,4.982282268470669e-121
1867.6756756756756,0.047249531724088724,50.46180106799663,9.036236963498391,4.978367578935666e-121
1868.1801801801803,0.04705106783379338,50.20833466980268,8.879504674523352,4.974654815766688e-121
1868.6846846846847,0.046853696160346195,49.956141808777815,8.726175931778014,4.971139214543563e-121
1869.1891891891892,0.046657408496033705,49.70521608699592,8.576174427032422,4.967816143510805e-121
1869.6936936936936,0.046462196716982596,49.45555113877195,8.429425562125026,4.964681102548681e-121
1870.198198198198,0.04626805277891681,49.207140630200556,8.285856357156277,4.9617297125580826e-121
1870.7027027027027,0.046074968720340156,48.95997825928289,8.145395462683103,4.958957717081868e-121
1871.2072072072071,0.04588293665767235,48.71405775540722,8.007973067396474,4.9563609716324935e-121
1871.7117117117118,0.04569194878798456,48.46937287968877,7.873520943428983,4.953935449490191e-121
1872.2162162162163,0.045501997384905804,48.225917424387994,7.7419723428005245,4.951677229628611e-121
1872.7207207207207,0.045313074798397183,47.98368521309259,7.613262028592815,4.949582501200745e-121
1873.2252252252251,0.04512517345418944,47.742670100361984,7.487326202769338,4.947647555172245e-121
1873.7297297297296,0.044938285852186344,47.50286597161474,7.364102489467526,4.945868783150667e-121
1874.2342342342342,0.04475240456646309,47.26426674293593,7.243529893941676,4.94424267310828e-121
1874.7387387387387,0.044567522243201124,47.02686636096519,7.125548779778315,4.942765806923347e-121
1875.2432432432433,0.04438363160005756,46.79065880272431,7.010100838051914,4.941434857800261e-121
1875.7477477477478,0.04420072542517413,46.555638075447575,6.897129053039128,4.940246586595247e-121
1876.2522522522522,0.04401879657733297,46.321798216452365,6.786577679299128,4.939197839816481e-121
1876.7567567567567,0.043837837985726116,46.08913329301779,6.678392220929467,4.9382855481489015e-121
1877.261261261261,0.04365784264588198,45.85763740217253,6.572519388077602,4.937506721528695e-121
1877.7657657657658,0.04347880361679299,45.627304670620646,6.468907094492364,4.936858450278805e-121
1878.2702702702702,0.043300714026386175,45.398129254536954,6.367504407776512,4.9363378992541845e-121
1878.7747747747749,0.04312356707919826,45.170105339439544,6.2682615437497535,4.935942308650317e-121
1879.2792792792793,0.04294735604045463,44.943227140046424,6.171129826359966,4.935668989423681e-121
1879.7837837837837,0.04277207421115066,44.71748890011313,6.076061675416046,4.935515323178316e-121
1880.2882882882882,0.04259771496470225,44.49288489229462,5.9830105711260035,4.935478758323101e-121
1880.7927927927926,0.04242427177860401,44.269409418011215,5.891931044715258,4.935556810182633e-121
1881.2972972972973,0.04225173817708448,44.047056807280285,5.802778640794795,4.935747057033021e-121
1881.8018018018017,0.04208010773935046,43.82582141857701,5.715509896785613,4.9360471385363635e-121
1882.3063063063064,0.041909374063422,43.605697638743514,5.630082346811218,4.9364547574444e-121
1882.8108108108108,0.04173953084154005,43.38667988275741,5.546454455548758,4.936967671929432e-121
1883.3153153153153,0.041570571817997753,43.16876259365568,5.464585630276294,4.937583698320032e-121
1883.8198198198197,0.04140249081837554,42.95194024240093,5.384436205035984,4.938300710098209e-121
1884.3243243243242,0.04123528170086171,42.7362073276819,5.305967385557945,4.939116631845567e-121
1884.8288288288288,0.04106893838826446,42.52155837583477,5.229141267266116,4.9400294425381e-121
1885.3333333333333,0.04090345486124307,42.30798794067817,5.153920798587662,4.941037171930998e-121
1885.837837837838,0.040738825159544995,42.09549060336158,5.080269752814582,4.942137898031757e-121
1886.3423423423424,0.0405750433613854,41.88406097227249,5.0081527403540695,4.943329749340577e-121
1886.8468468468468,0.04041210361013882,41.673693682844494,4.937535153088897,4.944610899222113e-121
1887.3513513513512,0.04025000009885625,41.464383397454526,4.868383168733608,4.945979567132343e-121
1887.8558558558557,0.040088727080118854,41.25612480530163,4.800663741029361,4.947434018175482e-121
1888.3603603603603,0.03992827885089939,41.048912622223064,4.734344554394513,4.9489725588154704e-121
1888.8648648648648,0.03976864976299236,40.8427415906079,4.669394033650946,4.9505935385575015e-121
1889.3693693693695,0.03960983422011937,40.63760647925224,4.605781321604765,4.952295348154404e-121
1889.873873873874,0.03945182667567623,40.43350208319755,4.543476247158508,4.954076416814496e-121
1890.3783783783783,0.03929462163210807,40.23042322365251,4.482449338579879,4.955935214157896e-121
1890.8828828828828,0.03913821364198486,40.0283647478129,4.422671782124367,4.95787024648414e-121
1891.3873873873874,0.03898259730657098,39.8273215287465,4.364115415278349,4.95988005661005e-121
1891.8918918918919,0.03882776727417674,39.627288465294306,4.30675272863009,4.961963224520131e-121
1892.3963963963963,0.03867371824112248,39.42826048188423,4.250556821579632,4.964118363487718e-121
1892.900900900901,0.03852044495081009,39.23023252844501,4.195501410570049,4.96634412130639e-121
1893.4054054054054,0.03836794219393014,39.03319958027837,4.141560815213955,4.9686391793621776e-121
1893.9099099099099,0.038216204806004704,38.83715663789521,4.088709926764355,4.971002250092526e-121
1894.4144144144143,0.03806522766873243,38.642098726935345,4.036924217638634,4.973432078209145e-121
1894.918918918919,0.03791500570874135,38.448020898012594,3.986179714908795,4.9759274386498415e-121
1895.4234234234234,0.03776553389700221,38.25491822658398,3.936452984989923,4.978487135540231e-121
1895.9279279279278,0.03761680724863267,38.06278581286856,3.8877211416437034,4.981110003204253e-121
1896.4324324324325,0.03746882082216733,37.871618781662086,3.8399618060818606,4.983794902983085e-121
1896.936936936937,0.03732156971915084,37.681412282253376,3.7931531131108516,4.986540724062268e-121
1897.4414414414414,0.03717504908362203,37.49216148830994,3.7472737035361514,4.989346383086932e-121
1897.9459459459458,0.037029254101582004,37.30386159771145,3.702302693398787,4.9922108218280345e-121
1898.4504504504505,0.03688418000086464,37.11650783247213,3.6582196821419486,4.9951330081148965e-121
1898.954954954955,0.03673982205053429,36.93009543860483,3.615004735431265,4.998111934655804e-121
1899.4594594594594,0.03659617556005451,36.744619685980034,3.572638366163471,5.0011466177212646e-121
1899.963963963964,0.03645323587950279,36.56007586825197,3.5311015429824595,5.004236098026784e-121
1900.4684684684685,0.036310998398578875,36.37645930269092,3.490375660617107,5.007379438595999e-121
1900.972972972973,0.03616945854640989,36.19376533008621,3.450442538815922,5.01057572486675e-121
1901.4774774774774,0.03602861179137827,36.01198931465016,3.4112844211678763,5.013824064769987e-121
1901.981981981982,0.035888453640153896,35.83112664385103,3.3728839466487397,5.017123586731363e-121
1902.4864864864865,0.03574897963765461,35.6511727283367,3.3352241557510323,5.020473440298832e-121
1902.990990990991,0.03561018536656031,35.472123001814076,3.298288479992316,5.023872795508788e-121
1903.4954954954956,0.03547206644675684,35.29397292090321,3.262060721955521,5.027320841553535e-121
1904.0,0.03533461853533683,35.116717965066165,3.2265250624657207,5.0308167874488545e-121
1904.5045045045044,0.03519783732583022,34.94035363645968,3.191666040753267,5.03435986072636e-121
1905.0090090090089,0.03506171854784198,34.76487545982344,3.1574685468640897,5.037949307015102e-121
1905.5135135135135,0.034926257966947184,34.59027898240117,3.1239178255283915,5.041584390433265e-121
1906.018018018018,0.03479145138393602,34.416559773774964,3.0909994502475047,5.0452643918765345e-121
1906.5225225225224,0.034657294634725035,34.24371342578887,3.058699327839988,5.048988609446979e-121
1907.027027027027,0.03452378359010399,34.071735552442355,3.0270036924261574,5.0527563581349295e-121
1907.5315315315315,0.03439091415491229,33.900621789742104,2.995899086044899,5.056566968588737e-121
1908.036036036036,0.03425868226804056,33.73036779563154,2.9653723643660617,5.060419787596304e-121
1908.5405405405404,0.03412708390194572,33.56096924986257,2.9354106839091285,5.06431417731167e-121
1909.045045045045,0.03399611506224047,33.39242185387264,2.9060014910194156,5.068249514602391e-121
1909.5495495495495,0.03386577178779984,33.22472133071796,2.877132527774215,5.072225191518335e-121
1910.054054054054,0.03373605014976383,33.057863424913606,2.8487918102853085,5.076240613942492e-121
1910.5585585585586,0.033606946251566384,32.891843902354715,2.820967630730387,5.080295201797535e-121
1911.063063063063,0.033478456228592204,32.72665855022292,2.7936485548844434,5.084388388951632e-121
1911.5675675675675,0.03335057624768679,32.562303176836814,2.7668234040106334,5.088519622120095e-121
1912.072072072072,0.03322330250702903,32.3987736115834,2.740481259312989,5.092688361213254e-121
1912.5765765765766,0.03309663123578166,32.236065704804844,2.714611454008531,5.096894078892243e-121
1913.081081081081,0.032970558693551574,32.07417532766986,2.6892035612073077,5.101136259863128e-121
1913.5855855855855,0.032845081170446884,31.91309837210865,2.664247398847232,5.105414401237236e-121
1914.0900900900901,0.032720194986463405,31.752830750674136,2.63973301521375,5.109728011685379e-121
1914.5945945945946,0.03259589649125514,31.593368396447367,2.6156506858104156,5.114076611293509e-121
1915.099099099099,0.032472182064013574,31.43470726296066,2.5919909147745215,5.118459731692792e-121
1915.6036036036035,0.0323490481128642,31.276843324048745,2.568744418252391,5.122876915093994e-121
1916.1081081081081,0.032226491074795825,31.119772573780615,2.5459021277253444,5.127327714530241e-121
1916.6126126126126,0.03210450741538327,30.963491026359584,2.523455185375404,5.131811693616713e-121
1917.117117117117,0.0319830936282826,30.80799471599075,2.5013949319972255,5.1363284258670665e-121
1917.6216216216217,0.03186224623521933,30.653279696818192,2.479712910992539,5.140877494965649e-121
1918.126126126126,0.0317419617855532,30.499342042803722,2.458400858956942,5.145458494246273e-121
1918.6306306306305,0.0316222368559505,30.34617784762001,2.4374506996503325,5.150071026370849e-121
1919.135135135135,0.0315030680503703,30.19378322458805,2.4168545475411576,5.154714703564808e-121
1919.6396396396397,0.031384451999453895,30.04215430652972,2.3966046930341283,5.159389146790566e-121
1920.144144144144,0.03126638536047102,29.891287245700674,2.376693604851311,5.164093985912591e-121
1920.6486486486485,0.031148864817107234,29.741178213700394,2.3571139275680513,5.168828859580422e-121
1921.1531531531532,0.031031887078967445,29.591823401339344,2.33785847024345,5.17359341460516e-121
1921.6576576576576,0.030915448881546816,29.44321901857728,2.3189202095457944,5.178387306160133e-121
1922.162162162162,0.030799546985908168,29.29536129441621,2.3002922838497684,5.183210197469317e-121
1922.6666666666665,0.030684178178316205,29.148246476787353,2.281967986062528,5.188061759425073e-121
1923.1711711711712,0.030569339270226883,29.0018708324925,2.2639407669657143,5.192941670794288e-121
1923.6756756756756,0.030455027097805207,28.856230647072625,2.2462042247481437,5.197849617654761e-121
1924.18018018018,0.03034123852177822,28.711322224728203,2.2287521042863374,5.202785293373301e-121
1924.6846846846847,0.03022797042731752,28.567141888245047,2.211578297227936,5.20774839862626e-121
1925.1891891891892,0.03011521972355144,28.42368597886092,2.1946768314777,5.212738640838119e-121
1925.6936936936936,0.030002983343528036,28.28095085620412,2.1780418735631173,5.217755734326243e-121
1926.198198198198,0.02989125824397234,28.138932898199556,2.1616677251136283,5.222799400122837e-121
1926.7027027027027,0.02978004140490522,27.997628500951436,2.145548815471559,5.227869365587566e-121
1927.2072072072071,0.02966932982962499,27.857034078686702,2.1296797044163385,5.232965364567369e-121
1927.7117117117118,0.02955912054434263,27.71714606363971,2.1140550753155383,5.238087137039938e-121
1928.2162162162163,0.029449410597957353,27.577960905961543,2.0986697321111873,5.243234428963486e-121
1928.7207207207207,0.02934019706200899,27.439475073658723,2.0835186010823152,5.248406992381177e-121
1929.2252252252251,0.029231477030213435,27.30168505246086,2.0685967214153256,5.2536045849294685e-121
1929.7297297297296,0.02912324761841574,27.164587345760186,2.0538992469254884,5.258826969939287e-121
1930.2342342342342,0.029015505964406885,27.02817847452768,2.039421444114703,5.264073916341881e-121
1930.7387387387387,0.028908249227543138,26.892454977194486,2.025158685087786,5.2693451983041275e-121
1931.2432432432433,0.028801474588720306,26.75741340959579,2.0111064497042874,5.27464059534968e-121
1931.7477477477478,0.028695179250097534,26.623050344870737,1.9972603212360955,5.279959892139101e-121
1932.2522522522522,0.028589360434828584,26.489362373362788,1.9836159822484485,5.285302878262017e-121
1932.7567567567567,0.02848401538704512,26.356346102566945,1.970169216820894,5.29066934835914e-121
1933.261261261261,0.028379141371451845,26.223998157004903,1.9569159030589953,5.296059101740233e-121
1933.7657657657658,0.02827473567324101,26.092315178159684,1.9438520135529738,5.301471942413921e-121
1934.2702702702702,0.028170795597967868,25.96129382440337,1.9309736148166505,5.306907679063949e-121
1934.7747747747749,0.02806731847117842,25.83093077087738,1.918276860730038,5.312366124717159e-121
1935.2792792792793,0.02796430163837506,25.701222709438174,1.9057579941853466,5.317847096832878e-121
1935.7837837837837,0.027861742464805498,25.572166348568143,1.8934133444504468,5.323350417172443e-121
1936.2882882882882,0.027759638335179773,25.443758413272374,1.8812393227390691,5.328875911577502e-121
1936.7927927927926,0.027657986653663834,25.315995645027197,1.869232424037621,5.334423410067295e-121
1937.2972972972973,0.027556784843551976,25.18887480167144,1.8573892221722497,5.3399927465914925e-121
1937.8018018018017,0.027456030347117855,25.062392657329625,1.8457063685458057,5.3455837589698034e-121
1938.3063063063064,0.027355720625537844,24.9365460023554,1.8341805931849564,5.3511962889478365e-121
1938.8108108108108,0.02725585315854366,24.811331643203577,1.8228086977764932,5.356830181849346e-121
1939.3153153153153,0.027156425444353878,24.68674640237784,1.811587557148635,5.362485286653599e-121
1939.8198198198197,0.027057434999624635,24.56278711837408,1.8005141200503327,5.368161456036462e-121
1940.3243243243242,0.026958879358993833,24.43945064553955,1.789585401114623,5.3738585459705025e-121
1940.8288288288288,0.026860756075099648,24.316733854031565,1.7787984833135597,5.37957641585016e-121
1941.3333333333333,0.026763062718581566,24.194633629764404,1.7681505190067694,5.385314928546279e-121
1941.837837837838,0.026665796877527244,24.07314687426257,1.757638721561616,5.391073949989464e-121
1942.3423423423424,0.0265689561575595,23.95227050462478,1.747260368142185,5.3968533493116295e-121
1942.8468468468468,0.026472538181727335,23.832001453469992,1.7370128005364496,5.402652998888606e-121
1943.3513513513512,0.026376540590138806,23.712336668794926,1.7268934175308484,5.4084727739627845e-121
1943.8558558558557,0.026280961039930675,23.593273113936252,1.7168996773079148,5.41431255276403e-121
1944.3603603603603,0.026185797205303833,23.474807767517287,1.7070290981280773,5.420172216544067e-121
1944.8648648648648,0.026091046776979196,23.356937623310163,1.6972792515426198,5.426051649242868e-121
1945.3693693693695,0.025996707462290353,23.239659690195978,1.6876477643569752,5.431950737586598e-121
1945.873873873874,0.02590277698496059,23.12297099211344,1.6781323193546134,5.437869371123603e-121
1946.3783783783783,0.025809253084959433,23.00686856792337,1.6687306490185394,5.443807441917217e-121
1946.8828828828828,0.025716133518336435,22.891349471368517,1.659440537252783,5.449764844630889e-121
1947.3873873873872,0.025623416057511866,22.77641077102302,1.6502598201322682,5.455741476565375e-121
1947.8918918918919,0.025531098490425716,22.662049550161523,1.641186380168016,5.461737237378664e-121
1948.3963963963963,0.02543917862081451,22.548262906715852,1.6322181476543431,5.467752029152461e-121
1948.900900900901,0.025347654267622595,22.435047953226242,1.6233531014854186,5.47378575643246e-121
1949.4054054054054,0.025256523265411588,22.322401816715903,1.6145892640144837,5.479838325977718e-121
1949.9099099099099,0.025165783463891332,22.21032163864348,1.6059247019931473,5.485909646806971e-121
1950.4144144144143,0.0250754327288587,22.098804574856175,1.597357527373779,5.491999630237833e-121
1950.918918918919,0.024985468940536725,21.98784779546982,1.5888858928374312,5.498108189669432e-121
1951.4234234234234,0.024895889994229384,21.87744848481779,1.5805079923079721,5.504235240607629e-121
1951.9279279279278,0.024806693798577376,21.767603841405023,1.5722220617407214,5.510380700703214e-121
1952.4324324324325,0.02471787827758167,21.658311077794007,1.5640263752441348,5.516544489563978e-121
1952.936936936937,0.02462944136944087,21.5495674205499,1.5559192452385953,5.522726528762393e-121
1953.4414414414414,0.02454138102954614,21.441370110196146,1.5478990232600065,5.5289267418742795e-121
1953.9459459459458,0.024453695226184693,21.333716401105487,1.539964096550303,5.535145054313948e-121
1954.4504504504505,0.02436638194209634,21.22660356144156,1.5321128879454653,5.541381393328634e-121
1954.954954954955,0.024279439169109438,21.120028873116727,1.5243438567022207,5.547635688038116e-121
1955.4594594594594,0.024192864914843955,21.01398963168703,1.5166554954830125,5.553907869289109e-121
1955.963963963964,0.024106657200333864,20.908483146291204,1.5090463300241508,5.5601978696390154e-121
1956.4684684684685,0.02402081407121429,20.803506739613976,1.5015149202078346,5.5665056234072955e-121
1956.972972972973,0.023935333581462978,20.699057747776454,1.4940598568827783,5.572831066522024e-121
1957.4774774774774,0.023850213797973488,20.595133520276594,1.4866797615893987,5.579174136506372e-121
1957.981981981982,0.02376545279109211,20.49173141994453,1.4793732871070069,5.585534772504522e-121
1958.4864864864865,0.023681048626976026,20.388848822876973,1.4721391167964675,5.591912915249628e-121
1958.990990990991,0.02359699940437147,20.286483118321584,1.464975961234234,5.598308506901872e-121
1959.4954954954956,0.02351330322674817,20.184631708652645,1.4578825598314176,5.604721491125695e-121
1960.0,0.023429958287536384,20.083292009338262,1.4508576818765955,5.6111518131390596e-121
1960.5045045045044,0.023346962722297426,19.982461448783962,1.4439001211531277,5.617599419455356e-121
1961.0090090090089,0.023264314712803172,19.882137468327254,1.4370086984381034,5.6240642580024255e-121
1961.5135135135135,0.023182012392239937,19.782317522189306,1.4301822616863984,5.630546278131815e-121
1962.018018018018,0.023100053928011493,19.68299907736952,1.423419683392131,5.637045430490833e-121
1962.5225225225224,0.02301843751608383,19.584179613581323,1.4167198600321516,5.6435616669955e-121
1963.027027027027,0.022937161349579262,19.485856623216456,1.410081712833201,5.6500949408669885e-121
1963.5315315315315,0.022856223635290118,19.388027611286056,1.403504187387193,5.656645206612299e-121
1964.036036036036,0.02277562257533977,19.29069009530458,1.3969862507568067,5.66321241988609e-121
1964.5405405405404,0.0226953563840431,19.193841605267995,1.390526892779766,5.669796537551845e-121
1965.045045045045,0.022615423399094104,19.097479683621582,1.3841251268163663,5.676397517716608e-121
1965.5495495495495,0.02253582187012583,19.001601885115864,1.37777998577619,5.683015319541576e-121
1966.054054054054,0.022456550105396603,18.9062057767971,1.3714905238585333,5.6896499033239925e-121
1966.5585585585586,0.022377606367346474,18.811288937959,1.3652558165886521,5.696301230498599e-121
1967.063063063063,0.022298988943812423,18.71684896005162,1.3590749591343898,5.702969263556477e-121
1967.5675675675675,0.022220696166393772,18.62288344661079,1.352947065473013,5.709653966004619e-121
1968.072072072072,0.022142726349483194,18.529390013227193,1.3468712691356557,5.716355302401139e-121
1968.5765765765766,0.022065077791938777,18.4363662874956,1.340846723135842,5.723073238351396e-121
1969.081081081081,0.021987748820000836,18.343809908896496,1.3348725972765343,5.729807740378251e-121
1969.5855855855855,0.021910737750851648,18.25171852877857,1.3289480793937007,5.736558775981327e-121
1970.0900900900901,0.021834043039527157,18.160089810331165,1.3230723760753773,5.7433263136707495e-121
1970.5945945945946,0.021757663032898195,18.068921428443343,1.3172447092993818,5.750110322805801e-121
1971.099099099099,0.021681596135395317,17.978211069696272,1.3114643179210594,5.756910773665544e-121
1971.6036036036035,0.021605840730156967,17.887956432314436,1.3057304575741304,5.763727637443401e-121
1972.1081081081081,0.021530395212328503,17.79815522608675,1.3000423996211432,5.770560886196504e-121
1972.6126126126126,0.021455258016291195,17.708805172291473,1.2943994302283661,5.777410492800967e-121
1973.117117117117,0.02138042757055768,17.619904003668452,1.288800850997387,5.784276430981386e-121
1973.6216216216217,0.021305902301157507,17.53144946437476,1.283245979014015,5.79115867531253e-121
1974.126126126126,0.021231680654629576,17.44343930986828,1.2777341446555848,5.7980572011142435e-121
1974.6306306306305,0.02115776107951398,17.35587130689249,1.2722646925756846,5.804971984497746e-121
1975.135135135135,0.0210841420636994,17.268743233446823,1.2668369821710437,5.811903002387526e-121
1975.6396396396397,0.021010822078513333,17.182052878662297,1.2614503852336096,5.8188502324083825e-121
1976.144144144144,0.020937799611981008,17.09579804278329,1.2561042867761114,5.825813652924408e-121
1976.6486486486485,0.020865073160486813,17.009976537128196,1.2507980851902307,5.832793243046127e-121
1977.1531531531532,0.02079264123038102,16.92458618401382,1.2455311913853604,5.839788982588659e-121
1977.6576576576576,0.020720502341654345,16.839624816675208,1.2403030277977356,5.846800852023652e-121
1978.162162162162,0.02064865502316976,16.755090279239568,1.2351130289341292,5.853828832504894e-121
1978.6666666666665,0.02057709780684255,16.670980426714358,1.2299606422029536,5.860872905907499e-121
1979.1711711711712,0.020505829239952363,16.58729312483936,1.224845325192341,5.867933054697124e-121
1979.6756756756756,0.020434847878283244,16.504026250081157,1.2197665466846326,5.875009261977941e-121
1980.18018018018,0.020364152285933704,16.4211776895838,1.2147237865196288,5.882101511485615e-121
1980.6846846846847,0.02029374103369959,16.338745341153956,1.2097165363089473,5.889209787621044e-121
1981.1891891891892,0.02022361270369964,16.25672711310069,1.2047442965203377,5.89633407531e-121
1981.6936936936936,0.020153765885653842,16.1751209242595,1.1998065781778853,5.9034743600841865e-121
1982.198198198198,0.0200841991802086,16.093924703943326,1.1949029026773808,5.910630628071901e-121
1982.7027027027027,0.02001491119829066,16.013136391882693,1.1900328013957822,5.917802865978811e-121
1983.2072072072071,0.01994590055613563,15.932753938123128,1.1851958143047006,5.924991061020809e-121
1983.7117117117116,0.019877165880241698,15.852775303020959,1.1803914908691553,5.932195200966758e-121
1984.2162162162163,0.01980870580397084,15.773198457219996,1.175619390408445,5.93941527415538e-121
1984.7207207207207,0.019740518970330634,15.694021381532622,1.170879080463893,5.946651269416252e-121
1985.2252252252251,0.019672604030885266,15.615242066910062,1.1661701370569049,5.953903176081755e-121
1985.7297297297296,0.019604959645754705,15.536858514404628,1.1614921447672835,5.961170983990384e-121
1986.2342342342342,0.019537584489910453,15.45886873515904,1.1568446973269744,5.968454683514909e-121
1986.7387387387387,0.01947047724037445,15.381270750253497,1.15222739540373,5.975754265455122e-121
1987.2432432432433,0.019403636585502395,15.304062590726573,1.1476398478318341,5.983069721096709e-121
1987.7477477477478,0.019337061215797337,15.22724229752814,1.1430816714641754,5.990401042203686e-121
1988.2522522522522,0.01927074982196153,15.15080792147369,1.1385524910804503,5.997748221013577e-121
1988.7567567567567,0.019204701116391446,15.07475752312288,1.134051937862008,6.00511125016328e-121
1989.261261261261,0.019138913812614185,14.999089172794669,1.1295796504382913,6.012490122739205e-121
1989.7657657657658,0.019073386641874707,14.92380095051994,1.1251352747323546,6.0198848322693625e-121
1990.2702702702702,0.019008118366948084,14.848890946018809,1.1207184642614902,6.027295372737426e-121
1990.7747747747749,0.018943107726043677,14.774357258536831,1.1163288779506084,6.034721738476794e-121
1991.2792792792793,0.018878353481246522,14.700197996892205,1.1119661816649224,6.042163924244091e-121
1991.7837837837837,0.018813854383278143,14.626411279416363,1.1076300478493888,6.049621925201435e-121
1992.2882882882882,0.018749609106345884,14.552995233953897,1.1033201561755812,6.057095736947433e-121
1992.7927927927926,0.01868561643537234,14.47994799767021,1.0990361909990862,6.064585355393389e-121
1993.2972972972973,0.018621875114041175,14.407267717117369,1.0947778431033486,6.072090776847561e-121
1993.8018018018017,0.018558383918243593,14.334952548156142,1.0905448090512453,6.079611997983216e-121
1994.3063063063064,0.01849514224137392,14.263000655943529,1.086336791571373,6.087149015855537e-121
1994.8108108108108,0.018432148116028602,14.191410214869471,1.0821534992150919,6.094701827889305e-121
1995.3153153153153,0.01836940057838494,14.12017940855256,1.0779946457292235,6.102270431845167e-121
1995.8198198198197,0.018306898526840653,14.049306430238426,1.0738599504617783,6.109854825842179e-121
1996.3243243243242,0.018244640763439533,13.978789482065705,1.0697491378898356,6.1174550083291105e-121
1996.8288288288288,0.018182626089993655,13.908626774403022,1.0656619371682003,6.125070978056976e-121
1997.3333333333333,0.01812085334703885,13.83881652669265,1.06159808252238,6.132702734105704e-121
1997.837837837838,0.01805932138883652,13.769356970698192,1.0575573149172282,6.140350275994536e-121
1998.3423423423424,0.017998029066892175,13.700246340428983,1.0535393764762444,6.148013603319532e-121
1998.8468468468468,0.017936975240397068,13.631482882412529,1.049544016045081,6.155692716117281e-121
1999.3513513513512,0.017876158776190754,13.563064854280244,1.0455709882258473,6.163387614805349e-121
1999.8558558558557,0.01781557854476508,13.494990517190725,1.0416200493578358,6.171098299917852e-121
2000.3603603603603,0.017755233425274908,13.427258143912516,1.0376909617152688,6.178824772383117e-121
2000.8648648648648,0.017695122305366007,13.359866018109024,1.0337834928786753,6.1865670334867445e-121
2001.3693693693695,0.017635244072824033,13.292812423412972,1.029897410497838,6.1943250845174525e-121
2001.873873873874,0.01757559763008309,13.22609565903444,1.0260324894608033,6.202098927258734e-121
2002.3783783783783,0.0175161818882451,13.159714037047047,1.0221885114871418,6.209888563942818e-121
2002.8828828828828,0.017456995754342307,13.093665869482273,1.018365257092994,6.217693996743123e-121
2003.3873873873872,0.017398038152244128,13.027949486633647,1.0145625163562324,6.225515228464527e-121
2003.8918918918919,0.017339308003829417,12.962563219215028,1.0107800784469088,6.23335226187206e-121
2004.3963963963963,0.017280804239394005,12.897505409254746,1.0070177380649097,6.241205100102676e-121
2004.900900900901,0.01722252579563769,12.832774406076764,1.0032752927101563,6.2490737464957625e-121
2005.4054054054054,0.017164471614655785,12.768368566466265,0.999552543028188,6.256958204611704e-121
2005.9099099099099,0.017106640649289066,12.70428625633907,0.9958492935319618,6.264858478283407e-121
2006.4144144144143,0.017049031860704868,12.640525849625826,0.9921653519593147,6.272774571574155e-121
2006.9189189189187,0.01699164421294339,12.577085727796053,0.9885005294262615,6.28070648877964e-121
2007.4234234234234,0.016934476670793584,12.513964281806288,0.984854640148872,6.288654234435453e-121
2007.9279279279278,0.016877528211586595,12.451159909835473,0.9812275019570124,6.296617813317579e-121
2008.4324324324325,0.01682079781540182,12.388671018445692,0.9776189355458164,6.304597230419074e-121
2008.936936936937,0.016764284465973993,12.32649602221823,0.9740287642760144,6.3125924909367125e-121
2009.4414414414414,0.016707987155174093,12.264633344125253,0.9704568154629148,6.320603600336191e-121
2009.9459459459458,0.01665190488433124,12.203081414254655,0.9669029180323412,6.3286305642277075e-121
2010.4504504504505,0.01659603665842796,12.141838671249959,0.9633669046309399,6.336673388480835e-121
2010.954954954955,0.01654038148823175,12.080903561598793,0.9598486106766885,6.344732079172272e-121
2011.4594594594594,0.016484938389969717,12.020274538832759,0.9563478733297237,6.35280664252915e-121
2011.963963963964,0.016429706387032443,11.959950065193773,0.9528645336216442,6.360897085046418e-121
2012.4684684684685,0.016374684504947543,11.899928609980725,0.9493984342640408,6.36900341336684e-121
2012.972972972973,0.01631987177524286,11.840208650352759,0.9459494207559456,6.377125634341243e-121
2013.4774774774774,0.016265267236166607,11.780788671414431,0.9425173415104385,6.3852637550353005e-121
2013.981981981982,0.0162108699320386,11.721667165725648,0.9391020471341702,6.393417782690909e-121
2014.4864864864865,0.016156678918605016,11.662842633325234,0.9357033904019687,6.401587724725616e-121
2014.990990990991,0.016102693250248892,11.604313581746014,0.9323212264678222,6.4097735887415685e-121
2015.4954954954956,0.016048911989796962,11.546078525864372,0.928955412515155,6.417975382508433e-121
2016.0,0.015995334186458196,11.488135988131042,0.9256058080843246,6.426193113981029e-121
2016.0,840.0159953341043,11.48813598813123,0.9256058080843246,6.426193113981029e-121
2016.5045045045044,823.8129257137848,19.759772939279337,14.59081939705982,6.426995828865823e-121
2017.009009009009,816.3486089981269,27.914094897348512,54.428726515956335,6.384337971963467e-121
2017.5135135135135,808.9547118208834,35.9526108202801,118.75291398446585,6.258972968817583e-121
2018.018018018018,801.6305511067612,43.87660878767394,205.95212140679516,6.019717608643259e-121
2018.5225225225224,794.3754504389198,51.68736355560733,314.48736189724923,5.64824467312332e-121
2019.027027027027,787.1887399939026,59.386136690601454,442.889136459037,5.143493793199668e-121
2019.5315315315315,780.0697564774097,66.97417670184795,589.7547569837138,4.523833904787001e-121
2020.036036036036,773.0178430605358,74.45271917242484,753.7457552770933,3.8257075022710955e-121
2020.5405405405406,766.0323493167117,81.82298688907696,933.5853907623975,3.097938635418556e-121
2021.045045045045,759.1126311592692,89.08618997069564,1128.0562458695604,2.3929226699304944e-121
2021.5495495495495,752.2580507795844,96.24352599555655,1335.9979087966303,1.7569279567922489e-121
2022.054054054054,745.4679765858014,103.29618012738621,1556.3047311759697,1.2223388912272375e-121
2022.5585585585586,738.7417831421969,110.24532524006182,1787.923675203245,8.035480908951587e-122
2023.063063063063,732.0788511091592,117.09212204105869,2029.852237865044,4.978392840671917e-122
2023.5675675675675,725.4785671836853,123.83771919377432,2281.1364457466,2.8991022936431006e-122
2024.0720720720722,718.9403240404955,130.4832534385984,2540.8689229847573,1.5811664777502574e-122
2024.5765765765766,712.463520273704,137.02984971282012,2808.18702726771,8.050091135593087e-123
2025.081081081081,706.0475603390768,143.47862126928413,3082.271058592444,3.814442085690602e-123
2025.5855855855855,699.691854496872,149.83066979386012,3362.342531980133,1.6676090940150656e-123
2026.0900900900901,693.395818755201,156.08708552180826,3647.6625104641194,6.650912586430246e-124
2026.5945945945946,687.1588748139869,162.24894735291443,3937.5300022087354,2.336585855213558e-124
2027.099099099099,680.9804500093625,168.31732296568626,4231.280406867476,6.890371621948554e-125
2027.6036036036037,674.8599772587158,174.2932689302147,4528.284028674509,2.3013235499889187e-125
2028.1081081081081,668.7968950062738,180.1778308199206,4827.944643708212,1.962509877105158e-125
2028.6126126126126,662.7906471691741,185.97204332225297,5129.698118013289,2.866881653232588e-125
2029.117117117117,656.840683084075,191.67693034829688,5433.0110748789575,2.0838874276462706e-125
2029.6216216216217,650.9464574543083,197.2935051412316,5737.3796149953405,5.752337168694124e-125
2030.126126126126,645.1074302974591,202.82277038391348,6042.32807461503,1.7753244861613571e-124
2030.6306306306305,639.3230668935448,208.26571830518364,6347.407840058227,-5.108329556204161e-124
2031.1351351351352,633.5928377337015,213.62333078514152,6652.1962048255655,2.4894179200864227e-123
2031.6396396396397,627.916218469363,218.89657945939373,6956.295268343521,-9.924919905905056e-123
2032.144144144144,622.2926898619014,224.08642582231357,7259.330874896148,3.8829042937787664e-122
2032.6486486486488,616.7217377327839,229.1938213292496,7560.951592421482,-1.3519819910091503e-121
2033.1531531531532,611.2028529142017,234.2197074977532,7860.827728627572,3.493405141822673e-121
2033.6576576576576,605.7355312001598,239.16501600781754,8158.650384430928,-7.966888381050826e-121
2034.162162162162,600.3192732981294,244.03066880097265,8454.130548126272,-5.6850191666647286e-120
2034.6666666666667,594.9535847811359,248.8175781784597,8746.998221641787,-3.0830718737258916e-120
2035.1711711711712,589.6379760402166,253.5266468986447,9037.001572748832,5.46847522185259e-121
2035.6756756756756,584.3719622374538,258.15876827321523,9323.906128293018,2.3632444972369258e-120
2036.1801801801803,579.1550632594382,262.7148262624923,9607.493995196006,2.9520820330628655e-120
2036.6846846846847,573.9868036710455,267.19569557010914,9887.563101910899,2.4680983339938825e-120
2037.1891891891892,568.8667126700807,271.6022417358405,10163.926499050654,-3.5521912789091e-120
2037.6936936936936,563.7943240419257,275.93532122845585,10436.411655360802,3.141083023424012e-120
2038.1981981981983,558.7691761148338,280.1957815372254,10704.859794927268,-4.906356771165257e-120
2038.7027027027027,553.7908117154569,284.38446126292735,10969.125248118371,-6.456273216888e-120
2039.2072072072071,548.8587781251234,288.50219020729094,11229.074847239188,3.404791880287831e-119
2039.7117117117118,543.9726270363818,292.5497894619233,11484.587334711852,-9.07675935874531e-119
2040.2162162162163,539.1319145099324,296.52807149635686,11735.552794337704,1.7592478211606216e-118
2040.7207207207207,534.336200932133,300.4378402449881,11981.872111712133,-2.293476919462764e-118
2041.2252252252251,529.5850509723817,304.2798911942074,12223.456428615153,-1.3664704093982025e-117
2041.7297297297298,524.8780335418026,308.0550114667646,12460.22666696313,4.383265116201684e-117
2042.2342342342342,520.2147217518853,311.76397990655437,12692.113039714126,-3.248773582008103e-117
2042.7387387387387,515.5946928728573,315.4075671634573,12919.054561430527,-3.7392217815975235e-116
2043.2432432432433,511.01752829385657,318.9865357744914,13140.998645342319,-6.642634128062894e-116
2043.7477477477478,506.48281348275674,322.50164024660194,13357.900658749679,-5.042790841401335e-116
2044.2522522522522,501.99013794570277,325.9536271387327,13569.723495912624,4.1897911344309534e-116
2044.7567567567567,497.53909518826305,329.34323514110133,13776.437210503242,1.4857370135638507e-115
2045.2612612612613,493.12928267646436,332.67119515512655,13978.01863194747,1.1356036121462609e-115
2045.7657657657658,488.76030179764393,335.9382303730984,14174.450987067961,1.2056949181357244e-115
2046.2702702702702,484.43175782266485,339.1450563553656,14365.723572061399,6.120200587869738e-115
2046.7747747747749,480.1432598680658,342.2923811076216,14551.831420306798,-1.7901034072028714e-114
2047.2792792792793,475.8944208583188,345.38090515778805,14732.774976245006,-4.458475067232767e-114
2047.7837837837837,471.6848574884161,348.41132163236466,14908.559781167276,-1.4917583058330472e-114
2048.288288288288,467.5141901880478,351.3843163295823,15079.19621354171,9.42577083004673e-115
2048.7927927927926,463.38204308368825,354.3005677966307,15244.699156779227,1.2319355883467953e-114
2049.2972972972975,459.2880439639783,357.1607474002101,15405.087783514758,1.2470557295340222e-114
2049.801801801802,455.23182424347095,359.9655194004847,15560.385277164165,2.736638019340461e-115
2050.3063063063064,451.2130189266328,362.7155410244288,15710.61856773452,-3.920304898748615e-115
2050.810810810811,447.23126657419346,365.4114625343698,15855.818140242725,-7.875332448516494e-115
2051.3153153153153,443.28620926702274,368.0539273016051,15996.017763682868,-4.23039866045697e-115
2051.8198198198197,439.377492572672,370.643571874517,16131.254304475426,-1.2145700883151187e-115
2052.324324324324,435.5047655114619,373.1810260476281,16261.567521885963,3.376276201880629e-115
2052.828828828829,431.6676805216533,375.6669129325503,16386.99983877898,5.067667110301559e-115
2053.3333333333335,427.8658934277363,378.1018490225166,16507.596199928816,2.6095885731373595e-115
2053.837837837838,424.099063406147,380.4864442621348,16623.403857290872,-1.5970295849518528e-115
2054.3423423423424,420.3668529530248,382.8213021130124,16734.47221180814,-1.0944386436883103e-115
2054.846846846847,416.6689278524998,385.1070196181919,16840.852666306575,-5.224299050126385e-115
2055.3513513513512,413.0049571426096,387.34418747161334,16942.59841813766,-1.3669096619318581e-114
2055.8558558558557,409.37461308633794,389.5333900769183,17039.764378822307,-3.9841486357669343e-115
2056.3603603603606,405.7775711372358,391.6752056173971,17132.406961299508,1.859939502558098e-114
2056.864864864865,402.2135099110481,393.7702061135657,17220.584010898045,-9.577458631139498e-115
2057.3693693693695,398.6821111526733,395.8189574904122,17304.354623315357,-4.5204034235354534e-114
2057.873873873874,395.18305970709594,397.82201963636703,17383.77905726048,7.462719606328281e-114
2058.3783783783783,391.71604348866106,399.7799464658161,17458.918602937378,1.1522401385416216e-113
2058.8828828828828,388.28075345052827,401.69328598112503,17529.835460999377,-3.1273635174861365e-113
2059.387387387387,384.876883556747,403.5625803292439,17596.592669085294,-2.2842201153648457e-113
2059.891891891892,381.5041307501217,405.3883658671037,17659.253947772882,9.593697377945989e-113
2060.3963963963965,378.1621949264668,407.1711732136478,17717.88366824932,2.7277814865907576e-113
2060.900900900901,374.8507789024488,408.91152731530474,17772.54669813422,-2.859935370679906e-112
2061.4054054054054,371.5695883903053,410.60994749718225,17823.30837360774,6.229009324262242e-113
2061.90990990991,368.3183319667351,412.26694752624337,17870.234366419256,8.14940598578596e-112
2062.4144144144143,365.09672104737314,413.8830356630348,17913.390648186712,-7.069526306665396e-112
2062.9189189189187,361.9044698575245,415.4587147209333,17952.843390058464,-3.786651430291765e-111
2063.4234234234236,358.74129540527605,416.9944821206332,17988.658903001942,-6.00573842079037e-111
2063.927927927928,355.60691745403096,418.4908299460435,18020.903564352164,-7.075233883366217e-111
2064.4324324324325,352.501058496557,419.94824499671455,18049.64377143303,-6.678555337265866e-111
2064.936936936937,349.4234437266448,421.3672088452946,18074.945855402446,-4.28172736469799e-111
2065.4414414414414,346.3738010152711,422.74819788576525,18096.876062386546,-1.4232781200367072e-111
2065.945945945946,343.3518608814329,424.0916833925526,18115.500459075847,8.85177933043347e-112
2066.4504504504503,340.35735646975405,425.3981315655954,18130.884931892226,1.7153230420635334e-111
2066.954954954955,337.3900235212209,426.6680035900089,18143.09508847767,8.32009959229691e-113
2067.4594594594596,334.44960035179383,427.9017556792027,18152.196265178398,-1.0634641648619739e-111
2067.963963963964,331.53582782308604,429.0998391341386,18158.253435729297,-6.36806649426063e-112
2068.4684684684685,328.64844932178704,430.26270038480254,18161.331221890443,-5.082160073389065e-112
2068.972972972973,325.787210730649,431.3907810492257,18161.493807452636,5.475503370853398e-113
2069.4774774774774,322.9518604087875,432.4845179729609,18158.80495592853,6.186060928399037e-112
2069.981981981982,320.1421491626141,433.54434328812954,18153.32792625277,2.6229146438671464e-112
2070.4864864864867,317.3578302271653,434.5706844509821,18145.125497429115,6.089855176272907e-113
2070.990990990991,314.59865923707366,435.56396430069253,18134.25988755067,-7.216433567294524e-113
2071.4954954954956,311.86439420851565,436.52460109550776,18120.79278103085,-2.7518005475286406e-112
2072.0,309.15479551063436,437.4530085708508,18104.785254433158,-9.274446303375161e-113
2072.5045045045044,306.4696258479222,438.3495959744217,18086.297803160905,5.948855087338838e-113
2073.009009009009,303.8086502320765,439.2147681234282,18065.39027498467,6.444957332866433e-113
2073.5135135135133,301.1716359650258,440.04892543871364,18042.121896241715,1.0760762115528436e-112
2074.018018018018,298.55835261099696,440.85246400113255,18016.55121177485,1.9459239850822702e-113
2074.5225225225226,295.9685719800376,441.62577558470974,17988.73611145057,-7.487443253836432e-113
2075.027027027027,293.4020681006106,442.36924771212557,17958.733775701196,-4.691861939812216e-113
2075.5315315315315,290.85861720263745,443.083263688251,17926.600697914742,4.128085564082467e-113
2076.036036036036,288.3379976926253,443.7682026507865,17892.39264840653,1.8446210852881017e-112
2076.5405405405404,285.83999013503063,444.4244396074799,17856.164682204097,2.290407229054158e-112
2077.045045045045,283.3643772291135,445.0523454836035,17817.971114700955,8.287968649803293e-114
2077.5495495495497,280.91094379012526,445.6522871596221,17777.865525561214,2.9783042869127013e-114
2078.054054054054,278.4794767489064,446.2246274730925,17735.900737611366,-3.4382850277700204e-114
2078.5585585585586,276.0697650947676,446.76972533089435,17692.128824938656,6.907489697207618e-115
2079.063063063063,273.6815998012754,447.2879358527478,17646.601129020164,-1.3073625068113883e-115
2079.5675675675675,271.3147739166379,447.77961020050117,17599.36821512194,-3.819567590223843e-115
2080.072072072072,268.9690825991275,448.2450955127773,17550.47984736563,1.171752298902833e-115
2080.5765765765764,266.6443229356466,448.68473525350197,17499.98504513387,1.4502276196827068e-115
2081.0810810810813,264.3402939614701,449.098869175928,17447.932068358925,4.379064117157103e-116
2081.5855855855857,262.0567966710652,449.487833304103,17394.368405027966,-7.518797609903129e-116
2082.09009009009,259.7936339987228,449.85195997081644,17339.340774736185,-5.299296367037838e-116
2082.5945945945946,257.5506108147097,450.1915778279391,17282.89511880907,5.81421818658051e-117
2083.099099099099,255.32753388401687,450.5070119269158,17225.076610306787,1.6465013670028888e-116
2083.6036036036035,253.12421184813928,450.79858375533473,17165.929656030974,6.020349937069386e-117
2084.108108108108,250.9404552043381,451.06661127873593,17105.497898996786,-2.677356889333651e-116
2084.612612612613,248.77607631081935,451.31140893000014,17043.824217752448,-3.2049809586231446e-116
2085.1171171171172,246.6308893515222,451.53328768053893,16980.95073215923,-5.1867532196663e-116
2085.6216216216217,244.50471030147878,451.73255510887765,16916.918807758175,-5.183270164208227e-116
2086.126126126126,242.39735693737418,451.9095153803214,16851.76905805575,-3.9294284769942807e-116
2086.6306306306305,240.30864879103237,452.0644693398807,16785.541350473293,-2.0692267026925202e-116
2087.135135135135,238.23840715341427,452.19771450420495,16718.274810509145,1.2229854393695369e-116
2087.6396396396394,236.1864550626735,452.3095450859652,16650.00782561124,1.3668353666427554e-116
2088.1441441441443,234.1526172695662,452.4002520626045,16580.778052363527,-3.6470770705084223e-118
2088.6486486486488,232.13672024568208,452.47012316018623,16510.622420892712,-9.83624352278758e-117
2089.153153153153,230.13859214450767,452.51944293119766,16439.577141233287,-1.2160714943859874e-116
2089.6576576576576,228.1580627933242,452.5484927706141,16367.677711010325,-6.533099832027736e-117
2090.162162162162,226.1949636745533,452.5575509534341,16294.958921325815,6.704729679305444e-117
2090.6666666666665,224.24912790585316,452.5468926743303,16221.454863976058,1.464536748318544e-116
2091.171171171171,222.32039023251565,452.51679006301606,16147.198932322848,9.831023440409572e-117
2091.675675675676,220.40858700618574,452.4675122265998,16072.2238420308,5.053429982826176e-117
2092.1801801801803,218.51355616606892,452.39932528734033,15996.56162544215,2.7618384391595278e-117
2092.6846846846847,216.63513722274314,452.3124924149861,15920.24363973645,3.7143437421658594e-118
2093.189189189189,214.77317126441815,452.2072738137966,15843.300591834164,-2.860729304093006e-117
2093.6936936936936,212.9275009069569,452.08392682318646,15765.762521041468,-4.155687281361534e-117
2094.198198198198,211.0979703001749,451.9427059046224,15687.658821600255,-1.2991329320513128e-117
2094.7027027027025,209.2844251223846,451.7838626520596,15609.018256317304,6.862818255723592e-118
2095.2072072072074,207.48671253928123,451.60764587510073,15529.868947740715,2.6910313934431325e-117
2095.711711711712,205.7046812076301,451.4143015907971,15450.23839831723,3.581038579593072e-117
2096.2162162162163,203.93818126004243,451.20407305385703,15370.153499029104,4.143854728171079e-117
2096.7207207207207,202.18706428126654,450.9772008047647,15289.640529469492,2.0976108901032084e-117
2097.225225225225,200.45118330181126,450.73392268170403,15208.72517340293,-1.917552574472385e-117
2097.7297297297296,198.73039278198934,450.4744738524957,15127.432525754939,-4.762990098574175e-117
2098.234234234234,197.02454859359457,450.199086851538,15045.787097399214,-5.100683788897491e-117
2098.738738738739,195.3335080149791,449.90799158888694,14963.812829093233,-4.836037512400398e-117
2099.2432432432433,193.65712970951006,449.6014153936747,14881.533096258454,-4.671151797483513e-117
2099.747747747748,191.99527371013056,449.2795830449154,14798.970716817235,-3.173113198214429e-117
2100.252252252252,190.34780141693912,448.9427167757029,14716.147963081632,-8.886520953138265e-118
2100.7567567567567,188.7145755786421,448.59103631039574,14633.08656882188,1.0193215505883375e-117
2101.261261261261,187.09546026927868,448.22475891144876,14549.80773548289,1.5884259458211877e-117
2101.7657657657655,185.49032089038525,447.8440993742336,14466.332143570877,7.316033016074462e-118
2102.2702702702704,183.8990241574481,447.4492700539791,14382.67996072222,3.484542655196728e-118
2102.774774774775,182.32143807051483,447.0404809251801,14298.870848645973,-3.404770997807977e-118
2103.2792792792793,180.7574319174328,446.61793957413397,14214.923972509627,-1.0184298648007661e-117
2103.7837837837837,179.20687626378106,446.18185121874467,14130.858008235695,-1.752704337937773e-117
2104.288288288288,177.66964292263415,445.7324187697514,14046.691153136024,-1.6552856938045812e-117
2104.7927927927926,176.1456049560457,445.2698428268111,13962.441132199416,-2.026761277183074e-118
2105.2972972972975,174.63463666781834,444.7943216924788,13878.125203868696,7.95039108103639e-118
2105.801801801802,173.13661357298065,444.3060514340365,13793.760174557263,1.6675954970723257e-117
2106.3063063063064,171.65141239817183,443.805225881821,13709.36240246128,1.7494232143041495e-117
2106.810810810811,170.17891107783106,443.2920366362604,13624.947801953174,1.9190459992730907e-117
2107.3153153153153,168.7189887211092,442.76667313484194,13540.53186056477,1.3324601693726481e-117
2107.8198198198197,167.27152561352653,442.22932264792155,13456.129641301666,-4.097937490428478e-118
2108.324324324324,165.83640321359016,441.6801702848825,13371.755786652504,-1.9680944756324753e-117
2108.8288288288286,164.4135041221066,441.1193990561481,13287.424535222795,-3.026024930696222e-117
2109.3333333333335,163.00271208070825,440.54718987542014,13203.149724984762,-2.6874392131266557e-117
2109.837837837838,161.60391196832035,439.9637215661492,13118.944796620139,-1.84821664458442e-117
2110.3423423423424,160.21698977767903,439.36917090879416,13034.82280787168,-5.000399892468713e-118
2110.846846846847,158.84183260633768,438.76371265845876,12950.796439983025,1.642520059036066e-117
2111.3513513513512,157.47832865483187,438.1475195478707,12866.87799931791,3.861833269209932e-117
2111.8558558558557,156.12636720907747,437.5207623226288,12783.07942917438,5.107039718226349e-117
2112.3603603603606,154.78583862554018,436.88360977076843,12699.412319873278,4.2360871599675365e-117
2112.864864864865,153.4566343306031,436.23622872330895,12615.887908702713,1.5345976539397827e-117
2113.3693693693695,152.1386468075135,435.57878408017257,12532.517088812747,-1.2837721516870466e-117
2113.873873873874,150.83176957730151,434.91143884844155,12449.310423012786,-4.581096800076836e-117
2114.3783783783783,149.53589719904073,434.2343541410875,12366.278142284245,-7.501133370983421e-117
2114.8828828828828,148.25092526050415,433.5476891953319,12283.430151795104,-8.95831489526827e-117
2115.387387387387,146.976750355685,432.8516014178108,12200.77604788764,-7.044417666873361e-117
2115.891891891892,145.71327008582477,432.14624638174797,12118.325115537602,-8.200644801330457e-118
2116.3963963963965,144.46038305310987,431.43177783909783,12036.086331748249,5.085479689209513e-117
2116.900900900901,143.21798883564983,430.7083477709212,11954.068385089398,1.1132204998455039e-116
2117.4054054054054,141.98598798899252,429.9761063835549,11872.27967240896,1.5183142132381844e-116
2117.90990990991,140.7642820421724,429.23520211594666,11790.728299887345,1.697895539097449e-116
2118.4144144144143,139.55277347117158,428.4857816931346,11709.422104610961,1.2890539621769469e-116
2118.9189189189187,138.3513657005192,427.72799012224215,11628.368650727187,-5.670378034912529e-118
2119.4234234234236,137.15996310116557,426.9619706962177,11547.575228489597,-1.3375789869185665e-116
2119.927927927928,135.97847096318023,426.18786504865574,11467.048877325407,-2.6067720332577835e-116
2120.4324324324325,134.80679549783352,425.4058131489445,11386.796381005608,-3.346073491601301e-116
2120.936936936937,133.64484383368392,424.61595330968316,11306.824268225371,-3.757299594778464e-116
2121.4414414414414,132.4925239954167,423.81842222892504,11227.138830245134,-3.389229212084432e-116
2121.945945945946,131.34974489981013,423.0133549978,11147.7461216782,-1.735236860309318e-116
2122.4504504504503,130.2164163488532,422.20088511320444,11068.651963728042,3.9236167142525074e-119
2122.954954954955,129.09244902532626,421.3811444872905,10989.861945812105,-6.559268527611142e-118
2123.4594594594596,127.97775448737549,420.55426345996756,10911.381435675848,9.887422549930087e-118
2123.963963963964,126.87224516923808,419.7203707984285,10833.21558038071,8.115190221153325e-118
2124.4684684684685,125.77583433105697,418.8795937883275,10755.369321435752,9.288248392625628e-119
2124.972972972973,124.68843604405583,418.03205826184706,10677.847401296889,-1.2340312090215876e-118
2125.4774774774774,123.60996516207015,417.17788864966946,10600.654372551957,-1.4837243551678874e-119
2125.981981981982,122.54033740663448,416.31720782991226,10523.79457993311,8.527605156065698e-119
2126.4864864864867,121.47946940155494,415.4501370675492,10447.27215494021,8.318726424760235e-119
2126.990990990991,120.42727862465526,414.57679610199153,10371.091029800733,-1.1813432837904833e-119
2127.4954954954956,119.3836832598538,413.69730341407785,10295.254977677063,-3.7471702310525374e-119
2128.0,118.34860227322666,412.81177609084733,10219.767596137568,-9.223507622786912e-120
2128.5045045045044,117.3219554272126,411.9203298015152,10144.632306595297,1.2568248046225566e-119
2129.009009009009,116.30366324355673,411.0230788629107,10069.852361391379,1.7074790310970617e-119
2129.5135135135133,115.293647044259,410.1201361704132,9995.430842412106,1.5527790402774426e-119
2130.018018018018,114.29182890397065,409.2116132819175,9921.370669956403,1.3646868446116467e-120
2130.5225225225226,113.29813167205613,408.29762038048057,9847.674601688259,-2.8291247020851846e-120
2131.027027027027,112.31247892734423,407.3782663583905,9774.345249386413,-5.0878740082328785e-120
2131.5315315315315,111.33479501747068,406.4536587428343,9701.385061922092,-3.350723783417375e-122
2132.036036036036,110.3650049920031,405.52390382380423,9628.796356938134,3.868254400595616e-120
2132.5405405405404,109.40303465324035,404.5891065571015,9556.5812970622,5.248445475141228e-120
2133.045045045045,108.44881049836629,403.64937067558054,9484.741918194217,9.001062102255818e-120
2133.5495495495497,107.50225977081587,402.7047985898195,9413.280103534837,1.2536704727284227e-119
2134.054054054054,106.56331040098064,401.75549150404686,9342.19761524043,1.4533380922677483e-119
2134.5585585585586,105.6318910155883,400.80154939617984,9271.496087203346,1.1704994760903415e-119
2135.063063063063,104.70793093334112,399.84307102755685,9201.177028828517,4.304097465445553e-120
2135.5675675675675,103.79136017139025,398.88015393098016,9131.241822329433,3.7082285024101696e-120
2136.072072072072,102.88210938901666,397.91289451797525,9061.691749305006,1.0990488838758776e-119
2136.5765765765764,101.98010996532489,396.94138793013235,8992.527952491017,1.6123395031612707e-119
2137.0810810810813,101.08529391046795,395.96572821003605,8923.751480644281,1.500884044210161e-119
2137.5855855855857,100.1975939066125,394.9860082222755,8855.363266848231,7.036120716844919e-120
2138.09009009009,99.31694329880936,394.0023196709793,8787.364132510533,4.895645525585551e-120
2138.5945945945946,98.44327607411432,393.014753140537,8719.754799522272,1.0360903533274289e-119
2139.099099099099,97.5765268551984,392.02339810706155,8652.53589047804,1.0314333560838865e-119
2139.6036036036035,96.7166309078789,391.02834292485426,8585.707927073643,4.438299694850033e-120
2140.108108108108,95.86352412201123,390.0296748628424,8519.27133788442,-5.9972427244540024e-120
2140.612612612613,95.01714300590712,389.0274801155211,8453.226461039983,-1.0610687513192219e-119
2141.1171171171172,94.17742468526794,388.02184380487756,8387.57354505389,-5.9926756394441084e-120
2141.6216216216217,93.34430689761021,387.0128499908896,8322.312750015408,-3.2406032183295745e-120
2142.126126126126,92.5177279789047,386.0005816978675,8257.444155265413,-1.6847297087325734e-120
2142.6306306306305,91.69762686627526,384.9851209089918,8192.967756533079,-1.600462750974523e-120
2143.135135135135,90.88394309116116,383.96654857959845,8128.883469110444,-8.154447117754676e-122
2143.6396396396394,90.07661676775821,382.9449446593544,8065.191133777251,9.569898754770877e-121
2144.1441441441443,89.27558859516107,381.9203880878623,8001.890513715787,1.0105265057174118e-120
2144.6486486486488,88.48079984606713,380.8929568169915,7938.981301442334,4.787475184644264e-121
2145.153153153153,87.69219236337999,379.8627278169239,7876.463118530509,-3.554008256517122e-121
2145.6576576576576,86.90970855406127,378.82977708810614,7814.335518486209,-1.0138487709137988e-120
2146.162162162162,86.13329138394046,377.794179671386,7752.597989242103,-5.581331485096415e-121
2146.6666666666665,85.36288437194077,376.75600965901697,7691.249954393438,-1.172546041786044e-121
2147.171171171171,84.59843158406102,375.71534020623864,7630.29077672382,4.430034312755517e-121
2147.675675675676,83.8398776296022,374.6722435384568,7569.719758478353,9.629405862601211e-121
2148.1801801801803,83.0871676549182,373.62679096331254,7509.536144180546,1.1321243253112746e-120
2148.6846846846847,82.34024733729791,372.5790528824667,7449.739123235272,3.0725354372045944e-121
2149.189189189189,81.59906288321501,371.529098794628,7390.327829219579,-4.54710305983363e-121
2149.6936936936936,80.86356101864662,370.4769973145908,7331.301345146771,-1.0396129162116067e-120
2150.198198198198,80.13368898780597,369.4228161754275,7272.6587023487955,-1.3428056927023329e-120
2150.7027027027025,79.40939454653011,368.3666222412178,7214.3988834683905,-1.1164980803573305e-120
2151.2072072072074,78.69062595687116,367.3084815174258,7156.520824495759,4.5466126654294783e-122
2151.711711711712,77.97733198387368,366.2484591571486,7099.023414974463,9.28794166545865e-121
2152.2162162162163,77.26946188847423,365.1866194746717,7041.905501589875,9.755579828999316e-121
2152.7207207207207,76.56696542418344,364.1230259513505,6985.165888177447,2.840849392168069e-121
2153.225225225225,75.8697928317519,363.0577412458954,6928.80333776594,-3.14600399083305e-121
2153.7297297297296,75.17789483479247,361.99082720367585,6872.816574221359,-8.165411933154465e-122
2154.234234234234,74.49122263550005,360.9223448645291,6817.204283291864,-4.616234068445031e-122
2154.738738738739,73.80972790894702,359.85235447292484,6761.965114515136,-2.3952426467639522e-122
2155.2432432432433,73.13336279914864,358.7809154860136,6707.097682370669,3.129720984319963e-123
2155.747747747748,72.46207991405805,357.70808658326564,6652.600567793472,-1.7006951097836872e-122
2156.252252252252,71.79583232168387,356.63392567372426,6598.472319294065,-2.985696918369768e-122
2156.7567567567567,71.1345735457647,355.5584899043194,6544.711454223321,-1.9033533373684764e-122
2157.261261261261,70.47825756108539,354.4818356687931,6491.316460115768,-2.443188515703362e-123
2157.7657657657655,69.82683878899859,353.4040186162404,6438.285795954147,4.9976517708915584e-123
2158.2702702702704,69.18027209286181,352.3250936598097,6385.617893436304,2.7724970180956775e-123
2158.774774774775,68.53851276618313,351.2451149992922,6333.311160162892,-1.7838857665779117e-122
2159.2792792792793,67.90151654846355,350.16413609093286,6281.3639753768075,-4.542509827032423e-122
2159.7837837837837,67.26923961467102,349.0822096674932,6229.774692831452,-3.9580965367364256e-122
2160.288288288288,66.64163854815912,347.9993877899234,6178.541647780117,-9.471422279765e-122
2160.7927927927926,66.01867036643964,346.9157217981723,6127.663150581751,-1.4629908416046363e-121
2161.2972972972975,65.40029249933897,345.8312623528611,6077.137492345583,-9.735171260187108e-122
2161.801801801802,64.78646279552805,344.74605942261275,6026.962941885791,-1.1513466115726955e-121
2162.3063063063064,64.17713950013552,343.6601623270882,5977.137753898795,-9.530863932073989e-122
2162.810810810811,63.572281261228376,342.57361972439196,5927.660165813399,1.2756665928965925e-122
2163.3153153153153,62.97184715323797,341.48647956627104,5878.528390041488,7.978742493168005e-122
2163.8198198198197,62.37579662024506,340.39878920653996,5829.740632041902,1.3327180156006251e-121
2164.324324324324,61.78408950667801,339.31059534234095,5781.295080037332,1.4373420508355165e-121
2164.8288288288286,61.19668606286936,338.2219440035574,5733.189902622425,1.4129346702384699e-121
2165.3333333333335,60.613546910638775,337.13288061846134,5685.423260070662,9.601830123754555e-122
2165.837837837838,60.03463305988607,336.04344998204823,5637.993298219054,4.758526236735409e-123
2166.3423423423424,59.45990589998558,334.9536962724757,5590.898150279063,-7.346386437187819e-122
2166.846846846847,58.889327196802405,333.8636630566573,5544.1359387825405,-1.1222659083115426e-121
2167.3513513513512,58.32285908791691,332.7733932993786,5497.704775708692,-7.296595355754179e-122
2167.8558558558557,57.7604640755151,331.6829293766621,5451.602763871823,-3.027142618722936e-122
2168.3603603603606,57.20210502978574,330.59231306959686,5405.827996945079,5.048876065151348e-122
2168.864864864865,56.647745180631,329.5015855799262,5360.378560547517,1.5221350687818282e-121
2169.3693693693695,56.09734811632676,328.41078753269466,5315.252532065901,2.2867395842674567e-121
2169.873873873874,55.55087777703455,327.31995898845753,5270.447983336915,2.2639726957019616e-121
2170.3783783783783,55.00829845478486,326.2291394434639,5225.962979385892,1.2257380728406034e-121
2170.8828828828828,54.46957479257496,325.1383678314579,5181.795578223761,3.8705877138657737e-122
2171.387387387387,53.93467177269737,324.04768254562,5137.943834782594,-3.655360803280944e-122
2171.8918918918916,53.403554720778125,322.95712143101815,5094.40579856298,-7.845840510825888e-122
2172.3963963963965,52.87618930248078,321.8667217907582,5051.179514187624,-1.2082796410536182e-121
2172.900900900901,52.352541515134966,320.776520402161,5008.2630241964725,-1.0322780348823298e-121
2173.4054054054054,51.832577689019686,319.6865535142144,4965.654367581244,-3.0243051681568793e-122
2173.90990990991,51.316264483452244,318.5968568551217,4923.351580606936,3.5568781286319437e-122
2174.4144144144143,50.80356888195172,317.5074656412648,4881.352698305409,7.553513081776368e-122
2174.9189189189187,50.294458190785456,316.41841458036953,4839.655754016021,7.136150216825563e-122
2175.4234234234236,49.788900035688336,315.32973787782595,4798.25877998018,5.338010552067701e-122
2175.927927927928,49.28686235796668,314.24146924373576,4757.159808309633,1.149816308547012e-122
2176.4324324324325,48.78831341285562,313.15364189594055,4716.356870666068,-3.6641484458548636e-122
2176.936936936937,48.29322176504919,312.06628856907525,4675.8479994971785,-5.00269316401165e-122
2177.4414414414414,47.80155628734358,310.97944151692604,4635.631227787663,-3.36028284400897e-122
2177.945945945946,47.31328615692662,309.89313251951495,4595.70458978565,1.2366937052264933e-123
2178.4504504504503,46.82838085236814,308.80739288900503,4556.066121482182,5.310173174520504e-122
2178.9549549549547,46.34681015231842,307.7222534731227,4516.713860586613,7.78674872471216e-122
2179.4594594594596,45.868544131093415,306.6377446622764,4477.645847272994,4.0215543782604224e-122
2179.963963963964,45.39355315595789,305.55389639387926,4438.860124299943,3.945660677497887e-123
2180.4684684684685,44.921807885618335,304.47073815815827,4400.354737479317,-1.7052543374655646e-122
2180.972972972973,44.45327926649143,303.3882990035722,4362.127736005365,-1.0545580150997487e-122
2181.4774774774774,43.98793853074803,302.306607540941,4324.177172715662,5.849890385815657e-123
2181.981981981982,43.52575719357167,301.22569194862086,4286.501104398582,8.688752937951601e-123
2182.4864864864867,43.06670705043697,300.14557997794634,4249.097592117161,6.570898175191935e-124
2182.990990990991,42.61076017457333,299.0662989584169,4211.9647015110195,-5.3021282536704306e-123
2183.4954954954956,42.15788891408922,297.9878758030983,4175.100503102561,-6.883074796199488e-123
2184.0,41.708065890450584,296.9103370114673,4138.503072447211,-2.8874329617624202e-123
2184.5045045045044,41.26126399565611,295.83370867505914,4102.170490446292,8.257553326143919e-124
2185.009009009009,40.8174563893037,294.75801648363523,4066.100843672881,1.6744006704056684e-123
2185.5135135135133,40.376616496349456,293.6832857293863,4030.2922245798827,8.028901656004892e-124
2186.018018018018,39.938718005687555,292.60954130960994,3994.742731631618,-7.276169428033014e-124
2186.5225225225226,39.503734865703834,291.5368077355758,3959.450469741095,-1.4660686536253116e-123
2187.027027027027,39.07164128313354,290.4651091349738,3924.413550375046,-2.1067370184611878e-123
2187.5315315315315,38.64241172646185,289.39446924519643,3889.6300912309653,-1.2267060302091244e-123
2188.036036036036,38.21602091360709,288.3249114384578,3855.098217424412,-3.117793552095176e-124
2188.5405405405404,37.792443814720414,287.2564587155557,3820.8160611589983,3.629565791352329e-124
2189.045045045045,37.371655651128854,286.1891337081552,3786.7817618323115,2.2565166250705867e-124
2189.5495495495497,36.953631890595155,285.1229586881045,3752.9934664266516,-3.7799181751955353e-124
2190.054054054054,36.53834824666472,284.05795556999607,3719.4493296050314,-7.162360040291627e-124
2190.5585585585586,36.12578067779059,282.9941459124326,3686.147513745233,-5.356344395202094e-124
2191.063063063063,35.71590538365876,281.9315509259024,3653.0861892471876,-1.3876818565104851e-124
2191.5675675675675,35.30869880223776,280.87019147808303,3620.2635347227665,3.2302741923873296e-124
2192.072072072072,34.90413761321605,279.81008808766376,3587.6777367626382,4.745412629367359e-124
2192.5765765765764,34.502198728970384,278.75126094337514,3555.3269906164146,7.193812198913678e-124
2193.0810810810813,34.102859296181784,277.6937299002044,3523.209500071376,5.72380165792302e-124
2193.5855855855857,33.70609669453645,276.6375144831106,3491.323477499521,5.041793148875144e-124
2194.09009009009,33.31188853053091,275.5826338994102,3459.6671443814944,2.5148249142001923e-124
2194.5945945945946,32.92021264232622,274.5291070284489,3428.2387307862746,5.59053503256918e-125
2195.099099099099,32.53104709441981,273.4769524345383,3397.036475881245,-3.9317655888654464e-125
2195.6036036036035,32.14437017810484,272.426188366205,3366.0586278391365,-2.8200661889982565e-125
2196.108108108108,31.760160407713066,271.37683276443636,3335.303444121057,3.012126885500626e-125
2196.612612612613,31.378396519820797,270.3289032640432,3304.769191475295,5.992671603260877e-125
2197.1171171171172,30.999057470152557,269.28241719988864,3274.4541461235713,4.3433293172283407e-125
2197.6216216216217,30.622122433906306,268.23739160828137,3244.3565937449885,-5.1987516804336506e-126
2198.126126126126,30.24757080382696,267.1938432323679,3214.474829639748,-8.606019458509665e-126
2198.6306306306305,29.875382189978417,266.1517885223294,3184.807158693212,-5.224813534942997e-126
2199.135135135135,29.50553642021021,265.111243637553,3155.351895687997,-3.551992197708307e-126
2199.6396396396394,29.138013529369044,264.0722244628199,3126.1073649025057,-1.5428906717462664e-126
2200.1441441441443,28.77279375863206,263.0347466115811,3097.0719001586226,-4.383053049554945e-127
2200.6486486486488,28.40985757258976,261.99882540425926,3068.2438457633016,-8.765900682087134e-128
2201.153153153153,28.049185648274626,260.9644758844412,3039.6215561417625,-6.034910527984065e-128
2201.6576576576576,27.690758865150233,259.9317128361476,3011.2033954165577,-6.029571842021915e-128
2202.162162162162,27.3345583083016,258.90055078042445,2982.987737665672,-1.697092686126411e-128
2202.6666666666665,26.980565271339728,257.8710039734635,2954.9729671563277,2.0166252229894464e-128
2203.171171171171,26.62876125501541,256.84308641103877,2927.1574783626575,2.6733328887251405e-128
2203.675675675676,26.279127965613924,255.8168118330273,2899.5396759696723,1.4862118365812416e-128
2204.1801801801803,25.931647313474507,254.7921937273572,2872.117974888422,2.1732197495644678e-129
2204.6846846846847,25.586301412627506,253.76924533339388,2844.8908002849025,-2.073853167234112e-129
2205.189189189189,25.243072580170598,252.74797964512567,2817.8565876167813,-4.691997443189319e-131
2205.6936936936936,24.901943335824875,251.72840941406307,2791.0137826649166,2.2719690403120913e-129
2206.198198198198,24.562896401651834,250.71054715272516,2764.360841565086,1.7069753501736804e-129
2206.7027027027025,24.225914701864923,249.69440513684603,2737.896230822782,-4.043874854752363e-130
2207.2072072072074,23.890981362078893,248.6799954102723,2711.618427343874,-3.3515964041419555e-129
2207.711711711712,23.55807970984077,247.66732978722072,2685.5259184469523,-5.729150226762391e-129
2208.2162162162163,23.227193273921692,246.6564198570764,2659.6172018965053,-4.746480058884641e-129
2208.7207207207207,22.898305784576323,245.647276985087,2633.8907858874954,-2.6685616556663138e-129
2209.225225225225,22.571401174228594,244.63991231664514,2608.345189073384,-2.9886654199776496e-130
2209.7297297297296,22.24646357758912,243.6343367799857,2582.978940572493,4.531511531448242e-130
2210.234234234234,21.92347733262801,242.63056108959321,2557.7905799790315,1.7114234162245081e-130
2210.738738738739,21.60242698037386,241.6285957496376,2532.7786573733138,-5.6035886814676456e-130
2211.2432432432433,21.28329726593304,240.62845105690764,2507.9417333271476,-7.7730548369383e-130
2211.747747747748,20.966073139261166,239.63013710409058,2483.278378908669,-3.707404529110084e-130
2212.252252252252,20.6507397573421,238.63366378251814,2458.787175681353,1.1735948153367337e-130
2212.7567567567567,20.337282485028737,237.63904078542004,2434.466715707868,4.400227965758874e-130
2213.261261261261,20.025686896421266,236.6462776108951,2410.3156015503614,2.0346720094137637e-130
2213.7657657657655,19.715938775841877,235.6553835651202,2386.332446269739,-9.40821326836717e-131
2214.2702702702704,19.408024120824248,234.66636776544956,2362.5158734252846,-3.0591096771317464e-130
2214.774774774775,19.101929145563012,233.67923914354614,2338.864517074474,-1.6068170457472817e-130
2215.2792792792793,18.797640281623927,232.69400644848088,2315.3770217662213,-8.705394673708109e-131
2215.7837837837837,18.495144180734144,231.71067824982154,2292.0520425407376,-4.952923312176941e-131
2216.288288288288,18.19442771992067,230.7292629407987,2268.888244925402,-2.897554946938139e-131
2216.7927927927926,17.89547800320777,229.74976874146415,2245.8843049307384,-1.6095431263966191e-131
2217.2972972972975,17.598282366228908,228.772203701874,2223.038909046492,-1.1951861060427014e-131
2217.801801801802,17.302828381018323,227.79657570529875,2200.350754237764,-8.409707677870293e-132
2218.3063063063064,17.009103859832212,226.82289247145795,2177.8185479410786,-4.012891420582446e-132
2218.810810810811,16.717096861734618,225.85116155979637,2155.441008060963,-2.443119390777194e-132
2219.3153153153153,16.42679569743151,224.88139037282158,2133.216862966895,-2.657372508234412e-132
2219.8198198198197,16.138188936299215,223.91358615953894,2111.1448514908448,-2.48677593668613e-132
2220.324324324324,15.851265413233241,222.9477560186261,2089.2237229258308,-1.5112278135808946e-132
2220.8288288288286,15.566014236377406,221.98390690193202,2067.452237025281,-7.261199256557619e-133
2221.3333333333335,15.28242479614701,221.02204561816066,2045.8291640034636,-4.177912408252222e-133
2221.837837837838,15.000486774288694,220.06217883653255,2024.3532845376383,-3.0304706890981047e-133
2222.3423423423424,14.720190154282783,219.10431309035334,2003.0233897716585,-1.9936447640305175e-133
2222.846846846847,14.441525232786768,218.14845478074787,1981.8382813215235,-1.0661258647174806e-133
2223.3513513513512,14.164482632059444,217.19461018061327,1960.7967712831376,-5.827709727881563e-134
2223.8558558558557,13.889053313000364,216.242785438396,1939.8976822419056,-3.8604467930922887e-134
2224.3603603603606,13.615228593894487,215.29298658255217,1919.1398472863361,-2.5341343568830813e-134
2224.864864864865,13.343000163630863,214.34521952601906,1898.5221100248496,-1.3747966480431267e-134
2225.3693693693695,13.072360091320208,213.39949007004745,1878.0433246042255,-8.392437098748203e-135
2225.873873873874,12.803300872912828,212.45580390840914,1857.702355775423,-5.22957000596158e-135
2226.3783783783783,12.535815422744488,211.51416663382489,1837.4980787801378,-3.287052936165496e-135
2226.8828828828828,12.269897116821594,210.57458374159134,1817.4293795058632,-2.0752604340468584e-135
2227.387387387387,12.005539815248689,209.63706063420207,1797.4951546008797,-1.3174632037461425e-135
2227.8918918918916,11.742737890847838,208.70160262862265,1777.6943113169423,-8.40183367211699e-136
2228.3963963963965,11.481486264122168,207.76821496080032,1758.0257676980962,-5.385001261826757e-136
2228.900900900901,11.221780439509528,206.83690279220255,1738.488452590326,-3.468547498453464e-136
2229.4054054054054,10.963616546601388,205.90767121617066,1719.0813057150742,-2.245093100599086e-136
2229.90990990991,10.706991385283288,204.9805252647659,1699.8032777443127,-1.4609586846471661e-136
2230.4144144144143,10.451902476429124,204.05546991603342,1680.6533303824854,-9.568440425538904e-137
2230.9189189189187,10.198348119802803,203.1325101021795,1661.6304364658713,-6.295944263198449e-137
2231.4234234234236,9.94632745431692,202.21165071748732,1642.7335800646683,-4.155499761036274e-137
2231.927927927928,9.695840530202187,201.29289662736844,1623.9617566037648,-2.7576524952838075e-137
2232.4324324324325,9.446888388022206,200.3762526782701,1605.3139729996956,-1.8400012249583642e-137
2232.936936936937,9.199473146981866,199.46172370818715,1586.789247813791,-1.233883746448273e-137
2233.4414414414414,8.953598100724063,198.5493145576571,1568.3866114146433,-8.302942055436051e-138
2233.945945945946,8.709267836798636,197.63903008256534,1550.1051061769867,-5.613653413577362e-138
2234.4504504504503,8.46648835556716,196.73087516757238,1531.9437866932417,-3.8153075871563057e-138
2234.9549549549547,8.225267212311197,195.82485474081622,1513.9017200107926,-2.6037614417061262e-138
2235.4594594594596,7.985613686512124,194.92097379018097,1495.9779859012822,-1.7835069445148013e-138
2235.963963963964,7.747538953433491,194.01923738132686,1478.1716771631711,-1.2279671130635383e-138
2236.4684684684685,7.511056298586346,193.11965067728468,1460.4818999554495,-8.493381009881777e-139
2236.972972972973,7.276181352268288,192.2222189604366,1442.9077741770684,-5.895887949500837e-139
2237.4774774774774,7.04293235502982,191.326947656757,1425.4484338893396,-4.111421649904543e-139
2237.981981981982,6.811330469070191,190.43384236294477,1408.103027792851,-2.881973400858064e-139
2238.4864864864867,6.5814001323771425,189.5429088767543,1390.8707197634058,-2.027943610117022e-139
2238.990990990991,6.353169449143377,188.6541532308133,1373.7506894526864,-1.4328051365215145e-139
2239.4954954954956,6.126670672399093,187.76758173071346,1356.7421329666881,-1.0173175633667482e-139
2240.0,5.901940724480429,186.8832009979503,1339.844263629949,-7.252462916714712e-140
2240.5045045045044,5.67902180137197,186.00101801829106,1323.0563128492965,-5.190867219190111e-140
2241.009009009009,5.457962129613349,185.12104019684327,1306.3775310930077,-3.731662179140676e-140
2241.5135135135133,5.2388167130511745,184.2432754202227,1289.8071889950636,-2.6937017965679566e-140
2242.0180180180178,5.021648345835552,183.36773212740832,1273.344578611562,-1.9525683218733806e-140
2242.5225225225226,4.806528680520305,182.4944193905197,1256.9890148450502,-1.4212192307547084e-140
2243.027027027027,4.593539502820478,181.62334700652076,1240.7398370564456,-1.0387524036804728e-140
2243.5315315315315,4.382774202318156,180.75452560440053,1224.5964109414776,-7.623038694655009e-141
2244.036036036036,4.174339477889045,179.8879667642196,1208.5581306075742,-5.617099247756114e-141
2244.5405405405404,3.968357263834218,179.02368315709583,1192.6244210034195,-4.155692549282377e-141
2245.045045045045,3.764967019796227,178.16168870360735,1176.7947406671826,-3.086861782217644e-141
2245.5495495495497,3.5643282132253984,177.30199875652275,1161.0685848838111,-2.302062109851085e-141
2246.054054054054,3.36662328551326,176.44463030948697,1145.4454893010625,-1.7235928494324429e-141
2246.5585585585586,3.172060810405768,175.58960223561385,1129.9250340680246,-1.2955623722307247e-141
2247.063063063063,2.98087905671702,174.73693555873083,1114.506848574546,-9.776359116759698e-142
2247.5675675675675,2.7933497546030632,173.8866537602798,1099.1906168708806,-7.405930034395131e-142
2248.072072072072,2.6097819803832225,173.03878312336212,1083.976083849964,-5.631926496745353e-142
2248.5765765765764,2.4305259137521085,172.1933531132866,1068.8630622604517,-4.299274372635232e-142
2249.0810810810813,2.2559760967680442,171.35039679260038,1053.8514406469433,-3.2944399252766176e-142
2249.5855855855857,2.0865736071622294,170.50995126178566,1038.9411922517215,-2.53399615275229e-142
2250.09009009009,1.922806406558432,169.67205811080333,1024.1323848842746,-1.9564029461619514e-142
2250.5945945945946,1.7652067089632508,168.83676385809588,1009.425191706168,-1.5160976336811175e-142
2251.099099099099,1.6143441266434762,168.00412034113737,994.8199028007826,-1.1792376060745302e-142
2251.6036036036035,1.470813062104804,167.17418500729227,980.316937231003,-9.205978879403231e-143
2252.108108108108,1.3352128702854622,166.347021042436,965.916855136132,-7.213096806076151e-143
2252.612612612613,1.2081199213581266,165.52269725793414,951.6203692116256,-5.672120294394902e-143
2253.1171171171172,1.090051615719375,164.70128765609283,937.4283546752528,-4.476407070689512e-143
2253.6216216216217,0.9814242667383838,163.88287060119913,923.3418566143507,-3.5453828155483033e-143
2254.126126126126,0.882509008356496,163.06752756098905,909.3620935402549,-2.817952281414445e-143
2254.6306306306305,0.7933923027909319,162.25534141873646,895.4904558097483,-2.2476552854584023e-143
2255.135135135135,0.7139487874043563,161.4463944599114,881.7284980497349,-1.799033847557624e-143
2255.6396396396394,0.6438338076919051,160.64076618629795,868.0779249796989,-1.4449424126698124e-143
2256.1441441441443,0.5824997069236161,159.83853118462508,854.540570799544,-1.1645308694692552e-143
2256.6486486486488,0.5292348046705506,159.0397572872912,841.1183730152195,-9.417339207747447e-144
2257.153153153153,0.4832185411442426,158.24450422405408,827.8133422954231,-7.641340090323519e-144
2257.6576576576576,0.4435825894231561,157.45282287298866,814.6275303720106,-6.221024089231787e-144
2258.162162162162,0.40946731908368483,156.6647551181318,801.5629980685084,-5.081502030557063e-144
2258.6666666666665,0.3800657764872887,155.88033421592468,788.6217853152766,-4.164346086368493e-144
2259.171171171171,0.3546517531750975,155.09958552355187,775.8058844776695,-3.4238317527760685e-144
2259.675675675676,0.3325926155474369,154.32252742761705,763.1172177592381,-2.8240674314444643e-144
2260.1801801801803,0.31335026910016134,153.54917233416032,750.5576189037143,-2.3367955681663613e-144
2260.6846846846847,0.29647447055980225,152.77952762121737,738.1288190192279,-1.939702731398073e-144
2261.189189189189,0.2815922621385833,152.01359649712572,725.8324360993574,-1.6151170012533787e-144
2261.6936936936936,0.2683962512105872,151.25137874021468,713.66996772499,-1.3490021719804148e-144
2262.198198198198,0.2566333980330251,150.49287131905672,701.64278637492,-1.1301767209118831e-144
2262.7027027027025,0.24609509674072427,149.73806890218248,689.7521368777535,-9.497081721212716e-145
2263.2072072072074,0.2366088155419668,148.98696427333502,677.9991355459044,-8.004405652592466e-145
2263.711711711712,0.22803123041690976,148.23954866836922,666.384770629659,-6.766248991314286e-145
2264.2162162162163,0.2202426801981162,147.4958120480852,654.9099038012732,-5.7362965223182966e-145
2264.7207207207207,0.21314272862013103,146.7557433195965,643.5752724291096,-4.877133147169445e-145
2265.225225225225,0.2066466181330524,146.01933051658662,632.3814924512841,-4.158451500775724e-145
2265.7297297297296,0.20068243735360675,145.28656094672525,621.3290616976972,-3.5556354226420696e-145
2266.234234234234,0.1951888582327006,144.55742131276295,610.4183635422488,-3.0486381888277255e-145
2266.738738738739,0.19011330711991437,143.83189781261777,599.6496707882869,-2.621090862014899e-145
2267.2432432432433,0.1854105008832518,143.10997622236812,589.0231497146207,-2.2595928357924114e-145
2267.747747747748,0.1810412544460801,142.39164196548867,578.5388642209216,-1.9531457917355373e-145
2268.252252252252,0.1769715089612456,141.67688017099115,568.1967800242089,-1.6926996527065323e-145
2268.7567567567567,0.1731715376337567,140.9656757223467,557.9967688703084,-1.4707889216062709e-145
2269.261261261261,0.16961529126971275,140.2580132989095,547.9386127291441,-1.2812400312556568e-145
2269.7657657657655,0.166279855845914,139.55387741119162,538.0220079511165,-1.118934854311212e-145
2270.2702702702704,0.16314500366481613,138.85325243090938,528.2465693650445,-9.796201738294193e-146
2270.774774774775,0.1601928186594592,138.1561226167303,518.61183430275,-8.597534240925715e-146
2271.2792792792793,0.15740737997827045,137.4624721365241,509.11726654096856,-7.563765459915972e-146
2271.7837837837837,0.15477449642855753,136.77228508654258,499.7622601502402,-6.670136467412947e-146
2272.288288288288,0.15228148207237333,136.08554550799866,490.54614324407777,-5.895878569768571e-146
2272.7927927927926,0.14991696385587655,135.40223740145012,481.46818162028706,-5.223534161644119e-146
2273.2972972972975,0.14767072305732468,134.72234473947054,472.5275823028984,-4.63839023971201e-146
2273.801801801802,0.14553355028616125,134.04585147762418,463.7234969663957,-4.128022757483435e-146
2274.3063063063064,0.1434971301653722,133.37274156412184,455.0550252547672,-3.68191638416407e-146
2274.810810810811,0.14155393477907466,132.702998948307,446.5212179859801,-3.291152489248977e-146
2275.3153153153153,0.13969713507241557,132.0366075881264,438.1210802466469,-2.948150466639338e-146
2275.8198198198197,0.1379205258122588,131.37355145672106,429.853574377288,-2.646453330141301e-146
2276.324324324324,0.13621845550343242,130.71381454823458,421.7176228417954,-2.3805515569246915e-146
2276.8288288288286,0.13458576617135745,130.05738088305804,413.71211100688595,-2.145731202831381e-146
2277.3333333333335,0.1330177440021366,129.40423451238163,405.8358898013007,-1.9379516814971993e-146
2277.837837837838,0.13151007442381188,128.75435952223845,398.0877782692151,-1.7537441807030205e-146
2278.3423423423424,0.13005880030215416,128.10774003713254,390.46656602677194,-1.5901252163279926e-146
2278.846846846847,0.12866028691136944,127.46436022328881,382.971015622964,-1.444522938564158e-146
2279.3513513513512,0.12731119144042932,126.82420429153326,375.5998648022345,-1.3147157718944955e-146
2279.8558558558557,0.12600843524861632,126.18725649985531,368.35182867089884,-1.198781422888034e-146
2280.3603603603606,0.12474917895752129,125.55350115568768,361.2256017685423,-1.095054006238047e-146
2280.864864864865,0.12353080015257753,124.92292261797948,354.21986006271334,-1.0020865741441636e-146
2281.3693693693695,0.1223508739296673,124.2955052990157,347.3332628481418,-9.186200271579103e-147
2281.873873873874,0.12120715593739843,123.67123366603926,340.56445456027916,-8.435570736983544e-147
2282.3783783783783,0.12009756624745042,123.05009224270435,333.9120665095922,-7.75939931588925e-147
2282.8828828828828,0.11902017543483724,122.43206561037938,327.37471853979235,-7.149310751888621e-147
2283.387387387387,0.11797319120857735,121.81713840929565,320.9510206027902,-6.597970338318122e-147
2283.8918918918916,0.11695494737741875,121.20529533960345,314.6395742817266,-6.098938933982357e-147
2284.3963963963965,0.11596389378492966,120.59652116227258,308.4389742206819,-5.646555959638496e-147
2284.900900900901,0.11499858652075068,119.99080069990382,302.3478094911883,-5.23583823536992e-147
2285.4054054054054,0.11405767957523341,119.38811883743243,296.3646648871331,-4.862393526793267e-147
2285.90990990991,0.1131399168596604,118.78846052278094,290.4881221775741,-4.5223422375015234e-147
2286.4144144144143,0.11224412553015475,118.19181076738764,284.71676126320324,-4.212255565451179e-147
2286.9189189189187,0.11136920960620317,117.5981546467095,279.0491613053789,-3.929095344421464e-147
2287.4234234234236,0.11051414401693849,117.00747730064154,273.48390178506463,-3.6701658777401146e-147
2287.927927927928,0.1096779693132382,116.4197639338789,268.0195635051288,-3.433072261762101e-147
2288.4324324324325,0.1088597867872417,115.83499981622425,262.654729543694,-3.215683647973569e-147
2288.936936936937,0.10805875401175968,115.25317028285382,257.3879861569568,-3.016101530108592e-147
2289.4414414414414,0.10727408088791084,114.67426073452417,252.2179236208532,-2.832632570866594e-147
2289.945945945946,0.10650502583309125,114.09825663775653,247.14313704138465,-2.6637636091311774e-147
2290.4504504504503,0.10575089234812854,113.52514352497612,242.16222711211012,-2.508140805846153e-147
2290.9549549549547,0.10501102598478952,112.95490699460558,237.2738008152463,-2.3645521560193533e-147
2291.4594594594596,0.10428481107176793,112.38753271117535,232.47647213722894,-2.2319086761992856e-147
2291.963963963964,0.10357166823141374,111.8230064053396,227.76886266352716,-2.109232901951343e-147
2292.4684684684685,0.10287105234508859,111.26131387389522,223.14960217318773,-1.9956461624052414e-147
2292.972972972973,0.10218244951032562,110.70244097979615,218.61732921521607,-1.890356708391678e-147
2293.4774774774774,0.10150537532339272,110.14637365211746,214.17069162171174,-1.7926508219673527e-147
2293.981981981982,0.1008393737700481,109.59309788600058,209.80834697945141,-1.7018846931079354e-147
2294.4864864864867,0.10018401314639254,109.04259974259989,205.5289630957145,-1.6174764530563903e-147
2294.990990990991,0.09953888628764056,108.49486534901983,201.33121845731355,-1.5388985755750574e-147
2295.4954954954956,0.09890361026190157,107.94988089817434,197.21380256108662,-1.4656740742972872e-147
2296.0,0.098277820685102,107.40763264870063,193.1754163089714,-1.397370365263647e-147
2296.5045045045044,0.09766117408056177,106.86810692483682,189.21477234776896,-1.3335945844420908e-147
2297.009009009009,0.09705334533626385,106.33129011627729,185.33059538163624,-1.2739894845568652e-147
2297.5135135135133,0.09645402680380484,105.79716867802483,181.5216224561791,-1.2182299078294771e-147
2298.0180180180178,0.09586292704739499,105.26572913023091,177.78660321887227,-1.1660196419978099e-147
2298.5225225225226,0.09527976984636675,104.73695805801987,174.12430014418194,-1.1170887882498277e-147
2299.027027027027,0.09470429310727063,104.21084211132691,170.5334887815107,-1.0711907684997228e-147
2299.5315315315315,0.0941362485541883,103.68736800468928,167.0129579078584,-1.0281005468910287e-147
2300.036036036036,0.09357540028505652,103.16652251708486,163.56150977455408,-9.876117054621207e-148
2300.5405405405404,0.09302152453672582,102.6482924916975,160.17796018615877,-9.495356115534986e-148
2301.045045045045,0.09247440859044685,102.13266483572605,156.86113867367274,-9.136993375263694e-148
2301.5495495495497,0.09193385017574099,101.61962652017655,153.60988863797743,-8.799439940511996e-148
2302.054054054054,0.0913996570461079,101.10916457962423,150.42306739170738,-8.48124093946551e-148
2302.5585585585586,0.09087164617028437,100.60126611201215,147.2995463187354,-8.181056193009975e-148
2303.063063063063,0.09034964339481902,100.09591827840948,144.23821090438233,-7.89765404061101e-148
2303.5675675675675,0.08983348287206659,99.59310830277714,141.2379607844104,-7.629901982008527e-148
2304.072072072072,0.0893230064357161,99.09282347175849,138.29770987837614,-7.376751465400606e-148
2304.5765765765764,0.08881806333760184,98.59505113440056,135.41638629426177,-7.13724022785922e-148
2305.081081081081,0.08831850967263459,98.0997787019533,132.59293248680157,-6.910474605421514e-148
2305.5855855855857,0.08782420839552994,97.60699364758361,129.82630513305423,-6.695633210126828e-148
2306.09009009009,0.0873350283301499,97.11668350616306,127.11547524370721,-6.491953283650759e-148
2306.5945945945946,0.08685084397563086,96.6288358739919,124.45942807327022,-6.298731081467117e-148
2307.099099099099,0.08637153581256034,96.14343840856037,121.85716313838093,-6.115313919608978e-148
2307.6036036036035,0.08589698967242083,95.66047882829292,119.30769419083894,-5.941096338936198e-148
2308.108108108108,0.08542709541620243,95.1799449122872,116.81004913545641,-5.7755178465715625e-148
2308.612612612613,0.08496174769611335,94.70182450007057,114.36327006420935,-5.618055701182456e-148
2309.1171171171172,0.0845008468391696,94.22610549132455,111.96641311325477,-5.468225779901559e-148
2309.6216216216217,0.08404429677340648,93.75277584563338,109.61854845095944,-5.325577254716272e-148
2310.126126126126,0.08359200471195888,93.28182358222203,107.31876018500957,-5.189691057564122e-148
2310.6306306306305,0.08314388147425893,92.81323677970153,105.06614630137284,-5.060176691039683e-148
2311.135135135135,0.08269984177201113,92.34700357579787,102.85981858132226,-4.936670100802653e-148
2311.6396396396394,0.08225980435041058,91.88311216709121,100.69890251615362,-4.818831496623245e-148
2312.144144144144,0.08182369085009547,91.42155080875055,98.58253720417025,-4.7063439045006564e-148
2312.6486486486488,0.08139142560377217,90.96230781427559,96.50987525980422,-4.5989111783394726e-148
2313.153153153153,0.08096293536216857,90.5053715552338,94.48008270871145,-4.496256553989625e-148
2313.6576576576576,0.08053815009626643,90.05073046099172,92.49233887733853,-4.3981212814412044e-148
2314.162162162162,0.08011700251258543,89.59837301844786,90.54583628553608,-4.304263181407117e-148
2314.6666666666665,0.07969942795297809,89.14828777177195,88.63978053578178,-4.21445532654403e-148
2315.171171171171,0.07928536352155947,88.70046332214197,86.7733901881655,-4.128485128896354e-148
2315.675675675676,0.07887474868416718,88.2548883274791,84.94589664169989,-4.046153242430702e-148
2316.1801801801803,0.07846752484667345,87.81155150218487,83.15654401383894,-3.967272516520379e-148
2316.6846846846847,0.07806363577564067,87.37044161687479,81.40458900672782,-3.891667339143e-148
2317.189189189189,0.07766302697397863,86.93154749811703,79.68930078110553,-3.8191727316200984e-148
2317.6936936936936,0.0772656457734282,86.49485802816865,78.0099608250906,-3.749633607643488e-148
2318.198198198198,0.07687144107339232,86.06036214471322,76.36586282128887,-3.682904067918265e-148
2318.7027027027025,0.07648036370619546,85.62804884059855,74.7563125091682,-3.618846850397443e-148
2319.2072072072074,0.07609236609832748,85.19790716357333,73.1806275552638,-3.5573325359172674e-148
2319.711711711712,0.07570740156797535,84.76992621603394,71.63813740105195,-3.498239427292399e-148
2320.2162162162163,0.07532542490975061,84.34409515475343,70.12818314215659,-3.441452487018831e-148
2320.7207207207207,0.07494639286563268,83.92040319062883,68.6501173654637,-3.3868635185274455e-148
2321.225225225225,0.07457026319578305,83.4988395884173,67.20330402730171,-3.3343701662711224e-148
2321.7297297297296,0.07419699508813583,83.079393666483,65.78711829663382,-3.283875984303658e-148
2322.234234234234,0.07382654880438957,82.66205479653408,64.40094642267323,-3.2352896987285075e-148
2322.738738738739,0.07345888496630118,82.24681240337274,63.0441855846014,-3.1885251424178604e-148
2323.2432432432433,0.07309396600800065,81.83365596463089,61.716243753702244,-3.143500703642887e-148
2323.747747747748,0.0727317564743663,81.42257501051635,60.416539545139706,-3.1001392435677372e-148
2324.252252252252,0.07237222004181904,81.01355912356631,59.14450207464786,-3.0583677160034776e-148
2324.7567567567567,0.07201532103469234,80.60659793839,57.89957081455781,-3.0181169466119976e-148
2325.261261261261,0.07166102526137054,80.2016811414125,56.681195450172574,-2.9793213784945622e-148
2325.7657657657655,0.07130930156164263,79.79879847061513,55.48883573698112,-2.9419188423005987e-148
2326.2702702702704,0.07096011864761953,79.39793971529375,54.321961356566604,-2.9058503634865244e-148
2326.774774774775,0.07061344200324109,78.99909471582788,53.18005177313041,-2.8710599793129193e-148
2327.2792792792793,0.07026924232759843,78.60225336339518,52.062596091154354,-2.837494563982891e-148
2327.7837837837837,0.06992749111094602,78.20740559973872,50.96909291373332,-2.805103653341506e-148
2328.288288288288,0.06958815728449212,77.81454141693177,49.89905020107148,-2.77383928791827e-148
2328.7927927927926,0.06925121302204486,77.42365085711322,48.85198512976207,-2.7436558724934733e-148
2329.2972972972975,0.06891663159456016,77.03472401224724,47.82742395299938,-2.7145100413445477e-148
2329.801801801802,0.06858438405251822,76.64775102389203,46.824901861566694,-2.686360529581055e-148
2330.3063063063064,0.06825444416495301,76.26272208293756,45.84396284564898,-2.659168054350183e-148
2330.810810810811,0.06792678712754038,75.87962742936847,44.88415955763453,-2.632895204874942e-148
2331.3153153153153,0.06760138584117856,75.49845735203539,43.94505317589749,-2.6075063384678014e-148
2331.8198198198197,0.06727821546394644,75.11920218839636,43.02621326826136,-2.5829674822470807e-148
2332.324324324324,0.06695725251897891,74.74185232427152,42.12721765309556,-2.5592462373482575e-148
2332.8288288288286,0.0666384725637385,74.36639819363334,41.24765227787571,-2.5363117017685007e-148
2333.3333333333335,0.0663218518929008,73.99283027836724,40.38711108961676,-2.5141343917190554e-148
2333.837837837838,0.06600736751351233,73.62113910802287,39.545195896763865,-2.492686160583329e-148
2334.3423423423424,0.06569499679912565,73.25131525957181,38.72151623623398,-2.471940125435193e-148
2334.846846846847,0.06538471771420122,72.88334935717593,37.91568924642374,-2.451870601221852e-148
2335.3513513513512,0.06507650835381627,72.51723207195857,37.12733954240553,-2.432453039474427e-148
2335.8558558558557,0.06477034750895357,72.15295412175716,36.35609908295105,-2.4136639662349894e-148
2336.3603603603606,0.064466214087312,71.79050627093024,35.60160706657109,-2.3954809360460317e-148
2336.864864864865,0.06416408746292486,71.42987933010359,34.863509795474826,-2.377882473151817e-148
2337.3693693693695,0.0638639474224903,71.07106415593758,34.141460553306736,-2.360848021876752e-148
2337.873873873874,0.0635657740890645,70.71405165090019,33.43511948455753,-2.344357900243392e-148
2338.3783783783783,0.0632695479053037,70.3588327630363,32.7441534746032,-2.328393255866622e-148
2338.8828828828828,0.06297524964841833,70.00539848573375,32.06823602804746,-2.3129360235788387e-148
2339.387387387387,0.06268286041593218,69.65373985763296,31.40704722301614,-2.2979689113565057e-148
2339.8918918918916,0.06239236160411406,69.30384796215917,30.760273468906174,-2.283475316762498e-148
2340.3963963963965,0.062103734930641745,68.95571392745883,30.127607478166052,-2.2694393253875862e-148
2340.900900900901,0.06181696239108901,68.60932892604912,29.508748084959937,-2.255845648754356e-148
2341.4054054054054,0.06153202627885437,68.2646841747565,28.90340022137149,-2.242679628951646e-148
2341.90990990991,0.061248909153812224,67.92177093444289,28.311274779478914,-2.229927197591548e-148
2342.4144144144143,0.06096759384669449,67.58058050979014,27.73208850476564,-2.2175748467160733e-148
2342.9189189189187,0.060688063449359286,67.24110424907663,27.16556388861035,-2.205609603914962e-148
2343.4234234234236,0.06041030131101902,66.90333354392772,26.611429047502547,-2.194019001746504e-148
2343.927927927928,0.0601342910255426,66.5672598291365,26.06941763465364,-2.1827910553069487e-148
2344.4324324324325,0.05986001642557594,66.23287458241737,25.539268729197698,-2.171914243151822e-148
2344.936936936937,0.05958746158250258,65.90016932420046,25.020726733099014,-2.161377478265846e-148
2345.4414414414414,0.05931661080614013,65.56913561744209,24.51354129132295,-2.1511701015211977e-148
2345.945945945946,0.059047448614441105,65.23976506738983,24.017467177983935,-2.1412818518588986e-148
2346.4504504504503,0.05877995973260163,64.91204932139509,23.532264214960144,-2.1317028563013514e-148
2346.9549549549547,0.058514129140552464,64.58598006868618,23.057697169863943,-2.1224236095101678e-148
2347.4594594594596,0.058249942025023906,64.26154904016865,22.59353566331716,-2.113434956089243e-148
2347.963963963964,0.05798738368665737,63.93874800821027,22.139554080301345,-2.1047280790163437e-148
2348.4684684684685,0.05772643966339727,63.61756878643529,21.695531473567254,-2.0962944794631932e-148
2348.972972972973,0.05746709581586778,63.298003229523985,21.2612514872455,-2.088125971224883e-148
2349.4774774774774,0.057209338098714285,62.98004323298917,20.836502243199142,-2.0802146521649843e-148
2349.981981981982,0.05695315258320838,62.663680733010246,20.421076299558457,-2.0725529157949e-148
2350.4864864864867,0.056698525571940175,62.348907706182096,20.01477051109978,-2.065133410572963e-148
2350.990990990991,0.056445443565780566,62.03571616935836,19.617385997310922,-2.0579490545794403e-148
2351.4954954954956,0.05619389323213562,61.724098179424395,19.228728029801694,-2.0509930097487435e-148
2352.0,0.05594386140102471,61.414045833103465,18.848605959357595,-2.044258674844232e-148
2352.5045045045044,0.055695335085478234,61.10555126676751,18.476833149327398,-2.0377396817949174e-148
2353.009009009009,0.05544830145918544,60.79860665622012,18.11322687115712,-2.0314298745996783e-148
2353.5135135135133,0.05520274782732341,60.49320421652329,17.757608262555618,-2.0253233145881105e-148
2354.0180180180178,0.054958661669706116,60.18933620177357,17.409802211436343,-2.0194142565817547e-148
2354.5225225225226,0.05471603062540266,59.886994904939016,17.06963732744088,-2.0136971569366963e-148
2355.027027027027,0.05447484246965895,59.58617265763129,16.736945821629188,-2.0081666497063137e-148
2355.5315315315315,0.05423508513550939,59.28686182994267,16.411563476787105,-2.0028175531595053e-148
2356.036036036036,0.05399674670008913,58.989054830233854,16.093329549602593,-1.9976448539555904e-148
2356.5405405405404,0.053759815381044754,58.69274410495018,15.782086711503101,-1.992643703483673e-148
2357.045045045045,0.05352427953613518,58.39792213843768,15.4776809886465,-1.98780941409742e-148
2357.5495495495497,0.053290127661120595,58.104581452735914,15.179961672906776,-1.983137446299345e-148
2358.054054054054,0.05305734838329399,57.81271460741617,14.888781289070911,-1.97862341216777e-148
2358.5585585585586,0.05282593046262545,57.5223141993616,14.603995490867879,-1.9742630593435027e-148
2359.063063063063,0.05259586279123536,57.233372862615816,14.325463041520209,-1.97005227652765e-148
2359.5675675675675,0.05236713438538388,56.945883268162135,14.053045707220209,-1.9659870780087704e-148
2360.072072072072,0.05213973438921571,56.659838123769326,13.78660823460772,-1.9620636074367642e-148
2360.5765765765764,0.051913652069437495,56.375230173786896,13.526018264715276,-1.958278127519181e-148
2361.081081081081,0.051688876813779955,56.09205219897098,13.271146285073366,-1.9546270178299934e-148
2361.5855855855857,0.05146539812954671,55.810297016305874,13.021865576444872,-1.95110677156027e-148
2362.09009009009,0.05124320564081699,55.52995747880922,12.778052138531917,-1.9477139878413896e-148
2362.5945945945946,0.05102228908693907,55.25102647537351,12.539584661860355,-1.944445373255543e-148
2363.099099099099,0.05080263832011218,54.97349693055847,12.306344438627207,-1.9412977316209104e-148
2363.6036036036035,0.0505842433051876,54.697361804445656,12.078215348060388,-1.9382679673806606e-148
2364.108108108108,0.050367094115470905,54.4226140924265,11.855083763761469,-1.9353530753390285e-148
2364.612612612613,0.050151180933379017,54.14924682505596,11.636838537370908,-1.9325501431458866e-148
2365.1171171171172,0.04993649404719952,53.87725306785582,11.423370922808482,-1.9298563442123988e-148
2365.6216216216217,0.0497230238500731,53.6066259211486,11.21457453832273,-1.927268936436191e-148
2366.126126126126,0.049510760838567563,53.33735851988635,11.010345319668158,-1.9247852596370797e-148
2366.6306306306305,0.049299695610389174,53.0694440334646,10.810581458338225,-1.9224027307294414e-148
2367.135135135135,0.04908981886366703,52.80287566557087,10.615183377443596,-1.920118844274505e-148
2367.6396396396394,0.04888112139455011,52.53764665398614,10.424053656320906,-1.9179311659207687e-148
2368.144144144144,0.04867359409699516,52.27375027044553,10.237097018878549,-1.9158373343434544e-148
2368.6486486486488,0.04846722795985075,52.01117982043526,10.054220254336634,-1.913835054448496e-148
2369.153153153153,0.048262014066825676,51.749928643054744,9.875332205325954,-1.9119220989609194e-148
2369.6576576576576,0.04805794359415046,51.489990110824415,9.700343701692265,-1.910096303460993e-148
2370.162162162162,0.047855007809779276,51.23135762953133,9.529167530970616,-1.9083555656654838e-148
2370.6666666666665,0.047653198072102845,50.97402463806236,9.36171839732033,-1.906697843427849e-148
2371.171171171171,0.04745250582815632,50.71798460822796,9.197912870586984,-1.9051211516022292e-148
2371.675675675676,0.04725292261299507,50.46323104461602,9.037669365653592,-1.9036235621745405e-148
2372.1801801801803,0.047054440047795965,50.20975748440366,8.880908079137242,-1.9022031999201207e-148
2372.6846846846847,0.04685704983979166,49.95755749722208,8.727550979986825,-1.900858243491962e-148
2373.189189189189,0.046660743779735676,49.706624684963764,8.577521742298293,-1.8995869208764165e-148
2373.6936936936936,0.04646551374158031,49.45695268165,8.430745736700326,-1.898387510387521e-148
2374.198198198198,0.04627135168090643,49.20853515324702,8.287149972914003,-1.897258337136406e-148
2374.7027027027025,0.04607824963420391,48.961365797519264,8.146663077146735,-1.8961977726359643e-148
2375.207207207207,0.04588619971770202,48.715438343868534,8.009215256148083,-1.895204233239492e-148
2375.711711711712,0.045695194125976314,48.47074655316651,7.874738255587462,-1.894276178055423e-148
2376.2162162162163,0.045505225131553056,48.22728421761503,7.743165342322337,-1.8934121088788913e-148
2376.7207207207207,0.0453162850831042,47.98504516056478,7.614431251612382,-1.8926105672600364e-148
2377.225225225225,0.045128366405133465,47.7440232363877,7.488472179464987,-1.8918701351238502e-148
2377.7297297297296,0.044941461596371725,47.504212330291665,7.365225726054033,-1.8911894316420136e-148
2378.234234234234,0.04475556322941778,47.26560635819468,7.244630889600933,-1.8905671138637502e-148
2378.738738738739,0.04457066394923131,47.02819926654728,7.126628016790378,-1.890001874176816e-148
2379.2432432432433,0.044386756472576804,46.79198503219507,7.011158785766769,-1.889492440083529e-148
2379.747747747748,0.04420383358702029,46.556957662221876,6.8981661747488126,-1.8890375729767467e-148
2380.252252252252,0.04402188814983882,46.32311119379203,6.787594428305219,-1.888636066737556e-148
2380.7567567567567,0.04384091308751008,46.09043969401477,6.679389042072371,-1.8882867475778064e-148
2381.261261261261,0.04366090139435298,45.858937259772716,6.573496719034247,-1.887988472011944e-148
2381.7657657657655,0.04348184613221934,45.62859801759873,6.469865363212073,-1.8877401272114884e-148
2382.2702702702704,0.04330374042907797,45.39941612349876,6.368444032287816,-1.8875406288073727e-148
2382.774774774775,0.04312657747881539,45.17138576283533,6.269182935171317,-1.8873889214046038e-148
2383.2792792792793,0.04295035053979891,44.94450115014956,6.172033384958815,-1.887283976465166e-148
2383.7837837837837,0.04277505293440926,44.71875652903281,6.0769477876602584,-1.8872247922634642e-148
2384.288288288288,0.04260067804833466,44.49414617198746,5.983879622735139,-1.8872103933630912e-148
2384.7927927927926,0.0424272193293176,44.270664380252654,5.892783399075367,-1.887239828718758e-148
2385.2972972972975,0.04225467028734859,44.0483054837049,5.8036146639683,-1.8873121726973866e-148
2385.801801801802,0.04208302449281416,43.827063840668146,5.716329947396802,-1.8874265225907234e-148
2386.3063063063064,0.04191227557651831,43.606933837800376,5.6308867618421665,-1.887581999089598e-148
2386.810810810811,0.04174241722895768,43.387909889952475,5.547243580443355,-1.887777745603288e-148
2387.3153153153153,0.04157344319904835,43.1699864400005,5.465359798722088,-1.8880129267625482e-148
2387.8198198198197,0.04140534729337658,42.953157958746296,5.385195740758864,-1.8882867291249374e-148
2388.324324324324,0.04123812337589625,42.73741894473333,5.306712610946352,-1.888598359223275e-148
2388.8288288288286,0.04107176536768581,42.52276392413813,5.229872493655219,-1.8889470439144445e-148
2389.3333333333335,0.040906267246553,42.30918745062737,5.154638331151738,-1.8893320296902478e-148
2389.837837837838,0.04074162304486469,42.09668410520025,5.08097389225022,-1.8897525815717363e-148
2390.3423423423424,0.04057782684800519,41.88524849608778,5.008843776645809,-1.8902079836097007e-148
2390.846846846847,0.0404148727962926,41.674875258573714,4.938213370709396,-1.8906975372275848e-148
2391.3513513513512,0.04025275508490788,41.46555905489098,4.869048849220123,-1.891220561580793e-148
2391.8558558558557,0.04009146796360202,41.25729457407888,4.801317153322904,-1.8917763928794895e-148
2392.3603603603606,0.03993100573255601,41.05007653183176,4.734985964122865,-1.8923643835281574e-148
2392.864864864865,0.03977136273683797,40.843899670400546,4.670023705485249,-1.8929839024854637e-148
2393.3693693693695,0.03961253337637752,40.638758758416984,4.606399504754388,-1.8936343338930732e-148
2393.873873873874,0.0394545121071842,40.43464859079473,4.54408319490837,-1.8943150773804937e-148
2394.3783783783783,0.03929729343977234,40.23156398858624,4.483045292768666,-1.895025547412648e-148
2394.8828828828828,0.03914087192853584,40.02949979883998,4.423256977780935,-1.8957651726625785e-148
2395.387387387387,0.03898524215611227,39.828450894499944,4.364690092631349,-1.8965333962188157e-148
2395.8918918918916,0.03883039876623941,39.62841217423715,4.307317108742714,-1.897329674466942e-148
2396.3963963963965,0.03867633646038293,39.42937856235326,4.251111128961275,-1.898153477354777e-148
2396.900900900901,0.038523049991423766,39.23134500863802,4.196045865977237,-1.899004287765255e-148
2397.4054054054054,0.038370534150832636,39.034306488233696,4.142095625493882,-1.899881601062268e-148
2397.90990990991,0.038218783765042945,38.8382580015344,4.089235305375554,-1.9007849252053752e-148
2398.4144144144143,0.03806779371889227,38.643194574022814,4.037440365116478,-1.90171377981582e-148
2398.9189189189187,0.03791755893739395,38.44911125617781,3.986686828955012,-1.902667696417143e-148
2399.4234234234236,0.03776807438857566,38.25600312333044,3.9369512646116633,-1.903646217834636e-148
2399.927927927928,0.03761933508434844,38.06386527553835,3.888210770496964,-1.9046488978820877e-148
2400.4324324324325,0.03747133608673288,37.8726928374821,3.840442973254234,-1.9056753013916563e-148
2400.936936936937,0.03732407249565111,37.682480958308545,3.793626001088114,-1.9067250034486707e-148
2401.4414414414414,0.03717753945403007,37.49322481154175,3.7477384871585753,-1.90779758960012e-148
2401.945945945946,0.03703173214782034,37.30491959493842,3.702759548642236,-1.90889265528419e-148
2402.4504504504503,0.036886645804864865,37.117560530370056,3.6586687775154587,-1.9100098056302144e-148
2402.9549549549547,0.03674227569236081,36.931142863718776,3.6154462367188906,-1.911148655425486e-148
2403.4594594594596,0.036598617119204535,36.74566186472574,3.5730724369613793,-1.9123088284838564e-148
2403.963963963964,0.0364556654350099,36.56111282690607,3.5315283402903326,-1.913489957832705e-148
2404.4684684684685,0.036313416028577204,36.37749106740255,3.4907953395428253,-1.914691685169676e-148
2404.972972972973,0.03617186432814882,36.19479192687698,3.4508552522937768,-1.915913660753373e-148
2405.4774774774774,0.036031005801717295,36.01301076940391,3.4116903157528085,-1.9171555433205404e-148
2405.981981981982,0.035890835955335196,35.83214298232521,3.373283166775387,-1.9184169995683416e-148
2406.4864864864867,0.03575135033319376,35.65218397616735,3.335616845504817,-1.9196977043194354e-148
2406.990990990991,0.03561254451742179,35.473129184495825,3.298674775252957,-1.92099734000768e-148
2407.4954954954956,0.035474414127451136,35.29497406381329,3.2624407592409157,-1.9223155966409447e-148
2408.0,0.03533695481954719,35.11771409345221,3.2268989743830483,-1.923652171679497e-148
2408.5045045045044,0.03520016228650297,34.94134477543521,3.1920339541904204,-1.9250067696135408e-148
2409.009009009009,0.0350640322575573,34.765861634395534,3.157830592431718,-1.9263791021099173e-148
2409.5135135135133,0.034928560497451556,34.59126021742974,3.1242741234757445,-1.9277688875248527e-148
2410.0180180180178,0.034793742806454156,34.41753609400551,3.0913501214757653,-1.9291758509248755e-148
2410.5225225225226,0.03465957502002115,34.24468485585109,3.0590444931742944,-1.9305997239355976e-148
2411.027027027027,0.034526053008114316,34.07270211682274,3.027343463508424,-1.9320402444007398e-148
2411.5315315315315,0.03439317267513575,33.9015835128263,2.996233578848578,-1.933497156503069e-148
2412.036036036036,0.034260929959372036,33.731324701671056,2.965701688587651,-1.9349702103227254e-148
2412.5405405405404,0.03412932083274629,33.56192136298419,2.9357349457028414,-1.9364591618849426e-148
2413.045045045045,0.03399834130045242,33.393369198098966,2.9063207990869504,-1.937963772995855e-148
2413.5495495495497,0.03386798740051053,33.225663929927805,2.8774469816012074,-1.939483810970644e-148
2414.054054054054,0.03373825520367082,33.058801302885364,2.8491015124490895,-1.9410190487211172e-148
2414.5585585585586,0.03360914081275634,32.89277708274512,2.821272680842173,-1.9425692643770005e-148
2415.063063063063,0.03348064036257872,32.727587056557816,2.793949046842681,-1.9441342413324574e-148
2415.5675675675675,0.033352750019563476,32.56322703253948,2.767119433751285,-1.9457137680839626e-148
2416.072072072072,0.03322546598129231,32.399692839950944,2.7407729182657543,-1.9473076380142567e-148
2416.5765765765764,0.03309878447640855,32.23698032902002,2.714898832052175,-1.9489156494521515e-148
2417.081081081081,0.03297270176406042,32.07508537080337,2.68948674731672,-1.9505376053480156e-148
2417.5855855855857,0.03284721413376663,31.91400385710717,2.6645264778576565,-1.952173313318743e-148
2418.09009009009,0.03272231790505208,31.753731700375866,2.640008071530997,-1.953822585488594e-148
2418.5945945945946,0.032598009427072264,31.594264833577093,2.6159218022923114,-1.9554852383203215e-148
2419.099099099099,0.03247428507849069,31.435599210123986,2.5922581710315917,-1.9571610926515748e-148
2419.6036036036035,0.032351141266950635,31.277730803741214,2.569007892885763,-1.9588499734173614e-148
2420.108108108108,0.03222857442898622,31.120655608390816,2.5461618988706207,-1.9605517097028257e-148
2420.612612612613,0.03210658102962776,30.964369638155905,2.5237113276157332,-1.9622661345689266e-148
2421.1171171171172,0.03198515756205264,30.808868927131766,2.5016475185346447,-1.9639930849110938e-148
2421.6216216216217,0.031864300547594766,30.654149529359458,2.47996201518233,-1.9657324015481276e-148
2422.126126126126,0.03174400653507552,30.50020751867977,2.458646550193711,-1.9674839288958985e-148
2422.6306306306305,0.031624272100743915,30.347038988660376,2.437693046762499,-1.969247515013055e-148
2423.135135135135,0.03150509384806688,30.194640052511833,2.41709361763052,-1.9710230115895713e-148
2423.6396396396394,0.031386468407227155,30.04300684294554,2.3968405512830184,-1.972810273651531e-148
2424.144144144144,0.03126839243506659,29.892135512112528,2.3769263157288445,-1.974609159655429e-148
2424.6486486486488,0.031150862614803956,29.742022231501128,2.3573435534480702,-1.9764195313869106e-148
2425.153153153153,0.03103387565559162,29.592663191814736,2.3380850720432704,-1.978241253766213e-148
2425.6576576576576,0.030917428292525282,29.444054602911404,2.3191438478123403,-1.980074194934368e-148
2426.162162162162,0.030801517286200942,29.29619269368152,2.3005130167261214,-1.981918226067062e-148
2426.6666666666665,0.03068613942246615,29.149073711952585,2.2821858707306695,-1.983773221303175e-148
2427.171171171171,0.03057129151236781,29.002693924424563,2.264155859930759,-1.985639057798424e-148
2427.675675675676,0.03045697039162332,28.8570496165292,2.246416580421084,-1.987515615473969e-148
2428.1801801801803,0.030343172920563852,28.7121370923666,2.228961776437228,-1.9894027770687825e-148
2428.6846846846847,0.03022989598393838,28.56795267461755,2.211785338192342,-1.9913004281001737e-148
2429.189189189189,0.030117136490461785,28.424492704416068,2.1948812922780947,-1.993208456668142e-148
2429.6936936936936,0.0300048913727944,28.2817535412909,2.178243804552469,-1.995126753521805e-148
2430.198198198198,0.029893157587245287,28.139731563062362,2.1618671750976115,-1.9970552119596802e-148
2430.7027027027025,0.029781932113436674,27.998423165733122,2.145745832115089,-1.998993727708054e-148
2431.207207207207,0.02967121195429476,27.85782476343268,2.129874334900204,-2.000942198987359e-148
2431.711711711712,0.029560994135618912,27.71793278829114,2.114247365169975,-2.002900526338282e-148
2432.2162162162163,0.02945127570593358,27.578743690361698,2.098859726137793,-2.0048686126071984e-148
2432.7207207207207,0.029342053736394834,27.440253937551127,2.0837063430565754,-2.006846362961101e-148
2433.225225225225,0.029233325320337598,27.302460015489746,2.068782254077513,-2.008833684705571e-148
2433.7297297297296,0.029125087573238385,27.165358427472544,2.0540826122349665,-2.01083048732871e-148
2434.234234234234,0.02901733763251288,27.028945694371828,2.0396026829928706,-2.0128366824548325e-148
2434.738738738739,0.028910072657147633,26.893218354520837,2.025337837510876,-2.0148521837121064e-148
2435.2432432432433,0.02880328982768189,26.75817296365958,2.0112835549489736,-2.0168769067818925e-148
2435.747747747748,0.028696986345907772,26.623806094829277,1.9974354175578453,-2.018910769303347e-148
2436.252252252252,0.028591159434621215,26.49011433827745,1.9837891070378506,-2.0209536908034656e-148
2436.7567567567567,0.02848580633760713,26.35709430140501,1.9703404068285026,-2.0230055927451576e-148
2437.261261261261,0.028380924319212995,26.224742608637317,1.957085194059461,-2.0250663983699585e-148
2437.7657657657655,0.028276510664285413,26.093055901363293,1.944019440568832,-2.0271360327205658e-148
2438.2702702702704,0.028172562678037243,25.962030837861047,1.9311392121529904,-2.0292144226280254e-148
2438.774774774775,0.028069077685672624,25.831664093178556,1.918440661906989,-2.0313014965827267e-148
2439.2792792792793,0.02796605303235715,25.701952359078806,1.9059200319674037,-2.033397184770544e-148
2439.7837837837837,0.02786348608301127,25.572892343952084,1.8935736509517374,-2.0355014190244214e-148
2440.288288288288,0.027761374222015998,25.44448077271113,1.8813979293479701,-2.037614132736032e-148
2440.7927927927926,0.027659714853214144,25.316714386742785,1.8693893617186899,-2.0397352609002002e-148
2441.297297297297,0.02755850539957331,25.189589943795262,1.8575445212813453,-2.0418647400110973e-148
2441.801801801802,0.027457743303022298,25.063104217898175,1.8458600583462548,-2.044002508033346e-148
2442.3063063063064,0.02735742602439815,24.93725399931164,1.8343327019066555,-2.046148504433934e-148
2442.810810810811,0.02725755104313383,24.81203609440934,1.8229592540034871,-2.0483026700746813e-148
2443.3153153153153,0.027158115857094448,24.687447325600804,1.8117365883147742,-2.0504649471862002e-148
2443.8198198198197,0.027059117982645008,24.563484531285205,1.8006616521907357,-2.05263527940806e-148
2444.324324324324,0.026960554954217477,24.44014456573405,1.7897314610313888,-2.0548136116817996e-148
2444.8288288288286,0.026862424324171266,24.317424299013656,1.7789430969356796,-2.056999890225996e-148
2445.3333333333335,0.02676472366267712,24.195320616939792,1.7682937106140577,-2.059194062573677e-148
2445.837837837838,0.02666745055753738,24.073830420964132,1.757780516322161,-2.0613960774763832e-148
2446.3423423423424,0.02657060261400986,23.952950628096247,1.7474007904945936,-2.0636058848788953e-148
2446.846846846847,0.026474177454999456,23.83267817085794,1.737151873345721,-2.065823435950252e-148
2447.3513513513512,0.02637817272049559,23.713009997173145,1.7270311644054996,-2.068048682999687e-148
2447.8558558558557,0.026282586067448117,23.59394307029075,1.7170361211433955,-2.070281579451116e-148
2448.3603603603606,0.026187415169394254,23.475474368738695,1.707164260415593,-2.0725220798708247e-148
2448.864864864865,0.026092657716626413,23.357600886216893,1.6974131543780102,-2.0747701398908962e-148
2449.3693693693695,0.0259983114160004,23.240319631519643,1.687780429126355,-2.0770257161839937e-148
2449.873873873874,0.025904373991347977,23.123627628491903,1.6782637661691515,-2.0792887664915634e-148
2450.3783783783783,0.025810843182610916,23.007521915923142,1.6688608985555295,-2.0815592495511876e-148
2450.8828828828828,0.025717716745715612,22.891999547470725,1.6595696095427808,-2.0838371250718776e-148
2451.387387387387,0.025624992452367292,22.777057591617123,1.6503877340421187,-2.086122353761429e-148
2451.8918918918916,0.025532668090188983,22.6626931315658,1.6413131550378657,-2.0884148972596632e-148
2452.3963963963965,0.02544074146257282,22.548903265164856,1.6323438022806933,-2.090714718114201e-148
2452.900900900901,0.0253492103885492,22.435685104865296,1.6234776536278535,-2.093021779805498e-148
2453.4054054054054,0.02525807270249108,22.323035777618742,1.614712731782197,-2.0953360466862787e-148
2453.90990990991,0.025167326253956797,22.210952424801942,1.6060471030144239,-2.0976574839578348e-148
2454.4144144144143,0.025076968907868185,22.099432202174988,1.597478878393498,-2.0999860576929933e-148
2454.9189189189187,0.024986998544118375,21.988472279782027,1.589006210815848,-2.1023217347809283e-148
2455.4234234234236,0.024897413057416946,21.87806984187567,1.5806272937593997,-2.104664482904061e-148
2455.927927927928,0.02480821035726344,21.76822208687635,1.572340362436972,-2.1070142705595447e-148
2456.4324324324325,0.024719388367778455,21.65892622727459,1.5641436910671291,-2.1093710670086293e-148
2456.936936936937,0.024630945027569812,21.550179489556236,1.556035591660667,-2.1117348422541623e-148
2457.4414414414414,0.024542878289657677,21.441979114162223,1.5480144151201356,-2.1141055670609303e-148
2457.945945945946,0.02445518612128338,21.33432235539336,1.5400785487232949,-2.116483212909083e-148
2458.4504504504503,0.02436786650376746,21.227206481335575,1.5322264149428388,-2.118867751972267e-148
2458.9549549549547,0.024280917432541856,21.120628773824116,1.5244564727048824,-2.12125915714075e-148
2459.4594594594596,0.024194336916870517,21.014586528342893,1.5167672146354778,-2.1236574019705872e-148
2459.963963963964,0.024108122979712685,20.9090770539527,1.5091571660385754,-2.126062460664666e-148
2460.4684684684685,0.02402227365771063,20.80409767324816,1.5016248856637053,-2.1284743080867227e-148
2460.972972972973,0.023936787001073535,20.699645722295497,1.494168965251777,-2.1308929197528194e-148
2461.4774774774774,0.023851661073306895,20.595718550511997,1.4867880257143977,-2.1333182717610107e-148
2461.981981981982,0.02376689395122655,20.49231352064125,1.4794807188826382,-2.1357503408233165e-148
2462.4864864864867,0.02368248372511048,20.389428008719158,1.4722457286145356,-2.138189104285975e-148
2462.990990990991,0.023598428498004177,20.287059403918665,1.4650817651501213,-2.1406345400254794e-148
2463.4954954954956,0.023514726386000925,20.185205108540977,1.4579875676753382,-2.143086626495613e-148
2464.0,0.023431375517949264,20.08386253796701,1.4509619044868975,-2.1455453427302853e-148
2464.5045045045044,0.023348374035434057,19.983029120549705,1.444003570185899,-2.148010668291853e-148
2465.009009009009,0.023265720092647435,19.8827022975518,1.4371113851961022,-2.1504825832621067e-148
2465.5135135135133,0.023183411856449062,19.782879523108374,1.430284196530544,-2.1529610682561626e-148
2466.0180180180178,0.023101447506380168,19.68355826416236,1.4235208771821237,-2.1554461044110944e-148
2466.5225225225226,0.023019825233921657,19.584736000354017,1.4168203233167664,-2.1579376733343442e-148
2467.027027027027,0.022938543242877047,19.486410223996725,1.4101814555908894,-2.1604357571276403e-148
2467.5315315315315,0.022857599748470514,19.38857844003832,1.4036032197198793,-2.1629403383971652e-148
2468.036036036036,0.022776992978503528,19.29123816592286,1.3970845825283098,-2.1654514001811485e-148
2468.5405405405404,0.02269672117234874,19.194386931576823,1.3906245336512593,-2.1679689259807447e-148
2469.045045045045,0.022616782582455672,19.098022279365356,1.3842220858008696,-2.1704928997646784e-148
2469.5495495495497,0.02253717547241698,19.002141763984522,1.3778762723166382,-2.1730233059242754e-148
2470.054054054054,0.022457898117355195,18.906742952409054,1.371586147069978,-2.1755601292714855e-148
2470.5585585585586,0.022378948803097626,18.811823423854666,1.3653507850103077,-2.1781033550486622e-148
2471.063063063063,0.022300325825611658,18.717380769713937,1.3591692815671819,-2.1806529689174178e-148
2471.5675675675675,0.022222027493718068,18.623412593453658,1.3530407504880149,-2.1832089569188766e-148
2472.072072072072,0.022144052127038866,18.52991651059215,1.3469643249438512,-2.185771305493678e-148
2472.5765765765764,0.02206639806172671,18.436890148661462,1.3409391579334224,-2.18834000148916e-148
2473.081081081081,0.02198906363993511,18.34433114707584,1.3349644191286592,-2.1909150321014634e-148
2473.5855855855857,0.0219120472172158,18.252237157119115,1.3290392962703148,-2.1934963849008428e-148
2474.09009009009,0.021835347151041056,18.160605841904953,1.3231629954158541,-2.1960840478359624e-148
2474.5945945945946,0.021758961814176154,18.0694348762685,1.3173347388243222,-2.19867800919505e-148
2475.099099099099,0.02168288958949017,17.97872194672326,1.3115537651106266,-2.2012782576084815e-148
2475.6036036036035,0.02160712887780756,17.88846475142327,1.3058193295801919,-2.203884782054677e-148
2476.108108108108,0.021531678098541784,17.798661000098434,1.3001307036445877,-2.2064975718492124e-148
2476.612612612613,0.021456535670568464,17.709308413961946,1.2944871733035812,-2.2091166166168692e-148
2477.1171171171172,0.021381700024845386,17.62040472568731,1.2888880399394258,-2.2117419063059143e-148
2477.6216216216217,0.021307169564696384,17.53194767936973,1.2833326205721862,-2.2143734311925642e-148
2478.126126126126,0.021232942739145173,17.443935030404056,1.277820245457391,-2.2170111818368628e-148
2478.6306306306305,0.0211590179892264,17.356364545471525,1.2723502591461455,-2.219655149101834e-148
2479.135135135135,0.021085393830034122,17.269234002504078,1.2669220207635385,-2.2223053241583077e-148
2479.6396396396394,0.02101206874699398,17.182541190575623,1.2615349021417872,-2.224961698450659e-148
2480.144144144144,0.020939041243956787,17.09628390986745,1.2561882881473043,-2.227624263702528e-148
2480.6486486486488,0.0208663098043013,17.010459971630503,1.2508815768973345,-2.230293011920677e-148
2481.153153153153,0.02079387289717074,16.925067198120797,1.2456141792026525,-2.2329679353845547e-148
2481.6576576576576,0.020721729045812376,16.840103422514954,1.2403855174714942,-2.2356490266258924e-148
2482.162162162162,0.020649876765561268,16.755566488887542,1.235195026321693,-2.238336278439831e-148
2482.6666666666665,0.02057831462558777,16.67145425217225,1.2300421527117413,-2.241029683887006e-148
2483.171171171171,0.020507041152655694,16.587764578048503,1.2249263541299371,-2.243729236260357e-148
2483.675675675676,0.02043605490128213,16.504495342927406,1.2198470993883561,-2.2464349290993444e-148
2484.1801801801803,0.02036535443922865,16.421644433920267,1.2148038688897453,-2.2491467561945957e-148
2484.6846846846847,0.02029493834395234,16.339209748729058,1.2097961530272687,-2.2518647115585032e-148
2485.189189189189,0.020224805204974373,16.257189195620356,1.2048234525963986,-2.2545887894324993e-148
2485.6936936936936,0.020154953608413982,16.1755806933874,1.1998852789119632,-2.2573189842890444e-148
2486.198198198198,0.02008538214418003,16.094382171285062,1.194981153293089,-2.2600552908219764e-148
2486.7027027027025,0.020016089424211684,16.013591568954396,1.1901106063035753,-2.2627977039323485e-148
2487.207207207207,0.019947074063886412,15.933206836399602,1.185273178204405,-2.2655462187365906e-148
2487.711711711712,0.01987833469666189,15.85322593394911,1.1804684190200645,-2.2683008305675917e-148
2488.2162162162163,0.01980986995244436,15.77364683215018,1.175695887144383,-2.2710615349487624e-148
2488.7207207207207,0.01974167847340652,15.694467511754326,1.1709551499573214,-2.273828327605293e-148
2489.225225225225,0.01967375891589893,15.615685963701166,1.1662457843228906,-2.276601204473156e-148
2489.7297297297296,0.01960610993935602,15.537300188979723,1.1615673745977484,-2.2793801616621957e-148
2490.234234234234,0.01953873021337065,15.459308198630897,1.1569195135336388,-2.2821651954726176e-148
2490.738738738739,0.019471618416544753,15.381708013686183,1.1523018018699482,-2.284956302387304e-148
2491.2432432432433,0.019404773226233674,15.304497665186448,1.1477138494705619,-2.2877534790925075e-148
2491.747747747748,0.019338193337164248,15.22767519399409,1.143155272503555,-2.2905567224258562e-148
2492.252252252252,0.01927187744928545,15.151238650828942,1.1386256949111613,-2.293366029403178e-148
2492.7567567567567,0.019205824269643474,15.075186096202328,1.1341247479241745,-2.2961813972093918e-148
2493.261261261261,0.019140032534853222,14.99951560044788,1.1296520713704257,-2.2990028232225217e-148
2493.7657657657655,0.019074500969583765,14.924225243511902,1.1252073105529512,-2.301830304955861e-148
2494.27027027027,0.019009228313572362,14.849313115005613,1.120790117956829,-2.3046638400893434e-148
2494.774774774775,0.018944213317188204,14.774777314137271,1.1164001527399627,-2.3075034264599763e-148
2495.2792792792793,0.018879454689696883,14.70061594973934,1.1120370818451546,-2.3103490620822316e-148
2495.7837837837837,0.01881495119479429,14.626827140068025,1.107700577289714,-2.3132007450977798e-148
2496.288288288288,0.018750701587893024,14.553409012851832,1.1033903176447257,-2.3160584738026817e-148
2496.7927927927926,0.01868670462652197,14.480359705225185,1.0991059875786289,-2.3189222466387852e-148
2497.297297297297,0.018622959135471295,14.407677363749295,1.094847278780808,-2.321792062211045e-148
2497.801801801802,0.018559463886705034,14.335360144226541,1.090613887666774,-2.324667919244181e-148
2498.3063063063064,0.018496217678075546,14.263406211741632,1.0864055166197384,-2.3275498166059653e-148
2498.810810810811,0.018433219319583694,14.19181374059697,1.0822218735875508,-2.3304377532995396e-148
2499.3153153153153,0.018370467604864237,14.120580914333281,1.07806267287817,-2.3333317284779735e-148
2499.8198198198197,0.01830796136173149,14.049705925547983,1.0739276331597827,-2.3362317414070786e-148
2500.324324324324,0.01824569941907032,13.979186975935455,1.0698164785375341,-2.3391377914852035e-148
2500.8288288288286,0.018183680612882086,13.909022276223657,1.065728938190245,-2.3420498782363513e-148
2501.3333333333335,0.018121903763368547,13.839210046197232,1.0616647471493785,-2.3449680013242645e-148
2501.837837837838,0.018060367719481055,13.769748514513573,1.0576236443747884,-2.347892160516989e-148
2502.3423423423424,0.01799907132908248,13.700635918746443,1.053605373808063,-2.350822355706011e-148
2502.846846846847,0.017938013444146736,13.631870505322905,1.0496096840234244,-2.3537585868996656e-148
2503.3513513513512,0.017877192949592714,13.563450529548275,1.0456363290190243,-2.3567008542379678e-148
2503.8558558558557,0.017816608709297632,13.495374255420991,1.041685066305552,-2.359649157956459e-148
2504.36036036036,0.017756259601830963,13.427639955679247,1.0377556579771032,-2.3626034984062943e-148
2504.864864864865,0.017696144513667314,13.360245911737877,1.0338478703686782,-2.365563876047672e-148
2505.3693693693695,0.017636262332039573,13.293190413713077,1.0299614747864072,-2.3685302914639234e-148
2505.873873873874,0.017576611957078842,13.226471760240543,1.026096245745561,-2.3715027453273617e-148
2506.3783783783783,0.017517192293680147,13.160088258521904,1.0222519619665424,-2.374481238418508e-148
2506.8828828828828,0.01745800225303506,13.09403822426247,1.0184284060558628,-2.3774657716198605e-148
2507.387387387387,0.01739904076068141,13.02831998170507,1.0146253651852364,-2.380456345928092e-148
2507.8918918918916,0.017340306740629464,12.96293186342512,1.0108426293783672,-2.383452962422628e-148
2508.3963963963965,0.017281799126395,12.897872210398175,1.0070799925323064,-2.3864556222841096e-148
2508.900900900901,0.017223516858737,12.833139371933125,1.0033372520875752,-2.389464326788201e-148
2509.4054054054054,0.01716545887755685,12.768731705674801,0.9996142093916598,-2.3924790773124145e-148
2509.90990990991,0.017107624127485864,12.704647577526039,0.9959106692642133,-2.3954998753277594e-148
2510.4144144144143,0.01705001156817936,12.640885361540443,0.9922264392766049,-2.3985267223849716e-148
2510.9189189189187,0.01699262016062054,12.577443439963107,0.988561330487315,-2.4015596201283717e-148
2511.4234234234236,0.016935448872190145,12.514320203170636,0.9849151571817403,-2.4045985702908344e-148
2511.927927927928,0.016878496685992384,12.451514049721638,0.9812877376504301,-2.4076435747084522e-148
2512.4324324324325,0.01682176257867022,12.389023386095863,0.9776788920785322,-2.410694635280393e-148
2512.936936936937,0.01676524553738923,12.326846626820206,0.9740884440260833,-2.413751753996892e-148
2513.4414414414414,0.016708944555392492,12.264982194383103,0.9705162199437661,-2.4168149329299653e-148
2513.945945945946,0.01665285863053554,12.203428519260957,0.9669620496788595,-2.4198841742429566e-148
2514.4504504504503,0.016596986767201345,12.142184039784333,0.9634257656108126,-2.4229594801739794e-148
2514.9549549549547,0.016541327976225356,12.081247202098485,0.9599072025936294,-2.426040853034726e-148
2515.4594594594596,0.016485881273808085,12.020616460171839,0.9564061983086669,-2.4291282952171018e-148
2515.963963963964,0.01643064568167442,11.960290275755948,0.9529225931825298,-2.4322218091915883e-148
2516.4684684684685,0.01637562022655604,11.900267118390142,0.9494562306691632,-2.435321397512605e-148
2516.972972972973,0.016320803941700747,11.840545465210415,0.9460069560254349,-2.4384270627948692e-148
2517.4774774774774,0.01626619586551568,11.781123801035653,0.9425746172173061,-2.4415388077307508e-148
2517.981981981982,0.016211795041868784,11.722000618293313,0.9391590645931915,-2.4446566350839105e-148
2518.4864864864867,0.016157600520915444,11.66317441704378,0.935760151272285,-2.447780547696729e-148
2518.990990990991,0.016103611357646548,11.604643704837587,0.9323777323596949,-2.450910548475065e-148
2519.4954954954956,0.01604982661248434,11.546406996722588,0.9290116652160834,-2.4540466403934057e-148
2520.0,0.015996245351353185,11.488462815213046,0.9256618094567459,-2.4571888264947666e-148
2520.0,840.0159962443062,11.488462815215435,0.9256618094567449,-2.4571888264947676e-148
2521.009009009009,816.3486806491918,27.914419829920465,54.42878637406576,-2.4411845705394994e-148
2522.018018018018,801.6306276920861,43.876931946612615,205.95219366013313,-2.3017643058101184e-148
2523.027027027027,787.1888213965454,59.38645819160568,442.889229340086,-1.9667218194952178e-148
2524.036036036036,773.0179291658895,74.45303912771399,753.7458767063225,-1.4628387483664994e-148
2525.045045045045,759.1127218550353,89.08650848907132,1128.0564034513764,-9.1498361784223e-149
2526.054054054054,745.4680717619212,103.29649731433662,1556.3049321950125,-4.673865914162232e-149
2527.063063063063,732.0789506577962,117.09243799881078,2029.8524892843498,-1.9035916190597563e-149
2528.072072072072,718.9404278559578,130.48356826622808,2540.8692314430587,-6.045923754056717e-150
2529.0810810810813,706.0476683177932,143.47893506277302,3082.271430418589,-1.4585343583403513e-150
2530.09009009009,693.3959307956978,156.08739837409857,3647.662951662177,-2.5431363066943638e-151
2531.099099099099,680.9805660121914,168.31763496678408,4231.280923120302,-2.635579350460055e-152
2532.108108108108,668.7970148739943,180.1781420569439,4827.945240397349,-7.516861565160672e-153
2533.1171171171172,656.8408067211966,191.6772409055627,5433.011757076146,-8.022475545901165e-153
2534.126126126126,645.1075576104331,202.82308034297597,6042.328847080294,-6.82774574602914e-152
2535.135135135135,633.5929686308523,213.62364022488742,6652.197072048071,-9.544536066079192e-151
2536.1441441441443,622.2928242533937,224.08673481902275,7259.331841065992,-1.486278779261184e-149
2537.153153153153,611.2029907120274,234.22001612514035,7860.828797658403,-1.3302753350716668e-148
2538.162162162162,600.3194144160461,244.03097713027253,8454.131723634488,2.1767151562070648e-147
2539.171171171171,589.6381203937264,253.52695499866113,9037.002858088686,-2.0743113723848098e-148
2540.1801801801803,579.1552107657475,262.71513419966055,9607.495393500332,-1.1297003481820375e-147
2541.189189189189,568.8668632480749,271.6025495742805,10163.928013155934,1.3590650062538367e-147
2542.198198198198,558.7693296850417,280.1960893387984,10704.861427464839,1.862236871038333e-147
2543.2072072072074,548.8589346096721,288.5024980316683,11229.076600552524,-1.3053130433263027e-146
2544.2162162162163,539.1320738325427,296.5283794010487,11735.554670608557,-6.695196627381504e-146
2545.225225225225,529.585213058311,304.2801992346413,12223.458429706434,5.239254815599345e-145
2546.234234234234,520.2148865279134,311.7642881361089,12692.115167392818,1.2303477701741443e-144
2547.2432432432433,511.0176956882427,318.9868442445619,13141.00090110509,2.5425588830446176e-143
2548.252252252252,501.9903078881706,325.9539358987666,13569.725881077084,-1.597960218392467e-143
2549.261261261261,493.1294550981676,332.67150425267795,13978.02114765176,-4.360402784795955e-143
2550.2702702702704,484.43193265614906,339.14536583615137,14365.726219220853,-2.3458118008524914e-142
2551.2792792792793,475.8945980375164,345.38121506571514,14732.77775564047,1.70670828235893e-141
2552.288288288288,467.5143696482311,351.3846267068086,15079.19912579634,-3.603063400059073e-142
2553.2972972972975,459.2882256417424,357.16105828718213,15405.090829103508,-4.777325223122576e-142
2554.3063063063064,451.2132027598643,362.7158524599332,15710.621746886236,1.4958345849912153e-142
2555.3153153153153,443.2863951948824,368.0542393227972,15996.02107659412,1.6227098031184873e-142
2556.324324324324,435.50495347435344,373.1813386900835,16261.57096858157,-1.2902469026327274e-142
2557.3333333333335,427.8660833672838,378.10216232026914,16507.59978030882,-1.0021059993499998e-142
2558.3423423423424,420.36704481204436,382.82161609860003,16734.475925587885,4.176095302677974e-143
2559.3513513513512,413.00515086509535,387.3445021761045,16942.60226498178,5.2320933037597845e-142
2560.3603603603606,405.7777666683311,391.67552107043576,17132.410940760976,-7.117935786667961e-142
2561.3693693693695,398.68230843864865,395.8192737202547,17304.358734838814,1.7321112236446217e-141
2562.3783783783783,391.716242476892,399.78026349936874,17458.922845855523,-4.4205110376334195e-141
2563.387387387387,384.8770841956921,403.562898192097,17596.59704263473,8.78764905625534e-141
2564.3963963963965,378.16239716564735,407.1714919301104,17717.888171583767,-1.0623332176680782e-140
2565.4054054054054,371.56979218028425,410.610267090316,17823.3130058006,-2.3128461299525633e-140
2566.4144144144143,365.0969263397338,413.8833561546876,17913.39540823207,2.6787808787721428e-139
2567.4234234234236,358.7415021526018,416.9948035314745,17988.66378980143,2.2975363246626085e-138
2568.4324324324325,352.5012666524135,419.9485673462613,18049.648783836798,2.557579313682822e-138
2569.4414414414414,346.37401053418665,422.74852119241507,18096.88119919627,5.4712526041027734e-139
2570.4504504504503,340.3575673072002,425.39845584665807,18130.8901918408,-6.572173540312462e-139
2571.4594594594596,334.44981246416586,427.90208095093044,18152.201646937967,4.0677296910142536e-139
2572.4684684684685,328.6486626663869,430.263026662418,18161.336724081142,1.9488787603834318e-139
2573.4774774774774,322.95207494380594,432.48484527068507,18158.810577127602,-2.3665570030353912e-139
2574.4864864864867,317.358045911664,434.5710127820625,18145.13123617314,-2.349931707425115e-140
2575.4954954954956,311.8646110024107,436.52493047224556,18120.798635815587,1.052986524772219e-139
2576.5045045045044,306.4698437119665,438.3499264081983,18086.303772443902,-2.2669803027333427e-140
2577.5135135135133,301.171854860793,440.0492569400166,18042.127978447363,-4.1205619887329613e-140
2578.5225225225226,295.96879186990606,441.62610816315765,17988.742304974523,2.8611623914027693e-140
2579.5315315315315,290.8588380497768,443.08359735261666,17926.60700113153,-1.5735432389016713e-140
2580.5405405405404,285.8402119033802,444.42477436572256,17856.171093443925,-8.783568239564881e-140
2581.5495495495497,280.91116644437653,445.6526230188986,17777.872043157837,-1.1495587004115455e-141
2582.5585585585586,276.06998860027454,446.77006229777754,17692.135447233173,-2.6339667931493345e-142
2583.5675675675675,271.31499823982324,447.7799482801383,17599.374940306716,1.4674573349994295e-142
2584.5765765765764,266.64454804313783,448.68507445128836,17499.991871584753,-5.549428780893965e-143
2585.5855855855857,262.0570225305782,449.48817362398387,17394.375330953568,2.8760021620200293e-143
2586.5945945945946,257.55083739452743,450.1919192734024,17282.902142464893,-2.1613586126717428e-144
2587.6036036036035,253.12443911712458,450.7989263293833,17165.936775678118,-2.338397504945539e-144
2588.612612612613,248.77630423860083,451.31175263478053,17043.83143163039,1.2306100248359856e-143
2589.6216216216217,244.50493885827763,451.7328999460202,16916.926114106867,1.9914577935626915e-143
2590.6306306306305,240.30887794774924,452.0648153103181,16785.548747525383,7.978772234715293e-144
2591.6396396396394,236.18668479085204,452.3098921899976,16650.01531159744,-5.254988497330225e-144
2592.6486486486488,232.1369505174411,452.47047139761014,16510.629994048086,3.766727231688082e-144
2593.6576576576576,228.15829358134522,452.5488421407429,16367.6853695749,2.5219425856471773e-144
2594.6666666666665,224.24935918342123,452.5472431759085,16221.46260617934,-5.60630327484424e-144
2595.675675675676,220.40881874713708,452.4678638578958,16072.23166612506,-1.9380410650469333e-144
2596.6846846846847,216.63536940156533,452.312845173586,15920.251544012843,-1.4419366119386371e-145
2597.6936936936936,212.92773349858015,452.08428070641406,15765.770503713813,1.5932203262456306e-144
2598.7027027027025,209.28465810236276,451.7842176565985,15609.02631567357,-2.6004279335219232e-145
2599.711711711712,205.70491455201957,451.4146577129309,15450.246532640065,-1.370253104423585e-144
2600.7207207207207,202.18729796662933,450.9775580403628,15289.64873704921,-8.091689095507214e-145
2601.7297297297296,198.7306267853858,450.47483219702957,15127.44080488137,1.822331283128274e-144
2602.738738738739,195.33374231397562,449.9083510373991,14963.821178079505,1.8522714344691988e-144
2603.747747747748,191.9955082828204,449.27994359197606,14798.979133996349,1.2183718092448364e-144
2604.7567567567567,188.7148104035287,448.59139795033445,14633.095052524492,-3.894455607449373e-145
2605.7657657657655,185.4905559465054,447.8444621008806,14466.34069215918,-2.8071741055112735e-145
2606.774774774775,182.3216733373572,447.04084473202556,14298.879460486463,1.3016858149821025e-145
2607.7837837837837,179.2071117212419,446.18221609902605,14130.866681716034,6.717682751464996e-145
2608.7927927927926,176.1458405844998,445.27020877335946,13962.449865716608,7.883688626952399e-146
2609.801801801802,173.13684935322993,444.30641843937696,13793.768966522382,-6.392887298498116e-145
2610.810810810811,170.17914699108138,443.29240469265454,13624.956650805341,-7.36276070137859e-145
2611.8198198198197,167.27176164145388,442.22969174722436,13456.138545473717,1.538512064610404e-145
2612.8288288288286,164.4137402467027,441.1197691901197,13287.433493206572,1.1605765331837797e-144
2613.837837837838,161.60414817205103,439.9640927261243,13118.953806893636,7.101797321910612e-145
2614.846846846847,158.84206887206437,438.76408483550097,12950.805501032839,-6.2712361725345894e-145
2615.8558558558557,156.12660351998255,437.52113550767945,12783.088539547276,-1.959392556877691e-144
2616.864864864865,153.4568706702977,436.23660290696006,12615.897066928635,-5.919108028912044e-145
2617.873873873874,150.83200592976468,434.91181402105394,12449.319627637546,1.7540882868709926e-144
2618.8828828828828,148.25116161003632,433.5480653471264,12283.439401417256,3.438084123757303e-144
2619.891891891892,145.71350641711751,432.14662350265655,12118.33440874399,3.220579110024825e-145
2620.900900900901,143.21822513373732,430.7087258506806,11954.077720488542,-4.2657509042519525e-144
2621.90990990991,140.76451829240509,429.235581144148,11790.737676128969,-6.518124185544036e-144
2622.9189189189187,138.3516018886056,427.7283700882394,11628.37806645699,2.0037294072729824e-145
2623.927927927928,135.9787070751473,426.18824594164084,11467.058331214537,9.990773017050138e-144
2624.936936936937,133.64507985586755,424.6163351187005,11306.833758975212,1.4421455345254485e-143
2625.945945945946,131.34998081889114,423.0137377116668,11147.755647976846,6.703363200217955e-144
2626.954954954955,129.09268482825888,421.3815280947471,10989.871506404203,2.5376515652512616e-145
2627.963963963964,126.87248084321756,419.72075528816737,10833.22517403953,-3.1458580217526305e-145
2628.972972972973,124.68867157611841,418.0324436232356,10677.857026917707,4.727396844132249e-146
2629.981981981982,122.5405727857769,416.3175940491939,10523.804236028645,-3.3007118844058676e-146
2630.990990990991,120.42751383861773,414.57718316804016,10371.100715268425,4.4263405096798567e-147
2632.0,118.34883731000241,412.8121639924632,10219.777309905468,3.580125109798295e-147
2633.009009009009,116.30389809209676,411.0234675875533,10069.862102237208,-6.531765436888139e-147
2634.018018018018,114.29206355328812,409.2120028173131,9921.380436736259,-5.4131561000375326e-148
2635.027027027027,112.3127133665757,407.37865669241256,9774.35504100724,1.9533948233679837e-147
2636.036036036036,110.36523921055841,405.5242949442002,9628.8061723169,-1.4795611296087243e-147
2637.045045045045,108.44904448599324,403.64976256984556,9484.751756229593,-3.447914544397428e-147
2638.054054054054,106.56354414751549,401.7558841599014,9342.20747493331,-5.573767472082405e-147
2639.063063063063,104.70816442898908,399.8434644324001,9201.186909136777,-1.6628913706747897e-147
2640.072072072072,102.88234262440072,397.9132886587838,9061.701649108525,-4.1982428008214625e-147
2641.0810810810813,101.08552687610833,395.96612307436084,8923.76139900437,-5.762529665307801e-147
2642.09009009009,99.31717598566506,394.0027152459025,8787.374068400843,-1.8719932107806898e-147
2643.099099099099,97.57675925435291,392.02379437979727,8652.545842935837,-3.952521071111824e-147
2644.108108108108,95.86375622474421,390.03007182059514,8519.28130597641,2.287306519988935e-147
2645.1171171171172,94.17765648310485,388.022241434741,8387.583527847284,2.298260533514472e-147
2646.126126126126,92.51795946360498,386.000979986847,8257.454151830081,6.441599054855889e-148
2647.135135135135,90.88417425465948,383.96694751471404,8128.893478547643,3.29555796008763e-149
2648.1441441441443,89.27581942960386,381.92078765607886,8001.900535134561,-3.870212934710684e-148
2649.153153153153,87.69242286109238,379.8631280052101,7876.473151064183,1.3487809007925578e-148
2650.162162162162,86.13352153743585,377.7945804666921,7752.6080320415795,2.1392767801103105e-148
2651.171171171171,84.59866138604633,375.71574159548226,7630.3008289514955,-1.692653132014719e-148
2652.1801801801803,83.0873970982765,373.6271929334068,7509.54620501899,-4.338346402342029e-148
2653.189189189189,81.59929196101383,371.5295013324644,7390.337897862212,1.732543250992942e-148
2654.198198198198,80.1339176932851,369.4232192678942,7272.668778005195,5.138919966253559e-148
2655.2072072072074,78.69085428343666,367.3088851514135,7156.5309063922205,-1.6316087410757583e-149
2656.2162162162163,77.26968982969913,365.1870236370695,7041.915588966464,-3.748480215255312e-148
2657.225225225225,75.87002038137305,363.05814592360116,6928.813429880122,1.2023209972198206e-148
2658.234234234234,74.49144978740851,360.9227500444437,6817.214379414487,1.7639708771931438e-149
2659.2432432432433,73.13358954739564,358.78132115505196,6707.107781787118,-1.1930624583636288e-150
2660.252252252252,71.79605866047373,356.6343318187995,6598.4824213020365,1.1415314966978636e-149
2661.261261261261,70.47848348476728,354.48224227684574,6491.326564028513,9.377420913232347e-151
2662.2702702702704,69.18049759593046,352.3255007177978,6385.62799858067,-1.0590305749934809e-150
2663.2792792792793,67.90174162570283,350.1645435855557,6281.374081054339,1.729128826569399e-149
2664.288288288288,66.64186319436048,347.99979570815105,6178.551753341198,3.6202288104770793e-149
2665.2972972972975,65.4005167094344,345.83167068167825,6077.1475971604805,3.64833414357731e-149
2666.3063063063064,64.17736326892806,343.66057105400245,5977.147857414587,3.577761322892326e-149
2667.3153153153153,62.97207047581904,341.4868886785146,5878.538491668241,-3.062874599507411e-149
2668.324324324324,61.78431237802614,339.3110048276318,5781.305179270368,-5.441485808304767e-149
2669.3333333333335,60.613769326190955,337.13329046390794,5685.43335632277,-3.537454531785144e-149
2670.3423423423424,59.46012785545931,334.95410646492303,5590.908242909091,2.864296669598903e-149
2671.3513513513512,58.32308057918674,332.77380382562563,5497.714864094371,2.7158504918915727e-149
2672.3603603603606,57.202326052693216,330.5927239167524,5405.838080526141,-2.070830786528579e-149
2673.3693693693695,56.097568666750526,328.411198688054,5315.2626102855675,-8.700257245765123e-149
2674.3783783783783,55.00851852857239,326.2295508946297,5225.973051765174,-4.456962303529802e-149
2675.387387387387,53.93489136571067,324.04809428041756,5137.953900884407,1.4781491642822273e-149
2676.3963963963965,52.87640841102141,321.8671337963883,5051.189573446253,4.584823367884198e-149
2677.4054054054054,51.83279630930857,319.68696577827063,4965.664419523993,9.720425406757161e-150
2678.4144144144143,50.80378701037383,317.50787815123795,4881.362742454398,-2.8360522934272146e-149
2679.4234234234236,49.78911766878383,315.33015062120626,4798.268815830031,-1.9224009698024066e-149
2680.4324324324325,48.788530547157386,313.15405486038156,4716.36689775428,1.474716913326454e-149
2681.4414414414414,47.80177291943001,310.979854690189,4635.641245666818,1.207359185177483e-149
2682.4504504504503,46.82859697889799,308.8078062589404,4556.07612972592,-2.095977017709123e-149
2683.4594594594596,45.86875974889066,306.638158216706,4477.655845450691,-1.383018787282716e-149
2684.4684684684685,44.92202299148223,304.4711518849586,4400.364725165371,6.244505315589969e-150
2685.4774774774774,43.988153121539746,302.3070214282149,4324.187149508386,-2.3514071701213322e-150
2686.4864864864867,43.066921123127216,300.1459940136942,4249.1075576141,-1.5366119511184163e-151
2687.4954954954956,42.15810246572588,297.9882899754032,4175.110456911267,2.588549769981047e-150
2688.5045045045044,41.26147702326298,295.8341229721662,4102.180432188626,-2.7474922217884904e-151
2689.5135135135133,40.3768289970763,293.68370013951636,4030.3021538808857,-3.205911168902401e-151
2690.5225225225226,39.5039468370803,291.5372222463074,3959.4603862004296,4.90076092626181e-151
2691.5315315315315,38.642623166311346,289.3948838438282,3889.63999444352,3.7849267223734765e-151
2692.5405405405404,37.79265471966651,287.25687339161533,3820.8259508274864,-6.318660863463896e-152
2693.5495495495497,36.953842257680414,285.1233734306045,3753.0033422362885,7.790749903041079e-152
2694.5585585585586,36.12599050457814,282.9945607096154,3686.157375348386,-3.1439703725677343e-152
2695.5675675675675,35.30890808741149,280.870606315593,3620.273381683554,-1.7516114620823916e-152
2696.5765765765764,34.502407466182106,278.7516758175189,3555.336822915047,5.435821975348715e-152
2697.5855855855857,33.706304876102706,276.6379293925713,3491.3332951921125,4.553698525474335e-153
2698.5945945945946,32.92042026755782,274.5295219575571,3428.248533329908,-1.0855687477734992e-152
2699.6036036036035,32.144577248015395,272.4266032982718,3366.068414659607,6.164475814817092e-153
2700.612612612613,31.378603031496738,270.3293181877143,3304.7789622726677,3.6174614905356503e-153
2701.6216216216217,30.622328385122653,268.2378065118992,3244.366348239518,-1.5814221186200094e-153
2702.6306306306305,29.875587578828906,266.15220339340635,3184.816896487857,1.631533091435789e-154
2703.6396396396394,29.13821834239997,264.07263930513983,3126.1170852018113,1.9064411453936868e-154
2704.6486486486488,28.41006182376538,261.99924018328795,3068.2535490125265,-2.1572124493265088e-154
2705.6576576576576,27.690962548679767,259.9321275444983,3011.2130810735407,-1.0476383917588076e-155
2706.6666666666665,26.980768382396768,257.8714186026108,2954.9826348900065,-6.736663627465088e-155
2707.675675675676,26.279330503287984,255.81722636999396,2899.5493256783916,-2.9716621268348148e-155
2708.6846846846847,25.586503374063955,253.7696597673865,2844.9004317271997,-7.637338926747061e-156
2709.6936936936936,24.902144717468648,251.72882373469,2791.023395595898,-1.8415250696445566e-156
2710.7027027027025,24.226115500452103,249.6948193337558,2737.9058250238445,-1.5242832759968624e-155
2711.711711711712,23.558279921215924,247.66774385289716,2685.5354937238158,8.245805991581071e-157
2712.7207207207207,22.89850540486555,245.64769090915067,2633.90034200936,-1.012974808268768e-155
2713.7297297297296,22.24666260410994,243.63475055033973,2582.9884772947325,-2.9361196320032633e-155
2714.738738738739,21.60262540917563,241.6290093558117,2532.788174475263,-1.6983170333164534e-155
2715.747747747748,20.966270966074436,239.63055053623899,2483.2878761841816,3.741437846965858e-156
2716.7567567567567,20.337479705367368,237.6394540330619,2434.4761929523625,4.537463160061389e-157
2717.7657657657655,19.71613538449391,235.6557966177235,2386.341903277278,-3.5568445201496166e-156
2718.774774774775,19.10212513774545,233.67965199081266,2338.873953639565,6.960048374226338e-157
2719.7837837837837,18.49533955126847,231.71109088140608,2292.0614584608425,-3.887629522530231e-157
2720.7927927927926,17.89567274570639,229.75018114698952,2245.8937000054566,-4.0148905304027034e-157
2721.801801801802,17.303022489127386,227.79698787436632,2200.3601282678405,3.614024246087587e-157
2722.810810810811,16.717290329082882,225.8515734820084,2155.4503608487207,-4.307602432997588e-157
2723.8198198198197,16.138381753435088,223.91399782420382,2111.1541828390273,-5.514053067106233e-157
2724.8288288288286,15.56620639490279,221.9843182980114,2067.4615467359904,-1.069424677453189e-157
2725.837837837838,15.000678265199582,220.0625899538416,2024.3625724123349,-9.950360525076476e-158
2726.846846846847,14.44171604384061,218.14886560856257,1981.8475471608199,-3.2292945585629876e-158
2727.8558558558557,13.889243434223218,216.24319596598318,1939.9069258448953,-1.5416814493302266e-158
2728.864864864865,13.343189577987067,214.3456297427273,1898.5313311885536,-5.745331456544156e-159
2729.873873873874,12.803489569344697,212.4562138032409,1857.711554250257,-2.2110477199288657e-159
2730.8828828828828,12.270085076694064,210.5749933028471,1817.4385551106282,-7.983042835817594e-160
2731.8918918918916,11.74292509430396,208.70201184455263,1777.7034638414266,-3.407054328630755e-160
2732.900900900901,11.221966864601688,206.8373116508669,1738.4975818187334,-6.227674145580158e-161
2733.90990990991,10.707177006037568,204.98093375384047,1699.8123834447008,-4.585880606648392e-161
2734.9189189189187,10.198532906485203,203.13291820923246,1661.6395184004123,2.0593664822968534e-162
2735.927927927928,9.696024449057536,201.2933043390413,1623.9708145185657,-4.031131927218437e-162
2736.936936936937,9.199656155632214,199.46213101042272,1586.7982814367701,-4.623314292454849e-163
2737.945945945946,8.709449888821757,197.63943696072678,1550.1141152217592,-1.4336800553106164e-162
2738.9549549549547,8.225448252145421,195.8252611794773,1513.9107041722593,9.211404552035996e-163
2739.963963963964,7.747718910625416,194.01964336394977,1478.1806361115412,5.215136825817538e-164
2740.972972972973,7.276360144210251,192.2226244690219,1442.9167075491694,1.0668132142344882e-163
2741.981981981982,6.811508008938456,190.43424737800927,1408.111935199728,1.1117537971984402e-164
2742.990990990991,6.353345611096056,188.65455773086705,1373.7595704442688,5.446009243770429e-165
2744.0,5.90211535904578,186.88360495921893,1339.853117714745,2.745010267348715e-165
2745.009009009009,5.458135059124928,185.12144359226704,1306.3863577112995,1.4131420884459378e-165
2746.0180180180178,5.021819342504731,183.36813492612293,1273.3533771237314,7.393245059181137e-166
2747.027027027027,4.593708274725989,181.62374917287394,1240.7486067245927,3.932356517362496e-166
2748.036036036036,4.174505661541591,179.88836825642343,1208.5668705715057,2.1263851617103786e-166
2749.045045045045,3.7651301394920718,178.16208947202014,1176.8034499140933,1.168547212720026e-166
2750.054054054054,3.366782738508073,176.44503029419883,1145.454166624038,6.524808921356447e-167
2751.063063063063,2.9810340476948913,174.737334686623,1114.5154925202837,3.701002228541721e-167
2752.072072072072,2.6099314846217494,173.03918130433846,1083.984692658531,2.1322137826686575e-167
2753.0810810810813,2.2561188024303025,171.35079391241928,1053.8600120996393,1.2472186947451652e-167
2754.09009009009,1.9229406690441806,169.6724540307639,1024.1409163388992,7.406437048118115e-168
2755.099099099099,1.6144679888841693,168.00451488200528,994.8283908096773,4.464242481508196e-168
2756.108108108108,1.3353241989118518,166.3474139872003,965.9252954359299,2.730645492110634e-168
2757.1171171171172,1.090148387559429,164.701678748424,937.4367419972917,1.6946152354283285e-168
2758.126126126126,0.8825898662148886,163.0679165112424,909.3704214819314,1.0667759826457594e-168
2759.135135135135,0.7140135911012061,161.44678096646686,881.7367590421545,6.810469975160527e-169
2760.1441441441443,0.5825497683679892,159.83891496047738,854.5487562365703,4.408460420709122e-169
2761.153153153153,0.48325630283108206,158.24488502384472,827.8214428332625,2.8927019156042986e-169
2762.162162162162,0.40949562010380613,156.66513275332431,801.5710040338338,1.9236430728753396e-169
2763.171171171171,0.354673160168925,155.09995986260745,775.8137862839232,1.2961135843085996e-169
2764.1801801801803,0.3133667686064552,153.5495432927566,750.5654073920854,8.846055279446415e-170
2765.189189189189,0.28160526508620487,152.01396402572067,725.840102772401,6.114081502182791e-170
2766.198198198198,0.25664387221778423,150.49323539222544,701.6503235321065,4.27830683698742e-170
2767.2072072072074,0.23661742293822333,148.98732488206514,678.0065363460145,3.030072542517181e-170
2768.2162162162163,0.22024987978157173,147.49616919456398,654.9171622770032,2.17147045265879e-170
2769.225225225225,0.20665273449335853,146.01968421075276,632.3886034935827,1.5741727813826092e-170
2770.234234234234,0.1951941257985221,144.5577715700069,610.4253228665151,1.1540512677226527e-170
2771.2432432432433,0.1854150924963129,143.11032306197447,589.0299538165248,8.553579553142348e-171
2772.252252252252,0.1769755544225247,141.677223615064,568.2034261299441,6.407611055526196e-171
2773.261261261261,0.16961888974828587,140.25835337161217,547.9450987432863,4.850039735736651e-171
2774.2702702702704,0.1631482321445826,138.85358915791804,528.2528938180194,3.7082680088586746e-171
2775.2792792792793,0.15741029900802664,137.46280554463314,509.1234285374395,2.863189387342935e-171
2776.288288288288,0.15228413991310602,136.08587562481642,490.5521424128024,2.231820281961178e-171
2777.2972972972975,0.14767315861321378,134.72267159319986,472.5334187489742,1.755806604813867e-171
2778.3063063063064,0.14349937507075272,133.37306518338795,455.060699514298,1.3937409266068248e-171
2779.3153153153153,0.13969921535357177,132.0369280018432,438.1265932438543,1.1159803561429818e-171
2780.324324324324,0.1362203926964882,130.71413178550236,421.7229758489305,9.011214048210723e-172
2781.3333333333335,0.13301955613645106,129.40454860240047,405.84108440064864,7.33580080678421e-172
2782.3423423423424,0.1300605024722551,128.10805100914456,390.4716040767597,6.019145066413182e-172
2783.3513513513512,0.1273127964726441,126.82451217476616,375.6047484045193,4.976617812291846e-172
2784.3603603603606,0.12475069757284914,125.55380597932293,361.23033324157365,4.145117172552695e-172
2785.3693693693695,0.12235231522031755,124.29580709216135,347.3378447034147,3.477248388541587e-172
2786.3783783783783,0.12009893883122506,123.0503910343069,333.91650140400697,2.9371534081572597e-172
2787.387387387387,0.1179745019790126,121.81743422817337,320.9553113323778,2.4975124940616128e-172
2788.3963963963965,0.11596514901789354,120.59681403710384,308.4431237055949,2.137368680093513e-172
2789.4054054054054,0.11405888378051181,119.3884087967147,296.3686761419965,1.8405358120467123e-172
2790.4144144144143,0.11224528328816012,118.1920978393975,284.72063736298423,1.5944382348987182e-172
2791.4234234234236,0.11051525946611691,117.0077615134721,273.48764587246677,1.3892408417751486e-172
2792.4324324324325,0.10886086387161864,115.8352811977311,262.65834477386414,1.2172073124479524e-172
2793.4414414414414,0.10727512205188806,114.67453931238138,252.22141321171463,1.0722131480441921e-172
2794.4504504504503,0.10575190087806062,113.52541932666843,242.16559433437487,9.493842209165914e-173
2795.4594594594596,0.10428578887845107,112.3878057639572,232.47972026554737,8.44822624451945e-173
2796.4684684684685,0.10287200188957005,111.26158420476783,223.15273444918967,7.553910309205728e-173
2797.4774774774774,0.10150629914135019,110.14664128778931,214.1737111807089,6.785537471549198e-173
2798.4864864864867,0.1001849124398713,109.04286470957953,205.53187309257498,6.122482316366544e-173
2799.4954954954956,0.09890448704281979,107.9501432227752,197.2166061845383,5.5478926942601074e-173
2800.5045045045044,0.0976620293761479,106.86836663317487,189.21747280474133,5.047949092351596e-173
2801.5135135135133,0.09645486190333614,105.79742579596481,181.52422291206443,4.611269769912767e-173
2802.5225225225226,0.09528058559283945,104.73721261118098,174.12680370789224,4.228429627131077e-173
2803.5315315315315,0.0941370461843358,103.68762001846258,167.0153676566877,3.891589013697834e-173
2804.5405405405404,0.09302230507670405,102.64854199123691,160.18027913696528,3.594200378144015e-173
2805.5495495495497,0.09193461432572805,101.61987353039252,153.6121197347622,3.33077748399774e-173
2806.5585585585586,0.09087239471733413,100.60151065757461,147.30169243727678,3.0967035762070198e-173
2807.5675675675675,0.08983421654158112,99.5933504081305,141.2400247631864,2.8880774494172358e-173
2808.5765765765764,0.0888187827253775,98.59529082376187,135.4183709221484,2.701591118582378e-173
2809.5855855855857,0.08782491413483808,97.60723094493028,129.82821310816618,2.5344303379391788e-173
2810.5945945945946,0.0868515366198486,96.62907080306695,124.46126201770413,2.384192348922692e-173
2811.6036036036035,0.08589766961648937,95.66071141261274,119.30945666231696,2.2488185730114382e-173
2812.612612612613,0.0849624160646288,94.70205476292783,114.36496356533081,2.1265394972515376e-173
2813.6216216216217,0.08404495354008078,93.75300381009153,109.62017538588486,2.0158294956087205e-173
2814.6306306306305,0.08314452644505475,92.81346246861033,105.06770903782406,1.9153693031947806e-173
2815.6396396396394,0.08226043900176684,91.88333560306872,100.7004033764423,1.8240146308601713e-173
2816.6486486486488,0.08139204938738501,90.96252901973084,96.51131649139717,1.7407698367927645e-173
2817.6576576576576,0.08053876383132237,90.05094945811157,92.49372265690678,1.6647663853890503e-173
2818.6666666666665,0.0797000320481875,89.14850458252302,88.64110898369317,1.5952446593581456e-173
2819.675675675676,0.07887534299165662,88.25510297362001,84.94717181243543,1.5315384963610952e-173
2820.6846846846847,0.07806422091642347,87.37065411994922,81.40581288703986,1.4730621356625007e-173
2821.6936936936936,0.07726622198309792,86.49506840950768,78.01113534507805,1.4192991911021702e-173
2822.7027027027025,0.07648093126297344,85.62825712132326,74.75743954224136,1.3697934123044234e-173
2823.711711711712,0.07570796002636185,84.77013241706108,71.63921875568559,1.324140719519425e-173
2824.7207207207207,0.07494694331110836,83.92060733266534,68.65115478292189,1.2819824021857353e-173
2825.7297297297296,0.07419753776819371,83.07959577003523,65.78811346120386,1.242999312759713e-173
2826.738738738739,0.07345941973702677,82.24701248874631,63.045140128464055,1.2069068955205096e-173
2827.747747747748,0.07273228351335705,81.42277309781886,60.4174550448127,1.1734509049519766e-173
2828.7567567567567,0.07201583979972649,80.60679404753334,57.900448791669234,1.1424037158703745e-173
2829.7657657657655,0.07130981431044672,79.79899262129877,55.48967766479463,1.1135611092056977e-173
2830.774774774775,0.07061394653053257,78.9992869275792,53.18085907284087,1.0867395264480562e-173
2831.7837837837837,0.06992798859201996,78.20759589187603,50.96986695644414,1.0617736645211217e-173
2832.7927927927926,0.06925170426231769,77.42383924876704,48.85272723750196,1.0385143862853716e-173
2833.801801801802,0.06858486803569064,76.64793753400927,46.825613308750405,1.0168268992159345e-173
2834.810810810811,0.0679272643349212,75.8798120767038,44.88484157232465,9.965891576637623e-174
2835.8198198198197,0.06727868672785389,75.11938499152053,43.02686703493982,9.776904740652655e-174
2836.8288288288286,0.06663893729310966,74.36657917099073,41.24827896706801,9.600302984489765e-174
2837.837837837838,0.06600782601104782,73.62131827786008,39.54579662944755,9.435171390212214e-174
2838.846846846847,0.06538517020910535,72.88352673751172,37.91626507503438,9.280676156051274e-174
2839.8558558558557,0.06477079406739947,72.15312973045029,36.356651029701084,9.13605625290267e-174
2840.864864864865,0.06416452817066295,71.43005318485481,34.864038854193964,9.000616039945669e-174
2841.873873873874,0.06356620909686055,70.71422376919793,33.435626591343606,8.873718724997883e-174
2842.8828828828828,0.06297567904312047,70.00556888492842,32.068722100725154,8.754780560838319e-174
2843.8918918918916,0.06239278548635466,69.30401665922322,30.76073928271775,8.643265690790908e-174
2844.900900900901,0.061817380872930636,68.60949593780416,29.50919439398144,8.538681565724472e-174
2845.90990990991,0.06124932233557894,67.92193627782439,28.31170245723229,8.440574868775597e-174
2846.9189189189187,0.060688471427777474,67.24126794080996,27.165973752414025,8.348527819395627e-174
2847.927927927928,0.06013469389167281,66.56742188567776,26.069810412608323,8.262154930100553e-174
2848.936936936937,0.05958785943173831,65.900329761819,25.021103112091467,8.181100097156112e-174
2849.945945945946,0.05904784152827851,65.23992390224339,24.01782784525245,8.105033979648658e-174
2850.9549549549547,0.05851451722149908,64.58613731678994,23.058042795807765,8.033651634279053e-174
2851.963963963964,0.05798776698189396,63.9389036854008,22.139885298113867,7.966670392542136e-174
2852.972972972973,0.05746747451496786,63.2981573514621,21.26156889062166,7.903827952235581e-174
2853.981981981982,0.056953526622190345,62.663833315205785,20.421380459313525,7.844880659612206e-174
2854.990990990991,0.05644581307631488,62.03586722717704,19.617677469183985,7.789601955912929e-174
2856.0,0.055944226487978733,61.41419538176445,18.848885282626746,7.7377809698497635e-174
2857.009009009009,0.055448662183525524,60.798754710790234,18.11349456375614,7.689221242823148e-174
2858.0180180180178,0.05495901809736199,60.189482777165445,17.41005876723371,7.643739574291699e-174
2859.027027027027,0.05447519467018786,59.586317768605085,16.737191709791443,7.6011649741520114e-174
2860.036036036036,0.05399709475117702,58.98919849140586,16.093565222650952,7.561337710116079e-174
2861.045045045045,0.053524623506742544,58.39806436428183,15.47790688314186,7.524108440306823e-174
2862.054054054054,0.053057688335943064,57.81285541226257,14.88899782382403,7.489337422927082e-174
2863.063063063063,0.05259619879075186,57.233512260651665,14.325670617950765,7.456893796081823e-174
2864.072072072072,0.05214006650064918,56.659976129042484,13.78680724023339,7.426654921408002e-174
2865.081081081081,0.05168920510009892,56.09218882538955,13.271337091269652,7.398505776850925e-174
2866.09009009009,0.05124353016262849,55.53009274014114,12.778235098541797,7.372338406416579e-174
2867.099099099099,0.050802959136027295,54.973630840432044,12.306519887585631,7.34805141791319e-174
2868.108108108108,0.050367411283001734,54.42274666433364,11.855252021991534,7.3255495233574e-174
2869.1171171171172,0.04993680762474571,53.87738431515576,11.423532299192074,7.30474311047933e-174
2870.126126126126,0.04951107087970848,53.33748845580655,11.010500111429002,7.2855478509107245e-174
2871.135135135135,0.04909012542831279,52.80300430320678,10.615331868798908,7.267884340779337e-174
2872.144144144144,0.04867389722658272,52.2738776227619,10.237239481574928,7.251677769952782e-174
2873.153153153153,0.04826231382553044,51.75005472288704,9.875468899254553,7.236857616908681e-174
2874.162162162162,0.04785530424793567,51.231482449587276,9.529298705068381,7.2233573664037035e-174
2875.171171171171,0.04745279899301443,50.718108181088795,9.19803876331708,7.211114248998921e-174
2876.1801801801803,0.04705472998810122,50.20987982252599,8.88102891952724,7.200069000455358e-174
2877.189189189189,0.046661030545080966,49.7067458006789,8.577637748302031,7.190165638188499e-174
2878.198198198198,0.04627163531873889,49.20865505876272,8.287261352471972,7.181351255213254e-174
2879.207207207207,0.04588648027348569,48.71555705127241,8.009322209613934,7.173575829037886e-174
2880.2162162162163,0.045505502650734615,48.22740173887841,7.743268065140364,7.166792044637613e-174
2881.225225225225,0.045128640932560256,47.74413958336206,7.488570858243079,7.160955126935191e-174
2882.234234234234,0.04475583480876583,47.2657215426121,7.244725701626908,7.156022688457022e-174
2883.2432432432433,0.04438702514672619,46.79209906567015,7.0112498997579,7.151954586889482e-174
2884.252252252252,0.04402215396115516,46.32322408782241,6.787682004404991,7.148712791753246e-174
2885.261261261261,0.04366116438412662,45.859049025737164,6.573580907415003,7.146261260422139e-174
2886.2702702702704,0.04330400063633861,45.39952677266442,6.36852497819407,7.14456582416222e-174
2887.2792792792793,0.04295060800636474,44.94461069366587,6.17211122330081,7.143594078463616e-174
2888.288288288288,0.04260093280898223,44.49425462089842,5.9839544866329035,7.143315282406172e-174
2889.2972972972975,0.042254922384834664,44.04841284895024,5.80368668484656,7.143700265056005e-174
2890.3063063063064,0.04191252504978698,43.60704013020421,5.630956061016884,7.144721335328429e-174
2891.3153153153153,0.041573690070582946,43.17009167028034,5.465426493121742,7.146352202446629e-174
2892.324324324324,0.041238367716052333,42.73752312349636,5.306776810344522,7.148567897117379e-174
2893.3333333333335,0.040906509027496984,42.30929058838138,5.154700144236245,7.151344699056835e-174
2894.3423423423424,0.040578066180402224,41.885350603238074,5.008903308814697,7.154660069334051e-174
2895.3513513513512,0.04025299199060218,41.46566014173382,4.869106198003993,7.15849258546226e-174
2896.3603603603606,0.03993124000279171,41.050176608559894,4.735041222334329,7.16282188281039e-174
2897.3693693693695,0.039612765435083366,40.638857835118245,4.606452759846517,7.167628597903724e-174
2898.3783783783783,0.03929752319443049,40.23166207525442,4.483096631228972,7.172894315249767e-174
2899.387387387387,0.03898546955575113,39.828548001031784,4.364739598594712,7.178601517658624e-174
2900.3963963963965,0.038676561533561866,39.42947469854374,4.251158881515473,7.1847335388581095e-174
2901.4054054054054,0.038370757002219216,39.03440166377668,4.142141698695185,7.191274519630202e-174
2902.4144144144143,0.03806801435279465,38.643288798514085,4.037484829049326,7.198209366389443e-174
2903.4234234234236,0.037768292820916316,38.25609640627332,3.936994187671932,7.20552371161331e-174
2904.4324324324325,0.037471552346421064,37.872785188288276,3.8404844222416994,7.213203876841119e-174
2905.4414414414414,0.03717775356872597,37.493316239529214,3.7477785259472234,7.221236837650317e-174
2906.4504504504503,0.03688685781145788,37.11765104475857,3.6587074649914206,7.22961019035794e-174
2907.4594594594596,0.03659882704280416,36.74575147464249,3.5731098292360124,7.238312121399667e-174
2908.4684684684685,0.03631362389432752,36.37757978188438,3.4908314905598528,7.247331377502272e-174
2909.4774774774774,0.03603121163588097,36.01309859740149,3.411725278609683,7.2566572378062855e-174
2910.4864864864867,0.03575155416181751,35.65227092654433,3.335650671713836,7.266279487614414e-174
2911.4954954954956,0.03547461597792605,35.29506014533876,3.262473495806843,7.276188392975339e-174
2912.5045045045044,0.03520036218390874,34.941429996790674,3.192065646087364,7.286374677655759e-174
2913.5135135135133,0.03492875846628578,34.59134458720827,3.1243048131092404,7.296829500500362e-174
2914.5225225225226,0.03465977108460844,34.24476838256566,3.0590742229774133,7.30754443422311e-174
2915.5315315315315,0.03439336685956917,33.901666204906476,2.9962623897922236,7.318511445395965e-174
2916.5405405405404,0.03412951316103918,33.562003228771374,2.9357628756582628,7.3297228751602525e-174
2917.5495495495497,0.03386817789595435,33.225744977678936,2.877474066439252,7.341171421447201e-174
2918.5585585585586,0.03360932949821597,32.892857320632366,2.821298954260378,7.352850121801554e-174
2919.5675675675675,0.033352936917494316,32.563306468658794,2.767144929429128,7.364752337075513e-174
2920.5765765765764,0.03309896960903567,32.23705897138789,2.714923582520234,7.376871736046067e-174
2921.5855855855857,0.03284739752298341,31.91408171365833,2.664550513713551,7.389202280676671e-174
2922.5945945945946,0.03259819109431448,31.594341912164246,2.615945152082403,7.401738212262763e-174
2923.6036036036035,0.03235132123333073,31.27780711213699,2.5690305835512737,7.4144740383256e-174
2924.612612612613,0.03210675931595931,30.964445184054224,2.5237333847111523,7.427404520002764e-174
2925.6216216216217,0.03186447717449221,30.654224320389105,2.4799834657799145,7.440524660220627e-174
2926.6306306306305,0.03162444708832596,30.347113032369993,2.4377139158307193,7.45382969205055e-174
2927.6396396396394,0.031386641775150506,30.043080146796445,2.396860860150714,7.467315068089909e-174
2928.6486486486488,0.03115103438268439,29.74209480289194,2.3573633250369306,7.480976450446518e-174
2929.6576576576576,0.030917598479510512,29.444126449171748,2.319163104798234,7.4948097008895955e-174
2930.6666666666665,0.030686308047381605,29.1491448403271,2.2822046324615233,7.5088108713096985e-174
2931.675675675676,0.030457137473373645,28.857120034184824,2.246434864520582,7.52297619531086e-174
2932.6846846846847,0.03023006154029831,28.568022388662918,2.211803163966001,7.537302079644037e-174
2933.6936936936936,0.030005055422274437,28.281822558768248,2.1782611911875183,7.551785096271515e-174
2934.7027027027025,0.02978209467430041,27.998491493598763,2.1457627952980536,7.566421974461351e-174
2935.711711711712,0.02956115522338219,27.718000433433357,2.114263920252929,7.581209594041265e-174
2936.7207207207207,0.029342213371072845,27.440320906801546,2.0837225065704894,7.596144978291979e-174
2937.7297297297296,0.02912524577087441,27.16542472759068,2.05409839931944,7.611225287329516e-174
2938.738738738739,0.028910229429824248,26.893283992188216,2.0253532611599496,7.6264478118732555e-174
2939.747747747748,0.028697141721969428,26.623871076666912,1.9974504911632136,7.641809967446343e-174
2940.7567567567567,0.02848596031964921,26.357158633976773,1.9703551443755665,7.65730928862888e-174
2941.7657657657655,0.028276663266844138,26.093119591158988,1.9440338542653082,7.672943423528444e-174
2942.774774774775,0.02806922895996607,25.831727146616263,1.9184547626119726,7.688710128806667e-174
2943.7837837837837,0.027863635967974282,25.57295476739527,1.8935874502501453,7.704607264762595e-174
2944.7927927927926,0.02765986343523379,25.31677618649433,1.8694028709924617,7.720632790650372e-174
2945.801801801802,0.02745789068387569,25.06316540018229,1.8458732866465128,7.736784760077246e-174
2946.810810810811,0.02725769704924948,24.81209666538764,1.8229722099690375,7.753061316981974e-174
2947.8198198198197,0.027059262654038446,24.563544497076162,1.8006743461936991,7.769460691508571e-174
2948.8288288288286,0.02686256771505181,24.31748366566773,1.778955538179855,7.785981196137246e-174
2949.837837837838,0.026667592757762766,24.073889194464666,1.7577927130780524,7.802621221928874e-174
2950.846846846847,0.026474318408359537,23.83273635714234,1.737163834791874,7.819379235183398e-174
2951.8558558558557,0.026282725784564174,23.59400067522955,1.7170478553288833,7.836253774018365e-174
2952.864864864865,0.02609279621013483,23.357657915618862,1.6974246687402852,7.853243445132124e-174
2953.873873873874,0.025904511291468806,23.12368408811985,1.678275068880219,7.870346920840018e-174
2954.8828828828828,0.025717852839175537,22.892055443024113,1.6595807079432607,7.887562936164337e-174
2955.8918918918916,0.02553280301695518,22.662748468696336,1.6413240569053171,7.904890286056946e-174
2956.900900900901,0.02534934422618436,22.435739889154036,1.6234883652318026,7.922327822572593e-174
2957.90990990991,0.025167458895006788,22.211006661781838,1.6060576308779368,7.939874452768159e-174
2958.9189189189187,0.024987129930044677,21.988525974917405,1.5890165601315305,7.9575291358823365e-174
2959.927927927928,0.024808340697818367,21.76827524558202,1.5723505385672043,7.975290881301045e-174
2960.936936936937,0.024631074339932092,21.550232117201663,1.5560456003068621,7.993158746403138e-174
2961.945945945946,0.024455314372253727,21.334374457277764,1.5400883943628694,8.011131834196916e-174
2962.9549549549547,0.02428104453335522,21.12068035520405,1.5244661603294465,8.029209291613565e-174
2963.963963963964,0.024108248938687103,20.909128120030648,1.5091667003167404,8.047390307536382e-174
2964.972972972973,0.023936911936518274,20.699696278209114,1.4941783499488202,8.065674110765654e-174
2965.981981981982,0.0237670178813804,20.492363571499812,1.47948995889511,8.08405996864812e-174
2966.990990990991,0.02359855143411876,20.287108954755386,1.4650908638261126,8.10254718517829e-174
2968.0,0.0234314973913796,20.08391159379165,1.4509708665576793,8.121135099460647e-174
2969.009009009009,0.02326584090489665,19.88275086331308,1.4371202145658353,8.139823084331607e-174
2970.0180180180178,0.023101567275101004,19.683606344761404,1.4235295777215082,8.158610544729235e-174
2971.027027027027,0.022938662003302118,19.486457824286454,1.4101900310548279,8.1774969164752e-174
2972.036036036036,0.02277711076876899,19.29128529069965,1.3970930361365783,8.196481664955088e-174
2973.045045045045,0.02261689943480112,19.09806893339691,1.384230421466695,8.21556428374009e-174
2974.054054054054,0.02245801404056063,18.906789140404186,1.371594368093892,8.234744293564576e-174
2975.063063063063,0.022300440813639157,18.717426496346217,1.3591773915946879,8.254021241053164e-174
2976.072072072072,0.02214416618137452,18.529961780471044,1.3469723267608311,8.273394697635524e-174
2977.081081081081,0.021989176736057835,18.344375964778713,1.3349723158766376,8.29286425870737e-174
2978.09009009009,0.021835459268892892,18.160650211940318,1.3231707891782294,8.312429542254846e-174
2979.099099099099,0.02168300078525059,17.978765873576965,1.3115614587829345,8.332090188415107e-174
2980.108108108108,0.021531788437106552,17.798704488184914,1.3001382991668444,8.351845858089712e-174
2981.1171171171172,0.02138180942992734,17.620447779409968,1.2888955401657856,8.371696232431159e-174
2982.126126126126,0.021233051232140986,17.44397765408694,1.2778276520518355,8.391641011795436e-174
2983.135135135135,0.021085501522491484,17.269276200453312,1.2669293361614737,8.411679915062528e-174
2984.144144144144,0.020939148058650655,17.096325686351403,1.2561955148133896,8.431812678912198e-174
2985.153153153153,0.020793978789256116,16.925108557334617,1.2456213186860012,8.452039056926114e-174
2986.162162162162,0.02064998180206793,16.75560743503101,1.235202081351227,8.472358819182377e-174
2987.171171171171,0.02050714533786945,16.587805115218426,1.2249333257365498,8.492771751294162e-174
2988.1801801801803,0.020365457804375854,16.42168456623049,1.214810759540818,8.513277654066316e-174
2989.189189189189,0.020224907745444887,16.2572289271041,1.2048302636785106,8.533876342670464e-174
2990.198198198198,0.020085483852319088,16.09442150594853,1.1949878865031272,8.554567646220432e-174
2991.207207207207,0.019947174959383272,15.933245778227647,1.1852798355664167,8.575351407176845e-174
2992.2162162162163,0.019809970040327415,15.773685385041459,1.1757024696347507,8.596227480769465e-174
2993.225225225225,0.019673858208886126,15.615724131564091,1.1662522939076037,8.617195734642309e-174
2994.234234234234,0.01953882871366012,15.45934598527117,1.1569259507983523,8.63825604819027e-174
2995.2432432432433,0.019404870939599923,15.304535074461313,1.1477202167620206,8.659408312316652e-174
2996.252252252252,0.01927197440227771,15.151275686454735,1.1386319925575328,8.680652428733088e-174
2997.261261261261,0.01914012874596259,14.999552266229198,1.129658302035672,8.701988309853998e-174
2998.27027027027,0.019009323744375178,14.849349414575917,1.1207962817925423,8.723415878054508e-174
2999.2792792792793,0.018879549302052746,14.700651886831599,1.1120431814086629,8.74493506566758e-174
3000.288288288288,0.018750795444137148,14.553444591026402,1.1033963531363467,8.7665458142426e-174
3001.297297297297,0.018623052307922345,14.407712586657235,1.0948532524423127,8.78824807456571e-174
3002.3063063063064,0.01849631015829475,14.263441082874218,1.0864114286800295,8.810041805986455e-174
3003.3153153153153,0.018370559401222262,14.120615437264169,1.0780685252503615,8.831926976412176e-174
3004.324324324324,0.018245790543059186,13.979221154086172,1.069822271425678,8.853903561715245e-174
3005.3333333333335,0.01812199415644196,13.8392438830724,1.0616704823177712,8.875971545714353e-174
3006.3423423423424,0.017999160957426836,13.700669417698181,1.0536110514495807,8.89813091963404e-174
3007.3513513513512,0.017877281862602727,13.563483694015313,1.045641950879136,8.92038168209682e-174
3008.36036036036,0.017756347849827367,13.427672788945918,1.0377612242567456,8.942723838618078e-174
3009.3693693693695,0.017636349910682896,13.293222919151292,1.0299669871827075,8.965157401618132e-174
3010.3783783783783,0.01751727920245483,13.160120439350642,1.0222574206965067,8.987682389942978e-174
3011.387387387387,0.017399127027647673,13.028351841215068,1.014630771631433,9.010298828877248e-174
3012.3963963963965,0.017281884744825383,12.897903751720547,1.00708534675556,9.033006749712904e-174
3013.4054054054054,0.01716554380284781,12.768762932061565,0.9996195129540373,9.055806189746267e-174
3014.4144144144143,0.017050095774216706,12.640916276038157,0.992231692012279,9.078697191895984e-174
3015.4234234234236,0.016935532428307913,12.514350808992816,0.9849203608006726,9.10167980470368e-174
3016.4324324324325,0.01682184559224194,12.389053686226353,0.9776840464287164,9.124754081972378e-174
3017.4414414414414,0.016709026980885715,12.265012191960235,0.9705213265049638,9.147920082775901e-174
3018.4504504504503,0.01659706850077192,12.142213737779954,0.9634308246794702,9.171177871125622e-174
3019.4594594594596,0.01648596234291054,12.02064586162138,0.9564112109218672,9.194527515982054e-174
3020.4684684684685,0.016375700668242506,11.90029622624305,0.9494611974309045,9.21796909094645e-174
3021.4774774774774,0.016266275684166352,11.781152618233927,0.9425795388494067,9.241502674265774e-174
3022.4864864864867,0.01615767975792596,11.663202946514772,0.9357650285992968,9.26512834855877e-174
3023.4954954954956,0.016049905269887157,11.546435241367176,0.9290164990484838,9.288846200816347e-174
3024.5045045045044,0.015942944698955398,11.430837652968735,0.9223328182004266,9.312656322152434e-174
3025.5135135135133,0.015836790679423386,11.316398450460898,0.9157128899943666,9.336558807817046e-174
3026.5225225225226,0.015731435862030643,11.203106020412072,0.9091556506200763,9.360553756916675e-174
3027.5315315315315,0.015626873021640134,11.09094886604042,0.9026600696814489,9.384641272494224e-174
3028.5405405405404,0.01552309501790716,10.979915605665655,0.8962251465455843,9.408821461250033e-174
3029.5495495495497,0.015420094760353937,10.869994971801313,0.8898499105476892,9.43309443354994e-174
3030.5585585585586,0.015317865203624433,10.761175809984552,0.8835334196624791,9.457460303319596e-174
3031.5675675675675,0.015216399423476815,10.653447077461957,0.8772747583292647,9.481919187876593e-174
3032.5765765765764,0.015115690662381276,10.546797842401762,0.8710730381557168,9.506471207974818e-174
3033.5855855855857,0.015015732187298843,10.441217282355659,0.8649273946757946,9.531116487557262e-174
3034.5945945945946,0.014916517219167818,10.336694683637939,0.8588369886948611,9.555855153850991e-174
3035.6036036036035,0.014818039129724948,10.233219439762408,0.8528010031113494,9.580687337121207e-174
3036.612612612613,0.014720291383458971,10.130781050740817,0.8468186436790955,9.605613170723238e-174
3037.6216216216217,0.01462326751648963,10.029369121818362,0.8408891372950611,9.630632790967895e-174
3038.6306306306305,0.014526961127323107,9.92897336242496,0.8350117311863821,9.655746337054821e-174
3039.6396396396394,0.014431365927250792,9.829583585291802,0.8291856927746104,9.680953951056508e-174
3040.6486486486488,0.01433647568930091,9.73118970512097,0.8234103077509719,9.706255777767239e-174
3041.6576576576576,0.014242284144458058,9.633781737952896,0.8176848808340245,9.731651964754533e-174
3042.6666666666665,0.014148785150159063,9.53734979971324,0.8120087334771309,9.757142662180966e-174
3043.675675675676,0.014055972686619723,9.441884105633067,0.8063812047213302,9.782728022865807e-174
3044.6846846846847,0.013963840765043948,9.347374968918242,0.8008016494008253,9.808408202140994e-174
3045.6936936936936,0.013872383462222769,9.253812799951987,0.7952694381449544,9.834183357848169e-174
3046.7027027027025,0.013781594926998998,9.161188105317713,0.7897839568023364,9.860053650290216e-174
3047.711711711712,0.013691469374054173,9.069491486676423,0.7843446053977046,9.886019242146159e-174
3048.7207207207207,0.013602001024930468,8.978713640087387,0.7789507983808424,9.912080298485549e-174
3049.7297297297296,0.013513184187000739,8.888845354706636,0.7736019631630812,9.93823698665292e-174
3050.738738738739,0.01342501330049823,8.799877512260895,0.7682975407064353,9.964489476309221e-174
3051.747747747748,0.01333748282040623,8.711801085708013,0.7630369839952976,9.99083793930857e-174
3052.7567567567567,0.013250587233162903,8.624607138647738,0.7578197584270261,1.0017282549727155e-173
3053.7657657657655,0.01316432107131851,8.538286824251974,0.7526453409927496,1.0043823483794883e-173
3054.774774774775,0.01307867895386944,8.452831384355257,0.7475132198332431,1.0070460919857073e-173
3055.7837837837837,0.012993655585261282,8.36823214871933,0.7424228942113377,1.0097195038369962e-173
3056.7927927927926,0.012909245693092722,8.28448053389094,0.7373738735691849,1.0124026021822933e-173
3057.801801801802,0.012825444027323054,8.201568042664192,0.732365677848339,1.0150954054760296e-173
3058.810810810811,0.012742245413857888,8.119486262849275,0.7273978364404885,1.0177979323696336e-173
3059.8198198198197,0.012659644805709807,8.03822686676653,0.7224698885134564,1.0205102017138677e-173
3060.8288288288286,0.012577637203132229,7.957781610131001,0.7175813822045688,1.0232322325520656e-173
3061.837837837838,0.012496217602147043,7.8781423313566945,0.712731874576065,1.0259640441196496e-173
3062.846846846847,0.012415380981096206,7.799300950740234,0.7079209313559535,1.0287056558418375e-173
3063.8558558558557,0.012335122430936091,7.721249469491907,0.7031481264021453,1.0314570873289993e-173
3064.864864864865,0.012255437140920252,7.643979969169092,0.6984130418434046,1.0342183583776836e-173
3065.873873873874,0.012176320282006638,7.567484610560377,0.6937152673442978,1.0369894889644296e-173
3066.8828828828828,0.012097767147056179,7.491755633241725,0.6890544003752629,1.0397704992477948e-173
3067.8918918918916,0.012019773070685233,7.416785354436518,0.6844300454905307,1.0425614095622655e-173
3068.900900900901,0.011942333388026615,7.342566168507961,0.6798418144728353,1.045362240419318e-173
3069.90990990991,0.01186544346385023,7.269090546059522,0.6752893259530292,1.0481730125041059e-173
3070.9189189189187,0.01178909874389937,7.196351033148665,0.6707722051751176,1.0509937466733881e-173
3071.927927927928,0.011713294739020809,7.1243402506708176,0.6662900839789409,1.0538244639552986e-173
3072.936936936937,0.011638026972257833,7.0530508933799085,0.6618426003290355,1.0566651855452177e-173
3073.945945945946,0.01156329103256544,6.982475729437286,0.6574293984744212,1.0595159328070945e-173
3074.9549549549547,0.011489082552456842,6.9126075993595775,0.6530501284178569,1.0623767272687986e-173
3075.963963963964,0.011415397195694918,6.84343941558557,0.6487044460627549,1.0652475906233405e-173
3076.972972972973,0.011342230674548585,6.774964161537913,0.64439201282914,1.068128544725477e-173
3077.981981981982,0.011269578746149414,6.707174891015554,0.640112495600295,1.0710196115912146e-173
3078.990990990991,0.011197437209851384,6.640064727511429,0.6358655665979441,1.0739208133966723e-173
3080.0,0.011125801904585172,6.573626863423914,0.6316509031500528,1.0768321724760127e-173
3081.009009009009,0.011054668714236604,6.507854559614647,0.627468187773828,1.0797537113221587e-173
3082.0180180180178,0.01098403355871894,6.442741144170246,0.6233171075705022,1.082685452581398e-173
3083.027027027027,0.010913892399189164,6.378280012070175,0.6191973543939727,1.085627419054864e-173
3084.036036036036,0.010844241241172474,6.314464625079922,0.6151086251869955,1.088579633701584e-173
3085.045045045045,0.010775076126593732,6.251288510030064,0.611050621001471,1.0915421196296485e-173
3086.054054054054,0.010706393136000737,6.18874525848295,0.6070230471528468,1.0945149000976062e-173
3087.063063063063,0.010638188388486191,6.1268285264959355,0.603025613436137,1.0974979985164406e-173
3088.072072072072,0.010570458039530805,6.0655320343294905,0.5990580342874023,1.1004914384510816e-173
3089.081081081081,0.010503198283926192,6.004849564200572,0.5951200274590666,1.1034952436083197e-173
3090.09009009009,0.010436405352535929,5.944774960863787,0.5912113148518455,1.1065094378444293e-173
3091.099099099099,0.010370075514006977,5.885302131645527,0.5873316228353487,1.109534045168178e-173
3092.108108108108,0.010304205071960252,5.8264250442044085,0.5834806810720189,1.112569089730014e-173
3093.1171171171172,0.010238790365584368,5.768137726610211,0.5796582228974307,1.1156145958256004e-173
3094.126126126126,0.01017382776975367,5.7104342670790595,0.5758639854354818,1.1186705878969662e-173
3095.135135135135,0.010109313694910672,5.653308813547543,0.5720977096046931,1.1217370905326613e-173
3096.144144144144,0.01004524458471411,5.596755571822258,0.5683591393384573,1.1248141284603662e-173
3097.153153153153,0.009981616917178285,5.54076880596413,0.5646480220546016,1.1279017265514494e-173
3098.162162162162,0.009918427204539858,5.485342838278615,0.5609641088403635,1.1309999098229343e-173
3099.171171171171,0.009855671991661114,5.43047204727031,0.5573071536673851,1.1341087034298524e-173
3100.1801801801803,0.009793347856239474,5.376150867810586,0.553676913682277,1.1372281326682054e-173
3101.189189189189,0.009731451408761738,5.322373790912619,0.550073149296836,1.1403582229759739e-173
3102.198198198198,0.009669979292153403,5.269135363190397,0.5464956241316045,1.143498999932675e-173
3103.207207207207,0.009608928180124094,5.216430184983832,0.5429441043424359,1.1466504892527263e-173
3104.2162162162163,0.00954829477792757,5.164252910969813,0.5394183590990766,1.1498127167903455e-173
3105.225225225225,0.0094880758220585,5.112598249838846,0.5359181606106695,1.1529857085399142e-173
3106.2342342342345,0.0094282680799679,5.061460963876019,0.5324432841213932,1.156169490636056e-173
3107.2432432432433,0.009368868348358093,5.010835866548896,0.5289935070486784,1.1593640893450903e-173
3108.252252252252,0.009309873454020066,4.960717823662529,0.5255686096558886,1.162569531071901e-173
3109.261261261261,0.009251280254206455,4.911101752970761,0.5221683750348262,1.1657858423599415e-173
3110.27027027027,0.009193085636558407,4.861982623798397,0.5187925891115839,1.16901304989143e-173
3111.2792792792793,0.009135286515357647,4.813355454470509,0.5154410397957565,1.1722511804786906e-173
3112.288288288288,0.009077879834348174,4.765215313662118,0.5121135176610881,1.1755002610713097e-173
3113.2972972972975,0.009020862564962652,4.717557319921215,0.5088098158741852,1.1787603187556377e-173
3114.3063063063064,0.008964231705818504,4.670376641299051,0.5055297301923428,1.182031380754912e-173
3115.3153153153153,0.008907984284002763,4.623668492997874,0.5022730583150281,1.1853134744224085e-173
3116.324324324324,0.008852117353162207,4.577428138558856,0.49903960038960266,1.1886066272470686e-173
3117.333333333333,0.00879662799659444,4.53165088938868,0.4958291589442684,1.1919108668530168e-173
3118.3423423423424,0.008741513327765897,4.486332104393176,0.49264153887792994,1.1952262209996375e-173
3119.3513513513512,0.008686770480713752,4.441467187858168,0.48947654698244614,1.1985527175763046e-173
3120.3603603603606,0.008632396618494475,4.397051590457233,0.4863339922990793,1.2018903846066505e-173
3121.3693693693695,0.008578388924551445,4.35308080883616,0.483213686082531,1.205239250248358e-173
3122.3783783783783,0.00852474460070039,4.309550385262527,0.4801154417913249,1.20859934279326e-173
3123.387387387387,0.008471460885018402,4.266455905577245,0.4770390746676075,1.2119706906626484e-173
3124.396396396396,0.008418535034263291,4.223793000172458,0.4739844020486676,1.2153533224110947e-173
3125.4054054054054,0.008365964341712892,4.181557343612497,0.47095124334536964,1.2187472667263923e-173
3126.4144144144143,0.008313746140738114,4.139744654305489,0.467939420036325,1.222152552429679e-173
3127.4234234234236,0.008261877762911516,4.098350692458233,0.4649487552638683,1.2255692084709787e-173
3128.4324324324325,0.008210356577053352,4.05737126108717,0.46197907413891065,1.2289972639329055e-173
3129.4414414414414,0.008159179961392616,4.0168022056476,0.4590302037190423,1.2324367480307218e-173
3130.4504504504503,0.008108345298465817,3.976639413723964,0.4561019730051441,1.235887690112526e-173
3131.459459459459,0.008057850027134966,3.9368788130220387,0.45319421256522296,1.2393501196547763e-173
3132.4684684684685,0.008007691593025279,3.897516372380859,0.4503067548211765,1.2428240662661139e-173
3133.4774774774774,0.00795786747218017,3.85854810139125,0.4474394340116832,1.2463095596871248e-173
3134.4864864864867,0.007908375173687138,3.819970050095815,0.4445920861854749,1.2498066297905032e-173
3135.4954954954956,0.007859212206600064,3.7817783071038558,0.4417645489073166,1.2533153065775783e-173
3136.5045045045044,0.007810376110290888,3.74396900052246,0.4389566614743901,1.2568356201812753e-173
3137.5135135135133,0.00776186445223805,3.706538297592949,0.4361682648861862,1.2603676008660196e-173
3138.522522522522,0.007713674829841606,3.669482404401688,0.43339920183606456,1.2639112790278834e-173
3139.5315315315315,0.007665804850043246,3.632797564093337,0.430649316471547,1.2674666851916397e-173
3140.5405405405404,0.007618252148336354,3.596480057741938,0.4279184545650476,1.2710338500132957e-173
3141.5495495495497,0.0075710143684804875,3.5605262040104613,0.42520646349403896,1.2746128042801359e-173
3142.5585585585586,0.007524089157843712,3.524932358875174,0.4225131922336027,1.27820357891088e-173
3143.5675675675675,0.007477474213786649,3.489694913898323,0.41983849113666605,1.2818062049528873e-173
3144.5765765765764,0.007431167239555128,3.454810297074252,0.41718221209063217,1.2854207135846225e-173
3145.5855855855852,0.007385165963950377,3.420274972504475,0.41454420850027035,1.2890471361157092e-173
3146.5945945945946,0.0073394681433318195,3.386085440135516,0.4119243352814733,1.2926855039871261e-173
3147.6036036036035,0.007294071536302832,3.352238234082633,0.40932244865655376,1.2963358487685458e-173
3148.612612612613,0.007248973926776775,3.318729923458033,0.4067384063010254,1.2999982021607345e-173
3149.6216216216217,0.0072041731246935935,3.28555711205488,0.4041720673242874,1.3036725959955715e-173
3150.6306306306305,0.0071596669681730455,3.2527164380968743,0.4016232922632743,1.3073590622362604e-173
3151.6396396396394,0.0071154533001735075,3.2202045726250237,0.3990919429036755,1.311057632974959e-173
3152.6486486486488,0.0070715299902571705,3.1880182202957874,0.396577882406245,1.314768340434956e-173
3153.6576576576576,0.00702789491566046,3.1561541190741913,0.3940809752879094,1.3184912169707002e-173
3154.6666666666665,0.006984545957181648,3.1246090399937954,0.3916010874149913,1.3222262950680149e-173
3155.675675675676,0.006941481039354057,3.093379785613381,0.3891380858500245,1.3259736073420318e-173
3156.6846846846847,0.006898698092347023,3.062463190777353,0.38669183895735865,1.3297331865391229e-173
3157.6936936936936,0.006856195067606102,3.0318561223209395,0.38426221638671426,1.3335050655369905e-173
3158.7027027027025,0.006813969939227649,3.0015554788404395,0.3818490890664126,1.3372892773448724e-173
3159.711711711712,0.0067720206862596265,2.971558189213787,0.3794523290683112,1.3410858551016788e-173
3160.7207207207207,0.006730345308680047,2.9418612133275706,0.37707180969925663,1.3448948320777864e-173
3161.7297297297296,0.006688941829834987,2.912461541795167,0.3747074054866243,1.348716241675163e-173
3162.738738738739,0.006647808298582152,2.8833561957372944,0.3723589921718358,1.352550117427588e-173
3163.747747747748,0.006606942766637445,2.8545422253576325,0.3700264465882474,1.3563964929989007e-173
3164.7567567567567,0.006566343309659895,2.826016710643669,0.3677096467429805,1.3602554021847414e-173
3165.7657657657655,0.0065260080105636045,2.7977767610960105,0.365408471804046,1.3641268789126739e-173
3166.774774774775,0.006485934955953762,2.7698195155188574,0.36312280209432174,1.3680109572424287e-173
3167.7837837837837,0.006446122270121682,2.7421421406477,0.3608525189790521,1.3719076713642656e-173
3168.7927927927926,0.006406568082857821,2.7147418318259384,0.3585975049409738,1.3758170556006452e-173
3169.801801801802,0.006367270544353856,2.687615812743657,0.3563576435676883,1.3797391444063613e-173
3170.810810810811,0.0063282278269817995,2.6607613352374218,0.3541328195458657,1.3836739723687821e-173
3171.8198198198197,0.0062894381049581095,2.634175677970996,0.3519229185594601,1.3876215742063704e-173
3172.8288288288286,0.006250899572936868,2.6078561470859354,0.3497278273568892,1.3915819847702457e-173
3173.837837837838,0.00621261044043193,2.58180007594975,0.34754743373868696,1.395555239044331e-173
3174.846846846847,0.006174568931617625,2.556004824964429,0.3453816265517356,1.3995413721456038e-173
3175.8558558558557,0.0061367732859275645,2.5304677802996687,0.3432302955986463,1.4035404193227583e-173
3176.864864864865,0.006099221757249812,2.5051863545169573,0.3410933316963463,1.4075524159576666e-173
3177.873873873874,0.006061912613068339,2.4801579863275083,0.3389706266647606,1.411577397565548e-173
3178.8828828828828,0.0060248441340185165,2.455380140409052,0.3368620733211609,1.4156153997952455e-173
3179.8918918918916,0.005988014616641532,2.4308503061888724,0.33476756539838076,1.4196664584279586e-173
3180.900900900901,0.005951422370519234,2.4065659984430825,0.3326869975967956,1.4237306093786645e-173
3181.90990990991,0.005915065719359412,2.3825247570640355,0.33062026557414465,1.4278078886963e-173
3182.9189189189187,0.005878943001002492,2.3587241468852618,0.32856726594017177,1.4318983325640463e-173
3183.927927927928,0.005843052565691778,2.3351617565111633,0.32652789618108913,1.4360019772981458e-173
3184.936936936937,0.005807392777391478,2.311835198893565,0.32450205470721916,1.44011885934927e-173
3185.945945945946,0.005771962013861824,2.2887421112691704,0.32248964085436377,1.4442490153029643e-173
3186.9549549549547,0.005736758666447503,2.2658801548517884,0.3204905548692145,1.4483924818797239e-173
3187.963963963964,0.005701781138110401,2.2432470133140745,0.3185046978127634,1.4525492959333234e-173
3188.972972972973,0.005667027845233473,2.2208403938693593,0.31653197163984403,1.4567194944529073e-173
3189.981981981982,0.005632497216899743,2.198658026612651,0.31457227916074715,1.4609031145625722e-173
3190.990990990991,0.005598187694659618,2.176697664789941,0.31262552406397276,1.4651001935222602e-173
3192.0,0.005564097732277084,2.154957085183259,0.31069161094643777,1.4693107687288127e-173
3193.009009009009,0.005530225796148501,2.1334340848124898,0.3087704451064393,1.4735348777118516e-173
3194.0180180180178,0.005496570364654568,2.112126483478745,0.3068619327128824,1.4777725581378722e-173
3195.027027027027,0.005463129928166639,2.091032122724763,0.30496598074372233,1.4820238478093032e-173
3196.036036036036,0.0054299029901781586,2.070148865967827,0.3030824969991372,1.4862887846652062e-173
3197.045045045045,0.0053968880724035604,2.0494745998127817,0.3012113901882293,1.4905674067836748e-173
3198.054054054054,0.005364083699221104,2.0290072292208268,0.2993525696328889,1.4948597523754827e-173
3199.063063063063,0.005331488410509955,2.0087446811243477,0.29750594549792064,1.4991658597897356e-173
3200.072072072072,0.005299100758009753,1.9886849031403695,0.29567142871576907,1.5034857675125774e-173
3201.081081081081,0.0052669193039599676,1.9688258634721394,0.2938489309848043,1.50781951416756e-173
3202.09009009009,0.005234942601142977,1.949165552761789,0.2920383648822459,1.5121671385188041e-173
3203.099099099099,0.00520316924016602,1.9297019788882446,0.2902396435625749,1.5165286794641157e-173
3204.108108108108,0.005171597811804044,1.9104331706769946,0.28845268097957294,1.5209041760407941e-173
3205.1171171171172,0.005140226916771846,1.8913571766335813,0.28667739181597496,1.5252936674243446e-173
3206.126126126126,0.005109055165512577,1.8724720647245956,0.2849136914746708,1.5296971929286817e-173
3207.135135135135,0.005078081236399738,1.8537759235148896,0.28316149614358865,1.534114792008248e-173
3208.144144144144,0.005047303766103207,1.8352668594079296,0.2814207226488572,1.5385465042546609e-173
3209.153153153153,0.005016721423186245,1.8169429981404743,0.27969128853911346,1.5429923693993265e-173
3210.162162162162,0.004986332892294532,1.7988024842541745,0.27797311205986397,1.5474524273132053e-173
3211.171171171171,0.004956136781777812,1.7808434811413443,0.27626611215773517,1.551926718007478e-173
3212.1801801801803,0.004926131772880548,1.7630641703924685,0.2745702084502857,1.5564152816330243e-173
3213.189189189189,0.004896316521460922,1.7454627518990673,0.27288532123330284,1.5609181584811533e-173
3214.198198198198,0.004866689706621513,1.7280374435466206,0.2712113714686286,1.5654353889836345e-173
3215.207207207207,0.004837249978463754,1.710786481107533,0.2695482807794639,1.5699670137131455e-173
3216.2162162162163,0.004807996020968492,1.6937081179942213,0.2678959714410568,1.5745130733833885e-173
3217.225225225225,0.004778927070594989,1.6768006251208318,0.2662543663685465,1.5790736088493873e-173
3218.234234234234,0.004750041392456134,1.6600622907613463,0.26462338912605643,1.5836486611078335e-173
3219.2432432432433,0.0047213378829299695,1.6434914209043354,0.2630029639341125,1.5882382713021363e-173
3220.252252252252,0.004692815291260342,1.627086339194918,0.26139301566268297,1.5928424807235964e-173
3221.261261261261,0.00466447237052786,1.6108453845760864,0.25979346974747847,1.5974613307933274e-173
3222.27027027027,0.004636307904763407,1.5947669120560843,0.2582042522184506,1.6020948630702392e-173
3223.2792792792793,0.0046083206849374,1.5788492933140617,0.2566252897218328,1.606743119257827e-173
3224.288288288288,0.0045805095082124365,1.5630909154867867,0.255056509475252,1.6114061411951214e-173
3225.297297297297,0.004552873179453061,1.5474901802822787,0.25349783923503194,1.6160839708512501e-173
3226.3063063063064,0.004525410518153409,1.532045512147144,0.25194920759822614,1.620776650396101e-173
3227.3153153153153,0.0044981203512799205,1.5167553487532346,0.25041054365103427,1.6254842221228376e-173
3228.324324324324,0.004471001511467338,1.5016181432071947,0.2488817770504263,1.6302067284671367e-173
3229.333333333333,0.004444052842157112,1.4866323642830122,0.2473628380328498,1.6349442120094917e-173
3230.3423423423424,0.00441727319968628,1.4717964941273483,0.2458536573296197,1.6396967154598273e-173
3231.3513513513512,0.0043906614372787945,1.4571090313661221,0.24435416628193132,1.644464281687665e-173
3232.3603603603606,0.004364216424159873,1.442568488404232,0.24286429674051288,1.649246953689134e-173
3233.3693693693695,0.00433793704116262,1.4281733935863823,0.2413839811466843,1.6540447746238305e-173
3234.3783783783783,0.0043118221767891275,1.4139222899735695,0.23991315248614686,1.6588577877899325e-173
3235.387387387387,0.0042858707247504435,1.3998137350859938,0.23845174428053842,1.6636860366349348e-173
3236.396396396396,0.00426008158658333,1.3858463012802862,0.23699969060116607,1.6685295647567936e-173
3237.4054054054054,0.0042344536742874445,1.3720185753243725,0.23555692605318523,1.673388415897526e-173
3238.4144144144143,0.004208985907430873,1.358329157531956,0.23412338574481048,1.6782626339490147e-173
3239.4234234234236,0.004183677213683145,1.3447766632862959,0.23269900534209131,1.6831522629500144e-173
3240.4324324324325,0.004158526528835545,1.3313597204577599,0.2312837209759955,1.6880573470875105e-173
3241.4414414414414,0.004133532796812956,1.3180769719501177,0.22987746933410189,1.6929779306966763e-173
3242.4504504504503,0.004108694968038314,1.3049270718103367,0.22848018752157595,1.6979140582655338e-173
3243.459459459459,0.004084012002927311,1.2919086908654114,0.22709181326184166,1.702865774424538e-173
3244.4684684684685,0.004059482869199828,1.2790205124563718,0.22571228474474092,1.7078331239546048e-173
3245.4774774774774,0.00403510654248262,1.2662612332528704,0.22434154065547704,1.712816151785325e-173
3246.4864864864867,0.00401088200276253,1.253629561104512,0.22297952010048155,1.7178149030096953e-173
3247.4954954954956,0.0039868082414380775,1.2411242187374303,0.221626162734045,1.7228294228546262e-173
3248.5045045045044,0.003962884256081107,1.228743940672682,0.22028140865214169,1.7278597567027276e-173
3249.5135135135133,0.003939109051652829,1.2164874737043887,0.21894519840852,1.7329059500871616e-173
3250.522522522522,0.0039154816405444276,1.2043535798850886,0.21761747312530672,1.7379680487011225e-173
3251.5315315315315,0.003892001042286171,1.1923410305364743,0.21629817427195747,1.7430460983816184e-173
3252.5405405405404,0.0038686662835921777,1.1804486093459023,0.2149872437799702,1.7481401451192617e-173
3253.5495495495497,0.0038454763982769813,1.1686751119956202,0.21368462402946314,1.7532502350581527e-173
3254.5585585585586,0.0038224304277923496,1.1570193486891667,0.2123902579414129,1.7583764144961263e-173
3255.5675675675675,0.0037995274203946818,1.1454801403526262,0.21110408883926216,1.763518729884407e-173
3256.5765765765764,0.0037767664311863657,1.134056319003456,0.20982606046256522,1.7686772278280896e-173
3257.5855855855852,0.0037541465223362427,1.1227467290536715,0.20855611701486024,1.7738519550862137e-173
3258.5945945945946,0.003731666762921825,1.111550226855488,0.2072942031475074,1.7790429585711365e-173
3259.6036036036035,0.0037093262288448053,1.1004656800817927,0.20604026393658995,1.784250285351733e-173
3260.612612612613,0.0036871240027959956,1.089491968049803,0.20479424489547488,1.78947398265149e-173
3261.6216216216217,0.003665059174055568,1.0786279801972491,0.20355609191969914,1.794714097848878e-173
3262.6306306306305,0.0036431308386623788,1.0678726181709102,0.2023257513626781,1.799970678478586e-173
3263.6396396396394,0.0036213380992217085,1.057224794428429,0.20110316998531044,1.805243772231333e-173
3264.6486486486483,0.0035996800648816396,1.0466834320953777,0.19988829495116756,1.810533426954904e-173
3265.6576576576576,0.0035781558512767144,1.0362474649149125,0.19868107382482664,1.8158396906544428e-173
3266.6666666666665,0.003556764580430072,1.025915837438717,0.19748145457860994,1.8211626114915797e-173
3267.675675675676,0.0035355053807283585,1.0156875046319815,0.19628938557881964,1.826502237786093e-173
3268.6846846846847,0.003514377386799084,1.0055614325435633,0.19510481561008378,1.8318586180171747e-173
3269.6936936936936,0.0034933797395544134,0.9955365967914839,0.1939276938207279,1.837231800821385e-173
3270.7027027027025,0.00347251158605847,0.9856119834216301,0.19275796975403992,1.842621834994748e-173
3271.7117117117114,0.0034517720796174286,0.975786589004435,0.19159559335219808,1.848028769492827e-173
3272.7207207207207,0.003431160379592317,0.9660594200927412,0.19044051493660344,1.853452653431031e-173
3273.7297297297296,0.00341067565130139,0.9564294929811252,0.18929268519928805,1.8588935360849755e-173
3274.738738738739,0.0033903170662430123,0.9468958339625507,0.1881520552128712,1.864351466890881e-173
3275.747747747748,0.003370083802438499,0.9374574791510915,0.1870185764249858,1.8698264954457275e-173
3276.7567567567567,0.003349975043085165,0.9281134742789866,0.18589220064901382,1.8753186715082784e-173
3277.7657657657655,0.003329989977562524,0.9188628746837038,0.18477288006555057,1.880828044998965e-173
3278.774774774775,0.0033101278009637137,0.9097047451527661,0.1836605672166551,1.8863546660004374e-173
3279.7837837837837,0.0032903877136323876,0.9006381597260296,0.18255521499921898,1.891898584758006e-173
3280.7927927927926,0.0032707689223069104,0.891662201881768,0.18145677667102997,1.897459851679881e-173
3281.801801801802,0.0032512706391103373,0.8827759642083426,0.18036520583981902,1.903038517337695e-173
3282.810810810811,0.0032318920818051387,0.873978548389841,0.17928045646265353,1.9086346324670062e-173
3283.8198198198197,0.0032126324739322064,0.8652690651919985,0.17820248284524118,1.914248247968228e-173
3284.8288288288286,0.0031934910442317764,0.856646634128547,0.17713123963117455,1.9198794149056057e-173
3285.837837837838,0.003174467027010531,0.8481103835486479,0.17606668180443216,1.925528184508747e-173
3286.846846846847,0.0031555596620781922,0.8396594505624614,0.17500876468703347,1.9311946081728794e-173
3287.8558558558557,0.003136768195070622,0.8312929812248887,0.17395744394553833,1.9368787374598914e-173
3288.864864864865,0.003118091876426664,0.8230101297021769,0.17291267556203427,1.942580624097116e-173
3289.873873873874,0.003099529962111142,0.8148100587577634,0.17187441585118762,1.9483003199790147e-173
3290.8828828828828,0.0030810817133219604,0.8066919395708722,0.17084262145411427,1.9540378771673696e-173
3291.8918918918916,0.003062746396214523,0.7986549519247509,0.16981724934559056,1.959793347892139e-173
3292.900900900901,0.0030445232824451323,0.7906982834081978,0.16879825680487265,1.9655667845507644e-173
3293.90990990991,0.003026411648667553,0.7828211298782887,0.16778560143303065,1.9713582397094566e-173
3294.9189189189187,0.0030084107766420354,0.775022695264072,0.16677924114600243,1.9771677661034732e-173
3295.927927927928,0.0029905199533907197,0.7673021916573379,0.16577913417835957,1.9829954166378743e-173
3296.936936936937,0.0029727384706581396,0.759658838792337,0.16478523906402334,1.988841244387122e-173
3297.945945945946,0.0029550656252479244,0.7520918642959984,0.16379751464604242,1.9947053025961582e-173
3298.9549549549547,0.002937500718949694,0.7446005035556518,0.16281592007181778,2.0005876446807798e-173
3299.963963963964,0.0029200430588528048,0.7371839998333077,0.16184041479708544,2.0064883242286708e-173
3300.972972972973,0.002902691956301234,0.7298416036254332,0.1608709585639827,2.0124073949981538e-173
3301.981981981982,0.0028854467276847916,0.7225725730423426,0.15990751141413703,2.0183449109200278e-173
3302.990990990991,0.002868306694170876,0.715376173599329,0.15895003368154972,2.0243009260976204e-173
3304.0,0.0028512711816637798,0.7082516781341375,0.15799848598981964,2.0302754948072124e-173
3305.009009009009,0.002834339520179627,0.7011983673805251,0.1570528292711037,2.0362686715003702e-173
3306.0180180180178,0.002817511045054324,0.6942155284836289,0.15611302471688224,2.042280510800363e-173
3307.027027027027,0.0028007850959909583,0.6873024559413874,0.1551790338091102,2.048311067505528e-173
3308.036036036036,0.0027841610172142546,0.680458451302872,0.15425081831017945,2.0543603965890734e-173
3309.045045045045,0.0027676381574436052,0.6736828230702532,0.15332834025962622,2.0604285531994857e-173
3310.054054054054,0.0027512158723893335,0.6669748872853494,0.15241156199433115,2.066515592662715e-173
3311.063063063063,0.0027348935203475133,0.6603339663069263,0.15150044610657815,2.072621570479616e-173
3312.072072072072,0.002718670463756078,0.6537593891507725,0.15059495545578724,2.0787465423274992e-173
3313.081081081081,0.002702546070139917,0.6472504916696008,0.14969505317474754,2.0848905640612606e-173
3314.09009009009,0.00268651971152661,0.6408066163320157,0.14880070266207848,2.091053691713449e-173
3315.099099099099,0.002670590759672001,0.6344271125774638,0.14791186759448527,2.097235981495836e-173
3316.108108108108,0.0026547585907425197,0.6281113363152362,0.14702851190959332,2.1034374897987863e-173
3317.1171171171172,0.002639022589912964,0.6218586494311723,0.14615059978905148,2.109658273190609e-173
3318.126126126126,0.0026233821435880746,0.6156684204144817,0.14527809568012992,2.1158983884198345e-173
3319.135135135135,0.002607836641927897,0.6095400240519769,0.1444109642852652,2.122157892415094e-173
3320.144144144144,0.002592385488193963,0.6034728415625171,0.14354917056665575,2.1284368422861493e-173
3321.153153153153,0.0025770281041452834,0.5974662606454954,0.14269267974793487,2.134735295324711e-173
3322.162162162162,0.0025617638881324056,0.5915196745003316,0.1418414572808913,2.1410533090023137e-173
3323.171171171171,0.0025465922556775814,0.5856324826403598,0.1409954688731422,2.1473909409733124e-173
3324.1801801801803,0.0025315126277535515,0.579804090568959,0.1401546804771595,2.1537482490746165e-173
3325.189189189189,0.0025165244214304656,0.5740339097177137,0.1393190582882022,2.1601252913261836e-173
3326.198198198198,0.002501626790747679,0.5683213575797129,0.13848856874908108,2.166522125932082e-173
3327.207207207207,0.0024868196955507905,0.5626658575797922,0.13766317854545465,2.172938811280891e-173
3328.2162162162163,0.0024721020460981213,0.5570668387648506,0.13684285459366918,2.1793754059453702e-173
3329.225225225225,0.0024574735927787514,0.5515237358811768,0.1360275640473182,2.1858319686836074e-173
3330.234234234234,0.00244293368961626,0.5460359896808223,0.1352172743069834,2.1923085584499266e-173
3331.2432432432433,0.0024284817581825572,0.5406030461774667,0.13441195299110786,2.198805234373777e-173
3332.252252252252,0.002414117258808387,0.5352243566794962,0.13361156793762885,2.2053220557627e-173
3333.261261261261,0.002399839635780275,0.5298993790825359,0.13281608725799443,2.2118590821487907e-173
3334.27027027027,0.002385648339612403,0.5246275754047619,0.13202547923525126,2.2184163732069263e-173
3335.2792792792793,0.0023715428263355242,0.5194084132692882,0.131239712385989,2.2249939888074906e-173
3336.288288288288,0.0023575225556288185,0.5142413657912869,0.13045875545609442,2.231591989014983e-173
3337.297297297297,0.0023435869906097808,0.5091259115046982,0.1296825774181797,2.2382104340881806e-173
3338.3063063063064,0.0023297355985449127,0.5040615348096624,0.1289111474910805,2.2448493845005418e-173
3339.3153153153153,0.002315967847863203,0.4990477217696364,0.12814443496319708,2.25150890078498e-173
3340.324324324324,0.0023022832131199414,0.4940839667705581,0.12738240947350732,2.2581890437860673e-173
3341.333333333333,0.0022886811729103873,0.4891697704821749,0.12662504092405613,2.2648898745745e-173
3342.3423423423424,0.0022751612076345315,0.48430463649749034,0.12587229934305433,2.271611454347534e-173
3343.3513513513512,0.0022617228029702765,0.47948807565598167,0.12512415506292085,2.2783538445680695e-173
3344.36036036036,0.0022483654464097616,0.4747196011861282,0.12438057852034594,2.2851171068093584e-173
3345.3693693693695,0.0022350886297474322,0.46999873247000834,0.12364154041185911,2.291901302879039e-173
3346.3783783783783,0.0022218918476847012,0.46532499270590394,0.12290701159789279,2.298706494746118e-173
3347.387387387387,0.0022087745985128818,0.46069791035056573,0.12217696316325956,2.305532744593727e-173
3348.396396396396,0.0021957363838110765,0.4561170183740203,0.12145136638514144,2.3123801147872513e-173
3349.4054054054054,0.002182776708539235,0.45158185447288685,0.12073019274340266,2.3192486678902883e-173
3350.4144144144143,0.0021698950810873636,0.4470919611851513,0.12001341392661813,2.3261384666761312e-173
3351.4234234234236,0.002157091013108123,0.44264688558138043,0.11930100181634658,2.333049574099964e-173
3352.4324324324325,0.002144364019396063,0.4382461791660812,0.11859292848878412,2.339982053329952e-173
3353.4414414414414,0.0021317136182583034,0.43388939833573226,0.11788916622715086,2.346935967722981e-173
3354.4504504504503,0.002119139331031586,0.4295761033351883,0.11718968748663092,2.3539113808393906e-173
3355.459459459459,0.0021066406824987198,0.4253058594463702,0.11649446493601114,2.3609083564362407e-173
3356.4684684684685,0.002094217200183032,0.421078235822554,0.11580347141634519,2.3679269584713226e-173
3357.4774774774774,0.0020818684148900366,0.41689280614417,0.11511667996425039,2.374967251100971e-173
3358.4864864864867,0.002069593860752298,0.41274914817403696,0.11443406379660472,2.3820292986852697e-173
3359.4954954954956,0.0020573930750250624,0.40864684385369865,0.11375559631365045,2.3891131657853584e-173
3360.5045045045044,0.0020452655980433047,0.4045854798374879,0.11308125111737728,2.3962189171573242e-173
3361.5135135135133,0.0020332109732617712,0.4005646467798848,0.1124110019869723,2.4033466177602338e-173
3362.522522522522,0.00202122874685839,0.39658393917650764,0.111744822874255,2.4104963327649498e-173
3363.5315315315315,0.0020093184680128567,0.3926429555959478,0.1110826879105696,2.417668127543173e-173
3364.5405405405404,0.0019974796889723847,0.38874129871836766,0.11042457140768731,2.42486206766373e-173
3365.5495495495497,0.0019857119646976705,0.38487857499307976,0.10977044784689062,2.4320782189032442e-173
3366.5585585585586,0.0019740148541173472,0.38105439535421803,0.10912029190478459,2.4393166472487294e-173
3367.5675675675675,0.0019623879184246604,0.3772683741979399,0.10847407841598335,2.446577418890803e-173
3368.5765765765764,0.0019508307213133653,0.3735201294776623,0.10783178237672061,2.453860600225581e-173
3369.5855855855852,0.001939342829533339,0.3698092829836336,0.10719337895520595,2.4611662578580345e-173
3370.5945945945946,0.0019279238133575916,0.36613546130953734,0.10655884352537162,2.468494458598021e-173
3371.6036036036035,0.0019165732453423395,0.3624982939155896,0.10592815159891378,2.475845269466627e-173
3372.612612612613,0.0019052907008393156,0.35889741392031554,0.10530127885311732,2.4832187576943025e-173
3373.6216216216217,0.0018940757580773473,0.35533245822150766,0.1046782011351357,2.4906149907209824e-173
3374.6306306306305,0.0018829279982345095,0.35180306787979493,0.1040588944747539,2.498034036192249e-173
3375.6396396396394,0.0018718470050831458,0.34830888706108054,0.10344333504861476,2.505475961968791e-173
3376.6486486486483,0.0018608323651741648,0.34484956362810065,0.1028314992001964,2.5129408361215296e-173
3377.6576576576576,0.0018498836677905213,0.3414247490237114,0.10222336343583545,2.5204287269329014e-173
3378.6666666666665,0.0018390005049356722,0.3380340980306654,0.10161890441571443,2.5279397028980476e-173
3379.675675675676,0.0018281824712794235,0.3346772690907754,0.1010180989663368,2.5354738327246044e-173
3380.6846846846847,0.0018174291641626684,0.3313539240174078,0.1004209240695537,2.5430311853338092e-173
3381.6936936936936,0.0018067401835645716,0.32806372800392675,0.09982735686305805,2.5506118298612946e-173
3382.7027027027025,0.0017961151320098456,0.3248063493963299,0.09923737463204939,2.5582158356612458e-173
3383.7117117117114,0.0017855536147245931,0.32158146011919647,0.09865095482508279,2.565843272298299e-173
3384.7207207207207,0.0017750552394781122,0.3183887352763227,0.09806807503936547,2.5734942095549478e-173
3385.7297297297296,0.0017646196165989662,0.31522785320927577,0.0974887130230059,2.5811687174303292e-173
3386.738738738739,0.0017542463589794418,0.3120984955143082,0.09691284667539915,2.5888668661420805e-173
3387.747747747748,0.001743935082069392,0.3090003470360375,0.09634045404689304,2.596588726127618e-173
3388.7567567567567,0.0017336854037529464,0.3059330956065191,0.09577151333053524,2.604334368039614e-173
3389.7657657657655,0.001723496944426345,0.3028964322216375,0.09520600286741897,2.612103862751483e-173
3390.7747747747744,0.00171336932695021,0.2998900509444661,0.09464390114353925,2.6198972813566147e-173
3391.7837837837837,0.0017033021767191001,0.2969136491166232,0.0940851867967214,2.627714695169692e-173
3392.7927927927926,0.0016932951215378011,0.29396692703473026,0.09352983860584561,2.635556175726497e-173
3393.801801801802,0.0016833477915613425,0.29104958780335305,0.09297783548591061,2.6434217947842504e-173
3394.810810810811,0.0016734598193784166,0.28816133758463525,0.09242915649623129,2.6513116243230047e-173
3395.8198198198197,0.0016636308399565968,0.28530188546563034,0.09188378083597884,2.6592257365460234e-173
3396.8288288288286,0.0016538604908114532,0.282470943723081,0.09134168785254321,2.6671642038804625e-173
3397.837837837838,0.0016441484116326854,0.2796682272277135,0.09080285702238235,2.6751270989778924e-173
3398.846846846847,0.0016344942444734955,0.27689345374112617,0.09026726796041126,2.6831144947149876e-173
3399.8558558558557,0.0016248976337265362,0.27414634387448766,0.08973490041857633,2.6911264641941793e-173
3400.864864864865,0.0016153582260787591,0.2714266210433823,0.0892057342842703,2.699163080744367e-173
3401.873873873874,0.001605875670412776,0.2687340115597288,0.08867974958284838,2.7072244179223644e-173
3402.8828828828828,0.0015964496179908412,0.26606824429917625,0.08815692646767781,2.7153105495115263e-173
3403.8918918918916,0.0015870797222777369,0.2634290509108829,0.08763724522611442,2.723421549523979e-173
3404.900900900901,0.0015777656389650775,0.26081616572475397,0.08712068627659511,2.7315574922008447e-173
3405.90990990991,0.001568507026132903,0.25822932575868796,0.08660723016863336,2.7397184520135036e-173
3406.9189189189187,0.0015593035442997033,0.2556682707030639,0.08609685758216619,2.747904503664494e-173
3407.927927927928,0.0015501548557339472,0.25313274275460546,0.08558954932262162,2.7561157220857714e-173
3408.936936936937,0.0015410606250902221,0.250622486720417,0.08508528632366509,2.7643521824416542e-173
3409.945945945946,0.001532020519207532,0.24813724995112807,0.08458404964508687,2.772613960128833e-173
3410.9549549549547,0.0015230342063719809,0.24567678245759417,0.08408582047624814,2.7809011307785402e-173
3411.963963963964,0.0015141013573336378,0.24324083667536375,0.08359058012869144,2.789213770255034e-173
3412.972972972973,0.001505221645378516,0.2408291674188782,0.08309831003458829,2.797551954656062e-173
3413.981981981982,0.0014963947455722733,0.23844153200196636,0.0826089917503,2.8059157603151e-173
3414.990990990991,0.0014876203350322336,0.2360776901518769,0.0821226069535894,2.8143052638013968e-173
3416.0,0.001478898092917908,0.2337374039839278,0.08163913744269843,2.8227205419206412e-173
3417.009009009009,0.001470227702180671,0.23142043842448917,0.08115856514941834,2.831161671718974e-173
3418.0180180180178,0.0014616088455203962,0.22912656015756885,0.08068087210607691,2.8396287304760723e-173
3419.027027027027,0.0014530412085413215,0.2268555384061729,0.08020604046979604,2.848121795711787e-173
3420.036036036036,0.0014445244788907391,0.22460714468985915,0.07973405251479283,2.8566409451852087e-173
3421.045045045045,0.001436058346246807,0.22238115279869772,0.07926489063143383,2.8651862568953685e-173
3422.054054054054,0.0014276425018732845,0.22017733891578453,0.07879853732990812,2.87375780908302e-173
3423.063063063063,0.0014192766385755,0.21799548160214627,0.0783349752396234,2.8823556802313894e-173
3424.072072072072,0.001410960452209489,0.2158353612489411,0.07787418709204372,2.89097994906294e-173
3425.081081081081,0.00140269364006723,0.21369676060107037,0.07741615573682913,2.8996306945441762e-173
3426.09009009009,0.001394475901343335,0.21157946456691235,0.07696086413578622,2.90830799588509e-173
3427.099099099099,0.0013863069371179578,0.2094832601939884,0.07650829536197754,2.917011932539838e-173
3428.108108108108,0.0013781864511158031,0.20740793691564902,0.07605843260718442,2.9257425842099974e-173
3429.1171171171172,0.0013701141483015884,0.20535328604224326,0.07561125916607873,2.9345000308406893e-173
3430.126126126126,0.0013620897354096136,0.2033191009276809,0.0751667584412171,2.943284352623054e-173
3431.135135135135,0.001354112921218984,0.20130517704717993,0.07472491394529558,2.9520956299959212e-173
3432.144144144144,0.00134618341636386,0.1993113119126389,0.07428570929839988,2.960933943645916e-173
3433.153153153153,0.0013383009333200668,0.19733730508016586,0.07384912822809023,2.969799374508517e-173
3434.162162162162,0.0013304651863904418,0.19538295835495434,0.07341515457553685,2.978692003771331e-173
3435.171171171171,0.0013226758916956834,0.19344807515126952,0.07298377227575506,2.9876119128678058e-173
3436.1801801801803,0.0013149327671578132,0.19153246098356697,0.07255496537251456,2.996559183483767e-173
3437.189189189189,0.001307235532487928,0.18963592330337942,0.07212871801319462,3.0055338975565083e-173
3438.198198198198,0.0012995839091729953,0.1877582714774842,0.07170501444796835,3.014536137275538e-173
3439.207207207207,0.0012919776204784903,0.18589931690244424,0.07128383903318669,3.0235659850848592e-173
3440.2162162162163,0.0012844163914221135,0.18405887286984907,0.07086517622708717,3.0326235236823845e-173
3441.225225225225,0.0012768999487373668,0.18223675434386544,0.0704490105828044,3.0417088360182916e-173
3442.234234234234,0.001269428020893422,0.1804327782247335,0.07003532675633753,3.050822005299091e-173
3443.2432432432433,0.001262000338071219,0.17864676323439702,0.06962410950288757,3.0599631149872494e-173
3444.252252252252,0.0012546166321504237,0.176878529895812,0.06921534367607834,3.0691322488019036e-173
3445.261261261261,0.0012472766368869495,0.1751279007934347,0.06880901423589977,3.0783294907228396e-173
3446.27027027027,0.001239980087508922,0.17339469997569026,0.06840510623003196,3.08755492498459e-173
3447.2792792792793,0.0012327267209521551,0.17167875330094337,0.06800360480444136,3.096808636081374e-173
3448.288288288288,0.0012255162758286152,0.16997988838952055,0.06760449520175522,3.1060907087675005e-173
3449.297297297297,0.0012183484923949963,0.16829793457593992,0.0672077627596411,3.1154012280578017e-173
3450.3063063063064,0.0012112231125698274,0.16663272295084075,0.06681339291197982,3.124740279229117e-173
3451.3153153153153,0.0012041398799818909,0.16498408646849044,0.06642137119208355,3.13410794782256e-173
3452.324324324324,0.0011970985397225622,0.16335185943442673,0.0660316832165853,3.143504319638303e-173
3453.333333333333,0.0011900988385463004,0.1617358779313452,0.06564431469858373,3.1529294807417104e-173
3454.3423423423424,0.0011831405247983064,0.16013597967378976,0.06525925144297769,3.162383517462561e-173
3455.3513513513512,0.001176223348402821,0.15855200398976893,0.06487647934575898,3.1718665163957845e-173
3456.36036036036,0.0011693470609229143,0.15698379196052828,0.06449598439823978,3.1813785644043962e-173
3457.3693693693695,0.0011625114154499405,0.15543118618359336,0.06411775267952367,3.1909197486172646e-173
3458.3783783783783,0.001155716166576361,0.15389403072017874,0.06374177035473046,3.200490156429392e-173
3459.387387387387,0.0011489610704629133,0.15237217125126903,0.06336802367973286,3.210089875505067e-173
3460.396396396396,0.0011422458847971692,0.15086545499348095,0.0629964989983969,3.2197189937777073e-173
3461.4054054054054,0.0011355703687822764,0.14937373068169135,0.06262718274190551,3.229377599450639e-173
3462.4144144144143,0.0011289342832578948,0.1478968488150969,0.06226006143630555,3.239065781001799e-173
3463.423423423423,0.0011223373903912124,0.14643466104651795,0.06189512168331096,3.248783627175631e-173
3464.4324324324325,0.0011157794538985029,0.1449870206290001,0.06153235017410918,3.258531226990803e-173
3465.4414414414414,0.0011092602389732474,0.14355378227760368,0.061171733684913666,3.268308669739145e-173
3466.4504504504503,0.001102779512274884,0.14213480215207888,0.06081325907628827,3.278116044986456e-173
3467.459459459459,0.0010963370419563858,0.14072993791597102,0.06045691329486665,3.287953442574458e-173
3468.4684684684685,0.0010899325976608848,0.13933904873479847,0.06010268337316286,3.297820952621821e-173
3469.4774774774774,0.0010835659503657896,0.13796199497379058,0.059750556419972865,3.307718665520404e-173
3470.4864864864867,0.0010772368725220714,0.13659863847709405,0.05940051962898597,3.3176466719407464e-173
3471.4954954954956,0.0010709451379989268,0.13524884246353894,0.0590525602753892,3.32760506283143e-173
3472.5045045045044,0.0010646905220734226,0.13391247151108995,0.058706665715247054,3.337593929419907e-173
3473.5135135135133,0.00105847280150287,0.13258939170871417,0.058362823390160926,3.347613363216073e-173
3474.522522522522,0.0010522917543691719,0.1312794703466585,0.058021020817375576,3.357663456008158e-173
3475.5315315315315,0.0010461471601210261,0.1299825760072671,0.05768124559251304,3.367744299865305e-173
3476.5405405405404,0.0010400387995992582,0.12869857862161851,0.05734348539122976,3.3778559871395556e-173
3477.5495495495497,0.0010339664550068721,0.12742734941430728,0.05700772796734584,3.387998610466014e-173
3478.5585585585586,0.0010279299099090692,0.1261687609086,0.056673961152883805,3.398172262763977e-173
3479.5675675675675,0.0010219289493085528,0.12492268708239507,0.056342172862891594,3.4083770372408335e-173
3480.5765765765764,0.0010159633594098484,0.12368900290148521,0.05601235108050397,3.4186130273847704e-173
3481.5855855855852,0.001010032927796324,0.12246758467914383,0.055684483868229016,3.428880326972281e-173
3482.5945945945946,0.0010041374433694668,0.12125830995970759,0.05535855936412712,3.439179030067167e-173
3483.6036036036035,0.0009982766963393971,0.120061057504718,0.05503456578124592,3.44950923102134e-173
3484.612612612613,0.0009924504782607595,0.11887570736839846,0.054712491409902704,3.4598710244774245e-173
3485.6216216216217,0.0009866585819887676,0.11770214081595663,0.054392324614956175,3.470264505368221e-173
3486.6306306306305,0.000980900801595803,0.11654024016435476,0.05407405383060351,3.4806897689147474e-173
3487.6396396396394,0.0009751769324625189,0.11538988896635864,0.053757667566126925,3.4911469106308875e-173
3488.6486486486483,0.0009694867712360382,0.11425097193312957,0.05344315440330106,3.501636026322987e-173
3489.6576576576576,0.0009638301158208445,0.11312337492112687,0.05313050299585138,3.512157212090706e-173
3490.6666666666665,0.0009582067654561205,0.1120069850870804,0.05281970207429555,3.522710564331366e-173
3491.675675675676,0.0009526165205312531,0.11090169053391144,0.05251074043448138,3.5332961797336634e-173
3492.6846846846847,0.0009470591826850072,0.10980738050814569,0.05220360694378772,3.543914155282895e-173
3493.6936936936936,0.0009415345547915305,0.10872394537734287,0.051898290540278814,3.554564588261633e-173
3494.7027027027025,0.000936042440941994,0.10765127659899745,0.0515947802315869,3.56524757625017e-173
3495.7117117117114,0.0009305826464540414,0.10658926674330306,0.05129306509552536,3.575963217128172e-173
3496.7207207207207,0.0009251549779058637,0.10553780956348058,0.05099313428223398,3.586711609077398e-173
3497.7297297297296,0.000919759242969767,0.10449679967876926,0.05069497700384972,3.597492850575683e-173
3498.738738738739,0.0009143952505445616,0.10346613283469633,0.050398582542768605,3.608307040403966e-173
3499.747747747748,0.0009090628107071356,0.10244570581400259,0.05010394024865807,3.619154277645383e-173
3500.7567567567567,0.0009037617347040501,0.10143541642493951,0.049811039537959505,3.630034661686163e-173
3501.7657657657655,0.0008984918349944212,0.10043516358784922,0.04951986989658131,3.6409482922188564e-173
3502.7747747747744,0.0008932529251729794,0.09944484719203886,0.049230420875137376,3.651895269240043e-173
3503.7837837837837,0.0008880448199453992,0.09846436805287553,0.04894268208743775,3.66287569305046e-173
3504.7927927927926,0.0008828673351805628,0.09749362801634685,0.048656643213765206,3.673889664258651e-173
3505.801801801802,0.0008777202878797554,0.09653252990441423,0.04837229399898424,3.684937283780838e-173
3506.810810810811,0.000872603496168632,0.09558097750396327,0.048089624252066435,3.696018652841773e-173
3507.8198198198197,0.0008675167793786408,0.09463887572564267,0.04780862385117105,3.707133872980044e-173
3508.8288288288286,0.0008624599578389902,0.09370613021313497,0.04752928273075122,3.718283046039135e-173
3509.8378378378375,0.0008574328530226366,0.09278264762454637,0.04725159089064357,3.729466274175873e-173
3510.846846846847,0.0008524352875000083,0.09186833554879081,0.046975538393219066,3.740683659859452e-173
3511.8558558558557,0.0008474670849302271,0.09096310249313619,0.0467011153628621,3.751935305872253e-173
3512.864864864865,0.0008425280700783347,0.0900668579196125,0.04642831198705767,3.763221315312099e-173
3513.873873873874,0.0008376180688156071,0.08917951224962542,0.04615711851643265,3.774541791593523e-173
3514.8828828828828,0.0008327369080100922,0.08830097666268713,0.04588752525801227,3.785896838443408e-173
3515.8918918918916,0.0008278844156223181,0.08743116328001169,0.04561952258115782,3.7972865599072616e-173
3516.900900900901,0.0008230604206670221,0.08656998509678386,0.04535310091522338,3.808711060348538e-173
3517.90990990991,0.0008182647532057367,0.08571735597229373,0.0450882507491196,3.820170444449535e-173
3518.9189189189187,0.0008134972443948977,0.084873190723075,0.044824962634294405,3.8316648172154386e-173
3519.927927927928,0.000808757726382566,0.08403740493525928,0.04456322717839745,3.843194283969887e-173
3520.936936936937,0.0008040460323323453,0.08320991501282236,0.044303035046772125,3.854758950357622e-173
3521.945945945946,0.0007993619964430163,0.08239063821791583,0.044044376963684,3.8663589223469446e-173
3522.9549549549547,0.0007947054539271298,0.08157949263505135,0.043787243711023466,3.877994306229832e-173
3523.963963963964,0.0007900762410074305,0.08077639716808756,0.04353162612809792,3.889665208623089e-173
3524.972972972973,0.0007854741949519487,0.07998127160578249,0.04327751511371578,3.901371736471642e-173
3525.981981981982,0.0007808991539738777,0.07919403644754511,0.043024901620255455,3.9131139970442576e-173
3526.990990990991,0.0007763509572947406,0.07841461301879005,0.04277377665741381,3.9248920979384306e-173
3528.0,0.0007718294451200838,0.07764292343113681,0.042524131290769235,3.9367061470803326e-173
