,latent_1,latent_2,latent_3,latent_4,latent_5,latent_6,latent_7,latent_8,latent_9,latent_10,latent_11,latent_12,latent_13,latent_14,latent_15,latent_16,latent_17,latent_18,latent_19,latent_20,latent_21,latent_22,latent_23,latent_24,latent_25,latent_26,latent_27,latent_28,latent_29,latent_30,latent_31,latent_32,cell_type
cell_000,1.6692003,-6.818851,7.782855,-5.212236,6.5262775,-11.226155,2.5690875,-13.92391,6.7081614,0.93911994,1.7013427,9.483675,-11.903646,9.949036,-0.41967094,5.2543836,-4.8007627,1.8785329,-8.822867,-1.7610486,3.3484788,10.96559,3.74514,11.386353,-1.4620516,-4.60611,2.676107,13.35825,-0.51567864,3.259042,-5.126344,12.149151,T cells
cell_001,-11.552555,-3.3062773,13.442814,0.44243753,-4.35351,-1.1228632,-12.75528,-0.879422,-1.9476373,-2.8257074,-4.616869,9.973194,-0.04026991,7.4726286,1.9362504,4.7549872,1.7009938,8.401626,-0.38018936,-11.503055,3.8670995,0.81602335,-7.021095,-7.2580137,-15.686972,5.081165,5.7785187,-5.8613806,-3.3902209,3.607527,-9.632723,5.637988,T cells
cell_002,-2.4300187,1.9716394,9.680558,-1.4564376,8.681941,-3.357842,-12.351912,-10.219268,-4.363884,6.7513437,3.9482422,1.9288853,-11.654447,8.968675,2.1523015,1.7685956,-0.10186696,5.938919,3.5653734,-8.958558,1.7783077,2.0874517,1.6933639,-14.273656,3.065492,15.782765,-12.248664,2.037054,-5.0771103,2.1770911,4.931708,4.7230306,T cells
cell_003,1.7423295,-0.9942078,21.47202,5.0346546,-1.9960356,8.505137,12.152182,-2.7503598,7.429784,-4.1326456,0.7710762,1.5956748,-8.956439,9.172056,-1.5986912,2.7885,8.870189,-19.981504,-14.064012,13.984314,1.5472965,-1.7981623,-6.6338286,2.4121213,-6.6822047,3.555206,7.421673,2.890685,-2.4150105,4.448497,-1.9800438,15.340764,T cells
cell_004,-5.5755334,9.360648,4.992697,8.257035,5.9832735,5.8494616,0.6846677,-17.826443,-5.546349,-1.6085383,11.234768,7.26202,-11.424439,-2.2133107,2.6536539,9.582746,-13.139923,-4.5762973,-4.725969,-11.662176,7.7282715,14.805611,3.5023813,-11.237472,6.53872,-11.274892,8.849738,2.4794881,-5.7188387,0.17009765,-4.337051,3.4809866,T cells
cell_005,6.2122545,5.4608836,14.623009,10.13608,7.6227365,8.659809,11.317136,-9.333616,2.092645,3.493064,4.7007356,-1.8322815,-2.5377526,7.10503,1.3062766,4.305903,-3.158564,-13.595551,-8.907763,-0.70041233,0.82958776,11.024993,0.41669685,3.846118,-3.7031164,12.912075,-3.5855722,8.445892,-7.5279245,-0.6733234,-8.7864485,7.808689,T cells
cell_006,-11.8343315,7.5760593,6.0569544,4.2985353,-0.31811392,6.4849277,-7.8842635,0.9225874,-7.6111903,-5.604569,-8.777887,1.7203577,-2.0285623,0.13928711,0.9169586,7.9808135,-5.8951073,5.030553,9.520441,-15.97702,-7.700159,10.204385,-9.181179,-1.6694016,-9.841851,-4.4698477,-0.4762168,12.051941,-6.7465425,-4.4726143,2.7083774,9.760749,T cells
cell_007,1.3679675,-9.085385,10.527663,4.6495953,2.9175253,4.0829782,-1.8601103,-18.494999,3.9495752,4.1154075,3.1306906,-8.302074,-12.940287,3.364845,-1.4202878,2.3323836,-0.43172547,5.2617216,-1.5691731,-9.732366,4.0909534,4.7173376,-12.667627,-7.5222044,-7.1951113,-5.248293,-0.33599594,8.010518,-3.3308678,-2.7423131,-1.319222,-2.2324724,T cells
cell_008,-9.338251,-5.332315,12.264246,0.24039733,0.7341402,4.6439447,1.4555116,-11.722679,-3.2294912,0.18780304,5.1083446,0.51079386,-3.2629428,-1.3713584,7.051242,-3.2504623,1.6435214,10.277604,6.326538,-7.597119,5.845842,7.009622,-12.953798,0.81925714,-0.61811435,2.7306304,-2.8994546,2.3834212,-13.385406,-7.3879795,-2.8108535,12.307455,T cells
cell_009,-13.831982,3.5707583,8.034956,5.4441066,12.261366,0.12927409,-2.5661278,0.46157187,-10.666163,-1.5672951,-1.0803266,9.50271,-2.0403297,1.1279407,7.0747666,1.2155998,-8.511989,2.3569286,7.7336383,-8.49202,2.250863,-1.3366859,-0.11935717,-3.9026632,-7.1190014,-5.879422,-7.812714,-5.096372,-3.1770399,4.4996214,3.5887492,10.519284,T cells
cell_010,-7.0117264,11.324075,6.0208497,-6.883066,-4.2574368,-13.618668,-8.175527,-4.5275187,-3.619448,-3.9506407,-2.3700423,4.645031,-6.578212,11.395506,-6.20519,3.9407947,-17.75372,-0.48255444,2.3630238,-19.934202,5.7597966,10.171594,-4.2259645,-5.8697996,-8.343089,5.268607,3.50463,2.974142,-3.9440713,6.535198,8.391342,0.49196136,T cells
cell_011,-16.842592,11.01671,3.1307225,14.523121,9.933833,7.640103,5.0416937,-5.849668,-5.3331003,4.5868216,0.117470026,12.862987,-7.129214,6.039277,-1.8688574,9.021824,-3.119998,-6.873125,0.10527384,9.457828,0.8279471,-0.5250907,-13.515209,2.4808135,0.08120227,5.7504754,9.69865,-2.7723076,-8.099583,-9.627133,-2.3757389,3.9731562,T cells
cell_012,-3.8161519,11.44809,10.709097,4.56203,1.6440356,-15.381486,15.423776,-3.4007983,7.302119,3.3167682,-8.88497,2.874888,-13.644075,10.957799,3.1461725,7.185027,3.0269907,-1.6521995,-1.0193179,9.988495,10.622645,3.7955515,-5.624383,1.8870151,-7.7411833,3.10131,8.159119,5.554347,6.3984194,11.537133,-6.4800067,5.3851233,T cells
cell_013,2.0552628,-8.127141,12.570268,3.9448504,11.18915,-2.8601687,-7.9692883,-10.725427,3.0453236,-9.360043,-4.7655573,5.1858115,-11.024028,-1.1546938,3.6383984,-5.422165,-2.8500462,-0.77916324,0.26839125,-7.747064,2.6446176,-2.5365214,-2.8760552,-12.687603,-7.272707,3.8427837,-3.442048,11.964629,4.319302,2.0418897,-0.83565825,9.844951,T cells
cell_014,-10.058125,-4.9246902,3.389513,-3.3042696,8.863333,-1.8755692,-0.92313296,2.6266248,-2.5559874,3.7201035,4.1524324,4.089882,0.81655264,11.377909,11.172355,5.222251,-1.029181,11.631129,10.335262,-12.296679,5.9059777,8.874013,-3.0806243,0.48252094,-9.038049,5.3966365,-2.4245749,7.0795364,-18.268248,2.4553695,7.627811,3.7458112,T cells
cell_015,-5.802117,8.227677,7.6338778,7.6739817,10.982055,-0.44556493,2.865852,-3.2032957,-8.750723,-2.0235164,1.5830448,9.463086,-6.6968603,4.5536213,3.3472667,2.1859217,-2.0325577,-11.015133,-5.8008037,7.462253,9.839839,1.1860828,-2.2621882,-4.41238,-11.54953,-4.630881,-2.8385923,4.840678,4.230437,2.778597,5.5523653,1.8022317,T cells
cell_016,3.046447,-7.2345,8.14246,2.3059828,5.725506,4.2090993,-6.803076,-13.182726,5.6997166,3.856342,-1.3151298,-8.915796,-6.000868,10.340927,23.381203,20.072845,-9.112325,-3.8818376,-0.4921224,-2.7675014,5.228578,3.0711696,-3.5038898,3.1509874,-4.205185,7.7136335,-0.14848614,10.926768,-1.1242235,-0.1701709,3.1908643,2.448596,T cells
cell_017,-4.5274286,5.877856,12.937906,1.244658,0.25121307,-6.7854223,6.310475,-11.108432,5.561326,2.7728941,-7.2513876,2.6117709,-3.5874414,0.22340718,5.659083,19.52003,-20.907412,12.4580555,-2.9248967,-11.66847,15.926762,-6.80551,8.147493,7.4240646,-1.4219105,-2.7761753,-3.5352983,7.4784684,-7.596961,-1.6551819,4.2755957,2.9894738,T cells
cell_018,-2.3662117,-2.1686296,7.8854547,-6.069269,7.297859,1.9114612,-1.8657765,-15.196418,4.438931,-7.2106247,2.5018673,19.44897,4.5584664,10.134253,19.077211,15.7736025,3.5296724,4.076526,-8.325447,-3.2182221,7.1850424,3.5228417,-7.623971,-3.7244043,-2.4721987,-5.8908215,4.1267486,-3.4749746,5.5129833,5.9427233,2.2198846,7.382241,T cells
cell_019,-9.574392,1.5285255,7.2286773,6.781241,4.5340204,-10.884569,-1.1539093,-2.3443897,-4.0610876,-0.29346722,3.2970285,-5.051021,0.90442985,11.629208,2.9419007,-1.5554028,-5.8477006,-8.292972,-5.956817,-7.868908,11.063991,14.270995,-4.5932436,-6.4884405,-0.21576884,2.783857,3.0390983,12.849538,-2.3214934,6.6099296,-15.199692,-2.240492,T cells
cell_020,-5.4690175,-2.6012943,9.036615,12.55687,7.6137547,-2.5298707,-3.5492768,-8.313196,-1.7604507,-9.818402,-4.8968277,1.821532,7.1754756,4.411801,7.651532,-4.420787,-13.059664,-8.154771,7.987457,-11.770289,12.933842,5.175288,-3.7332735,-6.0436435,1.0018656,1.4017932,-0.62621874,8.466047,-6.0222473,2.1974192,14.501704,1.5922345,T cells
cell_021,-10.545187,7.8011,8.559506,10.106449,1.7383877,13.058747,3.0666494,-13.128257,9.082742,-1.2318815,2.7134774,9.391935,-8.036382,-4.0109167,13.924824,10.733255,3.7736742,-6.986435,-1.6616749,-1.7498341,0.84561753,-8.92172,-10.945148,3.0676918,2.0969343,-10.810755,6.082317,10.667617,-4.370238,7.3274794,-15.996961,-7.791006,T cells
cell_022,-7.105211,-2.0929518,2.4946692,-8.600921,-0.61742026,0.027366772,-12.078078,-10.9912195,1.0873781,-6.443309,-5.158988,-2.8662095,-10.575056,5.454523,6.969264,2.4837022,-2.5945888,3.5464664,0.25398478,-17.90012,-5.6802673,1.5910895,-18.66358,-16.816065,3.9035435,2.3456576,-10.481675,11.582156,1.2036402,3.044907,5.0159698,6.959563,T cells
cell_023,1.0972507,2.9452474,20.473238,6.4888544,2.988807,6.3070455,6.090017,-12.826986,-2.6089966,4.9144564,4.2859516,6.5485606,-12.099459,-8.599741,7.442166,2.9174223,-1.782545,-0.89727485,-8.044683,0.1796532,1.652424,-1.8096291,-14.187761,0.96491283,7.5314674,-2.8011959,3.80557,6.218791,-14.475624,-9.196797,-0.33264267,18.249805,T cells
cell_024,-4.3163934,-0.14456117,6.9085574,12.962227,6.9468155,6.476473,5.557779,-12.535719,2.8775287,-3.6901608,-3.2293544,5.4165187,-2.4494097,-0.6269522,11.028559,8.936494,-9.026122,-2.3140824,-4.571601,-9.824016,-0.18224764,2.783918,-0.4282818,1.1703668,-5.359148,-2.0041552,0.9905733,5.42763,10.156977,-1.5806749,-3.4894981,1.3328152,T cells
cell_025,-1.1712116,18.563951,11.587596,-3.5036387,13.791763,3.3274076,0.6517328,-10.168336,1.6841938,-4.269124,-7.7240176,0.04045099,-3.632595,2.7506657,-6.0082746,-3.3757389,-8.557506,7.143223,0.123636656,-8.212467,-3.3225338,1.1146295,-5.863035,-6.942631,-3.40587,6.275354,-7.506789,12.088358,-2.4941697,7.28331,-2.726604,10.944666,T cells
cell_026,-8.51115,-2.597444,8.279219,7.127873,8.429003,6.328689,10.4595785,8.675872,-6.8682857,-3.5885258,4.4296513,6.22149,9.215992,5.6401,19.074125,11.702726,5.776707,-3.945866,4.0168276,4.547781,10.446806,1.2493352,-19.792648,-2.1797981,-11.873832,7.381104,6.741053,8.977519,2.0840936,-7.4662094,-4.5847116,5.496403,T cells
cell_027,-4.809283,-5.6168246,10.612237,5.7987957,10.875234,-2.229335,-2.9058883,-16.569998,8.101379,3.8574767,3.4834435,4.223984,-0.9335345,9.669473,2.3623707,-2.4917986,-6.1430416,-3.2390327,-1.1363453,1.8225029,8.012835,-6.0900345,3.247438,-11.294664,-5.1652503,-4.6744323,-6.349818,2.4513686,-7.642493,2.682571,-7.9414062,3.626547,T cells
cell_028,-10.173946,-8.627394,9.413255,3.3144724,0.5463124,2.24196,-3.2585685,-8.738737,7.2201066,-1.7684255,-0.57016426,11.165756,-20.712584,-1.0707674,2.4900756,-10.349092,-12.393261,-2.4772773,-10.395766,-8.125834,3.6399002,6.86193,-1.5751795,-7.9661446,-2.6266873,-0.79334223,2.60013,14.924032,12.118869,0.41707304,1.984346,3.505353,T cells
cell_029,4.0932536,4.8256116,16.257074,7.2581816,7.4388323,12.178445,9.491875,-10.20752,4.07387,-2.532546,-1.9444911,-0.70071447,-7.6694202,4.8297443,10.644785,11.031451,4.900601,3.9889195,3.7129781,-3.446495,3.7411683,11.548775,-3.0752373,-5.4543557,-1.6734345,7.94301,-4.6294436,11.710484,-1.4001809,-0.6675967,5.644027,-3.2405818,T cells
cell_030,-18.362074,12.919058,10.935068,-5.6242537,3.0082347,-4.126306,-4.980525,1.6753864,0.0663303,-3.2743614,-0.47353673,13.265758,-11.672781,9.420545,-3.7920198,3.371743,6.374224,1.7090997,9.3178215,-8.930519,-0.34815264,0.28189522,-9.102086,-5.088588,-4.6438084,2.97442,-0.33138573,0.5386152,4.7643704,-1.0998054,-2.578384,13.9072895,T cells
cell_031,-14.176127,-13.647428,-4.1685705,8.428739,12.655414,2.5003092,16.292698,-3.3239498,2.793177,-1.6838017,-7.2818913,4.4595814,14.683668,5.1493587,8.470901,19.386932,-11.548716,7.7831216,-7.1713533,-10.809229,10.077452,3.478709,2.665622,-6.4935884,-4.5310144,-5.3809857,1.7123296,-1.9492933,6.2978277,2.684251,-20.428041,1.2619555,T cells
cell_032,-4.868418,-5.3591356,6.751464,6.5325046,14.474361,-1.9642148,-5.1911693,-7.436113,-4.7911396,-1.5382974,1.243366,10.845002,-5.499023,-3.0290093,4.1014137,-6.5405993,-3.2789092,7.8211994,6.1093955,-10.958189,-4.7861676,3.0219,-9.014556,3.1411943,-6.947763,-4.6027107,-0.2219925,10.532484,-7.2042804,-2.960868,5.099712,11.415549,T cells
cell_033,-14.632421,-6.0626845,11.881469,2.960914,7.567343,4.210331,2.4410074,-4.4394794,5.2278743,7.2257633,-0.12709308,6.2492485,1.2937676,1.5336547,3.5740707,8.857286,-0.13788347,-0.31667733,-6.5229278,-3.8307035,-0.012586772,7.4819155,-7.342814,-5.617626,-5.7429605,-6.273548,2.832636,5.6935973,-8.092647,-3.045196,-0.20853283,-1.4632838,T cells
cell_034,-2.5870843,1.949825,8.625476,9.144117,8.552963,-12.975744,20.28668,-0.7785125,5.1201186,-11.696825,-12.460726,11.563058,9.099706,14.523427,10.934459,19.260786,10.771944,-15.9109745,-0.113538146,-6.2587037,9.985308,-5.582417,9.424374,8.0959425,-4.7598515,1.2677633,-0.3482628,-0.9842455,10.671629,4.375909,0.081950754,7.6772656,T cells
cell_035,-10.616268,-5.6892514,10.892026,7.803213,-0.6735291,1.3694854,4.567196,-19.50694,4.4408264,1.914807,-2.0354915,4.097543,3.2783012,5.0264297,-2.4089458,5.7473354,-2.022872,-3.769487,-1.3550125,-4.8585796,2.8035188,7.3387794,4.7659082,-8.299074,7.3658047,-3.4288173,6.4380565,10.204231,-5.982228,-5.964601,0.1302748,0.34856308,T cells
cell_036,-5.999493,5.1928825,0.84327406,2.8998904,7.7835646,7.4287276,0.9687204,-2.8206754,-0.36546057,-0.8578926,-1.7645383,-0.06400666,12.561704,18.310097,6.548089,8.448941,-6.347373,3.4521267,1.0654175,4.985134,6.0262523,3.9761949,-4.3647795,-8.685621,-3.4662178,1.0567547,5.4767,11.436239,-9.631805,5.3158927,5.780353,-5.296595,T cells
cell_037,-3.6560621,4.31577,0.06514232,6.3867807,7.9965377,6.325391,10.647415,-8.065014,-8.421763,-0.64272535,-4.698624,-3.0613341,-3.7439826,7.0888023,-3.2067451,-0.809113,-9.742879,6.954889,8.051505,0.32295454,7.5179615,3.4365513,-9.33072,2.3727276,-9.409514,1.0494891,-3.85709,5.3545346,1.4564036,4.3113713,-4.931954,8.22654,T cells
cell_038,-7.4655495,-0.6095201,10.3882,8.842467,4.626516,2.9641383,4.5528326,-6.1987247,-1.0709102,2.0660305,-3.6851118,-4.880548,-6.5398045,8.083339,-7.2822127,-9.607668,2.601066,10.165626,-9.291599,-12.1729,-0.03275287,2.3394167,-16.416203,-9.552494,-1.565915,9.399748,-2.636507,5.598293,-1.6237348,1.0357442,-3.5963998,2.0794597,T cells
cell_039,-4.6992626,9.221668,16.293175,11.828636,3.9108806,-8.777954,13.668148,-6.0797834,-0.90819246,0.31341374,3.52871,9.677057,4.5650496,4.2386494,2.3908706,-2.2069073,5.397598,-7.1063743,-10.016837,-14.002928,-0.32739145,4.739037,-11.460827,9.860003,6.165291,5.649817,2.332813,11.216101,-1.9348234,1.2667917,4.15611,7.5592213,T cells
cell_040,-5.5747743,0.70430005,1.1549461,2.5648735,7.910327,-0.31256932,-4.97248,-10.74055,-13.789963,9.804279,3.2331254,13.8564825,-1.3076835,4.8106723,-5.2324824,10.3980465,-9.906472,-2.097995,5.1362305,-2.2130327,6.4679,6.0560145,11.293396,-11.092025,-4.085857,-3.5858757,1.8104712,13.3368635,-0.20993116,12.750348,-10.641862,5.7012844,T cells
cell_041,-11.3452635,-5.7603216,14.259029,-4.771123,5.7113566,-3.9003255,2.1829515,-2.1520157,-0.17447442,5.54089,10.523714,11.493618,7.5119267,4.5546784,2.7639382,1.2870464,-4.382249,-6.939762,-2.54044,-9.924338,16.139977,2.5357983,-2.2064698,10.44949,-3.3426046,-1.6766952,1.9911389,7.4252753,-2.2825809,-0.74519646,-1.3888522,12.373326,T cells
cell_042,6.1864586,1.6206597,17.342014,2.4243495,9.767833,-5.879174,2.5632753,-4.681687,4.969656,0.6531453,9.46692,10.589299,-2.9096339,2.1380978,-4.790715,5.416386,-6.0458193,0.59531546,-8.895904,-5.8920517,5.7501855,7.783655,-4.9898577,-6.478417,-15.7494,2.3683448,4.1238203,2.690452,15.094153,11.7093525,-5.357692,7.06224,T cells
cell_043,-1.7108502,4.527225,10.379736,-1.8945298,7.210347,-3.5114179,1.7256305,-7.9033246,-3.653828,9.305259,-15.07369,8.965606,-16.86363,2.4529116,6.1664505,15.21273,-4.0128045,2.2096796,-11.949677,-10.888738,4.937772,4.7759748,5.4935784,0.8777664,-7.35139,-8.550818,12.426981,15.904561,3.0055914,-3.2846272,-10.852642,-0.113435626,T cells
cell_044,3.6709774,6.166856,4.6214795,8.986424,12.772443,11.461842,-1.2004454,-8.6320505,-2.4860523,-7.4867716,7.6722846,-0.49135754,0.73474634,-2.1036856,3.5454128,-0.24868055,-7.2376184,-0.14223671,3.5290608,-6.601078,-5.1928105,3.7627277,-7.975433,-15.377372,-10.61865,1.1555662,9.338939,13.530409,2.1836858,10.773644,-2.7131562,3.2073095,T cells
cell_045,-1.8742163,-4.3132453,10.710772,2.7148435,-0.11060166,-1.095955,0.02914071,-19.558027,8.945092,-3.6664515,0.9426844,6.9995556,-12.803272,-2.3991797,-1.1813096,10.731367,-6.1944323,-4.2321444,-4.7783217,-2.9437838,4.6628914,5.6983085,-8.0996685,-11.470018,2.718087,-3.6514297,5.7500734,8.376332,2.8604455,0.5537522,0.103402466,-1.7828096,T cells
cell_046,-1.4808801,10.598751,13.302726,3.0149589,-2.8081906,-1.9221115,0.4644853,0.9686131,6.9900517,-1.9543887,-2.7518492,-3.3523264,6.757294,13.279574,0.29229486,-3.8467739,-8.71354,-6.762671,-0.32431602,-16.754387,7.29962,0.18655047,-9.217121,-1.4798068,-0.9091414,14.725236,2.0790057,7.615828,-2.0917652,13.176138,-1.3422496,9.546728,T cells
cell_047,-1.5079494,-3.737028,15.063651,13.033812,3.306281,2.637507,3.8479924,-15.05111,-3.071504,1.2866435,-5.701376,10.609176,1.1176689,7.205048,4.139564,-7.0997987,0.6090046,2.0710175,-1.1531055,5.161845,10.9531975,-1.8531559,-8.497185,-4.0787125,-5.188215,-2.3222923,14.135034,16.896826,-1.0397757,1.189879,1.0613242,-5.514741,T cells
cell_048,-7.737011,11.857601,9.2034445,9.536633,-8.180178,3.1424255,7.9194593,-1.7540803,0.16533124,-0.93043005,-2.0417194,1.0876902,2.6801512,6.1260996,-9.182011,9.414454,-6.862435,-7.5699615,-4.665194,2.446087,4.70914,-2.5658264,-13.740539,1.0798185,-11.499456,-4.3726587,5.692647,12.274453,-2.1282434,4.6716356,-0.13834964,-14.111283,T cells
cell_049,-16.377281,-10.260316,15.434807,15.580541,-0.8791262,7.178905,-8.085608,-6.5512943,1.4072672,-8.1580515,1.5966399,3.6119308,0.14728194,17.12018,-0.16242313,7.446273,7.118355,-13.316316,-0.80198073,-3.3995972,4.329268,8.609276,-4.208402,-2.9906623,-8.925486,9.615048,-1.5672082,8.759383,8.637713,-2.600031,-20.77885,-1.4730389,T cells
cell_050,0.06366685,-8.440981,10.804273,8.813079,9.022946,0.42454123,-0.8092238,-15.576334,-1.2957325,-3.6887984,-3.1645725,6.7935414,1.9522724,8.5008955,2.7873735,9.820845,-5.281042,-11.166377,-6.2439246,6.625498,17.577446,-1.2094731,-2.9569817,-0.94731593,-2.9083488,1.0490139,2.926209,-5.0486765,-13.057994,-3.8921652,-2.4856598,3.8339064,T cells
cell_051,-6.41227,2.795939,11.200403,-1.6052818,11.02465,-5.4370456,-4.0769753,-2.867552,-1.4030528,6.3227525,-2.7018795,9.552295,2.8824053,0.17014784,-6.654712,6.271253,-3.3216257,6.5972223,-1.0447841,-2.47923,6.952906,4.505894,-0.3735845,-6.2675805,-7.8837476,6.3454833,-7.8908706,-2.6333175,-11.936394,11.511603,-5.9379287,17.4764,T cells
cell_052,-5.901885,-4.704799,4.4070306,-0.045380592,7.7851367,2.7750466,-7.9130344,-3.0737627,-4.329189,1.9855809,2.001058,3.1710598,1.6813842,6.7594204,-0.23521417,1.9739585,-10.241728,16.453236,-0.6855078,-9.328932,3.6443934,-1.2849306,-6.7476993,-6.9781313,-17.87044,2.4303691,-11.922928,2.8724496,-1.4478722,4.7615595,-3.1986089,-0.3380116,T cells
cell_053,1.3297793,1.966487,9.966488,12.021951,5.4490623,-1.8518618,8.956134,-5.8525887,1.711211,0.3878508,-2.2224605,4.0328693,-1.627779,9.462285,4.0846586,-10.377818,-3.0740314,5.281834,-2.8052192,-15.066409,3.495526,7.0050893,4.589692,-7.7999415,-16.909388,-0.13027681,-4.997793,14.760719,16.163765,10.420373,-7.0340195,9.54538,T cells
cell_054,6.6800914,-1.1625891,9.74511,-1.2832046,0.27739322,5.482571,-8.234059,-13.116644,1.7325711,-2.5640707,-8.029619,-0.33667302,-0.13069665,5.462589,7.023775,-2.2480953,4.794236,7.2895994,-1.0411685,-15.641222,14.9102955,-5.6169434,-10.314994,-10.367545,-12.061176,6.0506444,-7.437596,1.4352363,-15.613411,-2.4363813,2.187052,2.4088836,T cells
cell_055,-4.1392655,18.226908,9.626086,10.091865,-10.861583,-5.7854395,14.848975,-8.721686,6.815213,-2.480039,-8.2665415,9.615492,-1.4777862,13.694947,12.481514,7.792284,-7.0900855,-9.499076,-3.3524132,7.925745,7.752777,4.1133213,3.7334232,6.6886473,-0.46241426,-15.957873,6.4129953,13.861915,-4.646721,-4.9912133,-11.431961,1.5443299,T cells
cell_056,-8.22456,6.243699,7.7293587,-0.13307391,8.719319,-4.5313573,3.5758047,-11.46402,9.597294,-3.142014,1.571219,-1.162542,-3.659351,16.716862,-1.5149373,-5.160415,-4.769999,-0.21186607,-11.769136,-7.68301,4.4854503,0.14409727,-9.603854,-0.8623093,2.8585634,-0.6696368,-4.052631,8.946693,-0.85338765,6.1459165,1.8725183,-1.0465659,T cells
cell_057,-11.999522,6.508954,14.322156,6.5696726,9.255713,-0.09276092,4.6398773,-13.626312,-1.8407665,-1.6213028,3.933742,8.452982,-6.59335,-5.0928493,19.241436,-6.828229,-13.65002,13.222133,-11.702456,6.670455,2.3420055,4.648178,-4.052248,-5.659584,-12.926919,-5.500814,5.7756686,3.5349839,2.816671,-1.7373042,-9.617105,0.25540048,T cells
cell_058,-0.77977735,4.78391,3.849965,-2.3311276,8.2633915,2.941722,-3.4209552,-8.411234,-4.2303224,-3.7650535,5.2058034,20.37638,2.2794328,7.4374,-3.0616608,9.850697,-3.0461385,-1.3382066,8.09591,-2.7837553,5.47225,3.6780627,-2.7751467,2.369901,-8.711093,5.956225,-2.8688157,2.8834083,-9.411984,6.5408244,9.08188,6.61502,T cells
cell_059,4.802743,4.7101583,8.500211,5.9466066,0.89797187,-3.9643633,15.785561,-13.909717,6.913795,-3.5355148,15.538929,9.130079,-7.851219,16.075533,8.490905,13.685083,-1.4806657,-4.6815987,-10.0919285,3.6485796,1.416752,8.417877,2.5493386,7.496599,4.406519,-0.91686934,0.63289046,-5.9089956,-0.74944055,-4.721654,-2.3764653,15.305998,T cells
cell_060,-19.341034,-1.5767261,10.4952345,-0.14886093,15.457205,-7.9616547,5.2102547,-6.1243763,4.1680202,4.1917524,-12.310495,18.79343,-3.9747672,13.309492,5.6127415,15.719732,-2.128939,1.5674043,1.7859796,9.574539,4.613356,-12.048601,5.9666133,5.3973904,1.064801,10.586303,-0.7822076,10.939951,4.112964,8.474046,-11.804037,-15.6060095,T cells
cell_061,-4.82634,-4.7013435,8.331288,-2.900189,7.759181,5.770234,3.7097235,-12.556319,-2.8663793,-9.790008,-5.542561,0.27541244,-17.501911,3.6094131,3.9906113,6.9654617,11.789208,-2.2632644,-2.3523579,-5.403089,6.275887,8.511662,-10.561367,-3.369207,-3.86652,3.246324,4.893118,16.638327,2.53442,-13.543673,0.0020553917,4.7643056,T cells
cell_062,-5.6657205,11.519017,1.805188,-2.9118924,-2.1512473,7.165535,4.158175,-8.938194,5.528573,7.9509144,0.9657283,6.0864854,-6.6421323,4.3529606,5.3949156,16.817966,-8.471266,-7.8918686,-0.43099356,-3.8969834,5.443449,5.6756454,-1.6654238,-2.5113928,-12.836413,-4.840852,10.632258,10.1605215,7.397359,9.881912,-12.090506,1.1748297,T cells
cell_063,7.5574565,20.476395,9.226002,4.3501854,0.88521266,-11.803462,3.7507265,-3.64232,-3.625607,-3.548689,2.0594125,7.993696,2.0741963,6.4182596,1.9535898,13.727703,2.8350594,-2.610695,1.4951538,0.06344338,10.24226,10.259766,-2.748644,0.9378642,-14.374968,1.2598569,5.5513344,5.6645947,-10.000167,10.217393,8.101361,0.5003065,T cells
cell_064,-1.0607122,5.002309,7.8141875,1.3514783,4.7690363,-0.6029583,4.052165,-7.736688,1.2035196,-4.247844,-0.3582457,7.1665044,4.1107407,7.334901,-0.9785359,3.3124921,-2.328979,1.3170319,-4.077953,-11.240225,1.9009225,3.9176826,-8.484034,-7.1882,0.31907454,-1.8313258,-5.0847106,-1.7620656,-14.7964735,8.862455,3.1259553,-2.97737,T cells
cell_065,-1.5050182,2.8401937,-0.44230303,7.154082,10.683412,-12.203321,-1.9504585,-9.900114,8.865374,-8.355354,1.9685521,4.027273,5.191767,-1.8799484,-1.2622223,5.321516,-18.742815,-13.557687,-4.0593147,-6.1155753,7.2420144,9.586632,-2.2887576,-0.9257909,-5.5368953,-2.8180113,-2.8572254,2.517702,-6.4876757,20.166273,-6.9845667,3.1469197,T cells
cell_066,-13.940389,1.0044577,3.1993563,6.223264,6.8858657,2.88303,1.9383655,-3.8531318,-7.0441523,-0.5275177,0.86536455,7.7983155,1.3277045,14.005023,9.231416,7.9723625,0.9212831,7.6124654,3.654079,-11.55346,12.405599,1.5969261,-1.4466648,-4.3229294,0.87238973,6.7326136,2.572817,8.850125,1.0966489,0.5685283,0.56880295,0.3485971,T cells
cell_067,-3.9706914,12.999591,9.25397,-2.5552115,-4.621678,-1.9658735,1.2226944,-16.528034,-4.8753886,4.641017,7.7302904,14.49441,-4.045956,5.776484,0.71701294,2.6089206,-13.313825,-2.8819396,-0.1801001,2.720178,8.76531,-9.129562,-6.3052406,3.6962543,-4.7029037,-7.285449,-3.158756,9.196855,0.64328736,4.4892564,3.839367,8.578474,T cells
cell_068,-1.3220551,1.1254969,3.8399749,2.244874,3.837768,-1.3838432,-6.615394,-6.7785926,-0.604209,-5.892253,-3.3379784,8.501092,3.613649,10.216257,2.9779446,-3.2860835,-10.356462,2.855824,-1.846242,-11.749057,9.247756,-9.211379,6.7661085,-15.7262745,-11.033754,-1.5852046,-1.753843,2.3191235,-3.6586545,11.478093,1.7422962,7.3806586,T cells
cell_069,-9.933503,1.1963034,-0.5753763,-1.4899833,14.849092,-3.9632373,-1.8572454,-7.3248825,0.03828808,2.21072,7.815694,15.053587,-5.561727,19.13575,-13.230286,6.8707943,1.0221581,6.2698436,-6.08918,0.07416558,3.561604,-3.2190762,-8.6089735,-0.2478697,-7.270365,8.800559,-3.575101,0.56499696,1.5131285,5.922854,-6.7775693,8.444647,T cells
cell_070,-0.3575418,16.545006,5.2119417,7.08659,4.450745,2.134827,6.0064797,-4.1532226,-4.3617353,1.0067062,-0.974748,0.70065004,2.5976074,-0.95792353,-0.6157415,3.8503058,0.6042268,2.9034376,-5.4086637,-10.8535,2.6616347,-3.4769647,-0.9702256,-13.427801,-13.5721855,10.675246,-10.515746,2.9181197,-4.8288307,5.8590603,-11.515351,0.46468905,T cells
cell_071,-1.0024645,6.1815085,10.87038,-5.4446034,5.1287284,2.2776685,6.7342362,-10.065541,0.44419387,7.165176,-7.533208,6.7745304,-3.762279,0.22994831,-12.388762,1.9594826,-3.772002,-1.6881526,-6.7399445,-15.312961,9.991718,7.9088836,-0.43636623,-8.2695675,-4.972447,-12.032091,-2.642571,3.791173,-7.4820695,4.0084105,-2.5711408,13.132989,T cells
cell_072,-7.681023,-1.7471817,4.810946,4.3534393,7.009519,15.844913,1.9022855,-3.8189442,-5.4695053,5.491391,3.2682376,-3.804611,-1.5597717,-2.114302,3.7973204,6.123152,-5.5327983,11.360213,3.5377638,-6.3354325,15.893908,0.73359215,-6.202289,-7.1767874,-15.501569,-1.9121069,6.8643484,11.9822445,-9.997619,-0.5796107,-0.62436736,3.9292636,T cells
cell_073,-9.508513,3.588241,12.645629,2.8511312,0.37216657,-3.125596,-1.1537936,-7.9939814,-3.5407643,-0.20667066,5.3668847,4.6338463,-0.26876783,1.0564367,3.7030473,0.97816974,-8.361596,1.857268,2.6857307,-8.161087,6.753894,-1.9353997,-11.043313,-4.5713296,8.213102,-4.2692847,1.4262726,2.660895,2.2090688,8.297373,-9.609084,11.863333,T cells
cell_074,3.2429888,-6.921219,1.0336026,7.155198,3.324986,14.242947,23.917892,-6.041501,-4.491811,4.294697,-8.658185,2.8204417,-4.638687,3.6417916,22.537424,8.514795,-7.4959908,4.493404,-2.822291,-2.1317873,2.1120825,14.7287035,0.3308316,-5.4322805,-7.78993,-5.0914927,7.552289,5.7702594,-0.95173526,-6.229031,-11.547655,11.527788,T cells
cell_075,-19.869991,0.6214013,2.5882676,7.8180404,-2.58618,9.649619,8.133,-6.2456017,9.116876,-13.137242,3.4862823,-1.7699682,7.4166346,16.758343,1.5371796,7.393975,-2.2391992,-3.0075974,-10.187712,-11.889865,11.007763,5.841972,-8.89817,-5.851063,-1.7496613,2.6224933,1.5813127,2.0100434,-11.543999,0.6779342,3.595445,6.524618,T cells
cell_076,-5.6186724,-2.707723,3.1671162,0.66453415,6.304186,-3.7323563,9.319162,-2.1908393,0.83576363,-2.0133336,10.745867,8.459111,0.95716965,10.421422,2.5209763,7.97834,-5.9144998,5.591288,-6.663216,-5.145141,8.907557,0.74146235,2.1961071,-1.8533093,-12.837774,7.5348434,-8.300938,5.3195305,-0.7881075,6.016431,0.070921384,5.4557934,T cells
cell_077,-4.56363,6.043681,3.7138414,-4.686666,2.0386205,-11.2918215,-0.38897145,-6.51796,12.075822,-10.514607,1.9004416,13.624128,1.2994725,11.846322,13.036238,6.2951756,-5.6618185,-13.735022,-0.09798086,4.1411986,6.909528,5.4314322,-9.807875,-6.0491076,-5.7831216,-4.2616,8.156763,17.17429,10.89283,4.7481575,7.7380896,1.7604618,T cells
cell_078,-7.3433604,-9.25684,4.57798,14.32573,5.777011,-0.84551847,-0.10895181,-6.619542,-4.068097,2.5178807,0.16942254,5.1900434,1.8749341,7.0573764,-0.65772617,1.5746942,2.330023,0.23341492,-4.0446525,-3.1553056,4.4879794,16.27411,-7.4961667,-5.5699377,-4.4675245,1.428544,-8.10665,1.5880544,-2.7435234,9.538925,-1.8945122,-0.5883655,T cells
cell_079,-6.826935,-8.825588,16.616276,13.661612,4.3035574,2.4088335,6.545779,-4.766968,-6.705899,-11.913401,3.4520872,18.468718,-0.9422989,0.7972381,3.752541,14.007664,-2.2644658,-6.234889,-4.60629,1.3770298,9.019292,0.054707572,-0.117931604,1.3654689,7.5783377,5.810362,-2.4674354,13.075785,-1.1392844,-5.536229,7.0255203,3.3967052,T cells
cell_080,16.151348,-4.410431,-2.7892175,8.069904,-4.366867,14.784573,-1.4809959,0.076946735,0.14333272,9.087195,-6.097176,-7.7956214,2.2187898,-6.853075,5.8401666,-6.5024548,-4.2116957,-0.089312166,-8.9247265,1.4447842,3.9247904,5.357757,-6.7520814,3.6479836,-0.038841963,6.5550904,-4.6816244,-6.1236105,12.056777,6.7883263,-13.926607,-6.5036173,T cells
cell_081,12.129371,-4.2322536,-7.2648106,-1.1178359,-3.686225,-1.3544134,-1.5937791,-1.0178562,6.438798,6.031938,2.9342022,3.0282075,-8.999468,-3.9531229,-4.1747975,8.77837,9.5012045,0.8380304,-3.903005,12.2921,3.8955326,7.0023155,-4.907967,8.205136,4.6091356,4.870979,11.177367,15.673304,-9.215223,-3.83675,-15.900122,-7.477834,T cells
cell_082,14.805994,-4.670502,-0.046586394,8.536963,5.405687,8.805872,7.8780913,-2.8369384,1.5743294,4.5589886,-12.345068,6.149458,8.347369,-1.8390663,-0.28170252,3.6716967,-12.79543,3.0484245,-4.94351,7.477212,7.273007,-4.4429164,1.7507823,5.0220213,2.8018665,3.00383,-1.2418735,4.847625,4.7945642,7.4655557,3.378022,-11.456661,T cells
cell_083,17.20545,-8.426872,-6.238157,11.10781,3.3550115,4.1226783,-6.8288198,-6.2628508,-3.0967283,-1.3733512,0.675266,3.3184433,-1.9197415,-5.2450013,-7.6756105,-2.2977028,-0.42415622,-7.724727,0.6193677,-1.6138917,3.2047167,13.536014,-6.8180428,3.0231993,12.0407505,3.4515877,2.101682,-9.652589,19.958525,11.676906,-2.2077954,-0.38097095,T cells
cell_084,10.890683,4.15872,0.72157955,5.207987,-2.0299423,0.6943829,-0.03977692,-0.14997661,2.177353,1.7402858,-2.6492667,-4.5742435,15.761417,-2.7923784,5.6592255,2.5486562,3.8870392,0.32240564,3.7171717,7.667898,3.2741575,2.8131514,-4.32226,8.854291,9.089076,2.3348575,6.550248,5.7247934,-3.2086384,-0.7198597,0.6206725,-10.921422,T cells
cell_085,17.229723,8.091486,0.74713784,-6.0065193,-9.507029,-1.562346,-1.7629329,-9.093794,0.17052433,-4.977195,3.2258754,5.7451997,-0.67359006,-4.617755,-20.094246,-2.7980924,-8.770783,2.1041489,-0.20684451,-16.18641,5.411163,11.543545,-15.397011,-4.087188,0.75748324,4.1847672,3.7062774,-3.1589057,2.0862951,7.4139643,-3.0216923,-5.3712177,T cells
cell_086,13.597748,-0.75037384,0.81336963,9.199047,-5.2342944,-1.4732261,6.007367,2.5789464,2.7294424,2.4658844,-8.189991,13.01792,-0.10952675,2.4433737,1.8289766,-3.2018912,0.0786832,5.9115295,7.630928,1.8762716,14.349819,-1.2701846,2.969437,13.48061,15.440813,6.574806,18.721924,10.487913,5.385827,1.729815,-13.341208,-4.44452,T cells
cell_087,19.43921,0.9896458,1.1069353,18.05582,9.166208,7.272109,-3.864552,-11.542328,4.429535,1.8669549,7.934405,-1.0546613,2.808361,-9.231943,10.107763,-8.810885,13.409231,6.2235184,-2.7518408,6.9059544,5.502265,8.397295,-11.769056,1.019715,6.6180406,8.349232,0.5489116,-7.3165555,8.274336,-0.6305448,-2.1762664,-7.2178106,T cells
cell_088,8.4309435,6.01222,-7.482892,1.9427689,9.68875,-4.472291,5.755502,-4.6029177,-5.7138357,7.2280216,0.47762546,-9.123087,4.539165,-4.1044407,1.113981,-9.443753,4.482441,11.283706,-14.438395,8.261288,10.869183,13.74573,-12.770335,0.05417745,-4.9232354,1.5271037,-10.800417,5.4154,-4.452781,15.527019,-18.366852,-4.7039075,T cells
cell_089,13.033993,13.515269,-2.9185143,-2.7689605,-4.111906,8.482878,-3.8321352,5.80694,-3.6215758,-4.514278,3.7275705,12.601322,10.222423,-15.019178,-11.03957,-5.2460446,-2.7738132,4.6795073,2.8825243,5.15822,1.7488816,5.297777,0.9336285,-0.68947065,7.969148,2.365102,-5.1629877,-8.174806,4.9860272,14.201582,-9.477319,3.6960397,T cells
cell_090,9.250173,-4.161487,1.7692187,17.410309,-3.115778,-0.95770925,-5.208787,-1.678757,1.4040015,3.1651022,-1.6211534,0.22108626,4.6483116,-4.042037,2.370369,5.331075,3.86381,-1.4887218,10.528075,-5.7711554,3.3596826,1.9899766,-9.17853,3.7752624,10.685714,4.3133264,3.6056066,5.32823,-7.0238395,0.4947788,3.063635,-0.061802924,T cells
cell_091,14.830364,-11.675655,4.586826,7.124293,-6.947401,-10.825765,7.5423303,-15.718109,5.3795547,-2.6488025,-2.5470684,7.581559,9.0682125,-5.0855093,-6.1417665,11.830397,-8.333301,12.971767,-4.0187793,5.7007504,12.362951,11.000277,11.910324,-3.064442,-2.201702,6.580771,8.971529,8.4451065,2.9505444,-6.839443,-10.381406,3.682585,T cells
cell_092,17.761492,2.2412732,-4.318982,8.025431,2.1393452,13.452134,-9.515766,10.123189,-0.69547284,0.005887985,-2.6977665,9.936189,2.3217142,-9.440167,-4.5907493,5.7755213,3.5437865,-1.3423651,3.8212004,-1.7808311,5.448784,0.36650634,-1.6202176,-14.524148,-15.677124,-1.8415676,2.0813472,-8.942568,-1.7501279,14.187456,7.9677205,1.4855196,T cells
cell_093,12.322975,0.69293225,3.2581694,6.085912,-3.369605,2.7641096,-0.026050419,-8.26753,2.4151301,10.720133,2.3844838,1.9491171,-2.864333,-12.5033,-12.255355,-9.932013,5.9288626,1.3108201,-7.4508576,3.2440925,1.5829577,14.446594,-21.322577,5.4467096,7.1889644,-2.4220357,-1.070419,-8.084517,-2.2998655,-0.46683216,-7.2849884,-7.2854886,T cells
cell_094,16.511873,-10.146676,-2.6819289,6.1861663,-3.092968,0.6984639,1.23017,0.52899134,2.1909971,7.0364757,-8.97515,0.2676884,2.621844,-5.6449075,-1.5883906,3.8436823,2.9320772,-0.79156363,0.38499892,-1.3147936,5.067097,5.468938,0.20497417,3.7743983,-1.7781228,5.76136,4.5865736,1.9377177,0.9454276,15.377928,2.5323818,-0.13923764,T cells
cell_095,4.161255,6.0787125,0.3894484,17.931171,-0.93470407,3.418946,8.055546,-0.40298367,14.950697,1.0202909,-14.29937,0.38349152,-0.1821227,4.427182,-5.201743,26.133183,-14.487039,-7.694244,7.6651945,8.59022,2.618697,-0.6214272,10.294963,2.4281573,1.7741632,10.284536,13.314484,6.3139067,-0.7686963,-9.212619,-6.4474006,-11.8466625,T cells
cell_096,4.257004,-7.8880067,0.19227839,15.757493,1.8920213,19.614977,-5.3435955,6.382622,7.042636,10.072682,-1.4274051,2.728941,25.421719,-3.3632028,2.7664318,-9.849973,6.5595274,4.6353245,4.217573,0.63137454,2.100056,7.948029,-0.09648684,13.783166,-2.047957,3.0845807,-2.266779,3.8486238,-10.0695095,4.2250295,1.4756479,-15.856615,T cells
cell_097,11.727529,-4.9819136,-1.9617219,1.6411535,0.9814199,-0.5242791,1.8927001,2.2482834,5.3616548,6.9923706,-3.8641825,5.552254,11.182142,-13.368292,-2.2661643,-2.6676536,6.0699253,6.265319,4.917834,2.4623895,7.327105,2.5419042,-5.2039466,5.761226,3.963898,-2.0081675,0.3022178,2.4337447,-9.362523,9.225984,-8.566718,4.0934772,T cells
cell_098,20.60765,3.9998682,-4.5309362,-1.0421467,12.765333,-3.8211942,-3.7874255,-9.486093,-6.8617196,5.5370007,-1.5480447,1.5926144,12.210204,5.410269,-1.5928531,7.2837963,-1.2327691,7.5000224,4.9470544,9.421839,9.108005,8.391309,-0.0790132,-4.651227,6.562505,-1.9262102,-0.007756442,1.7428219,-2.2843897,13.996435,1.2579703,-4.052169,T cells
cell_099,11.421311,1.9264472,-5.8935647,3.9495234,0.6099286,-2.4002538,10.345914,-21.766966,9.44498,-9.675983,-11.351548,-4.1588235,1.8195379,-7.475575,1.1545595,-1.9110298,0.9263754,-3.8040648,-6.026021,12.42022,2.4932823,4.9623046,-7.147673,-0.30240798,4.1320763,-3.3063264,9.501739,9.586473,-2.2480488,-5.6461153,-6.0905704,-21.907646,T cells
cell_100,4.5910068,6.9440994,-9.186106,9.10597,-0.23855448,12.146692,9.38751,4.5173645,2.5206637,0.021232367,-3.6436372,5.56113,5.6238804,-13.177636,-12.672083,-5.590397,-11.82483,-1.3801813,6.4532285,-6.6088924,6.5621977,6.996974,-0.8460068,1.8302473,16.229534,0.2693674,4.8253326,6.794999,-0.18688858,5.6249237,-10.478981,-6.6972837,T cells
cell_101,19.482798,0.42183727,-4.731286,-9.528769,7.33544,4.763186,8.006156,-8.720042,12.260785,2.893672,-8.689568,-9.922704,8.668913,-8.5607,-4.6855803,-5.914322,-1.43097,10.059135,-13.148787,-0.54404366,12.067523,10.361665,7.7063265,15.737172,2.808444,-0.014389873,-0.18228257,4.589391,-1.7869675,5.437034,-5.197308,-9.554646,T cells
cell_102,9.360828,4.695382,3.1426733,4.5699496,-9.475666,-1.229518,15.058786,5.0888925,2.2421124,11.947546,-8.764158,4.327104,1.9175028,-7.312798,0.08145499,-2.5349028,0.5822079,3.4853249,-1.2960103,10.460807,8.333524,11.3836565,5.355786,9.604606,6.9637527,-2.6008925,-7.468876,1.4593431,-8.597086,3.3862777,-12.340568,-3.9403672,T cells
cell_103,18.487972,-1.4626229,-1.7183051,7.6551404,-0.12925988,0.5951261,-6.7180963,-5.731176,-2.6914098,10.103401,10.329874,12.317609,4.0830913,-8.008183,9.265748,-7.625661,-0.7180313,2.5012283,-5.008563,6.918494,-1.0449172,7.422699,-3.3029633,8.310879,13.805556,-0.81249106,-1.8546209,-4.240588,4.712002,5.2216797,-0.90814584,8.959923,T cells
cell_104,16.975494,-4.920664,7.477624,12.343258,-1.5508131,-0.00962019,2.152969,-2.2835662,7.0719366,4.4254723,-13.173754,4.434024,5.358315,-2.1647227,-4.4340672,8.978325,4.9406557,3.7885816,13.270345,-1.7343051,4.557536,13.494636,-3.5680995,5.871943,0.5337844,-2.8968067,5.977314,6.282187,13.1499605,3.7356226,2.780111,-18.655558,T cells
cell_105,11.309605,2.8093317,-1.1268721,-2.071962,-4.20815,7.7275696,-0.43957663,-10.09149,2.7063005,-3.9468205,-17.638212,-2.0282307,1.266948,3.8567882,-6.4355707,20.607107,-11.161299,-4.7798047,-15.648638,3.8081727,6.9615316,6.5383306,2.3142438,12.650261,-1.7748325,8.435758,4.32469,9.641973,-0.850626,7.332345,-4.747571,-16.707054,T cells
cell_106,15.031582,-3.0351148,-3.2815244,-4.1885133,-4.6115847,-5.991181,-5.9582224,2.4061532,-2.26892,9.411516,5.125635,-4.068282,7.83125,-9.058056,-6.051645,-0.2556339,0.28758577,4.104918,2.248053,6.8858404,-2.941137,10.087325,-3.2331188,6.896289,-0.33583093,-1.450256,-4.2466497,10.906194,-4.9261036,8.144179,-8.506161,-11.568274,T cells
cell_107,19.3062,-1.4389672,2.483955,12.563406,-3.1642442,-11.221965,6.9288607,-4.7722135,-2.3441162,11.657513,-3.0813115,5.344245,0.8974184,-7.6196785,-2.7697334,2.3871946,-12.152496,-0.39558685,-0.6922971,0.56733924,3.7360432,1.8416326,-9.0838995,1.89471,-0.720924,-0.5721584,-11.925962,-7.8636255,-2.825076,2.29114,-12.842427,-3.4813678,T cells
cell_108,16.532074,-3.39617,-2.45297,10.473414,7.0892344,4.414708,-5.643976,-18.24728,9.970453,-1.2115362,-5.2886267,-5.717821,-5.1421714,-8.382602,-5.2294683,12.6059675,-11.695207,-10.379411,3.2971587,0.5307243,8.103708,6.8607516,-1.5406786,2.3480294,17.782103,9.389633,4.314818,-2.560408,9.900148,-6.9117923,7.5460286,7.9555855,T cells
cell_109,-2.9748003,2.2990286,0.27691448,15.084738,-0.48067522,18.57788,-1.4940195,4.083728,-0.5028448,3.295326,-14.783365,-10.9418545,15.849243,-6.455207,9.725873,11.696374,-7.650386,-0.34928852,1.8248343,4.687099,21.359726,1.0239993,1.6817579,3.3915436,-0.45242953,3.547872,0.56625986,-1.701887,-9.45907,-3.3852782,1.841508,-12.306111,T cells
cell_110,6.871444,6.9125886,0.8182894,16.585222,7.045334,2.3994179,2.475953,6.28675,9.26874,8.317348,2.3098166,4.775551,12.069934,-12.644374,-0.4805193,-1.6824899,3.6567216,-3.044639,-0.5061438,-1.9751201,1.227583,7.3643284,6.812494,12.341554,9.796394,15.629953,8.865294,-4.918723,-1.8326485,-2.042138,-6.399758,-3.4946527,T cells
cell_111,11.384595,4.8254795,-5.213932,-2.2959192,-3.6898968,-0.094751894,-7.9398365,2.1954608,-5.6388116,-1.2260982,-0.62052,-1.0228493,5.941846,-13.159592,-8.172496,8.413784,-8.429456,-2.9210808,4.0653124,2.22863,7.777993,8.22754,-6.0959487,2.3655193,-9.81245,-8.319038,11.974654,8.799554,-5.1575313,4.5087934,-9.015997,-9.361746,T cells
cell_112,14.588921,-7.071582,-8.556858,0.60041106,2.7503047,-1.128018,-8.387714,-3.6697986,4.091016,14.070837,-4.673358,-5.034456,7.7557845,-5.1025147,3.6334598,-4.304692,-0.100257605,10.877971,-1.7814268,8.763368,-0.5185518,7.534816,6.0121174,11.676772,6.2629,7.278165,0.49073458,3.262054,-1.3226916,6.8615685,-5.490194,7.6709633,T cells
cell_113,9.133033,0.57475823,-3.9412396,2.392452,3.183688,-1.9419867,-7.7110415,0.6701564,-8.4442215,10.687266,-1.2599988,-2.619014,5.0421395,-4.56359,-17.943228,-7.86225,-8.782224,0.45679694,-0.99457324,1.8807786,13.405072,0.37616074,-1.1285509,2.1081007,10.977646,-5.7126946,4.617365,-2.2181208,3.6219516,9.59227,-13.712173,2.2210763,T cells
cell_114,9.881605,2.1642864,3.2636054,6.0927715,-19.140165,-2.0322423,2.4855182,-5.253455,10.947121,8.05451,-2.4210463,6.814323,0.96547747,-2.8437781,-2.3718848,2.8576782,-6.53955,-1.7529876,1.9061086,8.007404,-3.8557959,7.2897124,-10.2622595,5.4330964,5.012602,0.6104059,4.341633,1.437083,4.520582,14.346737,-15.801981,5.5412474,T cells
cell_115,21.539597,-14.583813,-1.6726335,12.1103735,4.3245964,2.306152,8.589881,-2.2522392,1.6865447,6.570503,-2.6419206,6.57181,6.665305,-10.641673,19.78921,11.294669,4.4947305,-3.769895,-7.1870613,6.296361,3.660194,5.8433394,-5.4666634,5.793577,0.41880214,-2.7727358,-3.727123,7.5030513,-5.9913225,-4.492582,0.6182292,-6.601372,T cells
cell_116,9.498249,-3.4961476,1.9963082,1.5430095,-2.221772,-0.7581203,3.5803256,-8.410443,3.7923648,21.605734,-2.7947936,0.9090823,-2.8617823,-0.17884348,-2.010068,6.1644664,1.9325628,9.049221,-11.497733,1.795717,11.254599,1.7499373,-2.6371512,21.270853,-1.6099297,6.9986925,2.753574,-5.3841867,0.89053714,-1.4231362,-7.908846,-11.031997,T cells
cell_117,15.709188,0.22565222,7.3795567,12.865936,-5.6972227,7.4424624,-0.51175547,-1.5238298,-1.927807,4.119025,-1.1327556,10.09568,3.5891948,-0.17699867,2.3630633,9.992996,4.271971,-1.6163974,7.4426975,8.567661,-2.0386572,12.488623,5.7654276,-0.7920829,0.5574763,-1.3757104,6.5049124,6.6160636,3.9203124,5.5026517,-0.32428798,1.3251399,T cells
cell_118,16.884861,0.6449715,6.91543,8.58055,-1.3325336,-3.5250347,1.3926715,-1.85308,-4.6178284,5.9560466,-1.3091364,6.3914165,2.526257,-8.147713,4.8958683,8.102791,-11.889287,-3.5105906,-2.1461954,2.463394,2.1971211,5.041865,0.5174638,23.897678,-1.0844849,-1.7939429,1.2600878,9.569493,7.5842376,-6.791689,-0.06621668,-0.85734653,T cells
cell_119,11.157037,-3.2230537,6.994306,-0.31969327,4.73351,14.563018,-16.311954,6.8912406,-1.3162966,1.8784438,3.2065778,5.0516973,6.574073,-13.620283,-3.3530087,6.52201,8.723536,0.88375175,5.830729,2.0235095,-0.8832859,-0.9610633,-11.557383,4.7447147,1.866739,0.912892,3.4071007,0.3822863,-5.9334517,12.376022,1.2404431,5.146949,T cells
cell_120,4.02236,-0.85243154,-2.2556078,9.011493,-1.624202,5.4933267,-0.2561735,2.2323494,-0.23300634,13.288714,-1.604833,-5.8063483,8.200651,-6.913838,-5.992152,1.9910165,-6.803429,-0.05606746,5.759472,-8.522127,3.9285524,4.925806,-4.085766,2.492668,-13.501762,5.3635225,-1.3176093,6.664006,-7.070042,14.140529,3.235155,-2.8345933,T cells
cell_121,10.021627,-4.4242606,-3.4419155,9.439506,-4.6791635,5.9097385,3.673902,1.8124026,-1.8754709,1.7115737,4.875354,2.4894392,-1.0338787,-18.66821,4.9089694,3.1092713,-3.3749204,13.9137125,1.5616233,-4.584009,9.4046,10.915072,-3.053816,-9.738365,1.8667741,-3.4560914,11.226801,1.2424077,0.09475231,-0.37019384,-15.958483,-6.9254375,T cells
cell_122,15.4747095,3.6105552,2.5926178,4.173056,1.7902014,-6.1615176,-6.245677,0.31674254,1.6476096,10.113987,3.8639307,6.9836397,1.8826255,-2.423417,-13.313429,8.644915,-1.3137195,-4.1458488,7.788753,3.6642067,-0.22471783,5.9127016,-0.13616982,3.2517896,2.309326,7.9160285,1.4762602,-3.4402993,-5.142072,8.149025,-6.1995907,11.500467,T cells
cell_123,4.1914606,9.003069,-3.6404302,-0.15549731,-10.910804,6.2880416,-14.756303,11.340872,-0.5995068,0.17090082,-2.4116096,1.3433226,-1.2573915,-2.1957612,-10.458085,-7.0394654,-1.4415303,12.5690975,10.179905,-3.3522086,8.111917,7.8121414,-1.5004904,-1.5975295,-5.1906805,11.873154,-7.7797146,4.9582977,-6.418855,12.661266,-9.920668,3.5619462,T cells
cell_124,17.396036,11.319425,-1.9676408,-0.4046479,-8.949542,0.46636474,1.6285605,-9.672726,-1.7348799,8.558473,-2.3201814,4.501349,-3.8575718,-7.6445637,-15.349592,0.38068438,-4.0294366,-1.2614822,-3.4966335,-1.0388758,3.0760736,3.5270905,1.5455625,-3.2319596,9.753103,1.5688373,1.7063186,9.667881,-1.4099647,0.214907,-4.470027,3.5470593,T cells
cell_125,13.557124,9.8864975,-5.242349,13.25918,-0.61204356,1.9538846,2.185142,0.6789386,-2.558567,11.2299,-1.3190914,-1.1316731,-10.973376,-18.434464,8.323852,-3.1503072,-10.242532,0.57218456,0.3302676,9.368178,6.4810505,8.440635,-1.0685958,5.5973415,-0.9888478,-4.1041994,1.2930306,6.414736,1.0800899,-5.561974,-14.668091,4.78344,T cells
cell_126,14.139311,3.6194644,2.7134178,3.0254884,3.857697,-4.0097814,7.2971067,-6.969336,4.6289454,0.018951058,-12.513944,4.7618747,15.988284,-7.1155815,-4.1013308,6.6531506,-1.1228187,-10.499265,-3.8368726,6.7940965,-10.9623165,6.419707,-1.3786477,7.375045,7.9178805,4.681022,0.44926667,9.907446,-0.69142723,12.3222685,-9.717778,-4.002909,T cells
cell_127,3.791905,1.4207428,-5.9680533,5.335204,9.1636305,2.423653,-10.554936,-2.00923,-5.243141,-5.7687097,-2.5631442,8.90139,9.09326,-11.159627,-14.466568,-0.4922503,-9.516187,1.1505861,9.663468,-4.575391,-2.5101666,1.4417498,-8.911976,-2.2704475,10.409901,4.89058,-7.5736094,6.4689755,-7.077663,13.1579485,-2.4798164,-7.1370554,T cells
cell_128,-0.07442093,-1.4662952,2.9013314,2.7629862,-3.5050905,-9.615001,2.8026643,11.658713,-4.8122373,8.1596365,-11.654818,7.3072867,1.13988,-19.953417,2.9482765,8.184538,-6.009317,3.42127,-7.310586,1.4238554,7.152221,5.448274,-3.0558991,8.22709,-4.32504,9.669967,-4.835614,8.919377,-9.942112,10.276405,-12.381371,-6.742986,T cells
cell_129,6.4868054,1.0233116,-4.7400813,1.3668143,4.5333605,5.0844903,-4.178019,-2.5665758,4.8620524,7.493476,-6.70245,-4.165971,5.3830237,5.0528483,-21.964218,-4.6476912,-3.9993153,-0.19774055,-6.895833,-1.3015201,-1.5713581,-0.52210486,-10.712462,-3.1578257,8.3944025,18.527594,-6.48019,2.1093602,-1.4530982,13.192527,-10.226433,6.2094927,T cells
cell_130,11.155562,-9.246246,-0.6262448,10.032317,9.740335,5.5792646,-6.707955,-4.855773,5.358166,7.5483723,0.012731016,-6.141518,4.3944077,-1.621204,-2.5262299,4.1439714,4.73188,4.73071,0.97032213,3.795467,-3.4623396,13.4733515,-9.266672,-5.6286297,-5.0902457,7.9431906,-2.2782917,3.5798075,1.3470535,6.181468,-11.839762,-5.754534,T cells
cell_131,5.586125,18.682192,5.1469154,10.430826,-0.878953,-6.171774,0.6349689,-3.45624,3.343898,6.6333337,-5.400378,10.608703,-0.07625675,-3.500176,-1.2551254,7.1577263,-4.5715013,-3.0344636,8.539529,5.0256157,3.437401,0.28168672,6.3848033,25.923246,12.561048,3.426071,3.2484818,1.1781652,0.4230888,12.753068,-0.9239324,-0.25690472,T cells
cell_132,7.936719,3.100389,2.6993701,9.458572,2.2862837,2.568589,-4.269216,-9.546552,2.8896086,-1.1387279,0.37471557,1.7360919,3.178979,-8.8698845,-8.145422,11.358033,-2.4790757,6.614414,1.846912,-2.4098697,5.3024993,2.0841942,9.168424,-12.562477,6.8022385,-1.2859831,0.46554792,5.3860955,4.6535397,16.862907,-11.849353,-11.185734,T cells
cell_133,22.635561,10.795965,-0.6727518,-0.23360014,-3.0376167,1.1926482,-0.8174393,-9.440085,6.5763474,-1.7024565,-0.9781146,15.5618725,6.3027935,-4.767245,-3.7826347,10.457348,-6.114633,-3.137898,6.556214,9.017548,9.796691,-0.594106,6.1095552,13.767178,8.651991,-5.276455,12.017478,10.469656,-5.7225647,-2.6076965,14.508375,-2.5045137,T cells
cell_134,20.0253,4.1788783,-4.02203,5.3710084,-8.535567,7.3823967,-2.0157614,3.1108837,11.124815,-11.171818,-1.1203368,0.46239507,11.909523,-7.733734,2.7541254,1.7274749,16.918303,-8.328024,12.5013,5.1011405,4.939453,7.3308177,-1.7317288,-0.8442359,14.896311,4.723794,7.560692,-0.7369807,3.6552444,1.7307677,-3.2857869,4.796174,T cells
cell_135,17.672071,-0.47278738,-0.40420604,17.421038,-2.0171802,15.256059,1.5877421,-13.95027,-3.5289304,0.92625666,7.828585,5.267576,6.2053065,7.603695,-1.1867359,3.0190217,-3.776674,-12.019198,-5.27182,-0.70681024,8.054763,6.5259304,3.1382086,0.03312254,11.376709,1.727805,6.3572893,-4.5638514,7.19596,2.450622,-20.796988,-5.9446864,T cells
cell_136,13.058809,7.0011315,-5.202326,7.319688,-4.316171,-0.99492073,6.2823453,-16.419474,3.0384653,4.374634,0.20199108,4.261912,8.393708,7.1825953,-1.8208997,16.160202,-5.578985,13.701829,-5.4481153,15.275657,7.242561,6.0745444,11.408566,2.1922286,17.631662,-6.659895,10.7787075,-13.017796,-5.057148,-11.269119,-3.8179386,-6.3031054,T cells
cell_137,-3.0214875,-4.0216146,-12.146829,8.55908,3.506507,-0.44964063,7.423047,3.0759833,8.018375,0.8349638,-11.1149845,3.660719,5.8326597,-16.888926,-11.992858,0.33976746,-1.0127039,-5.051164,-15.167383,2.3590727,4.0092406,2.1195464,-13.730959,3.3180695,14.577437,12.111102,-3.9689946,-8.14817,-5.186372,6.127406,-6.1471624,-14.8522,T cells
cell_138,11.432489,-3.3940115,6.956281,6.9561615,-16.167967,-0.5818534,6.539836,0.65909624,3.4080806,-0.63670886,-4.9300003,-3.6864734,-2.0696201,0.14482425,3.9780521,7.3899136,7.829822,-0.015083671,0.77751184,2.251092,12.839623,15.482517,-2.498354,6.899222,-0.6261904,9.176869,10.754859,-5.233356,4.1636047,-6.4353304,-15.290219,3.832802,T cells
cell_139,12.558431,-3.3041031,-8.190313,5.555098,4.526754,1.8094453,-4.2737827,1.2009993,-1.0169547,13.329899,-2.0091457,-0.6734682,0.4257813,-11.846693,-5.7829437,7.4183617,3.8450751,6.5046167,8.51597,4.6891804,12.743595,17.080479,-1.9651768,5.902359,0.64005226,-12.055007,7.2246723,-8.201878,-4.6225586,-1.7457721,-0.9691853,-5.7203474,T cells
cell_140,18.32001,-0.4911421,0.37395108,1.0144072,-1.1844224,-4.484934,-11.882078,-6.27204,-4.5275545,3.788797,4.207601,1.6612027,3.2950535,-6.6977816,-4.499051,-4.085079,-1.8900261,0.61616385,2.4157147,-3.8455503,2.6875982,3.9567883,-12.688038,3.7052388,-1.7480204,5.07756,6.8091927,11.840609,-5.9002705,5.6528306,1.4868582,-2.2412407,T cells
cell_141,10.736814,5.0441804,-6.0247235,8.729619,11.412121,12.703828,-9.458642,0.67966396,-6.459954,12.066841,-0.66481906,-12.851127,1.7142658,-3.448061,4.5264506,0.5000404,-12.06646,4.7295566,8.868548,-9.513229,5.656089,4.4072723,-3.6493068,-11.077317,3.3336692,3.9931517,-0.6891327,-2.311791,-5.98759,2.9052746,0.21164554,1.4136297,T cells
cell_142,8.717982,5.2610235,3.8865433,2.299591,-2.5063658,14.238073,-3.8573036,-4.513807,3.9591355,9.086421,-3.4853091,-5.7504997,4.690646,-3.6112204,-10.793746,0.1827991,-4.5199847,1.7347815,-2.4071074,3.0508487,8.424993,11.025243,-10.769865,5.2037315,8.939562,7.009589,0.48995882,-11.491239,2.8458652,4.917199,-5.2466917,4.817608,T cells
cell_143,3.6426291,3.1148863,6.609401,21.922821,-5.5648937,4.1205325,-2.8256285,13.7467375,-0.04202175,0.58601034,-6.255441,-0.69546723,8.082456,-8.148065,-0.90418863,0.43550253,-2.5854197,3.4978309,9.040302,3.0885956,17.174988,2.0380716,-2.4965365,-11.539273,8.716197,-0.093043864,5.2049336,6.6049523,-0.2636174,10.251872,-2.5417912,0.678198,T cells
cell_144,21.917475,7.4385185,2.119446,9.440255,4.482833,-0.6346199,-3.9662108,3.5583515,-1.411045,6.6676416,4.8457937,-0.70586574,-3.5937326,-6.172707,-6.661971,-1.6546279,-2.8673096,-5.272347,15.51168,-3.3304927,10.905743,-0.29870754,8.070268,-9.913801,6.359215,-0.50062746,5.463149,-0.6148629,0.78255767,10.897514,10.205865,-3.7784777,T cells
cell_145,13.6326885,7.2150903,0.53664714,10.910547,3.8219833,4.458232,0.24090694,-11.419369,-4.059621,9.376221,-5.926292,-2.9508345,-3.0200133,-1.7364185,-0.48638517,-0.82136863,-2.5674167,4.943933,2.0624459,-3.619531,11.812642,0.41647062,-4.9023046,3.8831604,7.89227,0.85309184,-8.601138,-5.893425,1.8047493,10.614252,-10.420997,10.033839,T cells
cell_146,14.778149,5.308726,-2.6597495,3.7645984,8.157189,11.260574,-6.202701,-6.1941013,-3.8991728,-0.9954214,1.8597217,-6.838739,-10.206603,-12.882945,-6.693034,3.0284717,8.505637,-4.626879,-1.2221712,1.5319116,-6.5006795,13.735848,-3.3988097,-1.7212306,1.1346232,11.290658,-4.562678,11.879265,5.1267676,7.576588,-8.873881,7.4648585,T cells
cell_147,22.076803,8.415346,1.6094472,4.2442846,-0.53192663,5.35042,-1.0283732,-6.200831,-5.656272,12.055124,-0.54792345,-0.42930406,-0.97082984,-12.855953,-0.42789584,-3.3078382,-10.759978,4.654275,-14.929104,5.410279,3.6170545,3.544853,6.910681,1.3124993,-11.97096,-6.80105,1.9335434,8.72483,4.3265576,8.188976,-3.128794,-3.823063,T cells
cell_148,8.197301,15.655957,3.0269198,9.991397,-8.804859,9.724404,-0.27523625,1.2628467,13.261818,10.515035,-12.2108345,-12.069923,-7.6872535,-6.8968167,3.614972,12.672436,-9.433883,-18.071207,7.005641,-7.218215,8.806315,-0.89425343,0.17533755,17.424763,9.491768,1.9362338,9.817605,-1.9670045,-9.59389,-6.7977843,-6.4811735,2.2519295,T cells
cell_149,9.676427,7.59879,-0.58344525,11.619518,1.7246286,-1.9838407,-6.012142,5.046253,-4.5651884,14.656919,10.490966,7.242584,8.062025,-0.24488765,3.6667414,-2.8605142,-2.4425802,3.680553,6.223002,0.96613556,3.958734,9.542281,1.203474,-1.9552116,11.507456,11.793357,6.6019793,-2.4017563,-2.839354,10.5005,0.25337315,14.883044,T cells
cell_150,12.647804,4.573243,-4.59949,1.6242702,-5.1537876,-0.29160488,-5.7363777,-9.939013,4.011366,-2.7372718,-0.3328154,-4.7907014,-7.029192,-13.133639,-7.706476,4.4087763,-5.1864867,0.36465317,-4.903983,8.013619,8.259968,2.5347924,-10.349927,8.836569,7.068391,-0.94254905,1.3233521,7.1307564,15.020428,3.9524395,-6.9201856,-7.884231,T cells
cell_151,20.501968,-3.600903,0.8017726,2.9842231,3.4216099,3.2085176,-23.280918,-10.277947,-1.4054446,6.310997,-4.377273,-0.3029077,-13.202711,-3.4231231,-8.393928,-5.388209,-4.5087047,19.648422,8.015482,-4.917364,-0.86860085,3.0016713,-9.121992,-5.8648787,0.6483828,10.883444,-9.01,-1.2571822,-2.4399054,-1.7690849,5.783521,10.948444,T cells
cell_152,11.654771,10.80572,2.34755,10.792068,-5.9947543,-4.8252616,-6.8872757,-3.124637,-6.6218696,-1.9258769,1.3053863,4.332953,2.325705,-9.241973,-0.78777707,-7.17164,-4.761152,12.127552,5.625946,-5.1382675,9.80105,3.24214,-1.7413074,-5.252267,-2.858483,-1.1345996,-3.5115597,-1.7757537,-6.4826055,6.231902,-11.250427,0.45076376,T cells
cell_153,10.04422,4.734349,-0.27500397,16.661762,-6.8900714,9.680842,11.6945915,-11.381278,2.666311,13.380345,-9.466211,-8.165469,5.8027563,-11.664865,3.048389,-5.9431696,-16.347466,10.456929,-12.239126,-9.171336,11.840179,11.762877,-6.139502,-0.2209512,2.3986297,3.1778448,0.7821348,-1.5427548,-11.645074,-13.056758,-1.2045257,-4.214494,T cells
cell_154,15.078391,-2.6168308,-0.8026869,4.3703504,-9.607489,1.4037666,2.7037387,0.22882748,-8.686028,0.97945917,-8.055228,-2.045005,7.516066,-8.443715,2.8140984,9.162827,-12.482592,1.7703929,-3.7746978,3.6058605,17.84473,0.07622157,1.73702,4.9546857,15.518705,10.937831,-2.097464,-2.8200457,0.0445261,4.235598,-10.017567,3.8251061,T cells
cell_155,7.6076736,6.65595,-5.040351,16.378712,-0.3779577,7.028952,6.7500668,5.1558514,-7.3274918,-3.1117067,0.4737122,-5.8093185,-0.97993004,-7.6764693,4.8549128,1.44447,-8.682873,-4.787207,-3.7638865,-8.513712,3.5476332,16.679832,-8.763263,3.754398,2.4122787,9.544991,10.888153,1.8441981,5.256819,-1.4801354,-5.058206,-13.914182,T cells
cell_156,4.1051273,11.767067,-5.167276,11.202298,-2.1538658,-4.6533175,-12.072925,-3.0082073,-1.829068,9.385412,1.3161232,4.335264,3.0841253,-4.7072825,-4.765383,0.90751976,-5.1322765,4.0234013,-6.867289,11.235787,4.4736686,14.559276,-10.90772,3.1733005,6.18871,4.876116,10.819882,-0.55476236,-0.31373262,5.1300592,1.16627,-11.540209,T cells
cell_157,12.965977,16.147854,3.7682326,8.908236,-9.104679,-3.6910086,-10.45293,9.017821,-8.632429,3.2779474,3.4564147,0.15645057,6.1864405,-8.995878,-3.5386398,0.41879684,-5.7880464,-2.1344256,-11.751973,0.34511477,-3.8475413,2.43021,-4.3937917,-1.492099,-9.614746,8.20642,-0.48593062,2.8845534,-3.9029822,7.0034986,-11.116269,3.3951366,T cells
cell_158,28.98008,10.89114,12.934204,2.661901,-3.0317898,6.461196,15.750483,-10.136425,11.566586,-7.0949674,-5.616678,-7.977693,3.3338265,-6.878222,10.14536,11.236866,-5.689792,-5.8853455,1.4071776,2.2999449,5.6192913,5.973727,4.011849,9.599567,8.507641,-1.1012846,1.618401,-1.0666544,5.416317,4.0440903,-2.3315787,-0.07195616,T cells
cell_159,15.141101,-0.34086907,-2.7657893,4.635716,-0.82934046,16.591158,-5.3293366,-6.3840475,8.3551445,11.042207,-2.4499617,7.7512126,2.9982026,9.483941,-1.6334312,11.331225,6.8072586,-4.726934,-4.843746,9.804274,7.783003,4.096125,4.475313,17.06914,20.171387,19.67562,1.9104873,-6.008151,-1.3608477,6.528218,6.463391,-0.08045936,T cells
cell_160,9.695729,10.767438,0.9355337,2.8416233,4.840344,-5.809313,12.382898,4.0721927,-0.9958627,5.943885,13.528724,-6.6511674,-0.6675564,-14.074181,0.69909436,0.46843606,-4.65135,-3.4185896,-1.1490223,7.1491323,1.2511084,0.97454107,8.173547,-6.744385,-2.017427,-9.368304,8.15679,1.6492782,-13.351247,-13.828403,8.024243,-15.206323,B cells
cell_161,14.597307,-2.1287827,5.2510366,-1.8421267,3.5587332,8.450894,-7.63909,8.155171,-2.416726,-8.004154,9.896598,-2.497796,9.171391,-3.137327,-9.204165,-5.466962,-7.7003765,1.0255041,-0.46358716,-8.553682,-3.0612962,-13.780219,10.640143,-13.119239,-6.15772,11.381352,-6.673035,-1.2662089,-5.194602,2.1858854,3.130316,9.423453,B cells
cell_162,1.9928815,9.179917,-1.3102057,-0.7169062,-1.8116949,6.462758,-10.986625,2.6511014,-8.318786,-7.061581,0.84234226,-8.537192,-6.5088277,2.1689796,-8.145446,-11.324977,-10.626835,-2.749477,0.6214103,-11.499288,1.40183,-0.88188076,8.642375,-6.361826,-6.738198,5.8822594,1.6027672,4.607866,3.0015745,-10.96728,-7.3215637,-1.5992862,B cells
cell_163,1.835802,3.7807777,-5.134527,-7.2875514,-9.050906,-4.9216094,-1.1842026,5.707353,-4.42271,-1.2614295,11.123846,-1.737682,-4.688735,-5.6012096,-1.6486131,-7.391651,-12.223794,-4.933873,1.3574694,-2.7604992,1.6891575,-7.8289323,4.0592403,-9.118945,8.286119,3.7990832,5.5677156,-0.74409497,4.6993604,-12.785736,-4.0560436,-4.8953667,B cells
cell_164,-3.6633062,-17.085464,-1.6486073,-0.49243736,11.835842,8.524972,8.078133,-9.08952,-7.6714306,-4.477768,10.820966,-10.771767,-7.2669344,0.44765237,-9.452216,3.9634626,-0.0611272,-7.2150908,-0.59524465,13.219759,6.018565,-0.7406863,12.535223,-11.837165,-7.527861,2.9949515,-3.822588,3.2889383,-0.49720013,-15.287052,-8.505842,-3.9385827,B cells
cell_165,1.8259281,-9.283195,6.851226,-4.5596743,5.7839656,-11.883252,-3.6215687,-1.3973413,2.6120913,-13.901747,15.568191,-2.6485393,-4.765412,1.0308826,-3.4124029,-5.925018,-2.3389673,-5.709077,6.9822226,0.031817734,7.5741167,-2.1379008,5.2595153,-6.52134,-5.169207,8.556493,-0.5714865,-0.62271774,3.0988586,-1.0402967,-4.1324463,12.173066,B cells
cell_166,-2.2221024,5.151982,4.0438414,-1.914984,-7.3543844,-14.275661,7.8371344,-2.5155666,-1.2653921,-1.4886849,13.501612,-8.411928,9.509527,10.962745,-2.3269339,1.4735137,-13.480482,-1.0719216,3.6879208,-11.895053,10.864842,-0.65011513,6.115156,0.8147112,15.848282,-5.8505354,2.3250825,12.03992,-8.375271,-5.590759,-4.335266,-9.19165,B cells
cell_167,8.5849905,2.5272207,-8.479283,-8.364715,0.25654018,-1.484335,-0.34198266,-3.2308583,-8.959067,-5.8672824,12.672911,-9.47989,2.8141346,-1.0551184,4.7850046,-9.145476,-13.470143,-0.61732024,-5.8733344,-2.3375335,-0.027245581,-5.1681175,-1.1093637,1.4439123,-3.9310396,4.8838687,-4.27727,4.4875855,1.6470283,-5.096403,-5.4780927,-6.066545,B cells
cell_168,6.439065,2.683564,4.4215255,-1.4935327,9.090306,-4.265955,10.731156,-1.9931502,-4.149991,0.20774782,9.977411,-3.4540658,-9.523783,3.652645,2.131404,-13.977047,-3.5011404,-2.7868047,6.8759856,11.724219,3.6273913,-9.924274,6.5139766,1.1825478,7.7566338,0.0007609725,3.836445,11.681978,7.001747,-10.249712,-4.316211,2.609325,B cells
cell_169,3.821838,6.109637,9.809153,3.8532207,-10.51981,0.55729824,-11.875287,5.1482916,-2.2301345,-7.8417597,5.016362,3.8854995,-2.5946555,-7.053172,-0.65103555,-7.177336,-6.4763203,5.308438,4.403988,-17.868427,3.399323,-10.958604,-4.7333965,-18.160788,-5.21317,3.6651263,-7.706214,1.257855,-10.755703,-6.9758124,2.9644065,-0.57742876,B cells
cell_170,-7.2216244,-6.491691,-5.628746,0.7468699,7.0836954,3.6141477,-3.240552,1.2189289,-9.852667,1.8869187,4.4644356,-15.224589,2.5402524,-3.3010416,-1.9057113,-10.060837,2.9300456,-16.17797,-7.070096,-1.7643744,-3.789259,-13.227421,16.94829,-2.108883,-2.11127,9.717311,1.0769736,1.7709842,4.8268185,0.03565529,-4.615779,3.5649433,B cells
cell_171,14.281605,4.166189,11.851523,-7.0123034,5.4880037,-8.38026,9.864831,-8.778746,-2.9792426,-3.44485,6.9539394,-0.10594857,13.110219,-6.1346006,2.3747687,-5.321438,-6.764998,-4.8426876,2.6344752,-9.453315,-2.3904135,-6.5260887,1.9399395,0.27395535,12.0634985,-1.4996572,-0.31064767,3.0142593,-13.071231,-9.973392,3.432743,2.78973,B cells
cell_172,-5.424813,2.6082304,10.527983,1.7958943,-0.77939874,-1.7084472,10.403006,7.2116346,-4.0276384,8.329998,1.7186478,-10.299742,7.6566334,5.603848,-2.2746139,-5.659881,0.97111726,-5.8525944,-1.8808382,8.568393,5.4494796,-10.331159,-9.337594,4.270686,5.084438,2.057547,8.240675,13.344993,-9.769522,-19.716156,-9.723626,-0.31082517,B cells
cell_173,2.0138211,4.726041,5.46432,-3.3523579,4.4975433,-2.9905107,8.038291,-4.3400726,-1.438831,-0.85951996,2.4605868,-5.7128706,-0.18129635,1.7269719,0.6509582,-10.152098,-6.9185467,-0.9416571,-1.4041933,-3.288807,-4.1899757,-14.793535,-5.642593,-0.8514585,-2.9224672,-5.1998777,0.1531353,-3.8029597,-2.6252396,-11.105088,-7.324056,-2.836162,B cells
cell_174,2.265103,7.698582,13.029624,1.7416364,-5.327975,0.058550835,17.251387,5.422294,-5.80604,-2.0748737,8.52505,-16.994898,-6.258531,-6.237584,15.091346,-7.483206,-6.664892,-5.487368,-2.1337507,-1.2798988,1.5091217,-3.805024,7.6931286,8.302703,-2.5221,-5.835851,-4.929061,-2.452665,-4.2460103,-10.722774,-7.8402624,4.0677886,B cells
cell_175,-2.3446403,-2.631366,8.35204,-6.1591935,6.953449,-7.8082175,-3.3876536,-4.432398,-1.6705227,-0.56444633,-0.9292897,-4.257749,-6.756447,3.7083962,-10.689566,-2.3639758,-1.8989885,5.618414,1.6049029,1.9434698,4.927577,-13.122618,2.3407185,-4.319036,-9.420025,-0.56477493,-2.310441,-1.70418,-2.677366,-6.52188,0.6470642,2.7950182,B cells
cell_176,5.513114,5.9268374,11.396354,3.132612,-1.4321628,-6.1556587,-9.901232,-1.1447108,2.076242,-7.3999496,-5.7072215,-2.82258,4.114768,2.0273476,-2.8897157,-7.2024946,-13.520982,-5.937797,8.136302,-5.080587,4.1799436,-14.175579,5.1999087,0.5735394,-6.3628945,-14.016422,3.5017023,0.9651286,-7.0689507,-7.6259675,6.687549,-3.0745428,B cells
cell_177,5.9921074,2.8121092,1.8428047,-10.612159,-11.480993,1.9456356,-5.824996,-4.70712,2.028907,-8.380839,10.735034,-11.545951,7.078421,9.560816,2.8362365,-6.738797,-9.6364355,-12.48764,-11.270785,-6.5813246,3.3623672,2.012047,5.1178513,-1.5006309,-6.3284574,-1.8109463,10.037351,7.523462,-9.895049,-8.201262,-1.9930221,2.89406,B cells
cell_178,7.6465807,0.43819034,8.496858,4.16389,-1.4755869,-0.479029,-1.1079116,-2.6133912,-9.624291,-0.7090234,7.486659,-9.709354,-1.9342787,-8.403524,0.9180378,1.5660459,-10.962247,2.6823137,-1.0134543,-8.399428,-1.9632537,-5.552301,-6.270779,2.9773738,1.0438211,3.5576096,-5.053568,-1.9657795,-7.577184,-15.912358,-7.5825744,-2.863627,B cells
cell_179,2.9431708,-2.5829167,-0.44789204,-10.374979,8.576527,-8.633636,13.904783,5.858664,-7.957829,-4.902058,2.698906,-7.091283,-11.319388,-1.9232626,-7.0498314,1.8367308,7.313751,-9.491441,0.91310364,-3.0801535,0.8061813,-13.453708,14.109005,-6.514256,5.747348,6.4098763,-2.517066,-3.1681185,7.6230702,-7.996497,6.7636595,-0.14816892,B cells
cell_180,-4.79687,-9.562557,3.6796513,-7.8480225,-4.8904424,-2.4758618,3.955731,-0.84658504,-0.8200641,0.45149344,12.776313,-14.896014,-2.5347245,2.4494493,10.357834,-6.8971972,-10.939758,-2.41103,-1.3187608,0.43651932,5.270824,-10.272838,6.9698553,0.58526546,5.0037584,-1.6386291,-1.3944094,4.6876574,-5.0616117,-7.7872705,5.6502833,4.1763825,B cells
cell_181,-0.98614895,-2.7743285,-1.5538626,-7.864073,-1.7421421,-2.584122,3.699357,2.1084251,-1.4535778,-5.331864,7.1980495,-8.005068,4.143546,-3.016087,-2.8521252,0.589929,-5.7363014,-5.907956,1.7817363,-6.590654,-6.129918,-3.8825233,0.3479134,-8.78665,-4.8180285,-4.4482064,2.7593427,2.0145502,-2.745748,-6.508718,7.6805596,-7.051443,B cells
cell_182,4.87344,6.6667266,-4.104467,-11.114242,3.7332838,-5.0681725,-7.096902,-0.14132303,-7.747865,-15.101613,0.51374507,-8.825047,-9.7642355,2.3183885,-5.3335123,-4.9379463,-8.605277,6.4792657,-0.14649658,-15.339955,-7.747012,2.3249826,-5.648949,-18.944672,-14.337839,10.130954,1.0423529,7.570476,10.697354,-4.926946,3.953941,4.135016,B cells
cell_183,-4.2786274,3.8814,4.588747,-0.43771452,3.1110616,-7.6410913,2.181132,3.4658818,-4.03874,-4.618275,4.8735185,-3.4431167,-2.7642705,-4.8033233,2.1356738,-5.432844,-7.13381,3.6234705,10.530125,-3.4669447,7.3457007,-10.742704,4.750987,-7.7806168,-4.6253023,1.0406927,-3.0812464,0.07024795,-6.7167516,-0.59796196,-8.623416,-3.3876128,B cells
cell_184,6.9970784,-5.381867,10.870672,-6.362325,1.2232671,-6.5832515,0.9682822,14.838485,-8.259206,4.106015,4.473047,-10.310895,-7.895536,-2.3332515,5.3221607,6.978641,5.0536814,-3.4311898,-5.378902,9.707331,4.36913,-9.438009,-2.5187428,1.9522119,-8.817295,3.058162,-0.13770732,3.6153464,-9.297188,-10.33161,-2.1935747,2.534649,B cells
cell_185,12.967795,-6.274627,-1.9386317,-5.034017,4.415395,0.16074689,2.22786,-2.0051265,0.6705719,-13.186236,18.196497,-13.696108,-7.272238,-12.388228,4.4286184,-11.427967,0.21370517,-11.924497,1.0862997,8.261254,6.630642,-4.105482,-10.233391,8.1626625,3.7087762,-0.93508065,-5.122608,9.193996,-2.3847036,-11.571248,-2.3742578,-3.7777667,B cells
cell_186,4.523835,8.585929,0.33019477,12.048428,5.4552126,-8.048983,-2.3417454,2.864614,-0.5774947,-2.868982,6.6821675,-9.484799,-7.5202374,8.34606,-6.2860513,-2.2162743,-5.5898013,-17.574804,-1.3886365,6.2188907,-0.4187752,-8.709616,0.40059835,2.4118655,-2.773129,1.9442399,3.3917222,-4.2401247,-4.6345634,-15.580328,-5.507833,13.407626,B cells
cell_187,11.203084,-2.803245,7.4226737,-0.9737613,0.89892995,-7.3605537,3.5773263,8.065293,-1.1230992,-10.11098,6.7975316,-5.563622,1.118542,-7.940528,-0.7084299,-9.907073,-0.23632613,-6.2286425,-5.3831773,-3.2686272,-2.2178102,-11.879479,-5.3796005,-11.188106,-2.4702733,3.154512,2.6098943,5.9678946,-2.81709,-2.0793118,6.6187463,-2.608686,B cells
cell_188,-3.3687794,-8.099735,3.7390223,-10.575618,-2.5949945,-1.7360228,-4.7864094,0.3809899,-4.170551,-12.662662,9.880043,0.9649143,-2.1178439,-0.8164938,-0.46939003,-3.0476463,3.2458463,-0.75643563,4.2890635,-4.7427177,-2.2588706,-12.837966,7.29297,1.176126,0.6572493,3.9516718,-4.4158287,-6.732531,-1.9824879,-5.236094,-4.809657,-2.640972,B cells
cell_189,-0.28872025,-4.1018305,1.3690605,-7.4474587,-9.599953,10.4466505,-0.60667634,4.4658546,-1.8592286,-14.833203,14.674938,-3.1745276,-1.8708446,-4.527307,5.178301,-3.1682532,1.6514717,-18.267282,-6.53368,-2.7063246,11.74247,-7.2786994,12.624278,6.4935536,-0.3729194,-2.7368326,-4.677044,4.442232,-9.878868,-6.95094,0.24864116,-14.276384,B cells
cell_190,-4.024735,-11.923689,4.1499963,1.7892196,0.7268642,-5.1622443,4.311597,-1.5358839,0.050198033,-0.22412667,7.278989,-0.7740545,0.5697527,-5.062839,2.6452177,-9.119918,-1.7834617,-8.517598,0.7936626,-12.946155,6.7397394,-11.356114,3.1334264,2.892488,6.1022277,-4.969545,-2.7100239,4.377373,-9.876762,-8.170536,-1.0155348,4.883163,B cells
cell_191,-1.8928847,-5.788992,-1.6256778,-2.6878505,1.5643747,-2.5753012,-5.8261914,-3.719705,0.3222823,-2.645236,3.1101286,-7.1851006,-1.3798237,8.8214,-8.504204,-5.640439,1.2859241,-4.12801,-2.1341808,-12.089866,-5.0949917,-12.589379,-0.9600227,-6.163019,3.7670312,9.601748,3.999053,4.257331,-5.827757,-10.295022,-4.9259605,0.0022413135,B cells
cell_192,10.526953,5.594724,4.772394,-6.2863445,2.6302872,-15.122006,-0.36946994,8.179677,-7.3569546,-3.8634436,4.2190647,-8.050115,-7.294607,0.6412962,-0.7595865,-7.057725,-2.548653,3.1580954,6.7739143,3.465988,2.3196454,-0.83450353,-2.8577564,-0.9635898,1.3254435,7.53974,8.583723,-4.671744,6.329478,-14.668031,-1.6526055,-1.9683923,B cells
cell_193,-0.6870934,4.127196,9.778835,-3.4400916,-0.063480005,-14.3550625,-3.426363,0.11879249,-10.442105,-4.995658,-4.691777,-12.264493,-1.5516462,7.270825,-11.874496,-2.989367,-0.029130377,-3.2763085,0.89198375,3.112312,10.065027,-6.818974,2.342006,0.37103575,-1.9720478,-0.28777918,-4.905786,5.3517313,-1.0500394,-0.8913368,-9.239208,0.059478134,B cells
cell_194,0.8166194,5.5640507,-5.8134756,2.8339462,0.51413745,2.6679552,-5.109988,7.782868,-10.434101,-4.4918804,8.168121,-0.72777164,2.515364,-2.2416217,-2.1758025,8.807775,-4.3774724,-13.199871,10.392953,-6.3647346,8.694274,-9.064317,7.1279497,-3.2906258,-5.585952,6.7489295,0.06570107,0.009560019,-17.34593,-9.42064,6.0426984,-3.7629237,B cells
cell_195,9.742653,-12.504567,17.204666,-6.9126573,-6.139331,-7.3435984,-8.014902,7.0657516,-5.6471195,-5.1553226,0.4883716,0.67055976,2.7367897,-0.8575152,-3.7277021,4.2578297,-0.6285279,-9.302978,-3.428188,3.6667464,1.6955795,-8.483973,-0.3813452,1.4939041,-10.638292,4.508175,-0.6002114,8.156967,-7.7508826,-11.599091,3.2960749,5.989942,B cells
cell_196,1.9256874,-0.45168525,-2.5966263,-1.1775295,11.871521,-8.393826,12.995556,-1.4579898,3.5633116,-4.6814227,-0.5410608,-11.0279255,0.8173286,15.921291,-8.562245,9.510305,-11.527871,-15.901893,0.08573085,-2.78082,5.0619917,5.952712,18.680645,4.2477865,-9.422384,-1.0125318,11.710813,8.6807575,-8.029701,-13.014447,-11.823347,3.1575217,B cells
cell_197,-5.5368347,5.3649263,5.3535743,1.4699221,2.9781249,-8.1166315,-1.4905024,-0.20989102,-10.559893,-9.814083,-5.028118,-3.6211247,-1.3326542,-2.3566034,-0.9145319,-15.980293,-9.373106,6.043834,3.0008125,-2.3221748,4.3754516,-12.348255,0.75158286,8.645471,1.2892681,2.8321629,0.74322796,7.906865,-3.4585013,-0.09132253,-5.665256,-2.2435606,B cells
cell_198,6.0513206,-0.44035548,9.567554,-9.732489,11.982832,7.9313335,-3.799211,-3.1496394,-5.941845,-6.9132047,7.7611494,3.424288,-2.0083845,-14.628806,-7.6219525,-11.17916,-3.2075574,-0.08736527,3.0276916,-0.5423229,10.092184,-11.791465,-4.397629,-12.564013,11.199182,9.016994,-1.9538732,5.7963786,-11.210497,-5.619182,-8.031667,0.061440244,B cells
cell_199,2.4748373,-3.9162462,-1.1696949,-9.985291,-0.4401393,-1.1668278,19.682253,0.056693196,12.098636,-13.271746,10.703195,-0.5156336,12.610614,4.3476524,14.000551,1.2893379,-12.833355,-3.6670878,4.780161,11.530041,-1.6218095,-0.33538914,15.009006,-2.807891,-1.3880847,-4.943251,6.352268,-6.366378,-10.361411,-6.188634,-14.5252075,4.7770734,B cells
cell_200,1.3152025,4.329966,5.3426647,-11.153236,4.910362,-3.7576795,-1.0567715,-5.1227365,-7.5660396,-9.672096,7.8424797,-1.9377518,-7.665948,-9.453418,-9.819816,-3.5226543,-4.220186,0.73029184,11.335121,5.950779,-0.2838391,-8.336834,16.995853,2.774168,-4.3302794,1.9271634,-2.832347,2.0421596,0.32711956,0.44685227,1.3549082,-3.9553585,B cells
cell_201,-11.713587,-2.2315476,-9.838899,-3.274453,1.9008316,-4.413954,4.6151,-4.8295608,-5.44101,-5.152019,14.609611,-9.768071,-10.312578,3.872829,-5.0225196,-4.3003044,-8.694957,-10.422539,-10.1949835,-7.404302,-8.7795315,-1.4550434,17.847654,6.5734673,10.080101,0.60381293,-2.2074811,-5.4142404,2.5573816,-15.368363,-14.457095,2.074717,B cells
cell_202,3.0257888,7.8820896,-4.667941,-1.5429139,-11.075016,-6.140039,0.74334264,10.990758,-7.74065,-3.7275455,5.7542553,-3.3185773,7.7143493,-6.3086004,4.0993724,-1.256222,-16.791245,-9.484494,7.3776245,-9.616134,-1.9107255,-11.706992,15.749619,2.3410616,7.9391375,6.8034387,3.9449198,8.654487,6.250891,-5.4867506,-4.916621,4.288326,B cells
cell_203,-10.218154,2.252196,4.9694314,9.662041,-2.1345658,-12.010867,7.1522617,7.047681,-5.022914,3.1543355,7.698749,-5.7576976,-0.3270461,1.8197715,1.8170328,-13.297915,-7.8858213,-8.636793,-8.027035,4.261565,2.5559351,-14.535493,10.853923,4.626003,-6.3164306,-17.911743,0.6281213,9.264896,3.7705743,-7.43116,-12.07212,-4.851034,B cells
cell_204,1.0876342,4.7410817,5.7046485,-7.1080832,-0.3526665,2.1797445,5.611626,5.2798862,-6.0749903,-6.8059006,2.7997532,3.008448,2.8020284,-3.3501682,3.4231315,-5.6793714,-1.855099,-15.8146715,-3.3828712,-7.540946,3.6247113,-14.024837,2.9447005,4.8969955,2.342962,-4.596224,-2.4470663,0.8174131,-9.404901,-8.237075,-10.477629,-1.1435939,B cells
cell_205,-1.1872777,-2.1056316,-1.3745785,-0.7509933,10.55579,-14.187272,-0.6585999,-1.2984564,-3.8209376,-8.566298,10.105306,3.2747262,6.8846765,0.6700244,1.0133168,-15.697857,-2.0212035,-4.731389,4.14016,0.25912645,3.4580374,-12.546466,-4.581627,5.018575,17.00682,5.411544,-5.862633,2.3510613,2.9130383,-6.0741453,-4.146665,-2.743236,B cells
cell_206,6.7409945,0.5175456,2.689694,-8.601991,1.2053686,-3.632945,2.0250416,3.166968,-6.857523,-6.492112,0.4523996,-1.4270632,1.5852259,7.4894958,-4.9410734,1.9016063,-4.613614,9.620551,15.837176,-8.142088,3.3828285,-11.277876,2.6610637,-0.97643995,-2.5277019,13.481102,-3.9161363,4.404576,-10.893023,-1.0094111,-7.662554,2.1609285,B cells
cell_207,2.087763,5.9960003,5.8169603,2.640929,-9.047353,-3.027426,4.8265233,7.4456925,8.637995,-11.549688,11.59032,4.034838,-2.539999,-6.747014,-8.201149,-13.802519,-13.790213,-11.664488,-7.531477,5.6538196,3.6614373,-8.590738,11.040237,7.813605,11.591845,-15.071072,7.8732367,5.3751225,1.3776077,-13.158424,-2.5553982,6.417522,B cells
cell_208,6.556484,-6.705765,12.212369,9.546643,-3.5906763,10.785673,11.510727,8.497094,-10.051104,-0.78162384,1.6165537,-5.0766306,2.9275324,0.23345062,0.18608809,2.6433413,13.262756,-20.858746,1.9568367,2.7645264,4.9068727,-10.888011,12.400886,-5.2081065,-10.707891,-0.6871866,9.922371,3.3893507,-10.459988,-9.668988,-12.510918,-9.68959,B cells
cell_209,1.7876743,15.14681,-2.8914056,-4.95732,-1.6296401,0.6388707,-17.132599,-6.282823,-3.2187734,-19.353863,-3.253459,-4.309493,1.5299853,12.410011,-10.944225,-9.050359,-10.272826,4.136529,2.5808425,-12.00827,-2.1744485,-16.680725,-16.36259,-10.411245,-8.436514,8.892302,-14.313818,-7.298749,-10.387296,-0.608107,9.69423,-2.1407967,B cells
cell_210,8.496018,0.97609067,-4.6401844,-13.705378,-2.4317906,-6.20884,-5.9955997,0.081094444,-8.883445,-11.2886915,6.44221,5.7144175,1.3988041,-7.541968,-13.255132,-1.938761,-4.737255,2.0933762,5.0465674,-8.947646,-6.63912,3.0871465,6.88944,-13.704367,6.1176167,-4.681085,1.3008316,1.4510441,0.15805799,-9.933985,-3.430771,-6.57627,B cells
cell_211,3.578331,4.7276063,0.057976253,-7.861659,-1.9926825,-17.757607,11.47167,1.6692523,0.86777234,-8.633688,7.8701696,-8.316747,7.0612235,11.453397,-0.23360251,-10.5602665,-6.278225,-17.022863,-10.651032,11.047989,5.9614177,-11.72224,-1.183382,-9.417998,0.087290905,-1.143029,0.3278559,0.1848201,8.795978,-0.4469258,-0.26367044,-7.729651,B cells
cell_212,-2.0781713,-5.95677,6.2033186,-4.785941,4.310743,-12.023689,5.235043,8.073358,-5.0688224,8.507394,5.792795,-7.7020545,16.356052,4.4934044,-2.1122112,8.277898,-9.491118,-2.5686977,-2.3880167,-9.218811,0.13669318,-12.176724,-2.2762194,-1.3014051,-10.87472,12.788988,-5.3369083,6.397042,-6.033125,-6.181859,-15.091284,-11.233049,B cells
cell_213,-5.353901,-2.05663,5.5026593,2.0748122,11.952113,-8.53048,1.972715,10.517784,6.074942,-1.8314412,8.432252,-15.033212,-8.651365,2.6122499,-2.7498505,-3.833956,-4.7043285,-9.057689,0.8827937,-11.925694,-4.979136,-0.20757616,3.3730881,3.6937897,-5.475306,-0.13308804,-12.685764,14.703119,3.9868362,-21.278635,-1.8255658,-4.724064,B cells
cell_214,0.494668,2.0820808,1.799438,-6.766506,-11.304697,-13.396027,-7.949459,6.4655313,-1.1624258,-2.7346106,-3.2252502,-6.815997,-1.514081,-3.29387,-11.645903,-3.6054306,-12.523011,-2.979629,-2.1424403,-13.927418,4.5379486,-0.75959164,3.9688993,-0.43810833,-7.11901,5.245271,2.5809557,-3.817533,-3.8020298,-4.1376333,-13.869057,7.783685,B cells
cell_215,0.06123379,-1.8576889,-1.8272678,4.62909,-6.3456388,5.534815,13.208784,13.20762,-2.25036,-7.3417115,15.149636,-15.331903,14.104521,0.2009359,-4.3505826,-6.4224076,-6.764012,-1.2017708,8.487421,-8.203839,1.4732795,2.718083,11.392949,-7.0463896,1.1824329,0.010863125,13.55007,6.1121306,4.135594,-14.030815,-16.571688,-11.52343,B cells
cell_216,7.901286,0.3172119,-2.1937838,-9.326975,10.127874,-4.406585,1.9963484,-8.23409,-3.4050627,-8.062937,12.315944,-6.710209,-2.0695593,-0.050693512,-3.4762607,2.7560039,-9.322961,1.7344118,1.955755,-8.4215765,-4.010128,-8.154506,-1.8412867,-5.362089,-4.996794,1.3785169,-6.070752,-3.6622043,2.6202872,3.414652,7.353529,-2.6036484,B cells
cell_217,5.0713654,10.203017,4.5374765,-6.252736,-3.4619493,-10.773971,-10.073442,-5.746092,-4.5949535,-8.605654,3.1204743,6.3381996,-10.4716835,-3.7637033,-11.059408,-6.6836305,-1.9513874,5.9735985,1.0890906,-9.835867,-1.192642,-11.877928,8.19738,-4.4227586,1.3567759,1.284077,-5.671361,-5.593741,-5.21497,3.593206,-2.5759432,6.0510206,B cells
cell_218,-0.6479331,-1.2765185,14.399816,-5.4647403,0.04997769,-5.0484834,-16.646568,4.319357,-4.2522416,-10.502634,0.25095367,10.826948,5.028574,-13.157515,-7.374115,0.24008751,-7.898812,6.667026,4.353608,-10.757803,-4.460768,-12.639752,0.5235776,-8.730037,-8.339632,-2.0046432,-8.510483,1.8969462,-1.7356472,-6.134354,7.090822,13.002034,B cells
cell_219,11.3106985,-8.887842,-2.022837,-11.975578,-1.2210028,-7.333452,-17.35383,-2.847845,2.9114988,-11.036697,4.0071893,-5.608362,-2.7466838,1.9523544,-8.013395,3.0510845,3.103288,-0.0036096573,5.5506363,-13.518153,1.831496,-0.17263252,8.717371,-4.208974,2.13337,13.635266,-9.696103,-1.6128564,-11.938458,-10.64351,3.0055566,1.2695136,B cells
cell_220,3.2876506,3.9974394,2.9412262,-2.3253238,-3.3062665,-6.586858,-8.290268,-0.83781874,-2.6659157,-13.679553,7.2447286,1.1841631,-2.351193,-0.6971801,-5.1866565,-1.3130295,-0.8367082,-3.4458783,-3.4675303,-6.572592,-9.467274,-6.06212,-0.08757222,-8.060479,-0.95456135,8.236785,-5.1251454,-9.518804,0.4244808,-4.605776,-1.6283456,-0.94508225,B cells
cell_221,0.80574715,-7.28927,-1.3934646,-3.8037198,-0.34858555,-6.922569,-5.4157767,5.26023,-2.758598,-1.0451839,8.723069,-5.2983317,-6.2028522,-3.1808255,1.8725197,-2.6556137,-3.0610943,0.36678755,1.1253363,-7.131438,6.8207216,-3.1052463,-0.6994014,-14.033332,1.9804218,17.284853,-8.540572,3.5375907,-3.2289064,-10.348643,-2.9964101,3.1396375,B cells
cell_222,2.67031,12.551795,0.93881166,-0.17991948,10.540072,-5.4271617,21.487072,-0.08546567,-3.963755,-2.0126462,0.4043753,-10.725536,7.4074683,4.4181623,-5.1873813,-2.5608363,1.8561153,-12.518681,-2.466087,6.2066116,5.8697276,-6.7933183,11.730194,-4.90693,15.519472,3.7586548,2.9503117,3.132819,-2.995106,-15.305403,-17.554394,4.215328,B cells
cell_223,-0.24144727,-12.391183,10.931593,-2.9132383,-0.9766825,-7.3834724,2.8278875,-6.7957964,-4.2226357,2.233387,-5.3119183,-4.1181,5.2686872,2.3657424,3.2452264,-1.8952043,-9.311308,4.649691,-9.437412,9.42143,11.79051,-13.41843,16.4519,2.795989,-8.993964,-12.18444,0.9017743,-1.3637955,-2.5846362,-9.032573,-25.71312,-3.7578816,B cells
cell_224,6.175865,10.100535,9.277884,3.855753,-3.2917657,-17.99751,-4.2230654,-7.8834143,-5.8588085,-14.502439,1.4678032,2.1572392,6.2296414,1.3036104,0.2553172,-5.7518883,-0.018910423,-4.761999,8.938133,-6.062028,-4.1121674,-7.091965,-0.89613247,-1.024709,-1.4087131,3.9362943,-6.6451426,3.5120022,-4.4332533,0.7280819,-2.5448327,-4.8913665,B cells
cell_225,2.6906571,-1.2118909,6.4654107,-13.896305,-5.485061,-7.679703,-12.347721,3.8542428,1.7354611,-4.268984,14.972377,5.326845,-1.2495351,-3.408298,-1.0406926,-0.072528064,-5.8136806,-3.6978092,-6.9780307,-14.54146,1.9971278,-6.4419775,-9.073429,-6.357603,-9.751642,6.3134856,-1.4579386,-10.223193,2.3005948,-7.7668047,-1.3958623,7.4387355,B cells
cell_226,1.5592201,6.921509,-1.8973168,-9.11871,3.5778897,-4.8756523,-9.465937,-1.9079899,3.9811268,-10.813111,11.873581,5.739765,-7.2553215,0.841825,-8.118957,-6.5670023,-13.01903,2.6905193,1.3794646,-7.2427073,-3.8774354,-0.911046,-7.949915,-5.6982346,-0.35310566,12.587471,-3.6618695,0.029631019,-11.889036,-2.544018,0.571453,1.069043,B cells
cell_227,5.544804,-13.148125,7.7500267,-8.561856,1.4928207,-5.6348343,-2.883668,-2.9063447,-7.463747,-8.075909,1.2881687,-10.010867,-1.0393801,-3.219276,-2.783845,-3.1912615,0.7788568,0.59495544,11.814028,-3.6652465,5.7388,-5.019544,-2.0880876,-6.148531,-5.939586,6.235348,-6.607678,-1.966052,-3.2458098,-4.5920954,2.4324796,2.9531488,B cells
cell_228,-14.284924,-8.300072,3.7991624,5.1413717,-7.630937,-5.3415136,-7.934431,-5.3811026,2.539618,-7.907202,-0.40783072,-14.937331,9.101575,8.272935,9.829396,-5.0606184,-2.3309035,-18.558992,8.304871,5.132202,6.2255483,-13.847654,0.5043905,7.183764,-4.251468,-5.5693364,5.975296,8.243622,-2.7744036,-8.486218,-10.702904,-14.797274,B cells
cell_229,-6.5762815,-1.7359289,-6.7102494,3.6876178,6.6166143,-1.1799467,-0.46319917,-4.0734134,-6.113246,-3.8175604,10.929592,-20.112495,1.6481634,10.893316,1.1149794,-0.77278054,-12.71479,-6.0392084,5.152021,-2.504819,4.1309547,-9.156771,-1.5106994,-3.237225,-1.3019431,0.06060858,1.8839251,0.05338688,0.5765399,-14.425508,10.781087,-8.584612,B cells
cell_230,0.93686885,3.162366,3.5584068,-0.7196399,8.670671,0.7762807,-6.6907096,-4.810308,-8.694699,-5.909397,0.90024805,-6.7872887,-9.128548,-11.160727,-6.922754,-10.673593,-8.055876,-0.38914037,-6.9250264,-9.49059,-8.497761,-1.0175712,-0.8197531,-5.441414,0.5442323,-2.1456537,-3.4943562,3.139435,-4.469269,-11.483366,3.104368,-1.0238019,B cells
cell_231,2.082837,-3.2363696,-5.78785,-5.015638,9.568092,6.142345,11.126835,-14.435373,7.2787566,-16.176666,19.035782,-0.18292126,-0.49195984,-5.564064,-3.2881327,5.1502037,0.26096988,-19.507666,2.3885627,-5.111178,-4.285787,-10.638718,8.771425,-3.2393816,10.633893,-3.3714523,4.447864,-6.7597528,-5.3191013,-5.910394,2.6802368,2.2962656,B cells
cell_232,11.538591,-0.69889736,9.979305,2.1660986,10.6971035,-12.239833,14.220958,-2.695374,5.150126,-8.680534,10.365357,-16.05177,9.618615,5.5717607,10.781423,-1.8641683,-11.483311,-6.985263,0.3670262,0.03254074,1.7507786,-11.079305,-7.4982862,15.534968,6.3865476,2.1448953,3.999164,9.048515,-4.9235935,-1.704915,2.0356758,2.762762,B cells
cell_233,-0.016592383,-13.216591,12.227916,-1.6078448,10.726025,-14.2931385,8.001847,-5.0207605,0.5565559,-11.714831,4.3688874,-5.0968122,3.035609,5.5331807,1.4499178,3.5933003,15.9235735,-13.667021,2.3830836,2.3991418,6.1350174,-11.412421,7.2034335,2.8708687,2.3678014,-2.8099413,2.7814138,-1.9167755,-0.72889894,-12.704192,-6.1769905,3.960421,B cells
cell_234,8.908825,-4.962459,-0.9148663,-8.959597,-0.8325887,0.7042013,0.35040712,-5.1421022,-6.357949,-10.475808,-2.1596847,-5.0663643,16.858875,-9.080616,3.2892833,-3.168627,-0.8071373,-2.2441616,-0.8978404,-13.207354,-3.2873495,-2.2647989,1.6438311,-4.4424763,-12.999642,4.228439,-0.1733337,4.5825715,-7.7657633,-4.753781,-10.949765,-0.6473229,B cells
cell_235,-8.624673,-3.9491591,2.8152792,-0.7596878,10.816199,-0.8955699,-9.296596,-3.1234114,-8.365985,-2.8790972,-1.8677212,-10.200009,-7.6757855,-0.6904379,-7.0604305,2.5296757,-0.4006493,-7.2310734,3.8013704,-5.550047,3.9996045,-4.147036,-1.439011,-0.64219046,-4.0477304,12.713248,-1.916586,0.067717016,-9.397751,-20.380291,0.25635356,2.824604,B cells
cell_236,1.7321028,-2.6047096,-3.6418843,-4.5889463,8.041346,-4.090106,-8.598042,-9.690797,4.360508,-17.74489,-0.38569462,7.409133,-4.2895374,7.848669,-16.811012,-5.561713,-4.980534,-2.6358783,-2.2690804,-12.707603,-11.33366,-11.718742,4.2816453,-6.6755304,-0.37757695,6.2855597,-9.052839,-1.3830823,-6.2337995,-2.0833411,-1.964346,1.7034655,B cells
cell_237,6.2472925,-5.6234217,8.489794,1.6430743,1.5704808,-21.96609,11.226971,7.3728375,-8.328573,0.19174854,15.325239,-3.0876925,8.542394,-4.88015,-7.6046753,7.5719223,-4.0234537,1.9291309,10.73677,3.086332,0.33750483,-0.5941477,5.79211,-5.138125,4.599544,-8.053442,3.486477,0.50305074,2.831621,-11.560412,-2.513989,8.177953,B cells
cell_238,1.3684253,-10.456502,-7.5320263,-6.830093,6.9230914,-10.312929,0.6917672,0.6528865,-2.8138816,3.524498,8.865891,-6.992637,5.2904043,-7.449048,-4.827443,-1.6519021,-8.732424,0.9865426,5.8663583,-3.6150973,1.3016357,-8.196496,1.7921864,-8.428328,3.7592027,1.4258941,2.948226,8.61476,-5.974015,-9.144483,5.5107384,-3.5231075,B cells
cell_239,7.6863356,1.7806404,8.53413,1.8566684,-0.42218897,-2.799206,2.4030874,3.5161214,9.209815,-23.145994,11.929209,-0.90377086,17.583593,-11.901354,4.9908457,-7.7888207,2.4181967,-8.423083,5.803372,-5.509805,-4.578674,-0.7910939,1.652479,-9.45713,-6.85736,-10.243834,9.689081,11.278644,0.89961624,-6.004217,1.6951497,0.27128065,B cells
cell_240,-8.08101,8.843225,0.88457847,8.835773,6.364262,14.151614,9.692217,8.081074,11.400139,-1.9861523,5.078625,-16.777811,-0.8708053,7.5918417,0.9228219,-1.431946,-3.5626338,-10.650471,11.570918,4.638992,-7.985416,5.223331,13.169771,-3.1882396,3.6632316,-10.0672865,-1.1650767,-4.8409615,5.218981,0.47904617,10.88082,-0.14475465,NK cells
cell_241,-1.1134601,16.450861,1.3904335,5.1176634,-2.8891478,7.6687417,-10.579487,-3.7350585,3.11437,-0.74420154,-2.874385,-1.3615624,1.6113117,13.901499,-9.052632,3.1310215,-5.84998,2.0874107,12.083624,-11.18127,-2.0652716,-2.1817825,0.16069543,-0.7716265,-3.0498366,1.2702041,-13.995474,-13.7934,5.8142786,3.1160529,10.283739,-6.687244,NK cells
cell_242,-3.4402797,7.7537756,6.2803364,3.3427663,-13.096373,11.373278,8.06995,-10.326519,12.387563,-4.7717056,2.4359243,-12.305,-0.21882486,11.437084,2.5598183,5.1730766,-3.587554,-1.8410714,-9.655086,5.4749174,1.5069517,8.081178,-0.4962943,1.798738,3.9067125,-4.609014,-10.216497,1.2831783,8.807006,-1.523782,10.905101,-4.462033,NK cells
cell_243,4.088775,8.944404,-3.17612,2.4194973,-6.499505,8.389271,-4.881465,4.444699,4.1656876,-4.9465747,12.072776,-8.413409,-11.715422,4.658817,1.3735464,-0.51538813,2.1421041,4.6928043,13.505236,-3.821816,-3.9091415,11.037814,7.285913,-6.030936,-8.478236,4.4394293,-7.332696,-3.1040356,7.4993834,-5.990897,9.745829,1.5436083,NK cells
cell_244,-5.873604,7.545111,4.3756,8.575762,-4.197392,-1.499558,4.9178696,-2.933004,14.581582,9.015495,-12.828234,5.8685536,2.8692925,8.230875,-11.558228,4.6233916,-2.9329848,-2.7491343,14.616089,9.903925,1.3383378,5.952355,12.329679,10.588033,-2.4692523,-18.59612,2.6642382,3.4913225,5.704692,-4.957712,11.075849,-14.8428,NK cells
cell_245,-5.2147517,-0.24828559,-0.20468897,-3.4019961,1.6383114,-9.849382,5.024165,-2.8301735,-3.5383813,-3.0943952,12.619574,-9.357097,3.6811416,2.5039093,-11.326325,2.093859,-4.122909,7.740627,9.190074,4.993223,1.8748991,6.81501,3.9027817,-4.5153227,-9.894566,-10.662123,-6.7787204,-5.8643866,11.615105,-0.14710663,6.921788,-9.534406,NK cells
cell_246,-0.5914879,2.2739198,8.200802,-4.5327816,1.596911,-6.8112893,-3.9638944,-2.2186837,-0.49539962,3.3631625,8.286421,1.3104589,-11.977422,-3.0092332,-12.40504,-4.743931,-3.0927591,7.6445065,0.5514948,-2.577193,2.9096174,3.3056798,12.695406,9.268205,-12.981167,-0.26072523,-17.64225,-5.196185,4.3506703,3.2208576,-3.7388656,-11.345554,NK cells
cell_247,-1.5604131,2.8446932,16.813128,-0.20885733,-4.2060304,4.268734,6.9909215,-1.2027595,-0.14107507,9.494989,5.446796,-4.046154,-1.0281327,-1.7192576,8.164943,-2.2700815,7.4232817,5.4416656,12.473285,0.1794708,0.05569347,8.203546,-5.352355,7.326331,-3.5957162,-7.821614,-4.3509912,-3.6568186,4.127981,0.08555511,13.536362,-8.422091,NK cells
cell_248,-13.635057,-2.562043,0.04442495,10.669421,-1.5639136,-6.5848026,1.1457342,8.234445,6.4163566,2.805984,-5.1843786,-4.5776877,-7.2836757,2.801059,7.287706,2.7658896,-16.278341,2.8443072,5.505246,12.004269,16.59046,3.6251519,5.9339924,0.937497,-14.100129,-17.839529,4.81522,-1.6579123,1.8379997,-2.523208,-7.7680473,-14.949232,NK cells
cell_249,-5.9732757,14.182363,7.0437813,7.1973166,-8.546763,1.2948931,-0.24006003,7.850313,2.539958,10.014236,-2.0061724,-7.315304,6.994562,6.465211,-9.168827,6.424755,-4.565608,-1.3024938,7.5732384,-2.5295594,-1.2964325,14.28942,19.574072,-3.3929737,2.6716821,-2.1471808,-13.622162,-6.002799,-4.664053,2.3963177,-3.4565117,-5.3875337,NK cells
cell_250,-7.8639464,0.909194,5.765363,-1.7430689,-1.9149085,-0.43701684,-2.9080007,11.947251,11.014373,3.6562345,-4.9531775,-16.221064,-2.106455,-1.2452247,3.1635914,2.0612385,-0.42530137,8.987712,10.03194,-2.0636034,6.4602537,1.1968515,7.143066,0.8483839,-8.770544,-3.4721506,-8.362196,-8.414822,-4.423559,4.9285717,3.919514,-10.597988,NK cells
cell_251,-15.71976,5.0643444,0.9937817,-2.6706116,1.6450878,-11.250412,-1.9403809,-0.65648556,12.881919,2.7163315,6.1745763,-5.2770476,-4.561703,3.5805984,5.1626034,9.947236,5.4852405,-0.2435115,5.6248193,-8.339054,8.20176,0.8593646,-7.233678,-0.82058173,2.2175295,-8.787097,-13.761867,-7.4847083,6.674335,3.521636,14.7424,-5.4497013,NK cells
cell_252,-7.2438574,2.570068,0.35974923,5.8164387,-0.37548265,9.150478,2.006277,4.7597685,-3.2555673,3.409946,1.395931,-5.2990613,-9.167674,-2.7866654,1.7080913,7.3846917,5.201914,-2.038112,16.16239,-6.8394284,-0.036474466,5.7563186,6.500804,-3.8980217,-9.846675,3.2405431,-12.212499,-0.6680488,-1.5022259,6.7112207,-1.7759002,-5.8804445,NK cells
cell_253,-6.91996,0.047155235,11.346873,3.9617739,-8.465713,3.4803233,6.0161247,3.1782196,12.262763,4.5157375,13.0837755,10.710075,-11.844518,-2.891467,-5.896256,1.505421,7.099595,3.9631972,-4.5180345,-6.9487944,-1.0246072,18.666014,-3.3849597,-0.85463387,-3.9671676,-2.4935215,-10.765668,-10.939428,-2.5691183,4.4678974,-0.9213542,-7.706469,NK cells
cell_254,0.28159815,14.695111,8.292446,18.892479,-8.602057,13.185683,27.08337,-8.048513,2.9394276,1.21393,-2.2733417,-4.7143893,-6.686131,4.421286,-5.317193,-2.42768,8.295886,-9.169172,6.7632217,-1.4950478,5.0740867,1.8003031,7.7555513,1.9515231,5.9357076,-5.98505,-5.4694586,-12.702991,8.870577,-9.096882,-0.98377705,-13.120257,NK cells
cell_255,1.4762627,4.621486,5.287001,1.3355988,4.8078246,7.0887156,-7.7240853,0.3421085,-1.6518453,0.3335713,4.309275,-9.481715,-11.625179,-5.5147552,-6.4978704,-4.419974,-6.9468813,6.7927847,-2.2439084,-3.092265,-4.875408,9.752144,0.5704031,-6.2109785,-3.900451,-4.252066,-14.263166,-8.100036,13.3523855,-2.4714808,-1.9587002,-3.939901,NK cells
cell_256,-15.578893,6.843636,4.79,0.24808502,-7.8469667,7.4124436,11.543192,-4.0799723,14.342211,-9.013714,2.6584556,8.731161,6.893343,2.222209,-10.630773,11.287521,-0.76655436,-8.320378,7.252064,6.5474477,-3.6392474,4.162722,11.389831,-2.3197517,7.55617,-6.743944,-2.9535255,-7.925712,-4.6625757,1.524519,-9.559858,-27.70263,NK cells
cell_257,-5.1902337,0.2796902,1.520179,3.8864398,-6.789932,-3.740228,-0.9564116,-3.6583474,3.3371704,-4.467688,5.556564,-5.141373,2.3457253,5.857098,2.309604,2.0139632,-3.5506363,-4.3986664,3.417382,0.07862586,-1.0287466,6.5047426,3.7773764,0.248314,-10.206417,-6.232134,-9.75755,-16.374594,2.1664526,6.4372125,4.489095,-3.8433154,NK cells
cell_258,-3.8661351,7.1844287,0.073104024,-5.693548,-13.2399645,0.9075792,-0.17799228,2.4869542,15.351138,1.5854957,5.6082664,-13.284163,-10.31392,7.7378607,-0.6900641,11.957196,-11.638881,-3.986471,-6.9012423,7.812625,14.20677,2.8937106,1.0431207,5.4031696,3.049391,-6.552178,-10.017565,-4.7766466,-3.7412949,4.1684723,-2.6036258,-6.438687,NK cells
cell_259,-5.3386035,-10.553084,10.827571,5.798099,11.440819,-2.5145273,9.673775,-6.0189376,9.343105,3.0697901,5.1017413,-10.407315,-11.631855,1.5729184,0.95692086,-9.074208,11.269402,-2.0953858,8.260371,7.937453,-1.739944,8.424425,8.015781,3.6426125,-0.33958888,-3.612435,-10.142607,-12.400387,4.780797,-4.224722,5.7327585,-2.7438164,NK cells
cell_260,-5.083332,3.8907115,6.5409417,-0.77765054,7.3440127,3.8821614,12.642172,-4.7860055,10.026614,-1.4338213,-0.783768,6.007525,-0.913301,0.6161132,-10.180627,0.9639873,5.6220517,-0.18452786,11.022137,12.867233,4.580678,-3.5993848,-1.917871,-0.10715586,-13.92769,-7.5156164,-5.0373955,-1.0454689,15.354982,7.252694,12.862219,-11.194999,NK cells
cell_261,0.83825535,1.769369,11.895691,8.540475,-9.703756,3.6876378,12.414545,-7.321146,5.5343843,-2.8152776,-0.24114323,-7.622513,4.5467873,4.109271,1.1016409,0.041965365,-2.6343563,-1.3714471,0.09146458,12.90327,6.165921,-3.7312822,8.469776,-9.791771,-11.238966,-17.302418,-2.1378202,-14.797248,16.858196,5.3626213,0.9146469,2.5912406,NK cells
cell_262,-9.49301,15.37937,1.9388306,0.015033126,-6.5198383,8.101256,12.656188,0.7072127,24.705675,6.223884,1.7182181,-0.3440783,-1.7522364,10.683772,12.699624,12.04892,-4.5709405,-8.599775,3.5955167,-0.25942516,0.58272326,-5.2853613,6.1695786,17.57144,7.352191,-11.855409,-6.0012074,-7.4839396,-0.25987506,-0.21411073,13.4718,-1.7401843,NK cells
cell_263,-4.512558,6.7426476,11.6876135,-2.9933047,-10.109534,-3.0451329,-1.8848789,0.7212126,5.289622,-5.898299,-2.9789677,2.727221,4.484955,-0.96360165,-12.018098,-1.0425005,-3.8792548,8.338863,11.48891,-7.812008,3.0806885,-3.5376172,1.5046706,0.5524757,-5.2510104,-4.678391,-16.22676,-7.9656477,-0.4383377,8.139202,0.19632494,-1.9522852,NK cells
cell_264,-14.1607275,2.6722813,5.18603,4.0556345,0.7753347,9.206609,2.1051893,9.755663,1.8811644,5.8962793,7.9435234,-3.328212,1.799187,-4.061421,-8.617507,-3.5942402,-12.490742,10.625921,3.0322409,5.1104307,-1.2894078,7.3330836,12.20912,0.57728505,-5.8724227,-13.06737,-2.8856206,-2.2593687,0.12725641,-2.2109857,5.831192,-3.1639106,NK cells
cell_265,3.1751375,10.566874,0.872247,-4.743216,-3.566696,-8.649227,-5.036099,1.4004208,10.491123,8.281529,14.860018,-3.294531,-0.056334313,-2.5088756,-6.565248,5.531532,-5.796557,-2.3545618,5.4697046,-0.5701064,15.231933,7.641487,7.668186,4.7259674,-3.9615197,-16.996595,-2.1062021,-13.950948,-4.8817472,-1.2437087,0.3296008,1.8836536,NK cells
cell_266,1.595619,6.1735067,2.7226036,-4.4804173,11.767981,8.747627,-20.657394,4.87919,3.334885,-2.492321,6.684459,-0.48738682,2.3034031,-2.7305799,-8.824901,2.7758667,-10.430314,8.769484,5.1262136,-7.359806,4.573682,-6.28413,6.6662354,-11.147686,-11.023851,-7.007569,-7.7649946,-7.0658183,-2.8734515,1.2240971,23.0451,-1.9271133,NK cells
cell_267,1.9540125,4.285723,3.2984784,-8.438089,-2.3682098,-7.9389744,11.338438,-4.1659184,7.3664293,2.0492282,-8.012609,-6.8814926,-3.7189229,0.08312312,-11.945759,-3.2464921,-0.31338397,9.621566,2.293336,-4.9530735,13.666548,12.604334,2.2507932,-3.0535984,-14.276767,-9.506129,-5.6068935,-4.3115697,-1.1837249,8.3780985,3.802511,-12.67741,NK cells
cell_268,-8.110293,4.511655,5.4403467,2.8094587,8.785113,-1.6732508,-7.5065155,-3.1785057,7.298679,-13.918482,5.858099,-1.7754738,-10.082188,1.2744753,-12.974268,-7.011423,8.647788,8.14361,-2.038168,1.2629349,-2.9245152,4.884856,3.1811225,-12.167768,-9.603397,0.17193165,-10.933508,-1.680229,3.1532454,2.978618,1.8943276,-5.852629,NK cells
cell_269,2.4232583,14.4390135,6.877677,-4.1727233,-6.11087,5.6912117,4.4761863,-3.2048934,-1.3336122,9.901568,7.3163905,-4.4913597,-2.4224997,0.18178187,-4.362462,-2.335104,-2.4510612,9.022255,4.319063,-0.7682689,10.529757,0.28165463,-0.2772295,-1.8755662,-3.2994459,-8.590019,-7.143008,-9.129615,0.7277453,4.899315,3.6889968,-11.084388,NK cells
cell_270,0.9490992,13.026402,7.2411475,-0.96687436,-6.2215915,1.0473017,4.636929,-6.6842732,10.876507,1.3374054,5.9562464,-4.89906,-5.202407,4.7023325,0.7952252,-4.7640724,-0.10629696,-2.1036646,3.390746,20.430727,9.658815,1.6281867,-5.464305,12.264697,-4.750451,-13.837113,-3.8963826,-7.4036713,8.724592,4.5166626,8.4632015,-3.7260733,NK cells
cell_271,-8.332607,1.5310017,5.281236,5.587363,-7.0407867,-2.6383295,-4.3010106,0.87746304,11.408992,4.9789753,5.568589,-5.63246,-12.099205,-3.3763127,1.8781699,-0.98342544,-2.4225252,2.175813,3.5903604,-1.5469286,-1.5935819,-4.272037,3.184651,-9.906826,-3.0558608,-4.025545,-9.760637,1.5898094,7.743456,10.443136,-2.2546394,-6.020287,NK cells
cell_272,1.1472385,3.0456848,0.012618735,2.1074579,-1.3898951,3.5382578,-7.2936754,-2.8416035,0.7879872,1.4600844,3.7920682,-1.1046021,-5.4188886,10.258985,-8.830222,-4.379968,2.2000785,5.431883,9.082621,-4.24039,-1.1100755,2.035579,7.0704427,-5.502851,-8.345215,3.6650414,-10.465121,0.45443743,2.4795215,-1.2804787,7.3725166,-10.917523,NK cells
cell_273,-4.173313,11.045443,7.660004,0.25817227,-10.853122,-0.33399627,15.776642,0.76380277,3.7693224,8.046829,15.532836,-10.689589,-4.71573,4.1203094,-3.9312963,4.556384,1.2707791,9.001373,3.5914273,-2.9629693,-4.0635,7.247874,2.8485236,5.340172,3.6384158,-7.5384345,-11.294791,0.68210936,10.987047,-2.5349452,-6.5400634,1.386739,NK cells
cell_274,-8.002066,7.959089,13.564574,6.721344,-10.98682,5.424816,7.3177238,7.9745507,5.120571,10.628525,-0.13546282,3.6419466,-6.365322,4.1688404,-5.789119,2.1464221,3.9300077,1.3719627,0.05363956,3.7720015,6.390036,-1.1476376,-3.0652547,13.483208,-7.083654,-6.21337,-9.161939,-9.805176,7.8885098,7.6423054,2.829169,-3.583395,NK cells
cell_275,-3.5138373,0.7138742,2.5994685,-2.3142242,-7.5576415,2.3360076,-3.558803,-0.8728231,0.60605043,6.3006387,3.1503417,-11.303563,-7.12389,0.3156157,1.8556892,3.3664842,-0.5909387,10.998715,9.98194,-8.026079,-6.4330177,3.2316885,2.656879,-4.136878,-9.710632,2.1280637,-11.740862,-8.655887,-10.084863,-4.8539877,12.216192,-4.064256,NK cells
cell_276,-6.7456975,4.998223,1.6449949,3.4238894,-3.2152088,-3.5441546,-9.5874,-0.33039874,-2.483589,-2.8144994,1.505793,-0.33372235,-5.7583075,-0.6397903,-3.3642178,1.4057679,-6.14976,6.5273237,10.008174,-2.8514175,-2.917387,6.56807,-0.57863057,-11.39979,2.9121735,-8.848527,-14.300202,-4.871271,-2.831258,-2.671723,1.7045047,-3.5431938,NK cells
cell_277,-4.716327,4.699843,6.3987207,-2.353041,-9.399474,0.18031949,2.075972,1.1169221,7.1308923,-0.05104053,9.465321,-3.9025307,-10.0890875,2.1400154,6.1039352,0.24344409,-4.7956076,5.7379127,7.1569233,6.3420916,7.610642,17.065886,5.480962,7.3902645,-4.005381,-7.546619,-4.4943337,-3.502949,-1.5438442,-3.2060838,1.5998933,3.5636928,NK cells
cell_278,-7.8453727,6.5959196,6.051262,4.3657446,-6.7147903,0.49216136,-4.056158,2.062527,0.4229192,2.1582282,0.8772905,-14.240349,-6.1299586,4.2495666,-2.565769,5.72113,0.45100278,0.5613768,2.5475755,-1.5898914,-1.5991931,-1.3197025,-5.797156,-3.0664933,-2.1536412,0.51359576,-11.435271,-5.008907,1.6520799,1.1927633,-5.264371,-13.000841,NK cells
cell_279,-4.652545,-2.7497487,3.030345,-4.661274,-7.612236,10.224422,-20.56292,-3.3244586,14.07638,-13.450935,5.1369343,-3.2148101,-11.440501,4.2896485,-0.19196963,-12.472478,-5.1809435,13.779654,2.6061096,-23.67799,-12.849932,-2.1876326,-5.2513723,-18.574635,-7.5741506,2.2409642,-15.394014,-11.646081,-1.372044,14.69243,13.258036,2.825597,NK cells
cell_280,-9.343157,5.0208597,2.9096003,-4.091043,1.5763341,10.360415,3.7975833,1.8657999,3.0181093,-1.0756456,-0.09239465,-9.785184,2.892272,5.7485948,-4.0042696,-5.335691,0.050559446,5.6608305,-0.27343205,-0.045167647,8.074655,9.264724,0.33882642,2.5017877,-8.525326,-0.592879,-8.413296,0.6950829,6.824562,3.300597,1.9713618,-18.447212,NK cells
cell_281,0.92970276,-6.8231487,2.8578339,3.371416,5.8755875,-6.339155,8.324935,-3.6081696,20.00398,7.5126767,-8.260542,-14.456118,-5.867732,20.905357,-6.1733656,4.281122,13.459899,-8.954631,2.5543432,5.0370035,6.3574014,20.716671,11.636776,4.344293,2.3430097,-2.59907,-5.498136,0.6507252,1.8242705,-6.272083,-7.84117,-14.287739,NK cells
cell_282,0.45914212,14.42386,-0.5476044,-1.1957091,2.5748208,-1.1429901,0.90130174,-10.517854,2.2366207,10.717526,15.615541,-17.392904,1.4272807,-0.8367848,-0.119336784,11.531177,-12.54356,-3.2093272,-3.7658834,-9.05631,-0.70107734,8.797241,-1.0003133,-9.812562,-0.458565,-14.775085,-10.742193,0.33382386,-1.4501461,3.0063763,-4.201925,-12.2594,NK cells
cell_283,-1.7839973,12.36718,6.662501,6.0589337,-6.6110015,-6.017458,5.008618,-3.2690449,5.831419,2.5618756,6.319994,-11.752792,0.7296459,2.0520308,3.5140605,5.526267,-6.6742115,-4.1235614,11.824031,7.4721966,1.3920053,11.330229,-5.4974685,2.91767,7.3148823,-9.870478,-9.031284,-17.70557,4.259516,-1.6341572,-6.5344534,1.4830035,NK cells
cell_284,-4.321686,-4.221171,1.8052377,-0.2178145,-10.235015,4.922207,1.0949388,-4.4087896,-0.18669593,11.883641,1.68364,-8.812434,-15.982443,7.892457,4.0786457,15.064921,2.26901,-2.8381054,4.643095,6.5777698,9.244045,15.444368,-0.66092324,2.465857,-10.682364,3.546373,-8.545864,-5.6468396,-6.7973213,-12.410869,10.317542,-20.510332,NK cells
cell_285,-7.936733,4.7838016,1.7645732,10.712682,0.45307747,-4.8273716,-5.4328384,-8.278852,0.14338155,-0.035366923,2.9644063,-15.960721,-4.9597993,5.795076,-1.0781955,-2.4079344,-9.304392,12.612746,6.014169,-0.65676,0.9011786,3.6867328,4.489852,-7.90911,-7.4421816,-7.0862293,-13.178385,2.3957155,3.007354,-3.831484,-7.200622,-12.948817,NK cells
cell_286,6.078132,1.5928998,6.1655064,7.286094,-5.4491043,6.49228,0.73050916,3.3334312,9.663415,12.42066,7.140118,-5.171655,-10.741681,0.15190502,7.2922783,1.2062745,10.967858,9.844944,7.796801,2.1644776,13.551889,8.424796,1.3349301,-8.284544,-0.9972984,-5.6545925,-11.430382,-6.258915,-4.7502832,0.75145054,12.90276,-5.241165,NK cells
cell_287,-2.0129082,6.279633,3.3443513,-4.990756,6.592104,-5.839225,-4.326789,-1.8751191,4.226365,-5.5147195,11.708404,1.7032561,-7.0036874,-7.138789,-10.538194,3.8088782,0.62163496,-0.89197797,-1.1197089,3.9461432,-4.3592005,13.160436,5.1533995,-2.9236462,-7.0355086,-0.78975564,-7.515415,-3.743926,-6.763419,11.797383,4.5470605,-13.647946,NK cells
cell_288,-9.728431,5.2302766,5.5441737,7.4109635,3.852038,20.822214,0.82109416,0.29785514,4.648844,0.4059466,-3.6131868,-7.9015903,0.8833237,-5.2163134,4.8902082,9.895974,12.640956,-2.2609792,1.2749437,1.8129711,0.60816514,-1.6321255,15.003611,4.5299687,6.290617,-8.249575,-16.471132,-11.149155,3.5435736,12.069968,0.17992264,-12.921076,NK cells
cell_289,-0.09891326,0.16681857,14.894233,8.21896,5.644266,-5.6916494,-0.5236597,-3.4431937,10.520446,-0.80710614,12.1259575,-6.424874,-17.371227,-3.7796872,-6.254972,0.24565184,3.9690666,0.38406074,6.621776,14.892191,9.227897,1.1578423,10.866492,-6.568019,1.5936744,-4.0119476,-8.126815,-4.5707426,2.9853792,2.3303208,-4.012965,2.1231444,NK cells
cell_290,-8.317809,15.947616,2.7733788,-1.5464698,-8.588353,9.584284,4.9601994,6.971863,6.23734,1.9629879,4.1098022,-6.1540766,12.293876,7.682066,-2.4571187,5.913674,-4.94054,-1.0735682,9.191133,-1.6794654,14.37059,5.867279,-1.4120117,-8.792463,-11.052709,-3.548185,-0.7923387,1.5621676,-6.61926,13.660353,8.471444,-14.194152,NK cells
cell_291,-11.521532,-4.5742435,7.268428,6.771432,0.71004504,6.648116,9.343673,4.875043,1.5692823,2.308803,-2.1802883,-9.44787,-13.994496,14.400374,-0.8751858,-2.8016987,8.950865,3.50344,-6.8420525,1.704848,0.28661835,19.225012,12.691734,4.523498,-14.963751,3.7321515,-11.167761,-11.323326,15.639665,-7.5914135,0.99482954,-5.809207,NK cells
cell_292,-9.576597,2.7400877,3.7675302,3.2650092,0.68713266,1.219521,-4.1982584,-0.32734498,7.447546,-6.5409975,1.0053053,-0.6819105,-2.2982898,10.864124,-4.890615,-2.7498188,3.4766612,-1.9503573,14.078728,-4.134594,-2.1121275,-3.2409613,5.4838567,-2.7700226,-5.310582,-1.8142674,-13.169663,-7.2062006,9.550836,2.6985373,3.1200075,2.566499,NK cells
cell_293,2.589742,4.3427567,2.4116857,-4.398613,4.9754515,5.5306425,-6.8652315,-9.619671,7.4393525,-1.4324279,-4.5241647,-1.9810269,-2.023633,6.6928887,-11.890088,3.3482342,0.48182607,3.9667182,7.2595787,3.6936166,1.6764396,3.627307,2.120357,-10.586217,-9.808711,-7.313955,-12.78962,0.15139747,8.426013,-2.2374978,6.547211,-12.737269,NK cells
cell_294,-6.025227,-1.3073903,9.967467,-1.3537854,-6.648476,1.1821046,-0.322491,-4.6207447,3.7196293,-4.776631,8.691736,-3.580252,-6.8459234,2.9108534,-4.1137013,-2.7874234,-2.7287414,2.1253338,1.5000075,-8.364559,-5.734916,9.445729,5.1249094,-4.22766,-2.370897,-8.21805,-10.429696,-1.3713193,2.216866,-2.1493413,3.5543432,-1.5663506,NK cells
cell_295,8.314691,-5.738864,4.895834,-2.3473148,-6.7609854,2.9257681,-8.018547,-5.5676794,5.492599,1.5339876,5.7130404,-4.097188,-8.48061,1.3740678,-3.2165341,-3.361625,3.7646263,6.7170877,7.054776,1.7372577,0.56162095,1.2546315,6.0741324,-12.639258,-1.0841889,-3.9199471,-10.376432,-6.765088,7.670437,7.7106013,3.063653,-7.8048215,NK cells
cell_296,1.8272786,1.4938743,-0.9311407,4.8931227,20.076736,7.6315746,12.5213175,5.6981025,12.325055,-7.996222,12.031331,-3.5794802,0.5303929,2.273552,-7.8345466,2.7637455,3.2249975,-1.1669825,5.5077987,-1.0176003,3.533964,2.1528728,7.519854,-2.6550663,-10.756348,-12.982802,-9.380639,-2.9535065,1.7431687,10.76498,5.4224524,-16.878902,NK cells
cell_297,-5.8318872,2.040786,10.788295,8.954378,8.123368,1.398038,10.740644,-4.624694,0.32933408,4.496548,2.4062352,1.963585,-6.0630403,-7.616846,-17.99338,-3.5622933,3.3471897,-2.5672321,2.8370426,-2.6929514,-4.6550775,13.330642,8.709075,-9.683081,0.2727224,-6.92389,-6.9423394,6.38586,4.039322,-1.3332599,-7.8825445,-16.120354,NK cells
cell_298,-1.3882699,3.8107162,4.575049,1.1482034,3.175447,8.51625,13.469629,1.8350303,10.128509,4.31885,6.566954,-4.742502,-6.39704,7.0236363,4.0743194,11.395569,2.8660128,6.8740783,3.3274798,6.067993,10.428698,3.4767847,1.3972994,-3.15253,-6.4150248,-7.9860816,-0.2779153,-8.639047,-5.2046194,10.560318,-5.6147423,-11.058805,NK cells
cell_299,-11.204991,-6.601677,-8.162133,13.985925,17.292746,2.0129843,2.9832017,11.42094,0.9116858,17.438381,10.228885,1.3937794,-9.719476,-1.7585632,-3.8142667,5.064565,-4.1967864,2.269848,8.982706,-4.6606073,3.9886842,-0.14511809,14.770013,-7.2300186,-7.2891855,-6.696909,-6.0648956,-5.5726523,5.3011637,3.7573764,-0.2552034,-1.7755321,NK cells
cell_300,-2.3283758,5.8829436,3.2807558,6.4197264,11.177433,2.3235075,1.7652527,-3.6504126,-3.0849645,-2.2589314,12.754594,-12.460636,-5.960594,-4.2149,-8.173979,-0.625452,-2.2498658,3.012405,-9.332705,8.897162,2.5964456,17.18471,7.1841073,-8.358879,-4.339668,-11.974992,-4.098676,-8.391005,7.6047935,0.4946078,-4.6666303,-8.451909,NK cells
cell_301,4.970742,13.257933,6.6503577,0.026564479,-7.365905,9.638608,4.6517797,-2.0897493,7.5497394,4.317349,2.9375007,-14.705741,-8.817563,-1.518251,-7.1339526,6.1854243,-1.993026,-10.644014,0.55418855,15.313177,-6.5015826,13.469203,8.477255,14.919859,-2.4045992,-4.624728,-12.686321,-7.683117,5.756133,0.6837666,7.623726,5.8273964,NK cells
cell_302,-1.4649123,2.0145442,9.389026,-5.0675125,-7.9473643,-2.6108327,-1.4101465,-2.917898,4.2235055,4.7934732,4.8797574,-4.1216974,-16.244555,-2.5531192,-2.820343,-7.421068,-0.7009117,-9.993681,3.4398105,-12.385506,15.778143,4.2232585,-1.3884698,1.6099432,4.415997,-5.5437493,-15.260299,-5.532086,5.4790683,2.9775937,-0.33316237,-3.6262481,NK cells
cell_303,9.66211,-0.18361175,13.014421,-5.2866044,-6.5737844,0.49043965,0.8955853,-7.373097,22.740002,-2.2651353,1.0815299,-8.446811,-9.353117,7.584603,4.4185658,2.865347,10.8550205,-10.307576,10.132967,4.1546607,11.482458,0.5236073,10.213045,12.796715,7.1807895,-4.0223684,-5.6334314,-11.077351,15.017344,6.775786,4.4459577,-1.5373342,NK cells
cell_304,5.5835576,0.84772676,14.461036,-2.1628122,1.3035028,0.15241154,7.7377224,-6.2037797,7.373974,-0.2941529,-3.788281,-11.080069,7.2091365,-2.2075465,3.0332632,-3.4857008,7.81042,8.885246,-0.10357183,8.5600395,-7.1298275,9.74807,5.623534,-3.671383,-4.2080503,-13.355644,-10.107424,1.0506669,5.74841,9.244852,12.132186,-14.455113,NK cells
cell_305,-5.5131335,5.580185,7.612365,0.79828537,-9.404755,-4.6629367,9.636458,-16.574839,10.310579,-1.0831203,1.2443888,-4.136852,-10.552804,-3.0794253,-3.839199,2.666665,-4.8875356,8.43095,13.965573,2.8842204,8.729532,4.1029944,0.61745465,8.460173,-0.12344557,-9.719028,-8.185775,-10.670692,10.447524,2.8312507,-5.6616864,-3.0891976,NK cells
cell_306,-4.4275627,10.680945,-0.6249298,1.4813824,5.9480104,1.744584,-3.3603983,-5.495596,8.327195,4.3019257,-2.6726782,4.1028776,-7.908532,-1.8495547,-5.53722,0.62588274,-3.210201,4.871514,15.340744,5.093724,1.1643364,4.761622,7.778654,3.8270378,-0.22598113,-12.664141,-6.096384,-16.13225,-3.3573492,13.546087,10.99842,-3.3645663,NK cells
cell_307,-5.279053,10.212678,2.6917255,0.41434288,3.116688,3.2143831,-1.9443079,0.45251736,3.670119,-3.7995,-2.6705127,-5.540925,-13.855339,8.147242,-11.341529,2.1770942,-0.62090224,1.6137959,3.14154,-6.458236,-3.6563702,2.1270175,-0.47688252,2.6786528,-6.164776,2.5420098,-12.247491,-4.7105646,-0.8440242,0.426098,8.04724,-9.316473,NK cells
cell_308,-0.4312163,-6.0578146,-3.7201443,0.10817361,1.8087618,8.768425,5.4192805,-6.799335,15.327253,10.369582,2.7113633,-6.7811184,-8.042569,13.430434,7.1668396,13.615703,3.592417,3.813083,5.911263,-8.923007,9.1638775,-0.82720983,8.969655,-6.7223306,-10.224214,-12.335205,-3.4769192,-6.193125,14.86766,5.660586,7.8065886,-12.042262,NK cells
cell_309,-8.481207,10.457562,0.87722725,7.8018565,1.0291554,2.2027166,-2.1920023,1.7804495,3.4602373,3.0911913,10.868054,-16.241926,-9.1297655,4.299109,-3.2116034,-2.8716662,0.7490532,5.9845185,6.6680093,7.235428,-2.8788354,3.6434157,-4.47779,7.8797407,-5.076474,-1.837233,2.6789436,-7.5365825,7.566578,-5.4963617,11.149028,-3.1224217,NK cells
cell_310,-3.7945437,4.0430527,3.02277,-8.235528,0.8496254,1.5488597,-8.221724,-3.901225,8.896716,7.39404,4.4564457,2.3313699,-15.692864,8.833304,-8.669046,10.22659,-1.991942,-2.0080612,0.8997286,-4.07416,0.035438538,1.3995492,1.4556592,-3.6800115,-2.8715215,-5.336723,-7.309816,-1.7239077,-0.6599145,-1.0690836,2.2367022,-6.9449663,NK cells
cell_311,-4.6321955,-7.5858107,7.530581,8.535781,-5.3118587,8.199684,5.1699395,2.4435143,11.656431,1.759092,9.7398615,-14.452752,-12.634723,-11.522538,7.820223,9.786807,-3.270077,-5.505954,5.1118627,-10.591274,0.26922065,4.449797,2.4626932,5.7593713,-1.5447674,-6.0021377,-4.4222903,-2.3010337,-4.8101635,-4.6308002,-4.581421,-14.781985,NK cells
cell_312,-6.8220606,14.459518,6.08811,2.0837414,3.8590188,4.2104397,-1.165791,4.7002325,1.078159,1.072733,11.117534,-5.0610795,1.3937473,13.984464,-5.296978,11.454757,2.76134,-2.231721,-1.1102613,17.903763,6.5461745,5.522883,0.7192794,0.39170262,-9.408783,-5.4273095,-6.3148723,-6.0218024,-8.929803,6.5380692,10.364652,-3.010898,NK cells
cell_313,-5.767114,-0.93423545,5.929209,2.3091521,-5.243295,-3.8317144,0.8262802,14.292588,8.11229,9.567074,2.7595499,-12.724574,2.5059562,0.83577585,-0.6166362,2.5251935,2.7912004,4.675118,3.6842196,6.7285495,8.170425,8.472797,4.591601,2.346037,-15.381946,-6.2996807,-3.8812487,-7.0139775,-5.9352646,1.7171956,5.0988164,3.7327979,NK cells
cell_314,-1.4452822,5.651871,3.2541888,-5.7072954,2.042327,13.884644,-12.382986,0.99104834,6.121112,-2.6015143,0.24058664,-0.82114506,1.7577171,1.6651533,-3.8075976,-0.37385923,1.0448627,3.762671,6.9786773,-7.036525,1.2170234,-2.4997368,-3.0991907,-0.11858809,-11.802221,-8.539389,-10.956921,-3.8087382,0.8318144,8.228943,3.9155774,-13.817012,NK cells
cell_315,-9.206146,8.049631,-3.0342722,-2.2296386,-8.020496,4.4801435,5.4102454,0.61286,10.603179,-7.856763,8.506901,-16.487736,-1.4123147,-3.2141716,3.3824766,4.4923673,11.482879,-1.8535103,14.907759,4.7666817,4.051095,0.5775729,-2.371358,-2.8113554,-4.108183,-10.161694,1.5435047,-9.292636,6.472367,-5.874755,5.519709,-6.1234,NK cells
cell_316,-7.3725934,2.5175602,-5.9538326,-3.8404496,2.2391565,-0.9209652,-4.7232027,-1.7022786,7.1397905,0.20579284,4.266986,-11.960518,0.32427925,1.8795723,-17.283741,0.97770154,3.1486008,-7.811058,8.452598,0.915298,-0.7022195,10.687459,1.2307857,2.1857245,-6.639957,-5.915756,-9.538793,-4.6749644,9.4233,2.5278053,-3.9076495,-9.715997,NK cells
cell_317,4.649706,-1.102485,7.305257,-5.588978,2.5144305,-8.895022,-13.071558,-0.16255856,8.351672,-1.1174167,-13.914059,-3.4025202,-16.573431,-7.3932543,-9.904269,6.323599,2.8744211,9.853153,-2.1650198,-19.757088,-5.859336,5.509256,1.7883534,-14.683752,-20.888086,-2.7341285,-16.971785,-5.1872125,-2.31129,-1.3228862,8.08545,-8.949115,NK cells
cell_318,0.60463935,17.793156,2.5810428,9.757902,2.289114,11.450009,15.121145,2.2023568,-6.146904,2.2628179,-0.43825555,-17.262798,-4.727105,15.156395,11.794168,21.689533,1.3883181,4.379585,8.462563,4.3291254,12.418613,11.184547,7.637982,5.74467,-9.797574,-0.110940754,1.1839114,-8.977802,2.2147708,-6.3997955,7.496372,-3.2911286,NK cells
cell_319,-2.9701574,-0.05874943,9.442124,4.5239863,-1.8720344,17.292824,8.062028,-3.5214114,12.380295,5.7019715,-3.4065192,-7.0689745,-3.729253,6.6176972,2.0671835,-5.8160925,1.608775,4.5683227,7.1378345,-9.434265,-6.2886896,9.728834,-1.9145496,-10.472385,-4.8133755,-0.42577004,-15.525599,-7.698194,11.464211,8.260303,-9.534945,-17.098455,NK cells
cell_320,-1.3364165,-4.248829,-5.811206,3.710445,14.878684,2.5903528,6.2376738,-4.505177,15.696793,-6.560778,1.0995293,-7.3528357,-13.406017,-5.710177,4.734942,2.156641,11.572297,-7.823432,-9.692274,10.918941,7.7759066,0.50308114,0.34904826,11.971212,5.3101277,6.914097,12.03568,-2.1219127,21.811638,-11.361313,0.79578733,5.2148147,Macrophages
cell_321,3.0902524,-4.777615,-10.141036,-11.893629,-1.0213866,-5.9734416,-1.5761694,1.7505584,6.1171765,0.39093637,8.231653,6.993827,-3.5280516,-14.3804035,5.460102,-5.8033686,-9.535989,6.465451,-12.886,10.292208,3.99778,13.474274,3.9260445,-4.06183,-9.101064,-11.427292,19.227392,1.6180845,3.9029727,3.5218625,2.4444463,3.868557,Macrophages
cell_322,-11.507636,2.8844001,-10.220154,9.345131,-7.731683,-0.43697882,-3.7423203,13.870877,10.616261,-4.712735,-11.127817,-2.2601259,-4.725,-4.7096806,9.205823,8.414394,-11.935273,-4.113364,-13.1719885,0.3194692,2.0361764,4.392917,3.2424018,14.453133,4.1353264,7.8354077,6.2853107,8.630336,16.222485,6.6485143,5.7250543,-7.979065,Macrophages
cell_323,-0.9897913,8.376493,-13.931631,-7.342605,4.352105,0.74006647,-11.148135,9.753297,-7.351283,-2.0515747,9.261006,-4.1043687,-1.3720741,-14.580832,1.9653848,-3.4913952,4.374117,0.25213262,-4.1394687,1.247221,0.29792786,0.99771845,7.8022466,-4.1402135,15.828796,-0.36177713,5.9022856,6.453374,7.1346936,4.117328,8.106029,4.4466558,Macrophages
cell_324,-9.297069,1.9411507,-5.9484887,-0.057296634,0.18807805,3.3416972,-0.73427147,9.41686,9.154643,-4.5178533,-0.64591765,-8.324916,1.9992509,-10.709949,7.5148897,-3.1709204,6.9124494,13.2262335,-0.59857035,7.146542,-1.2927376,-1.3513693,-0.7626859,-0.79239726,8.273482,-3.227857,9.183129,1.7685097,6.5663004,-6.9481297,8.744808,-0.8218002,Macrophages
cell_325,-16.280012,7.4604053,-0.003738761,8.723125,11.113271,1.1858923,13.300736,10.026409,9.836384,-9.209961,-5.492537,6.748455,-4.5202265,3.5820012,9.277006,7.892161,7.242091,-3.010273,3.8521097,2.274455,-0.16978478,3.3107827,9.282718,3.9389644,9.834683,13.916579,11.33338,9.3137045,15.2419,4.988041,3.231812,-1.64657,Macrophages
cell_326,2.7553892,-0.16321397,4.329731,0.5444143,-7.071452,13.317838,-0.09904206,-2.1679118,15.0155325,-7.0243464,1.2463355,1.9920213,15.063978,8.145852,-0.8211913,2.2962062,-7.46064,6.8823705,-10.386047,4.918032,-2.434565,3.4709277,3.420574,-8.11074,6.019437,5.5840397,18.185106,2.8994057,18.148361,0.8918059,-0.39365932,-11.152085,Macrophages
cell_327,-17.012722,3.3074272,2.3924332,-4.385522,1.3082769,3.268979,-1.6897464,9.007951,-2.5490391,5.5252733,7.94676,4.566727,-3.5076213,-5.732136,-1.6951212,-9.545728,6.072564,17.390718,-9.960435,7.0069704,-3.8075595,2.8933566,8.669068,3.525577,-0.5097735,-1.3869312,5.9103765,2.0813563,20.456966,1.3055885,-4.181579,-2.8683991,Macrophages
cell_328,-7.4984727,7.429121,-5.367482,-7.689569,2.8245075,-6.7095647,-19.900814,4.6766596,-3.597555,-5.2705374,8.167888,12.031706,-9.053975,-0.99822974,-1.6740664,-11.150693,1.3797636,14.003372,-2.5796027,5.0197883,4.777546,-1.065033,5.26597,-10.060135,2.3082824,2.5408838,8.380597,-0.106867135,8.602276,13.284214,-8.696313,10.339533,Macrophages
cell_329,-9.511554,2.8876681,-3.3404167,5.4842925,0.6207205,5.5951777,-4.8897543,10.769258,-0.8712806,-4.008298,3.6847286,-6.34731,-4.893691,-4.548421,3.421008,0.05449617,3.2564228,3.3487058,-3.9413784,-8.397714,-3.7115693,13.126902,0.10934584,-6.3752832,3.6134057,14.3322115,12.978901,6.296143,9.096213,-0.947667,10.67572,23.422615,Macrophages
cell_330,-14.46017,3.4357371,-5.431782,8.870937,7.269088,4.045201,-7.175476,6.968154,12.413916,-7.452404,-1.7049901,0.29697287,7.806445,1.6753856,4.8817425,-13.668159,1.0569009,10.088252,-14.08818,1.5783644,0.18972814,8.545102,1.8471298,-3.0133677,-3.187992,4.4436455,8.229236,10.173845,6.9199,13.978162,3.314556,-13.110069,Macrophages
cell_331,-7.2440047,0.4744829,-5.2980466,-5.871092,-5.9841914,4.185153,-2.4811687,-1.1456007,14.478499,1.8889515,1.1777606,-9.406924,-10.8354225,-5.125125,11.328034,-3.297145,12.308142,15.777693,-14.325513,6.3251176,6.951584,8.790797,-12.48283,9.064733,7.464046,5.6292925,4.5904307,4.6095223,-6.3761635,-2.9792063,6.5254455,8.157665,Macrophages
cell_332,-15.279086,-3.972746,-8.255644,10.498888,2.5395634,15.855512,2.4198787,2.7588441,11.188371,-13.957839,0.6204262,4.8538604,17.213999,11.324484,1.6324189,8.337269,18.011497,-0.046364248,-13.514579,4.889746,5.398528,-1.911056,4.1326036,-6.069516,15.131357,15.115044,6.162837,-2.0677655,3.9131713,0.6897688,-1.9580641,-1.7381778,Macrophages
cell_333,-8.130772,-3.8791819,-2.2800474,-0.58852434,-10.131317,1.4151103,-6.2543273,-6.795939,12.537497,-2.3103294,-0.37303686,0.82554543,-9.46597,5.6637945,14.190401,9.135277,-6.9889665,3.602798,-13.021711,10.719363,13.387518,-0.91216457,-7.4216294,11.660506,-9.094888,-3.2022634,9.365027,6.506094,16.886032,-5.1136093,5.878293,-12.267438,Macrophages
cell_334,-7.632987,5.1508794,-1.6775644,9.056588,-9.975547,-3.346903,-5.6992073,7.8354464,12.268891,-11.642214,-16.035786,-0.6643603,-2.3565638,-2.6341918,3.152303,3.9894772,12.060043,3.2852345,6.311141,9.719467,3.8444448,6.3903756,18.337746,10.749215,6.0585837,5.5886974,13.9426,7.0407662,13.6864395,-10.243295,-8.86785,-5.1531997,Macrophages
cell_335,-6.60836,9.449863,-3.5997481,1.5389693,-10.370072,13.72324,8.636764,8.842554,-3.9664068,-4.940998,-4.478084,-4.447134,-0.8438857,2.7380786,17.124752,13.583027,5.782722,-2.5330591,-9.959341,7.0019455,3.2191665,-0.22638763,1.0688182,2.0767097,5.5452623,4.1735396,10.519754,4.4710627,8.616628,-7.218336,7.606286,11.631798,Macrophages
cell_336,-0.39295655,-6.7654486,-0.8990587,15.315788,3.3359928,-0.49393177,4.6856356,12.638118,14.255196,-2.5191622,4.328315,1.5856376,4.1825185,-8.403179,6.6111455,-0.3021884,4.243037,0.09197396,-5.3608985,8.821825,-6.210055,3.6432652,5.2152524,0.1318214,6.1036987,5.645408,11.115241,9.025061,9.460539,-0.18013668,7.3936276,5.536725,Macrophages
cell_337,1.9911144,-5.0525494,-2.07961,-0.7271098,-4.342773,-2.105082,-6.926113,-5.622572,6.8374643,-6.6924524,5.28549,-3.1973681,-10.622326,-1.0398151,11.63855,2.4867258,1.9400733,2.7552588,-6.9706707,11.185255,10.089378,13.684315,3.84639,-7.432851,10.699959,-3.6158452,4.877599,0.97589874,12.386555,-2.7295942,-1.1578345,3.6590292,Macrophages
cell_338,-14.047133,-6.8061533,-8.285261,2.634943,-0.27711952,-0.6294739,-1.8880472,11.632908,-0.43118262,10.523619,-0.39644694,0.38362098,8.97003,1.5526081,7.4384527,4.7848983,2.7713923,2.8133752,-15.101489,13.784367,5.002513,3.2843347,3.6630359,-3.5235457,-0.6743424,9.12969,8.491959,5.7645755,4.201558,-8.121704,-0.21198007,0.73452497,Macrophages
cell_339,3.919197,-9.677268,-6.6455426,-1.9756703,-14.178767,14.889864,0.09227371,3.4244304,7.8591957,0.14992237,-5.1977386,-8.979996,9.051674,3.7025087,14.874201,13.135873,10.845264,-3.2006094,-10.108683,-5.345461,-3.970913,3.3880382,17.754974,-1.7366884,-2.1802874,16.046762,5.019978,4.332248,8.527744,0.31023073,4.22802,-14.217156,Macrophages
cell_340,-2.083858,3.0231662,8.584561,2.772653,-2.0005505,0.11755991,-4.763924,7.4734116,6.023429,7.440586,1.2962298,10.528091,4.4909086,-8.204079,7.379154,5.8081284,6.791252,17.762638,-16.32943,7.2532063,6.158216,10.782123,6.623472,-1.6841135,5.3091955,1.7301652,7.6790295,6.670017,4.110779,2.683712,12.695734,-6.154222,Macrophages
cell_341,-5.5142303,-7.098303,-4.813338,-2.414975,-3.8497026,5.372882,-6.3039966,-3.9071465,26.08086,-0.39627767,6.9910865,7.320673,3.8513267,4.292869,0.9147694,15.155539,8.70217,7.3634386,-19.276041,0.04173112,3.5459197,17.124056,13.701834,11.062423,7.44551,-0.9227574,9.202537,-6.9907427,4.055229,-1.8588119,-10.001162,-2.8712928,Macrophages
cell_342,-16.363726,-5.184442,-4.573854,3.1860414,-7.1902394,-3.7874384,-4.000571,5.2442117,-3.9943347,1.4786378,1.0274484,5.420456,-9.129533,-17.16336,6.5304027,4.0643997,-7.8518605,7.8179145,-15.010427,4.53875,0.64033693,5.8836164,3.0677981,-6.1656475,6.900427,3.084741,-0.35999596,7.021781,8.619921,1.8090167,-1.055527,5.2651205,Macrophages
cell_343,-4.460434,2.3484604,-8.3008175,-3.1001792,-6.8530836,0.06572509,-13.247519,-1.8793085,4.0411253,-13.076321,-0.8111441,8.734531,-0.5231199,5.079253,5.420341,10.341372,-7.398973,2.222932,-5.5571938,6.9340515,0.3097813,1.6553407,6.9465637,5.4941654,5.337064,9.569534,7.4407415,3.5282469,10.619479,-0.08928692,14.491135,6.2927847,Macrophages
cell_344,-9.814506,2.948784,-11.950266,-7.4622846,-7.912833,-3.59749,-5.837315,-0.013559222,11.594144,-5.9224305,1.1063476,-9.442814,-0.9045491,8.321677,-6.0291843,-0.6041267,1.6568906,3.0131316,-8.824516,12.107353,12.829742,8.4421215,7.048106,5.8767767,3.2271583,6.896577,11.149276,-2.7293086,8.450279,-4.9741173,-4.2898245,5.620754,Macrophages
cell_345,-6.940636,3.309199,-4.0130167,-4.401189,-1.8242016,8.267806,-16.198536,1.6015784,2.2003741,-11.474121,5.8041177,-0.053467453,-2.8751647,-0.12407574,-3.8900776,-12.694148,-5.2480903,9.082069,-2.0047674,-2.8098598,9.310479,3.0065725,2.7619846,-6.4306808,-5.581744,9.53682,6.1361933,1.9139218,-3.4410577,10.596311,10.291313,11.255811,Macrophages
cell_346,-5.0784993,6.9051676,-15.478522,3.4109077,-3.1486802,23.34358,-1.5792942,4.837289,2.6497195,-0.8043237,3.017918,4.0864167,6.6330194,5.1950445,3.7760887,12.647188,2.4103947,3.2159038,-3.4590533,4.795263,7.6456776,8.85581,10.073452,-5.6317387,3.4663138,-2.0910997,16.887,-0.4684124,4.2483063,-0.65931225,8.233584,-11.642446,Macrophages
cell_347,6.586038,2.0325663,-7.6844206,-2.0810542,-1.9182057,1.2138389,-10.627488,10.871219,5.9211097,-8.404587,-1.4246366,2.462149,-0.98838466,-2.8163524,-1.2297074,-6.8332825,5.7025967,2.2867134,-14.283283,1.3119242,5.213691,8.933797,10.34759,-4.53647,-7.790247,7.6459556,11.880205,1.4200196,8.528031,7.5666904,-4.1757574,1.6086211,Macrophages
cell_348,-2.7448156,-7.2015886,-8.212324,3.23803,-1.4520214,-0.25763953,-0.8784261,1.1865244,2.9964821,-5.288889,0.95544696,-0.395198,-0.4188576,-2.0469515,1.4788157,-1.4763789,-1.7978388,8.951618,-2.678237,10.341132,3.848425,6.320513,4.0124516,2.9780605,5.925231,9.075425,10.349279,5.423879,-4.8728304,-4.7913895,3.2885394,-0.48312092,Macrophages
cell_349,3.6348085,-0.10283196,-1.6373413,-1.5712862,-0.70246744,7.939719,-1.1867201,-5.3666506,7.486515,0.18079114,-1.92997,0.777037,-11.768995,-4.5021296,13.441792,2.154336,-2.427701,16.095491,2.4748101,11.977906,7.0091443,5.3472776,12.017122,0.9867369,10.199847,-4.812513,11.716429,11.39386,9.63624,-4.873301,4.437768,-2.8380175,Macrophages
cell_350,-9.083939,-8.408246,1.927114,-6.020833,-10.75903,-5.464406,-0.21400666,1.7850742,2.0820851,-4.410302,1.5784116,8.514763,5.6080422,-7.7138386,3.0021925,-1.9525356,-3.6189678,12.553063,-1.5085647,10.258069,7.306525,-2.6149573,-1.5396435,-9.126887,-1.5742751,0.80403537,10.474556,6.8111987,1.2126851,3.9248247,10.419337,-3.376783,Macrophages
cell_351,3.9337645,0.58902794,-4.977353,-1.4674683,9.285655,8.701051,-6.2454796,3.6224167,5.916847,-10.454396,4.459111,-2.7782521,-8.202702,-9.511032,-0.70398384,-12.0957365,-0.52595806,6.1064935,-9.30775,12.256769,8.695234,4.1941867,4.0860276,-2.2857523,0.26930255,1.0384781,8.94665,1.9834872,6.85728,11.056018,7.803511,-0.36817187,Macrophages
cell_352,4.851563,-1.4209703,-3.932219,-0.9614408,-9.53178,6.875388,-0.32811344,-0.16809726,8.1561775,-2.408737,-5.574074,0.18266284,-0.015667379,5.9942365,4.425956,7.1147966,10.380598,8.066077,-7.652893,16.578302,1.8777546,6.8868155,12.792681,4.0645204,6.55416,2.7619362,-0.786196,-3.1745124,26.423944,-4.848959,-2.070875,-5.257868,Macrophages
cell_353,-5.043756,-8.208508,-9.94174,6.646583,4.603506,13.230642,2.299286,2.0411158,3.7402625,-8.790624,0.14458084,-12.923952,-9.768842,5.033392,-0.27385187,12.593423,2.9126515,-5.479381,-8.5912075,6.656609,6.218517,-3.365108,13.499463,9.177258,16.38706,12.041079,10.385925,0.77463,14.959639,-6.395751,-17.580019,-14.80621,Macrophages
cell_354,-7.2561097,1.0012074,-9.093262,-0.7304895,1.9573562,-7.644623,-11.207542,5.1222696,3.6217206,-1.3860185,-2.6193643,2.3494952,-2.3703456,-4.2285886,-3.1724448,0.07501221,19.086954,-4.9793234,-7.998699,3.1477356,1.8410752,5.253183,0.040273786,-7.2232685,4.442755,5.2583976,12.097108,7.8422832,20.418442,2.1987405,5.31043,-3.4226136,Macrophages
cell_355,-10.37861,0.7511196,0.86523974,-10.285762,6.8792515,-7.1515026,-10.136709,1.826155,-3.355937,-8.086165,12.0665045,11.955293,-7.0433345,3.1838427,0.5609551,-3.5020812,3.023145,10.911805,-11.694126,-12.602381,-3.0711148,11.625543,8.837529,-13.697865,4.40492,2.892666,-3.069165,-0.6738185,12.457383,1.8234282,21.110956,11.048975,Macrophages
cell_356,-8.312409,-3.1303673,-9.720283,-4.152093,-5.172827,1.5914649,-8.097044,7.483796,17.773705,-5.5014257,8.559284,-7.5184836,0.37567273,-2.2419436,11.000711,4.2408395,6.604822,9.352008,1.5988297,4.1545,0.52567744,2.273199,0.09550974,-2.334284,-3.6182966,10.849533,5.9302974,3.9346037,6.4191933,2.3482828,3.6179392,-0.5850719,Macrophages
cell_357,5.7437463,-5.181413,0.83229774,3.3994727,-8.80415,11.377213,-4.307016,13.579426,0.79871017,5.5212984,7.475107,2.0717015,-0.9537515,-14.32203,3.6767335,-11.1938925,5.435801,2.643469,-7.8979607,4.7059226,1.5954635,4.781302,24.222397,2.751764,10.51578,14.095149,0.14985573,2.369765,10.78308,-8.416844,0.56351507,-1.1772696,Macrophages
cell_358,-9.621132,-10.33639,0.4416045,-4.6491194,2.000258,5.8972874,1.0585568,-10.111246,1.7811004,-5.506317,-2.5434372,-4.6334534,13.960074,-0.7592567,6.36436,8.446688,-6.657302,1.7108958,-0.6513251,0.698431,5.034332,-5.416204,-0.91187865,-1.9647362,7.287199,16.905289,6.2872534,-2.3117113,22.353355,2.120559,17.138744,1.2329998,Macrophages
cell_359,-6.8423195,-5.9385595,-10.116973,-4.906054,-2.7716937,1.2116069,-0.3996035,7.729964,6.3371234,-14.258129,2.6383965,-3.7583392,-7.268476,-14.341524,8.576522,-4.1188264,3.2920723,-0.020491302,3.0048308,-4.7700253,5.2094035,11.301944,3.4782681,-3.0370975,1.1158433,9.723147,15.868244,9.171163,5.1037793,1.6970266,-6.1160846,-3.0658007,Macrophages
cell_360,-0.63112557,-13.552855,-3.657971,8.15501,0.730391,1.8882406,-1.3236897,-1.3810282,1.7327476,-10.990126,4.5506306,3.9869695,7.284342,-11.177164,11.494417,3.854983,2.8336186,10.002157,0.71439815,5.549228,11.126777,7.480009,4.916573,-4.3453903,-1.3323275,0.20536494,5.51085,3.074847,8.871904,-7.325979,1.5008496,1.2819047,Macrophages
cell_361,-11.340849,-5.696,15.012484,-0.60190153,-14.248473,8.167567,-0.796759,6.7938347,7.736925,-1.2358912,2.7392416,6.9711,12.333319,-0.23984422,2.0871193,7.420366,-2.0751765,-1.7483091,-2.5574284,1.8140001,-5.266361,-5.8425198,6.80405,4.640973,2.5598767,12.855439,10.950214,17.316946,17.815544,0.22045171,4.347515,11.554158,Macrophages
cell_362,-7.231244,-13.679887,-0.5698162,-6.4059153,-5.4582705,-2.7950869,-8.731394,2.7371397,5.0013795,-15.43653,9.188779,-2.0594954,-2.81076,2.3563375,0.6252116,-10.703571,5.1009827,15.7046175,-1.0472519,-3.3404217,-3.6282322,7.031401,3.0044413,0.56708074,-1.7642274,18.333086,-4.91215,1.9295053,6.425546,11.354471,-3.0618103,-2.267447,Macrophages
cell_363,-0.39248824,-1.089934,-6.456266,-9.5090065,-10.938103,4.795342,19.377731,3.565152,18.471767,-1.5133561,-8.722989,-10.252921,2.608864,-4.519204,15.325115,5.569877,-5.2690845,-2.8465128,-4.8078203,5.114356,3.333035,6.301449,2.620246,-1.6392982,11.411371,2.4769306,7.4502373,12.72039,6.49457,-5.7731175,7.0424347,-0.24733019,Macrophages
cell_364,-0.11128199,-5.4740505,-7.6737556,3.5610032,5.97353,5.687069,-2.2991226,-5.7071905,20.347542,1.7358317,-15.290267,0.42314374,11.963369,18.851397,11.562992,9.38385,1.1050961,-0.53635085,4.958727,8.933323,-1.6425717,0.7370266,16.727467,2.898027,4.077286,16.950224,12.020261,6.3412113,6.247527,-8.450966,6.867688,-0.3024392,Macrophages
cell_365,-16.55079,1.9221004,-3.176428,2.8740456,5.802377,4.7382126,-14.377658,13.675296,-0.9216377,-5.6646686,13.560896,0.63062435,-2.194867,-6.202794,2.2824173,3.2034254,2.1125088,0.21835247,8.80922,-0.17217503,-1.246079,2.4298227,10.877084,-5.021372,4.261968,8.079475,4.943728,3.8842852,-0.2168949,13.041662,1.6230067,13.745531,Macrophages
cell_366,8.935703,-17.894512,-3.7667747,-11.482136,-9.262621,2.1093514,-8.218511,-1.1725744,10.277579,-11.027073,6.701231,-4.9528027,7.084032,2.8833444,4.599517,3.8470135,7.7830615,-1.8171066,-4.454813,9.186171,5.3655567,4.19596,15.570233,3.3537974,2.6067076,10.151435,3.511057,-0.24701533,10.512517,-1.9755814,13.828381,3.0803528,Macrophages
cell_367,-0.21993989,0.8170132,-1.9678743,11.196817,-3.5588777,8.342879,0.12724674,2.6122918,-4.949627,3.1386867,1.7089324,5.1400433,-3.7868347,-4.5462728,8.987658,-0.68038726,0.0923084,8.2057705,-8.926705,4.380726,8.059824,9.522801,7.0431614,8.253808,-6.5322304,7.2386513,7.6386156,6.23226,10.378558,-1.0759038,4.4297185,3.014857,Macrophages
cell_368,-2.3261297,-10.121322,-4.8655653,-2.7379968,6.9728866,3.1056461,-11.32594,9.383194,-1.7735152,4.7989974,6.0641713,6.574389,-1.6421233,-9.577669,6.631088,-0.4289608,-4.208646,8.811755,-9.4878845,11.093033,-2.9075346,-4.895331,9.417912,-0.26385754,2.2825918,9.896396,6.9904823,3.7939622,1.197037,-3.2866957,8.469154,15.97204,Macrophages
cell_369,-5.95767,-13.7971525,-4.194849,-9.840068,1.1344507,-0.6521643,-23.98496,-0.33422977,10.313677,-2.5343595,18.425884,7.2128277,2.8853688,-3.1706824,-2.4426746,-0.005222574,6.4897847,14.347845,-8.967486,-4.7323346,-4.237747,9.015008,-3.7062945,-6.064179,-9.288889,8.141449,6.074237,0.7746662,-4.773662,11.461108,10.763379,-1.2443136,Macrophages
cell_370,-14.357744,-1.5034302,-4.797389,1.1243236,-2.869682,-0.77962995,0.70887065,1.8933883,5.1082335,-11.08322,12.15781,14.586622,1.9464514,-11.733448,-2.250307,11.459158,6.33045,1.5881369,-3.7546835,7.884209,11.048857,5.529672,6.536362,6.4875183,1.9531898,8.959422,14.906496,0.42620087,-6.834402,-1.2489356,-0.4882884,-6.849234,Macrophages
cell_371,-0.3003354,-3.177647,4.590533,6.3850574,-7.809429,13.513551,1.3655615,-8.460522,13.426445,-12.263797,-1.7060435,7.9397435,2.8816142,-7.6685104,4.514201,4.0606937,-1.8180435,-3.5835218,-10.157289,5.4991474,9.7207365,-7.5044203,7.4811006,3.9153676,21.907232,1.4657079,5.5804873,-2.644751,15.687444,-1.728122,9.094636,-5.2747183,Macrophages
cell_372,-3.3167205,-1.2106608,-17.928127,-5.2424483,13.109107,4.254601,-11.132728,15.908911,-5.9792256,9.165206,19.212503,-4.705196,-4.486497,-1.6861917,0.6346178,-5.698847,6.3660283,7.8889103,-14.214901,0.7982941,5.729651,3.6737366,6.041202,-1.3513798,-8.440295,8.778741,4.175579,-5.201343,5.70416,2.5002744,8.671151,1.9977362,Macrophages
cell_373,-7.4048314,-5.7124724,-0.87842804,-7.6723957,-9.673455,-5.1097426,-13.768485,10.98003,0.5773133,-3.256563,2.2065876,5.6646023,-5.17359,-8.490619,9.967258,-6.186885,-1.1781998,17.054007,-1.4559696,-5.8628397,-6.0204268,9.473351,3.2697244,-9.394451,0.36899826,1.5476189,0.38058144,9.255808,5.7794676,-6.775322,6.846924,12.177557,Macrophages
cell_374,-1.699714,-7.512746,-7.9104605,-8.229407,1.7926166,5.1107526,10.931373,8.58745,11.385074,-1.6827741,-7.481481,16.752155,4.3927937,10.31119,21.90452,13.151741,17.19031,-5.0275135,-13.214142,15.519548,3.5066786,-3.7265868,3.6385581,7.039109,-4.081,8.13835,18.278774,-10.841409,7.8764534,8.231977,-6.339794,-9.949669,Macrophages
cell_375,-7.404276,4.7848396,4.4735312,-2.7800148,-13.334501,1.3050079,-2.826312,-3.0342963,4.0077043,-6.5657735,-8.086918,-9.465751,-6.4820633,6.2907376,18.181694,16.35246,-4.859306,9.751777,-8.590049,3.868923,4.8308544,8.385762,1.684869,0.9573977,15.02704,11.69578,5.5745544,3.689348,1.4176257,-6.9538136,4.450406,-2.7012045,Macrophages
cell_376,-2.4601305,-10.743198,0.8710785,-9.562178,-3.2773561,-16.766285,3.4130495,-11.647371,25.21191,-17.255308,-7.1245556,-0.3803115,6.7066784,6.3976054,16.49114,12.2774105,-8.558209,12.474723,-5.3122535,9.13937,7.419872,-3.5070107,1.9377568,7.8625603,7.7693825,4.069186,10.834917,-6.5722966,15.887763,-2.6785839,4.412838,5.384315,Macrophages
cell_377,-12.759516,7.6028748,-6.633947,-1.6691073,-6.879005,-5.1452355,-8.47895,1.9471145,6.9269814,0.76432294,8.898119,9.18417,-3.3162272,-3.6352694,-8.733778,-4.7485943,-5.882433,3.663737,-6.711664,14.554096,1.8541124,0.29669857,4.8032284,-3.3527217,14.963175,1.8842162,2.829978,7.1268682,9.763821,-2.7677078,11.082511,-1.2644141,Macrophages
cell_378,-4.3345175,-3.919199,-4.4884014,1.6273892,-10.511194,3.7236319,9.242318,5.1781974,3.575404,4.7165904,3.0409389,7.3824472,9.874484,-2.2632837,5.8853064,16.259987,1.8330685,14.160766,-9.272492,6.2051134,-5.4128647,-9.58099,7.9648814,7.372898,8.870956,7.907317,-1.9992697,11.386628,9.948656,1.5795565,1.2989194,-11.011961,Macrophages
cell_379,-4.479175,5.4509254,-10.570328,-5.089587,-4.362943,-7.317098,-3.7438583,-3.1157527,9.677697,-0.6425241,7.7980356,5.4178276,5.6625795,-5.1859584,10.76187,2.763456,2.1378734,11.103668,-2.4157,13.056693,7.720601,-3.3586025,3.041211,3.6932993,9.645145,8.472557,-2.4057164,5.304589,19.086426,-4.247574,-6.5550804,0.21862769,Macrophages
cell_380,-4.9553266,-3.730797,0.77532065,-3.1800854,3.3216321,3.7962472,-2.8038232,13.931557,-7.365184,-7.5034227,6.5887003,7.9009824,-0.19281498,-16.818293,-4.5839925,-0.46121407,6.174938,7.6994696,-11.643635,-1.0901884,-0.20016284,7.014321,7.090008,-19.639456,9.405183,-8.369263,4.1410027,-2.06608,16.025707,4.6613355,0.28695726,-0.25110862,Macrophages
cell_381,-5.8377137,-5.903371,-12.888088,0.3185495,-1.4499304,13.611251,4.9639683,4.6926737,2.0401702,-5.4001613,-2.2444427,-6.986593,-2.625772,-11.618837,12.808542,4.695624,2.712356,6.709437,-6.585563,-1.8766487,-3.5148256,11.052718,1.253054,-5.206326,8.069402,6.4710283,2.2663145,-5.0918307,2.450698,2.2414417,2.283622,2.5253606,Macrophages
cell_382,-22.042763,7.3411183,-5.0556574,-10.185305,-6.7589083,-15.768865,-8.563796,10.720968,4.048461,-1.4845014,-0.048739076,1.3580157,0.13531318,9.520507,11.156964,5.186274,-0.032246947,8.387481,-9.241351,3.5693035,4.965452,4.5867558,2.1096857,-0.26911646,-0.6799753,13.083453,4.087315,5.078856,4.1981544,0.83299065,7.140717,2.5140133,Macrophages
cell_383,-6.621978,0.16310048,1.0212741,-1.0744379,8.904776,8.759907,1.845751,-10.764063,19.527323,-16.730505,-5.8749814,7.935213,-1.2858441,1.5784816,16.631386,3.4709234,7.814326,1.2494684,-7.203928,17.20229,5.3766537,-3.97394,7.2320495,14.446144,9.911449,-6.3203125,20.981543,4.229253,-2.6475778,3.1968021,15.582568,-1.7878466,Macrophages
cell_384,3.8923001,-0.60299873,-5.4402666,-3.0366735,-11.049019,7.4076586,-7.6607103,13.680614,-0.57083416,0.21907282,-0.7901943,4.694514,14.12716,-5.332924,2.3803902,8.533863,-4.649833,5.6909895,-0.6397735,6.897283,-1.0770831,5.2815056,10.937782,-7.098569,5.902167,10.898628,7.428422,1.3378342,3.3872268,2.3246655,4.1308928,8.181364,Macrophages
cell_385,-8.3135395,-7.090146,-11.397795,-2.787102,5.0378723,-10.764264,-7.268516,6.2006593,10.417777,-0.04057023,8.169128,3.8481252,-0.2799439,-9.847681,-4.9903374,2.6141434,8.79519,9.114872,-0.9732108,5.1777225,-10.190711,1.6443877,1.3292402,-4.0976243,10.264858,5.924126,2.9903054,2.5147846,2.533781,3.501209,8.19324,-2.0164433,Macrophages
cell_386,-2.3837256,-1.9211398,-7.3437934,1.4577298,-14.25158,2.079745,-8.281302,5.8228292,12.164062,-11.659904,0.29408598,4.1447053,-6.6552334,-13.119329,12.762764,-2.7272856,2.62786,-9.248577,-15.107022,9.662591,4.4329977,4.3102207,-4.5852284,11.165921,-3.2795575,1.2798343,16.958109,-7.0475435,10.664999,-15.148172,-9.208319,-3.040142,Macrophages
cell_387,-6.133944,4.2300034,-5.343959,-5.606526,-10.110343,2.5388403,-1.5060486,-8.024164,-2.1127467,1.0681831,3.9319632,2.3508885,-4.4157557,-6.2603064,12.258927,4.095999,4.4819813,16.31657,-8.625917,-5.1393156,5.83491,-0.1590781,1.7210327,-2.873565,2.3859396,-2.3983984,3.1110425,11.336746,11.95228,-0.054567814,14.129791,1.5437703,Macrophages
cell_388,-9.727598,-1.605121,-5.6965876,2.5025437,0.15134287,8.766413,0.57839525,3.1051085,5.8513594,-13.932806,-0.091733456,5.0515146,1.3012967,-8.832649,2.5254483,2.2977638,-1.098236,-13.282638,-7.653001,2.062575,3.0141947,-6.086567,-9.074339,10.151771,11.383508,15.1345215,16.345463,13.232847,3.7025852,-3.9549224,4.9337697,-3.7641218,Macrophages
cell_389,-4.3332562,-1.2029896,-16.086807,-0.028723478,3.6456604,7.3064833,5.1654797,-1.6810329,-4.2148986,2.887158,-5.6902103,-3.492496,2.7183075,-0.5323693,11.397109,0.22397876,6.897073,2.7668736,-12.271022,5.9921465,-0.25561237,6.9430146,-3.5209002,8.31006,4.3096886,4.568974,15.581721,12.314471,4.952097,-7.8581276,3.058194,-11.733479,Macrophages
cell_390,-6.060507,0.19264585,-18.203035,-7.2621746,-2.6739311,6.301509,1.4558138,2.7094743,5.7176576,-6.0138135,2.0465114,2.2218132,7.895466,-1.9960938,6.4141197,-1.6239777,3.6844964,3.6967432,6.1893716,-3.0162106,-2.9642124,11.262279,6.3244715,-14.091884,-0.6417175,6.446116,14.275093,4.730659,7.0977592,8.9134865,5.199408,-1.0160018,Macrophages
cell_391,-8.172487,-9.757018,-0.9000777,6.134399,-7.7087493,11.053745,2.9192128,-5.115199,13.993938,-12.2905445,-6.6632137,6.1610355,-9.4248,1.5096102,13.608586,-6.952996,5.5960016,0.12565786,-8.139809,8.847195,9.3254385,3.8606052,3.9609475,3.1401215,11.599522,10.085266,-1.0609677,5.5946503,7.5907197,-3.9127665,4.7750335,4.395184,Macrophages
cell_392,4.2727566,2.0294404,-1.0901496,3.1570916,-4.8107147,11.713324,-4.2683077,10.73268,1.8993568,-5.664479,-0.4906206,1.5843835,1.6336695,0.64301115,5.971425,-13.333207,8.988235,9.964205,0.7676839,5.0938134,-0.37456793,13.007856,14.5793085,1.7505717,3.132646,-6.0520525,13.638448,5.957769,5.91499,-4.8350534,1.9744223,0.7344737,Macrophages
cell_393,0.34587502,-6.134125,-1.3413911,-3.6302419,-13.646881,9.408221,-0.086982965,-0.49825847,4.0205183,-3.4966059,-1.6891563,-1.0624295,-1.9481238,-7.7421975,6.3159256,-2.202772,-8.359484,5.2315164,-10.126177,3.131816,4.785675,2.7861667,9.548362,4.906517,4.633642,2.0931811,9.518058,13.69993,2.7265198,-12.253249,-6.0599976,-6.6834393,Macrophages
cell_394,1.3003464,-3.3275037,-9.193926,-2.2853134,0.77647114,6.888626,16.362722,5.824842,4.1407137,-9.211509,-1.483305,0.9357636,-1.20186,-13.564069,15.401244,12.802831,4.03963,5.9502387,-6.3819456,3.447646,10.612827,2.9297738,21.470531,0.6253371,-8.546438,1.6835134,9.31119,-2.1356041,10.410971,-6.90646,-2.1877165,0.65594697,Macrophages
cell_395,1.0440625,2.6337478,-4.2020745,1.3730404,0.76733816,4.968127,0.07403672,-2.316507,-7.2926636,-8.141372,5.247451,0.05879301,-2.9290977,-12.867997,9.061995,-0.32017446,3.7293472,2.6832438,-7.0865955,7.0048923,9.52293,8.547756,9.199719,-7.5440006,-7.7001686,-4.534953,12.418902,3.2511084,4.4196243,-9.03596,25.211359,-0.78116035,Macrophages
cell_396,-9.939334,-10.839194,-4.843384,-0.59812224,1.6731794,10.487345,-0.22514343,1.7695761,2.0644505,-9.077802,-5.8474374,5.30962,13.231979,-9.030136,7.2681036,4.0612135,0.44887686,10.016863,6.1605167,9.43471,-11.353178,2.203706,11.36687,2.948269,11.586902,0.18022907,11.352474,9.07224,2.14517,-0.2601316,-3.2404392,-5.6659,Macrophages
cell_397,-2.9768243,-12.944532,-5.0626307,0.7225466,-8.322244,-1.1747525,16.621887,-3.4411755,-0.6866152,-5.8139067,-10.437532,-6.5959473,17.738195,-5.899157,3.9487212,5.3133564,2.30481,5.2198687,-6.8551946,3.5108476,5.158322,5.3226156,7.834972,-5.4592695,19.680548,3.466864,9.289154,-2.5530608,8.503861,0.041320086,2.834395,-1.632371,Macrophages
cell_398,4.936145,-10.05641,3.2053552,-6.7820272,-7.8103538,-7.0932035,8.754826,4.626644,6.272594,-12.448984,9.03729,12.112771,0.59568405,-12.162811,6.0859966,-3.688662,8.242324,5.4077506,-11.0478325,10.466294,9.709027,9.328496,9.821948,-8.370335,6.9326715,8.278208,3.790162,5.421917,8.46891,1.4424719,-3.1296365,8.200736,Macrophages
cell_399,-3.7784944,-9.973128,-5.7082734,-1.6053457,-14.268011,6.4918666,-7.8090024,-2.7344513,5.3677597,-9.69426,-0.52015615,1.2184861,-3.949366,1.6660856,4.106492,-2.022985,-4.0324955,3.4699,-1.5880923,2.3264565,3.5307937,11.7927265,10.003745,0.95207757,-3.6019883,8.404939,6.2931395,3.2434552,13.818199,-7.0305343,2.5089235,-3.6246896,Macrophages
cell_400,0.70540076,-1.9086566,-10.999919,-1.5250225,-0.66205406,4.1264925,4.5687027,-15.041141,-9.189185,-1.3660175,4.163677,7.893014,5.37633,8.361482,-12.466048,11.05417,-6.089719,5.261336,5.3444095,-0.9168208,8.111046,0.42032585,-10.618243,14.509024,-10.737946,-2.4565618,2.8448277,4.5647707,7.452125,-12.246431,7.621747,0.3238579,Dendritic cells
cell_401,-10.644059,1.713134,-8.811264,-4.0305686,-5.58689,0.8624295,-4.3668427,-1.5385749,-3.0846226,-7.5263042,4.9196854,4.302064,-0.11882153,7.760383,-13.238683,-4.917146,-4.263911,-0.106622815,3.1687129,-6.4603267,-6.66201,5.2047596,-2.2314348,0.29815096,-14.552868,2.339926,-1.4321102,-1.1634195,10.73589,-5.4203224,2.8722765,6.777216,Dendritic cells
cell_402,0.19635874,-9.139927,-4.6148653,-2.1076217,-10.075607,7.0909624,19.499239,-16.536901,7.279813,-2.7593994,-19.744284,-2.3230023,18.40478,10.551946,0.46027136,-0.7309232,3.2482476,-8.893637,0.6149478,0.46132243,1.0160382,-0.30296957,9.8898735,11.976845,-11.570778,-9.140356,6.8590393,1.3370333,15.001491,-7.7812576,-0.6253469,-3.0245702,Dendritic cells
cell_403,-7.0772696,-1.0334951,-3.32876,-0.28437343,-0.9225573,18.498585,-0.010933042,-5.349414,-3.8893929,-6.0691075,2.8610222,5.425472,-2.0493267,-4.000468,-3.474687,-5.9085555,4.8351564,-5.151094,3.129606,4.796925,1.834892,8.285912,-9.667403,4.0025835,-15.184232,-12.766619,6.6126404,6.589685,5.3486447,-11.452888,2.3560576,4.5686936,Dendritic cells
cell_404,-4.377197,-7.4177074,-5.048463,-6.8984456,5.124393,-4.35786,7.367397,-5.470914,0.6621273,12.21004,2.5893123,1.6601743,8.90375,3.051277,-13.299051,-9.039556,-0.4098854,-2.6731427,-22.296158,-5.6722827,1.3340039,11.510342,9.927158,8.840862,-14.138042,1.4258165,-7.744474,2.6220806,-5.090841,-6.6552486,-2.6686046,16.111843,Dendritic cells
cell_405,-2.0735612,-1.3911788,-9.70932,-6.8108354,8.059285,5.5234084,-6.4846935,-10.330149,-8.304097,6.490321,-1.4914566,4.8955383,5.0675797,-0.17574328,-6.945236,-2.8907459,2.9308486,-9.503579,4.6401567,7.0529227,-1.1813618,1.3174409,-6.0429597,6.521778,-8.676563,-0.9567487,-0.20094305,4.6829386,7.710172,-9.699762,17.446499,0.3515216,Dendritic cells
cell_406,-7.4979005,-5.4259634,-9.910473,10.195391,-5.1158605,6.5528803,15.010956,-9.293058,-7.325431,-7.0888853,-6.4315596,4.9892807,18.658787,-4.033647,-7.2647595,3.266751,-15.267661,-5.4497337,-1.4990382,0.19971442,-6.5626006,-3.3504934,7.4413104,10.004934,-0.23300576,-3.6033547,-0.23989677,3.1781511,10.196846,-0.31082296,2.4229612,-1.7159014,Dendritic cells
cell_407,-11.8057165,-8.783058,-0.011326492,-0.7034678,-0.73695046,-2.863943,-4.4966364,-6.6967406,-1.2416149,7.4777727,-8.674421,14.531813,11.238943,2.0707138,-9.757815,-9.5950365,-7.675597,0.29137564,3.0691,-10.479089,-4.703082,-1.3887906,10.8691,8.816353,-10.191186,2.0403829,-5.1835003,-8.954464,0.17678568,-1.312176,9.216701,10.7120695,Dendritic cells
cell_408,-5.3064656,-5.44139,-5.571958,3.6682146,4.160493,8.642304,-4.0942464,2.13089,-5.256855,9.133276,-6.3199806,-11.227032,4.9075336,-1.9435053,-13.628988,-2.4617946,-9.163109,-6.8292665,-11.371404,-5.6369247,-7.827549,10.135552,1.5240979,7.381916,-14.84703,1.2557114,7.085162,16.569105,1.9427304,-18.19727,8.066207,-8.8775835,Dendritic cells
cell_409,-1.6338317,8.755629,0.850742,10.407811,-0.32847458,10.848669,14.112633,-9.281952,-11.997213,-2.345841,-5.1945205,-2.9203131,-3.2661195,-1.4931076,-6.460494,-10.32396,-0.45711586,-1.4188035,-10.3335495,0.5795175,2.200984,12.658358,-5.704689,0.79610914,-4.92139,-3.5192492,-2.5421212,-5.092695,18.44968,-14.147356,-3.633857,14.106053,Dendritic cells
cell_410,-2.7815905,-8.912368,1.9907615,0.49373925,9.583068,-4.890243,-7.5727897,-11.695152,-6.9252806,-5.463833,0.14064977,5.56722,1.8934983,-4.455803,-18.482292,-6.792524,0.3570118,3.5143788,1.3388693,-0.21625751,0.46740806,4.635778,0.30232418,10.129454,-5.9118676,0.31865788,-6.4766684,-0.27341795,2.6774364,-9.961326,-6.700554,8.007355,Dendritic cells
cell_411,-7.7457023,1.3007655,-1.4016694,1.9340308,-1.1772256,6.5174494,7.720651,-9.671234,-5.6099973,6.2037573,-5.483204,4.010352,7.820045,-2.7767901,-11.1930065,2.931069,-4.7670355,-2.815852,-11.149798,-2.1085248,-0.9487828,-2.5489547,4.8766966,0.09854436,-5.3005533,6.637635,-7.6921287,0.6889908,3.2052507,-9.561379,-2.488205,6.5980706,Dendritic cells
cell_412,-4.759478,-2.7317426,1.8662038,-1.8999922,-13.168427,4.215526,-2.2752101,0.3279013,-1.4337482,-3.6380038,-0.5710839,5.028867,4.3252482,3.5690765,-12.049115,-15.435552,2.4687188,-4.313368,-8.362852,-6.66469,3.1934495,-2.1489995,-12.378888,7.8829107,-9.439072,15.509694,2.655282,-1.9569004,4.598838,-7.923901,-6.23241,12.501119,Dendritic cells
cell_413,-18.004383,-10.5005045,-6.4345984,1.5260584,-11.4814205,8.1008625,0.6258898,-5.5538006,-11.879126,-2.3242831,3.238443,5.8896823,11.553975,0.47572476,-1.1626148,-6.2942786,-6.388481,-4.8080006,-2.5034828,-1.6800508,8.851841,0.82206446,9.177185,9.8988085,-9.175971,4.680827,-4.274794,3.3796499,2.1158295,-7.846285,1.5142754,-2.4167333,Dendritic cells
cell_414,-6.599211,-1.7106345,-6.2226634,9.758711,-8.1730175,11.313145,8.848938,-8.213332,-2.0509346,1.6272472,-3.5068743,10.046441,0.5628898,3.1503775,2.7002487,-4.367424,3.4522383,-10.0533695,-18.274876,1.2582381,-3.1838696,3.2113333,0.24256516,20.405642,-1.5774239,10.015597,-10.797298,-6.895096,3.6058717,-12.208419,-2.112348,5.7266674,Dendritic cells
cell_415,-11.302147,-12.16966,-3.6635275,-6.198449,-1.5066731,8.656325,3.8431587,-3.8905854,-4.202828,4.1197386,4.7654657,4.6629424,2.544457,-4.4760656,-9.963087,-18.675697,6.5853925,12.339227,-7.365726,-7.6338234,-3.849884,9.258382,-6.5116835,-6.424218,-9.545234,3.9865618,-1.8521417,7.0690947,-2.7352984,-10.414731,7.281833,3.847421,Dendritic cells
cell_416,-4.3305883,0.81226164,-6.714233,-2.7128046,-3.6790242,2.8837051,6.4305,-6.1545687,-11.536856,8.827048,2.3831792,2.7922368,8.193696,-3.3711483,-1.0449295,-14.100593,-6.1772985,-3.1378329,-10.48678,-2.5767038,0.9111934,3.864382,-7.5189977,6.149792,0.21508157,-3.3901305,-3.7626457,-3.4746208,0.13033484,-9.600893,-4.823632,7.5716248,Dendritic cells
cell_417,-13.994047,-3.3879373,5.178748,2.3114576,-4.9527802,-3.14472,0.23744637,4.977367,2.168512,1.3402677,-3.2952082,14.209249,3.5838063,-7.5290813,-14.750607,-11.927709,-5.6470346,-5.218404,0.59682083,-5.810528,1.4625328,7.0874715,-1.8462317,10.2478485,-7.1664376,6.506752,1.084362,-3.9936745,-1.5322261,1.8373474,1.3885273,1.9303505,Dendritic cells
cell_418,-7.313686,-8.602932,-11.603281,-8.082692,-1.6404996,-8.140403,1.9217308,-7.279584,2.6039119,3.5179026,-13.823909,-4.050376,-4.8663974,-5.021795,-3.3132305,-6.9049754,2.4934714,1.8041809,-0.85404176,7.9443564,-3.1803384,17.703348,-7.979787,8.313628,-11.468931,3.1174192,1.2065032,2.6032488,10.905673,-7.8539844,-1.6016235,6.235504,Dendritic cells
cell_419,-6.453452,5.242378,3.6038818,5.1563363,-1.7613449,8.10075,1.5155548,-8.138406,-5.037472,1.2278419,-6.3225985,4.720866,10.493134,6.328795,-6.93862,-7.676302,-17.507708,-4.4564238,-3.3796663,-3.0758748,-2.6214795,-0.6084341,0.21684358,9.094147,3.2336712,-3.316469,10.687011,11.00678,13.2558155,-16.036114,-4.2478623,2.7012382,Dendritic cells
cell_420,-16.424925,-9.013395,-16.836231,-3.9616752,5.2354875,-9.392256,13.209704,-16.389198,14.805748,3.0872705,0.7144666,-9.527909,10.995546,8.127642,-19.243193,12.820774,-1.3866624,-0.2809446,4.6982703,-2.1823268,6.4576473,8.503232,-1.719013,0.17421746,1.196517,2.13581,1.9736803,-4.0493145,13.942352,-8.833363,-1.2605835,-1.4462497,Dendritic cells
cell_421,-6.295124,-4.9305296,-10.49084,-0.05748105,-5.6479616,-0.43332732,3.538137,-7.2003903,-5.3139486,-5.365408,3.7546787,5.121697,-2.4221287,4.1521645,-2.0411124,2.1300676,-4.8777366,-8.28929,-4.074846,6.0982924,10.67257,3.9474244,-11.435178,19.579092,-10.930015,-1.0440836,1.7512283,-9.651637,1.5514448,-20.150234,0.4332863,6.7423835,Dendritic cells
cell_422,-12.4817915,4.123821,-17.216583,5.8466864,2.0594215,3.0279937,-6.0186834,-3.5034554,0.026292562,-0.009876609,-8.797438,3.7776532,1.1669915,10.2044935,-23.827206,6.284724,-4.602505,-14.957092,-6.0643353,3.6182837,0.15697199,1.4061959,10.78153,5.501718,1.5102756,7.3374267,-1.4221156,11.470714,12.904928,-7.949609,2.1610956,-7.1305532,Dendritic cells
cell_423,-6.6786113,-1.5222062,-3.4055586,0.11470842,2.344144,-1.0286008,-5.2788243,-11.635195,-1.0798975,3.06183,-8.111306,-6.108869,10.023425,-3.0161355,-9.983265,-11.694594,-10.231293,9.418673,-9.484393,-1.8151484,-10.581216,6.872298,-2.9546173,-1.7937446,-8.190173,9.352473,-9.978292,-2.1403265,0.28022167,-10.824185,3.1987617,-5.7423005,Dendritic cells
cell_424,-11.094006,-5.057125,-4.024557,-0.12040806,1.1783495,-12.547827,5.01623,-8.6628895,6.943344,-8.492049,-1.4610999,24.831484,20.827547,6.2873144,-9.466082,3.9099214,-9.286557,-12.892828,-15.178222,10.615484,5.6423435,-5.5530543,6.6552076,14.58096,-1.0305707,-6.9604254,4.9427805,-3.1500938,-1.0899758,-0.9897175,-7.4729824,-2.8556004,Dendritic cells
cell_425,-9.466814,1.5206605,-6.1480074,-2.6311762,4.5004835,4.8944016,13.251055,-7.96614,4.39599,11.428066,0.079873085,0.6405008,4.648589,0.16792955,-11.824721,3.7659178,0.88764846,-9.632296,-15.44684,15.219111,9.729861,11.93894,0.6875667,4.2341967,1.7001126,-7.631112,9.433519,-8.50453,-2.4122458,-23.62256,2.7160075,1.2336547,Dendritic cells
cell_426,-6.7093043,9.428557,-0.7447338,5.4889336,1.9767773,11.541296,0.30711392,-7.1548142,-10.985788,-0.9505288,1.1178237,14.203893,12.080706,6.142174,-21.320715,3.4926,-8.852426,-5.767309,-2.2083766,4.0327954,12.461198,2.1056638,6.8153005,3.6899621,-13.739393,0.93615055,-0.5091119,-5.986632,5.7118897,-1.6485069,1.2408085,-4.5172873,Dendritic cells
cell_427,2.3748384,5.537802,-2.5919254,-5.637022,-14.19554,1.2534127,16.187489,-19.106493,6.3659544,-12.568296,7.7950077,2.275103,15.002187,-2.8167436,1.3502432,0.35244584,-2.6846273,-3.0293252,-10.167632,0.9849005,-1.0410018,8.824871,-9.540363,9.318518,4.5342383,-8.776062,6.9126077,2.1788933,5.7951565,-13.970063,3.4461796,0.80429006,Dendritic cells
cell_428,-11.045369,-2.8082683,-7.02063,0.15786529,-2.4746451,6.491976,8.8869915,-3.592407,7.6654263,-11.52146,-7.0515213,7.5978274,9.594374,-0.41987616,-5.8403306,21.261936,-5.585083,-18.240444,2.222596,1.7120918,0.70060563,10.526982,4.3625917,17.33256,-1.6373074,4.5733466,1.519546,-14.752698,5.819643,-12.922702,-2.1804824,12.5642,Dendritic cells
cell_429,-6.222265,-1.8933228,-14.003517,2.0010939,-1.9513605,3.5075254,1.8338705,-3.259133,-10.342985,5.565086,-5.301012,-6.2386546,16.508577,7.215382,0.7841883,0.13101959,-7.697301,3.6377668,1.4268438,-3.5373251,2.7902496,12.309355,2.6533923,-1.2313849,-13.170433,-5.2953157,8.593459,8.258518,5.824402,-14.302043,-2.7400894,-7.6113214,Dendritic cells
cell_430,-9.785053,0.10866177,-5.5810194,-1.3867466,-2.154256,7.6477323,-1.6474081,-5.369308,-6.461944,3.588378,1.4330204,-4.2797885,9.824645,7.5456963,-4.6588326,1.3015664,-8.666199,-3.8954556,-4.8357615,1.999894,-1.6138606,2.5185635,-4.1957684,-3.3897398,-17.234367,-4.8383994,0.50329745,-5.927358,18.308043,-6.6526337,5.0862584,-0.62393236,Dendritic cells
cell_431,-17.717407,2.5268276,-11.914234,-1.7550716,-16.758398,1.4150395,12.333439,0.5844679,-5.323662,4.986724,-8.535683,12.4561,7.0185213,8.325105,-1.5670578,9.342419,-4.610035,-9.648383,-2.06258,3.4661984,5.398706,-8.221238,-4.3539762,9.2307005,-7.1742435,4.039942,8.62897,1.2442509,5.295757,-12.834155,2.7211764,-5.2400093,Dendritic cells
cell_432,-13.2569065,4.6231165,-16.727358,2.1119485,1.5357428,-7.9515724,-3.3364365,-1.1977712,4.847316,10.205711,8.769195,9.390173,11.941708,-0.8720573,-19.422316,-4.1185303,-12.025018,-5.0767713,-9.820706,9.512508,-6.020898,1.6523395,-11.532126,5.9182043,-3.6769483,-2.4010694,4.5755672,-2.3070552,2.3139422,2.5157213,4.6248746,3.364636,Dendritic cells
cell_433,-13.127763,-1.066299,0.58135784,2.058345,-10.6678505,-6.455158,13.479052,-5.966003,2.4756312,-6.7452264,-6.54609,15.236544,14.069651,-4.315497,6.4685416,-11.748475,2.9933875,4.392907,-2.6886466,2.720087,-0.0071648955,4.222622,-8.447995,10.719443,-12.723973,-1.3621438,-2.2757707,-7.261183,13.778872,-4.0397234,-3.7488992,10.089871,Dendritic cells
cell_434,-8.403051,-0.3452791,-1.9505602,1.0385662,-3.8137903,1.3331573,6.2120996,3.126421,-2.5871441,4.870706,-1.8267065,-2.1970856,6.789014,-7.9619536,-3.30814,-11.6686535,-12.962283,-1.8626672,0.70790035,-7.4336863,-2.1765976,4.292826,-14.8503685,13.572974,-2.4170601,-4.145552,0.6070009,4.489921,3.8635542,-5.890455,-1.585393,6.8094053,Dendritic cells
cell_435,-17.994549,-1.8592716,9.265031,-3.114224,-8.840409,11.0552635,-3.670187,3.9391267,0.20819657,6.320692,-2.9892492,2.4268284,0.92737055,-4.476143,-10.700676,-10.560486,8.326673,-2.7950935,-5.4479012,-4.4859824,-0.3416977,12.959392,-5.2663527,6.3966036,-9.609404,0.03862591,-5.0222282,-3.647944,4.566947,-3.2500424,-3.2355857,8.292161,Dendritic cells
cell_436,-14.121365,8.444888,-5.3821597,-4.1015897,-3.6278734,-7.219441,0.49881858,0.13918364,-9.652118,2.2755218,-0.5729333,1.847066,4.103453,10.014111,-18.396282,5.0122814,-0.9602819,-5.1435194,-9.309067,-1.3112878,6.547355,15.37974,-4.48404,-4.393659,-6.919971,-3.3413558,0.8418796,-2.2244186,4.4971247,-7.0041814,8.689349,1.1144767,Dendritic cells
cell_437,-0.082926676,1.8652645,-6.262156,-8.965909,3.0154257,-4.4005175,7.883039,-0.35550004,-13.48369,2.7304485,-1.5110264,14.174913,12.413332,1.8154547,-13.529569,-1.5418104,-8.661538,-5.9316964,-5.4773216,3.1990623,2.137174,-1.9190556,6.26311,-0.5024495,1.9834706,2.9627268,8.23207,0.7048316,4.160521,-12.917031,12.372221,8.566503,Dendritic cells
cell_438,5.2906375,5.8441014,-1.4215214,-3.1969702,-13.341077,0.11331161,-2.6960979,-10.440449,-8.904271,2.24949,5.326385,8.7978,13.201785,-4.602823,-2.6881487,-1.4690667,-1.9972875,-0.02905929,-6.755202,1.6467805,-0.5622531,2.6509256,-9.804132,1.8773406,-23.869263,-2.2230387,-0.12948906,-10.819271,-4.913759,-9.736056,4.6806235,2.3714702,Dendritic cells
cell_439,0.008546829,-7.494634,-16.363066,-6.9431844,7.7036133,1.2963438,4.13801,-18.132002,-3.6861024,-4.7416086,-11.329764,7.2262273,6.845727,6.2766795,-3.1470137,0.38349712,-6.748849,1.5518407,-4.4062886,-15.412498,9.633812,5.302179,-0.6632658,19.07586,-4.142387,2.3462405,-9.38744,4.272122,8.302552,-1.4721069,3.10567,-1.3521664,Dendritic cells
cell_440,-8.19926,-4.1757946,0.09052649,-5.590385,-6.3698435,-4.3684397,-6.3397346,1.9110148,-4.203297,-7.0476913,5.494987,11.72483,14.867324,1.4807158,-19.104677,4.311411,-3.7969785,0.12395376,-1.8503084,0.87920594,-4.0872517,5.9925804,-7.5095553,4.7667737,-15.922118,0.46686518,3.7014275,4.1090283,-4.473648,-5.768853,-0.7845112,5.1620274,Dendritic cells
cell_441,-7.781113,0.93746525,-10.345228,-7.9176826,5.3019905,2.6913564,4.370211,-0.9323204,-4.249482,0.29282594,-0.6160915,2.4976625,10.829056,4.497844,-11.269701,-10.016305,0.87973094,-1.9795911,-8.358308,-3.3529477,12.293062,5.7490153,-4.0776906,4.0833893,-14.852865,-9.919874,11.010534,4.2878513,5.1104693,8.062844,4.283172,-7.512987,Dendritic cells
cell_442,-13.893812,-0.89111406,-8.411822,6.0775566,4.2046504,11.5026655,1.6947606,-4.2493987,-13.636761,-5.7875347,-7.309052,-1.1287503,-2.841986,0.37132335,-8.379905,-15.3565,-1.5624696,10.640794,4.6082335,-4.783744,-3.514596,-0.42589754,-9.163753,7.2006707,-1.4715238,4.419237,-4.3144193,7.9597926,1.8275642,-13.946598,3.3023677,4.91152,Dendritic cells
cell_443,-17.12073,-6.198674,-8.136769,-7.3852634,2.0223172,3.2252414,-2.690152,2.9850824,-9.1219225,4.2576323,4.405681,-0.72433984,7.5896072,-9.744713,-11.021583,-9.477033,-10.91837,-10.653405,0.57823986,-3.6862047,5.717472,12.124697,-4.6880665,1.7141608,-3.0383356,-4.016445,-3.2290092,-2.5503736,7.858364,-1.4424806,-13.985335,-0.6606183,Dendritic cells
cell_444,-1.0435592,-3.5826812,-4.1649046,0.23399925,-15.126533,9.89153,4.4591007,-5.1074114,-3.4923065,10.784868,-4.507506,10.856972,9.497708,0.91644865,-12.243695,-16.15457,-6.069942,1.2909437,-9.288898,-7.9447207,0.46677673,8.04607,-0.84257793,0.83878446,-11.094103,-0.82614064,-5.5795417,-9.183553,-0.5233283,6.0263767,-3.1902492,-1.561391,Dendritic cells
cell_445,-5.5726748,3.6641088,-7.8760896,1.4525564,-3.4577925,-2.662363,-7.605978,-13.376415,-8.132826,0.004558623,-0.61415386,-0.49528787,-0.5637496,8.618871,-13.891296,0.40153068,-4.4136076,-0.7174059,-0.096782744,-3.571583,-5.470947,7.0445766,2.9928079,0.6596837,-6.704224,9.916836,-4.6384497,-5.302407,3.6443286,-6.3789577,6.4275656,4.312694,Dendritic cells
cell_446,-13.91721,10.988965,-5.6962543,3.079835,-11.9432125,16.483194,7.6172395,-15.438397,4.5334663,-4.1401706,-3.1487272,-4.391938,9.491774,4.9746323,-5.785944,4.1125355,-6.546787,-2.0849233,-0.050059915,1.8576794,-2.68265,3.176097,-13.652969,16.102913,-4.143087,-0.44961518,0.2670313,-5.573825,7.851837,-8.134083,7.5464215,-0.6854874,Dendritic cells
cell_447,-8.374306,10.235881,-1.2369394,1.4839791,-12.547483,10.24733,6.8966255,-2.4135413,-15.452217,-2.0302284,3.5942664,7.161512,3.4037118,1.8996267,-7.5612483,3.3613467,3.9799342,-5.3444166,4.037067,-0.0023911,-1.0349604,8.0218115,-2.8038092,13.778161,-1.3238554,1.9190068,2.3229783,2.5032802,-2.2244365,-13.097598,4.3863587,15.721717,Dendritic cells
cell_448,-10.020806,2.334077,-0.5259682,17.070473,-5.8728533,-7.1424575,11.963044,-4.3627186,-3.2179823,-4.93643,-5.7508297,6.942913,8.028355,9.84101,1.0697565,-4.5688553,4.0760703,-10.25587,-4.9290304,26.104815,-1.5274451,3.8515205,0.9144834,20.676493,-19.197378,-4.765087,3.3473985,-4.213693,9.2626095,-13.215637,2.3349535,-8.545762,Dendritic cells
cell_449,-7.0425043,-1.5041646,-0.9681538,1.7785419,8.010924,3.79498,-6.4238596,0.551784,-12.128307,11.615081,0.28843632,-11.071013,5.4601097,-0.97836363,-9.48257,-0.9616149,0.52932477,0.7392678,-9.284218,2.548813,-1.1643436,9.326269,4.210507,-2.1787102,-17.442013,4.0854707,-1.4479334,-1.6324427,5.77929,-12.356335,5.755486,6.9001474,Dendritic cells
cell_450,-1.3581016,4.0993686,-2.8284397,-15.064374,9.59625,-3.9266543,-3.8017383,-0.4267156,3.2225695,-2.477271,-8.954794,-0.36537242,-5.9760327,-0.12222767,-4.5868564,-1.8050573,9.214135,7.9615297,2.6706252,-8.33684,-10.887714,-3.7827,-8.61643,-5.5718985,-3.2728224,0.96918833,-10.358219,-1.0488181,-5.146866,-1.2041194,4.952919,2.0934846,Tumor cells
cell_451,2.3715966,10.917349,1.0662364,-4.7958097,-1.8583874,3.336214,1.3138049,5.0777407,-3.2250595,-3.1294184,-4.432584,4.5897584,-10.956296,0.82664424,4.7964134,-14.153724,5.9362435,3.5416763,2.2569683,-10.177239,-4.3290653,-4.7658014,-1.737885,-1.8402356,-7.570203,0.50946796,-10.217434,-7.303014,-4.5560637,-1.1309892,-1.3081049,0.96956474,Tumor cells
cell_452,7.081863,-0.77246416,0.5774939,-3.1213555,3.5925608,4.7172637,0.188164,4.189925,-3.0959814,-6.053764,-4.131607,11.161391,4.2609224,-5.467739,-4.4827995,-11.978794,7.7295723,4.8358717,-3.0917237,-4.9992437,-7.8556595,-5.2048388,-5.7995234,-5.056985,2.5563335,-6.5437317,-12.917167,-11.251074,-10.7458,0.5157452,1.323005,-0.42222804,Tumor cells
cell_453,-1.1615562,12.106281,-3.1002743,-4.687146,8.770586,4.602897,11.825629,13.569353,-3.5819693,6.2451177,-3.0575552,-7.2474923,-1.8669502,-6.7991586,14.139868,-15.303167,7.4394174,-1.4607689,0.99457264,-5.2922955,-8.004899,17.370014,-7.8374357,5.2964053,-3.9695916,-8.950964,-3.991197,-2.111172,-5.2817698,-13.762395,-4.2645283,5.6302166,Tumor cells
cell_454,7.9343038,-5.3928423,-1.9278123,-10.18515,1.9758335,-7.410141,4.421466,7.0845327,2.6211379,4.672678,-10.210256,9.133679,8.490466,1.075148,-0.48837364,-7.474934,6.530775,1.3502592,-7.80348,-2.7038455,-9.031161,-1.9267147,0.1949994,-4.8142347,-0.922835,-3.2019799,-8.738713,-10.340251,-5.698523,-1.9338523,0.39691517,2.2504847,Tumor cells
cell_455,-16.273792,11.546543,-9.196486,-9.047807,13.685178,-0.97986937,8.449154,12.160784,-1.15627,12.392931,-3.3146954,-5.0514784,-3.5786948,9.456406,-2.9471183,-5.3230867,3.2421992,9.047596,7.2258906,5.5808187,-13.977777,1.7337904,-5.8064556,0.64059585,-0.34965056,-9.508401,6.192817,1.7259805,-11.121761,-15.110701,-12.230166,-8.407919,Tumor cells
cell_456,3.5189252,3.5858335,2.4465578,-11.686019,3.5412512,-1.5725143,15.328,8.41815,-2.5393503,2.4090836,0.275483,6.394307,-10.854299,-2.7907329,2.442852,-9.07582,3.4376268,14.78134,7.1088,3.1403189,-10.8286,-3.1075652,-2.513771,-6.99606,2.7490761,-2.7997625,-3.303255,-2.801021,-6.755752,-4.68313,0.7756215,7.526089,Tumor cells
cell_457,3.6516533,5.0041275,-1.1683477,-10.914994,-1.8496783,0.5940526,-8.582257,2.617009,-5.4500446,-4.267514,-1.6195354,9.021634,-7.899208,-1.4405172,-8.429552,-2.2864447,3.5565271,11.945814,0.19168606,-5.0565095,-10.017324,-12.420976,-9.699093,0.07377505,-0.9352961,2.4893415,-16.15155,-5.3239083,-12.14638,0.9701566,7.3365946,-0.7244833,Tumor cells
cell_458,-4.3130565,-8.828066,-2.9943116,-10.362113,11.396359,-6.5805626,-7.243159,10.718698,-6.310191,8.468075,-7.4807043,-2.9599376,3.161885,-3.7914486,-1.9879074,-7.9678383,3.4227273,2.99433,-9.12441,-4.096485,-5.506179,-2.627491,0.4597304,-5.680882,-7.050017,-10.736462,-10.935714,-4.6035357,-1.5088621,-7.1163335,2.5427601,-1.333775,Tumor cells
cell_459,7.0497613,9.096057,-3.5685883,-15.635326,21.018621,-5.099649,12.925088,8.271931,6.8066063,11.758707,-5.177174,1.587893,11.8398485,13.215411,2.228386,-13.543373,10.682832,9.362547,8.264989,3.7061915,-11.806758,-0.36862236,5.888918,7.345563,8.175499,-2.127245,2.7109127,8.400756,-11.42564,-0.89670926,-1.398226,-0.66603756,Tumor cells
cell_460,1.9904352,4.4558144,-3.0723648,-9.4424,2.0948143,-6.1537232,11.932105,9.227551,-7.944631,3.2081735,-5.797934,1.7878944,6.537296,9.571173,8.077436,-12.0856905,4.7545342,-8.807053,-1.7995088,11.200502,-7.633571,6.4043093,5.163888,-16.40637,-0.6153114,-10.129188,-0.80891323,-13.033657,-2.25729,-9.342572,-14.595869,-5.6630855,Tumor cells
cell_461,2.3964412,8.153217,-0.73337,-9.342005,2.9258926,7.0391583,-4.9489865,-0.7719285,-1.419806,2.4750729,-1.6308172,-0.2525133,-1.1570874,2.0344024,-1.3556062,-5.535201,4.1853957,8.856699,6.8925962,0.99235797,-15.934877,0.6169691,-3.1731253,-3.1660523,1.0999601,-1.423754,-11.366368,-8.425025,-8.184275,-3.0127935,2.5877528,-3.0836618,Tumor cells
cell_462,-7.0538235,-6.7881403,1.8532872,-0.89435863,2.1054204,6.026046,-4.3441606,10.512861,-2.6429527,11.721245,-11.965386,4.4206047,7.592269,-0.7746976,0.08362889,-11.280719,8.239394,-2.0295699,10.364528,2.6360655,-10.759968,0.16074705,8.17577,2.9154236,-11.017862,-10.465824,-5.5205564,-6.7268763,-6.647382,-2.69236,-6.2258463,-15.142384,Tumor cells
cell_463,-8.904635,17.217243,-0.32193124,-11.46773,4.0951753,-2.3037372,5.349721,10.140153,5.985592,11.387457,-12.794887,0.33072686,2.4333394,-1.928424,1.0426571,-6.9330535,2.963613,3.1194196,-6.136058,6.1967516,-6.403166,7.610587,-3.0124524,0.70561635,1.5962944,-0.82260174,-4.474184,-3.6102383,-23.877287,-4.9938326,-7.528086,4.4923105,Tumor cells
cell_464,10.623283,13.022044,1.2791029,-7.5393505,8.26162,-4.388726,5.491623,10.107159,10.246485,12.0525675,-8.884442,-9.826241,-5.283805,4.309412,-8.312479,-9.633343,-1.984753,3.9258356,-1.9309851,-4.8836093,-10.482636,5.4054413,3.7167144,0.7270881,-1.101332,-4.462019,-9.019538,-9.082768,6.180557,1.5690519,-0.75802064,0.57112503,Tumor cells
cell_465,-5.2649436,2.286446,3.6070373,2.3062289,8.356955,-4.304546,2.5895467,13.539698,-0.85864687,-0.5970777,-21.040049,5.0585494,11.100343,-5.4454412,-6.1072197,-17.22095,0.0015720874,-9.640709,5.73964,-5.578347,-11.380823,-2.8189826,-0.62774414,-1.7577432,5.9537616,-9.57214,0.9612081,-5.8178434,-6.6393104,-6.1002707,-0.59550947,-3.0896475,Tumor cells
cell_466,6.14287,1.0362631,-0.70776826,-13.75182,-8.838268,3.241561,2.0177245,8.050897,0.9102266,4.414905,-15.687893,-6.7076864,5.2112823,-0.33483446,7.188693,-11.356969,-2.264312,1.9935669,-2.267478,-8.224107,-6.2931356,3.0090141,-6.263733,-3.9855578,-9.491826,-8.398767,-15.177359,-13.473043,0.6065275,-12.201967,-5.331649,-0.6932701,Tumor cells
cell_467,-4.401949,4.9834113,-8.374612,-0.11939311,10.051766,-1.5529575,10.55098,15.503499,-5.024156,-2.494323,-13.500305,4.4615555,-0.7779835,-3.5001934,0.7736558,-4.592718,7.9772015,4.7161064,6.521937,-8.510519,-10.556686,3.748454,1.4372578,-4.2902155,-12.236441,3.3966796,-10.367016,5.117354,-0.2947104,1.6262469,-11.019679,-2.8619359,Tumor cells
cell_468,-4.723332,-8.0733,-6.094112,-9.78755,8.734004,1.8939923,8.4770975,10.50496,3.2503257,7.7632394,-8.431702,15.244226,7.441671,4.3171883,0.106069565,-7.4572015,5.9941244,7.924053,-2.1793923,-16.659025,-18.998865,11.216954,-1.1007969,9.902534,-4.1345253,-2.325659,-13.393854,-2.0694432,-11.734168,-4.180192,2.7079914,-6.094537,Tumor cells
cell_469,-3.1655443,0.5609175,-2.6742632,-6.5301714,2.686664,1.50716,-11.631977,7.6860857,1.0988463,-2.5678494,-6.622519,8.569386,8.459265,12.383266,-5.9452615,-6.1490026,1.5640439,10.967186,8.192612,-6.5416985,-10.172432,2.7581868,4.695272,-7.0880136,-15.925133,2.794169,-9.789917,-3.325245,-5.1728354,7.1799207,0.81578875,3.7485852,Tumor cells
cell_470,-0.52033114,-0.59269845,-0.5686623,-10.572614,6.1541643,2.85914,-3.1635745,2.331111,-3.1836865,4.308529,-1.1250377,6.146608,3.1454992,5.2563114,-2.064873,-8.824941,-1.5225646,7.527005,-0.3485747,-6.589424,-12.32649,-2.902062,3.0178802,-9.574098,-3.8074026,1.0318501,-9.540581,-9.115902,-9.675006,-5.596282,4.5594006,2.1720014,Tumor cells
cell_471,-3.9399335,9.244438,9.727,-4.6436777,7.3790946,5.0909734,-16.772797,3.348519,-10.088416,7.243976,-15.765724,2.348837,-7.422381,4.9275317,-10.87882,-7.728806,2.7610605,5.9364634,-3.1739814,-6.9518795,-7.203019,-4.628664,-0.46346068,-13.426864,-8.912547,5.421753,-16.614613,-3.801722,-4.1482124,-4.9566174,-5.462789,-0.7715055,Tumor cells
cell_472,-1.6262859,2.5652027,-3.721287,-7.277023,4.677598,1.2186853,-1.5802369,2.6332705,2.6324074,5.264238,-4.650431,2.5654864,-2.6031213,-0.56891924,-4.7507706,-11.471224,5.439054,4.619339,11.972512,-3.1242058,-12.329051,-0.3254221,0.8313925,-0.9762863,3.048316,-4.8822293,-5.081846,-8.45803,-5.6062236,-8.623144,2.9670608,-0.37673998,Tumor cells
cell_473,-0.25528175,5.624796,5.0467606,-3.6308634,-2.2943106,-2.0163963,-13.582287,4.1233883,-6.4097447,-7.590873,0.6620345,15.374734,1.2310886,2.354342,-0.920841,-15.796617,6.982793,11.485727,7.56897,-7.9014645,-6.4735317,-3.007194,1.7979426,-8.596731,-10.5405655,-3.2650354,-6.6256514,-11.849403,-3.6051965,10.016356,1.5403454,-0.5611606,Tumor cells
cell_474,6.8845315,14.017652,-0.5003573,-10.970297,-1.3914211,1.9291295,-10.779938,1.1399145,-8.685278,-0.83119106,-11.434313,1.5322182,5.055072,8.552558,-7.9599457,-3.683636,2.0956252,5.8280067,0.87513155,-8.251158,-10.498693,-1.7420028,3.2330468,-8.563911,-8.049096,2.3107786,-12.617193,-7.1046968,-12.678754,5.3297734,3.925016,-8.314461,Tumor cells
cell_475,4.68284,7.31023,-2.2107,-13.24885,1.6916137,2.2393708,-8.032852,1.6836069,0.15889868,0.8345163,0.89919233,3.086656,-5.55308,-2.0830688,-8.861687,-12.901657,4.723856,3.3101926,2.3153725,-7.7806544,-11.353041,-5.2282634,5.248095,-5.0966206,-3.6314106,-3.993936,-4.9207563,-7.2481413,-7.100499,-12.37791,4.786268,-1.719398,Tumor cells
cell_476,2.3444192,-0.597541,-7.502096,-6.1164665,9.277197,2.554015,-5.026539,2.3676383,0.24287647,3.0810497,-14.951153,0.4626429,-6.942528,-1.2863718,-5.0915895,-2.3917854,4.799624,6.436817,6.1488953,4.684086,-13.567085,-2.467807,-7.78625,-8.73275,-5.8540344,5.229411,-4.6381125,-4.145903,-17.179367,-5.7007008,4.0114145,-0.8379984,Tumor cells
cell_477,1.2534595,-1.9490187,-8.356643,-9.117229,6.4450297,-1.9446887,7.635292,6.766415,-2.1214383,-1.4093374,1.5076909,1.0539114,-1.5680496,-3.1002624,6.758629,-16.078218,16.527475,6.111927,1.7154294,10.0477915,-13.662777,1.1352085,-2.707363,2.0935073,7.1163297,-6.301797,-6.533336,0.16888952,-7.260219,-8.96077,-13.111918,-10.356969,Tumor cells
cell_478,4.3934073,10.405701,6.6663003,-6.705084,4.8250613,-1.2750963,0.20555949,2.8442225,2.5914893,0.8376341,-5.765444,9.372951,6.230699,-0.017711699,-0.7655057,-11.573192,2.0380695,11.849282,8.744331,1.6660956,-9.6724615,-6.2796397,1.6330119,0.6673161,5.306757,2.68506,-4.695088,-6.183218,-7.7021394,6.7047243,1.2328701,2.2096934,Tumor cells
cell_479,8.325826,-0.27594787,0.7664423,1.812793,3.9691093,-12.7400055,3.1975937,11.71382,2.923439,12.177219,-17.327562,-4.1404076,-3.6543782,1.3396325,6.835046,-10.495836,16.428656,11.602545,16.902874,12.190892,-7.773516,1.8282272,3.2546,-8.232302,0.95496,-12.6298485,-0.70135,5.497105,-5.3137875,-5.578205,-1.9183025,-1.0299149,Tumor cells
cell_480,4.8512053,0.8459252,-0.70342404,-6.1167555,12.581286,2.7440672,-6.357623,-0.837481,-6.4754224,5.321068,-5.2261734,10.57216,-7.694296,-5.900978,-6.9652224,-5.809207,1.164789,12.559858,-2.8382185,-14.265566,-9.311974,1.6481391,4.762414,-16.560904,-9.504965,-2.0215824,-13.772167,-13.314624,0.56054926,-2.1457152,-3.4712942,8.001316,Tumor cells
cell_481,10.869352,17.512583,3.572427,-10.752446,4.0430503,-6.6485386,21.01877,4.419725,7.5001974,2.4742773,-2.0919921,12.431192,0.29533684,1.168194,8.470308,-14.955782,12.400918,-0.7886676,3.7172732,6.2342033,-11.632218,8.475223,6.5845923,7.3043346,-5.619299,-9.850675,-1.5435736,-1.5329671,-7.672898,0.25727975,2.7960222,0.8627862,Tumor cells
cell_482,-4.2744255,8.61013,-0.2180268,-14.185879,8.507831,-7.5483704,1.1891598,4.4380703,5.920645,3.0709352,-6.2668357,-1.8240842,-3.1146436,-1.9884429,-10.926243,-5.435506,4.3075786,3.1758294,1.5142347,0.51584995,-11.764971,13.08437,-4.0599403,3.4411886,-1.5176477,-7.373604,-5.348139,-2.0577636,-13.6345625,-10.148254,0.23079981,-3.1990178,Tumor cells
cell_483,-0.15276939,-3.4200475,3.641121,-3.118318,-0.53393257,15.365176,-1.5738547,11.161052,1.1637073,-4.623851,-4.416301,18.466576,7.334553,13.173828,3.1290193,-10.961984,8.831013,7.421888,13.659218,-5.2903585,-12.446967,6.955466,7.105239,-11.465702,-6.075015,-1.8323867,-4.973154,-5.712098,1.8761048,7.2178416,-2.7297676,0.62660396,Tumor cells
cell_484,5.432957,4.628414,-4.15393,-10.742065,9.736372,-7.8714256,-4.3775554,2.0081072,-1.8637633,0.1878252,0.19193459,-2.941154,-1.7797664,8.207798,-4.856408,-9.083375,7.295982,12.465801,6.0911455,-2.9345512,-12.829665,2.3614364,4.611675,-0.004385352,-3.4355564,-2.8947887,-12.975665,-8.635699,5.019163,1.8665303,3.8318632,-1.0329875,Tumor cells
cell_485,-5.3192387,4.2708955,-1.3917753,-10.055256,4.054092,-2.8573947,-13.304001,6.156134,-3.6462357,-0.40292752,-6.470942,-0.55220115,0.84819436,10.147715,-0.04563725,-13.041067,10.198407,3.3400564,-7.1659474,-6.032651,-8.936752,4.205731,-2.793305,-6.723074,-5.0727677,0.77999246,-9.386393,-7.8508005,-1.2913665,-2.0600877,3.576919,-4.210664,Tumor cells
cell_486,0.62028164,-2.3988438,1.5019952,-5.954274,7.941212,-0.077144325,-8.398351,4.477902,-2.6452882,-6.4335046,-1.6900717,9.034511,0.2807454,4.117997,-4.3562174,-3.315299,6.9930167,7.16483,4.9049234,-2.4494185,-10.516863,-3.5336998,-2.502563,-4.802618,-7.8153744,0.004597597,-8.771184,-1.9076413,-9.032735,-1.0984079,13.358416,-3.3180733,Tumor cells
cell_487,-8.9036255,13.540094,-7.431396,2.504302,11.64959,4.527269,4.254616,12.719145,-1.4772803,2.8170931,-8.557496,-5.5201225,-0.7900112,7.525142,-9.161923,-9.995808,4.102316,-5.362881,2.801092,-2.3914223,-5.3313603,9.377923,-5.3250437,-7.407916,-3.703474,-11.184601,-4.2607203,-5.422782,-5.6478996,-6.1056056,-6.2430806,-7.5553317,Tumor cells
cell_488,-5.271475,18.001305,0.22176796,-6.0149975,6.6880517,-0.22850433,5.524783,8.578201,-9.448061,-9.528426,-12.137692,2.5438073,-1.5237591,1.4377085,6.765748,-17.910795,3.7442348,-0.0855366,5.269763,-1.1207057,-5.9646773,0.15603614,-0.7553191,-6.61691,-1.0569735,-2.1650927,-1.0440471,2.5229225,-4.687109,4.688496,3.230861,-3.2704446,Tumor cells
cell_489,0.045614988,6.4341025,7.7622213,-6.777773,-0.2243714,-11.964114,0.03759885,10.241213,0.2349297,10.137591,-10.2161255,0.8829777,3.4701986,3.8539133,-1.247753,-8.104053,0.4078291,5.139917,-3.8668478,-4.8680887,-8.720382,-6.3048854,4.5905395,0.010574222,-7.75558,3.5331044,-16.395845,4.1994996,-6.1854067,-0.26343304,0.9409448,1.2320235,Tumor cells
cell_490,-3.2962286,1.8860552,-1.2888517,-19.47514,6.239783,-3.2499342,6.8113256,19.69678,2.153084,11.729392,-9.923341,13.924577,-1.1333989,2.5429182,2.8678248,-5.3114815,10.878081,-11.866079,7.532667,-3.042426,-5.2252836,-4.481471,4.7158003,1.794993,-3.6240997,4.4928164,2.29105,-3.4385262,-1.8372504,-4.8999505,-7.241202,2.1498985,Tumor cells
cell_491,9.098619,-5.0224047,-5.4643,-4.3495617,4.4123683,4.747589,4.3640537,7.5151277,-5.3261123,9.315479,-14.834331,3.4340148,9.668532,0.8271771,-0.4456895,-10.708361,24.141006,-4.755423,-0.3681846,-1.0453607,-11.323685,9.679013,7.6328993,-9.667732,-1.9016852,1.4911047,-12.082949,-8.052462,1.476016,-0.7242375,2.6987994,0.9363498,Tumor cells
cell_492,3.2184958,18.032587,0.036949486,-1.671956,-3.9058995,5.391018,-2.1386366,15.349771,-5.638669,3.7275698,-12.311118,-1.041376,6.6423407,-5.7339277,-1.774331,-13.335096,-7.6307054,9.255911,1.8964537,-0.78428423,-6.5887613,-1.7713214,11.789516,-9.2663,-0.81496537,4.7150784,-5.836809,-9.569294,-8.644876,-8.669623,-9.930895,4.2303095,Tumor cells
cell_493,3.8600636,6.2203546,-4.557155,-7.057761,-3.6573179,16.855064,-7.0846777,14.876071,0.5511156,-0.90920204,-1.4896598,5.8709707,-0.124758184,-0.5646831,-1.7387304,-2.3929262,1.6078053,3.0831523,10.238564,-1.9260631,-9.40706,-4.014188,0.47601497,-7.2067165,2.5485854,2.3659644,-10.064199,-18.840193,-8.209719,1.1670238,0.09856966,5.846312,Tumor cells
cell_494,-0.11559564,7.560942,-3.390853,-12.618286,2.275423,-4.9530916,-7.314763,1.9612015,3.947526,-2.3726358,-3.6885495,3.4957995,-3.317453,4.655584,-2.4832344,-8.854811,10.134863,4.427997,16.06937,-2.3226442,-6.6212044,-8.042592,-7.2635756,-2.337189,-6.1591864,-0.5090809,-4.440978,1.3452392,-3.0631652,-2.280747,-3.2930384,2.4386277,Tumor cells
cell_495,0.36258146,7.27999,-9.877311,-16.252356,13.784664,-1.6048816,-8.6596,0.6304482,-3.2591934,-2.804751,-12.74066,2.0978003,-3.1539683,-0.75604343,-0.15035403,-5.8205395,6.997362,2.6815724,-7.60275,-13.491867,-4.4491496,6.7966485,-11.334572,-4.8900537,-14.284039,-0.18872352,-7.1878853,-1.373055,-10.041732,-1.0031298,-1.3832341,6.427853,Tumor cells
cell_496,-9.039151,1.315486,-4.338552,0.06952524,9.963579,6.019285,2.4062703,6.368344,1.5366082,-3.4829855,-7.3019867,8.131135,-4.284091,1.8787469,-7.544704,-7.36433,4.567092,4.602408,0.30025455,-9.801673,-16.931757,-8.943369,-0.10260916,-13.761199,-3.0533338,7.1986403,-15.222746,-2.5514731,-4.5980206,1.1001129,0.97307813,-5.807758,Tumor cells
cell_497,1.6074066,1.4244193,-2.8788974,-7.5127974,0.2254673,-2.6166775,-9.453774,11.3485565,-1.7962381,-7.0694933,-14.699673,-7.6369762,-3.2287564,0.27426755,-14.622879,-5.5349092,-2.4146066,9.458644,4.7087784,-8.807765,-18.696926,0.9722407,-1.8800359,-12.509243,-9.518015,2.7516847,-7.494555,-5.817526,-1.1874753,0.24723661,2.160285,2.46304,Tumor cells
cell_498,-2.241575,3.995433,6.311946,-8.531054,0.18000337,-0.21691564,-10.829124,2.112545,-6.9426956,1.2645872,-5.38489,9.144714,3.3592088,7.605972,-5.932789,-10.212104,-5.329531,7.6850863,2.1981325,-9.512795,-11.816306,-3.451311,-1.8186895,-11.275613,6.3589773,1.2127304,-11.58803,-3.6218357,-9.9636545,1.7554739,3.131525,2.5563192,Tumor cells
cell_499,3.5075443,16.455986,-4.956504,-13.199736,10.172486,-5.7587996,11.314364,9.093279,-7.1108675,0.9771074,-0.35888124,10.128743,-0.9012188,-1.786972,0.55171454,-9.26028,-0.8965351,-3.6041005,-5.5563464,0.46957886,-8.659217,3.0698452,-11.781164,2.88796,0.36544436,0.6584852,-0.5472808,-6.3503275,-7.9029875,2.4755774,-0.5658052,-3.8916829,Tumor cells
