volunteer_id,project_id,contributions,duration_months,prior_education,science_literacy_pre,science_literacy_post,platform,field,volunteer_retention_rate,literacy_gain,retained_12m
V00001,P250,40,3,Undergraduate,53.3,57.62,iNaturalist,Climate,0.574,4.32,False
V00002,P067,10,3,Graduate,68.04,69.5,Galaxy_Zoo,Biochemistry,0.33,1.4599999999999937,False
V00003,P099,17,12,Graduate,56.95,67.28,iNaturalist,Astronomy,0.335,10.329999999999998,True
V00004,P202,18,3,Secondary,61.15,68.42,SciStarter,Biodiversity,0.455,7.270000000000003,False
V00005,P047,19,16,Undergraduate,76.18,85.37,eBird,Public_Health,0.734,9.189999999999998,True
V00006,P047,5,19,Undergraduate,50.24,58.0,eBird,Public_Health,0.734,7.759999999999998,True
V00007,P136,1,1,Secondary,45.21,49.35,Galaxy_Zoo,Biochemistry,0.391,4.140000000000001,False
V00008,P068,5,9,Undergraduate,45.36,51.36,iNaturalist,Biodiversity,0.585,6.0,False
V00009,P066,6,9,Graduate,73.86,80.85,iNaturalist,Astronomy,0.531,6.989999999999995,False
V00010,P004,15,16,Teacher,53.71,62.5,iNaturalist,Public_Health,0.533,8.79,True
V00011,P102,15,7,Undergraduate,59.91,62.26,Galaxy_Zoo,Ecology,0.373,2.3500000000000014,False
V00012,P088,18,13,Graduate,68.93,79.0,eBird,Public_Health,0.635,10.069999999999993,True
V00013,P009,2,11,Graduate,76.48,85.87,iNaturalist,Astronomy,0.507,9.39,False
V00014,P173,4,15,Undergraduate,49.43,55.06,eBird,Biochemistry,0.67,5.630000000000003,True
V00015,P175,12,10,Self-taught,53.22,62.19,Galaxy_Zoo,Astronomy,0.482,8.969999999999999,False
V00016,P023,8,5,Secondary,45.94,50.79,Galaxy_Zoo,Biochemistry,0.348,4.850000000000001,False
V00017,P088,7,14,Undergraduate,54.43,64.21,eBird,Public_Health,0.635,9.779999999999994,True
V00018,P255,1,15,Teacher,65.48,71.75,Zooniverse,Public_Health,0.368,6.269999999999996,True
V00019,P161,8,11,Graduate,65.86,72.38,Foldit,Ecology,0.41,6.519999999999996,False
V00020,P112,11,9,Teacher,68.94,69.58,iNaturalist,Biochemistry,0.384,0.6400000000000006,False
V00021,P130,3,18,Graduate,77.44,85.79,iNaturalist,Climate,0.557,8.350000000000009,True
V00022,P061,4,13,Undergraduate,72.06,84.19,Zooniverse,Public_Health,0.445,12.129999999999995,True
V00023,P235,3,10,Undergraduate,55.42,65.05,Foldit,Biochemistry,0.482,9.629999999999995,False
V00024,P267,8,3,Undergraduate,60.62,65.63,Foldit,Biodiversity,0.307,5.009999999999998,False
V00025,P265,13,23,Undergraduate,49.41,60.27,Zooniverse,Ecology,0.494,10.860000000000007,True
V00026,P064,5,14,Secondary,58.87,63.54,SciStarter,Ecology,0.388,4.670000000000002,True
V00027,P085,2,9,Secondary,52.46,57.13,iNaturalist,Biochemistry,0.542,4.670000000000002,False
V00028,P047,3,5,Undergraduate,75.93,77.45,eBird,Public_Health,0.734,1.519999999999996,False
V00029,P085,9,13,Undergraduate,60.0,69.05,iNaturalist,Biochemistry,0.542,9.049999999999997,True
V00030,P092,9,6,Self-taught,57.45,63.19,eBird,Public_Health,0.782,5.739999999999995,False
V00031,P177,2,10,Graduate,61.41,63.46,Galaxy_Zoo,Public_Health,0.257,2.0500000000000043,False
V00032,P052,1,10,Secondary,45.39,51.89,iNaturalist,Biodiversity,0.477,6.5,False
V00033,P271,17,11,Secondary,54.09,66.07,Galaxy_Zoo,Astronomy,0.247,11.97999999999999,False
V00034,P033,5,2,Secondary,57.6,60.58,Galaxy_Zoo,Public_Health,0.158,2.979999999999997,False
V00035,P003,9,6,Undergraduate,70.08,77.82,Galaxy_Zoo,Biodiversity,0.343,7.739999999999995,False
V00036,P249,6,7,Secondary,43.63,48.41,Galaxy_Zoo,Climate,0.421,4.779999999999994,False
V00037,P199,37,4,Secondary,56.64,64.13,Galaxy_Zoo,Biodiversity,0.383,7.489999999999995,False
V00038,P097,24,13,Graduate,57.3,62.99,iNaturalist,Astronomy,0.474,5.690000000000005,True
V00039,P165,32,13,Self-taught,65.0,71.65,SciStarter,Astronomy,0.481,6.650000000000006,True
V00040,P064,2,9,Undergraduate,57.72,66.04,SciStarter,Ecology,0.388,8.320000000000007,False
V00041,P048,1,9,Self-taught,62.93,68.58,Zooniverse,Astronomy,0.437,5.649999999999999,False
V00042,P130,5,12,Teacher,75.23,79.98,iNaturalist,Climate,0.557,4.75,True
V00043,P096,15,8,Teacher,77.99,82.99,iNaturalist,Biochemistry,0.473,5.0,False
V00044,P171,6,9,Undergraduate,64.8,72.72,eBird,Biochemistry,0.62,7.920000000000002,False
V00045,P063,2,27,Undergraduate,52.21,64.85,iNaturalist,Biodiversity,0.65,12.639999999999993,True
V00046,P187,22,13,Graduate,58.94,68.59,Galaxy_Zoo,Biochemistry,0.294,9.650000000000006,True
V00047,P222,32,2,Self-taught,46.55,50.24,Galaxy_Zoo,Astronomy,0.474,3.690000000000005,False
V00048,P048,4,14,Secondary,52.14,60.93,Zooniverse,Astronomy,0.437,8.79,True
V00049,P016,16,7,Undergraduate,53.95,58.85,eBird,Biochemistry,0.627,4.899999999999999,False
V00050,P119,14,13,Secondary,34.99,39.83,eBird,Climate,0.739,4.839999999999996,True
V00051,P225,22,2,Undergraduate,47.59,50.84,eBird,Public_Health,0.583,3.25,False
V00052,P183,9,22,Secondary,48.44,54.14,eBird,Biodiversity,0.553,5.700000000000003,True
V00053,P199,13,4,Self-taught,62.22,67.19,Galaxy_Zoo,Biodiversity,0.383,4.969999999999999,False
V00054,P109,3,16,Self-taught,42.24,52.74,iNaturalist,Climate,0.497,10.5,True
V00055,P066,2,3,Undergraduate,78.43,80.03,iNaturalist,Astronomy,0.531,1.5999999999999943,False
V00056,P147,2,7,Undergraduate,56.1,65.29,Galaxy_Zoo,Biochemistry,0.351,9.190000000000005,False
V00057,P060,10,10,Graduate,58.89,61.67,SciStarter,Ecology,0.385,2.780000000000001,False
V00058,P207,22,8,Secondary,48.34,56.98,eBird,Ecology,0.626,8.639999999999993,False
V00059,P055,26,5,Secondary,49.96,55.98,Zooniverse,Biodiversity,0.508,6.019999999999996,False
V00060,P080,10,13,Self-taught,51.23,57.39,Galaxy_Zoo,Climate,0.383,6.160000000000004,True
V00061,P143,15,28,Teacher,74.08,88.33,Zooniverse,Public_Health,0.442,14.25,True
V00062,P136,33,9,Self-taught,63.16,66.82,Galaxy_Zoo,Biochemistry,0.391,3.6599999999999966,False
V00063,P167,1,6,Secondary,45.03,46.56,Foldit,Biochemistry,0.514,1.5300000000000011,False
V00064,P119,8,10,Secondary,48.52,54.03,eBird,Climate,0.739,5.509999999999998,False
V00065,P271,1,3,Graduate,75.35,74.15,Galaxy_Zoo,Astronomy,0.247,-1.1999999999999886,False
V00066,P244,33,6,Secondary,45.1,53.06,Galaxy_Zoo,Astronomy,0.454,7.960000000000001,False
V00067,P257,18,3,Undergraduate,56.7,61.18,Foldit,Astronomy,0.35,4.479999999999997,False
V00068,P175,27,6,Undergraduate,52.84,55.59,Galaxy_Zoo,Astronomy,0.482,2.75,False
V00069,P177,1,11,Secondary,47.03,56.27,Galaxy_Zoo,Public_Health,0.257,9.240000000000002,False
V00070,P170,3,8,Self-taught,58.9,64.16,Zooniverse,Biochemistry,0.478,5.259999999999998,False
V00071,P119,1,10,Secondary,64.79,71.22,eBird,Climate,0.739,6.429999999999993,False
V00072,P089,11,5,Secondary,38.92,39.36,Zooniverse,Astronomy,0.441,0.4399999999999977,False
V00073,P164,19,12,Undergraduate,62.13,67.47,eBird,Astronomy,0.622,5.339999999999996,True
V00074,P009,21,10,Graduate,70.38,78.44,iNaturalist,Astronomy,0.507,8.060000000000002,False
V00075,P003,1,7,Secondary,38.03,44.74,Galaxy_Zoo,Biodiversity,0.343,6.710000000000001,False
V00076,P248,46,7,Graduate,75.05,80.75,iNaturalist,Biodiversity,0.604,5.700000000000003,False
V00077,P017,4,22,Self-taught,55.55,61.71,Galaxy_Zoo,Climate,0.448,6.160000000000004,True
V00078,P147,7,9,Self-taught,61.06,63.93,Galaxy_Zoo,Biochemistry,0.351,2.8699999999999974,False
V00079,P171,27,9,Graduate,86.27,91.23,eBird,Biochemistry,0.62,4.960000000000008,False
V00080,P056,4,1,Teacher,64.68,71.34,iNaturalist,Public_Health,0.545,6.659999999999997,False
V00081,P262,9,11,Graduate,76.49,85.09,Foldit,Biochemistry,0.589,8.600000000000009,False
V00082,P052,14,15,Teacher,58.92,65.74,iNaturalist,Biodiversity,0.477,6.819999999999993,True
V00083,P257,44,6,Undergraduate,57.14,63.81,Foldit,Astronomy,0.35,6.670000000000002,False
V00084,P220,1,10,Self-taught,50.77,56.06,eBird,Public_Health,0.734,5.289999999999999,False
V00085,P066,5,17,Undergraduate,65.36,75.4,iNaturalist,Astronomy,0.531,10.040000000000006,True
V00086,P045,26,11,Undergraduate,50.52,61.03,eBird,Ecology,0.63,10.509999999999998,False
V00087,P087,18,9,Graduate,69.96,78.57,Foldit,Astronomy,0.578,8.61,False
V00088,P107,3,10,Undergraduate,49.0,57.72,iNaturalist,Ecology,0.511,8.719999999999999,False
V00089,P068,3,8,Undergraduate,52.2,56.86,iNaturalist,Biodiversity,0.585,4.659999999999997,False
V00090,P299,4,21,Secondary,44.71,53.61,Foldit,Biochemistry,0.507,8.899999999999999,True
V00091,P065,17,10,Self-taught,64.22,75.85,eBird,Biodiversity,0.645,11.629999999999995,False
V00092,P240,4,1,Secondary,62.46,65.23,Zooniverse,Biochemistry,0.343,2.770000000000003,False
V00093,P047,6,12,Graduate,61.04,65.76,eBird,Public_Health,0.734,4.720000000000006,True
V00094,P291,10,26,Undergraduate,49.14,56.11,SciStarter,Astronomy,0.542,6.969999999999999,True
V00095,P064,20,5,Undergraduate,46.88,52.4,SciStarter,Ecology,0.388,5.519999999999996,False
V00096,P115,26,13,Undergraduate,54.39,64.18,eBird,Astronomy,0.676,9.790000000000006,True
V00097,P154,13,9,Undergraduate,47.44,51.81,eBird,Biodiversity,0.66,4.3700000000000045,False
V00098,P036,13,7,Self-taught,57.14,65.7,Zooniverse,Biodiversity,0.411,8.560000000000002,False
V00099,P236,17,9,Undergraduate,58.94,60.39,Zooniverse,Biodiversity,0.381,1.4500000000000028,False
V00100,P074,1,1,Undergraduate,54.91,55.32,Zooniverse,Biochemistry,0.286,0.4100000000000037,False
V00101,P151,2,18,Self-taught,60.97,73.19,eBird,Biodiversity,0.671,12.219999999999999,True
V00102,P152,38,15,Undergraduate,54.63,59.72,Foldit,Biodiversity,0.457,5.089999999999996,True
V00103,P169,3,7,Self-taught,42.2,44.19,Zooniverse,Biochemistry,0.544,1.9899999999999949,False
V00104,P018,6,5,Undergraduate,67.65,73.18,Zooniverse,Biochemistry,0.451,5.530000000000001,False
V00105,P048,8,5,Graduate,79.4,85.18,Zooniverse,Astronomy,0.437,5.780000000000001,False
V00106,P047,8,19,Self-taught,59.73,75.1,eBird,Public_Health,0.734,15.369999999999997,True
V00107,P085,7,12,Self-taught,58.35,68.05,iNaturalist,Biochemistry,0.542,9.699999999999996,True
V00108,P043,5,20,Teacher,81.29,89.86,iNaturalist,Climate,0.729,8.569999999999993,True
V00109,P272,15,16,Secondary,41.25,54.57,eBird,Climate,0.533,13.32,True
V00110,P143,28,9,Graduate,72.36,75.73,Zooniverse,Public_Health,0.442,3.3700000000000045,False
V00111,P174,8,9,Undergraduate,76.89,77.5,Foldit,Astronomy,0.548,0.6099999999999994,False
V00112,P098,5,11,Graduate,77.8,83.35,Zooniverse,Ecology,0.459,5.549999999999997,False
V00113,P074,7,12,Self-taught,59.99,64.91,Zooniverse,Biochemistry,0.286,4.919999999999995,True
V00114,P142,11,4,Secondary,57.37,63.12,iNaturalist,Public_Health,0.57,5.75,False
V00115,P081,2,14,Graduate,67.62,70.57,Foldit,Ecology,0.312,2.9499999999999886,True
V00116,P094,36,8,Undergraduate,43.01,49.84,SciStarter,Astronomy,0.358,6.830000000000005,False
V00117,P125,4,18,Secondary,50.96,55.58,Zooniverse,Biochemistry,0.488,4.619999999999997,True
V00118,P142,9,10,Secondary,54.84,59.36,iNaturalist,Public_Health,0.57,4.519999999999996,False
V00119,P293,16,3,Graduate,69.39,69.43,Galaxy_Zoo,Public_Health,0.342,0.04000000000000625,False
V00120,P063,17,17,Undergraduate,68.08,75.79,iNaturalist,Biodiversity,0.65,7.710000000000008,True
V00121,P137,7,14,Undergraduate,50.65,60.97,iNaturalist,Astronomy,0.521,10.32,True
V00122,P045,10,18,Graduate,68.36,80.76,eBird,Ecology,0.63,12.400000000000006,True
V00123,P096,12,12,Graduate,67.55,79.16,iNaturalist,Biochemistry,0.473,11.61,True
V00124,P204,6,19,Self-taught,56.49,61.72,eBird,Astronomy,0.612,5.229999999999997,True
V00125,P049,13,16,Secondary,51.4,59.23,eBird,Ecology,0.78,7.829999999999998,True
V00126,P161,24,10,Self-taught,53.09,58.77,Foldit,Ecology,0.41,5.68,False
V00127,P115,35,17,Self-taught,53.98,59.25,eBird,Astronomy,0.676,5.270000000000003,True
V00128,P017,12,17,Graduate,64.61,77.11,Galaxy_Zoo,Climate,0.448,12.5,True
V00129,P277,13,13,Undergraduate,48.27,60.61,Galaxy_Zoo,Astronomy,0.623,12.339999999999996,True
V00130,P113,6,16,Self-taught,64.43,74.19,Zooniverse,Biodiversity,0.53,9.759999999999991,True
V00131,P227,42,3,Secondary,40.93,50.32,Zooniverse,Public_Health,0.458,9.39,False
V00132,P115,16,17,Undergraduate,61.3,71.57,eBird,Astronomy,0.676,10.269999999999996,True
V00133,P279,7,20,Undergraduate,41.43,54.38,eBird,Public_Health,0.603,12.950000000000003,True
V00134,P079,29,5,Graduate,87.42,94.74,SciStarter,Biochemistry,0.315,7.319999999999993,False
V00135,P112,2,9,Graduate,67.31,72.89,iNaturalist,Biochemistry,0.384,5.579999999999998,False
V00136,P219,48,6,Undergraduate,56.24,59.23,Foldit,Climate,0.559,2.989999999999995,False
V00137,P094,1,11,Self-taught,63.71,70.26,SciStarter,Astronomy,0.358,6.550000000000004,False
V00138,P099,5,6,Undergraduate,65.76,70.15,iNaturalist,Astronomy,0.335,4.390000000000001,False
V00139,P296,8,12,Teacher,78.0,83.73,Zooniverse,Climate,0.401,5.730000000000004,True
V00140,P154,9,16,Undergraduate,60.93,72.18,eBird,Biodiversity,0.66,11.250000000000007,True
V00141,P196,7,22,Teacher,77.03,84.81,Foldit,Biodiversity,0.531,7.780000000000001,True
V00142,P181,22,2,Undergraduate,55.81,62.56,Zooniverse,Astronomy,0.503,6.75,False
V00143,P240,12,9,Undergraduate,52.58,58.97,Zooniverse,Biochemistry,0.343,6.390000000000001,False
V00144,P250,23,15,Undergraduate,56.52,64.74,iNaturalist,Climate,0.574,8.219999999999992,True
V00145,P156,4,9,Teacher,66.65,73.33,eBird,Biochemistry,0.544,6.679999999999993,False
V00146,P081,2,22,Self-taught,45.5,51.65,Foldit,Ecology,0.312,6.149999999999999,True
V00147,P009,17,8,Secondary,49.29,54.11,iNaturalist,Astronomy,0.507,4.82,False
V00148,P171,20,5,Undergraduate,59.5,61.74,eBird,Biochemistry,0.62,2.240000000000002,False
V00149,P239,9,18,Undergraduate,60.61,70.21,Galaxy_Zoo,Biochemistry,0.361,9.599999999999994,True
V00150,P124,3,8,Teacher,70.8,78.9,Galaxy_Zoo,Public_Health,0.336,8.100000000000009,False
V00151,P048,16,12,Teacher,67.73,75.69,Zooniverse,Astronomy,0.437,7.959999999999994,True
V00152,P078,2,17,Undergraduate,50.34,59.78,eBird,Ecology,0.658,9.439999999999998,True
V00153,P143,22,17,Undergraduate,74.72,82.72,Zooniverse,Public_Health,0.442,8.0,True
V00154,P242,1,6,Secondary,63.9,64.02,Galaxy_Zoo,Biodiversity,0.211,0.11999999999999744,False
V00155,P048,3,7,Secondary,44.56,48.83,Zooniverse,Astronomy,0.437,4.269999999999996,False
V00156,P171,3,8,Secondary,42.94,49.41,eBird,Biochemistry,0.62,6.469999999999999,False
V00157,P217,17,11,Secondary,40.57,45.65,Galaxy_Zoo,Astronomy,0.498,5.079999999999998,False
V00158,P279,9,6,Secondary,48.92,57.11,eBird,Public_Health,0.603,8.189999999999998,False
V00159,P035,22,10,Teacher,63.3,68.91,iNaturalist,Biodiversity,0.331,5.609999999999999,False
V00160,P274,7,5,Graduate,67.94,75.02,iNaturalist,Public_Health,0.53,7.079999999999998,False
V00161,P168,12,10,Self-taught,49.42,53.98,SciStarter,Astronomy,0.371,4.559999999999995,False
V00162,P222,27,4,Undergraduate,68.33,78.85,Galaxy_Zoo,Astronomy,0.474,10.519999999999996,False
V00163,P018,2,8,Graduate,77.21,80.64,Zooniverse,Biochemistry,0.451,3.430000000000007,False
V00164,P143,12,10,Graduate,88.4,91.95,Zooniverse,Public_Health,0.442,3.549999999999997,False
V00165,P173,8,16,Self-taught,45.5,53.2,eBird,Biochemistry,0.67,7.700000000000003,True
V00166,P085,4,15,Self-taught,59.45,65.61,iNaturalist,Biochemistry,0.542,6.159999999999997,True
V00167,P119,13,10,Secondary,47.12,52.5,eBird,Climate,0.739,5.380000000000003,False
V00168,P154,26,4,Secondary,50.12,61.64,eBird,Biodiversity,0.66,11.520000000000003,False
V00169,P153,6,8,Self-taught,49.81,55.05,SciStarter,Astronomy,0.411,5.239999999999995,False
V00170,P015,15,14,Self-taught,64.76,72.12,Foldit,Astronomy,0.477,7.359999999999999,True
V00171,P119,5,11,Graduate,76.54,86.38,eBird,Climate,0.739,9.83999999999999,False
V00172,P061,30,4,Teacher,73.87,78.96,Zooniverse,Public_Health,0.445,5.089999999999989,False
V00173,P269,40,6,Undergraduate,56.7,61.77,Zooniverse,Biochemistry,0.374,5.07,False
V00174,P289,18,10,Graduate,72.67,74.42,Galaxy_Zoo,Biodiversity,0.468,1.75,False
V00175,P083,16,8,Graduate,90.19,94.45,Foldit,Biodiversity,0.546,4.260000000000005,False
V00176,P049,18,15,Graduate,56.5,64.7,eBird,Ecology,0.78,8.200000000000003,True
V00177,P063,34,17,Secondary,61.76,71.69,iNaturalist,Biodiversity,0.65,9.93,True
V00178,P134,12,9,Graduate,61.09,70.57,iNaturalist,Astronomy,0.463,9.47999999999999,False
V00179,P255,3,17,Graduate,87.54,94.22,Zooniverse,Public_Health,0.368,6.679999999999993,True
V00180,P141,45,1,Graduate,81.61,85.12,Zooniverse,Astronomy,0.382,3.510000000000005,False
V00181,P018,13,2,Undergraduate,58.55,60.83,Zooniverse,Biochemistry,0.451,2.280000000000001,False
V00182,P014,58,4,Undergraduate,52.15,59.37,SciStarter,Biodiversity,0.428,7.219999999999999,False
V00183,P065,26,24,Secondary,62.14,79.46,eBird,Biodiversity,0.645,17.319999999999993,True
V00184,P245,6,10,Undergraduate,65.37,72.66,iNaturalist,Biochemistry,0.631,7.289999999999992,False
V00185,P173,3,7,Undergraduate,63.34,71.12,eBird,Biochemistry,0.67,7.780000000000001,False
V00186,P156,39,6,Secondary,47.6,57.2,eBird,Biochemistry,0.544,9.600000000000001,False
V00187,P088,9,19,Self-taught,62.85,71.15,eBird,Public_Health,0.635,8.300000000000004,True
V00188,P274,30,19,Undergraduate,64.65,76.6,iNaturalist,Public_Health,0.53,11.949999999999989,True
V00189,P092,30,35,Graduate,71.04,86.54,eBird,Public_Health,0.782,15.5,True
V00190,P241,21,4,Undergraduate,58.81,63.15,Galaxy_Zoo,Ecology,0.434,4.339999999999996,False
V00191,P262,7,12,Undergraduate,61.33,70.99,Foldit,Biochemistry,0.589,9.659999999999997,True
V00192,P134,13,17,Secondary,52.44,57.48,iNaturalist,Astronomy,0.463,5.039999999999999,True
V00193,P261,21,10,Graduate,67.86,72.69,SciStarter,Biodiversity,0.571,4.829999999999998,False
V00194,P074,5,20,Undergraduate,72.34,82.68,Zooniverse,Biochemistry,0.286,10.340000000000003,True
V00195,P185,7,1,Graduate,75.72,82.29,eBird,Biochemistry,0.708,6.570000000000007,False
V00196,P028,7,7,Secondary,43.18,50.78,Zooniverse,Biodiversity,0.452,7.600000000000001,False
V00197,P132,4,9,Undergraduate,55.69,62.89,Foldit,Public_Health,0.671,7.200000000000003,False
V00198,P063,50,13,Undergraduate,58.81,65.9,iNaturalist,Biodiversity,0.65,7.090000000000003,True
V00199,P020,10,11,Graduate,78.29,88.71,Zooniverse,Public_Health,0.586,10.419999999999987,False
V00200,P001,4,14,Secondary,51.06,60.03,Zooniverse,Public_Health,0.458,8.969999999999999,True
V00201,P090,13,4,Undergraduate,57.54,60.21,Foldit,Ecology,0.56,2.6700000000000017,False
V00202,P163,7,11,Undergraduate,53.9,57.98,iNaturalist,Biodiversity,0.6,4.079999999999998,False
V00203,P126,2,4,Self-taught,44.97,49.2,eBird,Ecology,0.627,4.230000000000004,False
V00204,P084,7,26,Secondary,62.57,71.89,Foldit,Climate,0.592,9.32,True
V00205,P294,10,5,Secondary,41.73,49.88,iNaturalist,Ecology,0.441,8.150000000000006,False
V00206,P280,1,9,Self-taught,52.59,63.96,iNaturalist,Ecology,0.637,11.369999999999997,False
V00207,P037,69,16,Graduate,59.74,68.8,iNaturalist,Ecology,0.562,9.059999999999995,True
V00208,P114,6,3,Graduate,67.46,71.47,Foldit,Public_Health,0.362,4.010000000000005,False
V00209,P182,8,15,Self-taught,67.37,74.76,Foldit,Astronomy,0.567,7.390000000000001,True
V00210,P209,14,7,Self-taught,55.25,62.23,Zooniverse,Ecology,0.416,6.979999999999997,False
V00211,P100,15,8,Secondary,39.79,49.09,Foldit,Ecology,0.591,9.300000000000004,False
V00212,P216,15,9,Undergraduate,60.78,66.43,iNaturalist,Climate,0.64,5.650000000000006,False
V00213,P037,3,8,Undergraduate,48.57,56.76,iNaturalist,Ecology,0.562,8.189999999999998,False
V00214,P092,14,18,Self-taught,53.59,60.68,eBird,Public_Health,0.782,7.089999999999996,True
V00215,P203,38,3,Undergraduate,57.41,64.33,Galaxy_Zoo,Climate,0.433,6.920000000000002,False
V00216,P175,57,4,Secondary,47.36,53.99,Galaxy_Zoo,Astronomy,0.482,6.630000000000003,False
V00217,P242,14,1,Undergraduate,57.09,58.42,Galaxy_Zoo,Biodiversity,0.211,1.3299999999999983,False
V00218,P017,1,6,Undergraduate,49.0,53.77,Galaxy_Zoo,Climate,0.448,4.770000000000003,False
V00219,P049,1,11,Secondary,49.51,53.67,eBird,Ecology,0.78,4.160000000000004,False
V00220,P017,13,7,Undergraduate,63.17,63.83,Galaxy_Zoo,Climate,0.448,0.6599999999999966,False
V00221,P052,30,8,Graduate,73.81,83.74,iNaturalist,Biodiversity,0.477,9.929999999999993,False
V00222,P001,1,8,Secondary,55.29,62.6,Zooniverse,Public_Health,0.458,7.310000000000002,False
V00223,P142,6,16,Self-taught,69.55,80.69,iNaturalist,Public_Health,0.57,11.14,True
V00224,P147,4,9,Secondary,41.17,44.78,Galaxy_Zoo,Biochemistry,0.351,3.6099999999999994,False
V00225,P185,9,7,Teacher,83.21,85.72,eBird,Biochemistry,0.708,2.510000000000005,False
V00226,P104,51,6,Secondary,42.66,44.69,eBird,Climate,0.621,2.030000000000001,False
V00227,P001,24,15,Teacher,58.04,67.6,Zooniverse,Public_Health,0.458,9.559999999999995,True
V00228,P192,1,8,Graduate,76.01,80.59,eBird,Public_Health,0.577,4.579999999999998,False
V00229,P018,7,10,Teacher,65.42,78.81,Zooniverse,Biochemistry,0.451,13.39,False
V00230,P251,5,3,Self-taught,61.62,65.31,iNaturalist,Public_Health,0.53,3.690000000000005,False
V00231,P009,7,7,Secondary,56.12,63.36,iNaturalist,Astronomy,0.507,7.240000000000002,False
V00232,P147,2,6,Graduate,74.23,74.97,Galaxy_Zoo,Biochemistry,0.351,0.7399999999999949,False
V00233,P262,6,10,Self-taught,48.77,53.95,Foldit,Biochemistry,0.589,5.18,False
V00234,P159,9,11,Self-taught,64.64,68.69,Foldit,Public_Health,0.398,4.049999999999997,False
V00235,P170,6,13,Teacher,63.08,70.61,Zooniverse,Biochemistry,0.478,7.530000000000001,True
V00236,P194,1,5,Undergraduate,59.38,62.68,eBird,Ecology,0.57,3.299999999999997,False
V00237,P036,7,4,Secondary,46.12,45.18,Zooniverse,Biodiversity,0.411,-0.9399999999999977,False
V00238,P192,2,7,Undergraduate,64.03,72.69,eBird,Public_Health,0.577,8.659999999999997,False
V00239,P257,7,10,Graduate,79.81,84.02,Foldit,Astronomy,0.35,4.209999999999994,False
V00240,P288,10,11,Undergraduate,60.75,68.91,eBird,Astronomy,0.587,8.159999999999997,False
V00241,P121,10,5,Graduate,71.08,74.14,Galaxy_Zoo,Biochemistry,0.31,3.0600000000000023,False
V00242,P094,2,10,Teacher,68.67,70.78,SciStarter,Astronomy,0.358,2.1099999999999994,False
V00243,P217,8,11,Self-taught,40.28,45.37,Galaxy_Zoo,Astronomy,0.498,5.089999999999996,False
V00244,P151,11,12,Graduate,61.16,69.32,eBird,Biodiversity,0.671,8.159999999999997,True
V00245,P070,31,14,Self-taught,41.28,50.45,eBird,Biodiversity,0.641,9.170000000000002,True
V00246,P048,9,7,Undergraduate,58.98,66.82,Zooniverse,Astronomy,0.437,7.839999999999996,False
V00247,P048,1,13,Secondary,38.95,48.68,Zooniverse,Astronomy,0.437,9.729999999999997,True
V00248,P128,1,11,Teacher,61.09,65.53,Galaxy_Zoo,Public_Health,0.344,4.439999999999998,False
V00249,P048,8,4,Undergraduate,64.64,67.06,Zooniverse,Astronomy,0.437,2.4200000000000017,False
V00250,P008,8,4,Secondary,40.07,41.11,Galaxy_Zoo,Public_Health,0.428,1.0399999999999991,False
V00251,P017,3,2,Teacher,65.87,68.86,Galaxy_Zoo,Climate,0.448,2.989999999999995,False
V00252,P274,15,13,Self-taught,78.13,88.27,iNaturalist,Public_Health,0.53,10.14,True
V00253,P024,10,4,Teacher,59.14,63.7,Foldit,Astronomy,0.416,4.560000000000002,False
V00254,P024,41,14,Secondary,44.97,54.4,Foldit,Astronomy,0.416,9.43,True
V00255,P125,4,15,Undergraduate,60.61,68.89,Zooniverse,Biochemistry,0.488,8.280000000000001,True
V00256,P068,23,10,Undergraduate,66.31,71.76,iNaturalist,Biodiversity,0.585,5.450000000000003,False
V00257,P285,26,14,Graduate,71.21,79.86,Galaxy_Zoo,Biodiversity,0.504,8.650000000000006,True
V00258,P265,19,5,Graduate,68.71,75.32,Zooniverse,Ecology,0.494,6.609999999999999,False
V00259,P110,28,5,Secondary,45.11,50.73,Foldit,Ecology,0.374,5.619999999999997,False
V00260,P124,38,9,Graduate,87.06,93.97,Galaxy_Zoo,Public_Health,0.336,6.909999999999997,False
V00261,P102,43,4,Teacher,78.55,86.97,Galaxy_Zoo,Ecology,0.373,8.420000000000002,False
V00262,P013,13,11,Undergraduate,65.86,76.18,Zooniverse,Ecology,0.406,10.320000000000007,False
V00263,P080,12,7,Undergraduate,69.18,72.8,Galaxy_Zoo,Climate,0.383,3.6199999999999903,False
V00264,P037,25,10,Undergraduate,50.56,56.97,iNaturalist,Ecology,0.562,6.409999999999997,False
V00265,P032,15,10,Self-taught,55.67,61.97,Zooniverse,Ecology,0.365,6.299999999999997,False
V00266,P155,9,5,Secondary,45.71,50.68,Zooniverse,Climate,0.523,4.969999999999999,False
V00267,P031,18,9,Undergraduate,66.34,74.92,Foldit,Astronomy,0.501,8.579999999999998,False
V00268,P033,10,1,Undergraduate,68.3,72.68,Galaxy_Zoo,Public_Health,0.158,4.38000000000001,False
V00269,P134,4,5,Graduate,79.81,83.43,iNaturalist,Astronomy,0.463,3.6200000000000045,False
V00270,P121,2,7,Secondary,37.76,40.75,Galaxy_Zoo,Biochemistry,0.31,2.990000000000002,False
V00271,P039,20,4,Undergraduate,74.85,76.3,Zooniverse,Biochemistry,0.365,1.4500000000000028,False
V00272,P001,21,11,Graduate,75.26,81.16,Zooniverse,Public_Health,0.458,5.8999999999999915,False
V00273,P053,13,9,Secondary,57.53,60.51,Foldit,Public_Health,0.444,2.979999999999997,False
V00274,P066,3,8,Self-taught,53.15,55.45,iNaturalist,Astronomy,0.531,2.3000000000000043,False
V00275,P230,19,11,Teacher,73.73,81.2,eBird,Climate,0.585,7.469999999999999,False
V00276,P268,4,9,Graduate,75.89,81.48,Galaxy_Zoo,Climate,0.302,5.590000000000003,False
V00277,P111,3,4,Graduate,68.71,70.62,Foldit,Biochemistry,0.467,1.9100000000000108,False
V00278,P111,4,6,Graduate,71.42,72.96,Foldit,Biochemistry,0.467,1.539999999999992,False
V00279,P201,24,7,Secondary,49.79,55.08,eBird,Biodiversity,0.592,5.289999999999999,False
V00280,P175,11,15,Undergraduate,71.26,79.25,Galaxy_Zoo,Astronomy,0.482,7.989999999999995,True
V00281,P050,14,8,Undergraduate,61.65,66.09,Galaxy_Zoo,Biodiversity,0.435,4.440000000000005,False
V00282,P033,1,1,Undergraduate,62.3,69.9,Galaxy_Zoo,Public_Health,0.158,7.6000000000000085,False
V00283,P119,13,16,Secondary,43.15,49.77,eBird,Climate,0.739,6.6200000000000045,True
V00284,P157,9,12,Secondary,61.97,66.17,Galaxy_Zoo,Ecology,0.421,4.200000000000003,True
V00285,P040,1,14,Teacher,72.52,78.44,Zooniverse,Biodiversity,0.563,5.920000000000002,True
V00286,P080,37,7,Self-taught,51.67,55.14,Galaxy_Zoo,Climate,0.383,3.469999999999999,False
V00287,P085,7,23,Secondary,43.9,53.2,iNaturalist,Biochemistry,0.542,9.300000000000004,True
V00288,P071,8,10,Undergraduate,72.11,76.93,eBird,Public_Health,0.51,4.820000000000007,False
V00289,P128,12,6,Teacher,73.97,82.04,Galaxy_Zoo,Public_Health,0.344,8.070000000000007,False
V00290,P183,45,22,Secondary,51.8,57.85,eBird,Biodiversity,0.553,6.050000000000004,True
V00291,P143,1,10,Secondary,48.94,55.4,Zooniverse,Public_Health,0.442,6.460000000000001,False
V00292,P059,26,10,Undergraduate,50.43,57.09,Zooniverse,Biodiversity,0.462,6.660000000000004,False
V00293,P033,2,10,Secondary,43.75,45.77,Galaxy_Zoo,Public_Health,0.158,2.020000000000003,False
V00294,P238,7,10,Secondary,57.44,61.11,eBird,Astronomy,0.622,3.6700000000000017,False
V00295,P134,3,6,Undergraduate,60.44,67.81,iNaturalist,Astronomy,0.463,7.3700000000000045,False
V00296,P020,9,19,Undergraduate,62.62,67.8,Zooniverse,Public_Health,0.586,5.18,True
V00297,P070,8,21,Undergraduate,57.49,66.38,eBird,Biodiversity,0.641,8.889999999999993,True
V00298,P231,21,5,Undergraduate,63.48,68.05,Foldit,Biodiversity,0.56,4.57,False
V00299,P217,15,5,Graduate,73.68,75.22,Galaxy_Zoo,Astronomy,0.498,1.539999999999992,False
V00300,P256,32,12,Undergraduate,82.63,90.75,SciStarter,Astronomy,0.408,8.120000000000005,True
V00301,P169,15,10,Secondary,45.21,51.32,Zooniverse,Biochemistry,0.544,6.109999999999999,False
V00302,P116,8,3,Secondary,44.97,50.42,Zooniverse,Public_Health,0.39,5.450000000000003,False
V00303,P117,1,14,Graduate,69.37,76.48,Galaxy_Zoo,Ecology,0.459,7.109999999999999,True
V00304,P054,2,3,Graduate,78.37,84.96,Foldit,Biodiversity,0.419,6.589999999999989,False
V00305,P183,31,6,Secondary,37.45,43.66,eBird,Biodiversity,0.553,6.209999999999994,False
V00306,P162,8,8,Undergraduate,54.51,60.71,iNaturalist,Ecology,0.67,6.200000000000003,False
V00307,P045,15,17,Self-taught,59.13,68.42,eBird,Ecology,0.63,9.29,True
V00308,P257,15,12,Undergraduate,61.98,67.31,Foldit,Astronomy,0.35,5.330000000000005,True
V00309,P101,27,12,Self-taught,68.33,71.6,Galaxy_Zoo,Biodiversity,0.492,3.269999999999996,True
V00310,P017,8,3,Graduate,81.21,90.72,Galaxy_Zoo,Climate,0.448,9.510000000000005,False
V00311,P091,11,18,Undergraduate,76.84,85.35,eBird,Biochemistry,0.558,8.509999999999991,True
V00312,P254,38,6,Self-taught,51.98,56.44,SciStarter,Astronomy,0.44,4.460000000000001,False
V00313,P269,26,14,Graduate,74.55,81.66,Zooniverse,Biochemistry,0.374,7.109999999999999,True
V00314,P137,1,13,Secondary,36.26,44.09,iNaturalist,Astronomy,0.521,7.830000000000005,True
V00315,P283,17,1,Undergraduate,59.32,59.11,SciStarter,Biodiversity,0.339,-0.21000000000000085,False
V00316,P255,2,8,Graduate,70.67,82.52,Zooniverse,Public_Health,0.368,11.849999999999994,False
V00317,P239,4,7,Self-taught,50.51,53.54,Galaxy_Zoo,Biochemistry,0.361,3.030000000000001,False
V00318,P250,2,8,Graduate,73.58,82.64,iNaturalist,Climate,0.574,9.060000000000002,False
V00319,P104,71,15,Undergraduate,59.91,72.59,eBird,Climate,0.621,12.680000000000007,True
V00320,P218,13,8,Teacher,71.31,76.79,SciStarter,Astronomy,0.382,5.480000000000004,False
V00321,P160,12,16,Secondary,50.25,58.12,eBird,Climate,0.758,7.869999999999997,True
V00322,P204,11,5,Undergraduate,65.2,72.32,eBird,Astronomy,0.612,7.11999999999999,False
V00323,P049,10,13,Self-taught,64.76,72.11,eBird,Ecology,0.78,7.349999999999994,True
V00324,P209,19,5,Undergraduate,67.35,76.3,Zooniverse,Ecology,0.416,8.950000000000003,False
V00325,P283,10,3,Secondary,38.66,38.11,SciStarter,Biodiversity,0.339,-0.5499999999999972,False
V00326,P085,1,8,Teacher,64.63,72.19,iNaturalist,Biochemistry,0.542,7.560000000000002,False
V00327,P293,4,7,Undergraduate,60.48,60.7,Galaxy_Zoo,Public_Health,0.342,0.22000000000000597,False
V00328,P103,5,2,Graduate,66.95,73.64,SciStarter,Public_Health,0.285,6.689999999999998,False
V00329,P057,6,10,Secondary,39.91,47.37,SciStarter,Biodiversity,0.506,7.460000000000001,False
V00330,P034,13,15,Graduate,71.84,82.18,eBird,Public_Health,0.782,10.340000000000003,True
V00331,P228,11,17,Undergraduate,64.32,69.13,iNaturalist,Biochemistry,0.562,4.810000000000002,True
V00332,P154,17,9,Undergraduate,43.33,54.68,eBird,Biodiversity,0.66,11.350000000000001,False
V00333,P085,1,9,Secondary,53.58,61.55,iNaturalist,Biochemistry,0.542,7.969999999999999,False
V00334,P170,10,11,Graduate,79.91,85.93,Zooniverse,Biochemistry,0.478,6.02000000000001,False
V00335,P092,57,7,Undergraduate,62.21,61.3,eBird,Public_Health,0.782,-0.9100000000000037,False
V00336,P124,12,7,Secondary,53.42,56.07,Galaxy_Zoo,Public_Health,0.336,2.6499999999999986,False
V00337,P250,6,18,Secondary,44.56,51.43,iNaturalist,Climate,0.574,6.869999999999997,True
V00338,P190,1,29,Undergraduate,66.27,85.03,iNaturalist,Astronomy,0.721,18.760000000000005,True
V00339,P220,2,22,Undergraduate,54.73,63.52,eBird,Public_Health,0.734,8.790000000000006,True
V00340,P162,12,6,Secondary,38.86,40.31,iNaturalist,Ecology,0.67,1.4500000000000028,False
V00341,P294,5,10,Self-taught,67.12,71.92,iNaturalist,Ecology,0.441,4.799999999999997,False
V00342,P067,5,7,Self-taught,45.51,49.84,Galaxy_Zoo,Biochemistry,0.33,4.330000000000005,False
V00343,P071,3,10,Secondary,65.62,75.17,eBird,Public_Health,0.51,9.549999999999997,False
V00344,P029,8,4,Teacher,54.29,58.31,Zooniverse,Climate,0.438,4.020000000000003,False
V00345,P154,13,16,Self-taught,60.24,68.9,eBird,Biodiversity,0.66,8.660000000000004,True
V00346,P171,13,11,Graduate,70.26,76.42,eBird,Biochemistry,0.62,6.159999999999997,False
V00347,P207,8,12,Secondary,53.67,60.72,eBird,Ecology,0.626,7.049999999999997,True
V00348,P092,12,4,Secondary,37.81,45.82,eBird,Public_Health,0.782,8.009999999999998,False
V00349,P005,10,8,Undergraduate,54.1,59.32,Zooniverse,Public_Health,0.414,5.219999999999999,False
V00350,P177,26,4,Graduate,62.97,68.28,Galaxy_Zoo,Public_Health,0.257,5.310000000000002,False
V00351,P299,6,4,Graduate,67.04,72.23,Foldit,Biochemistry,0.507,5.189999999999998,False
V00352,P081,6,8,Undergraduate,59.95,62.41,Foldit,Ecology,0.312,2.4599999999999937,False
V00353,P050,8,4,Secondary,56.36,54.49,Galaxy_Zoo,Biodiversity,0.435,-1.8699999999999974,False
V00354,P077,5,3,Graduate,74.4,76.16,SciStarter,Biodiversity,0.365,1.759999999999991,False
V00355,P116,28,10,Secondary,55.44,68.43,Zooniverse,Public_Health,0.39,12.990000000000009,False
V00356,P069,5,9,Secondary,49.0,54.62,SciStarter,Climate,0.56,5.619999999999997,False
V00357,P095,4,22,Undergraduate,58.63,65.65,eBird,Public_Health,0.512,7.020000000000003,True
V00358,P179,5,5,Self-taught,49.7,53.09,Foldit,Biodiversity,0.428,3.3900000000000006,False
V00359,P095,3,7,Secondary,57.54,62.22,eBird,Public_Health,0.512,4.68,False
V00360,P107,1,7,Undergraduate,52.53,56.04,iNaturalist,Ecology,0.511,3.509999999999998,False
V00361,P014,37,7,Graduate,68.06,76.46,SciStarter,Biodiversity,0.428,8.399999999999991,False
V00362,P270,21,10,Undergraduate,59.99,64.52,Foldit,Public_Health,0.505,4.529999999999994,False
V00363,P111,3,8,Self-taught,49.87,56.41,Foldit,Biochemistry,0.467,6.539999999999999,False
V00364,P091,12,6,Self-taught,51.61,58.12,eBird,Biochemistry,0.558,6.509999999999998,False
V00365,P028,9,21,Graduate,70.68,77.4,Zooniverse,Biodiversity,0.452,6.719999999999999,True
V00366,P177,4,8,Secondary,47.18,54.81,Galaxy_Zoo,Public_Health,0.257,7.630000000000003,False
V00367,P251,1,3,Undergraduate,52.62,60.43,iNaturalist,Public_Health,0.53,7.810000000000002,False
V00368,P015,20,22,Secondary,32.09,42.89,Foldit,Astronomy,0.477,10.799999999999997,True
V00369,P043,6,9,Secondary,55.33,64.93,iNaturalist,Climate,0.729,9.600000000000009,False
V00370,P044,1,8,Undergraduate,60.49,67.03,Foldit,Public_Health,0.431,6.539999999999999,False
V00371,P169,3,11,Graduate,85.55,88.99,Zooniverse,Biochemistry,0.544,3.4399999999999977,False
V00372,P272,13,11,Teacher,77.76,83.21,eBird,Climate,0.533,5.449999999999989,False
V00373,P119,7,8,Undergraduate,69.59,74.65,eBird,Climate,0.739,5.060000000000002,False
V00374,P094,26,16,Self-taught,58.94,72.87,SciStarter,Astronomy,0.358,13.930000000000007,True
V00375,P222,36,10,Self-taught,60.38,68.69,Galaxy_Zoo,Astronomy,0.474,8.309999999999995,False
V00376,P214,8,3,Graduate,66.13,66.62,SciStarter,Biodiversity,0.397,0.4900000000000091,False
V00377,P068,1,15,Secondary,52.78,59.7,iNaturalist,Biodiversity,0.585,6.920000000000002,True
V00378,P047,4,6,Undergraduate,56.3,61.11,eBird,Public_Health,0.734,4.810000000000002,False
V00379,P098,14,10,Secondary,50.89,49.54,Zooniverse,Ecology,0.459,-1.3500000000000014,False
V00380,P225,11,14,Graduate,63.27,72.67,eBird,Public_Health,0.583,9.399999999999999,True
V00381,P198,24,6,Secondary,56.25,64.01,eBird,Biodiversity,0.702,7.760000000000005,False
V00382,P189,4,14,Teacher,69.34,75.07,SciStarter,Public_Health,0.533,5.72999999999999,True
V00383,P240,24,5,Secondary,43.36,42.93,Zooniverse,Biochemistry,0.343,-0.4299999999999997,False
V00384,P074,3,10,Undergraduate,47.98,53.12,Zooniverse,Biochemistry,0.286,5.140000000000001,False
V00385,P092,27,11,Teacher,72.86,80.92,eBird,Public_Health,0.782,8.060000000000002,False
V00386,P016,14,10,Undergraduate,69.47,76.03,eBird,Biochemistry,0.627,6.560000000000002,False
V00387,P253,3,8,Secondary,60.59,66.28,eBird,Biodiversity,0.761,5.689999999999998,False
V00388,P161,15,9,Secondary,50.44,56.35,Foldit,Ecology,0.41,5.910000000000004,False
V00389,P083,26,5,Secondary,47.58,53.85,Foldit,Biodiversity,0.546,6.270000000000003,False
V00390,P023,43,3,Undergraduate,61.94,65.01,Galaxy_Zoo,Biochemistry,0.348,3.0700000000000074,False
V00391,P205,2,11,Teacher,73.48,77.97,eBird,Biodiversity,0.846,4.489999999999995,False
V00392,P216,17,5,Secondary,42.02,45.41,iNaturalist,Climate,0.64,3.3899999999999935,False
V00393,P189,2,9,Undergraduate,65.08,70.4,SciStarter,Public_Health,0.533,5.320000000000007,False
V00394,P060,6,4,Secondary,53.41,57.42,SciStarter,Ecology,0.385,4.010000000000005,False
V00395,P267,14,4,Graduate,81.71,85.64,Foldit,Biodiversity,0.307,3.930000000000007,False
V00396,P217,17,14,Undergraduate,66.74,73.83,Galaxy_Zoo,Astronomy,0.498,7.090000000000003,True
V00397,P185,11,15,Undergraduate,58.21,69.83,eBird,Biochemistry,0.708,11.619999999999997,True
V00398,P183,14,5,Undergraduate,63.96,69.57,eBird,Biodiversity,0.553,5.609999999999992,False
V00399,P264,9,6,Undergraduate,59.8,67.7,Zooniverse,Biodiversity,0.4,7.900000000000006,False
V00400,P274,21,10,Graduate,66.98,72.62,iNaturalist,Public_Health,0.53,5.640000000000001,False
V00401,P165,12,3,Teacher,61.08,60.96,SciStarter,Astronomy,0.481,-0.11999999999999744,False
V00402,P115,11,10,Undergraduate,65.74,68.77,eBird,Astronomy,0.676,3.030000000000001,False
V00403,P099,14,17,Secondary,44.74,53.64,iNaturalist,Astronomy,0.335,8.899999999999999,True
V00404,P237,26,11,Secondary,62.71,69.47,Zooniverse,Public_Health,0.556,6.759999999999998,False
V00405,P181,8,16,Undergraduate,59.74,69.15,Zooniverse,Astronomy,0.503,9.410000000000004,True
V00406,P025,11,13,Secondary,46.31,51.06,Galaxy_Zoo,Public_Health,0.442,4.75,True
V00407,P041,21,5,Graduate,80.98,84.56,SciStarter,Biochemistry,0.426,3.5799999999999983,False
V00408,P264,7,8,Undergraduate,68.72,75.05,Zooniverse,Biodiversity,0.4,6.329999999999998,False
V00409,P257,3,3,Undergraduate,57.83,61.43,Foldit,Astronomy,0.35,3.6000000000000014,False
V00410,P282,2,11,Self-taught,68.63,74.03,iNaturalist,Climate,0.443,5.400000000000006,False
V00411,P117,12,12,Secondary,60.04,68.34,Galaxy_Zoo,Ecology,0.459,8.300000000000004,True
V00412,P227,26,26,Secondary,46.44,60.59,Zooniverse,Public_Health,0.458,14.150000000000006,True
V00413,P240,9,16,Graduate,79.89,87.03,Zooniverse,Biochemistry,0.343,7.140000000000001,True
V00414,P087,125,7,Graduate,76.45,85.29,Foldit,Astronomy,0.578,8.840000000000003,False
V00415,P043,10,10,Undergraduate,61.38,68.54,iNaturalist,Climate,0.729,7.160000000000004,False
V00416,P298,14,4,Undergraduate,72.98,75.57,Galaxy_Zoo,Ecology,0.257,2.589999999999989,False
V00417,P009,22,10,Secondary,35.48,48.32,iNaturalist,Astronomy,0.507,12.840000000000003,False
V00418,P165,27,10,Undergraduate,64.8,75.76,SciStarter,Astronomy,0.481,10.960000000000008,False
V00419,P183,21,6,Undergraduate,58.21,58.5,eBird,Biodiversity,0.553,0.28999999999999915,False
V00420,P194,3,8,Undergraduate,54.91,59.74,eBird,Ecology,0.57,4.830000000000005,False
V00421,P070,9,13,Secondary,39.88,46.75,eBird,Biodiversity,0.641,6.869999999999997,True
V00422,P205,8,18,Teacher,60.41,70.14,eBird,Biodiversity,0.846,9.730000000000004,True
V00423,P062,6,17,Graduate,82.79,97.56,SciStarter,Biochemistry,0.407,14.769999999999996,True
V00424,P240,9,5,Self-taught,76.82,81.73,Zooniverse,Biochemistry,0.343,4.910000000000011,False
V00425,P063,8,14,Secondary,39.86,47.65,iNaturalist,Biodiversity,0.65,7.789999999999999,True
V00426,P198,22,21,Secondary,36.32,48.3,eBird,Biodiversity,0.702,11.979999999999997,True
V00427,P227,3,8,Self-taught,47.98,50.37,Zooniverse,Public_Health,0.458,2.3900000000000006,False
V00428,P051,4,7,Undergraduate,57.03,65.12,Zooniverse,Climate,0.503,8.090000000000003,False
V00429,P066,12,14,Undergraduate,73.0,86.58,iNaturalist,Astronomy,0.531,13.579999999999998,True
V00430,P226,10,11,Undergraduate,58.24,70.96,Zooniverse,Climate,0.559,12.719999999999992,False
V00431,P028,2,7,Secondary,45.12,44.49,Zooniverse,Biodiversity,0.452,-0.6299999999999955,False
V00432,P052,21,4,Undergraduate,75.67,81.09,iNaturalist,Biodiversity,0.477,5.420000000000002,False
V00433,P127,13,7,Secondary,35.22,43.65,Galaxy_Zoo,Astronomy,0.324,8.43,False
V00434,P275,5,3,Self-taught,43.47,50.75,Galaxy_Zoo,Public_Health,0.445,7.280000000000001,False
V00435,P156,10,19,Secondary,49.86,59.34,eBird,Biochemistry,0.544,9.480000000000004,True
V00436,P106,22,2,Undergraduate,52.55,54.12,Galaxy_Zoo,Ecology,0.419,1.5700000000000003,False
V00437,P291,14,19,Self-taught,50.14,58.11,SciStarter,Astronomy,0.542,7.969999999999999,True
V00438,P129,9,9,Secondary,51.23,51.5,Zooniverse,Biodiversity,0.456,0.2700000000000031,False
V00439,P119,5,20,Undergraduate,60.02,71.56,eBird,Climate,0.739,11.54,True
V00440,P112,11,14,Self-taught,43.14,46.85,iNaturalist,Biochemistry,0.384,3.710000000000001,True
V00441,P086,20,16,Secondary,42.7,52.93,SciStarter,Astronomy,0.322,10.229999999999997,True
V00442,P090,14,10,Graduate,59.63,73.99,Foldit,Ecology,0.56,14.359999999999992,False
V00443,P195,5,17,Undergraduate,49.5,56.72,SciStarter,Biodiversity,0.38,7.219999999999999,True
V00444,P015,6,17,Teacher,63.43,71.57,Foldit,Astronomy,0.477,8.139999999999993,True
V00445,P194,10,12,Teacher,58.93,62.02,eBird,Ecology,0.57,3.0900000000000034,True
V00446,P059,3,8,Self-taught,41.31,46.62,Zooniverse,Biodiversity,0.462,5.309999999999995,False
V00447,P104,2,22,Undergraduate,65.53,73.66,eBird,Climate,0.621,8.129999999999995,True
V00448,P044,5,8,Secondary,39.6,46.64,Foldit,Public_Health,0.431,7.039999999999999,False
V00449,P153,21,9,Undergraduate,66.12,73.36,SciStarter,Astronomy,0.411,7.239999999999995,False
V00450,P207,19,19,Secondary,52.23,65.5,eBird,Ecology,0.626,13.270000000000003,True
V00451,P097,7,13,Secondary,40.58,41.8,iNaturalist,Astronomy,0.474,1.2199999999999989,True
V00452,P048,13,6,Secondary,49.04,59.52,Zooniverse,Astronomy,0.437,10.480000000000004,False
V00453,P065,5,22,Secondary,59.23,74.45,eBird,Biodiversity,0.645,15.220000000000006,True
V00454,P237,35,11,Self-taught,59.7,64.09,Zooniverse,Public_Health,0.556,4.390000000000001,False
V00455,P073,33,7,Secondary,46.85,50.81,SciStarter,Biodiversity,0.534,3.960000000000001,False
V00456,P225,7,10,Undergraduate,58.48,64.1,eBird,Public_Health,0.583,5.619999999999997,False
V00457,P092,20,11,Undergraduate,61.08,70.34,eBird,Public_Health,0.782,9.260000000000005,False
V00458,P051,3,13,Undergraduate,65.59,71.38,Zooniverse,Climate,0.503,5.789999999999992,True
V00459,P207,6,15,Graduate,65.37,72.16,eBird,Ecology,0.626,6.789999999999992,True
V00460,P130,26,1,Graduate,53.35,53.76,iNaturalist,Climate,0.557,0.4099999999999966,False
V00461,P009,3,17,Secondary,39.43,44.43,iNaturalist,Astronomy,0.507,5.0,True
V00462,P284,19,8,Secondary,49.46,54.42,Galaxy_Zoo,Public_Health,0.463,4.960000000000001,False
V00463,P045,7,11,Graduate,74.64,77.55,eBird,Ecology,0.63,2.9099999999999966,False
V00464,P096,7,11,Secondary,42.6,46.94,iNaturalist,Biochemistry,0.473,4.339999999999996,False
V00465,P104,17,18,Undergraduate,56.25,66.08,eBird,Climate,0.621,9.829999999999998,True
V00466,P137,6,4,Teacher,71.32,72.48,iNaturalist,Astronomy,0.521,1.1600000000000108,False
V00467,P228,6,10,Secondary,58.51,65.09,iNaturalist,Biochemistry,0.562,6.580000000000005,False
V00468,P002,15,6,Graduate,84.37,88.91,Galaxy_Zoo,Ecology,0.35,4.539999999999992,False
V00469,P277,11,11,Graduate,68.11,76.38,Galaxy_Zoo,Astronomy,0.623,8.269999999999996,False
V00470,P181,33,19,Teacher,63.12,72.29,Zooniverse,Astronomy,0.503,9.170000000000009,True
V00471,P282,14,8,Self-taught,51.49,59.27,iNaturalist,Climate,0.443,7.780000000000001,False
V00472,P236,17,13,Secondary,50.59,58.38,Zooniverse,Biodiversity,0.381,7.789999999999999,True
V00473,P274,3,4,Secondary,43.15,47.95,iNaturalist,Public_Health,0.53,4.800000000000004,False
V00474,P167,20,10,Undergraduate,59.12,61.88,Foldit,Biochemistry,0.514,2.760000000000005,False
V00475,P098,7,5,Secondary,45.68,50.59,Zooniverse,Ecology,0.459,4.910000000000004,False
V00476,P121,40,12,Graduate,69.95,82.42,Galaxy_Zoo,Biochemistry,0.31,12.469999999999999,True
V00477,P185,3,25,Secondary,42.73,58.8,eBird,Biochemistry,0.708,16.07,True
V00478,P117,27,8,Undergraduate,51.23,56.52,Galaxy_Zoo,Ecology,0.459,5.290000000000006,False
V00479,P209,13,6,Undergraduate,62.97,65.92,Zooniverse,Ecology,0.416,2.950000000000003,False
V00480,P029,8,12,Self-taught,70.97,78.28,Zooniverse,Climate,0.438,7.310000000000002,True
V00481,P240,6,3,Undergraduate,70.25,72.08,Zooniverse,Biochemistry,0.343,1.8299999999999983,False
V00482,P060,16,7,Secondary,51.77,56.5,SciStarter,Ecology,0.385,4.729999999999997,False
V00483,P281,2,11,Undergraduate,46.9,50.87,iNaturalist,Astronomy,0.497,3.969999999999999,False
V00484,P045,22,16,Secondary,57.36,66.97,eBird,Ecology,0.63,9.61,True
V00485,P038,11,18,Undergraduate,59.68,69.74,eBird,Ecology,0.498,10.059999999999995,True
V00486,P235,4,2,Teacher,69.49,70.5,Foldit,Biochemistry,0.482,1.0100000000000051,False
V00487,P237,32,6,Undergraduate,70.34,77.99,Zooniverse,Public_Health,0.556,7.6499999999999915,False
V00488,P212,3,2,Undergraduate,38.42,41.59,Galaxy_Zoo,Biochemistry,0.501,3.1700000000000017,False
V00489,P284,13,13,Teacher,67.86,75.15,Galaxy_Zoo,Public_Health,0.463,7.290000000000006,True
V00490,P074,4,9,Undergraduate,48.45,55.68,Zooniverse,Biochemistry,0.286,7.229999999999997,False
V00491,P239,1,8,Secondary,46.7,48.95,Galaxy_Zoo,Biochemistry,0.361,2.25,False
V00492,P096,48,15,Secondary,47.52,60.7,iNaturalist,Biochemistry,0.473,13.18,True
V00493,P151,13,8,Undergraduate,56.1,62.55,eBird,Biodiversity,0.671,6.449999999999996,False
V00494,P122,17,16,Secondary,49.68,56.45,SciStarter,Climate,0.421,6.770000000000003,True
V00495,P002,16,6,Secondary,51.32,54.37,Galaxy_Zoo,Ecology,0.35,3.049999999999997,False
V00496,P160,4,8,Undergraduate,57.51,61.56,eBird,Climate,0.758,4.050000000000004,False
V00497,P216,8,7,Secondary,44.81,51.05,iNaturalist,Climate,0.64,6.239999999999995,False
V00498,P049,16,17,Undergraduate,59.93,68.41,eBird,Ecology,0.78,8.479999999999997,True
V00499,P276,3,7,Undergraduate,52.31,53.35,Foldit,Biodiversity,0.548,1.0399999999999991,False
V00500,P147,3,4,Secondary,58.99,66.64,Galaxy_Zoo,Biochemistry,0.351,7.649999999999999,False
V00501,P049,14,5,Secondary,50.66,59.5,eBird,Ecology,0.78,8.840000000000003,False
V00502,P181,10,16,Self-taught,43.95,56.16,Zooniverse,Astronomy,0.503,12.209999999999994,True
V00503,P052,31,13,Teacher,76.06,81.27,iNaturalist,Biodiversity,0.477,5.209999999999994,True
V00504,P020,7,9,Teacher,72.4,76.77,Zooniverse,Public_Health,0.586,4.36999999999999,False
V00505,P194,26,12,Secondary,38.45,43.97,eBird,Ecology,0.57,5.519999999999996,True
V00506,P034,31,13,Secondary,47.93,59.14,eBird,Public_Health,0.782,11.21,True
V00507,P033,3,9,Undergraduate,51.6,58.92,Galaxy_Zoo,Public_Health,0.158,7.32,False
V00508,P212,19,5,Undergraduate,55.63,61.33,Galaxy_Zoo,Biochemistry,0.501,5.699999999999996,False
V00509,P018,1,8,Graduate,72.84,79.89,Zooniverse,Biochemistry,0.451,7.049999999999997,False
V00510,P233,78,8,Self-taught,51.81,50.99,eBird,Climate,0.618,-0.8200000000000003,False
V00511,P229,9,14,Secondary,52.56,59.95,Galaxy_Zoo,Biodiversity,0.412,7.390000000000001,True
V00512,P041,28,12,Undergraduate,43.28,46.97,SciStarter,Biochemistry,0.426,3.6899999999999977,True
V00513,P144,70,7,Graduate,56.36,63.45,Zooniverse,Biodiversity,0.458,7.090000000000003,False
V00514,P030,4,8,Graduate,63.77,69.24,Zooniverse,Biochemistry,0.599,5.469999999999992,False
V00515,P177,19,10,Secondary,48.87,50.94,Galaxy_Zoo,Public_Health,0.257,2.0700000000000003,False
V00516,P020,1,10,Secondary,38.63,44.27,Zooniverse,Public_Health,0.586,5.640000000000001,False
V00517,P281,13,8,Self-taught,41.01,48.14,iNaturalist,Astronomy,0.497,7.130000000000003,False
V00518,P061,4,6,Undergraduate,67.46,76.12,Zooniverse,Public_Health,0.445,8.66000000000001,False
V00519,P194,2,22,Undergraduate,54.46,63.29,eBird,Ecology,0.57,8.829999999999998,True
V00520,P038,3,8,Graduate,81.59,87.71,eBird,Ecology,0.498,6.11999999999999,False
V00521,P061,25,5,Teacher,54.28,55.17,Zooniverse,Public_Health,0.445,0.8900000000000006,False
V00522,P125,1,5,Secondary,66.78,66.03,Zooniverse,Biochemistry,0.488,-0.75,False
V00523,P160,4,14,Undergraduate,60.77,72.95,eBird,Climate,0.758,12.18,True
V00524,P299,28,2,Secondary,58.87,58.81,Foldit,Biochemistry,0.507,-0.05999999999999517,False
V00525,P009,7,14,Undergraduate,42.46,52.82,iNaturalist,Astronomy,0.507,10.36,True
V00526,P001,14,6,Secondary,56.52,59.67,Zooniverse,Public_Health,0.458,3.1499999999999986,False
V00527,P096,8,8,Secondary,40.47,40.92,iNaturalist,Biochemistry,0.473,0.45000000000000284,False
V00528,P100,4,12,Self-taught,41.83,44.73,Foldit,Ecology,0.591,2.8999999999999986,True
V00529,P257,14,9,Undergraduate,63.01,68.04,Foldit,Astronomy,0.35,5.030000000000008,False
V00530,P266,11,15,Teacher,67.22,73.76,Foldit,Ecology,0.585,6.540000000000006,True
V00531,P257,84,3,Self-taught,45.5,52.74,Foldit,Astronomy,0.35,7.240000000000002,False
V00532,P042,34,12,Self-taught,69.68,78.35,SciStarter,Climate,0.326,8.669999999999987,True
V00533,P112,15,5,Undergraduate,61.69,67.21,iNaturalist,Biochemistry,0.384,5.519999999999996,False
V00534,P215,18,14,Undergraduate,77.94,87.0,Foldit,Biodiversity,0.606,9.060000000000002,True
V00535,P086,22,8,Undergraduate,54.01,63.49,SciStarter,Astronomy,0.322,9.480000000000004,False
V00536,P187,13,6,Graduate,72.73,74.59,Galaxy_Zoo,Biochemistry,0.294,1.8599999999999994,False
V00537,P066,35,19,Graduate,77.63,86.28,iNaturalist,Astronomy,0.531,8.650000000000006,True
V00538,P089,3,9,Secondary,47.06,53.75,Zooniverse,Astronomy,0.441,6.689999999999998,False
V00539,P250,12,18,Undergraduate,55.24,63.23,iNaturalist,Climate,0.574,7.989999999999995,True
V00540,P069,2,13,Secondary,41.79,51.65,SciStarter,Climate,0.56,9.86,True
V00541,P286,8,10,Self-taught,57.5,63.69,Galaxy_Zoo,Biochemistry,0.416,6.189999999999998,False
V00542,P085,4,2,Secondary,46.22,53.93,iNaturalist,Biochemistry,0.542,7.710000000000001,False
V00543,P009,12,10,Secondary,46.42,51.41,iNaturalist,Astronomy,0.507,4.989999999999995,False
V00544,P070,12,16,Undergraduate,60.5,65.89,eBird,Biodiversity,0.641,5.390000000000001,True
V00545,P048,1,1,Secondary,47.69,54.66,Zooniverse,Astronomy,0.437,6.969999999999999,False
V00546,P143,7,8,Undergraduate,73.66,80.74,Zooniverse,Public_Health,0.442,7.079999999999998,False
V00547,P034,28,10,Self-taught,51.86,61.51,eBird,Public_Health,0.782,9.649999999999999,False
V00548,P175,9,13,Graduate,80.14,88.19,Galaxy_Zoo,Astronomy,0.482,8.049999999999997,True
V00549,P255,7,9,Self-taught,58.89,63.87,Zooniverse,Public_Health,0.368,4.979999999999997,False
V00550,P099,5,5,Graduate,64.25,75.03,iNaturalist,Astronomy,0.335,10.780000000000001,False
V00551,P048,19,7,Self-taught,51.41,57.93,Zooniverse,Astronomy,0.437,6.520000000000003,False
V00552,P108,7,10,Secondary,49.33,56.43,Zooniverse,Public_Health,0.423,7.100000000000001,False
V00553,P228,3,23,Graduate,68.26,77.66,iNaturalist,Biochemistry,0.562,9.399999999999991,True
V00554,P164,11,8,Undergraduate,70.96,74.1,eBird,Astronomy,0.622,3.1400000000000006,False
V00555,P032,14,9,Undergraduate,53.77,56.45,Zooniverse,Ecology,0.365,2.6799999999999997,False
V00556,P150,6,7,Graduate,72.91,77.42,Galaxy_Zoo,Biochemistry,0.341,4.510000000000005,False
V00557,P130,38,13,Undergraduate,64.4,75.58,iNaturalist,Climate,0.557,11.179999999999993,True
V00558,P091,18,10,Graduate,73.59,80.3,eBird,Biochemistry,0.558,6.709999999999994,False
V00559,P034,9,3,Self-taught,45.52,48.69,eBird,Public_Health,0.782,3.1699999999999946,False
V00560,P292,6,8,Self-taught,63.23,71.7,eBird,Ecology,0.601,8.470000000000006,False
V00561,P049,7,13,Secondary,43.1,53.21,eBird,Ecology,0.78,10.11,True
V00562,P052,8,9,Undergraduate,68.39,72.55,iNaturalist,Biodiversity,0.477,4.159999999999997,False
V00563,P043,9,9,Undergraduate,57.09,61.58,iNaturalist,Climate,0.729,4.489999999999995,False
V00564,P158,1,7,Graduate,70.53,74.51,Galaxy_Zoo,Biochemistry,0.385,3.980000000000004,False
V00565,P121,8,12,Teacher,66.78,69.6,Galaxy_Zoo,Biochemistry,0.31,2.819999999999993,True
V00566,P068,59,10,Secondary,52.19,58.6,iNaturalist,Biodiversity,0.585,6.410000000000004,False
V00567,P118,3,2,Graduate,64.19,66.77,Galaxy_Zoo,Ecology,0.439,2.5799999999999983,False
V00568,P192,3,26,Graduate,70.68,85.89,eBird,Public_Health,0.577,15.209999999999994,True
V00569,P076,8,12,Undergraduate,61.99,72.24,Zooniverse,Biochemistry,0.418,10.249999999999993,True
V00570,P268,8,12,Undergraduate,59.13,70.52,Galaxy_Zoo,Climate,0.302,11.389999999999993,True
V00571,P085,5,3,Secondary,37.6,39.42,iNaturalist,Biochemistry,0.542,1.8200000000000003,False
V00572,P056,4,18,Undergraduate,62.74,74.23,iNaturalist,Public_Health,0.545,11.490000000000002,True
V00573,P282,4,14,Teacher,61.91,67.77,iNaturalist,Climate,0.443,5.859999999999999,True
V00574,P234,14,12,Self-taught,57.72,68.98,Foldit,Public_Health,0.558,11.260000000000005,True
V00575,P093,3,7,Secondary,57.62,62.84,Galaxy_Zoo,Climate,0.394,5.220000000000006,False
V00576,P245,6,11,Graduate,64.78,74.59,iNaturalist,Biochemistry,0.631,9.810000000000002,False
V00577,P144,33,20,Undergraduate,74.82,82.28,Zooniverse,Biodiversity,0.458,7.460000000000008,True
V00578,P095,2,17,Undergraduate,70.98,79.24,eBird,Public_Health,0.512,8.259999999999991,True
V00579,P244,37,8,Undergraduate,64.32,69.51,Galaxy_Zoo,Astronomy,0.454,5.190000000000012,False
V00580,P217,19,12,Undergraduate,65.42,72.53,Galaxy_Zoo,Astronomy,0.498,7.109999999999999,True
V00581,P082,14,18,Self-taught,64.17,73.57,SciStarter,Biodiversity,0.452,9.399999999999991,True
V00582,P170,6,15,Secondary,54.1,59.09,Zooniverse,Biochemistry,0.478,4.990000000000002,True
V00583,P101,4,22,Undergraduate,57.55,66.73,Galaxy_Zoo,Biodiversity,0.492,9.180000000000007,True
V00584,P001,13,6,Graduate,74.49,81.16,Zooniverse,Public_Health,0.458,6.670000000000002,False
V00585,P284,36,13,Graduate,95.0,97.91,Galaxy_Zoo,Public_Health,0.463,2.9099999999999966,True
V00586,P152,26,2,Secondary,46.84,47.91,Foldit,Biodiversity,0.457,1.0699999999999932,False
V00587,P165,20,7,Graduate,76.56,81.08,SciStarter,Astronomy,0.481,4.519999999999996,False
V00588,P167,4,16,Self-taught,49.08,59.95,Foldit,Biochemistry,0.514,10.870000000000005,True
V00589,P152,51,22,Self-taught,64.61,71.94,Foldit,Biodiversity,0.457,7.329999999999998,True
V00590,P079,15,12,Self-taught,70.64,78.4,SciStarter,Biochemistry,0.315,7.760000000000005,True
V00591,P287,32,24,Undergraduate,55.71,70.53,Zooniverse,Astronomy,0.507,14.82,True
V00592,P173,1,13,Undergraduate,66.44,72.71,eBird,Biochemistry,0.67,6.269999999999996,True
V00593,P190,2,9,Graduate,69.8,77.34,iNaturalist,Astronomy,0.721,7.540000000000006,False
V00594,P126,2,12,Graduate,74.57,83.65,eBird,Ecology,0.627,9.080000000000013,True
V00595,P078,9,11,Secondary,35.93,43.1,eBird,Ecology,0.658,7.170000000000002,False
V00596,P021,20,7,Undergraduate,60.45,65.09,SciStarter,Astronomy,0.442,4.640000000000001,False
V00597,P096,18,17,Self-taught,60.64,69.18,iNaturalist,Biochemistry,0.473,8.540000000000006,True
V00598,P049,19,6,Undergraduate,66.96,74.52,eBird,Ecology,0.78,7.560000000000002,False
V00599,P187,24,5,Teacher,57.86,62.09,Galaxy_Zoo,Biochemistry,0.294,4.230000000000004,False
V00600,P257,23,7,Secondary,54.79,55.05,Foldit,Astronomy,0.35,0.259999999999998,False
V00601,P085,5,4,Graduate,83.66,94.34,iNaturalist,Biochemistry,0.542,10.680000000000007,False
V00602,P092,23,14,Undergraduate,52.48,59.58,eBird,Public_Health,0.782,7.100000000000001,True
V00603,P190,14,7,Graduate,83.08,90.2,iNaturalist,Astronomy,0.721,7.1200000000000045,False
V00604,P045,20,21,Self-taught,54.85,62.0,eBird,Ecology,0.63,7.149999999999999,True
V00605,P274,23,12,Graduate,84.42,94.31,iNaturalist,Public_Health,0.53,9.89,True
V00606,P099,7,15,Undergraduate,50.81,56.62,iNaturalist,Astronomy,0.335,5.809999999999995,True
V00607,P032,10,3,Self-taught,52.25,55.44,Zooniverse,Ecology,0.365,3.1899999999999977,False
V00608,P049,32,12,Teacher,73.17,80.44,eBird,Ecology,0.78,7.269999999999996,True
V00609,P277,10,10,Teacher,72.09,83.9,Galaxy_Zoo,Astronomy,0.623,11.810000000000002,False
V00610,P068,13,14,Teacher,62.4,63.85,iNaturalist,Biodiversity,0.585,1.4500000000000028,True
V00611,P187,20,3,Graduate,56.37,60.78,Galaxy_Zoo,Biochemistry,0.294,4.410000000000004,False
V00612,P045,1,19,Teacher,70.07,75.48,eBird,Ecology,0.63,5.410000000000011,True
V00613,P054,9,25,Secondary,45.38,58.1,Foldit,Biodiversity,0.419,12.719999999999999,True
V00614,P257,6,15,Undergraduate,61.92,69.54,Foldit,Astronomy,0.35,7.6200000000000045,True
V00615,P045,12,10,Self-taught,57.44,63.99,eBird,Ecology,0.63,6.550000000000004,False
V00616,P007,19,8,Secondary,56.22,61.62,Galaxy_Zoo,Biochemistry,0.319,5.399999999999999,False
V00617,P141,19,4,Undergraduate,59.13,61.9,Zooniverse,Astronomy,0.382,2.769999999999996,False
V00618,P250,24,10,Graduate,79.97,84.36,iNaturalist,Climate,0.574,4.390000000000001,False
V00619,P090,3,29,Graduate,69.21,77.61,Foldit,Ecology,0.56,8.400000000000006,True
V00620,P038,2,5,Secondary,47.22,50.59,eBird,Ecology,0.498,3.3700000000000045,False
V00621,P292,17,8,Undergraduate,62.77,68.6,eBird,Ecology,0.601,5.829999999999991,False
V00622,P193,6,7,Secondary,40.7,46.87,iNaturalist,Public_Health,0.535,6.169999999999995,False
V00623,P248,41,13,Self-taught,61.91,70.03,iNaturalist,Biodiversity,0.604,8.120000000000005,True
V00624,P217,8,9,Secondary,51.47,57.15,Galaxy_Zoo,Astronomy,0.498,5.68,False
V00625,P198,62,5,Secondary,51.8,54.72,eBird,Biodiversity,0.702,2.9200000000000017,False
V00626,P104,4,9,Secondary,57.17,60.45,eBird,Climate,0.621,3.280000000000001,False
V00627,P089,15,11,Self-taught,52.67,62.48,Zooniverse,Astronomy,0.441,9.809999999999995,False
V00628,P204,1,24,Secondary,52.7,59.44,eBird,Astronomy,0.612,6.739999999999995,True
V00629,P203,7,2,Graduate,75.12,75.91,Galaxy_Zoo,Climate,0.433,0.789999999999992,False
V00630,P282,1,10,Undergraduate,57.33,61.7,iNaturalist,Climate,0.443,4.3700000000000045,False
V00631,P157,18,17,Secondary,52.22,59.62,Galaxy_Zoo,Ecology,0.421,7.399999999999999,True
V00632,P081,9,6,Undergraduate,62.49,66.32,Foldit,Ecology,0.312,3.829999999999991,False
V00633,P137,6,12,Self-taught,51.94,58.31,iNaturalist,Astronomy,0.521,6.3700000000000045,True
V00634,P171,34,10,Undergraduate,52.54,61.75,eBird,Biochemistry,0.62,9.21,False
V00635,P117,27,6,Graduate,70.74,76.49,Galaxy_Zoo,Ecology,0.459,5.75,False
V00636,P228,1,8,Undergraduate,62.26,58.65,iNaturalist,Biochemistry,0.562,-3.6099999999999994,False
V00637,P162,12,7,Graduate,71.14,79.26,iNaturalist,Ecology,0.67,8.120000000000005,False
V00638,P004,22,10,Graduate,70.89,77.17,iNaturalist,Public_Health,0.533,6.280000000000001,False
V00639,P158,6,13,Graduate,83.47,92.17,Galaxy_Zoo,Biochemistry,0.385,8.700000000000003,True
V00640,P177,5,3,Teacher,66.94,71.97,Galaxy_Zoo,Public_Health,0.257,5.030000000000001,False
V00641,P268,3,9,Undergraduate,54.6,64.23,Galaxy_Zoo,Climate,0.302,9.630000000000003,False
V00642,P113,10,14,Self-taught,66.05,76.59,Zooniverse,Biodiversity,0.53,10.540000000000006,True
V00643,P160,20,13,Secondary,53.75,63.62,eBird,Climate,0.758,9.869999999999997,True
V00644,P133,5,6,Graduate,77.41,82.87,iNaturalist,Climate,0.5,5.460000000000008,False
V00645,P147,4,3,Teacher,57.17,60.67,Galaxy_Zoo,Biochemistry,0.351,3.5,False
V00646,P021,13,3,Undergraduate,72.79,73.47,SciStarter,Astronomy,0.442,0.6799999999999926,False
V00647,P262,16,16,Secondary,45.88,57.44,Foldit,Biochemistry,0.589,11.559999999999995,True
V00648,P265,10,16,Undergraduate,56.61,62.39,Zooniverse,Ecology,0.494,5.780000000000001,True
V00649,P151,5,15,Undergraduate,56.07,68.34,eBird,Biodiversity,0.671,12.270000000000003,True
V00650,P154,8,10,Secondary,52.42,60.44,eBird,Biodiversity,0.66,8.019999999999996,False
V00651,P018,22,2,Teacher,69.82,71.05,Zooniverse,Biochemistry,0.451,1.230000000000004,False
V00652,P165,9,18,Undergraduate,62.18,73.37,SciStarter,Astronomy,0.481,11.190000000000005,True
V00653,P117,3,6,Secondary,57.49,61.72,Galaxy_Zoo,Ecology,0.459,4.229999999999997,False
V00654,P201,35,4,Self-taught,58.23,59.78,eBird,Biodiversity,0.592,1.5500000000000043,False
V00655,P017,14,5,Self-taught,51.87,55.73,Galaxy_Zoo,Climate,0.448,3.8599999999999994,False
V00656,P201,1,25,Graduate,61.76,74.1,eBird,Biodiversity,0.592,12.339999999999996,True
V00657,P078,4,19,Self-taught,54.93,64.6,eBird,Ecology,0.658,9.669999999999995,True
V00658,P183,28,6,Secondary,41.13,50.68,eBird,Biodiversity,0.553,9.549999999999997,False
V00659,P175,14,14,Undergraduate,62.8,70.38,Galaxy_Zoo,Astronomy,0.482,7.579999999999998,True
V00660,P065,16,10,Secondary,70.5,76.92,eBird,Biodiversity,0.645,6.420000000000002,False
V00661,P120,10,11,Secondary,43.29,47.25,Galaxy_Zoo,Climate,0.338,3.960000000000001,False
V00662,P242,34,6,Undergraduate,64.85,63.54,Galaxy_Zoo,Biodiversity,0.211,-1.3099999999999952,False
V00663,P169,12,7,Secondary,55.94,60.26,Zooniverse,Biochemistry,0.544,4.32,False
V00664,P022,8,8,Undergraduate,62.53,70.41,Foldit,Public_Health,0.459,7.8799999999999955,False
V00665,P121,8,6,Secondary,40.45,47.62,Galaxy_Zoo,Biochemistry,0.31,7.169999999999995,False
V00666,P086,31,9,Teacher,62.21,70.35,SciStarter,Astronomy,0.322,8.139999999999993,False
V00667,P180,3,8,Undergraduate,59.47,61.83,Zooniverse,Astronomy,0.571,2.3599999999999994,False
V00668,P171,15,4,Undergraduate,77.51,84.22,eBird,Biochemistry,0.62,6.709999999999994,False
V00669,P004,1,1,Graduate,66.08,70.61,iNaturalist,Public_Health,0.533,4.530000000000001,False
V00670,P170,24,2,Graduate,70.89,72.99,Zooniverse,Biochemistry,0.478,2.0999999999999943,False
V00671,P210,11,5,Undergraduate,52.58,57.72,Galaxy_Zoo,Astronomy,0.329,5.140000000000001,False
V00672,P223,22,4,Teacher,71.14,75.64,Galaxy_Zoo,Astronomy,0.337,4.5,False
V00673,P019,19,9,Undergraduate,62.56,72.95,eBird,Biochemistry,0.526,10.39,False
V00674,P085,6,17,Undergraduate,61.15,69.57,iNaturalist,Biochemistry,0.542,8.419999999999995,True
V00675,P115,29,10,Self-taught,55.66,61.36,eBird,Astronomy,0.676,5.700000000000003,False
V00676,P050,6,2,Undergraduate,66.49,68.61,Galaxy_Zoo,Biodiversity,0.435,2.1200000000000045,False
V00677,P115,12,21,Self-taught,64.74,75.74,eBird,Astronomy,0.676,11.0,True
V00678,P023,5,8,Graduate,82.74,89.58,Galaxy_Zoo,Biochemistry,0.348,6.840000000000003,False
V00679,P034,49,9,Undergraduate,61.08,66.36,eBird,Public_Health,0.782,5.280000000000001,False
V00680,P190,7,13,Secondary,40.62,45.01,iNaturalist,Astronomy,0.721,4.390000000000001,True
V00681,P071,13,10,Secondary,40.52,47.12,eBird,Public_Health,0.51,6.599999999999994,False
V00682,P201,7,9,Secondary,60.4,66.27,eBird,Biodiversity,0.592,5.869999999999997,False
V00683,P017,16,10,Self-taught,54.73,64.0,Galaxy_Zoo,Climate,0.448,9.270000000000003,False
V00684,P156,6,19,Undergraduate,52.56,64.98,eBird,Biochemistry,0.544,12.420000000000002,True
V00685,P107,18,12,Secondary,51.55,53.68,iNaturalist,Ecology,0.511,2.1300000000000026,True
V00686,P230,7,21,Graduate,91.32,98.97,eBird,Climate,0.585,7.650000000000006,True
V00687,P227,1,4,Undergraduate,63.71,67.05,Zooniverse,Public_Health,0.458,3.3399999999999963,False
V00688,P103,11,7,Undergraduate,55.11,58.68,SciStarter,Public_Health,0.285,3.5700000000000003,False
V00689,P173,2,18,Teacher,85.24,91.28,eBird,Biochemistry,0.67,6.040000000000006,True
V00690,P065,17,10,Secondary,52.64,62.24,eBird,Biodiversity,0.645,9.600000000000001,False
V00691,P161,32,11,Teacher,77.74,82.36,Foldit,Ecology,0.41,4.6200000000000045,False
V00692,P027,39,15,Secondary,43.55,53.33,iNaturalist,Astronomy,0.526,9.780000000000001,True
V00693,P119,1,11,Graduate,73.22,85.02,eBird,Climate,0.739,11.799999999999997,False
V00694,P050,14,7,Graduate,72.51,75.27,Galaxy_Zoo,Biodiversity,0.435,2.759999999999991,False
V00695,P257,3,19,Undergraduate,45.6,52.74,Foldit,Astronomy,0.35,7.140000000000001,True
V00696,P121,14,7,Undergraduate,67.08,75.32,Galaxy_Zoo,Biochemistry,0.31,8.239999999999995,False
V00697,P164,5,13,Secondary,51.58,57.51,eBird,Astronomy,0.622,5.93,True
V00698,P099,5,6,Undergraduate,68.03,74.8,iNaturalist,Astronomy,0.335,6.769999999999996,False
V00699,P078,5,7,Undergraduate,75.64,82.87,eBird,Ecology,0.658,7.230000000000004,False
V00700,P059,16,9,Graduate,59.15,66.81,Zooniverse,Biodiversity,0.462,7.660000000000004,False
V00701,P266,23,6,Secondary,55.09,59.25,Foldit,Ecology,0.585,4.159999999999997,False
V00702,P230,13,12,Self-taught,64.13,68.59,eBird,Climate,0.585,4.460000000000008,True
V00703,P038,11,5,Graduate,63.57,66.16,eBird,Ecology,0.498,2.5899999999999963,False
V00704,P216,12,10,Teacher,68.89,78.45,iNaturalist,Climate,0.64,9.560000000000002,False
V00705,P115,1,8,Self-taught,59.79,66.9,eBird,Astronomy,0.676,7.1100000000000065,False
V00706,P005,11,10,Graduate,64.27,72.62,Zooniverse,Public_Health,0.414,8.350000000000009,False
V00707,P147,17,11,Self-taught,70.18,72.54,Galaxy_Zoo,Biochemistry,0.351,2.3599999999999994,False
V00708,P038,11,11,Secondary,53.11,58.35,eBird,Ecology,0.498,5.240000000000002,False
V00709,P061,10,8,Self-taught,53.92,53.74,Zooniverse,Public_Health,0.445,-0.17999999999999972,False
V00710,P198,14,22,Self-taught,71.5,81.89,eBird,Biodiversity,0.702,10.39,True
V00711,P070,44,4,Undergraduate,52.07,54.93,eBird,Biodiversity,0.641,2.8599999999999994,False
V00712,P260,1,18,Undergraduate,56.41,62.61,Galaxy_Zoo,Public_Health,0.426,6.200000000000003,True
V00713,P185,7,7,Self-taught,58.62,63.95,eBird,Biochemistry,0.708,5.330000000000005,False
V00714,P240,28,6,Undergraduate,66.71,76.33,Zooniverse,Biochemistry,0.343,9.620000000000005,False
V00715,P171,30,24,Secondary,55.31,63.74,eBird,Biochemistry,0.62,8.43,True
V00716,P253,11,16,Self-taught,61.47,70.59,eBird,Biodiversity,0.761,9.120000000000005,True
V00717,P099,8,4,Graduate,78.82,84.07,iNaturalist,Astronomy,0.335,5.25,False
V00718,P151,7,4,Undergraduate,68.23,74.5,eBird,Biodiversity,0.671,6.269999999999996,False
V00719,P144,38,10,Self-taught,52.66,59.26,Zooniverse,Biodiversity,0.458,6.600000000000001,False
V00720,P264,39,16,Undergraduate,79.24,92.75,Zooniverse,Biodiversity,0.4,13.510000000000005,True
V00721,P048,41,19,Undergraduate,42.73,53.68,Zooniverse,Astronomy,0.437,10.950000000000003,True
V00722,P160,3,7,Undergraduate,78.24,81.88,eBird,Climate,0.758,3.6400000000000006,False
V00723,P217,13,10,Teacher,57.92,63.84,Galaxy_Zoo,Astronomy,0.498,5.920000000000002,False
V00724,P102,19,8,Undergraduate,56.54,64.61,Galaxy_Zoo,Ecology,0.373,8.07,False
V00725,P252,13,10,Secondary,52.9,59.02,Galaxy_Zoo,Ecology,0.446,6.1200000000000045,False
V00726,P102,5,5,Self-taught,52.83,60.66,Galaxy_Zoo,Ecology,0.373,7.829999999999998,False
V00727,P048,14,10,Secondary,41.59,46.7,Zooniverse,Astronomy,0.437,5.109999999999999,False
V00728,P162,31,8,Self-taught,68.78,79.47,iNaturalist,Ecology,0.67,10.689999999999998,False
V00729,P115,32,10,Secondary,43.98,45.36,eBird,Astronomy,0.676,1.3800000000000026,False
V00730,P005,3,9,Secondary,55.45,62.38,Zooniverse,Public_Health,0.414,6.93,False
V00731,P023,3,6,Self-taught,58.09,64.22,Galaxy_Zoo,Biochemistry,0.348,6.1299999999999955,False
V00732,P054,22,6,Self-taught,59.27,67.76,Foldit,Biodiversity,0.419,8.490000000000002,False
V00733,P223,1,13,Secondary,60.7,66.13,Galaxy_Zoo,Astronomy,0.337,5.429999999999993,True
V00734,P260,4,6,Teacher,76.67,81.45,Galaxy_Zoo,Public_Health,0.426,4.780000000000001,False
V00735,P151,22,31,Self-taught,67.13,79.81,eBird,Biodiversity,0.671,12.680000000000007,True
V00736,P033,2,4,Self-taught,43.18,52.88,Galaxy_Zoo,Public_Health,0.158,9.700000000000003,False
V00737,P149,8,8,Self-taught,55.98,61.28,Zooniverse,Ecology,0.479,5.300000000000004,False
V00738,P249,12,13,Undergraduate,58.07,67.57,Galaxy_Zoo,Climate,0.421,9.499999999999993,True
V00739,P216,13,13,Undergraduate,59.55,66.08,iNaturalist,Climate,0.64,6.530000000000001,True
V00740,P080,28,12,Undergraduate,44.73,53.53,Galaxy_Zoo,Climate,0.383,8.800000000000004,True
V00741,P037,13,4,Self-taught,52.12,59.21,iNaturalist,Ecology,0.562,7.090000000000003,False
V00742,P264,10,4,Secondary,55.56,62.7,Zooniverse,Biodiversity,0.4,7.140000000000001,False
V00743,P248,7,3,Undergraduate,62.97,73.87,iNaturalist,Biodiversity,0.604,10.900000000000006,False
V00744,P018,6,9,Secondary,51.5,55.64,Zooniverse,Biochemistry,0.451,4.140000000000001,False
V00745,P238,30,6,Graduate,71.27,73.22,eBird,Astronomy,0.622,1.9500000000000028,False
V00746,P030,2,8,Secondary,50.73,53.45,Zooniverse,Biochemistry,0.599,2.720000000000006,False
V00747,P020,7,16,Self-taught,58.28,63.53,Zooniverse,Public_Health,0.586,5.25,True
V00748,P219,11,19,Secondary,64.64,78.66,Foldit,Climate,0.559,14.019999999999996,True
V00749,P150,44,10,Graduate,70.7,75.85,Galaxy_Zoo,Biochemistry,0.341,5.1499999999999915,False
V00750,P113,42,9,Undergraduate,47.16,51.34,Zooniverse,Biodiversity,0.53,4.180000000000007,False
V00751,P264,20,5,Secondary,41.56,44.11,Zooniverse,Biodiversity,0.4,2.549999999999997,False
V00752,P244,26,6,Undergraduate,55.64,63.31,Galaxy_Zoo,Astronomy,0.454,7.670000000000002,False
V00753,P018,2,8,Undergraduate,50.19,56.41,Zooniverse,Biochemistry,0.451,6.219999999999999,False
V00754,P171,10,23,Secondary,42.7,52.61,eBird,Biochemistry,0.62,9.909999999999997,True
V00755,P224,1,8,Undergraduate,49.13,52.37,Foldit,Public_Health,0.573,3.239999999999995,False
V00756,P152,23,10,Secondary,51.93,57.47,Foldit,Biodiversity,0.457,5.539999999999999,False
V00757,P292,6,18,Undergraduate,54.45,63.62,eBird,Ecology,0.601,9.169999999999995,True
V00758,P195,16,14,Undergraduate,63.35,71.37,SciStarter,Biodiversity,0.38,8.020000000000003,True
V00759,P033,3,1,Undergraduate,66.0,69.96,Galaxy_Zoo,Public_Health,0.158,3.9599999999999937,False
V00760,P056,8,12,Secondary,42.68,46.92,iNaturalist,Public_Health,0.545,4.240000000000002,True
V00761,P239,1,14,Secondary,57.1,65.02,Galaxy_Zoo,Biochemistry,0.361,7.919999999999995,True
V00762,P297,1,18,Teacher,66.27,76.72,Zooniverse,Public_Health,0.493,10.450000000000003,True
V00763,P031,4,9,Self-taught,40.32,44.9,Foldit,Astronomy,0.501,4.579999999999998,False
V00764,P032,33,1,Self-taught,78.79,85.09,Zooniverse,Ecology,0.365,6.299999999999997,False
V00765,P220,1,13,Secondary,52.19,61.96,eBird,Public_Health,0.734,9.770000000000003,True
V00766,P021,20,6,Self-taught,49.16,55.81,SciStarter,Astronomy,0.442,6.650000000000006,False
V00767,P021,30,10,Self-taught,47.66,55.26,SciStarter,Astronomy,0.442,7.600000000000001,False
V00768,P258,6,4,Undergraduate,69.22,75.47,Galaxy_Zoo,Ecology,0.315,6.25,False
V00769,P230,33,9,Undergraduate,68.06,75.08,eBird,Climate,0.585,7.019999999999996,False
V00770,P257,17,16,Teacher,63.32,68.47,Foldit,Astronomy,0.35,5.149999999999999,True
V00771,P183,9,2,Self-taught,60.86,63.54,eBird,Biodiversity,0.553,2.6799999999999997,False
V00772,P089,30,5,Secondary,39.41,44.93,Zooniverse,Astronomy,0.441,5.520000000000003,False
V00773,P265,11,7,Undergraduate,64.44,74.6,Zooniverse,Ecology,0.494,10.159999999999997,False
V00774,P083,5,14,Secondary,55.86,64.22,Foldit,Biodiversity,0.546,8.36,True
V00775,P074,10,13,Graduate,77.79,85.66,Zooniverse,Biochemistry,0.286,7.86999999999999,True
V00776,P257,25,9,Undergraduate,47.06,54.09,Foldit,Astronomy,0.35,7.030000000000001,False
V00777,P194,4,19,Secondary,52.3,60.38,eBird,Ecology,0.57,8.080000000000005,True
V00778,P262,14,14,Graduate,83.73,95.3,Foldit,Biochemistry,0.589,11.569999999999993,True
V00779,P045,5,10,Self-taught,62.78,72.58,eBird,Ecology,0.63,9.799999999999997,False
V00780,P282,7,6,Undergraduate,62.9,67.95,iNaturalist,Climate,0.443,5.050000000000004,False
V00781,P171,19,13,Teacher,70.04,76.95,eBird,Biochemistry,0.62,6.909999999999997,True
V00782,P190,17,14,Undergraduate,60.19,67.35,iNaturalist,Astronomy,0.721,7.159999999999997,True
V00783,P267,1,5,Undergraduate,47.06,48.41,Foldit,Biodiversity,0.307,1.3499999999999943,False
V00784,P104,37,15,Graduate,70.19,72.34,eBird,Climate,0.621,2.1500000000000057,True
V00785,P204,35,6,Self-taught,37.95,42.46,eBird,Astronomy,0.612,4.509999999999998,False
V00786,P180,39,19,Undergraduate,59.67,69.08,Zooniverse,Astronomy,0.571,9.409999999999997,True
V00787,P228,6,21,Undergraduate,65.01,72.27,iNaturalist,Biochemistry,0.562,7.259999999999991,True
V00788,P262,1,6,Graduate,67.32,74.44,Foldit,Biochemistry,0.589,7.1200000000000045,False
V00789,P194,12,10,Self-taught,51.01,57.47,eBird,Ecology,0.57,6.460000000000001,False
V00790,P021,14,6,Secondary,63.22,64.78,SciStarter,Astronomy,0.442,1.5600000000000023,False
V00791,P050,2,10,Secondary,42.08,47.63,Galaxy_Zoo,Biodiversity,0.435,5.550000000000004,False
V00792,P282,1,20,Secondary,46.18,55.51,iNaturalist,Climate,0.443,9.329999999999998,True
V00793,P287,11,11,Secondary,59.1,66.04,Zooniverse,Astronomy,0.507,6.940000000000005,False
V00794,P287,9,8,Secondary,56.14,65.22,Zooniverse,Astronomy,0.507,9.079999999999998,False
V00795,P012,26,6,Self-taught,56.3,61.42,Zooniverse,Astronomy,0.451,5.1200000000000045,False
V00796,P104,10,15,Secondary,44.47,48.21,eBird,Climate,0.621,3.740000000000002,True
V00797,P219,12,10,Self-taught,67.29,73.3,Foldit,Climate,0.559,6.009999999999991,False
V00798,P217,70,4,Secondary,58.26,57.92,Galaxy_Zoo,Astronomy,0.498,-0.3399999999999963,False
V00799,P028,5,11,Graduate,69.37,74.23,Zooniverse,Biodiversity,0.452,4.859999999999999,False
V00800,P170,24,7,Secondary,58.65,62.74,Zooniverse,Biochemistry,0.478,4.090000000000003,False
V00801,P042,15,5,Secondary,41.3,45.03,SciStarter,Climate,0.326,3.730000000000004,False
V00802,P138,10,1,Secondary,53.4,58.1,iNaturalist,Biochemistry,0.422,4.700000000000003,False
V00803,P066,3,12,Teacher,79.4,87.71,iNaturalist,Astronomy,0.531,8.309999999999988,True
V00804,P018,9,6,Teacher,68.55,70.91,Zooniverse,Biochemistry,0.451,2.3599999999999994,False
V00805,P027,16,2,Self-taught,55.62,63.12,iNaturalist,Astronomy,0.526,7.5,False
V00806,P265,4,16,Teacher,70.18,79.37,Zooniverse,Ecology,0.494,9.189999999999998,True
V00807,P214,4,3,Self-taught,36.42,37.59,SciStarter,Biodiversity,0.397,1.1700000000000017,False
V00808,P277,3,31,Teacher,74.92,86.19,Galaxy_Zoo,Astronomy,0.623,11.269999999999996,True
V00809,P130,62,12,Undergraduate,57.66,64.78,iNaturalist,Climate,0.557,7.1200000000000045,True
V00810,P113,66,6,Secondary,39.67,48.2,Zooniverse,Biodiversity,0.53,8.530000000000001,False
V00811,P099,18,6,Secondary,43.66,51.24,iNaturalist,Astronomy,0.335,7.580000000000005,False
V00812,P171,5,9,Undergraduate,61.21,69.62,eBird,Biochemistry,0.62,8.410000000000004,False
V00813,P096,33,8,Undergraduate,54.78,64.1,iNaturalist,Biochemistry,0.473,9.319999999999993,False
V00814,P216,17,12,Secondary,58.63,69.65,iNaturalist,Climate,0.64,11.020000000000003,True
V00815,P230,10,13,Secondary,57.15,67.1,eBird,Climate,0.585,9.949999999999996,True
V00816,P256,4,11,Secondary,46.06,47.66,SciStarter,Astronomy,0.408,1.5999999999999943,False
V00817,P067,14,15,Undergraduate,64.97,69.59,Galaxy_Zoo,Biochemistry,0.33,4.6200000000000045,True
V00818,P147,2,3,Undergraduate,66.4,66.34,Galaxy_Zoo,Biochemistry,0.351,-0.060000000000002274,False
V00819,P064,8,4,Undergraduate,57.46,65.28,SciStarter,Ecology,0.388,7.82,False
V00820,P013,4,21,Secondary,42.93,53.07,Zooniverse,Ecology,0.406,10.14,True
V00821,P200,31,19,Self-taught,68.73,78.69,Zooniverse,Biodiversity,0.485,9.959999999999994,True
V00822,P151,6,10,Undergraduate,66.89,69.98,eBird,Biodiversity,0.671,3.0900000000000034,False
V00823,P206,14,5,Secondary,40.14,47.77,Zooniverse,Climate,0.456,7.630000000000003,False
V00824,P028,7,5,Secondary,48.69,55.83,Zooniverse,Biodiversity,0.452,7.140000000000001,False
V00825,P296,7,13,Secondary,44.01,55.35,Zooniverse,Climate,0.401,11.340000000000003,True
V00826,P296,6,16,Self-taught,54.03,67.17,Zooniverse,Climate,0.401,13.14,True
V00827,P130,4,12,Teacher,54.56,62.5,iNaturalist,Climate,0.557,7.939999999999998,True
V00828,P251,4,12,Undergraduate,66.16,73.13,iNaturalist,Public_Health,0.53,6.969999999999999,True
V00829,P068,1,15,Graduate,67.72,74.86,iNaturalist,Biodiversity,0.585,7.140000000000001,True
V00830,P210,5,9,Secondary,52.05,57.12,Galaxy_Zoo,Astronomy,0.329,5.07,False
V00831,P257,37,11,Secondary,55.97,69.06,Foldit,Astronomy,0.35,13.090000000000003,False
V00832,P235,1,17,Self-taught,60.09,66.31,Foldit,Biochemistry,0.482,6.219999999999999,True
V00833,P234,1,18,Undergraduate,49.93,57.79,Foldit,Public_Health,0.558,7.859999999999999,True
V00834,P129,4,5,Undergraduate,68.11,75.77,Zooniverse,Biodiversity,0.456,7.659999999999997,False
V00835,P237,10,11,Secondary,59.61,60.94,Zooniverse,Public_Health,0.556,1.3299999999999983,False
V00836,P197,9,7,Secondary,55.45,59.17,Zooniverse,Ecology,0.387,3.719999999999999,False
V00837,P038,24,3,Secondary,48.09,56.28,eBird,Ecology,0.498,8.189999999999998,False
V00838,P034,7,5,Self-taught,61.14,69.04,eBird,Public_Health,0.782,7.900000000000006,False
V00839,P223,10,8,Graduate,63.78,66.29,Galaxy_Zoo,Astronomy,0.337,2.510000000000005,False
V00840,P174,3,9,Undergraduate,51.45,55.04,Foldit,Astronomy,0.548,3.5899999999999963,False
V00841,P144,17,4,Graduate,68.75,76.92,Zooniverse,Biodiversity,0.458,8.170000000000002,False
V00842,P265,44,3,Undergraduate,71.42,74.82,Zooniverse,Ecology,0.494,3.3999999999999915,False
V00843,P185,3,8,Undergraduate,53.81,60.48,eBird,Biochemistry,0.708,6.669999999999995,False
V00844,P107,1,4,Secondary,57.46,63.1,iNaturalist,Ecology,0.511,5.640000000000001,False
V00845,P113,15,13,Undergraduate,66.68,77.65,Zooniverse,Biodiversity,0.53,10.969999999999999,True
V00846,P169,3,6,Undergraduate,70.41,72.72,Zooniverse,Biochemistry,0.544,2.3100000000000023,False
V00847,P219,7,19,Undergraduate,54.55,64.04,Foldit,Climate,0.559,9.490000000000009,True
V00848,P157,20,5,Graduate,61.48,68.2,Galaxy_Zoo,Ecology,0.421,6.720000000000006,False
V00849,P143,13,5,Secondary,54.74,61.87,Zooniverse,Public_Health,0.442,7.1299999999999955,False
V00850,P207,26,21,Graduate,58.65,65.85,eBird,Ecology,0.626,7.199999999999996,True
V00851,P200,11,7,Teacher,62.52,64.04,Zooniverse,Biodiversity,0.485,1.5200000000000031,False
V00852,P240,41,12,Undergraduate,58.06,62.03,Zooniverse,Biochemistry,0.343,3.969999999999999,True
V00853,P020,10,6,Self-taught,57.09,61.86,Zooniverse,Public_Health,0.586,4.769999999999996,False
V00854,P217,16,4,Undergraduate,64.93,74.39,Galaxy_Zoo,Astronomy,0.498,9.459999999999994,False
V00855,P143,16,10,Self-taught,61.6,68.02,Zooniverse,Public_Health,0.442,6.419999999999995,False
V00856,P024,54,5,Teacher,71.33,78.29,Foldit,Astronomy,0.416,6.960000000000008,False
V00857,P194,12,8,Undergraduate,75.51,79.37,eBird,Ecology,0.57,3.8599999999999994,False
V00858,P203,28,4,Secondary,41.71,46.33,Galaxy_Zoo,Climate,0.433,4.619999999999997,False
V00859,P146,19,7,Undergraduate,60.72,68.22,SciStarter,Climate,0.581,7.5,False
V00860,P228,1,13,Secondary,43.64,51.76,iNaturalist,Biochemistry,0.562,8.119999999999997,True
V00861,P083,26,10,Undergraduate,69.86,80.27,Foldit,Biodiversity,0.546,10.409999999999997,False
V00862,P059,19,25,Self-taught,58.5,72.74,Zooniverse,Biodiversity,0.462,14.239999999999995,True
V00863,P096,4,11,Undergraduate,50.49,53.29,iNaturalist,Biochemistry,0.473,2.799999999999997,False
V00864,P112,11,6,Secondary,46.94,49.39,iNaturalist,Biochemistry,0.384,2.450000000000003,False
V00865,P198,10,18,Undergraduate,55.75,63.18,eBird,Biodiversity,0.702,7.43,True
V00866,P246,13,9,Self-taught,71.65,79.41,Foldit,Biochemistry,0.577,7.759999999999991,False
V00867,P205,19,17,Teacher,80.21,87.25,eBird,Biodiversity,0.846,7.040000000000006,True
V00868,P049,19,16,Secondary,58.97,67.33,eBird,Ecology,0.78,8.36,True
V00869,P100,4,27,Self-taught,54.0,61.68,Foldit,Ecology,0.591,7.68,True
V00870,P047,1,15,Secondary,42.11,41.11,eBird,Public_Health,0.734,-1.0,True
V00871,P195,5,4,Secondary,53.13,60.38,SciStarter,Biodiversity,0.38,7.25,False
V00872,P068,24,17,Undergraduate,53.67,64.31,iNaturalist,Biodiversity,0.585,10.64,True
V00873,P147,2,2,Secondary,57.26,56.61,Galaxy_Zoo,Biochemistry,0.351,-0.6499999999999986,False
V00874,P228,2,6,Teacher,70.33,78.53,iNaturalist,Biochemistry,0.562,8.200000000000003,False
V00875,P191,4,6,Undergraduate,52.35,56.13,Zooniverse,Public_Health,0.559,3.780000000000001,False
V00876,P083,2,12,Teacher,57.86,63.88,Foldit,Biodiversity,0.546,6.020000000000003,True
V00877,P092,11,13,Secondary,59.16,68.51,eBird,Public_Health,0.782,9.350000000000009,True
V00878,P183,16,11,Secondary,48.21,55.66,eBird,Biodiversity,0.553,7.449999999999996,False
V00879,P151,12,6,Self-taught,67.83,74.73,eBird,Biodiversity,0.671,6.900000000000006,False
V00880,P030,26,9,Teacher,85.33,87.6,Zooniverse,Biochemistry,0.599,2.269999999999996,False
V00881,P255,9,3,Self-taught,46.19,50.14,Zooniverse,Public_Health,0.368,3.950000000000003,False
V00882,P143,13,9,Undergraduate,69.45,77.23,Zooniverse,Public_Health,0.442,7.780000000000001,False
V00883,P131,11,4,Secondary,62.27,63.12,SciStarter,Public_Health,0.459,0.8499999999999943,False
V00884,P056,13,18,Teacher,64.03,75.63,iNaturalist,Public_Health,0.545,11.599999999999994,True
V00885,P103,6,6,Self-taught,38.87,51.17,SciStarter,Public_Health,0.285,12.300000000000004,False
V00886,P092,7,14,Secondary,40.61,46.89,eBird,Public_Health,0.782,6.280000000000001,True
V00887,P074,5,13,Undergraduate,75.78,80.6,Zooniverse,Biochemistry,0.286,4.819999999999993,True
V00888,P157,3,4,Undergraduate,64.44,69.38,Galaxy_Zoo,Ecology,0.421,4.939999999999998,False
V00889,P129,11,8,Teacher,79.84,84.5,Zooniverse,Biodiversity,0.456,4.659999999999997,False
V00890,P258,37,13,Self-taught,55.49,61.75,Galaxy_Zoo,Ecology,0.315,6.259999999999998,True
V00891,P281,9,11,Teacher,58.65,58.47,iNaturalist,Astronomy,0.497,-0.17999999999999972,False
V00892,P063,6,11,Graduate,60.54,74.57,iNaturalist,Biodiversity,0.65,14.029999999999994,False
V00893,P032,7,7,Secondary,59.42,63.22,Zooniverse,Ecology,0.365,3.799999999999997,False
V00894,P228,8,23,Undergraduate,70.49,79.62,iNaturalist,Biochemistry,0.562,9.13000000000001,True
V00895,P296,10,8,Undergraduate,59.31,69.81,Zooniverse,Climate,0.401,10.5,False
V00896,P251,2,8,Undergraduate,62.31,69.95,iNaturalist,Public_Health,0.53,7.640000000000001,False
V00897,P009,1,7,Self-taught,47.2,53.83,iNaturalist,Astronomy,0.507,6.6299999999999955,False
V00898,P069,2,9,Undergraduate,55.54,61.65,SciStarter,Climate,0.56,6.109999999999999,False
V00899,P016,15,10,Undergraduate,57.56,65.71,eBird,Biochemistry,0.627,8.149999999999991,False
V00900,P237,19,12,Undergraduate,57.4,61.35,Zooniverse,Public_Health,0.556,3.950000000000003,True
V00901,P161,35,3,Undergraduate,53.43,60.35,Foldit,Ecology,0.41,6.920000000000002,False
V00902,P143,29,2,Self-taught,40.46,41.17,Zooniverse,Public_Health,0.442,0.7100000000000009,False
V00903,P154,9,21,Undergraduate,63.26,73.06,eBird,Biodiversity,0.66,9.800000000000004,True
V00904,P069,1,12,Undergraduate,63.15,69.53,SciStarter,Climate,0.56,6.380000000000003,True
V00905,P168,19,12,Teacher,70.33,76.07,SciStarter,Astronomy,0.371,5.739999999999995,True
V00906,P009,7,4,Teacher,74.41,84.78,iNaturalist,Astronomy,0.507,10.370000000000005,False
V00907,P181,14,7,Secondary,48.92,53.78,Zooniverse,Astronomy,0.503,4.859999999999999,False
V00908,P209,21,8,Secondary,35.8,43.22,Zooniverse,Ecology,0.416,7.420000000000002,False
V00909,P192,5,7,Self-taught,49.2,57.46,eBird,Public_Health,0.577,8.259999999999998,False
V00910,P092,14,8,Secondary,47.06,54.38,eBird,Public_Health,0.782,7.32,False
V00911,P239,4,1,Graduate,78.86,82.12,Galaxy_Zoo,Biochemistry,0.361,3.260000000000005,False
V00912,P203,12,9,Secondary,52.56,55.77,Galaxy_Zoo,Climate,0.433,3.210000000000001,False
V00913,P038,40,10,Undergraduate,60.25,66.55,eBird,Ecology,0.498,6.299999999999997,False
V00914,P054,9,2,Self-taught,66.52,68.44,Foldit,Biodiversity,0.419,1.9200000000000017,False
V00915,P178,19,16,Secondary,45.06,56.13,Foldit,Biodiversity,0.603,11.07,True
V00916,P079,1,7,Undergraduate,56.59,64.48,SciStarter,Biochemistry,0.315,7.890000000000001,False
V00917,P036,22,8,Secondary,61.81,69.45,Zooniverse,Biodiversity,0.411,7.640000000000001,False
V00918,P045,32,10,Undergraduate,65.84,74.7,eBird,Ecology,0.63,8.86,False
V00919,P048,8,2,Self-taught,43.55,43.03,Zooniverse,Astronomy,0.437,-0.519999999999996,False
V00920,P134,23,16,Self-taught,64.4,68.55,iNaturalist,Astronomy,0.463,4.1499999999999915,True
V00921,P170,2,8,Secondary,43.87,49.02,Zooniverse,Biochemistry,0.478,5.150000000000006,False
V00922,P049,15,20,Undergraduate,58.81,67.22,eBird,Ecology,0.78,8.409999999999997,True
V00923,P201,5,3,Undergraduate,52.6,59.36,eBird,Biodiversity,0.592,6.759999999999998,False
V00924,P076,1,15,Secondary,59.31,68.23,Zooniverse,Biochemistry,0.418,8.920000000000002,True
V00925,P086,17,7,Secondary,47.51,50.47,SciStarter,Astronomy,0.322,2.960000000000001,False
V00926,P064,7,11,Secondary,50.76,55.45,SciStarter,Ecology,0.388,4.690000000000005,False
V00927,P228,9,12,Secondary,54.34,56.19,iNaturalist,Biochemistry,0.562,1.8499999999999943,True
V00928,P284,33,8,Self-taught,41.91,46.84,Galaxy_Zoo,Public_Health,0.463,4.930000000000007,False
V00929,P138,13,5,Undergraduate,63.24,69.52,iNaturalist,Biochemistry,0.422,6.279999999999994,False
V00930,P015,33,2,Graduate,64.11,71.04,Foldit,Astronomy,0.477,6.930000000000007,False
V00931,P071,10,9,Teacher,64.45,69.57,eBird,Public_Health,0.51,5.11999999999999,False
V00932,P047,3,6,Graduate,64.58,72.3,eBird,Public_Health,0.734,7.719999999999999,False
V00933,P245,1,11,Graduate,61.61,67.05,iNaturalist,Biochemistry,0.631,5.439999999999998,False
V00934,P028,17,7,Undergraduate,81.97,85.48,Zooniverse,Biodiversity,0.452,3.510000000000005,False
V00935,P287,9,8,Undergraduate,63.23,71.36,Zooniverse,Astronomy,0.507,8.130000000000003,False
V00936,P163,21,17,Undergraduate,79.99,89.23,iNaturalist,Biodiversity,0.6,9.240000000000009,True
V00937,P144,6,7,Self-taught,51.46,56.38,Zooniverse,Biodiversity,0.458,4.920000000000002,False
V00938,P246,42,12,Self-taught,60.23,69.53,Foldit,Biochemistry,0.577,9.300000000000004,True
V00939,P009,6,9,Secondary,47.34,55.77,iNaturalist,Astronomy,0.507,8.43,False
V00940,P225,5,18,Undergraduate,50.97,59.87,eBird,Public_Health,0.583,8.899999999999999,True
V00941,P035,12,13,Self-taught,56.66,63.94,iNaturalist,Biodiversity,0.331,7.280000000000001,True
V00942,P244,5,9,Graduate,75.41,79.74,Galaxy_Zoo,Astronomy,0.454,4.329999999999998,False
V00943,P147,4,12,Secondary,54.9,61.24,Galaxy_Zoo,Biochemistry,0.351,6.340000000000003,True
V00944,P020,2,8,Secondary,45.69,53.75,Zooniverse,Public_Health,0.586,8.060000000000002,False
V00945,P241,2,8,Undergraduate,56.59,59.05,Galaxy_Zoo,Ecology,0.434,2.4599999999999937,False
V00946,P009,29,17,Undergraduate,51.59,63.0,iNaturalist,Astronomy,0.507,11.409999999999997,True
V00947,P040,4,23,Graduate,88.21,100.0,Zooniverse,Biodiversity,0.563,11.790000000000006,True
V00948,P230,13,12,Undergraduate,53.25,63.24,eBird,Climate,0.585,9.990000000000002,True
V00949,P130,37,10,Graduate,95.0,100.0,iNaturalist,Climate,0.557,5.0,False
V00950,P257,52,3,Self-taught,64.85,67.88,Foldit,Astronomy,0.35,3.030000000000001,False
V00951,P177,5,6,Secondary,53.65,57.87,Galaxy_Zoo,Public_Health,0.257,4.219999999999999,False
V00952,P173,4,8,Graduate,66.7,69.19,eBird,Biochemistry,0.67,2.489999999999995,False
V00953,P080,34,6,Self-taught,62.9,69.52,Galaxy_Zoo,Climate,0.383,6.619999999999997,False
V00954,P038,16,7,Undergraduate,62.77,72.92,eBird,Ecology,0.498,10.149999999999999,False
V00955,P284,14,6,Self-taught,53.2,60.03,Galaxy_Zoo,Public_Health,0.463,6.829999999999998,False
V00956,P033,15,6,Secondary,45.25,50.92,Galaxy_Zoo,Public_Health,0.158,5.670000000000002,False
V00957,P147,7,11,Secondary,50.57,57.17,Galaxy_Zoo,Biochemistry,0.351,6.600000000000001,False
V00958,P074,3,9,Undergraduate,68.74,76.52,Zooniverse,Biochemistry,0.286,7.780000000000001,False
V00959,P072,24,15,Graduate,73.01,83.22,Zooniverse,Astronomy,0.411,10.209999999999994,True
V00960,P164,8,23,Teacher,85.77,98.49,eBird,Astronomy,0.622,12.719999999999999,True
V00961,P230,10,17,Self-taught,53.67,60.76,eBird,Climate,0.585,7.089999999999996,True
V00962,P225,3,8,Secondary,47.57,50.74,eBird,Public_Health,0.583,3.1700000000000017,False
V00963,P253,11,13,Self-taught,73.39,80.82,eBird,Biodiversity,0.761,7.429999999999993,True
V00964,P080,19,10,Undergraduate,55.4,60.57,Galaxy_Zoo,Climate,0.383,5.170000000000002,False
V00965,P130,11,12,Secondary,45.31,54.44,iNaturalist,Climate,0.557,9.129999999999995,True
V00966,P004,11,14,Undergraduate,46.06,53.77,iNaturalist,Public_Health,0.533,7.710000000000001,True
V00967,P216,9,9,Secondary,43.31,53.96,iNaturalist,Climate,0.64,10.649999999999999,False
V00968,P085,1,4,Graduate,64.1,71.15,iNaturalist,Biochemistry,0.542,7.050000000000011,False
V00969,P156,28,19,Graduate,75.74,88.69,eBird,Biochemistry,0.544,12.950000000000003,True
V00970,P048,19,20,Undergraduate,57.69,68.29,Zooniverse,Astronomy,0.437,10.600000000000009,True
V00971,P237,1,6,Secondary,56.6,63.83,Zooniverse,Public_Health,0.556,7.229999999999997,False
V00972,P236,17,4,Teacher,63.04,69.9,Zooniverse,Biodiversity,0.381,6.8600000000000065,False
V00973,P256,7,9,Undergraduate,71.27,80.32,SciStarter,Astronomy,0.408,9.049999999999997,False
V00974,P016,3,10,Undergraduate,64.62,71.98,eBird,Biochemistry,0.627,7.359999999999999,False
V00975,P295,16,8,Secondary,39.72,46.67,SciStarter,Climate,0.448,6.950000000000003,False
V00976,P068,42,8,Teacher,73.2,79.1,iNaturalist,Biodiversity,0.585,5.8999999999999915,False
V00977,P085,3,9,Undergraduate,57.63,66.97,iNaturalist,Biochemistry,0.542,9.339999999999996,False
V00978,P068,27,6,Secondary,38.06,41.37,iNaturalist,Biodiversity,0.585,3.309999999999995,False
V00979,P073,4,4,Teacher,68.25,69.8,SciStarter,Biodiversity,0.534,1.5499999999999972,False
V00980,P153,4,11,Self-taught,56.13,63.85,SciStarter,Astronomy,0.411,7.719999999999999,False
V00981,P066,17,12,Teacher,74.71,79.89,iNaturalist,Astronomy,0.531,5.180000000000007,True
V00982,P107,1,10,Undergraduate,58.18,64.07,iNaturalist,Ecology,0.511,5.8899999999999935,False
V00983,P185,7,13,Teacher,65.98,75.93,eBird,Biochemistry,0.708,9.950000000000003,True
V00984,P242,22,3,Secondary,42.98,50.25,Galaxy_Zoo,Biodiversity,0.211,7.270000000000003,False
V00985,P197,4,5,Undergraduate,52.29,55.35,Zooniverse,Ecology,0.387,3.0600000000000023,False
V00986,P164,19,8,Self-taught,46.85,54.7,eBird,Astronomy,0.622,7.850000000000001,False
V00987,P045,17,16,Undergraduate,52.45,62.53,eBird,Ecology,0.63,10.079999999999998,True
V00988,P236,9,4,Secondary,56.2,63.05,Zooniverse,Biodiversity,0.381,6.849999999999994,False
V00989,P013,6,13,Graduate,53.77,55.78,Zooniverse,Ecology,0.406,2.009999999999998,True
V00990,P072,8,7,Secondary,52.7,57.69,Zooniverse,Astronomy,0.411,4.989999999999995,False
V00991,P018,12,17,Undergraduate,48.43,57.88,Zooniverse,Biochemistry,0.451,9.450000000000003,True
V00992,P189,6,5,Undergraduate,55.95,60.1,SciStarter,Public_Health,0.533,4.149999999999999,False
V00993,P101,4,7,Self-taught,54.29,58.71,Galaxy_Zoo,Biodiversity,0.492,4.420000000000002,False
V00994,P183,26,11,Undergraduate,70.17,78.21,eBird,Biodiversity,0.553,8.039999999999992,False
V00995,P095,11,5,Secondary,57.48,58.26,eBird,Public_Health,0.512,0.7800000000000011,False
V00996,P127,23,7,Secondary,41.5,44.0,Galaxy_Zoo,Astronomy,0.324,2.5,False
V00997,P127,24,17,Undergraduate,52.1,62.11,Galaxy_Zoo,Astronomy,0.324,10.009999999999998,True
V00998,P016,6,6,Undergraduate,52.81,59.19,eBird,Biochemistry,0.627,6.3799999999999955,False
V00999,P118,12,9,Graduate,78.97,84.41,Galaxy_Zoo,Ecology,0.439,5.439999999999998,False
V01000,P180,45,12,Self-taught,65.68,71.07,Zooniverse,Astronomy,0.571,5.389999999999986,True
V01001,P151,31,15,Undergraduate,43.02,51.66,eBird,Biodiversity,0.671,8.639999999999993,True
V01002,P025,10,7,Secondary,46.74,50.34,Galaxy_Zoo,Public_Health,0.442,3.6000000000000014,False
V01003,P190,13,15,Self-taught,48.82,58.55,iNaturalist,Astronomy,0.721,9.729999999999997,True
V01004,P085,15,13,Undergraduate,63.44,70.37,iNaturalist,Biochemistry,0.542,6.930000000000007,True
V01005,P005,25,6,Teacher,70.17,78.36,Zooniverse,Public_Health,0.414,8.189999999999998,False
V01006,P045,6,17,Teacher,76.91,90.11,eBird,Ecology,0.63,13.200000000000003,True
V01007,P140,44,19,Graduate,61.69,78.24,iNaturalist,Climate,0.625,16.549999999999997,True
V01008,P085,3,10,Graduate,68.72,76.04,iNaturalist,Biochemistry,0.542,7.320000000000007,False
V01009,P197,3,10,Secondary,67.77,76.07,Zooniverse,Ecology,0.387,8.299999999999997,False
V01010,P066,40,8,Secondary,36.04,40.31,iNaturalist,Astronomy,0.531,4.270000000000003,False
V01011,P225,1,14,Graduate,77.06,80.13,eBird,Public_Health,0.583,3.069999999999993,True
V01012,P078,6,21,Teacher,78.6,88.37,eBird,Ecology,0.658,9.77000000000001,True
V01013,P173,6,12,Secondary,54.18,58.82,eBird,Biochemistry,0.67,4.640000000000001,True
V01014,P230,13,3,Secondary,51.43,56.55,eBird,Climate,0.585,5.119999999999997,False
V01015,P105,4,4,Self-taught,43.93,48.4,Galaxy_Zoo,Ecology,0.364,4.469999999999999,False
V01016,P017,16,5,Undergraduate,70.72,72.11,Galaxy_Zoo,Climate,0.448,1.3900000000000006,False
V01017,P149,11,16,Secondary,47.51,49.36,Zooniverse,Ecology,0.479,1.8500000000000014,True
V01018,P296,21,8,Self-taught,63.82,69.94,Zooniverse,Climate,0.401,6.119999999999997,False
V01019,P287,9,3,Graduate,71.03,76.09,Zooniverse,Astronomy,0.507,5.060000000000002,False
V01020,P063,1,11,Graduate,81.33,90.97,iNaturalist,Biodiversity,0.65,9.64,False
V01021,P217,29,13,Graduate,87.21,91.59,Galaxy_Zoo,Astronomy,0.498,4.38000000000001,True
V01022,P095,2,3,Undergraduate,72.7,78.03,eBird,Public_Health,0.512,5.329999999999998,False
V01023,P047,17,8,Graduate,77.36,82.42,eBird,Public_Health,0.734,5.060000000000002,False
V01024,P189,4,12,Undergraduate,61.25,66.15,SciStarter,Public_Health,0.533,4.900000000000006,True
V01025,P141,22,15,Teacher,75.79,83.29,Zooniverse,Astronomy,0.382,7.5,True
V01026,P151,2,9,Undergraduate,62.29,68.65,eBird,Biodiversity,0.671,6.3600000000000065,False
V01027,P240,4,5,Teacher,72.48,77.6,Zooniverse,Biochemistry,0.343,5.11999999999999,False
V01028,P092,8,15,Undergraduate,68.89,77.85,eBird,Public_Health,0.782,8.959999999999994,True
V01029,P189,10,12,Teacher,81.17,89.61,SciStarter,Public_Health,0.533,8.439999999999998,True
V01030,P100,10,17,Graduate,81.06,89.84,Foldit,Ecology,0.591,8.780000000000001,True
V01031,P016,1,26,Undergraduate,65.46,78.52,eBird,Biochemistry,0.627,13.060000000000002,True
V01032,P103,11,11,Secondary,36.75,44.26,SciStarter,Public_Health,0.285,7.509999999999998,False
V01033,P282,7,8,Secondary,60.15,65.47,iNaturalist,Climate,0.443,5.32,False
V01034,P134,12,22,Graduate,67.29,77.09,iNaturalist,Astronomy,0.463,9.799999999999997,True
V01035,P033,7,5,Secondary,61.55,66.88,Galaxy_Zoo,Public_Health,0.158,5.329999999999998,False
V01036,P195,21,27,Secondary,43.37,56.82,SciStarter,Biodiversity,0.38,13.450000000000003,True
V01037,P286,4,7,Undergraduate,72.33,79.54,Galaxy_Zoo,Biochemistry,0.416,7.210000000000008,False
V01038,P265,6,4,Teacher,72.93,81.72,Zooniverse,Ecology,0.494,8.789999999999992,False
V01039,P159,30,5,Self-taught,53.7,60.02,Foldit,Public_Health,0.398,6.32,False
V01040,P103,17,2,Undergraduate,57.56,59.45,SciStarter,Public_Health,0.285,1.8900000000000006,False
V01041,P161,25,9,Secondary,59.2,64.3,Foldit,Ecology,0.41,5.099999999999994,False
V01042,P236,18,19,Secondary,35.82,41.02,Zooniverse,Biodiversity,0.381,5.200000000000003,True
V01043,P250,33,7,Secondary,48.08,54.47,iNaturalist,Climate,0.574,6.390000000000001,False
V01044,P237,5,21,Undergraduate,60.88,72.81,Zooniverse,Public_Health,0.556,11.93,True
V01045,P127,23,6,Secondary,61.91,68.33,Galaxy_Zoo,Astronomy,0.324,6.420000000000002,False
V01046,P036,40,7,Undergraduate,48.02,47.79,Zooniverse,Biodiversity,0.411,-0.23000000000000398,False
V01047,P158,9,15,Secondary,60.31,71.0,Galaxy_Zoo,Biochemistry,0.385,10.689999999999998,True
V01048,P045,1,7,Undergraduate,69.52,76.54,eBird,Ecology,0.63,7.02000000000001,False
V01049,P020,2,10,Teacher,82.05,85.23,Zooniverse,Public_Health,0.586,3.180000000000007,False
V01050,P140,21,10,Teacher,60.54,67.48,iNaturalist,Climate,0.625,6.940000000000005,False
V01051,P185,23,9,Secondary,45.28,50.74,eBird,Biochemistry,0.708,5.460000000000001,False
V01052,P248,10,11,Graduate,49.96,54.81,iNaturalist,Biodiversity,0.604,4.850000000000001,False
V01053,P227,20,26,Graduate,63.13,76.03,Zooniverse,Public_Health,0.458,12.899999999999999,True
V01054,P249,4,9,Graduate,79.52,83.62,Galaxy_Zoo,Climate,0.421,4.1000000000000085,False
V01055,P219,10,12,Self-taught,70.99,81.58,Foldit,Climate,0.559,10.590000000000003,True
V01056,P199,3,13,Undergraduate,61.1,67.52,Galaxy_Zoo,Biodiversity,0.383,6.419999999999995,True
V01057,P004,26,4,Secondary,58.93,62.58,iNaturalist,Public_Health,0.533,3.6499999999999986,False
V01058,P175,10,21,Undergraduate,63.23,72.47,Galaxy_Zoo,Astronomy,0.482,9.240000000000002,True
V01059,P036,42,15,Teacher,67.93,75.66,Zooniverse,Biodiversity,0.411,7.72999999999999,True
V01060,P019,10,19,Secondary,50.09,57.81,eBird,Biochemistry,0.526,7.719999999999999,True
V01061,P045,10,22,Teacher,70.53,78.91,eBird,Ecology,0.63,8.379999999999995,True
V01062,P238,13,8,Self-taught,49.29,54.68,eBird,Astronomy,0.622,5.390000000000001,False
V01063,P214,42,7,Secondary,54.75,60.49,SciStarter,Biodiversity,0.397,5.740000000000002,False
V01064,P282,9,10,Self-taught,56.14,57.02,iNaturalist,Climate,0.443,0.8800000000000026,False
V01065,P291,9,20,Undergraduate,49.4,60.92,SciStarter,Astronomy,0.542,11.520000000000003,True
V01066,P261,14,8,Secondary,66.57,71.8,SciStarter,Biodiversity,0.571,5.230000000000004,False
V01067,P038,23,16,Secondary,28.31,40.28,eBird,Ecology,0.498,11.970000000000002,True
V01068,P257,24,5,Undergraduate,40.28,45.93,Foldit,Astronomy,0.35,5.649999999999999,False
V01069,P244,24,7,Secondary,41.7,46.43,Galaxy_Zoo,Astronomy,0.454,4.729999999999997,False
V01070,P255,1,2,Undergraduate,64.27,67.77,Zooniverse,Public_Health,0.368,3.5,False
V01071,P045,10,8,Secondary,36.83,44.54,eBird,Ecology,0.63,7.710000000000001,False
V01072,P035,20,5,Secondary,32.47,36.4,iNaturalist,Biodiversity,0.331,3.9299999999999997,False
V01073,P273,42,16,Undergraduate,57.98,64.48,SciStarter,Ecology,0.481,6.500000000000007,True
V01074,P049,5,10,Self-taught,69.57,78.12,eBird,Ecology,0.78,8.550000000000011,False
V01075,P101,11,8,Self-taught,54.4,61.82,Galaxy_Zoo,Biodiversity,0.492,7.420000000000002,False
V01076,P127,8,8,Secondary,46.49,49.38,Galaxy_Zoo,Astronomy,0.324,2.8900000000000006,False
V01077,P037,1,18,Undergraduate,61.52,73.79,iNaturalist,Ecology,0.562,12.270000000000003,True
V01078,P008,10,19,Secondary,56.03,68.62,Galaxy_Zoo,Public_Health,0.428,12.590000000000003,True
V01079,P296,7,5,Undergraduate,61.75,66.21,Zooniverse,Climate,0.401,4.459999999999994,False
V01080,P256,10,28,Graduate,73.19,87.76,SciStarter,Astronomy,0.408,14.570000000000007,True
V01081,P266,11,9,Undergraduate,62.25,70.02,Foldit,Ecology,0.585,7.769999999999996,False
V01082,P078,21,11,Undergraduate,65.13,75.47,eBird,Ecology,0.658,10.340000000000003,False
V01083,P063,10,13,Teacher,74.75,82.15,iNaturalist,Biodiversity,0.65,7.400000000000006,True
V01084,P116,5,4,Self-taught,49.87,51.97,Zooniverse,Public_Health,0.39,2.1000000000000014,False
V01085,P125,4,6,Graduate,90.32,92.01,Zooniverse,Biochemistry,0.488,1.690000000000012,False
V01086,P002,45,3,Graduate,75.25,80.06,Galaxy_Zoo,Ecology,0.35,4.810000000000002,False
V01087,P226,8,5,Undergraduate,57.91,60.15,Zooniverse,Climate,0.559,2.240000000000002,False
V01088,P297,10,11,Secondary,38.11,47.86,Zooniverse,Public_Health,0.493,9.75,False
V01089,P147,10,6,Self-taught,59.67,62.65,Galaxy_Zoo,Biochemistry,0.351,2.979999999999997,False
V01090,P107,8,12,Undergraduate,47.22,52.47,iNaturalist,Ecology,0.511,5.25,True
V01091,P107,4,10,Self-taught,41.37,46.83,iNaturalist,Ecology,0.511,5.460000000000001,False
V01092,P030,14,11,Secondary,39.46,44.37,Zooniverse,Biochemistry,0.599,4.909999999999997,False
V01093,P072,22,6,Undergraduate,56.93,66.43,Zooniverse,Astronomy,0.411,9.500000000000007,False
V01094,P142,17,14,Secondary,44.15,54.76,iNaturalist,Public_Health,0.57,10.61,True
V01095,P119,3,13,Secondary,47.34,53.7,eBird,Climate,0.739,6.359999999999999,True
V01096,P151,14,8,Undergraduate,58.84,63.5,eBird,Biodiversity,0.671,4.659999999999997,False
V01097,P247,3,7,Self-taught,60.94,66.59,SciStarter,Biodiversity,0.442,5.650000000000006,False
V01098,P064,3,11,Secondary,51.98,55.22,SciStarter,Ecology,0.388,3.240000000000002,False
V01099,P009,25,9,Undergraduate,74.58,89.95,iNaturalist,Astronomy,0.507,15.370000000000005,False
V01100,P013,12,11,Undergraduate,68.34,72.68,Zooniverse,Ecology,0.406,4.340000000000003,False
V01101,P038,6,11,Undergraduate,49.6,55.54,eBird,Ecology,0.498,5.939999999999998,False
V01102,P158,10,9,Secondary,59.87,63.59,Galaxy_Zoo,Biochemistry,0.385,3.720000000000006,False
V01103,P233,11,25,Undergraduate,64.79,78.92,eBird,Climate,0.618,14.129999999999995,True
V01104,P257,1,3,Secondary,37.66,36.36,Foldit,Astronomy,0.35,-1.2999999999999972,False
V01105,P177,13,7,Graduate,72.78,73.77,Galaxy_Zoo,Public_Health,0.257,0.9899999999999949,False
V01106,P109,5,10,Undergraduate,69.69,79.97,iNaturalist,Climate,0.497,10.280000000000001,False
V01107,P045,10,10,Graduate,85.8,90.39,eBird,Ecology,0.63,4.590000000000003,False
V01108,P108,5,9,Undergraduate,57.56,62.18,Zooniverse,Public_Health,0.423,4.619999999999997,False
V01109,P092,3,13,Graduate,80.22,88.2,eBird,Public_Health,0.782,7.980000000000004,True
V01110,P254,10,9,Secondary,43.38,50.54,SciStarter,Astronomy,0.44,7.159999999999997,False
V01111,P136,10,6,Undergraduate,63.28,65.56,Galaxy_Zoo,Biochemistry,0.391,2.280000000000001,False
V01112,P064,6,9,Self-taught,62.34,68.58,SciStarter,Ecology,0.388,6.239999999999995,False
V01113,P078,1,24,Undergraduate,60.26,69.91,eBird,Ecology,0.658,9.649999999999999,True
V01114,P039,37,1,Teacher,55.18,55.72,Zooniverse,Biochemistry,0.365,0.5399999999999991,False
V01115,P271,12,9,Self-taught,54.34,57.41,Galaxy_Zoo,Astronomy,0.247,3.069999999999993,False
V01116,P017,25,4,Secondary,46.22,51.63,Galaxy_Zoo,Climate,0.448,5.410000000000004,False
V01117,P005,8,7,Secondary,44.8,54.25,Zooniverse,Public_Health,0.414,9.450000000000003,False
V01118,P050,8,17,Secondary,55.05,64.92,Galaxy_Zoo,Biodiversity,0.435,9.870000000000005,True
V01119,P234,3,17,Graduate,72.56,83.03,Foldit,Public_Health,0.558,10.469999999999999,True
V01120,P146,28,9,Teacher,72.06,80.78,SciStarter,Climate,0.581,8.719999999999999,False
V01121,P175,5,12,Self-taught,51.82,59.69,Galaxy_Zoo,Astronomy,0.482,7.869999999999997,True
V01122,P098,3,14,Self-taught,54.09,58.62,Zooniverse,Ecology,0.459,4.529999999999994,True
V01123,P022,3,7,Secondary,57.41,61.39,Foldit,Public_Health,0.459,3.980000000000004,False
V01124,P249,13,11,Graduate,60.06,68.8,Galaxy_Zoo,Climate,0.421,8.739999999999995,False
V01125,P052,46,10,Self-taught,57.41,66.99,iNaturalist,Biodiversity,0.477,9.579999999999998,False
V01126,P011,14,17,Self-taught,63.49,72.24,eBird,Public_Health,0.836,8.749999999999993,True
V01127,P159,5,6,Graduate,74.85,79.68,Foldit,Public_Health,0.398,4.8300000000000125,False
V01128,P027,7,4,Teacher,78.14,84.2,iNaturalist,Astronomy,0.526,6.060000000000002,False
V01129,P030,11,19,Secondary,46.84,57.47,Zooniverse,Biochemistry,0.599,10.629999999999995,True
V01130,P230,10,10,Undergraduate,68.0,72.61,eBird,Climate,0.585,4.609999999999999,False
V01131,P138,10,13,Secondary,52.36,63.56,iNaturalist,Biochemistry,0.422,11.200000000000003,True
V01132,P067,8,8,Secondary,56.17,62.92,Galaxy_Zoo,Biochemistry,0.33,6.75,False
V01133,P095,1,12,Self-taught,53.13,63.18,eBird,Public_Health,0.512,10.049999999999997,True
V01134,P207,7,18,Undergraduate,68.89,79.44,eBird,Ecology,0.626,10.549999999999997,True
V01135,P021,1,3,Undergraduate,50.22,56.82,SciStarter,Astronomy,0.442,6.600000000000001,False
V01136,P035,5,10,Secondary,59.13,66.37,iNaturalist,Biodiversity,0.331,7.240000000000002,False
V01137,P171,12,13,Undergraduate,58.23,67.28,eBird,Biochemistry,0.62,9.050000000000004,True
V01138,P170,8,9,Undergraduate,60.68,64.55,Zooniverse,Biochemistry,0.478,3.8699999999999974,False
V01139,P287,23,7,Secondary,58.07,67.22,Zooniverse,Astronomy,0.507,9.149999999999999,False
V01140,P102,4,16,Undergraduate,71.19,77.64,Galaxy_Zoo,Ecology,0.373,6.450000000000003,True
V01141,P021,62,12,Graduate,57.51,66.21,SciStarter,Astronomy,0.442,8.699999999999996,True
V01142,P151,8,29,Secondary,51.93,65.79,eBird,Biodiversity,0.671,13.860000000000007,True
V01143,P179,17,5,Teacher,70.68,76.51,Foldit,Biodiversity,0.428,5.829999999999998,False
V01144,P040,3,15,Undergraduate,63.26,73.28,Zooniverse,Biodiversity,0.563,10.020000000000003,True
V01145,P153,5,5,Self-taught,47.98,49.44,SciStarter,Astronomy,0.411,1.4600000000000009,False
V01146,P056,10,11,Undergraduate,55.37,66.2,iNaturalist,Public_Health,0.545,10.830000000000005,False
V01147,P245,3,17,Teacher,69.52,76.86,iNaturalist,Biochemistry,0.631,7.340000000000003,True
V01148,P242,4,6,Self-taught,52.71,56.14,Galaxy_Zoo,Biodiversity,0.211,3.4299999999999997,False
V01149,P118,10,14,Secondary,35.55,44.14,Galaxy_Zoo,Ecology,0.439,8.590000000000003,True
V01150,P287,15,6,Self-taught,57.13,61.2,Zooniverse,Astronomy,0.507,4.07,False
V01151,P291,11,20,Teacher,85.4,91.72,SciStarter,Astronomy,0.542,6.319999999999993,True
V01152,P038,12,10,Secondary,58.51,62.44,eBird,Ecology,0.498,3.9299999999999997,False
V01153,P101,6,15,Secondary,40.19,45.21,Galaxy_Zoo,Biodiversity,0.492,5.020000000000003,True
V01154,P167,16,13,Self-taught,53.4,55.55,Foldit,Biochemistry,0.514,2.1499999999999986,True
V01155,P028,12,9,Undergraduate,74.15,76.72,Zooniverse,Biodiversity,0.452,2.569999999999993,False
V01156,P104,24,8,Self-taught,57.99,58.41,eBird,Climate,0.621,0.4199999999999946,False
V01157,P071,7,9,Self-taught,70.09,76.81,eBird,Public_Health,0.51,6.719999999999999,False
V01158,P282,6,2,Secondary,56.04,57.67,iNaturalist,Climate,0.443,1.6300000000000026,False
V01159,P112,6,2,Graduate,66.53,71.43,iNaturalist,Biochemistry,0.384,4.900000000000006,False
V01160,P220,9,15,Secondary,44.82,51.13,eBird,Public_Health,0.734,6.310000000000002,True
V01161,P105,13,1,Graduate,73.05,79.47,Galaxy_Zoo,Ecology,0.364,6.420000000000002,False
V01162,P038,38,5,Undergraduate,64.42,69.12,eBird,Ecology,0.498,4.700000000000003,False
V01163,P250,21,6,Secondary,46.68,50.7,iNaturalist,Climate,0.574,4.020000000000003,False
V01164,P001,10,18,Undergraduate,51.57,60.73,Zooniverse,Public_Health,0.458,9.159999999999997,True
V01165,P018,1,6,Secondary,53.17,52.14,Zooniverse,Biochemistry,0.451,-1.0300000000000011,False
V01166,P099,20,2,Teacher,66.63,69.29,iNaturalist,Astronomy,0.335,2.660000000000011,False
V01167,P195,25,11,Secondary,49.07,59.87,SciStarter,Biodiversity,0.38,10.799999999999997,False
V01168,P093,5,6,Secondary,50.86,57.06,Galaxy_Zoo,Climate,0.394,6.200000000000003,False
V01169,P021,31,21,Secondary,40.95,49.05,SciStarter,Astronomy,0.442,8.099999999999994,True
V01170,P088,5,12,Undergraduate,44.85,51.4,eBird,Public_Health,0.635,6.549999999999997,True
V01171,P068,22,13,Secondary,45.61,57.57,iNaturalist,Biodiversity,0.585,11.96,True
V01172,P002,42,1,Graduate,77.48,78.56,Galaxy_Zoo,Ecology,0.35,1.0799999999999983,False
V01173,P149,4,18,Graduate,73.65,83.19,Zooniverse,Ecology,0.479,9.539999999999992,True
V01174,P035,15,18,Self-taught,61.41,68.54,iNaturalist,Biodiversity,0.331,7.13000000000001,True
V01175,P078,12,17,Secondary,36.99,49.95,eBird,Ecology,0.658,12.96,True
V01176,P180,8,5,Undergraduate,73.15,79.08,Zooniverse,Astronomy,0.571,5.929999999999993,False
V01177,P206,8,11,Teacher,75.12,80.29,Zooniverse,Climate,0.456,5.170000000000002,False
V01178,P072,6,6,Self-taught,54.17,60.56,Zooniverse,Astronomy,0.411,6.390000000000001,False
V01179,P092,3,16,Teacher,60.96,74.25,eBird,Public_Health,0.782,13.29,True
V01180,P068,21,4,Undergraduate,64.94,74.31,iNaturalist,Biodiversity,0.585,9.370000000000005,False
V01181,P283,6,3,Undergraduate,74.98,76.76,SciStarter,Biodiversity,0.339,1.7800000000000011,False
V01182,P052,77,23,Graduate,74.6,87.38,iNaturalist,Biodiversity,0.477,12.780000000000001,True
V01183,P050,14,10,Self-taught,44.98,51.12,Galaxy_Zoo,Biodiversity,0.435,6.140000000000001,False
V01184,P122,9,5,Secondary,47.67,55.83,SciStarter,Climate,0.421,8.159999999999997,False
V01185,P052,14,10,Undergraduate,66.79,76.69,iNaturalist,Biodiversity,0.477,9.899999999999991,False
V01186,P046,8,3,Secondary,42.8,42.15,Galaxy_Zoo,Astronomy,0.399,-0.6499999999999986,False
V01187,P030,19,7,Undergraduate,66.03,72.59,Zooniverse,Biochemistry,0.599,6.560000000000002,False
V01188,P180,19,5,Self-taught,57.05,63.33,Zooniverse,Astronomy,0.571,6.280000000000001,False
V01189,P171,7,22,Undergraduate,60.78,73.03,eBird,Biochemistry,0.62,12.25,True
V01190,P183,7,5,Secondary,37.81,41.86,eBird,Biodiversity,0.553,4.049999999999997,False
V01191,P225,16,5,Graduate,82.63,88.17,eBird,Public_Health,0.583,5.540000000000006,False
V01192,P091,3,15,Graduate,69.0,82.16,eBird,Biochemistry,0.558,13.159999999999997,True
V01193,P271,14,2,Undergraduate,59.1,61.37,Galaxy_Zoo,Astronomy,0.247,2.269999999999996,False
V01194,P209,17,7,Graduate,68.85,73.1,Zooniverse,Ecology,0.416,4.25,False
V01195,P231,1,20,Graduate,73.84,82.67,Foldit,Biodiversity,0.56,8.829999999999998,True
V01196,P205,28,17,Undergraduate,69.16,75.29,eBird,Biodiversity,0.846,6.13000000000001,True
V01197,P099,12,7,Graduate,75.2,82.74,iNaturalist,Astronomy,0.335,7.539999999999992,False
V01198,P078,8,19,Undergraduate,61.17,72.22,eBird,Ecology,0.658,11.049999999999997,True
V01199,P115,27,11,Secondary,67.63,77.22,eBird,Astronomy,0.676,9.590000000000003,False
V01200,P030,13,8,Secondary,35.53,44.55,Zooniverse,Biochemistry,0.599,9.019999999999996,False
V01201,P125,8,22,Secondary,54.58,65.62,Zooniverse,Biochemistry,0.488,11.040000000000006,True
V01202,P016,23,15,Graduate,78.66,93.63,eBird,Biochemistry,0.627,14.969999999999999,True
V01203,P001,4,9,Undergraduate,71.03,81.32,Zooniverse,Public_Health,0.458,10.289999999999992,False
V01204,P276,63,9,Undergraduate,65.87,70.25,Foldit,Biodiversity,0.548,4.3799999999999955,False
V01205,P196,11,10,Undergraduate,58.69,64.69,Foldit,Biodiversity,0.531,6.0,False
V01206,P156,23,22,Self-taught,47.62,63.8,eBird,Biochemistry,0.544,16.18,True
V01207,P092,5,14,Secondary,49.51,56.14,eBird,Public_Health,0.782,6.630000000000003,True
V01208,P158,1,4,Secondary,51.78,53.38,Galaxy_Zoo,Biochemistry,0.385,1.6000000000000014,False
V01209,P260,13,11,Secondary,48.27,61.91,Galaxy_Zoo,Public_Health,0.426,13.639999999999993,False
V01210,P183,28,6,Teacher,63.19,70.63,eBird,Biodiversity,0.553,7.439999999999998,False
V01211,P169,10,8,Secondary,36.89,43.59,Zooniverse,Biochemistry,0.544,6.700000000000003,False
V01212,P128,4,8,Graduate,70.03,79.56,Galaxy_Zoo,Public_Health,0.344,9.530000000000001,False
V01213,P095,2,8,Secondary,54.37,55.23,eBird,Public_Health,0.512,0.8599999999999994,False
V01214,P198,9,14,Self-taught,62.73,68.5,eBird,Biodiversity,0.702,5.770000000000003,True
V01215,P292,20,9,Graduate,74.03,76.36,eBird,Ecology,0.601,2.3299999999999983,False
V01216,P116,8,6,Self-taught,49.81,53.25,Zooniverse,Public_Health,0.39,3.4399999999999977,False
V01217,P107,4,9,Undergraduate,57.28,61.98,iNaturalist,Ecology,0.511,4.699999999999996,False
V01218,P117,10,22,Undergraduate,62.16,70.12,Galaxy_Zoo,Ecology,0.459,7.960000000000008,True
V01219,P116,21,13,Undergraduate,58.3,70.11,Zooniverse,Public_Health,0.39,11.810000000000002,True
V01220,P294,6,9,Graduate,78.56,83.31,iNaturalist,Ecology,0.441,4.75,False
V01221,P200,14,10,Secondary,38.07,44.14,Zooniverse,Biodiversity,0.485,6.07,False
V01222,P099,2,4,Undergraduate,66.06,72.36,iNaturalist,Astronomy,0.335,6.299999999999997,False
V01223,P102,1,8,Undergraduate,61.98,69.34,Galaxy_Zoo,Ecology,0.373,7.3600000000000065,False
V01224,P118,5,10,Secondary,50.33,54.09,Galaxy_Zoo,Ecology,0.439,3.760000000000005,False
V01225,P012,18,21,Graduate,73.66,82.97,Zooniverse,Astronomy,0.451,9.310000000000002,True
V01226,P147,8,11,Self-taught,60.44,63.36,Galaxy_Zoo,Biochemistry,0.351,2.9200000000000017,False
V01227,P234,10,23,Undergraduate,55.97,67.13,Foldit,Public_Health,0.558,11.159999999999997,True
V01228,P185,8,9,Secondary,60.15,63.95,eBird,Biochemistry,0.708,3.8000000000000043,False
V01229,P056,6,6,Undergraduate,53.65,57.24,iNaturalist,Public_Health,0.545,3.5900000000000034,False
V01230,P207,23,8,Undergraduate,49.07,59.31,eBird,Ecology,0.626,10.240000000000002,False
V01231,P204,2,8,Undergraduate,62.02,67.91,eBird,Astronomy,0.612,5.8899999999999935,False
V01232,P071,12,3,Undergraduate,67.08,69.93,eBird,Public_Health,0.51,2.8500000000000085,False
V01233,P173,11,16,Undergraduate,66.16,77.88,eBird,Biochemistry,0.67,11.719999999999999,True
V01234,P171,7,6,Undergraduate,58.41,66.15,eBird,Biochemistry,0.62,7.740000000000009,False
V01235,P244,5,12,Graduate,71.61,76.08,Galaxy_Zoo,Astronomy,0.454,4.469999999999999,True
V01236,P039,5,12,Teacher,68.92,70.63,Zooniverse,Biochemistry,0.365,1.7099999999999937,True
V01237,P054,3,11,Secondary,42.32,49.59,Foldit,Biodiversity,0.419,7.270000000000003,False
V01238,P136,17,11,Secondary,42.92,47.14,Galaxy_Zoo,Biochemistry,0.391,4.219999999999999,False
V01239,P016,16,10,Undergraduate,53.51,56.27,eBird,Biochemistry,0.627,2.760000000000005,False
V01240,P115,6,8,Graduate,86.87,94.54,eBird,Astronomy,0.676,7.670000000000002,False
V01241,P228,13,24,Graduate,68.41,78.64,iNaturalist,Biochemistry,0.562,10.230000000000004,True
V01242,P045,19,8,Graduate,63.02,68.47,eBird,Ecology,0.63,5.449999999999996,False
V01243,P128,21,4,Undergraduate,49.57,52.83,Galaxy_Zoo,Public_Health,0.344,3.259999999999998,False
V01244,P294,12,12,Secondary,45.13,56.64,iNaturalist,Ecology,0.441,11.509999999999998,True
V01245,P143,18,7,Undergraduate,50.23,51.18,Zooniverse,Public_Health,0.442,0.9500000000000028,False
V01246,P140,13,16,Self-taught,57.67,66.32,iNaturalist,Climate,0.625,8.649999999999991,True
V01247,P154,19,10,Undergraduate,59.59,63.02,eBird,Biodiversity,0.66,3.4299999999999997,False
V01248,P051,14,15,Secondary,44.14,57.88,Zooniverse,Climate,0.503,13.740000000000002,True
V01249,P044,9,8,Undergraduate,64.16,67.65,Foldit,Public_Health,0.431,3.490000000000009,False
V01250,P193,8,11,Secondary,52.06,58.77,iNaturalist,Public_Health,0.535,6.710000000000001,False
V01251,P107,10,19,Graduate,71.79,80.46,iNaturalist,Ecology,0.511,8.669999999999987,True
V01252,P079,4,14,Secondary,47.66,55.51,SciStarter,Biochemistry,0.315,7.850000000000001,True
V01253,P010,11,14,Undergraduate,68.13,75.96,Zooniverse,Ecology,0.402,7.829999999999998,True
V01254,P246,2,12,Secondary,58.12,66.96,Foldit,Biochemistry,0.577,8.839999999999996,True
V01255,P011,5,17,Self-taught,65.04,72.02,eBird,Public_Health,0.836,6.97999999999999,True
V01256,P216,30,11,Self-taught,56.31,57.33,iNaturalist,Climate,0.64,1.019999999999996,False
V01257,P104,48,12,Undergraduate,65.21,69.66,eBird,Climate,0.621,4.450000000000003,True
V01258,P165,6,14,Undergraduate,66.24,72.3,SciStarter,Astronomy,0.481,6.060000000000002,True
V01259,P068,7,12,Graduate,78.4,87.28,iNaturalist,Biodiversity,0.585,8.879999999999995,True
V01260,P045,6,7,Teacher,67.6,74.42,eBird,Ecology,0.63,6.820000000000007,False
V01261,P148,6,8,Secondary,33.55,37.2,Foldit,Ecology,0.362,3.6500000000000057,False
V01262,P198,10,7,Graduate,74.04,76.02,eBird,Biodiversity,0.702,1.9799999999999898,False
V01263,P054,19,6,Secondary,40.9,45.83,Foldit,Biodiversity,0.419,4.93,False
V01264,P119,11,13,Self-taught,52.19,59.6,eBird,Climate,0.739,7.410000000000004,True
V01265,P121,11,15,Secondary,36.09,46.73,Galaxy_Zoo,Biochemistry,0.31,10.639999999999993,True
V01266,P062,6,7,Graduate,73.32,77.52,SciStarter,Biochemistry,0.407,4.200000000000003,False
V01267,P157,24,12,Secondary,37.24,50.27,Galaxy_Zoo,Ecology,0.421,13.030000000000001,True
V01268,P043,26,16,Undergraduate,53.97,62.72,iNaturalist,Climate,0.729,8.75,True
V01269,P143,18,4,Secondary,58.35,64.02,Zooniverse,Public_Health,0.442,5.669999999999995,False
V01270,P034,25,13,Graduate,72.2,83.09,eBird,Public_Health,0.782,10.89,True
V01271,P135,3,6,Undergraduate,53.1,56.79,Galaxy_Zoo,Astronomy,0.42,3.6899999999999977,False
V01272,P086,6,10,Secondary,56.64,62.51,SciStarter,Astronomy,0.322,5.869999999999997,False
V01273,P125,13,9,Undergraduate,54.97,57.74,Zooniverse,Biochemistry,0.488,2.770000000000003,False
V01274,P119,18,17,Graduate,77.96,87.46,eBird,Climate,0.739,9.5,True
V01275,P265,6,10,Teacher,55.21,61.47,Zooniverse,Ecology,0.494,6.259999999999998,False
V01276,P137,29,9,Undergraduate,53.94,57.58,iNaturalist,Astronomy,0.521,3.6400000000000006,False
V01277,P237,35,16,Graduate,74.92,84.6,Zooniverse,Public_Health,0.556,9.679999999999993,True
V01278,P064,11,15,Graduate,76.27,82.57,SciStarter,Ecology,0.388,6.299999999999997,True
V01279,P096,17,18,Secondary,41.6,45.87,iNaturalist,Biochemistry,0.473,4.269999999999996,True
V01280,P025,32,6,Undergraduate,49.66,55.21,Galaxy_Zoo,Public_Health,0.442,5.550000000000004,False
V01281,P115,12,3,Secondary,41.99,45.25,eBird,Astronomy,0.676,3.259999999999998,False
V01282,P190,3,10,Secondary,58.61,64.81,iNaturalist,Astronomy,0.721,6.200000000000003,False
V01283,P243,9,10,Undergraduate,63.17,70.76,SciStarter,Ecology,0.524,7.590000000000003,False
V01284,P157,6,4,Self-taught,71.77,79.25,Galaxy_Zoo,Ecology,0.421,7.480000000000004,False
V01285,P180,7,11,Undergraduate,55.29,63.76,Zooniverse,Astronomy,0.571,8.469999999999999,False
V01286,P049,3,13,Secondary,58.58,68.13,eBird,Ecology,0.78,9.549999999999997,True
V01287,P013,28,8,Graduate,68.95,69.92,Zooniverse,Ecology,0.406,0.9699999999999989,False
V01288,P228,10,5,Secondary,39.78,46.87,iNaturalist,Biochemistry,0.562,7.089999999999996,False
V01289,P048,15,11,Self-taught,59.78,67.18,Zooniverse,Astronomy,0.437,7.400000000000006,False
V01290,P029,36,6,Secondary,49.46,51.73,Zooniverse,Climate,0.438,2.269999999999996,False
V01291,P279,23,23,Self-taught,54.98,68.8,eBird,Public_Health,0.603,13.82,True
V01292,P286,9,6,Undergraduate,61.55,70.84,Galaxy_Zoo,Biochemistry,0.416,9.290000000000006,False
V01293,P171,12,16,Graduate,88.18,100.0,eBird,Biochemistry,0.62,11.819999999999993,True
V01294,P103,11,9,Self-taught,55.61,63.15,SciStarter,Public_Health,0.285,7.539999999999999,False
V01295,P241,11,11,Teacher,58.23,63.19,Galaxy_Zoo,Ecology,0.434,4.960000000000001,False
V01296,P060,3,9,Secondary,53.97,62.8,SciStarter,Ecology,0.385,8.829999999999998,False
V01297,P118,19,4,Undergraduate,51.43,52.66,Galaxy_Zoo,Ecology,0.439,1.2299999999999969,False
V01298,P098,3,19,Teacher,72.11,77.14,Zooniverse,Ecology,0.459,5.030000000000001,True
V01299,P266,46,7,Self-taught,51.23,59.05,Foldit,Ecology,0.585,7.82,False
V01300,P271,8,12,Graduate,61.3,65.54,Galaxy_Zoo,Astronomy,0.247,4.240000000000009,True
V01301,P183,20,10,Secondary,43.36,49.51,eBird,Biodiversity,0.553,6.149999999999999,False
V01302,P034,12,18,Graduate,75.82,88.37,eBird,Public_Health,0.782,12.550000000000011,True
V01303,P134,21,6,Secondary,59.03,59.92,iNaturalist,Astronomy,0.463,0.8900000000000006,False
V01304,P068,32,25,Secondary,46.9,61.04,iNaturalist,Biodiversity,0.585,14.14,True
V01305,P257,61,6,Undergraduate,48.08,57.7,Foldit,Astronomy,0.35,9.620000000000005,False
V01306,P040,9,7,Secondary,66.73,65.95,Zooniverse,Biodiversity,0.563,-0.7800000000000011,False
V01307,P018,6,10,Undergraduate,61.51,68.63,Zooniverse,Biochemistry,0.451,7.119999999999997,False
V01308,P199,26,3,Teacher,78.68,85.54,Galaxy_Zoo,Biodiversity,0.383,6.859999999999999,False
V01309,P125,11,14,Self-taught,51.44,58.23,Zooniverse,Biochemistry,0.488,6.789999999999999,True
V01310,P244,14,12,Graduate,63.42,68.27,Galaxy_Zoo,Astronomy,0.454,4.849999999999994,True
V01311,P024,53,3,Secondary,52.97,56.86,Foldit,Astronomy,0.416,3.8900000000000006,False
V01312,P230,4,19,Self-taught,56.78,66.91,eBird,Climate,0.585,10.129999999999995,True
V01313,P013,34,7,Undergraduate,56.62,58.13,Zooniverse,Ecology,0.406,1.5100000000000051,False
V01314,P009,24,9,Self-taught,63.91,76.69,iNaturalist,Astronomy,0.507,12.780000000000001,False
V01315,P128,19,9,Secondary,42.06,48.99,Galaxy_Zoo,Public_Health,0.344,6.93,False
V01316,P063,30,7,Graduate,58.59,62.04,iNaturalist,Biodiversity,0.65,3.4499999999999957,False
V01317,P164,22,35,Graduate,56.53,69.38,eBird,Astronomy,0.622,12.849999999999994,True
V01318,P009,8,9,Undergraduate,62.22,70.66,iNaturalist,Astronomy,0.507,8.439999999999998,False
V01319,P011,13,18,Graduate,71.14,80.65,eBird,Public_Health,0.836,9.510000000000005,True
V01320,P207,14,10,Undergraduate,60.69,62.17,eBird,Ecology,0.626,1.480000000000004,False
V01321,P061,4,13,Secondary,58.37,66.47,Zooniverse,Public_Health,0.445,8.100000000000001,True
V01322,P185,4,14,Undergraduate,68.88,73.4,eBird,Biochemistry,0.708,4.52000000000001,True
V01323,P216,32,16,Secondary,59.72,69.19,iNaturalist,Climate,0.64,9.469999999999999,True
V01324,P019,4,10,Undergraduate,54.66,55.61,eBird,Biochemistry,0.526,0.9500000000000028,False
V01325,P223,11,12,Secondary,53.88,61.38,Galaxy_Zoo,Astronomy,0.337,7.5,True
V01326,P074,16,6,Graduate,74.55,80.72,Zooniverse,Biochemistry,0.286,6.170000000000002,False
V01327,P107,3,11,Secondary,42.73,50.2,iNaturalist,Ecology,0.511,7.470000000000006,False
V01328,P028,7,8,Teacher,57.28,59.93,Zooniverse,Biodiversity,0.452,2.6499999999999986,False
V01329,P244,6,13,Self-taught,55.22,62.11,Galaxy_Zoo,Astronomy,0.454,6.890000000000001,True
V01330,P155,32,5,Undergraduate,68.02,77.42,Zooniverse,Climate,0.523,9.400000000000006,False
V01331,P142,33,2,Undergraduate,58.58,64.45,iNaturalist,Public_Health,0.57,5.8700000000000045,False
V01332,P287,21,6,Graduate,71.93,84.92,Zooniverse,Astronomy,0.507,12.989999999999995,False
V01333,P092,2,23,Self-taught,59.9,69.38,eBird,Public_Health,0.782,9.479999999999997,True
V01334,P259,18,9,Undergraduate,62.4,66.91,eBird,Ecology,0.541,4.509999999999998,False
V01335,P204,5,22,Self-taught,59.27,66.95,eBird,Astronomy,0.612,7.68,True
V01336,P274,3,14,Graduate,93.52,100.0,iNaturalist,Public_Health,0.53,6.480000000000004,True
V01337,P265,5,11,Self-taught,45.35,51.56,Zooniverse,Ecology,0.494,6.210000000000001,False
V01338,P294,6,9,Secondary,54.01,61.1,iNaturalist,Ecology,0.441,7.090000000000003,False
V01339,P038,11,13,Graduate,55.85,63.4,eBird,Ecology,0.498,7.549999999999997,True
V01340,P229,6,8,Teacher,57.91,62.39,Galaxy_Zoo,Biodiversity,0.412,4.480000000000004,False
V01341,P231,3,12,Graduate,81.45,86.0,Foldit,Biodiversity,0.56,4.549999999999997,True
V01342,P181,5,12,Undergraduate,69.3,80.31,Zooniverse,Astronomy,0.503,11.010000000000005,True
V01343,P075,40,9,Secondary,47.82,55.35,eBird,Ecology,0.652,7.530000000000001,False
V01344,P286,3,5,Secondary,37.09,37.06,Galaxy_Zoo,Biochemistry,0.416,-0.030000000000001137,False
V01345,P060,8,9,Graduate,66.84,66.03,SciStarter,Ecology,0.385,-0.8100000000000023,False
V01346,P141,22,11,Secondary,45.58,53.7,Zooniverse,Astronomy,0.382,8.120000000000005,False
V01347,P146,3,9,Secondary,56.35,61.76,SciStarter,Climate,0.581,5.409999999999997,False
V01348,P047,4,11,Undergraduate,45.72,54.9,eBird,Public_Health,0.734,9.18,False
V01349,P205,23,21,Undergraduate,71.95,82.9,eBird,Biodiversity,0.846,10.950000000000003,True
V01350,P028,9,21,Undergraduate,64.87,77.57,Zooniverse,Biodiversity,0.452,12.699999999999989,True
V01351,P197,16,9,Graduate,73.11,74.74,Zooniverse,Ecology,0.387,1.6299999999999955,False
V01352,P247,15,13,Graduate,74.98,87.7,SciStarter,Biodiversity,0.442,12.719999999999999,True
V01353,P096,50,7,Secondary,50.9,58.67,iNaturalist,Biochemistry,0.473,7.770000000000003,False
V01354,P201,5,20,Secondary,46.84,55.49,eBird,Biodiversity,0.592,8.649999999999999,True
V01355,P046,9,5,Secondary,51.74,54.31,Galaxy_Zoo,Astronomy,0.399,2.5700000000000003,False
V01356,P246,9,19,Graduate,70.3,82.61,Foldit,Biochemistry,0.577,12.310000000000002,True
V01357,P282,8,5,Undergraduate,54.41,60.72,iNaturalist,Climate,0.443,6.310000000000002,False
V01358,P045,4,16,Secondary,36.87,45.81,eBird,Ecology,0.63,8.940000000000005,True
V01359,P197,7,5,Graduate,79.57,85.27,Zooniverse,Ecology,0.387,5.700000000000003,False
V01360,P143,3,12,Undergraduate,71.21,80.85,Zooniverse,Public_Health,0.442,9.64,True
V01361,P147,3,3,Teacher,79.25,81.31,Galaxy_Zoo,Biochemistry,0.351,2.0600000000000023,False
V01362,P200,4,10,Secondary,60.78,63.54,Zooniverse,Biodiversity,0.485,2.759999999999998,False
V01363,P137,27,4,Graduate,78.5,86.0,iNaturalist,Astronomy,0.521,7.5,False
V01364,P167,1,4,Graduate,82.66,90.1,Foldit,Biochemistry,0.514,7.439999999999998,False
V01365,P065,25,12,Undergraduate,69.48,76.39,eBird,Biodiversity,0.645,6.909999999999997,True
V01366,P103,1,3,Graduate,78.93,81.58,SciStarter,Public_Health,0.285,2.6499999999999915,False
V01367,P251,1,4,Teacher,68.59,71.27,iNaturalist,Public_Health,0.53,2.6799999999999926,False
V01368,P034,25,12,Undergraduate,55.45,68.57,eBird,Public_Health,0.782,13.11999999999999,True
V01369,P165,10,4,Undergraduate,65.17,69.14,SciStarter,Astronomy,0.481,3.969999999999999,False
V01370,P050,52,11,Undergraduate,61.59,60.78,Galaxy_Zoo,Biodiversity,0.435,-0.8100000000000023,False
V01371,P246,16,10,Undergraduate,68.83,79.21,Foldit,Biochemistry,0.577,10.379999999999995,False
V01372,P160,1,15,Self-taught,57.22,64.19,eBird,Climate,0.758,6.969999999999999,True
V01373,P109,7,15,Secondary,39.81,50.81,iNaturalist,Climate,0.497,11.0,True
V01374,P069,14,7,Undergraduate,60.81,61.61,SciStarter,Climate,0.56,0.7999999999999972,False
V01375,P119,11,22,Undergraduate,61.61,73.79,eBird,Climate,0.739,12.180000000000007,True
V01376,P283,2,9,Graduate,76.67,77.9,SciStarter,Biodiversity,0.339,1.230000000000004,False
V01377,P143,1,15,Graduate,86.25,96.92,Zooniverse,Public_Health,0.442,10.670000000000002,True
V01378,P130,56,9,Undergraduate,83.11,90.97,iNaturalist,Climate,0.557,7.859999999999999,False
V01379,P216,2,15,Undergraduate,62.63,67.26,iNaturalist,Climate,0.64,4.630000000000003,True
V01380,P103,18,10,Undergraduate,52.29,62.84,SciStarter,Public_Health,0.285,10.550000000000004,False
V01381,P117,58,14,Teacher,68.67,75.37,Galaxy_Zoo,Ecology,0.459,6.700000000000003,True
V01382,P092,20,8,Undergraduate,69.7,75.86,eBird,Public_Health,0.782,6.159999999999997,False
V01383,P045,8,7,Undergraduate,63.51,68.78,eBird,Ecology,0.63,5.270000000000003,False
V01384,P202,16,20,Undergraduate,79.57,92.41,SciStarter,Biodiversity,0.455,12.840000000000003,True
V01385,P255,4,15,Undergraduate,52.1,59.81,Zooniverse,Public_Health,0.368,7.710000000000001,True
V01386,P264,22,8,Self-taught,46.26,51.77,Zooniverse,Biodiversity,0.4,5.510000000000005,False
V01387,P257,3,16,Secondary,37.85,50.17,Foldit,Astronomy,0.35,12.32,True
V01388,P125,4,7,Secondary,46.51,51.86,Zooniverse,Biochemistry,0.488,5.350000000000001,False
V01389,P078,2,21,Graduate,67.0,76.9,eBird,Ecology,0.658,9.900000000000006,True
V01390,P179,14,11,Graduate,56.57,64.84,Foldit,Biodiversity,0.428,8.270000000000003,False
V01391,P282,4,10,Undergraduate,50.51,53.53,iNaturalist,Climate,0.443,3.020000000000003,False
V01392,P207,30,12,Teacher,81.77,88.82,eBird,Ecology,0.626,7.049999999999997,True
V01393,P138,8,5,Self-taught,54.32,58.83,iNaturalist,Biochemistry,0.422,4.509999999999998,False
V01394,P196,3,12,Self-taught,61.86,67.04,Foldit,Biodiversity,0.531,5.180000000000007,True
V01395,P224,10,22,Teacher,48.9,57.17,Foldit,Public_Health,0.573,8.270000000000003,True
V01396,P271,19,10,Undergraduate,66.59,69.3,Galaxy_Zoo,Astronomy,0.247,2.7099999999999937,False
V01397,P220,2,13,Undergraduate,55.35,64.18,eBird,Public_Health,0.734,8.830000000000005,True
V01398,P119,17,8,Self-taught,62.85,68.0,eBird,Climate,0.739,5.149999999999999,False
V01399,P074,8,2,Secondary,54.12,60.08,Zooniverse,Biochemistry,0.286,5.960000000000001,False
V01400,P141,37,5,Graduate,71.55,77.26,Zooniverse,Astronomy,0.382,5.710000000000008,False
V01401,P091,2,5,Self-taught,50.78,57.91,eBird,Biochemistry,0.558,7.1299999999999955,False
V01402,P281,19,5,Secondary,50.86,53.36,iNaturalist,Astronomy,0.497,2.5,False
V01403,P143,16,8,Graduate,63.37,70.26,Zooniverse,Public_Health,0.442,6.890000000000008,False
V01404,P130,6,13,Self-taught,52.55,59.96,iNaturalist,Climate,0.557,7.410000000000004,True
V01405,P095,6,4,Teacher,71.69,70.64,eBird,Public_Health,0.512,-1.0499999999999972,False
V01406,P179,11,22,Self-taught,63.83,69.99,Foldit,Biodiversity,0.428,6.159999999999997,True
V01407,P144,19,17,Secondary,39.05,47.88,Zooniverse,Biodiversity,0.458,8.830000000000005,True
V01408,P038,15,17,Secondary,45.85,60.89,eBird,Ecology,0.498,15.04,True
V01409,P253,7,7,Undergraduate,66.38,71.9,eBird,Biodiversity,0.761,5.52000000000001,False
V01410,P099,1,7,Undergraduate,53.26,58.6,iNaturalist,Astronomy,0.335,5.340000000000003,False
V01411,P119,2,22,Secondary,61.26,73.12,eBird,Climate,0.739,11.860000000000007,True
V01412,P060,18,2,Undergraduate,57.1,59.3,SciStarter,Ecology,0.385,2.1999999999999957,False
V01413,P154,19,6,Teacher,71.12,83.5,eBird,Biodiversity,0.66,12.379999999999995,False
V01414,P199,16,13,Undergraduate,65.22,70.77,Galaxy_Zoo,Biodiversity,0.383,5.549999999999997,True
V01415,P257,69,10,Secondary,33.6,35.14,Foldit,Astronomy,0.35,1.5399999999999991,False
V01416,P017,13,7,Graduate,69.02,70.91,Galaxy_Zoo,Climate,0.448,1.8900000000000006,False
V01417,P288,31,9,Undergraduate,70.21,77.06,eBird,Astronomy,0.587,6.8500000000000085,False
V01418,P199,14,16,Secondary,40.88,48.68,Galaxy_Zoo,Biodiversity,0.383,7.799999999999997,True
V01419,P078,22,4,Undergraduate,66.72,72.97,eBird,Ecology,0.658,6.25,False
V01420,P060,7,11,Secondary,46.31,48.76,SciStarter,Ecology,0.385,2.4499999999999957,False
V01421,P082,18,4,Undergraduate,54.53,57.42,SciStarter,Biodiversity,0.452,2.8900000000000006,False
V01422,P256,14,10,Graduate,72.44,83.47,SciStarter,Astronomy,0.408,11.030000000000001,False
V01423,P080,11,15,Undergraduate,61.79,72.63,Galaxy_Zoo,Climate,0.383,10.839999999999996,True
V01424,P129,37,8,Secondary,58.17,68.82,Zooniverse,Biodiversity,0.456,10.649999999999991,False
V01425,P200,13,8,Secondary,63.26,68.24,Zooniverse,Biodiversity,0.485,4.979999999999997,False
V01426,P255,10,4,Undergraduate,79.7,89.5,Zooniverse,Public_Health,0.368,9.799999999999997,False
V01427,P185,16,16,Undergraduate,74.31,80.64,eBird,Biochemistry,0.708,6.329999999999998,True
V01428,P217,21,12,Self-taught,58.52,69.27,Galaxy_Zoo,Astronomy,0.498,10.749999999999993,True
V01429,P048,4,11,Graduate,66.35,75.74,Zooniverse,Astronomy,0.437,9.39,False
V01430,P256,3,10,Graduate,73.04,78.93,SciStarter,Astronomy,0.408,5.890000000000001,False
V01431,P074,1,10,Graduate,85.6,88.3,Zooniverse,Biochemistry,0.286,2.700000000000003,False
V01432,P038,1,11,Graduate,69.67,79.58,eBird,Ecology,0.498,9.909999999999997,False
V01433,P289,19,6,Teacher,78.2,80.19,Galaxy_Zoo,Biodiversity,0.468,1.9899999999999949,False
V01434,P059,3,7,Graduate,79.0,86.96,Zooniverse,Biodiversity,0.462,7.959999999999994,False
V01435,P039,11,7,Teacher,58.37,67.03,Zooniverse,Biochemistry,0.365,8.660000000000004,False
V01436,P175,11,6,Self-taught,55.32,59.86,Galaxy_Zoo,Astronomy,0.482,4.539999999999999,False
V01437,P088,5,10,Secondary,54.69,60.29,eBird,Public_Health,0.635,5.600000000000001,False
V01438,P038,44,15,Teacher,76.09,86.34,eBird,Ecology,0.498,10.25,True
V01439,P167,9,18,Graduate,65.15,70.81,Foldit,Biochemistry,0.514,5.659999999999997,True
V01440,P219,7,11,Teacher,77.6,85.83,Foldit,Climate,0.559,8.230000000000004,False
V01441,P228,6,10,Secondary,55.68,58.71,iNaturalist,Biochemistry,0.562,3.030000000000001,False
V01442,P045,24,5,Teacher,71.48,75.8,eBird,Ecology,0.63,4.319999999999993,False
V01443,P154,10,6,Secondary,41.03,46.05,eBird,Biodiversity,0.66,5.019999999999996,False
V01444,P235,3,9,Self-taught,47.94,52.26,Foldit,Biochemistry,0.482,4.32,False
V01445,P047,7,8,Self-taught,61.42,67.65,eBird,Public_Health,0.734,6.230000000000004,False
V01446,P061,13,13,Secondary,55.71,62.63,Zooniverse,Public_Health,0.445,6.920000000000002,True
V01447,P001,5,18,Undergraduate,75.44,80.9,Zooniverse,Public_Health,0.458,5.460000000000008,True
V01448,P147,11,10,Secondary,46.38,50.39,Galaxy_Zoo,Biochemistry,0.351,4.009999999999998,False
V01449,P054,3,2,Self-taught,71.69,74.55,Foldit,Biodiversity,0.419,2.8599999999999994,False
V01450,P206,2,11,Undergraduate,64.82,69.43,Zooniverse,Climate,0.456,4.610000000000014,False
V01451,P285,14,4,Secondary,35.53,42.02,Galaxy_Zoo,Biodiversity,0.504,6.490000000000002,False
V01452,P061,13,9,Secondary,44.22,48.27,Zooniverse,Public_Health,0.445,4.050000000000004,False
V01453,P182,13,10,Self-taught,58.46,68.95,Foldit,Astronomy,0.567,10.490000000000002,False
V01454,P061,8,5,Undergraduate,45.97,54.12,Zooniverse,Public_Health,0.445,8.149999999999999,False
V01455,P007,16,6,Undergraduate,52.47,57.6,Galaxy_Zoo,Biochemistry,0.319,5.130000000000003,False
V01456,P219,10,19,Self-taught,49.29,58.11,Foldit,Climate,0.559,8.82,True
V01457,P119,12,18,Secondary,60.9,68.41,eBird,Climate,0.739,7.509999999999998,True
V01458,P281,16,12,Undergraduate,71.03,80.33,iNaturalist,Astronomy,0.497,9.299999999999997,True
V01459,P149,27,10,Undergraduate,61.48,66.46,Zooniverse,Ecology,0.479,4.979999999999997,False
V01460,P046,21,10,Secondary,51.96,62.35,Galaxy_Zoo,Astronomy,0.399,10.39,False
V01461,P124,1,4,Teacher,60.04,68.1,Galaxy_Zoo,Public_Health,0.336,8.059999999999995,False
V01462,P059,14,6,Undergraduate,62.33,70.0,Zooniverse,Biodiversity,0.462,7.670000000000002,False
V01463,P256,11,11,Graduate,71.11,77.44,SciStarter,Astronomy,0.408,6.329999999999998,False
V01464,P197,13,16,Self-taught,74.47,82.83,Zooniverse,Ecology,0.387,8.36,True
V01465,P092,11,16,Undergraduate,59.68,64.83,eBird,Public_Health,0.782,5.149999999999999,True
V01466,P147,6,9,Self-taught,63.0,68.52,Galaxy_Zoo,Biochemistry,0.351,5.519999999999996,False
V01467,P190,6,22,Self-taught,72.83,84.35,iNaturalist,Astronomy,0.721,11.519999999999996,True
V01468,P227,2,24,Graduate,74.71,85.98,Zooniverse,Public_Health,0.458,11.27000000000001,True
V01469,P027,13,7,Graduate,68.95,75.59,iNaturalist,Astronomy,0.526,6.640000000000001,False
V01470,P009,38,23,Secondary,69.05,78.35,iNaturalist,Astronomy,0.507,9.299999999999997,True
V01471,P034,26,11,Teacher,72.64,82.08,eBird,Public_Health,0.782,9.439999999999998,False
V01472,P107,5,14,Teacher,60.28,72.75,iNaturalist,Ecology,0.511,12.469999999999999,True
V01473,P130,18,6,Undergraduate,67.13,73.12,iNaturalist,Climate,0.557,5.990000000000009,False
V01474,P039,26,5,Undergraduate,50.89,52.52,Zooniverse,Biochemistry,0.365,1.6300000000000026,False
V01475,P112,9,12,Secondary,54.94,58.88,iNaturalist,Biochemistry,0.384,3.940000000000005,True
V01476,P121,6,3,Undergraduate,88.45,90.39,Galaxy_Zoo,Biochemistry,0.31,1.9399999999999977,False
V01477,P034,31,15,Teacher,66.26,78.77,eBird,Public_Health,0.782,12.509999999999991,True
V01478,P269,8,16,Secondary,51.27,61.88,Zooniverse,Biochemistry,0.374,10.61,True
V01479,P166,5,4,Undergraduate,66.56,70.99,Foldit,Public_Health,0.414,4.429999999999993,False
V01480,P107,10,17,Undergraduate,60.35,68.63,iNaturalist,Ecology,0.511,8.279999999999994,True
V01481,P143,7,17,Graduate,59.67,64.09,Zooniverse,Public_Health,0.442,4.420000000000002,True
V01482,P086,6,6,Graduate,68.16,78.97,SciStarter,Astronomy,0.322,10.810000000000002,False
V01483,P248,2,13,Undergraduate,74.84,79.51,iNaturalist,Biodiversity,0.604,4.670000000000002,True
V01484,P160,5,14,Teacher,57.56,62.71,eBird,Climate,0.758,5.149999999999999,True
V01485,P138,19,2,Undergraduate,68.05,75.09,iNaturalist,Biochemistry,0.422,7.040000000000006,False
V01486,P265,7,9,Secondary,58.1,63.04,Zooniverse,Ecology,0.494,4.939999999999998,False
V01487,P243,15,13,Undergraduate,83.75,90.14,SciStarter,Ecology,0.524,6.390000000000001,True
V01488,P235,2,32,Undergraduate,63.94,75.37,Foldit,Biochemistry,0.482,11.430000000000007,True
V01489,P064,5,7,Undergraduate,50.98,58.3,SciStarter,Ecology,0.388,7.32,False
V01490,P045,30,11,Self-taught,57.8,64.61,eBird,Ecology,0.63,6.810000000000002,False
V01491,P196,66,4,Self-taught,73.56,80.4,Foldit,Biodiversity,0.531,6.840000000000003,False
V01492,P130,3,22,Secondary,59.0,65.66,iNaturalist,Climate,0.557,6.659999999999997,True
V01493,P194,17,14,Undergraduate,53.79,60.96,eBird,Ecology,0.57,7.170000000000002,True
V01494,P219,11,5,Self-taught,45.6,56.19,Foldit,Climate,0.559,10.589999999999996,False
V01495,P081,1,5,Self-taught,52.45,55.08,Foldit,Ecology,0.312,2.6299999999999955,False
V01496,P078,4,17,Undergraduate,80.04,87.39,eBird,Ecology,0.658,7.349999999999994,True
V01497,P137,20,16,Undergraduate,65.96,79.71,iNaturalist,Astronomy,0.521,13.75,True
V01498,P074,1,9,Graduate,70.01,79.77,Zooniverse,Biochemistry,0.286,9.759999999999991,False
V01499,P189,4,9,Graduate,59.13,63.49,SciStarter,Public_Health,0.533,4.359999999999999,False
V01500,P216,13,6,Secondary,57.09,65.5,iNaturalist,Climate,0.64,8.409999999999997,False
V01501,P130,11,13,Secondary,54.18,65.01,iNaturalist,Climate,0.557,10.830000000000005,True
V01502,P205,13,17,Teacher,75.25,84.07,eBird,Biodiversity,0.846,8.819999999999993,True
V01503,P143,1,11,Self-taught,58.63,61.05,Zooniverse,Public_Health,0.442,2.4199999999999946,False
V01504,P201,14,7,Undergraduate,62.91,68.28,eBird,Biodiversity,0.592,5.3700000000000045,False
V01505,P064,6,12,Secondary,50.49,53.45,SciStarter,Ecology,0.388,2.960000000000001,True
V01506,P212,9,6,Undergraduate,49.46,57.51,Galaxy_Zoo,Biochemistry,0.501,8.049999999999997,False
V01507,P202,22,4,Self-taught,57.18,63.36,SciStarter,Biodiversity,0.455,6.18,False
V01508,P073,8,14,Undergraduate,74.27,82.93,SciStarter,Biodiversity,0.534,8.66000000000001,True
V01509,P154,2,12,Secondary,57.46,64.97,eBird,Biodiversity,0.66,7.509999999999998,True
V01510,P249,6,11,Graduate,76.93,84.06,Galaxy_Zoo,Climate,0.421,7.1299999999999955,False
V01511,P068,24,9,Self-taught,55.97,61.5,iNaturalist,Biodiversity,0.585,5.530000000000001,False
V01512,P210,27,13,Secondary,49.26,59.36,Galaxy_Zoo,Astronomy,0.329,10.100000000000001,True
V01513,P282,10,6,Self-taught,47.8,54.81,iNaturalist,Climate,0.443,7.010000000000005,False
V01514,P252,1,5,Graduate,69.68,74.3,Galaxy_Zoo,Ecology,0.446,4.61999999999999,False
V01515,P108,6,10,Undergraduate,57.86,64.34,Zooniverse,Public_Health,0.423,6.480000000000004,False
V01516,P170,2,6,Undergraduate,57.99,59.78,Zooniverse,Biochemistry,0.478,1.7899999999999991,False
V01517,P294,3,2,Teacher,67.59,68.13,iNaturalist,Ecology,0.441,0.539999999999992,False
V01518,P157,4,12,Secondary,46.16,49.67,Galaxy_Zoo,Ecology,0.421,3.510000000000005,True
V01519,P034,13,9,Secondary,56.58,61.28,eBird,Public_Health,0.782,4.700000000000003,False
V01520,P016,7,18,Undergraduate,66.43,79.47,eBird,Biochemistry,0.627,13.039999999999992,True
V01521,P228,16,23,Graduate,66.96,75.64,iNaturalist,Biochemistry,0.562,8.680000000000007,True
V01522,P116,14,8,Secondary,45.34,50.75,Zooniverse,Public_Health,0.39,5.409999999999997,False
V01523,P068,47,16,Undergraduate,59.53,67.84,iNaturalist,Biodiversity,0.585,8.310000000000002,True
V01524,P095,3,12,Secondary,40.95,47.72,eBird,Public_Health,0.512,6.769999999999996,True
V01525,P218,13,2,Secondary,58.07,64.55,SciStarter,Astronomy,0.382,6.479999999999997,False
V01526,P130,4,9,Secondary,38.95,49.89,iNaturalist,Climate,0.557,10.939999999999998,False
V01527,P252,9,3,Graduate,79.57,82.2,Galaxy_Zoo,Ecology,0.446,2.6300000000000097,False
V01528,P210,19,7,Undergraduate,43.75,50.8,Galaxy_Zoo,Astronomy,0.329,7.049999999999997,False
V01529,P288,31,17,Undergraduate,71.72,83.22,eBird,Astronomy,0.587,11.5,True
V01530,P258,19,3,Undergraduate,72.54,74.03,Galaxy_Zoo,Ecology,0.315,1.4899999999999949,False
V01531,P070,8,16,Secondary,52.88,61.27,eBird,Biodiversity,0.641,8.39,True
V01532,P185,8,8,Undergraduate,52.29,58.56,eBird,Biochemistry,0.708,6.270000000000003,False
V01533,P008,2,11,Undergraduate,60.32,66.8,Galaxy_Zoo,Public_Health,0.428,6.479999999999997,False
V01534,P294,3,7,Secondary,52.7,58.71,iNaturalist,Ecology,0.441,6.009999999999998,False
V01535,P071,5,11,Secondary,69.09,78.35,eBird,Public_Health,0.51,9.259999999999991,False
V01536,P187,37,7,Self-taught,55.87,62.64,Galaxy_Zoo,Biochemistry,0.294,6.770000000000003,False
V01537,P247,10,7,Teacher,64.58,64.89,SciStarter,Biodiversity,0.442,0.3100000000000023,False
V01538,P047,8,7,Undergraduate,70.83,75.42,eBird,Public_Health,0.734,4.590000000000003,False
V01539,P246,16,12,Graduate,81.12,85.32,Foldit,Biochemistry,0.577,4.199999999999989,True
V01540,P005,6,5,Undergraduate,72.2,76.72,Zooniverse,Public_Health,0.414,4.519999999999996,False
V01541,P121,2,23,Undergraduate,63.04,74.14,Galaxy_Zoo,Biochemistry,0.31,11.100000000000001,True
V01542,P130,11,5,Graduate,85.67,94.8,iNaturalist,Climate,0.557,9.129999999999995,False
V01543,P102,44,8,Secondary,50.12,50.39,Galaxy_Zoo,Ecology,0.373,0.2700000000000031,False
V01544,P163,17,12,Undergraduate,44.02,57.26,iNaturalist,Biodiversity,0.6,13.239999999999995,True
V01545,P268,22,5,Undergraduate,66.15,67.77,Galaxy_Zoo,Climate,0.302,1.6199999999999903,False
V01546,P091,5,10,Undergraduate,60.82,69.21,eBird,Biochemistry,0.558,8.389999999999993,False
V01547,P160,21,6,Graduate,54.53,63.57,eBird,Climate,0.758,9.04,False
V01548,P256,8,10,Teacher,64.39,69.01,SciStarter,Astronomy,0.408,4.6200000000000045,False
V01549,P225,16,9,Self-taught,61.69,65.26,eBird,Public_Health,0.583,3.5700000000000074,False
V01550,P015,16,8,Self-taught,53.51,55.72,Foldit,Astronomy,0.477,2.210000000000001,False
V01551,P281,4,11,Secondary,43.72,47.95,iNaturalist,Astronomy,0.497,4.230000000000004,False
V01552,P017,32,5,Graduate,62.99,66.92,Galaxy_Zoo,Climate,0.448,3.9299999999999997,False
V01553,P163,4,7,Graduate,71.14,77.57,iNaturalist,Biodiversity,0.6,6.429999999999993,False
V01554,P160,10,16,Self-taught,50.4,56.96,eBird,Climate,0.758,6.560000000000002,True
V01555,P228,4,12,Undergraduate,63.19,68.54,iNaturalist,Biochemistry,0.562,5.3500000000000085,True
V01556,P045,10,8,Undergraduate,59.87,65.4,eBird,Ecology,0.63,5.530000000000008,False
V01557,P050,14,10,Undergraduate,68.45,70.15,Galaxy_Zoo,Biodiversity,0.435,1.7000000000000028,False
V01558,P217,35,4,Undergraduate,71.15,78.4,Galaxy_Zoo,Astronomy,0.498,7.25,False
V01559,P045,8,18,Undergraduate,53.98,61.43,eBird,Ecology,0.63,7.450000000000003,True
V01560,P130,23,6,Undergraduate,54.33,60.0,iNaturalist,Climate,0.557,5.670000000000002,False
V01561,P209,8,8,Teacher,78.56,84.37,Zooniverse,Ecology,0.416,5.810000000000002,False
V01562,P183,10,9,Undergraduate,53.97,54.26,eBird,Biodiversity,0.553,0.28999999999999915,False
V01563,P061,7,9,Secondary,61.61,69.94,Zooniverse,Public_Health,0.445,8.329999999999998,False
V01564,P085,8,7,Secondary,36.07,48.33,iNaturalist,Biochemistry,0.542,12.259999999999998,False
V01565,P287,13,15,Self-taught,39.31,46.05,Zooniverse,Astronomy,0.507,6.739999999999995,True
V01566,P124,26,5,Secondary,43.55,49.17,Galaxy_Zoo,Public_Health,0.336,5.6200000000000045,False
V01567,P016,9,16,Secondary,53.33,63.48,eBird,Biochemistry,0.627,10.149999999999999,True
V01568,P063,4,9,Self-taught,52.68,61.12,iNaturalist,Biodiversity,0.65,8.439999999999998,False
V01569,P093,6,7,Graduate,73.67,78.77,Galaxy_Zoo,Climate,0.394,5.099999999999994,False
V01570,P300,1,5,Self-taught,64.58,68.07,Galaxy_Zoo,Climate,0.375,3.489999999999995,False
V01571,P085,2,7,Secondary,59.48,70.92,iNaturalist,Biochemistry,0.542,11.440000000000005,False
V01572,P009,15,3,Secondary,48.06,55.15,iNaturalist,Astronomy,0.507,7.089999999999996,False
V01573,P143,3,5,Graduate,68.76,71.87,Zooniverse,Public_Health,0.442,3.1099999999999994,False
V01574,P028,7,14,Graduate,56.02,61.86,Zooniverse,Biodiversity,0.452,5.839999999999996,True
V01575,P074,1,8,Secondary,55.23,62.64,Zooniverse,Biochemistry,0.286,7.410000000000004,False
V01576,P295,16,6,Undergraduate,59.77,68.44,SciStarter,Climate,0.448,8.669999999999995,False
V01577,P199,1,3,Undergraduate,39.56,44.13,Galaxy_Zoo,Biodiversity,0.383,4.57,False
V01578,P017,2,12,Undergraduate,64.73,70.99,Galaxy_Zoo,Climate,0.448,6.259999999999991,True
V01579,P124,12,9,Secondary,47.93,51.28,Galaxy_Zoo,Public_Health,0.336,3.3500000000000014,False
V01580,P048,24,12,Teacher,62.91,69.05,Zooniverse,Astronomy,0.437,6.140000000000001,True
V01581,P037,29,10,Undergraduate,56.94,62.31,iNaturalist,Ecology,0.562,5.3700000000000045,False
V01582,P163,25,16,Teacher,59.73,67.97,iNaturalist,Biodiversity,0.6,8.240000000000002,True
V01583,P142,23,10,Undergraduate,52.96,63.14,iNaturalist,Public_Health,0.57,10.18,False
V01584,P214,20,5,Secondary,45.21,51.61,SciStarter,Biodiversity,0.397,6.399999999999999,False
V01585,P260,8,7,Secondary,54.2,60.15,Galaxy_Zoo,Public_Health,0.426,5.949999999999996,False
V01586,P068,11,16,Undergraduate,75.73,85.16,iNaturalist,Biodiversity,0.585,9.429999999999993,True
V01587,P273,2,6,Self-taught,52.58,55.17,SciStarter,Ecology,0.481,2.5900000000000034,False
V01588,P144,18,5,Secondary,66.65,73.45,Zooniverse,Biodiversity,0.458,6.799999999999997,False
V01589,P070,16,21,Self-taught,64.48,75.64,eBird,Biodiversity,0.641,11.159999999999997,True
V01590,P246,16,6,Self-taught,57.04,62.57,Foldit,Biochemistry,0.577,5.530000000000001,False
V01591,P011,8,15,Self-taught,55.3,62.16,eBird,Public_Health,0.836,6.859999999999999,True
V01592,P155,6,6,Self-taught,62.56,69.4,Zooniverse,Climate,0.523,6.840000000000003,False
V01593,P205,14,20,Secondary,62.61,79.66,eBird,Biodiversity,0.846,17.049999999999997,True
V01594,P076,9,14,Self-taught,63.72,68.98,Zooniverse,Biochemistry,0.418,5.260000000000005,True
V01595,P251,7,5,Graduate,71.15,73.78,iNaturalist,Public_Health,0.53,2.6299999999999955,False
V01596,P066,14,2,Undergraduate,64.88,67.66,iNaturalist,Astronomy,0.531,2.780000000000001,False
V01597,P244,13,5,Secondary,59.27,63.1,Galaxy_Zoo,Astronomy,0.454,3.8299999999999983,False
V01598,P026,12,12,Undergraduate,59.63,68.69,Galaxy_Zoo,Biodiversity,0.294,9.059999999999995,True
V01599,P047,9,20,Self-taught,62.5,72.79,eBird,Public_Health,0.734,10.290000000000006,True
V01600,P104,45,10,Self-taught,41.85,50.2,eBird,Climate,0.621,8.350000000000001,False
V01601,P248,14,19,Secondary,50.86,58.36,iNaturalist,Biodiversity,0.604,7.5,True
V01602,P043,13,11,Self-taught,56.3,63.01,iNaturalist,Climate,0.729,6.710000000000001,False
V01603,P256,10,15,Teacher,76.3,87.34,SciStarter,Astronomy,0.408,11.040000000000006,True
V01604,P065,45,21,Secondary,44.17,51.57,eBird,Biodiversity,0.645,7.399999999999999,True
V01605,P125,1,15,Secondary,51.18,55.25,Zooniverse,Biochemistry,0.488,4.07,True
V01606,P096,11,3,Secondary,48.4,52.2,iNaturalist,Biochemistry,0.473,3.8000000000000043,False
V01607,P036,77,7,Graduate,70.12,77.23,Zooniverse,Biodiversity,0.411,7.109999999999999,False
V01608,P281,45,9,Teacher,80.33,85.11,iNaturalist,Astronomy,0.497,4.780000000000001,False
V01609,P119,19,18,Self-taught,42.03,49.66,eBird,Climate,0.739,7.6299999999999955,True
V01610,P196,26,26,Self-taught,63.1,73.99,Foldit,Biodiversity,0.531,10.889999999999993,True
V01611,P160,1,11,Secondary,36.83,44.38,eBird,Climate,0.758,7.550000000000004,False
V01612,P141,17,11,Graduate,72.43,80.55,Zooniverse,Astronomy,0.382,8.11999999999999,False
V01613,P171,6,17,Undergraduate,54.32,62.17,eBird,Biochemistry,0.62,7.850000000000001,True
V01614,P263,1,16,Graduate,73.59,81.64,eBird,Ecology,0.699,8.049999999999997,True
V01615,P198,13,14,Secondary,67.66,75.5,eBird,Biodiversity,0.702,7.840000000000003,True
V01616,P147,2,8,Self-taught,54.43,56.14,Galaxy_Zoo,Biochemistry,0.351,1.7100000000000009,False
V01617,P181,19,12,Self-taught,54.65,65.77,Zooniverse,Astronomy,0.503,11.119999999999997,True
V01618,P170,16,5,Undergraduate,67.08,70.52,Zooniverse,Biochemistry,0.478,3.4399999999999977,False
V01619,P119,1,5,Undergraduate,66.55,71.32,eBird,Climate,0.739,4.769999999999996,False
V01620,P174,2,19,Secondary,34.45,40.08,Foldit,Astronomy,0.548,5.6299999999999955,True
V01621,P121,15,4,Undergraduate,43.68,45.9,Galaxy_Zoo,Biochemistry,0.31,2.219999999999999,False
V01622,P218,5,10,Secondary,48.93,57.59,SciStarter,Astronomy,0.382,8.660000000000004,False
V01623,P287,36,11,Graduate,66.62,69.2,Zooniverse,Astronomy,0.507,2.5799999999999983,False
V01624,P284,33,8,Undergraduate,63.24,69.35,Galaxy_Zoo,Public_Health,0.463,6.109999999999992,False
V01625,P237,26,9,Graduate,65.47,75.34,Zooniverse,Public_Health,0.556,9.870000000000005,False
V01626,P168,30,15,Secondary,51.46,58.01,SciStarter,Astronomy,0.371,6.549999999999997,True
V01627,P216,13,9,Undergraduate,64.12,70.18,iNaturalist,Climate,0.64,6.060000000000002,False
V01628,P049,22,18,Self-taught,41.01,51.23,eBird,Ecology,0.78,10.219999999999999,True
V01629,P134,27,7,Undergraduate,65.72,72.13,iNaturalist,Astronomy,0.463,6.409999999999997,False
V01630,P070,3,8,Secondary,55.38,61.91,eBird,Biodiversity,0.641,6.529999999999994,False
V01631,P001,7,4,Teacher,73.0,78.67,Zooniverse,Public_Health,0.458,5.670000000000002,False
V01632,P287,13,12,Secondary,49.27,56.65,Zooniverse,Astronomy,0.507,7.3799999999999955,True
V01633,P251,3,3,Graduate,73.12,78.26,iNaturalist,Public_Health,0.53,5.140000000000001,False
V01634,P143,2,7,Secondary,61.04,68.42,Zooniverse,Public_Health,0.442,7.380000000000003,False
V01635,P070,7,18,Undergraduate,57.5,68.59,eBird,Biodiversity,0.641,11.090000000000003,True
V01636,P197,9,10,Undergraduate,70.25,75.3,Zooniverse,Ecology,0.387,5.049999999999997,False
V01637,P119,11,4,Graduate,64.65,67.19,eBird,Climate,0.739,2.539999999999992,False
V01638,P231,1,8,Undergraduate,67.13,74.05,Foldit,Biodiversity,0.56,6.920000000000002,False
V01639,P300,19,14,Self-taught,46.6,49.12,Galaxy_Zoo,Climate,0.375,2.519999999999996,True
V01640,P095,4,22,Teacher,76.63,86.4,eBird,Public_Health,0.512,9.77000000000001,True
V01641,P068,29,6,Graduate,52.1,60.59,iNaturalist,Biodiversity,0.585,8.490000000000002,False
V01642,P073,18,7,Undergraduate,59.31,66.47,SciStarter,Biodiversity,0.534,7.159999999999997,False
V01643,P030,6,27,Self-taught,62.98,70.39,Zooniverse,Biochemistry,0.599,7.410000000000004,True
V01644,P107,7,12,Undergraduate,60.43,66.82,iNaturalist,Ecology,0.511,6.3899999999999935,True
V01645,P006,28,11,Secondary,40.48,48.83,Foldit,Ecology,0.438,8.350000000000001,False
V01646,P034,7,18,Self-taught,67.41,81.25,eBird,Public_Health,0.782,13.840000000000003,True
V01647,P074,14,12,Teacher,62.6,67.96,Zooniverse,Biochemistry,0.286,5.359999999999992,True
V01648,P047,1,12,Undergraduate,65.15,71.19,eBird,Public_Health,0.734,6.039999999999992,True
V01649,P209,4,9,Secondary,50.85,54.59,Zooniverse,Ecology,0.416,3.740000000000002,False
V01650,P033,8,4,Undergraduate,54.29,58.24,Galaxy_Zoo,Public_Health,0.158,3.950000000000003,False
V01651,P251,5,11,Undergraduate,76.38,82.06,iNaturalist,Public_Health,0.53,5.680000000000007,False
V01652,P063,10,5,Undergraduate,71.82,77.4,iNaturalist,Biodiversity,0.65,5.5800000000000125,False
V01653,P033,2,10,Undergraduate,58.57,64.98,Galaxy_Zoo,Public_Health,0.158,6.410000000000004,False
V01654,P004,8,13,Self-taught,59.26,65.82,iNaturalist,Public_Health,0.533,6.559999999999995,True
V01655,P202,6,2,Secondary,31.6,34.41,SciStarter,Biodiversity,0.455,2.809999999999995,False
V01656,P070,33,13,Self-taught,49.81,51.8,eBird,Biodiversity,0.641,1.9899999999999949,True
V01657,P143,36,13,Undergraduate,66.7,74.13,Zooniverse,Public_Health,0.442,7.429999999999993,True
V01658,P034,15,16,Secondary,44.82,51.18,eBird,Public_Health,0.782,6.359999999999999,True
V01659,P293,3,1,Undergraduate,58.18,61.77,Galaxy_Zoo,Public_Health,0.342,3.5900000000000034,False
V01660,P037,32,12,Secondary,46.03,56.12,iNaturalist,Ecology,0.562,10.089999999999996,True
V01661,P112,21,9,Self-taught,68.34,79.68,iNaturalist,Biochemistry,0.384,11.340000000000003,False
V01662,P248,1,16,Secondary,49.35,52.64,iNaturalist,Biodiversity,0.604,3.289999999999999,True
V01663,P068,6,9,Undergraduate,68.94,79.75,iNaturalist,Biodiversity,0.585,10.810000000000002,False
V01664,P073,14,8,Graduate,83.4,82.9,SciStarter,Biodiversity,0.534,-0.5,False
V01665,P233,13,13,Self-taught,50.32,62.16,eBird,Climate,0.618,11.839999999999996,True
V01666,P074,1,8,Secondary,47.27,54.37,Zooniverse,Biochemistry,0.286,7.099999999999994,False
V01667,P001,19,7,Undergraduate,76.25,84.39,Zooniverse,Public_Health,0.458,8.14,False
V01668,P117,18,4,Undergraduate,59.62,64.04,Galaxy_Zoo,Ecology,0.459,4.420000000000009,False
V01669,P005,5,15,Self-taught,69.05,75.67,Zooniverse,Public_Health,0.414,6.6200000000000045,True
V01670,P265,14,14,Self-taught,55.07,64.0,Zooniverse,Ecology,0.494,8.93,True
V01671,P180,1,23,Secondary,50.62,60.12,Zooniverse,Astronomy,0.571,9.5,True
V01672,P162,14,22,Undergraduate,62.63,74.05,iNaturalist,Ecology,0.67,11.419999999999995,True
V01673,P059,12,5,Teacher,71.24,75.95,Zooniverse,Biodiversity,0.462,4.710000000000008,False
V01674,P198,14,9,Undergraduate,58.1,65.0,eBird,Biodiversity,0.702,6.899999999999999,False
V01675,P193,6,19,Secondary,50.47,59.17,iNaturalist,Public_Health,0.535,8.700000000000003,True
V01676,P020,7,4,Secondary,43.23,43.44,Zooniverse,Public_Health,0.586,0.21000000000000085,False
V01677,P257,23,5,Undergraduate,67.71,69.34,Foldit,Astronomy,0.35,1.6300000000000097,False
V01678,P160,22,8,Secondary,31.42,37.03,eBird,Climate,0.758,5.609999999999999,False
V01679,P228,5,17,Secondary,49.53,55.61,iNaturalist,Biochemistry,0.562,6.079999999999998,True
V01680,P071,14,5,Undergraduate,54.64,58.46,eBird,Public_Health,0.51,3.8200000000000003,False
V01681,P036,31,4,Secondary,57.2,63.48,Zooniverse,Biodiversity,0.411,6.279999999999994,False
V01682,P199,7,3,Secondary,48.42,52.24,Galaxy_Zoo,Biodiversity,0.383,3.8200000000000003,False
V01683,P228,10,4,Secondary,56.79,60.73,iNaturalist,Biochemistry,0.562,3.9399999999999977,False
V01684,P105,5,17,Undergraduate,42.29,53.12,Galaxy_Zoo,Ecology,0.364,10.829999999999998,True
V01685,P009,31,8,Teacher,81.96,89.64,iNaturalist,Astronomy,0.507,7.680000000000007,False
V01686,P237,10,7,Secondary,50.45,59.55,Zooniverse,Public_Health,0.556,9.099999999999994,False
V01687,P060,77,16,Secondary,45.86,57.18,SciStarter,Ecology,0.385,11.32,True
V01688,P092,51,12,Self-taught,49.8,58.65,eBird,Public_Health,0.782,8.850000000000001,True
V01689,P175,26,5,Undergraduate,72.18,77.97,Galaxy_Zoo,Astronomy,0.482,5.789999999999992,False
V01690,P032,11,10,Undergraduate,59.16,59.91,Zooniverse,Ecology,0.365,0.75,False
V01691,P023,12,10,Teacher,56.85,61.61,Galaxy_Zoo,Biochemistry,0.348,4.759999999999998,False
V01692,P009,6,19,Teacher,61.77,78.0,iNaturalist,Astronomy,0.507,16.229999999999997,True
V01693,P269,17,10,Secondary,64.24,65.81,Zooniverse,Biochemistry,0.374,1.5700000000000074,False
V01694,P086,12,7,Undergraduate,75.4,84.25,SciStarter,Astronomy,0.322,8.849999999999994,False
V01695,P185,3,22,Graduate,64.26,73.05,eBird,Biochemistry,0.708,8.789999999999992,True
V01696,P294,8,4,Undergraduate,67.67,68.05,iNaturalist,Ecology,0.441,0.37999999999999545,False
V01697,P190,9,7,Self-taught,60.03,64.31,iNaturalist,Astronomy,0.721,4.280000000000001,False
V01698,P147,3,13,Secondary,54.88,58.34,Galaxy_Zoo,Biochemistry,0.351,3.460000000000001,True
V01699,P145,5,6,Undergraduate,63.06,66.94,Foldit,Ecology,0.458,3.8799999999999955,False
V01700,P103,23,5,Undergraduate,55.32,62.9,SciStarter,Public_Health,0.285,7.579999999999998,False
V01701,P166,1,15,Undergraduate,61.39,74.42,Foldit,Public_Health,0.414,13.030000000000001,True
V01702,P283,5,3,Undergraduate,74.41,77.91,SciStarter,Biodiversity,0.339,3.5,False
V01703,P228,5,8,Secondary,59.21,60.26,iNaturalist,Biochemistry,0.562,1.0499999999999972,False
V01704,P116,5,8,Self-taught,63.13,72.73,Zooniverse,Public_Health,0.39,9.600000000000001,False
V01705,P092,5,9,Undergraduate,67.68,77.81,eBird,Public_Health,0.782,10.129999999999995,False
V01706,P257,4,11,Secondary,48.8,50.39,Foldit,Astronomy,0.35,1.5900000000000034,False
V01707,P039,14,21,Secondary,54.5,65.14,Zooniverse,Biochemistry,0.365,10.64,True
V01708,P247,8,6,Undergraduate,55.81,57.5,SciStarter,Biodiversity,0.442,1.6899999999999977,False
V01709,P070,12,13,Self-taught,57.3,64.28,eBird,Biodiversity,0.641,6.980000000000004,True
V01710,P203,16,4,Secondary,51.25,49.86,Galaxy_Zoo,Climate,0.433,-1.3900000000000006,False
V01711,P233,22,6,Secondary,38.31,43.73,eBird,Climate,0.618,5.419999999999995,False
V01712,P133,8,11,Self-taught,54.53,62.79,iNaturalist,Climate,0.5,8.259999999999998,False
V01713,P052,6,6,Undergraduate,56.04,60.47,iNaturalist,Biodiversity,0.477,4.43,False
V01714,P245,1,13,Self-taught,54.97,63.81,iNaturalist,Biochemistry,0.631,8.840000000000003,True
V01715,P100,3,14,Undergraduate,61.09,67.46,Foldit,Ecology,0.591,6.36999999999999,True
V01716,P088,7,7,Graduate,69.5,77.56,eBird,Public_Health,0.635,8.060000000000002,False
V01717,P143,1,9,Undergraduate,57.45,63.52,Zooniverse,Public_Health,0.442,6.07,False
V01718,P119,4,13,Graduate,69.17,74.96,eBird,Climate,0.739,5.789999999999992,True
V01719,P194,5,7,Teacher,76.16,84.92,eBird,Ecology,0.57,8.760000000000005,False
V01720,P039,4,17,Self-taught,43.76,52.24,Zooniverse,Biochemistry,0.365,8.480000000000004,True
V01721,P119,7,16,Self-taught,53.74,61.03,eBird,Climate,0.739,7.289999999999999,True
V01722,P260,8,10,Undergraduate,65.21,75.46,Galaxy_Zoo,Public_Health,0.426,10.25,False
V01723,P012,14,10,Undergraduate,49.03,53.64,Zooniverse,Astronomy,0.451,4.609999999999999,False
V01724,P127,13,13,Graduate,80.69,90.63,Galaxy_Zoo,Astronomy,0.324,9.939999999999998,True
V01725,P185,8,12,Secondary,55.87,61.37,eBird,Biochemistry,0.708,5.5,True
V01726,P258,15,17,Undergraduate,63.52,69.07,Galaxy_Zoo,Ecology,0.315,5.54999999999999,True
V01727,P164,14,8,Secondary,51.17,58.28,eBird,Astronomy,0.622,7.109999999999999,False
V01728,P238,5,15,Secondary,61.9,71.39,eBird,Astronomy,0.622,9.490000000000002,True
V01729,P063,4,9,Self-taught,52.64,52.87,iNaturalist,Biodiversity,0.65,0.22999999999999687,False
V01730,P096,5,9,Undergraduate,52.53,59.5,iNaturalist,Biochemistry,0.473,6.969999999999999,False
V01731,P281,30,14,Secondary,36.69,39.96,iNaturalist,Astronomy,0.497,3.270000000000003,True
V01732,P257,4,9,Self-taught,62.59,70.25,Foldit,Astronomy,0.35,7.659999999999997,False
V01733,P154,12,17,Undergraduate,61.32,67.75,eBird,Biodiversity,0.66,6.43,True
V01734,P133,20,6,Graduate,72.64,77.31,iNaturalist,Climate,0.5,4.670000000000002,False
V01735,P125,2,4,Undergraduate,65.89,72.4,Zooniverse,Biochemistry,0.488,6.510000000000005,False
V01736,P019,11,10,Undergraduate,57.13,62.07,eBird,Biochemistry,0.526,4.939999999999998,False
V01737,P260,16,12,Undergraduate,59.27,68.78,Galaxy_Zoo,Public_Health,0.426,9.509999999999998,True
V01738,P237,21,4,Graduate,66.72,73.3,Zooniverse,Public_Health,0.556,6.579999999999998,False
V01739,P127,10,8,Graduate,76.01,79.31,Galaxy_Zoo,Astronomy,0.324,3.299999999999997,False
V01740,P075,16,8,Undergraduate,56.47,63.79,eBird,Ecology,0.652,7.32,False
V01741,P093,9,8,Undergraduate,45.96,53.09,Galaxy_Zoo,Climate,0.394,7.130000000000003,False
V01742,P037,1,5,Graduate,62.4,68.33,iNaturalist,Ecology,0.562,5.93,False
V01743,P205,20,18,Secondary,46.58,55.8,eBird,Biodiversity,0.846,9.219999999999999,True
V01744,P154,9,4,Self-taught,50.88,59.47,eBird,Biodiversity,0.66,8.589999999999996,False
V01745,P065,26,13,Undergraduate,60.73,66.61,eBird,Biodiversity,0.645,5.880000000000003,True
V01746,P173,4,15,Self-taught,51.92,60.98,eBird,Biochemistry,0.67,9.059999999999995,True
V01747,P291,3,7,Secondary,36.76,41.45,SciStarter,Astronomy,0.542,4.690000000000005,False
V01748,P036,49,20,Secondary,47.95,52.96,Zooniverse,Biodiversity,0.411,5.009999999999998,True
V01749,P127,21,6,Secondary,54.04,62.5,Galaxy_Zoo,Astronomy,0.324,8.46,False
V01750,P138,11,11,Undergraduate,58.64,68.2,iNaturalist,Biochemistry,0.422,9.560000000000002,False
V01751,P048,28,4,Undergraduate,61.31,66.32,Zooniverse,Astronomy,0.437,5.009999999999991,False
V01752,P147,1,8,Secondary,52.84,57.86,Galaxy_Zoo,Biochemistry,0.351,5.019999999999996,False
V01753,P169,5,9,Graduate,67.77,74.78,Zooniverse,Biochemistry,0.544,7.010000000000005,False
V01754,P046,2,13,Undergraduate,54.03,62.48,Galaxy_Zoo,Astronomy,0.399,8.449999999999996,True
V01755,P045,13,4,Self-taught,40.27,45.38,eBird,Ecology,0.63,5.109999999999999,False
V01756,P249,5,11,Undergraduate,70.58,76.52,Galaxy_Zoo,Climate,0.421,5.939999999999998,False
V01757,P086,19,2,Teacher,65.5,72.27,SciStarter,Astronomy,0.322,6.769999999999996,False
V01758,P176,61,11,Secondary,57.17,63.51,Foldit,Astronomy,0.641,6.339999999999996,False
V01759,P175,16,9,Undergraduate,57.16,62.84,Galaxy_Zoo,Astronomy,0.482,5.680000000000007,False
V01760,P244,16,7,Graduate,69.2,73.94,Galaxy_Zoo,Astronomy,0.454,4.739999999999995,False
V01761,P212,21,17,Graduate,71.62,85.27,Galaxy_Zoo,Biochemistry,0.501,13.649999999999991,True
V01762,P244,10,10,Graduate,57.34,63.0,Galaxy_Zoo,Astronomy,0.454,5.659999999999997,False
V01763,P174,5,5,Secondary,39.02,41.75,Foldit,Astronomy,0.548,2.729999999999997,False
V01764,P124,6,10,Undergraduate,59.92,66.61,Galaxy_Zoo,Public_Health,0.336,6.689999999999998,False
V01765,P107,19,6,Self-taught,56.23,59.18,iNaturalist,Ecology,0.511,2.950000000000003,False
V01766,P103,14,4,Secondary,46.54,49.04,SciStarter,Public_Health,0.285,2.5,False
V01767,P115,4,14,Undergraduate,56.94,64.44,eBird,Astronomy,0.676,7.5,True
V01768,P038,19,8,Undergraduate,58.44,65.78,eBird,Ecology,0.498,7.340000000000003,False
V01769,P116,11,8,Undergraduate,68.86,73.85,Zooniverse,Public_Health,0.39,4.989999999999995,False
V01770,P107,5,10,Undergraduate,79.38,86.62,iNaturalist,Ecology,0.511,7.240000000000009,False
V01771,P011,11,22,Graduate,78.77,90.08,eBird,Public_Health,0.836,11.310000000000002,True
V01772,P074,4,8,Undergraduate,73.92,76.46,Zooniverse,Biochemistry,0.286,2.539999999999992,False
V01773,P217,49,16,Undergraduate,58.73,63.69,Galaxy_Zoo,Astronomy,0.498,4.960000000000001,True
V01774,P160,11,26,Self-taught,54.36,65.42,eBird,Climate,0.758,11.060000000000002,True
V01775,P233,3,6,Undergraduate,40.16,43.78,eBird,Climate,0.618,3.6200000000000045,False
V01776,P151,11,14,Self-taught,55.9,66.16,eBird,Biodiversity,0.671,10.259999999999998,True
V01777,P248,30,7,Undergraduate,51.37,56.9,iNaturalist,Biodiversity,0.604,5.530000000000001,False
V01778,P229,9,10,Undergraduate,55.82,59.29,Galaxy_Zoo,Biodiversity,0.412,3.469999999999999,False
V01779,P031,19,13,Undergraduate,68.58,75.25,Foldit,Astronomy,0.501,6.670000000000002,True
V01780,P289,23,16,Undergraduate,61.21,70.13,Galaxy_Zoo,Biodiversity,0.468,8.919999999999995,True
V01781,P005,22,8,Graduate,81.28,88.62,Zooniverse,Public_Health,0.414,7.340000000000003,False
V01782,P165,8,6,Secondary,47.1,50.05,SciStarter,Astronomy,0.481,2.9499999999999957,False
V01783,P228,6,9,Teacher,69.74,73.91,iNaturalist,Biochemistry,0.562,4.170000000000002,False
V01784,P092,32,29,Graduate,62.24,76.74,eBird,Public_Health,0.782,14.499999999999993,True
V01785,P165,2,5,Graduate,76.38,77.14,SciStarter,Astronomy,0.481,0.7600000000000051,False
V01786,P099,23,1,Secondary,48.95,48.41,iNaturalist,Astronomy,0.335,-0.5400000000000063,False
V01787,P020,6,4,Undergraduate,60.95,65.76,Zooniverse,Public_Health,0.586,4.810000000000002,False
V01788,P004,8,9,Teacher,69.4,76.79,iNaturalist,Public_Health,0.533,7.390000000000001,False
V01789,P030,2,12,Secondary,41.45,46.52,Zooniverse,Biochemistry,0.599,5.07,True
V01790,P031,2,7,Undergraduate,59.97,67.16,Foldit,Astronomy,0.501,7.189999999999998,False
V01791,P171,7,8,Undergraduate,43.13,50.16,eBird,Biochemistry,0.62,7.029999999999994,False
V01792,P147,12,11,Undergraduate,73.96,78.97,Galaxy_Zoo,Biochemistry,0.351,5.010000000000005,False
V01793,P127,53,6,Graduate,74.23,78.35,Galaxy_Zoo,Astronomy,0.324,4.11999999999999,False
V01794,P197,1,5,Undergraduate,61.92,71.73,Zooniverse,Ecology,0.387,9.810000000000002,False
V01795,P006,6,9,Self-taught,69.0,77.35,Foldit,Ecology,0.438,8.349999999999994,False
V01796,P074,9,11,Secondary,46.74,49.74,Zooniverse,Biochemistry,0.286,3.0,False
V01797,P225,5,14,Undergraduate,50.43,57.36,eBird,Public_Health,0.583,6.93,True
V01798,P265,16,7,Graduate,74.23,77.64,Zooniverse,Ecology,0.494,3.4099999999999966,False
V01799,P119,2,12,Undergraduate,68.52,76.49,eBird,Climate,0.739,7.969999999999999,True
V01800,P027,23,7,Undergraduate,65.87,68.59,iNaturalist,Astronomy,0.526,2.719999999999999,False
V01801,P230,2,13,Undergraduate,55.06,63.46,eBird,Climate,0.585,8.399999999999999,True
V01802,P257,19,11,Secondary,48.75,52.57,Foldit,Astronomy,0.35,3.8200000000000003,False
V01803,P113,35,16,Graduate,67.61,75.7,Zooniverse,Biodiversity,0.53,8.090000000000003,True
V01804,P068,27,4,Undergraduate,59.19,63.25,iNaturalist,Biodiversity,0.585,4.060000000000002,False
V01805,P016,5,16,Teacher,56.71,67.47,eBird,Biochemistry,0.627,10.759999999999998,True
V01806,P164,64,7,Graduate,72.68,81.32,eBird,Astronomy,0.622,8.639999999999986,False
V01807,P265,23,6,Self-taught,43.16,47.46,Zooniverse,Ecology,0.494,4.300000000000004,False
V01808,P193,12,4,Undergraduate,48.41,50.99,iNaturalist,Public_Health,0.535,2.5800000000000054,False
V01809,P088,4,13,Undergraduate,73.27,79.46,eBird,Public_Health,0.635,6.189999999999998,True
V01810,P180,33,10,Undergraduate,49.77,59.22,Zooniverse,Astronomy,0.571,9.449999999999996,False
V01811,P240,32,2,Self-taught,47.61,49.2,Zooniverse,Biochemistry,0.343,1.5900000000000034,False
V01812,P133,14,18,Undergraduate,66.13,75.42,iNaturalist,Climate,0.5,9.290000000000006,True
V01813,P237,24,9,Secondary,58.43,64.92,Zooniverse,Public_Health,0.556,6.490000000000002,False
V01814,P107,10,11,Undergraduate,75.87,81.01,iNaturalist,Ecology,0.511,5.140000000000001,False
V01815,P095,7,14,Self-taught,60.81,68.22,eBird,Public_Health,0.512,7.409999999999997,True
V01816,P162,26,8,Graduate,65.35,71.76,iNaturalist,Ecology,0.67,6.410000000000011,False
V01817,P129,4,7,Undergraduate,57.0,66.22,Zooniverse,Biodiversity,0.456,9.219999999999999,False
V01818,P289,20,6,Self-taught,56.81,58.15,Galaxy_Zoo,Biodiversity,0.468,1.3399999999999963,False
V01819,P144,27,5,Teacher,65.56,68.09,Zooniverse,Biodiversity,0.458,2.530000000000001,False
V01820,P104,46,14,Undergraduate,54.92,63.46,eBird,Climate,0.621,8.54,True
V01821,P107,4,6,Secondary,53.05,58.06,iNaturalist,Ecology,0.511,5.010000000000005,False
V01822,P151,3,9,Teacher,69.64,76.5,eBird,Biodiversity,0.671,6.859999999999999,False
V01823,P097,15,19,Secondary,46.84,51.71,iNaturalist,Astronomy,0.474,4.869999999999997,True
V01824,P205,5,13,Self-taught,54.34,62.91,eBird,Biodiversity,0.846,8.569999999999993,True
V01825,P104,77,19,Secondary,50.02,55.53,eBird,Climate,0.621,5.509999999999998,True
V01826,P104,42,6,Graduate,73.32,80.07,eBird,Climate,0.621,6.75,False
V01827,P171,2,13,Undergraduate,57.24,61.89,eBird,Biochemistry,0.62,4.649999999999999,True
V01828,P020,4,8,Graduate,73.47,74.41,Zooniverse,Public_Health,0.586,0.9399999999999977,False
V01829,P185,3,8,Undergraduate,46.61,55.44,eBird,Biochemistry,0.708,8.829999999999998,False
V01830,P142,19,10,Teacher,66.87,78.22,iNaturalist,Public_Health,0.57,11.349999999999994,False
V01831,P125,2,5,Self-taught,64.45,67.26,Zooniverse,Biochemistry,0.488,2.8100000000000023,False
V01832,P204,5,15,Undergraduate,80.06,88.77,eBird,Astronomy,0.612,8.709999999999994,True
V01833,P219,23,1,Undergraduate,59.84,67.38,Foldit,Climate,0.559,7.539999999999992,False
V01834,P246,22,11,Secondary,47.19,55.65,Foldit,Biochemistry,0.577,8.46,False
V01835,P102,29,8,Undergraduate,64.16,76.34,Galaxy_Zoo,Ecology,0.373,12.180000000000007,False
V01836,P091,31,4,Undergraduate,69.08,70.49,eBird,Biochemistry,0.558,1.4099999999999966,False
V01837,P202,17,13,Graduate,71.1,78.47,SciStarter,Biodiversity,0.455,7.3700000000000045,True
V01838,P161,3,6,Secondary,52.24,59.58,Foldit,Ecology,0.41,7.339999999999996,False
V01839,P176,6,13,Graduate,71.33,78.82,Foldit,Astronomy,0.641,7.489999999999995,True
V01840,P154,8,14,Secondary,55.79,63.32,eBird,Biodiversity,0.66,7.530000000000001,True
V01841,P225,3,5,Teacher,68.03,65.95,eBird,Public_Health,0.583,-2.0799999999999983,False
V01842,P052,22,11,Graduate,61.39,66.36,iNaturalist,Biodiversity,0.477,4.969999999999999,False
V01843,P154,10,16,Self-taught,55.69,60.93,eBird,Biodiversity,0.66,5.240000000000002,True
V01844,P047,13,21,Secondary,46.52,55.91,eBird,Public_Health,0.734,9.389999999999993,True
V01845,P112,20,12,Undergraduate,59.18,65.72,iNaturalist,Biochemistry,0.384,6.539999999999999,True
V01846,P187,9,3,Self-taught,60.0,67.2,Galaxy_Zoo,Biochemistry,0.294,7.200000000000003,False
V01847,P138,14,9,Undergraduate,57.73,66.57,iNaturalist,Biochemistry,0.422,8.839999999999996,False
V01848,P103,9,7,Graduate,72.01,82.12,SciStarter,Public_Health,0.285,10.11,False
V01849,P257,21,15,Graduate,70.67,76.95,Foldit,Astronomy,0.35,6.280000000000001,True
V01850,P225,10,24,Secondary,58.47,66.39,eBird,Public_Health,0.583,7.920000000000002,True
V01851,P147,5,5,Undergraduate,54.85,56.92,Galaxy_Zoo,Biochemistry,0.351,2.0700000000000003,False
V01852,P282,42,21,Secondary,40.68,53.06,iNaturalist,Climate,0.443,12.380000000000003,True
V01853,P116,2,11,Secondary,44.87,54.62,Zooniverse,Public_Health,0.39,9.75,False
V01854,P228,3,6,Self-taught,52.02,51.78,iNaturalist,Biochemistry,0.562,-0.240000000000002,False
V01855,P048,17,7,Undergraduate,58.52,68.01,Zooniverse,Astronomy,0.437,9.490000000000002,False
V01856,P078,18,11,Self-taught,58.69,61.6,eBird,Ecology,0.658,2.9100000000000037,False
V01857,P092,15,13,Secondary,41.02,47.62,eBird,Public_Health,0.782,6.599999999999994,True
V01858,P033,4,4,Graduate,72.61,77.1,Galaxy_Zoo,Public_Health,0.158,4.489999999999995,False
V01859,P142,1,15,Undergraduate,65.48,72.97,iNaturalist,Public_Health,0.57,7.489999999999995,True
V01860,P052,5,3,Teacher,70.42,72.55,iNaturalist,Biodiversity,0.477,2.1299999999999955,False
V01861,P177,2,3,Self-taught,73.08,76.54,Galaxy_Zoo,Public_Health,0.257,3.460000000000008,False
V01862,P052,24,7,Secondary,46.73,51.24,iNaturalist,Biodiversity,0.477,4.510000000000005,False
V01863,P037,11,18,Self-taught,57.67,68.3,iNaturalist,Ecology,0.562,10.629999999999995,True
V01864,P287,28,5,Secondary,43.39,49.63,Zooniverse,Astronomy,0.507,6.240000000000002,False
V01865,P185,5,12,Secondary,46.71,51.4,eBird,Biochemistry,0.708,4.689999999999998,True
V01866,P279,8,6,Undergraduate,67.8,73.82,eBird,Public_Health,0.603,6.019999999999996,False
V01867,P137,32,8,Undergraduate,67.68,74.7,iNaturalist,Astronomy,0.521,7.019999999999996,False
V01868,P011,6,22,Graduate,66.34,77.29,eBird,Public_Health,0.836,10.950000000000003,True
V01869,P160,5,17,Self-taught,38.8,46.42,eBird,Climate,0.758,7.6200000000000045,True
V01870,P154,6,17,Secondary,53.98,59.32,eBird,Biodiversity,0.66,5.340000000000003,True
V01871,P005,2,8,Secondary,49.07,54.41,Zooniverse,Public_Health,0.414,5.339999999999996,False
V01872,P250,11,8,Undergraduate,42.24,49.13,iNaturalist,Climate,0.574,6.890000000000001,False
V01873,P172,23,7,Graduate,61.97,67.62,Galaxy_Zoo,Climate,0.392,5.650000000000006,False
V01874,P214,3,7,Secondary,41.23,46.96,SciStarter,Biodiversity,0.397,5.730000000000004,False
V01875,P138,32,13,Graduate,64.05,73.29,iNaturalist,Biochemistry,0.422,9.240000000000009,True
V01876,P172,5,8,Teacher,79.18,86.09,Galaxy_Zoo,Climate,0.392,6.909999999999997,False
V01877,P070,27,25,Secondary,58.9,67.84,eBird,Biodiversity,0.641,8.940000000000005,True
V01878,P288,15,15,Undergraduate,57.08,61.61,eBird,Astronomy,0.587,4.530000000000001,True
V01879,P108,4,7,Teacher,70.39,77.38,Zooniverse,Public_Health,0.423,6.989999999999995,False
V01880,P047,1,6,Secondary,48.6,52.46,eBird,Public_Health,0.734,3.8599999999999994,False
V01881,P018,5,10,Undergraduate,58.48,70.99,Zooniverse,Biochemistry,0.451,12.509999999999998,False
V01882,P178,16,9,Undergraduate,70.72,76.48,Foldit,Biodiversity,0.603,5.760000000000005,False
V01883,P292,3,30,Graduate,72.65,85.7,eBird,Ecology,0.601,13.049999999999997,True
V01884,P262,5,15,Graduate,62.22,70.3,Foldit,Biochemistry,0.589,8.079999999999998,True
V01885,P199,4,10,Secondary,51.13,55.57,Galaxy_Zoo,Biodiversity,0.383,4.439999999999998,False
V01886,P294,4,2,Undergraduate,58.0,62.37,iNaturalist,Ecology,0.441,4.369999999999997,False
V01887,P205,8,8,Undergraduate,57.54,60.96,eBird,Biodiversity,0.846,3.4200000000000017,False
V01888,P092,7,10,Undergraduate,79.21,89.3,eBird,Public_Health,0.782,10.090000000000003,False
V01889,P168,14,2,Secondary,44.75,45.42,SciStarter,Astronomy,0.371,0.6700000000000017,False
V01890,P027,8,7,Teacher,71.78,73.42,iNaturalist,Astronomy,0.526,1.6400000000000006,False
V01891,P063,37,11,Self-taught,49.18,55.38,iNaturalist,Biodiversity,0.65,6.200000000000003,False
V01892,P115,35,9,Secondary,50.36,54.59,eBird,Astronomy,0.676,4.230000000000004,False
V01893,P059,4,6,Undergraduate,64.36,71.09,Zooniverse,Biodiversity,0.462,6.730000000000004,False
V01894,P282,1,2,Undergraduate,62.87,62.72,iNaturalist,Climate,0.443,-0.14999999999999858,False
V01895,P296,18,4,Undergraduate,47.88,54.46,Zooniverse,Climate,0.401,6.579999999999998,False
V01896,P102,14,4,Self-taught,51.21,57.0,Galaxy_Zoo,Ecology,0.373,5.789999999999999,False
V01897,P201,5,26,Undergraduate,65.44,74.93,eBird,Biodiversity,0.592,9.490000000000009,True
V01898,P112,12,8,Graduate,86.1,92.89,iNaturalist,Biochemistry,0.384,6.790000000000006,False
V01899,P040,11,18,Self-taught,55.38,70.6,Zooniverse,Biodiversity,0.563,15.219999999999992,True
V01900,P092,14,6,Self-taught,55.37,61.69,eBird,Public_Health,0.782,6.32,False
V01901,P065,17,14,Teacher,72.29,81.52,eBird,Biodiversity,0.645,9.22999999999999,True
V01902,P091,17,7,Graduate,61.18,71.22,eBird,Biochemistry,0.558,10.04,False
V01903,P062,12,13,Graduate,85.42,94.5,SciStarter,Biochemistry,0.407,9.079999999999998,True
V01904,P034,28,9,Self-taught,56.21,60.33,eBird,Public_Health,0.782,4.119999999999997,False
V01905,P063,14,14,Secondary,56.41,72.05,iNaturalist,Biodiversity,0.65,15.64,True
V01906,P264,7,10,Self-taught,62.32,65.82,Zooniverse,Biodiversity,0.4,3.499999999999993,False
V01907,P028,7,14,Undergraduate,69.68,76.27,Zooniverse,Biodiversity,0.452,6.589999999999989,True
V01908,P090,4,6,Undergraduate,69.75,73.66,Foldit,Ecology,0.56,3.9099999999999966,False
V01909,P147,9,9,Undergraduate,51.78,52.2,Galaxy_Zoo,Biochemistry,0.351,0.4200000000000017,False
V01910,P097,18,14,Undergraduate,58.67,68.56,iNaturalist,Astronomy,0.474,9.89,True
V01911,P144,16,5,Secondary,48.21,49.95,Zooniverse,Biodiversity,0.458,1.740000000000002,False
V01912,P016,14,18,Graduate,83.16,91.66,eBird,Biochemistry,0.627,8.5,True
V01913,P182,12,11,Self-taught,57.55,66.8,Foldit,Astronomy,0.567,9.25,False
V01914,P156,14,20,Teacher,71.97,83.11,eBird,Biochemistry,0.544,11.14,True
V01915,P194,16,11,Self-taught,57.94,69.45,eBird,Ecology,0.57,11.510000000000005,False
V01916,P157,1,14,Teacher,61.8,69.43,Galaxy_Zoo,Ecology,0.421,7.63000000000001,True
V01917,P119,5,13,Graduate,65.04,74.07,eBird,Climate,0.739,9.029999999999987,True
V01918,P096,39,6,Undergraduate,62.96,68.56,iNaturalist,Biochemistry,0.473,5.600000000000001,False
V01919,P065,6,14,Secondary,39.14,44.43,eBird,Biodiversity,0.645,5.289999999999999,True
V01920,P141,23,11,Secondary,43.94,53.58,Zooniverse,Astronomy,0.382,9.64,False
V01921,P009,8,14,Graduate,69.5,74.66,iNaturalist,Astronomy,0.507,5.159999999999997,True
V01922,P091,1,14,Graduate,62.98,70.61,eBird,Biochemistry,0.558,7.630000000000003,True
V01923,P193,11,9,Graduate,90.42,95.69,iNaturalist,Public_Health,0.535,5.269999999999996,False
V01924,P033,3,5,Self-taught,44.89,47.62,Galaxy_Zoo,Public_Health,0.158,2.729999999999997,False
V01925,P020,7,14,Graduate,67.49,76.42,Zooniverse,Public_Health,0.586,8.930000000000007,True
V01926,P183,17,14,Undergraduate,64.16,71.05,eBird,Biodiversity,0.553,6.890000000000001,True
V01927,P107,8,12,Graduate,69.31,76.26,iNaturalist,Ecology,0.511,6.950000000000003,True
V01928,P230,6,7,Undergraduate,62.37,67.14,eBird,Climate,0.585,4.770000000000003,False
V01929,P279,8,8,Self-taught,70.7,72.64,eBird,Public_Health,0.603,1.9399999999999977,False
V01930,P283,17,9,Secondary,52.28,59.36,SciStarter,Biodiversity,0.339,7.079999999999998,False
V01931,P116,15,5,Graduate,54.99,59.14,Zooniverse,Public_Health,0.39,4.149999999999999,False
V01932,P072,16,6,Undergraduate,66.04,71.08,Zooniverse,Astronomy,0.411,5.039999999999992,False
V01933,P170,8,24,Undergraduate,62.91,70.11,Zooniverse,Biochemistry,0.478,7.200000000000003,True
V01934,P175,10,6,Secondary,48.23,54.4,Galaxy_Zoo,Astronomy,0.482,6.170000000000002,False
V01935,P173,9,7,Secondary,59.11,66.24,eBird,Biochemistry,0.67,7.1299999999999955,False
V01936,P089,55,5,Secondary,42.12,47.14,Zooniverse,Astronomy,0.441,5.020000000000003,False
V01937,P020,3,15,Undergraduate,65.34,74.95,Zooniverse,Public_Health,0.586,9.61,True
V01938,P061,15,11,Undergraduate,67.82,75.64,Zooniverse,Public_Health,0.445,7.820000000000007,False
V01939,P045,27,16,Secondary,54.7,64.21,eBird,Ecology,0.63,9.509999999999991,True
V01940,P037,6,17,Undergraduate,64.13,75.31,iNaturalist,Ecology,0.562,11.180000000000007,True
V01941,P274,4,4,Teacher,71.34,76.21,iNaturalist,Public_Health,0.53,4.86999999999999,False
V01942,P005,12,12,Undergraduate,75.56,84.15,Zooniverse,Public_Health,0.414,8.590000000000003,True
V01943,P169,7,16,Graduate,71.82,80.46,Zooniverse,Biochemistry,0.544,8.64,True
V01944,P281,9,6,Graduate,66.94,72.58,iNaturalist,Astronomy,0.497,5.640000000000001,False
V01945,P099,7,12,Undergraduate,52.7,60.26,iNaturalist,Astronomy,0.335,7.559999999999995,True
V01946,P147,18,9,Teacher,70.61,75.62,Galaxy_Zoo,Biochemistry,0.351,5.010000000000005,False
V01947,P198,25,6,Graduate,66.85,71.6,eBird,Biodiversity,0.702,4.75,False
V01948,P088,9,15,Secondary,43.78,53.74,eBird,Public_Health,0.635,9.96,True
V01949,P134,1,15,Secondary,44.43,54.86,iNaturalist,Astronomy,0.463,10.43,True
V01950,P236,40,13,Secondary,48.37,59.31,Zooniverse,Biodiversity,0.381,10.940000000000005,True
V01951,P214,20,2,Teacher,68.83,70.81,SciStarter,Biodiversity,0.397,1.980000000000004,False
V01952,P233,8,7,Self-taught,51.9,54.24,eBird,Climate,0.618,2.3400000000000034,False
V01953,P293,10,8,Teacher,76.28,85.96,Galaxy_Zoo,Public_Health,0.342,9.679999999999993,False
V01954,P102,29,16,Undergraduate,62.27,76.18,Galaxy_Zoo,Ecology,0.373,13.910000000000004,True
V01955,P216,15,19,Undergraduate,46.44,56.78,iNaturalist,Climate,0.64,10.340000000000003,True
V01956,P169,7,11,Undergraduate,60.48,68.72,Zooniverse,Biochemistry,0.544,8.240000000000002,False
V01957,P189,2,12,Graduate,83.74,91.77,SciStarter,Public_Health,0.533,8.030000000000001,True
V01958,P212,29,5,Secondary,60.07,68.66,Galaxy_Zoo,Biochemistry,0.501,8.589999999999996,False
V01959,P216,9,12,Undergraduate,69.17,75.82,iNaturalist,Climate,0.64,6.6499999999999915,True
V01960,P257,7,10,Undergraduate,68.84,69.41,Foldit,Astronomy,0.35,0.5699999999999932,False
V01961,P095,1,8,Undergraduate,52.67,56.85,eBird,Public_Health,0.512,4.18,False
V01962,P183,2,23,Undergraduate,49.16,62.61,eBird,Biodiversity,0.553,13.450000000000003,True
V01963,P076,7,9,Secondary,39.46,49.11,Zooniverse,Biochemistry,0.418,9.649999999999999,False
V01964,P164,6,6,Secondary,72.85,78.08,eBird,Astronomy,0.622,5.230000000000004,False
V01965,P217,4,6,Teacher,66.7,77.07,Galaxy_Zoo,Astronomy,0.498,10.36999999999999,False
V01966,P228,2,12,Undergraduate,54.2,61.35,iNaturalist,Biochemistry,0.562,7.149999999999999,True
V01967,P115,11,15,Undergraduate,57.21,69.74,eBird,Astronomy,0.676,12.529999999999994,True
V01968,P143,4,4,Teacher,62.72,71.75,Zooniverse,Public_Health,0.442,9.030000000000001,False
V01969,P092,5,13,Undergraduate,49.34,63.73,eBird,Public_Health,0.782,14.389999999999993,True
V01970,P048,31,11,Undergraduate,60.43,69.78,Zooniverse,Astronomy,0.437,9.350000000000001,False
V01971,P071,12,9,Secondary,53.01,61.28,eBird,Public_Health,0.51,8.270000000000003,False
V01972,P266,30,14,Secondary,60.3,66.37,Foldit,Ecology,0.585,6.070000000000007,True
V01973,P085,11,24,Secondary,38.58,53.21,iNaturalist,Biochemistry,0.542,14.630000000000003,True
V01974,P288,41,5,Secondary,57.02,64.59,eBird,Astronomy,0.587,7.57,False
V01975,P067,10,7,Graduate,62.31,69.38,Galaxy_Zoo,Biochemistry,0.33,7.069999999999993,False
V01976,P205,38,17,Undergraduate,48.35,58.6,eBird,Biodiversity,0.846,10.25,True
V01977,P160,4,8,Undergraduate,61.34,62.02,eBird,Climate,0.758,0.6799999999999997,False
V01978,P198,8,10,Graduate,65.37,72.14,eBird,Biodiversity,0.702,6.769999999999996,False
V01979,P181,10,5,Graduate,73.6,79.77,Zooniverse,Astronomy,0.503,6.170000000000002,False
V01980,P200,8,6,Teacher,64.0,67.54,Zooniverse,Biodiversity,0.485,3.5400000000000063,False
V01981,P264,16,6,Secondary,70.43,74.65,Zooniverse,Biodiversity,0.4,4.219999999999999,False
V01982,P156,10,11,Secondary,54.49,63.15,eBird,Biochemistry,0.544,8.659999999999997,False
V01983,P021,17,18,Secondary,58.64,70.13,SciStarter,Astronomy,0.442,11.489999999999995,True
V01984,P074,3,6,Secondary,64.46,71.41,Zooniverse,Biochemistry,0.286,6.950000000000003,False
V01985,P201,6,11,Self-taught,58.47,64.11,eBird,Biodiversity,0.592,5.640000000000001,False
V01986,P138,13,6,Teacher,73.3,85.16,iNaturalist,Biochemistry,0.422,11.86,False
V01987,P151,5,9,Secondary,42.85,43.41,eBird,Biodiversity,0.671,0.5599999999999952,False
V01988,P165,4,6,Secondary,32.6,40.08,SciStarter,Astronomy,0.481,7.479999999999997,False
V01989,P104,15,3,Secondary,58.49,61.75,eBird,Climate,0.621,3.259999999999998,False
V01990,P225,16,8,Undergraduate,61.86,67.41,eBird,Public_Health,0.583,5.549999999999997,False
V01991,P205,8,16,Secondary,52.11,56.35,eBird,Biodiversity,0.846,4.240000000000002,True
V01992,P202,11,8,Self-taught,58.65,59.69,SciStarter,Biodiversity,0.455,1.0399999999999991,False
V01993,P202,8,3,Self-taught,65.33,67.68,SciStarter,Biodiversity,0.455,2.3500000000000085,False
V01994,P259,13,9,Self-taught,56.67,62.9,eBird,Ecology,0.541,6.229999999999997,False
V01995,P165,13,14,Teacher,77.2,85.08,SciStarter,Astronomy,0.481,7.8799999999999955,True
V01996,P287,3,25,Undergraduate,40.28,49.18,Zooniverse,Astronomy,0.507,8.899999999999999,True
V01997,P036,9,10,Graduate,77.72,82.81,Zooniverse,Biodiversity,0.411,5.090000000000003,False
V01998,P176,11,17,Undergraduate,54.73,59.69,Foldit,Astronomy,0.641,4.960000000000001,True
V01999,P203,20,5,Graduate,62.06,64.31,Galaxy_Zoo,Climate,0.433,2.25,False
V02000,P133,13,3,Self-taught,63.01,67.06,iNaturalist,Climate,0.5,4.050000000000004,False
V02001,P078,6,21,Self-taught,44.53,57.86,eBird,Ecology,0.658,13.329999999999998,True
V02002,P152,17,12,Undergraduate,68.24,72.33,Foldit,Biodiversity,0.457,4.090000000000003,True
V02003,P099,9,1,Self-taught,53.82,57.22,iNaturalist,Astronomy,0.335,3.3999999999999986,False
V02004,P265,20,22,Undergraduate,49.76,61.59,Zooniverse,Ecology,0.494,11.830000000000005,True
V02005,P097,32,5,Graduate,82.39,82.44,iNaturalist,Astronomy,0.474,0.04999999999999716,False
V02006,P049,20,4,Self-taught,63.14,69.93,eBird,Ecology,0.78,6.790000000000006,False
V02007,P160,8,11,Secondary,42.12,47.92,eBird,Climate,0.758,5.800000000000004,False
V02008,P107,8,26,Graduate,77.37,90.03,iNaturalist,Ecology,0.511,12.659999999999997,True
V02009,P030,5,7,Secondary,43.4,48.86,Zooniverse,Biochemistry,0.599,5.460000000000001,False
V02010,P157,6,5,Graduate,91.48,96.46,Galaxy_Zoo,Ecology,0.421,4.97999999999999,False
V02011,P151,10,9,Graduate,71.74,78.13,eBird,Biodiversity,0.671,6.390000000000001,False
V02012,P048,7,7,Graduate,74.21,85.74,Zooniverse,Astronomy,0.437,11.530000000000001,False
V02013,P165,6,17,Self-taught,63.89,73.04,SciStarter,Astronomy,0.481,9.150000000000006,True
V02014,P157,11,7,Undergraduate,66.98,73.21,Galaxy_Zoo,Ecology,0.421,6.22999999999999,False
V02015,P225,9,13,Graduate,70.37,75.71,eBird,Public_Health,0.583,5.339999999999989,True
V02016,P099,9,12,Undergraduate,69.6,78.14,iNaturalist,Astronomy,0.335,8.540000000000006,True
V02017,P068,20,9,Graduate,74.52,80.59,iNaturalist,Biodiversity,0.585,6.070000000000007,False
V02018,P282,21,8,Graduate,76.36,82.24,iNaturalist,Climate,0.443,5.8799999999999955,False
V02019,P155,12,8,Self-taught,59.76,65.64,Zooniverse,Climate,0.523,5.880000000000003,False
V02020,P009,19,14,Secondary,45.45,52.1,iNaturalist,Astronomy,0.507,6.649999999999999,True
V02021,P237,4,16,Secondary,56.07,64.39,Zooniverse,Public_Health,0.556,8.32,True
V02022,P055,55,36,Undergraduate,60.3,76.16,Zooniverse,Biodiversity,0.508,15.86,True
V02023,P228,2,10,Secondary,35.19,42.9,iNaturalist,Biochemistry,0.562,7.710000000000001,False
V02024,P200,23,15,Self-taught,54.99,62.95,Zooniverse,Biodiversity,0.485,7.960000000000001,True
V02025,P287,8,10,Teacher,63.37,75.18,Zooniverse,Astronomy,0.507,11.81000000000001,False
V02026,P286,9,6,Graduate,76.36,81.64,Galaxy_Zoo,Biochemistry,0.416,5.280000000000001,False
V02027,P074,2,14,Undergraduate,62.58,69.76,Zooniverse,Biochemistry,0.286,7.180000000000007,True
V02028,P222,26,8,Secondary,61.11,64.8,Galaxy_Zoo,Astronomy,0.474,3.6899999999999977,False
V02029,P087,32,12,Graduate,86.96,91.85,Foldit,Astronomy,0.578,4.890000000000001,True
V02030,P175,11,7,Self-taught,54.32,61.87,Galaxy_Zoo,Astronomy,0.482,7.549999999999997,False
V02031,P165,4,13,Self-taught,66.27,73.3,SciStarter,Astronomy,0.481,7.030000000000001,True
V02032,P018,4,6,Undergraduate,53.58,60.45,Zooniverse,Biochemistry,0.451,6.8700000000000045,False
V02033,P002,21,10,Undergraduate,62.07,69.29,Galaxy_Zoo,Ecology,0.35,7.220000000000006,False
V02034,P018,20,6,Undergraduate,55.27,65.68,Zooniverse,Biochemistry,0.451,10.410000000000004,False
V02035,P037,6,9,Self-taught,49.99,64.16,iNaturalist,Ecology,0.562,14.169999999999995,False
V02036,P070,6,17,Undergraduate,65.82,78.59,eBird,Biodiversity,0.641,12.77000000000001,True
V02037,P265,12,2,Graduate,74.98,75.27,Zooniverse,Ecology,0.494,0.28999999999999204,False
V02038,P144,18,2,Secondary,43.01,43.14,Zooniverse,Biodiversity,0.458,0.13000000000000256,False
V02039,P230,8,20,Self-taught,49.19,61.49,eBird,Climate,0.585,12.300000000000004,True
V02040,P243,27,7,Undergraduate,68.04,74.98,SciStarter,Ecology,0.524,6.939999999999998,False
V02041,P210,7,7,Undergraduate,61.21,69.04,Galaxy_Zoo,Astronomy,0.329,7.830000000000005,False
V02042,P107,9,8,Secondary,48.99,57.5,iNaturalist,Ecology,0.511,8.509999999999998,False
V02043,P251,3,6,Undergraduate,47.0,55.31,iNaturalist,Public_Health,0.53,8.310000000000002,False
V02044,P213,11,9,Self-taught,58.39,66.41,SciStarter,Biochemistry,0.312,8.019999999999996,False
V02045,P214,14,4,Teacher,67.58,71.1,SciStarter,Biodiversity,0.397,3.519999999999996,False
V02046,P264,1,4,Secondary,56.76,60.27,Zooniverse,Biodiversity,0.4,3.510000000000005,False
V02047,P165,11,11,Teacher,58.16,66.31,SciStarter,Astronomy,0.481,8.150000000000006,False
V02048,P147,3,17,Self-taught,54.59,61.05,Galaxy_Zoo,Biochemistry,0.351,6.459999999999994,True
V02049,P259,10,5,Undergraduate,59.19,62.02,eBird,Ecology,0.541,2.8300000000000054,False
V02050,P126,24,16,Self-taught,49.48,59.52,eBird,Ecology,0.627,10.040000000000006,True
V02051,P234,6,4,Secondary,41.59,41.87,Foldit,Public_Health,0.558,0.27999999999999403,False
V02052,P018,12,15,Undergraduate,57.3,65.69,Zooniverse,Biochemistry,0.451,8.39,True
V02053,P001,13,8,Undergraduate,45.77,51.32,Zooniverse,Public_Health,0.458,5.549999999999997,False
V02054,P147,4,6,Secondary,36.89,45.44,Galaxy_Zoo,Biochemistry,0.351,8.549999999999997,False
V02055,P024,26,8,Secondary,37.38,40.54,Foldit,Astronomy,0.416,3.1599999999999966,False
V02056,P289,15,7,Undergraduate,66.58,69.59,Galaxy_Zoo,Biodiversity,0.468,3.010000000000005,False
V02057,P002,13,4,Graduate,82.03,89.76,Galaxy_Zoo,Ecology,0.35,7.730000000000004,False
V02058,P204,7,8,Teacher,75.36,79.02,eBird,Astronomy,0.612,3.6599999999999966,False
V02059,P068,19,7,Self-taught,59.98,67.54,iNaturalist,Biodiversity,0.585,7.560000000000009,False
V02060,P287,23,3,Graduate,78.46,80.95,Zooniverse,Astronomy,0.507,2.490000000000009,False
V02061,P104,16,18,Self-taught,67.47,74.82,eBird,Climate,0.621,7.349999999999994,True
V02062,P009,9,10,Secondary,40.88,54.13,iNaturalist,Astronomy,0.507,13.25,False
V02063,P009,30,7,Undergraduate,61.55,70.57,iNaturalist,Astronomy,0.507,9.019999999999996,False
V02064,P154,1,12,Secondary,50.57,57.69,eBird,Biodiversity,0.66,7.119999999999997,True
V02065,P293,14,8,Graduate,73.04,80.55,Galaxy_Zoo,Public_Health,0.342,7.509999999999991,False
V02066,P291,10,4,Undergraduate,73.65,78.32,SciStarter,Astronomy,0.542,4.6699999999999875,False
V02067,P092,20,9,Self-taught,60.12,64.33,eBird,Public_Health,0.782,4.210000000000001,False
V02068,P134,9,11,Graduate,75.21,84.33,iNaturalist,Astronomy,0.463,9.120000000000005,False
V02069,P032,39,29,Self-taught,49.54,61.04,Zooniverse,Ecology,0.365,11.5,True
V02070,P146,4,13,Undergraduate,57.06,62.06,SciStarter,Climate,0.581,5.0,True
V02071,P166,7,8,Secondary,42.85,47.66,Foldit,Public_Health,0.414,4.809999999999995,False
V02072,P069,5,16,Undergraduate,62.76,65.38,SciStarter,Climate,0.56,2.6199999999999974,True
V02073,P171,22,6,Self-taught,61.74,68.08,eBird,Biochemistry,0.62,6.339999999999996,False
V02074,P264,30,6,Self-taught,65.18,72.13,Zooniverse,Biodiversity,0.4,6.949999999999989,False
V02075,P001,7,9,Teacher,66.91,71.63,Zooniverse,Public_Health,0.458,4.719999999999999,False
V02076,P065,22,9,Teacher,64.36,70.88,eBird,Biodiversity,0.645,6.519999999999996,False
V02077,P061,35,12,Graduate,72.68,82.39,Zooniverse,Public_Health,0.445,9.709999999999994,True
V02078,P037,9,12,Self-taught,44.68,50.78,iNaturalist,Ecology,0.562,6.100000000000001,True
V02079,P048,28,19,Secondary,39.42,48.69,Zooniverse,Astronomy,0.437,9.269999999999996,True
V02080,P175,61,16,Teacher,62.31,65.09,Galaxy_Zoo,Astronomy,0.482,2.780000000000001,True
V02081,P033,9,5,Teacher,70.14,75.39,Galaxy_Zoo,Public_Health,0.158,5.25,False
V02082,P211,57,7,Teacher,82.1,86.29,Galaxy_Zoo,Climate,0.338,4.190000000000012,False
V02083,P258,8,7,Secondary,52.5,55.58,Galaxy_Zoo,Ecology,0.315,3.0799999999999983,False
V02084,P274,9,6,Secondary,56.21,62.13,iNaturalist,Public_Health,0.53,5.920000000000002,False
V02085,P185,11,13,Undergraduate,58.16,67.65,eBird,Biochemistry,0.708,9.490000000000009,True
V02086,P056,19,19,Secondary,46.55,53.8,iNaturalist,Public_Health,0.545,7.25,True
V02087,P028,4,16,Teacher,76.58,89.51,Zooniverse,Biodiversity,0.452,12.930000000000007,True
V02088,P065,86,12,Undergraduate,67.22,79.07,eBird,Biodiversity,0.645,11.849999999999994,True
V02089,P284,39,9,Secondary,51.1,62.09,Galaxy_Zoo,Public_Health,0.463,10.990000000000002,False
V02090,P285,19,6,Self-taught,68.39,69.58,Galaxy_Zoo,Biodiversity,0.504,1.1899999999999977,False
V02091,P104,19,13,Self-taught,49.29,56.93,eBird,Climate,0.621,7.640000000000001,True
V02092,P090,15,9,Secondary,59.75,70.04,Foldit,Ecology,0.56,10.290000000000006,False
V02093,P143,7,6,Secondary,40.58,46.89,Zooniverse,Public_Health,0.442,6.310000000000002,False
V02094,P080,1,2,Self-taught,52.08,57.86,Galaxy_Zoo,Climate,0.383,5.780000000000001,False
V02095,P291,7,8,Undergraduate,66.69,70.68,SciStarter,Astronomy,0.542,3.990000000000009,False
V02096,P063,7,19,Secondary,39.64,51.97,iNaturalist,Biodiversity,0.65,12.329999999999998,True
V02097,P101,20,9,Self-taught,54.59,61.19,Galaxy_Zoo,Biodiversity,0.492,6.599999999999994,False
V02098,P118,22,18,Undergraduate,63.17,73.29,Galaxy_Zoo,Ecology,0.439,10.120000000000005,True
V02099,P037,22,15,Graduate,83.54,90.23,iNaturalist,Ecology,0.562,6.689999999999998,True
V02100,P104,21,13,Secondary,40.98,50.62,eBird,Climate,0.621,9.64,True
V02101,P249,10,3,Undergraduate,60.65,65.04,Galaxy_Zoo,Climate,0.421,4.390000000000008,False
V02102,P041,19,4,Secondary,43.27,47.8,SciStarter,Biochemistry,0.426,4.529999999999994,False
V02103,P162,29,16,Secondary,52.22,64.18,iNaturalist,Ecology,0.67,11.960000000000008,True
V02104,P111,2,11,Undergraduate,62.86,66.5,Foldit,Biochemistry,0.467,3.6400000000000006,False
V02105,P048,9,22,Undergraduate,58.99,69.65,Zooniverse,Astronomy,0.437,10.660000000000004,True
V02106,P005,8,8,Self-taught,54.63,61.54,Zooniverse,Public_Health,0.414,6.909999999999997,False
V02107,P074,4,2,Secondary,49.97,54.27,Zooniverse,Biochemistry,0.286,4.300000000000004,False
V02108,P020,6,7,Teacher,62.41,66.59,Zooniverse,Public_Health,0.586,4.180000000000007,False
V02109,P103,7,9,Graduate,70.95,82.21,SciStarter,Public_Health,0.285,11.259999999999991,False
V02110,P233,27,14,Graduate,67.29,80.58,eBird,Climate,0.618,13.289999999999992,True
V02111,P204,8,6,Self-taught,66.04,73.63,eBird,Astronomy,0.612,7.589999999999989,False
V02112,P281,16,6,Secondary,54.05,60.39,iNaturalist,Astronomy,0.497,6.340000000000003,False
V02113,P117,29,11,Undergraduate,75.75,84.88,Galaxy_Zoo,Ecology,0.459,9.129999999999995,False
V02114,P200,8,9,Undergraduate,72.24,80.84,Zooniverse,Biodiversity,0.485,8.600000000000009,False
V02115,P188,19,2,Undergraduate,46.06,49.61,Foldit,Astronomy,0.414,3.549999999999997,False
V02116,P062,2,8,Self-taught,59.26,64.6,SciStarter,Biochemistry,0.407,5.339999999999996,False
V02117,P085,21,14,Undergraduate,64.05,70.55,iNaturalist,Biochemistry,0.542,6.5,True
V02118,P147,10,4,Undergraduate,70.98,68.45,Galaxy_Zoo,Biochemistry,0.351,-2.530000000000001,False
V02119,P230,24,5,Undergraduate,59.13,67.03,eBird,Climate,0.585,7.899999999999999,False
V02120,P128,16,7,Teacher,55.0,60.47,Galaxy_Zoo,Public_Health,0.344,5.469999999999999,False
V02121,P065,13,12,Graduate,71.43,85.75,eBird,Biodiversity,0.645,14.319999999999993,True
V02122,P295,20,11,Undergraduate,50.66,53.26,SciStarter,Climate,0.448,2.6000000000000014,False
V02123,P035,13,9,Undergraduate,48.16,55.26,iNaturalist,Biodiversity,0.331,7.100000000000001,False
V02124,P283,3,15,Undergraduate,74.37,75.25,SciStarter,Biodiversity,0.339,0.8799999999999955,True
V02125,P233,23,13,Self-taught,61.05,71.67,eBird,Climate,0.618,10.620000000000005,True
V02126,P244,42,8,Teacher,62.47,71.44,Galaxy_Zoo,Astronomy,0.454,8.969999999999999,False
V02127,P229,16,22,Self-taught,47.4,58.07,Galaxy_Zoo,Biodiversity,0.412,10.670000000000002,True
V02128,P061,5,7,Secondary,50.5,51.15,Zooniverse,Public_Health,0.445,0.6499999999999986,False
V02129,P177,12,7,Undergraduate,57.61,62.21,Galaxy_Zoo,Public_Health,0.257,4.600000000000001,False
V02130,P218,6,2,Self-taught,57.04,58.53,SciStarter,Astronomy,0.382,1.490000000000002,False
V02131,P215,22,6,Graduate,66.54,71.19,Foldit,Biodiversity,0.606,4.6499999999999915,False
V02132,P074,7,1,Undergraduate,63.74,71.36,Zooniverse,Biochemistry,0.286,7.619999999999997,False
V02133,P050,1,10,Undergraduate,49.39,51.7,Galaxy_Zoo,Biodiversity,0.435,2.3100000000000023,False
V02134,P091,20,14,Secondary,47.64,56.7,eBird,Biochemistry,0.558,9.060000000000002,True
V02135,P134,8,13,Self-taught,59.08,65.77,iNaturalist,Astronomy,0.463,6.689999999999998,True
V02136,P160,13,16,Graduate,73.76,83.42,eBird,Climate,0.758,9.659999999999997,True
V02137,P242,11,3,Teacher,64.38,65.52,Galaxy_Zoo,Biodiversity,0.211,1.1400000000000006,False
V02138,P223,4,19,Secondary,53.22,63.97,Galaxy_Zoo,Astronomy,0.337,10.75,True
V02139,P192,20,7,Teacher,80.47,91.48,eBird,Public_Health,0.577,11.010000000000005,False
V02140,P072,5,23,Undergraduate,51.77,59.83,Zooniverse,Astronomy,0.411,8.059999999999995,True
V02141,P134,2,8,Teacher,76.5,81.17,iNaturalist,Astronomy,0.463,4.670000000000002,False
V02142,P092,9,17,Self-taught,53.45,58.46,eBird,Public_Health,0.782,5.009999999999998,True
V02143,P066,15,13,Undergraduate,62.07,70.51,iNaturalist,Astronomy,0.531,8.440000000000005,True
V02144,P004,6,11,Secondary,40.4,49.35,iNaturalist,Public_Health,0.533,8.950000000000003,False
V02145,P092,9,19,Graduate,56.36,67.91,eBird,Public_Health,0.782,11.549999999999997,True
V02146,P070,23,27,Secondary,67.8,77.96,eBird,Biodiversity,0.641,10.159999999999997,True
V02147,P159,40,4,Teacher,76.57,83.87,Foldit,Public_Health,0.398,7.300000000000011,False
V02148,P020,7,17,Secondary,46.29,61.83,Zooniverse,Public_Health,0.586,15.54,True
V02149,P074,1,4,Undergraduate,65.41,71.48,Zooniverse,Biochemistry,0.286,6.070000000000007,False
V02150,P016,11,21,Graduate,74.42,86.69,eBird,Biochemistry,0.627,12.269999999999996,True
V02151,P180,41,12,Teacher,59.38,65.99,Zooniverse,Astronomy,0.571,6.609999999999992,True
V02152,P157,8,16,Secondary,52.06,61.03,Galaxy_Zoo,Ecology,0.421,8.969999999999999,True
V02153,P092,15,7,Secondary,65.76,73.33,eBird,Public_Health,0.782,7.569999999999993,False
V02154,P045,12,9,Self-taught,59.44,62.63,eBird,Ecology,0.63,3.190000000000005,False
V02155,P283,11,13,Teacher,65.14,75.82,SciStarter,Biodiversity,0.339,10.679999999999993,True
V02156,P162,21,9,Undergraduate,64.98,70.52,iNaturalist,Ecology,0.67,5.539999999999992,False
V02157,P194,16,14,Secondary,45.2,57.09,eBird,Ecology,0.57,11.89,True
V02158,P147,2,4,Graduate,81.87,86.31,Galaxy_Zoo,Biochemistry,0.351,4.439999999999998,False
V02159,P233,7,18,Graduate,66.32,75.74,eBird,Climate,0.618,9.420000000000002,True
V02160,P262,4,10,Secondary,64.17,68.51,Foldit,Biochemistry,0.589,4.340000000000003,False
V02161,P104,30,19,Secondary,57.71,67.46,eBird,Climate,0.621,9.749999999999993,True
V02162,P196,10,7,Graduate,59.08,65.07,Foldit,Biodiversity,0.531,5.989999999999995,False
V02163,P065,9,28,Undergraduate,53.7,68.24,eBird,Biodiversity,0.645,14.539999999999992,True
V02164,P183,17,9,Undergraduate,56.68,65.41,eBird,Biodiversity,0.553,8.729999999999997,False
V02165,P108,6,4,Teacher,69.49,71.09,Zooniverse,Public_Health,0.423,1.6000000000000085,False
V02166,P003,12,13,Self-taught,45.21,52.12,Galaxy_Zoo,Biodiversity,0.343,6.909999999999997,True
V02167,P283,10,10,Graduate,71.29,76.67,SciStarter,Biodiversity,0.339,5.3799999999999955,False
V02168,P252,7,8,Secondary,55.6,59.76,Galaxy_Zoo,Ecology,0.446,4.159999999999997,False
V02169,P080,20,4,Teacher,87.57,92.63,Galaxy_Zoo,Climate,0.383,5.060000000000002,False
V02170,P298,13,11,Graduate,48.89,56.39,Galaxy_Zoo,Ecology,0.257,7.5,False
V02171,P088,8,11,Undergraduate,68.27,73.33,eBird,Public_Health,0.635,5.060000000000002,False
V02172,P127,17,12,Self-taught,58.55,63.03,Galaxy_Zoo,Astronomy,0.324,4.480000000000004,True
V02173,P248,27,3,Teacher,67.94,73.38,iNaturalist,Biodiversity,0.604,5.439999999999998,False
V02174,P085,10,5,Self-taught,42.27,48.91,iNaturalist,Biochemistry,0.542,6.6399999999999935,False
V02175,P124,12,7,Secondary,30.71,35.76,Galaxy_Zoo,Public_Health,0.336,5.049999999999997,False
V02176,P188,21,9,Secondary,39.99,40.65,Foldit,Astronomy,0.414,0.6599999999999966,False
V02177,P038,37,9,Graduate,88.97,95.61,eBird,Ecology,0.498,6.640000000000001,False
V02178,P115,20,12,Undergraduate,65.22,68.25,eBird,Astronomy,0.676,3.030000000000001,True
V02179,P085,5,15,Secondary,50.99,59.4,iNaturalist,Biochemistry,0.542,8.409999999999997,True
V02180,P193,23,8,Graduate,76.54,87.33,iNaturalist,Public_Health,0.535,10.789999999999992,False
V02181,P039,25,11,Secondary,60.43,66.98,Zooniverse,Biochemistry,0.365,6.550000000000004,False
V02182,P065,26,9,Teacher,60.26,68.81,eBird,Biodiversity,0.645,8.550000000000004,False
V02183,P201,2,7,Graduate,74.01,79.19,eBird,Biodiversity,0.592,5.179999999999993,False
V02184,P045,24,13,Secondary,53.44,61.72,eBird,Ecology,0.63,8.280000000000001,True
V02185,P115,8,18,Self-taught,56.29,67.18,eBird,Astronomy,0.676,10.890000000000008,True
V02186,P201,19,10,Undergraduate,66.38,74.88,eBird,Biodiversity,0.592,8.5,False
V02187,P222,3,7,Secondary,53.06,54.93,Galaxy_Zoo,Astronomy,0.474,1.8699999999999974,False
V02188,P030,10,11,Undergraduate,69.45,74.33,Zooniverse,Biochemistry,0.599,4.8799999999999955,False
V02189,P248,28,11,Secondary,49.06,55.63,iNaturalist,Biodiversity,0.604,6.57,False
V02190,P206,3,17,Undergraduate,69.58,74.05,Zooniverse,Climate,0.456,4.469999999999999,True
V02191,P092,11,11,Secondary,41.68,51.66,eBird,Public_Health,0.782,9.979999999999997,False
V02192,P221,6,3,Graduate,72.85,79.04,SciStarter,Public_Health,0.351,6.190000000000012,False
V02193,P207,6,7,Self-taught,42.54,49.73,eBird,Ecology,0.626,7.189999999999998,False
V02194,P167,31,6,Self-taught,58.55,61.1,Foldit,Biochemistry,0.514,2.5500000000000043,False
V02195,P154,37,9,Teacher,62.47,65.85,eBird,Biodiversity,0.66,3.3799999999999955,False
V02196,P210,1,7,Undergraduate,62.85,68.54,Galaxy_Zoo,Astronomy,0.329,5.690000000000005,False
V02197,P300,2,5,Self-taught,54.8,56.5,Galaxy_Zoo,Climate,0.375,1.7000000000000028,False
V02198,P160,9,17,Secondary,46.05,54.21,eBird,Climate,0.758,8.160000000000004,True
V02199,P233,20,6,Graduate,67.87,70.38,eBird,Climate,0.618,2.509999999999991,False
V02200,P214,8,8,Undergraduate,59.63,62.73,SciStarter,Biodiversity,0.397,3.0999999999999943,False
V02201,P249,2,10,Self-taught,58.25,64.72,Galaxy_Zoo,Climate,0.421,6.469999999999999,False
V02202,P282,11,5,Graduate,66.81,67.44,iNaturalist,Climate,0.443,0.6299999999999955,False
V02203,P053,38,10,Teacher,68.68,68.82,Foldit,Public_Health,0.444,0.13999999999998636,False
V02204,P048,23,7,Undergraduate,59.14,61.43,Zooniverse,Astronomy,0.437,2.289999999999999,False
V02205,P163,13,8,Self-taught,52.41,56.63,iNaturalist,Biodiversity,0.6,4.220000000000006,False
V02206,P124,16,3,Undergraduate,66.67,66.46,Galaxy_Zoo,Public_Health,0.336,-0.21000000000000796,False
V02207,P158,48,5,Secondary,49.23,57.16,Galaxy_Zoo,Biochemistry,0.385,7.93,False
V02208,P230,8,20,Self-taught,64.21,68.92,eBird,Climate,0.585,4.710000000000008,True
V02209,P277,17,9,Undergraduate,68.99,75.44,Galaxy_Zoo,Astronomy,0.623,6.450000000000003,False
V02210,P115,27,11,Graduate,68.86,79.44,eBird,Astronomy,0.676,10.579999999999998,False
V02211,P204,20,10,Undergraduate,57.84,70.13,eBird,Astronomy,0.612,12.289999999999992,False
V02212,P055,12,18,Undergraduate,67.72,77.23,Zooniverse,Biodiversity,0.508,9.510000000000005,True
V02213,P149,10,3,Self-taught,59.94,65.03,Zooniverse,Ecology,0.479,5.090000000000003,False
V02214,P008,45,8,Undergraduate,65.67,69.11,Galaxy_Zoo,Public_Health,0.428,3.4399999999999977,False
V02215,P142,17,5,Graduate,66.46,71.59,iNaturalist,Public_Health,0.57,5.13000000000001,False
V02216,P151,10,11,Undergraduate,46.57,52.87,eBird,Biodiversity,0.671,6.299999999999997,False
V02217,P210,27,3,Undergraduate,64.08,67.27,Galaxy_Zoo,Astronomy,0.329,3.1899999999999977,False
V02218,P182,26,11,Secondary,53.24,61.88,Foldit,Astronomy,0.567,8.64,False
V02219,P099,10,7,Graduate,77.94,84.95,iNaturalist,Astronomy,0.335,7.010000000000005,False
V02220,P002,11,1,Undergraduate,85.62,82.56,Galaxy_Zoo,Ecology,0.35,-3.0600000000000023,False
V02221,P034,11,15,Undergraduate,57.11,65.55,eBird,Public_Health,0.782,8.439999999999998,True
V02222,P287,13,12,Graduate,74.88,83.56,Zooniverse,Astronomy,0.507,8.680000000000007,True
V02223,P272,13,7,Undergraduate,54.12,58.47,eBird,Climate,0.533,4.350000000000001,False
V02224,P090,28,5,Secondary,40.75,44.88,Foldit,Ecology,0.56,4.130000000000003,False
V02225,P070,48,5,Secondary,45.57,49.53,eBird,Biodiversity,0.641,3.960000000000001,False
V02226,P119,3,14,Graduate,80.54,90.17,eBird,Climate,0.739,9.629999999999995,True
V02227,P196,34,19,Self-taught,69.15,79.11,Foldit,Biodiversity,0.531,9.959999999999994,True
V02228,P097,12,20,Undergraduate,62.16,71.33,iNaturalist,Astronomy,0.474,9.170000000000002,True
V02229,P021,23,6,Graduate,56.82,61.24,SciStarter,Astronomy,0.442,4.420000000000002,False
V02230,P109,5,4,Undergraduate,77.53,80.21,iNaturalist,Climate,0.497,2.6799999999999926,False
V02231,P071,6,17,Undergraduate,53.54,66.76,eBird,Public_Health,0.51,13.220000000000006,True
V02232,P090,12,2,Secondary,70.29,76.15,Foldit,Ecology,0.56,5.859999999999999,False
V02233,P047,7,3,Self-taught,52.37,52.72,eBird,Public_Health,0.734,0.3500000000000014,False
V02234,P185,13,7,Secondary,53.45,58.87,eBird,Biochemistry,0.708,5.419999999999995,False
V02235,P147,2,2,Graduate,71.46,77.07,Galaxy_Zoo,Biochemistry,0.351,5.609999999999999,False
V02236,P074,5,5,Graduate,74.18,79.35,Zooniverse,Biochemistry,0.286,5.1699999999999875,False
V02237,P154,7,9,Secondary,60.1,65.35,eBird,Biodiversity,0.66,5.249999999999993,False
V02238,P138,17,5,Secondary,51.02,62.52,iNaturalist,Biochemistry,0.422,11.5,False
V02239,P229,9,8,Undergraduate,61.65,65.15,Galaxy_Zoo,Biodiversity,0.412,3.500000000000007,False
V02240,P283,14,13,Undergraduate,77.75,84.59,SciStarter,Biodiversity,0.339,6.840000000000003,True
V02241,P038,11,10,Secondary,55.56,62.52,eBird,Ecology,0.498,6.960000000000001,False
V02242,P257,31,8,Graduate,65.4,68.78,Foldit,Astronomy,0.35,3.3799999999999955,False
V02243,P200,18,12,Secondary,39.61,42.68,Zooniverse,Biodiversity,0.485,3.0700000000000003,True
V02244,P197,11,8,Undergraduate,60.25,63.72,Zooniverse,Ecology,0.387,3.469999999999999,False
V02245,P102,2,6,Undergraduate,54.11,57.98,Galaxy_Zoo,Ecology,0.373,3.8699999999999974,False
V02246,P094,17,9,Secondary,53.13,59.54,SciStarter,Astronomy,0.358,6.409999999999997,False
V02247,P002,54,5,Graduate,76.51,81.82,Galaxy_Zoo,Ecology,0.35,5.309999999999988,False
V02248,P292,8,12,Undergraduate,63.83,70.18,eBird,Ecology,0.601,6.3500000000000085,True
V02249,P170,10,2,Secondary,55.46,54.18,Zooniverse,Biochemistry,0.478,-1.2800000000000011,False
V02250,P109,9,11,Self-taught,48.08,59.94,iNaturalist,Climate,0.497,11.86,False
V02251,P151,2,10,Secondary,55.9,61.7,eBird,Biodiversity,0.671,5.800000000000004,False
V02252,P014,9,9,Undergraduate,61.42,61.05,SciStarter,Biodiversity,0.428,-0.37000000000000455,False
V02253,P049,14,11,Graduate,85.41,92.81,eBird,Ecology,0.78,7.400000000000006,False
V02254,P173,10,8,Secondary,51.25,60.62,eBird,Biochemistry,0.67,9.369999999999997,False
V02255,P143,6,11,Self-taught,39.11,50.64,Zooniverse,Public_Health,0.442,11.530000000000001,False
V02256,P228,1,6,Undergraduate,57.19,60.55,iNaturalist,Biochemistry,0.562,3.3599999999999994,False
V02257,P185,1,16,Undergraduate,62.2,73.82,eBird,Biochemistry,0.708,11.61999999999999,True
V02258,P168,29,16,Secondary,60.07,73.11,SciStarter,Astronomy,0.371,13.04,True
V02259,P236,11,12,Undergraduate,64.94,75.58,Zooniverse,Biodiversity,0.381,10.64,True
V02260,P021,3,7,Undergraduate,70.23,79.68,SciStarter,Astronomy,0.442,9.450000000000003,False
V02261,P197,25,10,Undergraduate,73.69,77.82,Zooniverse,Ecology,0.387,4.1299999999999955,False
V02262,P203,12,8,Self-taught,59.84,68.41,Galaxy_Zoo,Climate,0.433,8.569999999999993,False
V02263,P074,19,3,Secondary,48.9,53.65,Zooniverse,Biochemistry,0.286,4.75,False
V02264,P055,65,12,Graduate,77.19,85.16,Zooniverse,Biodiversity,0.508,7.969999999999999,True
V02265,P061,20,3,Graduate,87.67,91.99,Zooniverse,Public_Health,0.445,4.319999999999993,False
V02266,P056,10,5,Secondary,52.7,59.16,iNaturalist,Public_Health,0.545,6.459999999999994,False
V02267,P147,10,8,Self-taught,49.33,49.78,Galaxy_Zoo,Biochemistry,0.351,0.45000000000000284,False
V02268,P039,26,8,Self-taught,49.57,54.89,Zooniverse,Biochemistry,0.365,5.32,False
V02269,P185,4,12,Secondary,61.41,67.17,eBird,Biochemistry,0.708,5.760000000000005,True
V02270,P033,3,12,Undergraduate,64.96,71.57,Galaxy_Zoo,Public_Health,0.158,6.609999999999999,True
V02271,P009,19,13,Undergraduate,63.86,73.41,iNaturalist,Astronomy,0.507,9.549999999999997,True
V02272,P088,6,8,Self-taught,72.72,71.52,eBird,Public_Health,0.635,-1.2000000000000028,False
V02273,P052,10,12,Secondary,38.03,46.25,iNaturalist,Biodiversity,0.477,8.219999999999999,True
V02274,P294,8,22,Graduate,81.53,92.7,iNaturalist,Ecology,0.441,11.170000000000002,True
V02275,P085,15,10,Self-taught,63.77,72.16,iNaturalist,Biochemistry,0.542,8.389999999999993,False
V02276,P063,17,18,Teacher,66.81,79.52,iNaturalist,Biodiversity,0.65,12.709999999999994,True
V02277,P055,8,6,Secondary,53.38,53.09,Zooniverse,Biodiversity,0.508,-0.28999999999999915,False
V02278,P102,23,11,Graduate,71.43,77.52,Galaxy_Zoo,Ecology,0.373,6.089999999999989,False
V02279,P169,1,12,Self-taught,60.64,65.8,Zooniverse,Biochemistry,0.544,5.159999999999997,True
V02280,P227,12,6,Graduate,77.1,85.64,Zooniverse,Public_Health,0.458,8.540000000000006,False
V02281,P099,1,13,Secondary,46.01,57.42,iNaturalist,Astronomy,0.335,11.410000000000004,True
V02282,P175,31,8,Undergraduate,50.98,55.27,Galaxy_Zoo,Astronomy,0.482,4.290000000000006,False
V02283,P134,4,6,Undergraduate,54.93,58.98,iNaturalist,Astronomy,0.463,4.049999999999997,False
V02284,P246,28,19,Secondary,44.62,54.64,Foldit,Biochemistry,0.577,10.020000000000003,True
V02285,P157,6,5,Undergraduate,57.58,62.93,Galaxy_Zoo,Ecology,0.421,5.350000000000001,False
V02286,P079,56,2,Self-taught,59.9,64.63,SciStarter,Biochemistry,0.315,4.729999999999997,False
V02287,P199,12,2,Self-taught,54.31,58.45,Galaxy_Zoo,Biodiversity,0.383,4.140000000000001,False
V02288,P237,3,10,Self-taught,66.05,70.32,Zooniverse,Public_Health,0.556,4.269999999999996,False
V02289,P130,31,8,Secondary,52.86,60.53,iNaturalist,Climate,0.557,7.670000000000002,False
V02290,P293,26,7,Teacher,69.66,79.43,Galaxy_Zoo,Public_Health,0.342,9.77000000000001,False
V02291,P257,14,6,Graduate,67.91,73.39,Foldit,Astronomy,0.35,5.480000000000004,False
V02292,P055,20,4,Undergraduate,68.56,70.82,Zooniverse,Biodiversity,0.508,2.259999999999991,False
V02293,P228,23,10,Secondary,59.66,63.95,iNaturalist,Biochemistry,0.562,4.290000000000006,False
V02294,P167,19,18,Self-taught,60.98,65.9,Foldit,Biochemistry,0.514,4.920000000000009,True
V02295,P149,5,26,Self-taught,53.41,61.64,Zooniverse,Ecology,0.479,8.230000000000004,True
V02296,P143,13,5,Undergraduate,62.92,69.92,Zooniverse,Public_Health,0.442,7.0,False
V02297,P248,15,9,Self-taught,50.31,58.34,iNaturalist,Biodiversity,0.604,8.030000000000001,False
V02298,P171,27,6,Secondary,37.73,39.52,eBird,Biochemistry,0.62,1.7900000000000063,False
V02299,P151,13,5,Self-taught,62.9,66.01,eBird,Biodiversity,0.671,3.1100000000000065,False
V02300,P017,23,5,Undergraduate,44.64,50.47,Galaxy_Zoo,Climate,0.448,5.829999999999998,False
V02301,P124,15,7,Self-taught,56.49,64.61,Galaxy_Zoo,Public_Health,0.336,8.119999999999997,False
V02302,P265,6,20,Undergraduate,72.56,83.96,Zooniverse,Ecology,0.494,11.399999999999991,True
V02303,P201,15,11,Undergraduate,51.15,58.04,eBird,Biodiversity,0.592,6.890000000000001,False
V02304,P017,9,18,Undergraduate,60.82,68.99,Galaxy_Zoo,Climate,0.448,8.169999999999995,True
V02305,P257,11,7,Graduate,66.37,75.64,Foldit,Astronomy,0.35,9.269999999999996,False
V02306,P239,19,6,Graduate,66.55,72.55,Galaxy_Zoo,Biochemistry,0.361,6.0,False
V02307,P151,6,11,Undergraduate,56.94,58.96,eBird,Biodiversity,0.671,2.020000000000003,False
V02308,P009,1,7,Undergraduate,74.69,78.71,iNaturalist,Astronomy,0.507,4.019999999999996,False
V02309,P156,11,10,Graduate,69.52,76.24,eBird,Biochemistry,0.544,6.719999999999999,False
V02310,P018,12,14,Secondary,59.43,67.29,Zooniverse,Biochemistry,0.451,7.8600000000000065,True
V02311,P088,1,16,Teacher,70.02,75.08,eBird,Public_Health,0.635,5.060000000000002,True
V02312,P175,23,4,Secondary,43.04,51.11,Galaxy_Zoo,Astronomy,0.482,8.07,False
V02313,P266,23,16,Undergraduate,59.6,70.36,Foldit,Ecology,0.585,10.759999999999998,True
V02314,P098,48,5,Undergraduate,59.33,64.38,Zooniverse,Ecology,0.459,5.049999999999997,False
V02315,P250,34,4,Undergraduate,55.54,60.67,iNaturalist,Climate,0.574,5.130000000000003,False
V02316,P271,3,6,Self-taught,51.73,48.5,Galaxy_Zoo,Astronomy,0.247,-3.229999999999997,False
V02317,P008,16,8,Secondary,54.44,55.58,Galaxy_Zoo,Public_Health,0.428,1.1400000000000006,False
V02318,P066,35,6,Self-taught,49.97,47.16,iNaturalist,Astronomy,0.531,-2.8100000000000023,False
V02319,P201,10,15,Secondary,46.93,54.76,eBird,Biodiversity,0.592,7.829999999999998,True
V02320,P218,1,6,Self-taught,38.07,37.82,SciStarter,Astronomy,0.382,-0.25,False
V02321,P107,4,8,Secondary,37.51,41.31,iNaturalist,Ecology,0.511,3.8000000000000043,False
V02322,P185,8,6,Secondary,50.44,53.45,eBird,Biochemistry,0.708,3.010000000000005,False
V02323,P171,18,13,Undergraduate,43.58,50.96,eBird,Biochemistry,0.62,7.380000000000003,True
V02324,P212,10,4,Graduate,81.49,85.11,Galaxy_Zoo,Biochemistry,0.501,3.6200000000000045,False
V02325,P204,20,29,Undergraduate,68.74,84.92,eBird,Astronomy,0.612,16.180000000000007,True
V02326,P028,9,2,Teacher,82.02,87.25,Zooniverse,Biodiversity,0.452,5.230000000000004,False
V02327,P047,10,9,Graduate,80.69,85.48,eBird,Public_Health,0.734,4.790000000000006,False
V02328,P038,33,3,Secondary,62.7,66.11,eBird,Ecology,0.498,3.4099999999999966,False
V02329,P277,21,18,Undergraduate,71.94,79.66,Galaxy_Zoo,Astronomy,0.623,7.719999999999999,True
V02330,P267,2,9,Teacher,81.41,91.41,Foldit,Biodiversity,0.307,10.0,False
V02331,P230,20,9,Secondary,49.61,55.79,eBird,Climate,0.585,6.18,False
V02332,P035,9,6,Undergraduate,66.9,73.57,iNaturalist,Biodiversity,0.331,6.6699999999999875,False
V02333,P160,7,10,Secondary,53.42,60.17,eBird,Climate,0.758,6.75,False
V02334,P051,9,4,Secondary,51.12,56.3,Zooniverse,Climate,0.503,5.18,False
V02335,P101,4,7,Teacher,77.58,79.89,Galaxy_Zoo,Biodiversity,0.492,2.3100000000000023,False
V02336,P073,13,9,Secondary,34.71,37.74,SciStarter,Biodiversity,0.534,3.030000000000001,False
V02337,P240,12,8,Secondary,50.06,52.02,Zooniverse,Biochemistry,0.343,1.9600000000000009,False
V02338,P043,4,22,Graduate,82.86,91.44,iNaturalist,Climate,0.729,8.579999999999998,True
V02339,P181,42,7,Graduate,68.98,74.76,Zooniverse,Astronomy,0.503,5.780000000000001,False
V02340,P292,6,9,Teacher,60.13,68.45,eBird,Ecology,0.601,8.32,False
V02341,P195,30,6,Self-taught,59.66,64.83,SciStarter,Biodiversity,0.38,5.170000000000002,False
V02342,P026,3,8,Secondary,46.79,55.5,Galaxy_Zoo,Biodiversity,0.294,8.71,False
V02343,P265,11,12,Graduate,66.79,70.23,Zooniverse,Ecology,0.494,3.4399999999999977,True
V02344,P180,18,10,Teacher,67.21,73.92,Zooniverse,Astronomy,0.571,6.710000000000008,False
V02345,P127,27,4,Teacher,76.75,83.6,Galaxy_Zoo,Astronomy,0.324,6.849999999999994,False
V02346,P185,6,19,Graduate,67.66,74.94,eBird,Biochemistry,0.708,7.280000000000001,True
V02347,P257,44,6,Secondary,50.52,58.43,Foldit,Astronomy,0.35,7.909999999999997,False
V02348,P133,9,13,Teacher,57.06,59.52,iNaturalist,Climate,0.5,2.460000000000001,True
V02349,P147,10,13,Secondary,54.36,59.79,Galaxy_Zoo,Biochemistry,0.351,5.43,True
V02350,P125,2,10,Undergraduate,56.6,58.13,Zooniverse,Biochemistry,0.488,1.5300000000000011,False
V02351,P024,47,10,Undergraduate,67.9,74.21,Foldit,Astronomy,0.416,6.309999999999988,False
V02352,P228,2,2,Self-taught,75.88,79.93,iNaturalist,Biochemistry,0.562,4.050000000000011,False
V02353,P037,10,6,Graduate,64.57,71.17,iNaturalist,Ecology,0.562,6.6000000000000085,False
V02354,P107,6,7,Self-taught,59.07,63.5,iNaturalist,Ecology,0.511,4.43,False
V02355,P105,14,11,Self-taught,42.48,48.83,Galaxy_Zoo,Ecology,0.364,6.350000000000001,False
V02356,P076,2,10,Graduate,69.98,77.41,Zooniverse,Biochemistry,0.418,7.429999999999993,False
V02357,P109,8,9,Undergraduate,72.72,81.51,iNaturalist,Climate,0.497,8.790000000000006,False
V02358,P171,24,16,Undergraduate,64.04,76.48,eBird,Biochemistry,0.62,12.439999999999998,True
V02359,P086,9,26,Secondary,42.81,47.26,SciStarter,Astronomy,0.322,4.449999999999996,True
V02360,P048,10,6,Teacher,76.4,83.23,Zooniverse,Astronomy,0.437,6.829999999999998,False
V02361,P253,7,13,Secondary,50.54,59.84,eBird,Biodiversity,0.761,9.300000000000004,True
V02362,P287,5,10,Graduate,77.46,84.67,Zooniverse,Astronomy,0.507,7.210000000000008,False
V02363,P127,20,8,Undergraduate,80.86,84.52,Galaxy_Zoo,Astronomy,0.324,3.6599999999999966,False
V02364,P091,12,36,Self-taught,63.86,79.14,eBird,Biochemistry,0.558,15.280000000000001,True
V02365,P017,1,14,Graduate,68.16,74.27,Galaxy_Zoo,Climate,0.448,6.109999999999999,True
V02366,P012,29,11,Self-taught,67.24,73.87,Zooniverse,Astronomy,0.451,6.63000000000001,False
V02367,P107,4,11,Undergraduate,62.93,67.31,iNaturalist,Ecology,0.511,4.380000000000003,False
V02368,P275,21,17,Secondary,59.62,66.74,Galaxy_Zoo,Public_Health,0.445,7.119999999999997,True
V02369,P208,23,3,Teacher,62.95,68.75,Foldit,Public_Health,0.449,5.799999999999997,False
V02370,P095,9,18,Graduate,78.99,92.63,eBird,Public_Health,0.512,13.64,True
V02371,P287,7,5,Undergraduate,62.5,67.14,Zooniverse,Astronomy,0.507,4.640000000000001,False
V02372,P117,32,9,Secondary,39.28,46.31,Galaxy_Zoo,Ecology,0.459,7.030000000000001,False
V02373,P074,4,6,Undergraduate,73.79,74.73,Zooniverse,Biochemistry,0.286,0.9399999999999977,False
V02374,P116,6,5,Graduate,74.05,79.52,Zooniverse,Public_Health,0.39,5.469999999999999,False
V02375,P061,14,8,Secondary,52.91,61.43,Zooniverse,Public_Health,0.445,8.520000000000003,False
V02376,P257,8,23,Self-taught,68.26,75.09,Foldit,Astronomy,0.35,6.829999999999998,True
V02377,P099,15,7,Secondary,53.66,62.43,iNaturalist,Astronomy,0.335,8.770000000000003,False
V02378,P185,13,7,Self-taught,62.5,71.4,eBird,Biochemistry,0.708,8.900000000000006,False
V02379,P107,8,20,Undergraduate,68.16,81.56,iNaturalist,Ecology,0.511,13.400000000000006,True
V02380,P264,30,4,Graduate,75.7,76.55,Zooniverse,Biodiversity,0.4,0.8499999999999943,False
V02381,P180,2,14,Self-taught,67.23,74.8,Zooniverse,Astronomy,0.571,7.569999999999993,True
V02382,P137,25,14,Undergraduate,58.87,69.48,iNaturalist,Astronomy,0.521,10.610000000000007,True
V02383,P038,12,11,Self-taught,61.67,72.29,eBird,Ecology,0.498,10.620000000000005,False
V02384,P264,28,11,Undergraduate,63.22,72.47,Zooniverse,Biodiversity,0.4,9.25,False
V02385,P151,2,12,Teacher,64.23,65.11,eBird,Biodiversity,0.671,0.8799999999999955,True
V02386,P078,9,17,Graduate,75.84,83.91,eBird,Ecology,0.658,8.069999999999993,True
V02387,P256,5,7,Secondary,47.16,55.54,SciStarter,Astronomy,0.408,8.380000000000003,False
V02388,P018,3,8,Self-taught,48.8,56.38,Zooniverse,Biochemistry,0.451,7.580000000000005,False
V02389,P086,27,5,Undergraduate,67.92,74.12,SciStarter,Astronomy,0.322,6.200000000000003,False
V02390,P150,22,9,Undergraduate,66.62,76.07,Galaxy_Zoo,Biochemistry,0.341,9.449999999999989,False
V02391,P092,20,24,Graduate,64.9,72.39,eBird,Public_Health,0.782,7.489999999999995,True
V02392,P133,3,7,Teacher,69.95,71.44,iNaturalist,Climate,0.5,1.4899999999999949,False
V02393,P072,42,10,Undergraduate,74.13,82.13,Zooniverse,Astronomy,0.411,8.0,False
V02394,P038,51,3,Secondary,38.12,40.34,eBird,Ecology,0.498,2.220000000000006,False
V02395,P012,12,5,Undergraduate,65.37,71.43,Zooniverse,Astronomy,0.451,6.060000000000002,False
V02396,P046,6,14,Secondary,54.6,65.55,Galaxy_Zoo,Astronomy,0.399,10.949999999999996,True
V02397,P282,6,3,Graduate,68.06,71.72,iNaturalist,Climate,0.443,3.6599999999999966,False
V02398,P160,10,14,Self-taught,46.39,54.34,eBird,Climate,0.758,7.950000000000003,True
V02399,P137,33,12,Teacher,78.95,85.29,iNaturalist,Astronomy,0.521,6.340000000000003,True
V02400,P104,38,10,Undergraduate,49.31,54.39,eBird,Climate,0.621,5.079999999999998,False
V02401,P201,4,6,Secondary,35.99,43.65,eBird,Biodiversity,0.592,7.659999999999997,False
V02402,P041,16,3,Undergraduate,55.54,54.83,SciStarter,Biochemistry,0.426,-0.7100000000000009,False
V02403,P074,7,4,Secondary,41.22,42.54,Zooniverse,Biochemistry,0.286,1.3200000000000003,False
V02404,P185,5,12,Self-taught,50.2,59.86,eBird,Biochemistry,0.708,9.659999999999997,True
V02405,P134,11,15,Graduate,86.26,90.75,iNaturalist,Astronomy,0.463,4.489999999999995,True
V02406,P223,4,1,Undergraduate,78.91,87.27,Galaxy_Zoo,Astronomy,0.337,8.36,False
V02407,P262,13,21,Graduate,80.98,89.66,Foldit,Biochemistry,0.589,8.679999999999993,True
V02408,P238,11,22,Undergraduate,56.89,67.35,eBird,Astronomy,0.622,10.459999999999994,True
V02409,P050,37,6,Teacher,77.02,86.82,Galaxy_Zoo,Biodiversity,0.435,9.799999999999997,False
V02410,P029,7,8,Undergraduate,42.43,51.27,Zooniverse,Climate,0.438,8.840000000000003,False
V02411,P048,40,2,Secondary,45.81,52.62,Zooniverse,Astronomy,0.437,6.809999999999995,False
V02412,P227,14,4,Self-taught,55.61,56.1,Zooniverse,Public_Health,0.458,0.490000000000002,False
V02413,P267,8,14,Secondary,69.3,78.16,Foldit,Biodiversity,0.307,8.86,True
V02414,P274,13,9,Graduate,68.53,75.53,iNaturalist,Public_Health,0.53,7.0,False
V02415,P083,25,7,Undergraduate,53.92,56.7,Foldit,Biodiversity,0.546,2.780000000000001,False
V02416,P244,36,4,Self-taught,42.46,49.58,Galaxy_Zoo,Astronomy,0.454,7.119999999999997,False
V02417,P150,13,5,Undergraduate,48.95,54.9,Galaxy_Zoo,Biochemistry,0.341,5.949999999999996,False
V02418,P238,17,8,Undergraduate,61.86,68.35,eBird,Astronomy,0.622,6.489999999999995,False
V02419,P151,1,8,Graduate,66.11,71.58,eBird,Biodiversity,0.671,5.469999999999999,False
V02420,P043,4,18,Graduate,74.48,86.08,iNaturalist,Climate,0.729,11.599999999999994,True
V02421,P026,4,5,Secondary,46.55,54.82,Galaxy_Zoo,Biodiversity,0.294,8.270000000000003,False
V02422,P283,28,8,Secondary,41.82,48.3,SciStarter,Biodiversity,0.339,6.479999999999997,False
V02423,P116,1,21,Undergraduate,52.36,65.8,Zooniverse,Public_Health,0.39,13.439999999999998,True
V02424,P096,4,11,Self-taught,57.98,68.92,iNaturalist,Biochemistry,0.473,10.940000000000005,False
V02425,P097,28,3,Graduate,65.54,69.59,iNaturalist,Astronomy,0.474,4.049999999999997,False
V02426,P103,1,10,Undergraduate,49.28,56.18,SciStarter,Public_Health,0.285,6.899999999999999,False
V02427,P281,21,12,Undergraduate,63.69,66.22,iNaturalist,Astronomy,0.497,2.530000000000001,True
V02428,P020,8,18,Graduate,65.59,76.78,Zooniverse,Public_Health,0.586,11.189999999999998,True
V02429,P036,11,6,Undergraduate,61.23,64.35,Zooniverse,Biodiversity,0.411,3.1199999999999974,False
V02430,P228,9,14,Undergraduate,56.71,61.63,iNaturalist,Biochemistry,0.562,4.920000000000002,True
V02431,P151,20,14,Undergraduate,55.32,60.99,eBird,Biodiversity,0.671,5.670000000000002,True
V02432,P038,16,16,Secondary,55.88,66.3,eBird,Ecology,0.498,10.419999999999995,True
V02433,P011,3,18,Teacher,76.85,90.66,eBird,Public_Health,0.836,13.810000000000002,True
V02434,P064,2,9,Undergraduate,72.04,76.16,SciStarter,Ecology,0.388,4.11999999999999,False
V02435,P071,18,23,Graduate,69.22,78.15,eBird,Public_Health,0.51,8.930000000000007,True
V02436,P005,5,4,Undergraduate,63.6,65.42,Zooniverse,Public_Health,0.414,1.8200000000000003,False
V02437,P062,1,7,Undergraduate,61.61,70.49,SciStarter,Biochemistry,0.407,8.879999999999995,False
V02438,P211,10,17,Teacher,83.11,89.22,Galaxy_Zoo,Climate,0.338,6.109999999999999,True
V02439,P249,2,10,Self-taught,53.99,55.79,Galaxy_Zoo,Climate,0.421,1.7999999999999972,False
V02440,P263,4,11,Self-taught,50.06,55.18,eBird,Ecology,0.699,5.119999999999997,False
V02441,P107,11,3,Undergraduate,69.61,77.65,iNaturalist,Ecology,0.511,8.040000000000006,False
V02442,P088,4,9,Graduate,71.57,76.13,eBird,Public_Health,0.635,4.560000000000002,False
V02443,P300,1,24,Self-taught,55.44,67.31,Galaxy_Zoo,Climate,0.375,11.870000000000005,True
V02444,P223,10,4,Teacher,62.09,66.02,Galaxy_Zoo,Astronomy,0.337,3.9299999999999926,False
V02445,P151,17,8,Undergraduate,54.33,63.31,eBird,Biodiversity,0.671,8.980000000000004,False
V02446,P070,29,21,Secondary,40.19,52.17,eBird,Biodiversity,0.641,11.980000000000004,True
V02447,P088,18,16,Teacher,67.4,73.2,eBird,Public_Health,0.635,5.799999999999997,True
V02448,P143,5,8,Undergraduate,34.8,39.63,Zooniverse,Public_Health,0.442,4.830000000000005,False
V02449,P151,9,14,Graduate,68.55,79.35,eBird,Biodiversity,0.671,10.799999999999997,True
V02450,P005,11,4,Secondary,52.23,55.87,Zooniverse,Public_Health,0.414,3.6400000000000006,False
V02451,P284,1,26,Teacher,60.14,71.26,Galaxy_Zoo,Public_Health,0.463,11.120000000000005,True
V02452,P160,20,21,Self-taught,49.66,61.95,eBird,Climate,0.758,12.290000000000006,True
V02453,P163,44,9,Self-taught,58.05,65.94,iNaturalist,Biodiversity,0.6,7.890000000000001,False
V02454,P061,12,2,Teacher,67.6,68.64,Zooniverse,Public_Health,0.445,1.0400000000000063,False
V02455,P221,3,12,Secondary,66.92,72.96,SciStarter,Public_Health,0.351,6.039999999999992,True
V02456,P210,7,9,Secondary,64.67,68.79,Galaxy_Zoo,Astronomy,0.329,4.1200000000000045,False
V02457,P030,10,12,Self-taught,70.06,82.29,Zooniverse,Biochemistry,0.599,12.230000000000004,True
V02458,P164,8,10,Undergraduate,68.92,77.33,eBird,Astronomy,0.622,8.409999999999997,False
V02459,P185,2,29,Undergraduate,63.65,81.06,eBird,Biochemistry,0.708,17.410000000000004,True
V02460,P242,15,8,Self-taught,53.4,57.24,Galaxy_Zoo,Biodiversity,0.211,3.8400000000000034,False
V02461,P060,9,6,Undergraduate,61.64,67.19,SciStarter,Ecology,0.385,5.549999999999997,False
V02462,P256,1,6,Undergraduate,60.8,63.98,SciStarter,Astronomy,0.408,3.1799999999999997,False
V02463,P128,11,1,Secondary,62.58,63.21,Galaxy_Zoo,Public_Health,0.344,0.6300000000000026,False
V02464,P030,48,12,Undergraduate,63.6,70.37,Zooniverse,Biochemistry,0.599,6.770000000000003,True
V02465,P033,9,7,Graduate,87.32,91.15,Galaxy_Zoo,Public_Health,0.158,3.8300000000000125,False
V02466,P056,2,3,Graduate,71.81,76.3,iNaturalist,Public_Health,0.545,4.489999999999995,False
V02467,P078,19,13,Secondary,55.77,62.14,eBird,Ecology,0.658,6.369999999999997,True
V02468,P139,19,16,Undergraduate,65.76,73.32,Galaxy_Zoo,Biochemistry,0.428,7.559999999999988,True
V02469,P216,7,12,Self-taught,57.59,67.95,iNaturalist,Climate,0.64,10.36,True
V02470,P051,4,14,Undergraduate,43.08,46.73,Zooniverse,Climate,0.503,3.6499999999999986,True
V02471,P295,23,17,Teacher,66.71,77.56,SciStarter,Climate,0.448,10.850000000000009,True
V02472,P047,14,18,Graduate,94.44,97.6,eBird,Public_Health,0.734,3.1599999999999966,True
V02473,P166,10,5,Undergraduate,77.62,81.19,Foldit,Public_Health,0.414,3.569999999999993,False
V02474,P274,21,5,Secondary,37.99,43.52,iNaturalist,Public_Health,0.53,5.530000000000001,False
V02475,P240,17,2,Secondary,54.98,55.92,Zooniverse,Biochemistry,0.343,0.9400000000000048,False
V02476,P182,7,16,Undergraduate,60.63,66.73,Foldit,Astronomy,0.567,6.100000000000001,True
V02477,P203,5,9,Secondary,55.59,66.29,Galaxy_Zoo,Climate,0.433,10.700000000000003,False
V02478,P038,64,13,Teacher,59.76,67.14,eBird,Ecology,0.498,7.380000000000003,True
V02479,P004,10,15,Undergraduate,65.97,76.8,iNaturalist,Public_Health,0.533,10.829999999999998,True
V02480,P119,3,8,Undergraduate,61.76,64.46,eBird,Climate,0.739,2.6999999999999957,False
V02481,P028,7,14,Graduate,82.32,87.93,Zooniverse,Biodiversity,0.452,5.610000000000014,True
V02482,P098,13,13,Undergraduate,56.63,60.51,Zooniverse,Ecology,0.459,3.8799999999999955,True
V02483,P064,3,12,Secondary,46.37,49.99,SciStarter,Ecology,0.388,3.6200000000000045,True
V02484,P269,17,20,Self-taught,52.69,63.6,Zooniverse,Biochemistry,0.374,10.910000000000004,True
V02485,P257,18,5,Undergraduate,64.75,69.57,Foldit,Astronomy,0.35,4.819999999999993,False
V02486,P237,7,13,Undergraduate,62.61,69.79,Zooniverse,Public_Health,0.556,7.180000000000007,True
V02487,P202,8,16,Undergraduate,49.48,61.94,SciStarter,Biodiversity,0.455,12.46,True
V02488,P045,2,22,Undergraduate,57.83,71.45,eBird,Ecology,0.63,13.620000000000005,True
V02489,P017,15,8,Undergraduate,72.25,80.24,Galaxy_Zoo,Climate,0.448,7.989999999999995,False
V02490,P184,4,9,Secondary,45.9,50.72,Foldit,Public_Health,0.472,4.82,False
V02491,P180,53,17,Undergraduate,49.94,60.69,Zooniverse,Astronomy,0.571,10.75,True
V02492,P101,3,16,Undergraduate,68.08,74.67,Galaxy_Zoo,Biodiversity,0.492,6.590000000000003,True
V02493,P130,17,12,Graduate,74.31,91.93,iNaturalist,Climate,0.557,17.620000000000005,True
V02494,P137,25,3,Secondary,40.21,45.74,iNaturalist,Astronomy,0.521,5.530000000000001,False
V02495,P066,14,12,Secondary,60.56,64.96,iNaturalist,Astronomy,0.531,4.3999999999999915,True
V02496,P086,4,3,Self-taught,52.66,60.97,SciStarter,Astronomy,0.322,8.310000000000002,False
V02497,P115,1,18,Secondary,47.23,56.67,eBird,Astronomy,0.676,9.440000000000005,True
V02498,P169,1,23,Teacher,74.1,88.34,Zooniverse,Biochemistry,0.544,14.240000000000009,True
V02499,P283,3,18,Graduate,70.63,74.64,SciStarter,Biodiversity,0.339,4.010000000000005,True
V02500,P151,6,15,Undergraduate,62.05,73.26,eBird,Biodiversity,0.671,11.210000000000008,True
V02501,P209,5,2,Graduate,74.96,78.75,Zooniverse,Ecology,0.416,3.7900000000000063,False
V02502,P233,6,11,Undergraduate,69.12,77.96,eBird,Climate,0.618,8.83999999999999,False
V02503,P034,9,19,Undergraduate,43.0,55.83,eBird,Public_Health,0.782,12.829999999999998,True
V02504,P183,14,8,Undergraduate,61.21,68.65,eBird,Biodiversity,0.553,7.440000000000005,False
V02505,P134,15,14,Secondary,39.38,45.93,iNaturalist,Astronomy,0.463,6.549999999999997,True
V02506,P159,4,3,Secondary,44.44,51.62,Foldit,Public_Health,0.398,7.18,False
V02507,P013,4,4,Undergraduate,70.42,74.7,Zooniverse,Ecology,0.406,4.280000000000001,False
V02508,P264,1,18,Secondary,43.18,51.66,Zooniverse,Biodiversity,0.4,8.479999999999997,True
V02509,P282,8,5,Graduate,66.14,74.32,iNaturalist,Climate,0.443,8.179999999999993,False
V02510,P001,10,14,Undergraduate,66.07,77.69,Zooniverse,Public_Health,0.458,11.620000000000005,True
V02511,P061,33,6,Undergraduate,61.89,66.31,Zooniverse,Public_Health,0.445,4.420000000000002,False
V02512,P050,4,5,Secondary,38.08,43.14,Galaxy_Zoo,Biodiversity,0.435,5.060000000000002,False
V02513,P226,16,9,Undergraduate,60.31,66.61,Zooniverse,Climate,0.559,6.299999999999997,False
V02514,P165,42,13,Secondary,40.43,49.06,SciStarter,Astronomy,0.481,8.630000000000003,True
V02515,P049,16,8,Undergraduate,67.37,73.94,eBird,Ecology,0.78,6.569999999999993,False
V02516,P235,6,6,Undergraduate,71.56,78.79,Foldit,Biochemistry,0.482,7.230000000000004,False
V02517,P096,7,9,Graduate,74.01,82.33,iNaturalist,Biochemistry,0.473,8.319999999999993,False
V02518,P128,14,7,Secondary,48.76,59.69,Galaxy_Zoo,Public_Health,0.344,10.93,False
V02519,P105,4,27,Secondary,55.79,66.8,Galaxy_Zoo,Ecology,0.364,11.009999999999998,True
V02520,P145,3,11,Undergraduate,67.53,75.34,Foldit,Ecology,0.458,7.810000000000002,False
V02521,P134,5,11,Graduate,58.45,61.64,iNaturalist,Astronomy,0.463,3.1899999999999977,False
V02522,P074,2,7,Graduate,77.49,82.3,Zooniverse,Biochemistry,0.286,4.810000000000002,False
V02523,P116,1,19,Secondary,50.35,56.86,Zooniverse,Public_Health,0.39,6.509999999999998,True
V02524,P265,4,6,Secondary,63.16,65.39,Zooniverse,Ecology,0.494,2.230000000000004,False
V02525,P142,20,13,Graduate,76.43,81.99,iNaturalist,Public_Health,0.57,5.559999999999988,True
V02526,P269,5,12,Undergraduate,56.13,61.54,Zooniverse,Biochemistry,0.374,5.409999999999997,True
V02527,P152,14,3,Self-taught,67.42,69.9,Foldit,Biodiversity,0.457,2.480000000000004,False
V02528,P223,16,6,Graduate,67.62,71.66,Galaxy_Zoo,Astronomy,0.337,4.039999999999992,False
V02529,P080,18,8,Graduate,73.38,82.25,Galaxy_Zoo,Climate,0.383,8.870000000000005,False
V02530,P228,10,9,Secondary,67.7,70.56,iNaturalist,Biochemistry,0.562,2.8599999999999994,False
V02531,P072,34,18,Secondary,47.79,56.72,Zooniverse,Astronomy,0.411,8.93,True
V02532,P008,7,5,Secondary,49.18,57.02,Galaxy_Zoo,Public_Health,0.428,7.840000000000003,False
V02533,P047,30,19,Secondary,37.4,45.32,eBird,Public_Health,0.734,7.920000000000002,True
V02534,P008,1,20,Self-taught,62.65,71.0,Galaxy_Zoo,Public_Health,0.428,8.350000000000001,True
V02535,P281,16,5,Graduate,67.71,73.29,iNaturalist,Astronomy,0.497,5.5800000000000125,False
V02536,P300,7,8,Secondary,55.99,62.21,Galaxy_Zoo,Climate,0.375,6.219999999999999,False
V02537,P220,2,5,Secondary,56.4,62.64,eBird,Public_Health,0.734,6.240000000000002,False
V02538,P033,7,3,Undergraduate,54.71,58.43,Galaxy_Zoo,Public_Health,0.158,3.719999999999999,False
V02539,P263,2,7,Secondary,46.58,51.73,eBird,Ecology,0.699,5.149999999999999,False
V02540,P214,3,7,Secondary,48.42,55.0,SciStarter,Biodiversity,0.397,6.579999999999998,False
V02541,P092,10,17,Undergraduate,37.73,47.29,eBird,Public_Health,0.782,9.560000000000002,True
V02542,P142,1,13,Undergraduate,45.61,52.99,iNaturalist,Public_Health,0.57,7.380000000000003,True
V02543,P187,9,11,Graduate,76.45,85.49,Galaxy_Zoo,Biochemistry,0.294,9.039999999999992,False
V02544,P009,4,8,Undergraduate,67.44,71.73,iNaturalist,Astronomy,0.507,4.290000000000006,False
V02545,P141,22,7,Secondary,38.63,43.01,Zooniverse,Astronomy,0.382,4.3799999999999955,False
V02546,P209,16,2,Secondary,75.79,82.45,Zooniverse,Ecology,0.416,6.659999999999997,False
V02547,P051,7,11,Graduate,56.28,63.59,Zooniverse,Climate,0.503,7.310000000000002,False
V02548,P121,7,7,Undergraduate,60.59,64.73,Galaxy_Zoo,Biochemistry,0.31,4.140000000000001,False
V02549,P147,3,3,Secondary,43.6,45.14,Galaxy_Zoo,Biochemistry,0.351,1.5399999999999991,False
V02550,P210,38,10,Undergraduate,53.29,57.62,Galaxy_Zoo,Astronomy,0.329,4.329999999999998,False
V02551,P286,2,5,Teacher,63.84,70.86,Galaxy_Zoo,Biochemistry,0.416,7.019999999999996,False
V02552,P247,6,3,Undergraduate,76.56,76.02,SciStarter,Biodiversity,0.442,-0.5400000000000063,False
V02553,P173,6,19,Undergraduate,79.77,88.4,eBird,Biochemistry,0.67,8.63000000000001,True
V02554,P162,4,12,Secondary,36.12,44.64,iNaturalist,Ecology,0.67,8.520000000000003,True
V02555,P169,2,11,Secondary,52.19,60.8,Zooniverse,Biochemistry,0.544,8.61,False
V02556,P151,11,7,Graduate,75.95,81.72,eBird,Biodiversity,0.671,5.769999999999996,False
V02557,P019,6,11,Undergraduate,70.44,78.5,eBird,Biochemistry,0.526,8.060000000000002,False
V02558,P198,10,10,Self-taught,64.46,76.67,eBird,Biodiversity,0.702,12.210000000000008,False
V02559,P203,17,5,Undergraduate,62.2,71.81,Galaxy_Zoo,Climate,0.433,9.61,False
V02560,P143,10,10,Graduate,72.15,80.32,Zooniverse,Public_Health,0.442,8.169999999999987,False
V02561,P255,5,5,Secondary,42.93,48.68,Zooniverse,Public_Health,0.368,5.75,False
V02562,P191,8,8,Self-taught,57.02,62.01,Zooniverse,Public_Health,0.559,4.989999999999995,False
V02563,P099,13,2,Secondary,47.56,50.74,iNaturalist,Astronomy,0.335,3.1799999999999997,False
V02564,P008,5,8,Self-taught,54.11,59.7,Galaxy_Zoo,Public_Health,0.428,5.590000000000003,False
V02565,P019,4,20,Teacher,56.79,67.5,eBird,Biochemistry,0.526,10.71,True
V02566,P096,31,8,Secondary,59.65,66.78,iNaturalist,Biochemistry,0.473,7.130000000000003,False
V02567,P128,26,10,Teacher,67.45,75.56,Galaxy_Zoo,Public_Health,0.344,8.11,False
V02568,P048,5,8,Graduate,63.84,66.94,Zooniverse,Astronomy,0.437,3.0999999999999943,False
V02569,P052,9,17,Secondary,54.3,65.1,iNaturalist,Biodiversity,0.477,10.799999999999997,True
V02570,P065,13,14,Secondary,51.57,61.07,eBird,Biodiversity,0.645,9.5,True
V02571,P226,3,15,Undergraduate,61.49,65.87,Zooniverse,Climate,0.559,4.380000000000003,True
V02572,P223,24,14,Undergraduate,76.76,85.64,Galaxy_Zoo,Astronomy,0.337,8.879999999999995,True
V02573,P104,29,12,Graduate,70.29,77.88,eBird,Climate,0.621,7.589999999999989,True
V02574,P048,11,12,Undergraduate,50.47,59.45,Zooniverse,Astronomy,0.437,8.980000000000004,True
V02575,P034,16,10,Secondary,41.76,49.32,eBird,Public_Health,0.782,7.560000000000002,False
V02576,P028,14,7,Teacher,66.81,75.55,Zooniverse,Biodiversity,0.452,8.739999999999995,False
V02577,P107,10,8,Undergraduate,54.05,60.11,iNaturalist,Ecology,0.511,6.060000000000002,False
V02578,P016,2,15,Secondary,56.4,64.15,eBird,Biochemistry,0.627,7.750000000000007,True
V02579,P092,8,6,Self-taught,54.0,62.74,eBird,Public_Health,0.782,8.740000000000002,False
V02580,P284,6,9,Secondary,51.41,57.52,Galaxy_Zoo,Public_Health,0.463,6.1100000000000065,False
V02581,P143,9,18,Secondary,43.81,55.04,Zooniverse,Public_Health,0.442,11.229999999999997,True
V02582,P238,43,13,Graduate,56.69,57.9,eBird,Astronomy,0.622,1.2100000000000009,True
V02583,P038,52,10,Graduate,69.37,80.83,eBird,Ecology,0.498,11.459999999999994,False
V02584,P074,1,17,Self-taught,51.89,61.48,Zooniverse,Biochemistry,0.286,9.589999999999996,True
V02585,P281,7,23,Teacher,65.64,73.8,iNaturalist,Astronomy,0.497,8.159999999999997,True
V02586,P104,25,14,Self-taught,53.19,60.42,eBird,Climate,0.621,7.230000000000004,True
V02587,P182,20,13,Undergraduate,47.51,54.11,Foldit,Astronomy,0.567,6.600000000000001,True
V02588,P289,3,10,Graduate,68.05,73.99,Galaxy_Zoo,Biodiversity,0.468,5.939999999999998,False
V02589,P152,22,2,Secondary,70.36,73.99,Foldit,Biodiversity,0.457,3.6299999999999955,False
V02590,P085,1,5,Graduate,61.14,69.52,iNaturalist,Biochemistry,0.542,8.379999999999995,False
V02591,P147,1,6,Undergraduate,83.12,88.26,Galaxy_Zoo,Biochemistry,0.351,5.140000000000001,False
V02592,P018,5,12,Secondary,51.91,62.27,Zooniverse,Biochemistry,0.451,10.360000000000007,True
V02593,P034,11,7,Secondary,48.46,53.72,eBird,Public_Health,0.782,5.259999999999998,False
V02594,P003,18,2,Undergraduate,63.74,68.46,Galaxy_Zoo,Biodiversity,0.343,4.719999999999992,False
V02595,P257,10,7,Self-taught,57.51,59.62,Foldit,Astronomy,0.35,2.1099999999999994,False
V02596,P191,1,13,Undergraduate,45.11,50.28,Zooniverse,Public_Health,0.559,5.170000000000002,True
V02597,P083,30,32,Self-taught,63.16,74.24,Foldit,Biodiversity,0.546,11.079999999999998,True
V02598,P063,24,14,Graduate,85.54,93.72,iNaturalist,Biodiversity,0.65,8.179999999999993,True
V02599,P194,6,26,Undergraduate,52.33,63.63,eBird,Ecology,0.57,11.300000000000004,True
V02600,P271,8,2,Graduate,50.89,50.37,Galaxy_Zoo,Astronomy,0.247,-0.5200000000000031,False
V02601,P083,2,6,Secondary,49.97,54.71,Foldit,Biodiversity,0.546,4.740000000000002,False
V02602,P088,1,17,Teacher,77.37,82.69,eBird,Public_Health,0.635,5.319999999999993,True
V02603,P248,5,7,Self-taught,63.16,68.32,iNaturalist,Biodiversity,0.604,5.159999999999997,False
V02604,P261,16,13,Undergraduate,52.29,62.5,SciStarter,Biodiversity,0.571,10.21,True
V02605,P267,19,3,Secondary,67.89,74.21,Foldit,Biodiversity,0.307,6.319999999999993,False
V02606,P080,7,5,Self-taught,47.5,53.39,Galaxy_Zoo,Climate,0.383,5.890000000000001,False
V02607,P036,17,2,Graduate,74.83,80.62,Zooniverse,Biodiversity,0.411,5.790000000000006,False
V02608,P119,10,9,Undergraduate,55.81,62.67,eBird,Climate,0.739,6.859999999999999,False
V02609,P081,4,5,Self-taught,51.98,58.68,Foldit,Ecology,0.312,6.700000000000003,False
V02610,P257,19,3,Undergraduate,47.97,52.78,Foldit,Astronomy,0.35,4.810000000000002,False
V02611,P012,5,4,Undergraduate,73.11,77.27,Zooniverse,Astronomy,0.451,4.159999999999997,False
V02612,P177,18,8,Graduate,61.5,64.76,Galaxy_Zoo,Public_Health,0.257,3.260000000000005,False
V02613,P264,70,9,Graduate,67.2,75.07,Zooniverse,Biodiversity,0.4,7.86999999999999,False
V02614,P289,8,17,Graduate,70.85,78.7,Galaxy_Zoo,Biodiversity,0.468,7.8500000000000085,True
V02615,P183,10,2,Self-taught,51.72,60.53,eBird,Biodiversity,0.553,8.810000000000002,False
V02616,P282,20,17,Secondary,40.74,43.59,iNaturalist,Climate,0.443,2.8500000000000014,True
V02617,P025,20,11,Secondary,44.51,46.87,Galaxy_Zoo,Public_Health,0.442,2.3599999999999994,False
V02618,P099,7,5,Secondary,57.81,62.93,iNaturalist,Astronomy,0.335,5.119999999999997,False
V02619,P004,11,20,Secondary,49.27,61.69,iNaturalist,Public_Health,0.533,12.419999999999995,True
V02620,P292,19,22,Secondary,45.53,55.47,eBird,Ecology,0.601,9.939999999999998,True
V02621,P264,6,6,Graduate,75.49,81.11,Zooniverse,Biodiversity,0.4,5.6200000000000045,False
V02622,P009,15,10,Teacher,64.46,73.7,iNaturalist,Astronomy,0.507,9.240000000000009,False
V02623,P007,6,3,Graduate,62.26,64.49,Galaxy_Zoo,Biochemistry,0.319,2.229999999999997,False
V02624,P100,1,21,Undergraduate,66.52,75.36,Foldit,Ecology,0.591,8.840000000000003,True
V02625,P070,30,10,Undergraduate,45.73,59.5,eBird,Biodiversity,0.641,13.770000000000003,False
V02626,P246,6,6,Undergraduate,57.39,64.65,Foldit,Biochemistry,0.577,7.260000000000005,False
V02627,P047,1,18,Teacher,65.8,73.8,eBird,Public_Health,0.734,8.0,True
V02628,P228,6,5,Self-taught,53.06,57.73,iNaturalist,Biochemistry,0.562,4.669999999999995,False
V02629,P154,1,9,Secondary,47.58,59.33,eBird,Biodiversity,0.66,11.75,False
V02630,P103,17,7,Graduate,54.21,60.9,SciStarter,Public_Health,0.285,6.689999999999998,False
V02631,P043,26,8,Secondary,41.81,48.76,iNaturalist,Climate,0.729,6.949999999999996,False
V02632,P298,8,3,Undergraduate,66.62,73.7,Galaxy_Zoo,Ecology,0.257,7.079999999999998,False
V02633,P171,19,10,Self-taught,45.47,54.79,eBird,Biochemistry,0.62,9.32,False
V02634,P119,34,12,Secondary,52.56,59.06,eBird,Climate,0.739,6.5,True
V02635,P102,4,6,Undergraduate,60.4,63.55,Galaxy_Zoo,Ecology,0.373,3.1499999999999986,False
V02636,P264,6,9,Graduate,58.78,62.16,Zooniverse,Biodiversity,0.4,3.3799999999999955,False
V02637,P238,10,3,Secondary,45.72,49.58,eBird,Astronomy,0.622,3.8599999999999994,False
V02638,P234,4,8,Undergraduate,55.04,61.93,Foldit,Public_Health,0.558,6.890000000000001,False
V02639,P171,13,8,Undergraduate,74.91,82.77,eBird,Biochemistry,0.62,7.859999999999999,False
V02640,P258,2,2,Undergraduate,60.03,60.57,Galaxy_Zoo,Ecology,0.315,0.5399999999999991,False
V02641,P083,24,8,Undergraduate,58.51,64.15,Foldit,Biodiversity,0.546,5.640000000000008,False
V02642,P199,4,5,Secondary,49.38,53.84,Galaxy_Zoo,Biodiversity,0.383,4.460000000000001,False
V02643,P110,23,7,Undergraduate,60.41,63.0,Foldit,Ecology,0.374,2.5900000000000034,False
V02644,P167,7,12,Graduate,69.19,78.42,Foldit,Biochemistry,0.514,9.230000000000004,True
V02645,P298,35,3,Teacher,77.34,87.38,Galaxy_Zoo,Ecology,0.257,10.039999999999992,False
V02646,P293,19,5,Self-taught,59.88,70.09,Galaxy_Zoo,Public_Health,0.342,10.21,False
V02647,P143,31,9,Secondary,59.02,63.39,Zooniverse,Public_Health,0.442,4.369999999999997,False
V02648,P160,1,13,Teacher,71.6,77.01,eBird,Climate,0.758,5.410000000000011,True
V02649,P263,11,23,Secondary,56.19,69.39,eBird,Ecology,0.699,13.200000000000003,True
V02650,P293,2,11,Undergraduate,59.15,62.88,Galaxy_Zoo,Public_Health,0.342,3.730000000000004,False
V02651,P225,6,12,Teacher,67.98,71.79,eBird,Public_Health,0.583,3.8100000000000023,True
V02652,P021,18,12,Undergraduate,60.58,68.75,SciStarter,Astronomy,0.442,8.170000000000002,True
V02653,P089,8,13,Undergraduate,46.76,51.81,Zooniverse,Astronomy,0.441,5.050000000000004,True
V02654,P262,9,5,Secondary,48.82,53.77,Foldit,Biochemistry,0.589,4.950000000000003,False
V02655,P223,11,7,Graduate,76.15,85.81,Galaxy_Zoo,Astronomy,0.337,9.659999999999997,False
V02656,P213,5,7,Undergraduate,55.09,57.47,SciStarter,Biochemistry,0.312,2.3799999999999955,False
V02657,P190,1,14,Secondary,54.04,63.26,iNaturalist,Astronomy,0.721,9.219999999999999,True
V02658,P114,6,5,Secondary,45.23,45.16,Foldit,Public_Health,0.362,-0.07000000000000028,False
V02659,P109,3,4,Undergraduate,57.59,59.31,iNaturalist,Climate,0.497,1.7199999999999989,False
V02660,P233,33,16,Secondary,51.12,60.1,eBird,Climate,0.618,8.980000000000004,True
V02661,P080,13,4,Secondary,43.45,45.66,Galaxy_Zoo,Climate,0.383,2.2099999999999937,False
V02662,P194,7,15,Undergraduate,45.32,51.39,eBird,Ecology,0.57,6.07,True
V02663,P207,20,5,Graduate,66.35,69.97,eBird,Ecology,0.626,3.6200000000000045,False
V02664,P245,6,26,Undergraduate,59.65,70.2,iNaturalist,Biochemistry,0.631,10.550000000000004,True
V02665,P088,15,12,Graduate,71.2,76.89,eBird,Public_Health,0.635,5.689999999999998,True
V02666,P213,4,6,Secondary,49.52,56.38,SciStarter,Biochemistry,0.312,6.859999999999999,False
V02667,P033,11,1,Undergraduate,58.99,61.99,Galaxy_Zoo,Public_Health,0.158,3.0,False
V02668,P040,8,8,Secondary,52.24,55.05,Zooniverse,Biodiversity,0.563,2.809999999999995,False
V02669,P115,20,28,Secondary,52.21,68.23,eBird,Astronomy,0.676,16.020000000000003,True
V02670,P018,17,1,Self-taught,41.45,46.42,Zooniverse,Biochemistry,0.451,4.969999999999999,False
V02671,P282,7,11,Graduate,70.19,75.05,iNaturalist,Climate,0.443,4.859999999999999,False
V02672,P264,27,2,Undergraduate,56.02,59.34,Zooniverse,Biodiversity,0.4,3.3200000000000003,False
V02673,P017,18,11,Graduate,94.74,100.0,Galaxy_Zoo,Climate,0.448,5.260000000000005,False
V02674,P243,1,7,Undergraduate,82.25,87.49,SciStarter,Ecology,0.524,5.239999999999995,False
V02675,P143,39,10,Self-taught,53.46,57.25,Zooniverse,Public_Health,0.442,3.789999999999999,False
V02676,P199,21,6,Undergraduate,65.31,74.72,Galaxy_Zoo,Biodiversity,0.383,9.409999999999997,False
V02677,P257,10,11,Secondary,48.09,54.82,Foldit,Astronomy,0.35,6.729999999999997,False
V02678,P160,7,16,Secondary,54.8,63.54,eBird,Climate,0.758,8.740000000000002,True
V02679,P035,22,8,Undergraduate,82.8,87.02,iNaturalist,Biodiversity,0.331,4.219999999999999,False
V02680,P001,17,15,Self-taught,54.96,68.05,Zooniverse,Public_Health,0.458,13.089999999999996,True
V02681,P140,22,7,Secondary,55.63,61.65,iNaturalist,Climate,0.625,6.019999999999996,False
V02682,P282,8,15,Self-taught,68.46,75.08,iNaturalist,Climate,0.443,6.6200000000000045,True
V02683,P159,15,6,Secondary,54.01,59.27,Foldit,Public_Health,0.398,5.260000000000005,False
V02684,P102,19,13,Undergraduate,42.07,49.56,Galaxy_Zoo,Ecology,0.373,7.490000000000002,True
V02685,P009,10,4,Secondary,52.13,58.39,iNaturalist,Astronomy,0.507,6.259999999999998,False
V02686,P268,11,13,Self-taught,58.62,58.41,Galaxy_Zoo,Climate,0.302,-0.21000000000000085,True
V02687,P091,8,10,Undergraduate,47.73,59.13,eBird,Biochemistry,0.558,11.400000000000006,False
V02688,P200,9,8,Undergraduate,52.69,56.17,Zooniverse,Biodiversity,0.485,3.480000000000004,False
V02689,P197,2,7,Undergraduate,67.59,75.84,Zooniverse,Ecology,0.387,8.25,False
V02690,P070,12,6,Graduate,75.7,82.28,eBird,Biodiversity,0.641,6.579999999999998,False
V02691,P020,1,21,Secondary,53.08,63.65,Zooniverse,Public_Health,0.586,10.57,True
V02692,P104,28,13,Teacher,63.8,69.04,eBird,Climate,0.621,5.240000000000009,True
V02693,P088,23,4,Secondary,51.28,54.52,eBird,Public_Health,0.635,3.240000000000002,False
V02694,P198,4,23,Undergraduate,50.72,60.9,eBird,Biodiversity,0.702,10.18,True
V02695,P237,7,15,Secondary,53.41,57.38,Zooniverse,Public_Health,0.556,3.970000000000006,True
V02696,P063,17,20,Graduate,75.52,84.5,iNaturalist,Biodiversity,0.65,8.980000000000004,True
V02697,P147,13,4,Undergraduate,64.96,70.53,Galaxy_Zoo,Biochemistry,0.351,5.570000000000007,False
V02698,P014,29,6,Undergraduate,65.94,72.62,SciStarter,Biodiversity,0.428,6.680000000000007,False
V02699,P061,26,12,Secondary,56.75,65.42,Zooniverse,Public_Health,0.445,8.670000000000002,True
V02700,P220,11,12,Secondary,54.69,60.26,eBird,Public_Health,0.734,5.57,True
V02701,P228,3,10,Undergraduate,77.22,79.22,iNaturalist,Biochemistry,0.562,2.0,False
V02702,P225,9,6,Secondary,60.78,63.49,eBird,Public_Health,0.583,2.710000000000001,False
V02703,P041,17,12,Secondary,64.93,71.29,SciStarter,Biochemistry,0.426,6.359999999999999,True
V02704,P152,19,3,Undergraduate,60.77,61.99,Foldit,Biodiversity,0.457,1.2199999999999989,False
V02705,P116,11,11,Secondary,53.11,60.83,Zooniverse,Public_Health,0.39,7.719999999999999,False
V02706,P294,6,12,Self-taught,55.5,61.78,iNaturalist,Ecology,0.441,6.280000000000001,True
V02707,P184,3,18,Self-taught,50.39,56.17,Foldit,Public_Health,0.472,5.780000000000001,True
V02708,P278,1,5,Secondary,53.07,57.75,SciStarter,Ecology,0.356,4.68,False
V02709,P043,1,14,Graduate,78.61,84.89,iNaturalist,Climate,0.729,6.280000000000001,True
V02710,P125,5,13,Secondary,48.1,58.25,Zooniverse,Biochemistry,0.488,10.149999999999999,True
V02711,P223,15,10,Self-taught,51.36,57.31,Galaxy_Zoo,Astronomy,0.337,5.950000000000003,False
V02712,P101,8,8,Teacher,66.88,72.94,Galaxy_Zoo,Biodiversity,0.492,6.060000000000002,False
V02713,P177,6,3,Undergraduate,68.4,73.5,Galaxy_Zoo,Public_Health,0.257,5.099999999999994,False
V02714,P143,29,4,Teacher,73.88,75.27,Zooniverse,Public_Health,0.442,1.3900000000000006,False
V02715,P294,16,5,Undergraduate,54.01,62.47,iNaturalist,Ecology,0.441,8.46,False
V02716,P049,1,8,Self-taught,65.99,68.02,eBird,Ecology,0.78,2.030000000000001,False
V02717,P278,9,6,Undergraduate,64.24,70.52,SciStarter,Ecology,0.356,6.280000000000001,False
V02718,P108,6,6,Secondary,63.46,67.82,Zooniverse,Public_Health,0.423,4.359999999999992,False
V02719,P130,11,8,Self-taught,65.11,73.32,iNaturalist,Climate,0.557,8.209999999999994,False
V02720,P147,11,7,Teacher,76.17,77.89,Galaxy_Zoo,Biochemistry,0.351,1.7199999999999989,False
V02721,P072,9,13,Graduate,76.79,82.02,Zooniverse,Astronomy,0.411,5.22999999999999,True
V02722,P286,7,10,Undergraduate,66.34,75.47,Galaxy_Zoo,Biochemistry,0.416,9.129999999999995,False
V02723,P266,2,6,Undergraduate,59.77,62.0,Foldit,Ecology,0.585,2.229999999999997,False
V02724,P287,3,9,Teacher,76.94,76.55,Zooniverse,Astronomy,0.507,-0.39000000000000057,False
V02725,P297,3,9,Self-taught,47.16,54.4,Zooniverse,Public_Health,0.493,7.240000000000002,False
V02726,P190,3,10,Self-taught,62.39,68.66,iNaturalist,Astronomy,0.721,6.269999999999996,False
V02727,P125,5,5,Graduate,71.38,76.34,Zooniverse,Biochemistry,0.488,4.960000000000008,False
V02728,P248,13,6,Secondary,48.2,52.14,iNaturalist,Biodiversity,0.604,3.9399999999999977,False
V02729,P009,18,14,Self-taught,66.52,75.74,iNaturalist,Astronomy,0.507,9.219999999999999,True
V02730,P241,7,6,Undergraduate,71.27,72.44,Galaxy_Zoo,Ecology,0.434,1.1700000000000017,False
V02731,P140,11,11,Graduate,68.44,76.27,iNaturalist,Climate,0.625,7.829999999999998,False
V02732,P192,2,11,Self-taught,61.71,62.95,eBird,Public_Health,0.577,1.240000000000002,False
V02733,P102,40,6,Undergraduate,63.0,72.12,Galaxy_Zoo,Ecology,0.373,9.120000000000005,False
V02734,P101,1,7,Secondary,46.95,50.51,Galaxy_Zoo,Biodiversity,0.492,3.559999999999995,False
V02735,P010,13,9,Teacher,60.69,63.03,Zooniverse,Ecology,0.402,2.3400000000000034,False
V02736,P116,1,3,Secondary,56.9,61.95,Zooniverse,Public_Health,0.39,5.050000000000004,False
V02737,P112,27,6,Undergraduate,54.99,61.28,iNaturalist,Biochemistry,0.384,6.289999999999999,False
V02738,P064,8,2,Teacher,59.68,67.68,SciStarter,Ecology,0.388,8.000000000000007,False
V02739,P068,20,9,Self-taught,54.8,64.38,iNaturalist,Biodiversity,0.585,9.579999999999998,False
V02740,P162,17,8,Undergraduate,57.25,63.69,iNaturalist,Ecology,0.67,6.439999999999998,False
V02741,P088,5,10,Secondary,56.36,65.36,eBird,Public_Health,0.635,9.0,False
V02742,P240,5,8,Self-taught,55.64,63.65,Zooniverse,Biochemistry,0.343,8.009999999999998,False
V02743,P034,2,10,Teacher,75.82,85.0,eBird,Public_Health,0.782,9.180000000000007,False
V02744,P160,17,18,Secondary,40.2,47.07,eBird,Climate,0.758,6.869999999999997,True
V02745,P047,3,21,Self-taught,59.04,62.6,eBird,Public_Health,0.734,3.5600000000000023,True
V02746,P147,1,3,Undergraduate,69.06,72.0,Galaxy_Zoo,Biochemistry,0.351,2.9399999999999977,False
V02747,P153,20,8,Self-taught,62.63,67.65,SciStarter,Astronomy,0.411,5.020000000000003,False
V02748,P180,34,12,Undergraduate,50.28,52.53,Zooniverse,Astronomy,0.571,2.25,True
V02749,P117,43,4,Undergraduate,69.84,72.98,Galaxy_Zoo,Ecology,0.459,3.1400000000000006,False
V02750,P143,6,3,Undergraduate,54.48,60.02,Zooniverse,Public_Health,0.442,5.540000000000006,False
V02751,P050,4,6,Undergraduate,65.43,65.94,Galaxy_Zoo,Biodiversity,0.435,0.5099999999999909,False
V02752,P129,1,10,Self-taught,57.69,67.62,Zooniverse,Biodiversity,0.456,9.930000000000007,False
V02753,P102,13,13,Undergraduate,57.12,63.83,Galaxy_Zoo,Ecology,0.373,6.710000000000001,True
V02754,P189,8,13,Secondary,47.2,55.66,SciStarter,Public_Health,0.533,8.459999999999994,True
V02755,P119,16,12,Self-taught,58.56,66.47,eBird,Climate,0.739,7.909999999999997,True
V02756,P226,4,15,Self-taught,72.59,78.42,Zooniverse,Climate,0.559,5.829999999999998,True
V02757,P116,26,8,Self-taught,67.16,73.86,Zooniverse,Public_Health,0.39,6.700000000000003,False
V02758,P066,25,14,Undergraduate,44.03,49.87,iNaturalist,Astronomy,0.531,5.839999999999996,True
V02759,P074,1,7,Graduate,71.55,73.82,Zooniverse,Biochemistry,0.286,2.269999999999996,False
V02760,P016,33,19,Undergraduate,72.49,80.53,eBird,Biochemistry,0.627,8.040000000000006,True
V02761,P151,6,7,Undergraduate,49.57,52.88,eBird,Biodiversity,0.671,3.3100000000000023,False
V02762,P240,5,8,Graduate,72.28,78.05,Zooniverse,Biochemistry,0.343,5.769999999999996,False
V02763,P223,3,19,Graduate,57.43,67.14,Galaxy_Zoo,Astronomy,0.337,9.71,True
V02764,P119,9,14,Graduate,74.31,83.73,eBird,Climate,0.739,9.420000000000002,True
V02765,P055,5,3,Secondary,53.28,59.63,Zooniverse,Biodiversity,0.508,6.350000000000001,False
V02766,P251,4,13,Secondary,49.55,55.97,iNaturalist,Public_Health,0.53,6.420000000000002,True
V02767,P018,15,7,Secondary,55.35,61.63,Zooniverse,Biochemistry,0.451,6.280000000000001,False
V02768,P108,4,5,Teacher,81.61,87.6,Zooniverse,Public_Health,0.423,5.989999999999995,False
V02769,P249,11,22,Undergraduate,59.35,70.71,Galaxy_Zoo,Climate,0.421,11.359999999999992,True
V02770,P107,7,9,Graduate,66.65,75.8,iNaturalist,Ecology,0.511,9.149999999999991,False
V02771,P036,16,7,Undergraduate,62.42,65.1,Zooniverse,Biodiversity,0.411,2.6799999999999926,False
V02772,P072,2,10,Secondary,47.15,53.28,Zooniverse,Astronomy,0.411,6.130000000000003,False
V02773,P167,10,10,Graduate,82.37,87.38,Foldit,Biochemistry,0.514,5.009999999999991,False
V02774,P045,13,8,Teacher,61.03,65.18,eBird,Ecology,0.63,4.150000000000006,False
V02775,P184,22,12,Secondary,48.47,60.73,Foldit,Public_Health,0.472,12.259999999999998,True
V02776,P119,18,25,Secondary,48.68,64.24,eBird,Climate,0.739,15.559999999999995,True
V02777,P092,32,18,Self-taught,59.0,70.48,eBird,Public_Health,0.782,11.480000000000004,True
V02778,P066,32,13,Undergraduate,70.17,78.02,iNaturalist,Astronomy,0.531,7.849999999999994,True
V02779,P238,7,5,Self-taught,64.23,67.17,eBird,Astronomy,0.622,2.9399999999999977,False
V02780,P107,4,17,Secondary,58.15,65.55,iNaturalist,Ecology,0.511,7.399999999999999,True
V02781,P211,37,13,Undergraduate,69.03,77.57,Galaxy_Zoo,Climate,0.338,8.539999999999992,True
V02782,P120,27,2,Undergraduate,42.39,48.69,Galaxy_Zoo,Climate,0.338,6.299999999999997,False
V02783,P029,16,17,Teacher,70.0,78.75,Zooniverse,Climate,0.438,8.75,True
V02784,P120,16,9,Self-taught,65.37,73.28,Galaxy_Zoo,Climate,0.338,7.909999999999997,False
V02785,P143,12,14,Self-taught,67.89,73.86,Zooniverse,Public_Health,0.442,5.969999999999999,True
V02786,P127,7,4,Self-taught,59.2,64.37,Galaxy_Zoo,Astronomy,0.324,5.170000000000002,False
V02787,P236,10,9,Graduate,60.32,63.51,Zooniverse,Biodiversity,0.381,3.1899999999999977,False
V02788,P265,17,7,Secondary,49.01,55.47,Zooniverse,Ecology,0.494,6.460000000000001,False
V02789,P228,1,9,Self-taught,66.09,69.17,iNaturalist,Biochemistry,0.562,3.0799999999999983,False
V02790,P162,16,4,Graduate,64.29,68.14,iNaturalist,Ecology,0.67,3.8499999999999943,False
V02791,P151,3,6,Teacher,68.94,73.97,eBird,Biodiversity,0.671,5.030000000000001,False
V02792,P181,22,9,Undergraduate,54.66,60.28,Zooniverse,Astronomy,0.503,5.6200000000000045,False
V02793,P078,8,25,Secondary,35.9,51.12,eBird,Ecology,0.658,15.219999999999999,True
V02794,P234,1,9,Undergraduate,64.56,73.05,Foldit,Public_Health,0.558,8.489999999999995,False
V02795,P249,9,7,Graduate,74.87,75.05,Galaxy_Zoo,Climate,0.421,0.1799999999999926,False
V02796,P073,17,15,Secondary,44.95,54.56,SciStarter,Biodiversity,0.534,9.61,True
V02797,P264,11,4,Undergraduate,52.39,54.28,Zooniverse,Biodiversity,0.4,1.8900000000000006,False
V02798,P247,22,14,Undergraduate,51.46,60.86,SciStarter,Biodiversity,0.442,9.399999999999999,True
V02799,P116,10,4,Self-taught,48.26,53.15,Zooniverse,Public_Health,0.39,4.890000000000001,False
V02800,P265,35,6,Undergraduate,72.66,77.41,Zooniverse,Ecology,0.494,4.75,False
V02801,P036,15,6,Graduate,68.2,75.85,Zooniverse,Biodiversity,0.411,7.6499999999999915,False
V02802,P009,1,10,Secondary,42.73,52.42,iNaturalist,Astronomy,0.507,9.690000000000005,False
V02803,P095,13,11,Secondary,47.31,53.41,eBird,Public_Health,0.512,6.099999999999994,False
V02804,P157,15,12,Graduate,91.13,96.99,Galaxy_Zoo,Ecology,0.421,5.859999999999999,True
V02805,P096,14,4,Secondary,42.36,43.47,iNaturalist,Biochemistry,0.473,1.1099999999999994,False
V02806,P281,8,4,Secondary,65.52,65.12,iNaturalist,Astronomy,0.497,-0.3999999999999915,False
V02807,P070,22,13,Secondary,57.28,67.81,eBird,Biodiversity,0.641,10.530000000000001,True
V02808,P076,10,8,Undergraduate,67.61,71.52,Zooniverse,Biochemistry,0.418,3.9099999999999966,False
V02809,P177,3,3,Undergraduate,53.23,53.16,Galaxy_Zoo,Public_Health,0.257,-0.07000000000000028,False
V02810,P001,5,6,Graduate,65.68,73.59,Zooniverse,Public_Health,0.458,7.909999999999997,False
V02811,P207,1,23,Graduate,58.43,72.11,eBird,Ecology,0.626,13.68,True
V02812,P103,12,8,Secondary,57.85,59.72,SciStarter,Public_Health,0.285,1.8699999999999974,False
V02813,P290,20,9,Undergraduate,38.18,43.36,Foldit,Biochemistry,0.702,5.18,False
V02814,P197,20,3,Teacher,66.73,76.64,Zooniverse,Ecology,0.387,9.909999999999997,False
V02815,P017,25,2,Secondary,43.72,51.37,Galaxy_Zoo,Climate,0.448,7.649999999999999,False
V02816,P029,2,16,Self-taught,60.75,70.54,Zooniverse,Climate,0.438,9.790000000000006,True
V02817,P028,16,9,Teacher,69.18,79.76,Zooniverse,Biodiversity,0.452,10.579999999999998,False
V02818,P282,7,12,Undergraduate,55.92,62.5,iNaturalist,Climate,0.443,6.579999999999998,True
V02819,P194,6,20,Secondary,51.76,62.03,eBird,Ecology,0.57,10.270000000000003,True
V02820,P117,18,2,Self-taught,49.42,55.84,Galaxy_Zoo,Ecology,0.459,6.420000000000002,False
V02821,P058,15,12,Undergraduate,64.69,71.26,Foldit,Public_Health,0.562,6.570000000000007,True
V02822,P255,2,8,Graduate,72.02,81.55,Zooniverse,Public_Health,0.368,9.530000000000001,False
V02823,P059,7,4,Secondary,41.14,54.59,Zooniverse,Biodiversity,0.462,13.450000000000003,False
V02824,P200,11,6,Undergraduate,68.54,70.96,Zooniverse,Biodiversity,0.485,2.4199999999999875,False
V02825,P220,14,5,Secondary,55.51,55.11,eBird,Public_Health,0.734,-0.3999999999999986,False
V02826,P081,12,7,Teacher,65.64,69.89,Foldit,Ecology,0.312,4.25,False
V02827,P142,21,4,Secondary,59.1,61.25,iNaturalist,Public_Health,0.57,2.1499999999999986,False
V02828,P063,41,16,Graduate,66.39,81.64,iNaturalist,Biodiversity,0.65,15.25,True
V02829,P103,27,19,Undergraduate,66.37,73.53,SciStarter,Public_Health,0.285,7.159999999999997,True
V02830,P286,7,16,Graduate,74.2,82.11,Galaxy_Zoo,Biochemistry,0.416,7.909999999999997,True
V02831,P197,13,3,Secondary,45.84,50.08,Zooniverse,Ecology,0.387,4.239999999999995,False
V02832,P246,16,12,Secondary,55.62,62.08,Foldit,Biochemistry,0.577,6.460000000000001,True
V02833,P151,10,16,Graduate,60.39,68.42,eBird,Biodiversity,0.671,8.030000000000001,True
V02834,P066,10,6,Self-taught,46.89,52.72,iNaturalist,Astronomy,0.531,5.829999999999998,False
V02835,P201,9,18,Teacher,70.18,82.55,eBird,Biodiversity,0.592,12.36999999999999,True
V02836,P141,26,6,Graduate,86.82,92.34,Zooniverse,Astronomy,0.382,5.52000000000001,False
V02837,P049,18,6,Self-taught,70.43,74.64,eBird,Ecology,0.78,4.209999999999994,False
V02838,P112,2,10,Undergraduate,52.62,60.08,iNaturalist,Biochemistry,0.384,7.460000000000001,False
V02839,P177,2,2,Undergraduate,70.14,70.91,Galaxy_Zoo,Public_Health,0.257,0.769999999999996,False
V02840,P210,1,8,Secondary,58.12,61.04,Galaxy_Zoo,Astronomy,0.329,2.9200000000000017,False
V02841,P068,46,7,Graduate,76.28,79.39,iNaturalist,Biodiversity,0.585,3.1099999999999994,False
V02842,P256,9,7,Secondary,50.7,58.95,SciStarter,Astronomy,0.408,8.25,False
V02843,P103,2,14,Secondary,47.74,56.38,SciStarter,Public_Health,0.285,8.64,True
V02844,P074,10,8,Undergraduate,66.42,73.69,Zooniverse,Biochemistry,0.286,7.269999999999996,False
V02845,P054,15,5,Teacher,56.87,54.16,Foldit,Biodiversity,0.419,-2.710000000000001,False
V02846,P231,2,8,Teacher,75.3,81.52,Foldit,Biodiversity,0.56,6.219999999999999,False
V02847,P097,3,24,Graduate,57.82,69.62,iNaturalist,Astronomy,0.474,11.800000000000004,True
V02848,P134,1,14,Undergraduate,72.24,78.52,iNaturalist,Astronomy,0.463,6.280000000000001,True
V02849,P063,19,9,Secondary,51.11,56.71,iNaturalist,Biodiversity,0.65,5.600000000000001,False
V02850,P195,16,1,Undergraduate,59.42,65.43,SciStarter,Biodiversity,0.38,6.010000000000005,False
V02851,P226,4,7,Secondary,57.02,59.89,Zooniverse,Climate,0.559,2.8699999999999974,False
V02852,P092,6,9,Undergraduate,56.46,64.79,eBird,Public_Health,0.782,8.330000000000005,False
V02853,P281,2,9,Self-taught,56.23,61.2,iNaturalist,Astronomy,0.497,4.970000000000006,False
V02854,P009,9,10,Teacher,58.19,66.74,iNaturalist,Astronomy,0.507,8.549999999999997,False
V02855,P038,25,22,Undergraduate,52.79,63.25,eBird,Ecology,0.498,10.46,True
V02856,P163,28,14,Undergraduate,61.53,66.31,iNaturalist,Biodiversity,0.6,4.780000000000001,True
V02857,P199,25,23,Graduate,70.1,77.91,Galaxy_Zoo,Biodiversity,0.383,7.810000000000002,True
V02858,P069,11,2,Self-taught,62.59,64.21,SciStarter,Climate,0.56,1.6199999999999903,False
V02859,P154,2,14,Undergraduate,75.04,84.93,eBird,Biodiversity,0.66,9.89,True
V02860,P088,35,9,Undergraduate,58.09,67.6,eBird,Public_Health,0.635,9.509999999999991,False
V02861,P154,7,19,Graduate,72.8,83.22,eBird,Biodiversity,0.66,10.420000000000002,True
V02862,P185,7,8,Secondary,41.08,48.98,eBird,Biochemistry,0.708,7.899999999999999,False
V02863,P287,4,9,Self-taught,56.93,63.49,Zooniverse,Astronomy,0.507,6.560000000000002,False
V02864,P127,11,11,Undergraduate,50.43,61.55,Galaxy_Zoo,Astronomy,0.324,11.119999999999997,False
V02865,P182,39,9,Secondary,58.32,62.43,Foldit,Astronomy,0.567,4.109999999999999,False
V02866,P160,7,10,Undergraduate,73.82,86.55,eBird,Climate,0.758,12.730000000000004,False
V02867,P088,21,10,Secondary,54.64,62.9,eBird,Public_Health,0.635,8.259999999999998,False
V02868,P070,17,6,Undergraduate,58.95,60.05,eBird,Biodiversity,0.641,1.0999999999999943,False
V02869,P293,5,1,Secondary,41.7,40.81,Galaxy_Zoo,Public_Health,0.342,-0.8900000000000006,False
V02870,P060,22,13,Graduate,78.42,85.9,SciStarter,Ecology,0.385,7.480000000000004,True
V02871,P228,12,19,Undergraduate,45.32,57.6,iNaturalist,Biochemistry,0.562,12.280000000000001,True
V02872,P044,1,6,Teacher,82.58,89.77,Foldit,Public_Health,0.431,7.189999999999998,False
V02873,P231,1,8,Secondary,40.77,42.39,Foldit,Biodiversity,0.56,1.6199999999999974,False
V02874,P051,9,11,Secondary,37.64,44.25,Zooniverse,Climate,0.503,6.609999999999999,False
V02875,P287,16,14,Graduate,74.62,84.73,Zooniverse,Astronomy,0.507,10.11,True
V02876,P195,2,7,Undergraduate,63.71,67.63,SciStarter,Biodiversity,0.38,3.9199999999999946,False
V02877,P028,7,4,Graduate,70.91,74.01,Zooniverse,Biodiversity,0.452,3.1000000000000085,False
V02878,P197,4,7,Undergraduate,45.03,53.03,Zooniverse,Ecology,0.387,8.0,False
V02879,P169,16,10,Teacher,80.57,90.72,Zooniverse,Biochemistry,0.544,10.150000000000006,False
V02880,P092,7,8,Undergraduate,66.76,74.92,eBird,Public_Health,0.782,8.159999999999997,False
V02881,P071,3,10,Secondary,43.71,48.43,eBird,Public_Health,0.51,4.719999999999999,False
V02882,P204,12,8,Graduate,73.33,76.95,eBird,Astronomy,0.612,3.6200000000000045,False
V02883,P213,8,11,Graduate,64.9,71.69,SciStarter,Biochemistry,0.312,6.789999999999992,False
V02884,P091,2,9,Secondary,35.28,39.66,eBird,Biochemistry,0.558,4.3799999999999955,False
V02885,P256,2,3,Secondary,57.6,61.84,SciStarter,Astronomy,0.408,4.240000000000002,False
V02886,P074,12,11,Undergraduate,64.95,71.86,Zooniverse,Biochemistry,0.286,6.909999999999997,False
V02887,P023,22,6,Undergraduate,65.46,71.35,Galaxy_Zoo,Biochemistry,0.348,5.890000000000001,False
V02888,P167,42,5,Undergraduate,66.36,68.78,Foldit,Biochemistry,0.514,2.4200000000000017,False
V02889,P033,5,1,Undergraduate,61.42,64.77,Galaxy_Zoo,Public_Health,0.158,3.3499999999999943,False
V02890,P074,5,12,Self-taught,49.44,48.44,Zooniverse,Biochemistry,0.286,-1.0,True
V02891,P143,3,7,Graduate,71.08,76.57,Zooniverse,Public_Health,0.442,5.489999999999995,False
V02892,P078,9,19,Self-taught,52.99,60.39,eBird,Ecology,0.658,7.399999999999999,True
V02893,P062,30,3,Undergraduate,58.43,62.52,SciStarter,Biochemistry,0.407,4.090000000000003,False
V02894,P199,20,5,Secondary,57.61,55.44,Galaxy_Zoo,Biodiversity,0.383,-2.1700000000000017,False
V02895,P151,3,13,Undergraduate,50.15,59.91,eBird,Biodiversity,0.671,9.759999999999998,True
V02896,P244,17,10,Secondary,53.88,62.7,Galaxy_Zoo,Astronomy,0.454,8.82,False
V02897,P161,2,9,Self-taught,61.28,59.71,Foldit,Ecology,0.41,-1.5700000000000003,False
V02898,P134,21,9,Teacher,59.36,62.68,iNaturalist,Astronomy,0.463,3.3200000000000003,False
V02899,P071,6,14,Secondary,65.4,74.49,eBird,Public_Health,0.51,9.08999999999999,True
V02900,P228,13,15,Teacher,78.31,85.75,iNaturalist,Biochemistry,0.562,7.439999999999998,True
V02901,P055,7,6,Undergraduate,54.15,60.63,Zooniverse,Biodiversity,0.508,6.480000000000004,False
V02902,P067,11,18,Secondary,47.56,61.34,Galaxy_Zoo,Biochemistry,0.33,13.780000000000001,True
V02903,P245,17,10,Secondary,41.8,51.96,iNaturalist,Biochemistry,0.631,10.160000000000004,False
V02904,P213,10,8,Undergraduate,63.05,66.81,SciStarter,Biochemistry,0.312,3.760000000000005,False
V02905,P171,3,6,Undergraduate,56.62,63.95,eBird,Biochemistry,0.62,7.330000000000005,False
V02906,P013,1,5,Undergraduate,50.11,59.45,Zooniverse,Ecology,0.406,9.340000000000003,False
V02907,P037,12,15,Secondary,57.25,68.16,iNaturalist,Ecology,0.562,10.909999999999997,True
V02908,P141,21,2,Secondary,64.91,67.32,Zooniverse,Astronomy,0.382,2.4099999999999966,False
V02909,P216,9,10,Undergraduate,75.69,86.67,iNaturalist,Climate,0.64,10.980000000000004,False
V02910,P129,2,13,Graduate,84.95,92.7,Zooniverse,Biodiversity,0.456,7.75,True
V02911,P006,25,7,Graduate,74.75,84.93,Foldit,Ecology,0.438,10.180000000000007,False
V02912,P050,13,11,Undergraduate,54.64,58.14,Galaxy_Zoo,Biodiversity,0.435,3.5,False
V02913,P163,2,8,Graduate,78.83,80.57,iNaturalist,Biodiversity,0.6,1.7399999999999949,False
V02914,P197,14,12,Secondary,59.17,67.92,Zooniverse,Ecology,0.387,8.75,True
V02915,P011,9,18,Undergraduate,66.89,80.06,eBird,Public_Health,0.836,13.170000000000002,True
V02916,P016,13,10,Graduate,72.2,85.07,eBird,Biochemistry,0.627,12.86999999999999,False
V02917,P071,12,10,Secondary,44.3,49.05,eBird,Public_Health,0.51,4.75,False
V02918,P027,30,4,Secondary,48.95,52.98,iNaturalist,Astronomy,0.526,4.029999999999994,False
V02919,P151,11,7,Secondary,34.79,45.03,eBird,Biodiversity,0.671,10.240000000000002,False
V02920,P037,12,8,Secondary,42.92,47.45,iNaturalist,Ecology,0.562,4.530000000000001,False
V02921,P182,22,10,Secondary,48.35,54.05,Foldit,Astronomy,0.567,5.699999999999996,False
V02922,P225,3,10,Self-taught,59.75,69.05,eBird,Public_Health,0.583,9.299999999999997,False
V02923,P287,14,19,Self-taught,49.69,57.86,Zooniverse,Astronomy,0.507,8.170000000000002,True
V02924,P282,7,7,Teacher,77.1,82.05,iNaturalist,Climate,0.443,4.950000000000003,False
V02925,P074,7,5,Teacher,81.93,83.39,Zooniverse,Biochemistry,0.286,1.4599999999999937,False
V02926,P009,16,17,Undergraduate,60.25,72.92,iNaturalist,Astronomy,0.507,12.670000000000002,True
V02927,P092,16,20,Secondary,56.13,66.91,eBird,Public_Health,0.782,10.779999999999994,True
V02928,P201,3,10,Secondary,44.97,51.48,eBird,Biodiversity,0.592,6.509999999999998,False
V02929,P019,32,12,Undergraduate,58.84,64.17,eBird,Biochemistry,0.526,5.329999999999998,True
V02930,P099,6,10,Secondary,40.58,46.8,iNaturalist,Astronomy,0.335,6.219999999999999,False
V02931,P082,28,2,Undergraduate,54.77,61.96,SciStarter,Biodiversity,0.452,7.189999999999998,False
V02932,P063,3,23,Graduate,69.51,81.04,iNaturalist,Biodiversity,0.65,11.530000000000001,True
V02933,P200,22,10,Self-taught,45.35,48.95,Zooniverse,Biodiversity,0.485,3.6000000000000014,False
V02934,P185,8,17,Self-taught,59.97,70.45,eBird,Biochemistry,0.708,10.480000000000004,True
V02935,P149,17,9,Secondary,64.04,68.73,Zooniverse,Ecology,0.479,4.689999999999998,False
V02936,P265,26,18,Self-taught,50.66,58.37,Zooniverse,Ecology,0.494,7.710000000000001,True
V02937,P033,5,5,Undergraduate,58.4,60.95,Galaxy_Zoo,Public_Health,0.158,2.5500000000000043,False
V02938,P045,37,16,Undergraduate,57.69,61.6,eBird,Ecology,0.63,3.9100000000000037,True
V02939,P104,21,6,Undergraduate,67.17,74.03,eBird,Climate,0.621,6.859999999999999,False
V02940,P185,32,20,Graduate,72.49,87.72,eBird,Biochemistry,0.708,15.230000000000004,True
V02941,P162,13,7,Secondary,38.41,43.65,iNaturalist,Ecology,0.67,5.240000000000002,False
V02942,P024,66,16,Graduate,74.03,83.99,Foldit,Astronomy,0.416,9.959999999999994,True
V02943,P283,43,8,Self-taught,43.6,45.07,SciStarter,Biodiversity,0.339,1.4699999999999989,False
V02944,P085,4,18,Secondary,51.01,60.83,iNaturalist,Biochemistry,0.542,9.82,True
V02945,P099,5,7,Secondary,48.29,57.95,iNaturalist,Astronomy,0.335,9.660000000000004,False
V02946,P174,34,9,Undergraduate,60.27,69.88,Foldit,Astronomy,0.548,9.609999999999992,False
V02947,P281,7,11,Graduate,73.9,82.41,iNaturalist,Astronomy,0.497,8.509999999999991,False
V02948,P187,16,12,Undergraduate,70.03,76.79,Galaxy_Zoo,Biochemistry,0.294,6.760000000000005,True
V02949,P282,1,18,Undergraduate,51.31,55.78,iNaturalist,Climate,0.443,4.469999999999999,True
V02950,P051,2,3,Self-taught,49.84,51.3,Zooniverse,Climate,0.503,1.4599999999999937,False
V02951,P172,10,9,Undergraduate,67.47,73.63,Galaxy_Zoo,Climate,0.392,6.159999999999997,False
V02952,P240,17,3,Secondary,68.8,69.04,Zooniverse,Biochemistry,0.343,0.2400000000000091,False
V02953,P143,8,11,Graduate,72.0,81.01,Zooniverse,Public_Health,0.442,9.010000000000005,False
V02954,P099,6,6,Self-taught,60.35,66.46,iNaturalist,Astronomy,0.335,6.109999999999992,False
V02955,P293,14,16,Secondary,45.14,49.19,Galaxy_Zoo,Public_Health,0.342,4.049999999999997,True
V02956,P041,13,3,Teacher,71.62,74.71,SciStarter,Biochemistry,0.426,3.089999999999989,False
V02957,P112,13,25,Undergraduate,55.33,74.06,iNaturalist,Biochemistry,0.384,18.730000000000004,True
V02958,P255,1,5,Graduate,79.35,79.24,Zooniverse,Public_Health,0.368,-0.10999999999999943,False
V02959,P264,9,7,Teacher,64.0,72.4,Zooniverse,Biodiversity,0.4,8.400000000000006,False
V02960,P291,3,26,Undergraduate,67.12,78.71,SciStarter,Astronomy,0.542,11.58999999999999,True
V02961,P257,36,2,Undergraduate,62.41,62.57,Foldit,Astronomy,0.35,0.1600000000000037,False
V02962,P017,4,8,Undergraduate,56.4,65.42,Galaxy_Zoo,Climate,0.448,9.020000000000003,False
V02963,P274,2,9,Secondary,56.66,59.39,iNaturalist,Public_Health,0.53,2.730000000000004,False
V02964,P117,24,11,Secondary,44.2,48.71,Galaxy_Zoo,Ecology,0.459,4.509999999999998,False
V02965,P183,24,8,Self-taught,70.7,77.62,eBird,Biodiversity,0.553,6.920000000000002,False
V02966,P107,7,7,Secondary,56.88,67.06,iNaturalist,Ecology,0.511,10.18,False
V02967,P235,12,9,Secondary,59.26,63.29,Foldit,Biochemistry,0.482,4.030000000000001,False
V02968,P160,1,6,Self-taught,59.17,66.52,eBird,Climate,0.758,7.349999999999994,False
V02969,P246,5,9,Secondary,36.68,44.29,Foldit,Biochemistry,0.577,7.609999999999999,False
V02970,P053,20,1,Secondary,45.73,50.66,Foldit,Public_Health,0.444,4.93,False
V02971,P051,10,11,Undergraduate,52.11,59.38,Zooniverse,Climate,0.503,7.270000000000003,False
V02972,P120,22,12,Undergraduate,53.26,57.4,Galaxy_Zoo,Climate,0.338,4.140000000000001,True
V02973,P001,7,10,Self-taught,51.57,53.99,Zooniverse,Public_Health,0.458,2.4200000000000017,False
V02974,P197,10,8,Undergraduate,71.14,80.4,Zooniverse,Ecology,0.387,9.260000000000005,False
V02975,P082,6,24,Self-taught,61.72,75.41,SciStarter,Biodiversity,0.452,13.689999999999998,True
V02976,P154,5,16,Graduate,83.33,93.57,eBird,Biodiversity,0.66,10.239999999999995,True
V02977,P023,6,4,Graduate,84.44,88.18,Galaxy_Zoo,Biochemistry,0.348,3.740000000000009,False
V02978,P048,30,12,Self-taught,44.79,52.8,Zooniverse,Astronomy,0.437,8.009999999999998,True
V02979,P173,22,19,Teacher,71.65,77.33,eBird,Biochemistry,0.67,5.679999999999993,True
V02980,P085,5,6,Graduate,71.21,74.97,iNaturalist,Biochemistry,0.542,3.760000000000005,False
V02981,P061,13,18,Secondary,53.0,61.89,Zooniverse,Public_Health,0.445,8.89,True
V02982,P065,4,14,Self-taught,50.17,61.58,eBird,Biodiversity,0.645,11.409999999999997,True
V02983,P061,25,18,Graduate,74.84,88.7,Zooniverse,Public_Health,0.445,13.86,True
V02984,P173,1,7,Teacher,58.29,60.08,eBird,Biochemistry,0.67,1.7899999999999991,False
V02985,P048,46,10,Undergraduate,61.29,70.36,Zooniverse,Astronomy,0.437,9.07,False
V02986,P099,2,8,Undergraduate,45.56,55.3,iNaturalist,Astronomy,0.335,9.739999999999995,False
V02987,P195,56,5,Undergraduate,65.98,73.74,SciStarter,Biodiversity,0.38,7.759999999999991,False
V02988,P143,16,15,Undergraduate,60.38,63.79,Zooniverse,Public_Health,0.442,3.4099999999999966,True
V02989,P165,7,14,Self-taught,65.13,69.3,SciStarter,Astronomy,0.481,4.170000000000002,True
V02990,P069,2,8,Undergraduate,48.77,55.21,SciStarter,Climate,0.56,6.439999999999998,False
V02991,P277,14,22,Graduate,81.36,92.6,Galaxy_Zoo,Astronomy,0.623,11.239999999999995,True
V02992,P113,42,2,Secondary,48.98,55.91,Zooniverse,Biodiversity,0.53,6.93,False
V02993,P078,18,14,Secondary,50.29,58.08,eBird,Ecology,0.658,7.789999999999999,True
V02994,P264,4,13,Secondary,53.72,63.79,Zooniverse,Biodiversity,0.4,10.07,True
V02995,P184,11,14,Undergraduate,46.87,54.41,Foldit,Public_Health,0.472,7.539999999999999,True
V02996,P171,13,34,Undergraduate,64.05,76.19,eBird,Biochemistry,0.62,12.14,True
V02997,P257,42,10,Secondary,56.62,64.21,Foldit,Astronomy,0.35,7.589999999999996,False
V02998,P019,6,5,Secondary,55.4,58.01,eBird,Biochemistry,0.526,2.6099999999999994,False
V02999,P243,10,9,Self-taught,46.6,54.86,SciStarter,Ecology,0.524,8.259999999999998,False
V03000,P193,4,5,Undergraduate,52.86,58.81,iNaturalist,Public_Health,0.535,5.950000000000003,False
V03001,P099,9,9,Self-taught,43.76,51.47,iNaturalist,Astronomy,0.335,7.710000000000001,False
V03002,P070,22,16,Secondary,55.93,58.85,eBird,Biodiversity,0.641,2.9200000000000017,True
V03003,P033,3,10,Secondary,44.97,48.23,Galaxy_Zoo,Public_Health,0.158,3.259999999999998,False
V03004,P280,24,8,Graduate,74.97,82.34,iNaturalist,Ecology,0.637,7.3700000000000045,False
V03005,P041,55,4,Graduate,68.28,74.01,SciStarter,Biochemistry,0.426,5.730000000000004,False
V03006,P070,23,14,Secondary,43.46,52.8,eBird,Biodiversity,0.641,9.339999999999996,True
V03007,P197,31,1,Self-taught,60.36,60.74,Zooniverse,Ecology,0.387,0.38000000000000256,False
V03008,P201,1,14,Secondary,56.82,63.2,eBird,Biodiversity,0.592,6.380000000000003,True
V03009,P047,6,12,Self-taught,53.14,59.37,eBird,Public_Health,0.734,6.229999999999997,True
V03010,P235,11,6,Graduate,76.66,83.73,Foldit,Biochemistry,0.482,7.070000000000007,False
V03011,P143,6,4,Undergraduate,52.63,53.21,Zooniverse,Public_Health,0.442,0.5799999999999983,False
V03012,P247,37,13,Secondary,43.15,52.2,SciStarter,Biodiversity,0.442,9.050000000000004,True
V03013,P028,8,8,Graduate,71.2,72.96,Zooniverse,Biodiversity,0.452,1.759999999999991,False
V03014,P016,10,25,Self-taught,65.9,78.21,eBird,Biochemistry,0.627,12.309999999999988,True
V03015,P178,21,10,Graduate,77.61,85.07,Foldit,Biodiversity,0.603,7.459999999999994,False
V03016,P045,7,6,Teacher,72.15,80.76,eBird,Ecology,0.63,8.61,False
V03017,P147,10,9,Self-taught,60.17,68.33,Galaxy_Zoo,Biochemistry,0.351,8.159999999999997,False
V03018,P005,4,12,Self-taught,67.52,79.03,Zooniverse,Public_Health,0.414,11.510000000000005,True
V03019,P226,14,7,Teacher,59.72,67.15,Zooniverse,Climate,0.559,7.430000000000007,False
V03020,P264,20,16,Graduate,70.04,81.47,Zooniverse,Biodiversity,0.4,11.429999999999993,True
V03021,P244,12,8,Undergraduate,54.72,62.32,Galaxy_Zoo,Astronomy,0.454,7.600000000000001,False
V03022,P283,10,11,Undergraduate,71.02,79.5,SciStarter,Biodiversity,0.339,8.480000000000004,False
V03023,P264,10,5,Graduate,63.39,69.52,Zooniverse,Biodiversity,0.4,6.1299999999999955,False
V03024,P121,4,6,Graduate,80.12,88.88,Galaxy_Zoo,Biochemistry,0.31,8.759999999999991,False
V03025,P107,4,22,Secondary,47.03,58.5,iNaturalist,Ecology,0.511,11.469999999999999,True
V03026,P262,27,24,Undergraduate,62.51,70.89,Foldit,Biochemistry,0.589,8.380000000000003,True
V03027,P274,46,14,Secondary,52.82,63.24,iNaturalist,Public_Health,0.53,10.420000000000002,True
V03028,P287,7,8,Self-taught,67.11,69.09,Zooniverse,Astronomy,0.507,1.980000000000004,False
V03029,P223,27,5,Graduate,71.48,76.1,Galaxy_Zoo,Astronomy,0.337,4.61999999999999,False
V03030,P059,28,6,Teacher,62.93,68.92,Zooniverse,Biodiversity,0.462,5.990000000000002,False
V03031,P281,16,7,Graduate,71.73,80.92,iNaturalist,Astronomy,0.497,9.189999999999998,False
V03032,P281,15,14,Undergraduate,63.47,74.14,iNaturalist,Astronomy,0.497,10.670000000000002,True
V03033,P189,6,4,Self-taught,41.54,45.42,SciStarter,Public_Health,0.533,3.8800000000000026,False
V03034,P249,23,8,Self-taught,68.27,77.66,Galaxy_Zoo,Climate,0.421,9.39,False
V03035,P155,11,11,Undergraduate,45.84,50.75,Zooniverse,Climate,0.523,4.909999999999997,False
V03036,P281,15,16,Graduate,79.7,88.07,iNaturalist,Astronomy,0.497,8.36999999999999,True
V03037,P030,16,13,Secondary,45.49,53.19,Zooniverse,Biochemistry,0.599,7.699999999999996,True
V03038,P251,5,6,Graduate,62.8,64.43,iNaturalist,Public_Health,0.53,1.6300000000000097,False
V03039,P018,24,5,Secondary,62.68,71.94,Zooniverse,Biochemistry,0.451,9.259999999999998,False
V03040,P092,1,5,Self-taught,56.12,56.12,eBird,Public_Health,0.782,0.0,False
V03041,P038,27,4,Undergraduate,68.18,70.39,eBird,Ecology,0.498,2.2099999999999937,False
V03042,P134,22,9,Secondary,56.52,63.54,iNaturalist,Astronomy,0.463,7.019999999999996,False
V03043,P065,15,9,Secondary,48.34,54.3,eBird,Biodiversity,0.645,5.959999999999994,False
V03044,P282,1,14,Self-taught,55.15,61.76,iNaturalist,Climate,0.443,6.609999999999999,True
V03045,P155,8,5,Undergraduate,62.11,65.65,Zooniverse,Climate,0.523,3.5400000000000063,False
V03046,P263,2,19,Secondary,35.72,47.12,eBird,Ecology,0.699,11.399999999999999,True
V03047,P075,37,15,Undergraduate,63.64,72.34,eBird,Ecology,0.652,8.700000000000003,True
V03048,P009,12,14,Graduate,68.18,80.18,iNaturalist,Astronomy,0.507,12.0,True
V03049,P225,3,9,Undergraduate,50.52,55.77,eBird,Public_Health,0.583,5.25,False
V03050,P199,3,16,Undergraduate,72.51,84.85,Galaxy_Zoo,Biodiversity,0.383,12.33999999999999,True
V03051,P151,23,18,Graduate,83.51,90.74,eBird,Biodiversity,0.671,7.22999999999999,True
V03052,P236,17,7,Undergraduate,58.67,62.26,Zooniverse,Biodiversity,0.381,3.5899999999999963,False
V03053,P244,5,9,Secondary,51.99,58.04,Galaxy_Zoo,Astronomy,0.454,6.049999999999997,False
V03054,P163,23,7,Teacher,68.68,78.05,iNaturalist,Biodiversity,0.6,9.36999999999999,False
V03055,P286,8,14,Graduate,62.05,68.63,Galaxy_Zoo,Biochemistry,0.416,6.579999999999998,True
V03056,P204,16,10,Self-taught,62.2,67.2,eBird,Astronomy,0.612,5.0,False
V03057,P193,2,7,Undergraduate,60.01,64.05,iNaturalist,Public_Health,0.535,4.039999999999999,False
V03058,P099,7,8,Undergraduate,54.43,60.11,iNaturalist,Astronomy,0.335,5.68,False
V03059,P001,23,18,Secondary,52.26,62.99,Zooniverse,Public_Health,0.458,10.730000000000004,True
V03060,P066,25,4,Graduate,60.11,66.6,iNaturalist,Astronomy,0.531,6.489999999999995,False
V03061,P221,4,4,Graduate,72.27,78.59,SciStarter,Public_Health,0.351,6.320000000000007,False
V03062,P201,8,18,Secondary,53.31,59.9,eBird,Biodiversity,0.592,6.589999999999996,True
V03063,P092,11,14,Secondary,43.59,49.99,eBird,Public_Health,0.782,6.399999999999999,True
V03064,P175,1,9,Self-taught,50.21,58.85,Galaxy_Zoo,Astronomy,0.482,8.64,False
V03065,P054,5,6,Undergraduate,61.57,67.65,Foldit,Biodiversity,0.419,6.080000000000005,False
V03066,P072,19,2,Secondary,44.72,51.43,Zooniverse,Astronomy,0.411,6.710000000000001,False
V03067,P281,14,14,Graduate,74.79,83.23,iNaturalist,Astronomy,0.497,8.439999999999998,True
V03068,P113,43,13,Self-taught,48.1,55.95,Zooniverse,Biodiversity,0.53,7.850000000000001,True
V03069,P068,30,14,Self-taught,54.55,61.43,iNaturalist,Biodiversity,0.585,6.880000000000003,True
V03070,P137,13,26,Secondary,56.86,68.58,iNaturalist,Astronomy,0.521,11.719999999999999,True
V03071,P105,5,2,Undergraduate,71.37,75.04,Galaxy_Zoo,Ecology,0.364,3.6700000000000017,False
V03072,P207,10,11,Undergraduate,65.82,75.47,eBird,Ecology,0.626,9.650000000000006,False
V03073,P285,6,10,Teacher,66.34,76.41,Galaxy_Zoo,Biodiversity,0.504,10.069999999999993,False
V03074,P164,12,8,Teacher,68.82,73.22,eBird,Astronomy,0.622,4.400000000000006,False
V03075,P164,37,10,Undergraduate,70.27,77.4,eBird,Astronomy,0.622,7.13000000000001,False
V03076,P100,17,9,Self-taught,53.97,59.41,Foldit,Ecology,0.591,5.439999999999998,False
V03077,P157,19,5,Secondary,50.05,52.11,Galaxy_Zoo,Ecology,0.421,2.0600000000000023,False
V03078,P088,15,12,Graduate,83.47,86.32,eBird,Public_Health,0.635,2.8499999999999943,True
V03079,P001,39,7,Self-taught,73.92,78.01,Zooniverse,Public_Health,0.458,4.090000000000003,False
V03080,P251,4,3,Undergraduate,56.12,60.8,iNaturalist,Public_Health,0.53,4.68,False
V03081,P118,5,17,Graduate,85.44,89.21,Galaxy_Zoo,Ecology,0.439,3.769999999999996,True
V03082,P138,2,15,Undergraduate,71.63,79.1,iNaturalist,Biochemistry,0.422,7.469999999999999,True
V03083,P027,19,9,Undergraduate,61.64,64.29,iNaturalist,Astronomy,0.526,2.6500000000000057,False
V03084,P242,17,8,Teacher,75.97,83.11,Galaxy_Zoo,Biodiversity,0.211,7.140000000000001,False
V03085,P048,14,6,Graduate,75.33,79.98,Zooniverse,Astronomy,0.437,4.650000000000006,False
V03086,P112,3,10,Secondary,34.11,38.21,iNaturalist,Biochemistry,0.384,4.100000000000001,False
V03087,P244,7,13,Graduate,80.66,92.03,Galaxy_Zoo,Astronomy,0.454,11.370000000000005,True
V03088,P127,67,4,Graduate,66.9,76.88,Galaxy_Zoo,Astronomy,0.324,9.97999999999999,False
V03089,P276,33,10,Self-taught,59.88,61.77,Foldit,Biodiversity,0.548,1.8900000000000006,False
V03090,P061,26,5,Undergraduate,63.22,70.36,Zooniverse,Public_Health,0.445,7.140000000000001,False
V03091,P202,17,3,Teacher,57.94,63.27,SciStarter,Biodiversity,0.455,5.330000000000005,False
V03092,P290,4,19,Secondary,56.05,65.09,Foldit,Biochemistry,0.702,9.040000000000006,True
V03093,P151,18,6,Self-taught,53.39,60.68,eBird,Biodiversity,0.671,7.289999999999999,False
V03094,P197,23,4,Undergraduate,69.73,72.1,Zooniverse,Ecology,0.387,2.3699999999999903,False
V03095,P107,5,6,Undergraduate,73.97,84.65,iNaturalist,Ecology,0.511,10.680000000000007,False
V03096,P217,13,6,Self-taught,67.71,76.09,Galaxy_Zoo,Astronomy,0.498,8.38000000000001,False
V03097,P265,7,4,Undergraduate,55.5,61.17,Zooniverse,Ecology,0.494,5.670000000000002,False
V03098,P199,19,8,Undergraduate,47.91,48.06,Galaxy_Zoo,Biodiversity,0.383,0.15000000000000568,False
V03099,P279,14,14,Secondary,58.34,68.64,eBird,Public_Health,0.603,10.299999999999997,True
V03100,P163,10,12,Undergraduate,55.69,63.36,iNaturalist,Biodiversity,0.6,7.670000000000002,True
V03101,P160,1,25,Self-taught,54.89,63.14,eBird,Climate,0.758,8.25,True
V03102,P085,3,12,Secondary,47.92,55.56,iNaturalist,Biochemistry,0.542,7.640000000000001,True
V03103,P201,7,10,Undergraduate,61.91,75.0,eBird,Biodiversity,0.592,13.090000000000003,False
V03104,P257,5,7,Secondary,53.27,59.27,Foldit,Astronomy,0.35,6.0,False
V03105,P181,5,11,Graduate,73.0,78.71,Zooniverse,Astronomy,0.503,5.709999999999994,False
V03106,P065,24,7,Self-taught,55.88,60.57,eBird,Biodiversity,0.645,4.689999999999998,False
V03107,P151,5,15,Self-taught,43.71,52.12,eBird,Biodiversity,0.671,8.409999999999997,True
V03108,P217,34,5,Undergraduate,75.65,84.43,Galaxy_Zoo,Astronomy,0.498,8.780000000000001,False
V03109,P280,1,8,Graduate,77.33,85.29,iNaturalist,Ecology,0.637,7.960000000000008,False
V03110,P045,34,11,Undergraduate,52.55,60.27,eBird,Ecology,0.63,7.720000000000006,False
V03111,P037,4,9,Graduate,80.15,88.98,iNaturalist,Ecology,0.562,8.829999999999998,False
V03112,P113,7,22,Undergraduate,57.66,65.48,Zooniverse,Biodiversity,0.53,7.820000000000007,True
V03113,P037,24,10,Graduate,71.24,80.73,iNaturalist,Ecology,0.562,9.490000000000009,False
V03114,P291,11,10,Self-taught,63.9,68.53,SciStarter,Astronomy,0.542,4.630000000000003,False
V03115,P116,9,11,Graduate,65.41,68.76,Zooniverse,Public_Health,0.39,3.3500000000000085,False
V03116,P148,19,10,Undergraduate,62.25,67.07,Foldit,Ecology,0.362,4.819999999999993,False
V03117,P065,46,10,Graduate,77.94,87.14,eBird,Biodiversity,0.645,9.200000000000003,False
V03118,P124,19,11,Secondary,48.65,53.25,Galaxy_Zoo,Public_Health,0.336,4.600000000000001,False
V03119,P293,22,5,Teacher,61.2,62.64,Galaxy_Zoo,Public_Health,0.342,1.4399999999999977,False
V03120,P137,4,6,Undergraduate,54.26,62.92,iNaturalist,Astronomy,0.521,8.660000000000004,False
V03121,P004,26,19,Secondary,50.52,61.22,iNaturalist,Public_Health,0.533,10.699999999999996,True
V03122,P067,7,15,Secondary,40.66,45.93,Galaxy_Zoo,Biochemistry,0.33,5.270000000000003,True
V03123,P291,3,9,Secondary,44.9,50.98,SciStarter,Astronomy,0.542,6.079999999999998,False
V03124,P294,10,12,Teacher,65.0,72.67,iNaturalist,Ecology,0.441,7.670000000000002,True
V03125,P061,46,9,Graduate,60.12,70.14,Zooniverse,Public_Health,0.445,10.020000000000003,False
V03126,P171,21,11,Undergraduate,54.15,64.67,eBird,Biochemistry,0.62,10.520000000000003,False
V03127,P025,7,12,Secondary,52.49,60.37,Galaxy_Zoo,Public_Health,0.442,7.8799999999999955,True
V03128,P160,18,16,Graduate,73.26,79.75,eBird,Climate,0.758,6.489999999999995,True
V03129,P037,27,6,Self-taught,61.16,66.81,iNaturalist,Ecology,0.562,5.650000000000006,False
V03130,P237,31,8,Secondary,52.13,55.75,Zooniverse,Public_Health,0.556,3.6199999999999974,False
V03131,P280,2,9,Secondary,45.27,51.12,iNaturalist,Ecology,0.637,5.849999999999994,False
V03132,P048,10,6,Secondary,47.23,49.31,Zooniverse,Astronomy,0.437,2.0800000000000054,False
V03133,P129,22,4,Self-taught,56.09,61.29,Zooniverse,Biodiversity,0.456,5.199999999999996,False
V03134,P032,43,14,Teacher,73.63,78.0,Zooniverse,Ecology,0.365,4.3700000000000045,True
V03135,P092,10,13,Teacher,64.74,74.2,eBird,Public_Health,0.782,9.460000000000008,True
V03136,P021,28,5,Graduate,79.96,86.64,SciStarter,Astronomy,0.442,6.680000000000007,False
V03137,P072,21,4,Secondary,47.24,52.18,Zooniverse,Astronomy,0.411,4.939999999999998,False
V03138,P294,4,4,Undergraduate,56.19,60.3,iNaturalist,Ecology,0.441,4.109999999999999,False
V03139,P016,6,16,Secondary,50.03,61.83,eBird,Biochemistry,0.627,11.799999999999997,True
V03140,P250,18,7,Self-taught,65.55,65.72,iNaturalist,Climate,0.574,0.1700000000000017,False
V03141,P025,2,22,Self-taught,53.76,63.4,Galaxy_Zoo,Public_Health,0.442,9.64,True
V03142,P147,31,21,Secondary,51.33,58.91,Galaxy_Zoo,Biochemistry,0.351,7.579999999999998,True
V03143,P125,3,10,Undergraduate,67.79,69.5,Zooniverse,Biochemistry,0.488,1.7099999999999937,False
V03144,P276,40,11,Secondary,49.12,57.12,Foldit,Biodiversity,0.548,8.0,False
V03145,P057,6,5,Graduate,76.29,81.95,SciStarter,Biodiversity,0.506,5.659999999999997,False
V03146,P050,9,12,Undergraduate,47.62,49.87,Galaxy_Zoo,Biodiversity,0.435,2.25,True
V03147,P216,9,14,Teacher,75.39,83.85,iNaturalist,Climate,0.64,8.459999999999994,True
V03148,P207,13,17,Self-taught,66.82,75.11,eBird,Ecology,0.626,8.290000000000006,True
V03149,P198,16,15,Secondary,52.08,63.01,eBird,Biodiversity,0.702,10.93,True
V03150,P009,7,6,Secondary,31.74,35.85,iNaturalist,Astronomy,0.507,4.110000000000003,False
V03151,P070,28,11,Secondary,36.31,44.66,eBird,Biodiversity,0.641,8.349999999999994,False
V03152,P244,37,9,Secondary,50.31,59.19,Galaxy_Zoo,Astronomy,0.454,8.879999999999995,False
V03153,P167,11,6,Secondary,49.78,53.96,Foldit,Biochemistry,0.514,4.18,False
V03154,P169,10,8,Undergraduate,71.01,75.36,Zooniverse,Biochemistry,0.544,4.349999999999994,False
V03155,P081,9,3,Graduate,66.14,65.88,Foldit,Ecology,0.312,-0.2600000000000051,False
V03156,P071,4,7,Self-taught,51.46,52.27,eBird,Public_Health,0.51,0.8100000000000023,False
V03157,P281,34,10,Secondary,48.86,53.65,iNaturalist,Astronomy,0.497,4.789999999999999,False
V03158,P207,16,8,Teacher,58.46,67.69,eBird,Ecology,0.626,9.229999999999997,False
V03159,P037,14,3,Undergraduate,69.51,74.7,iNaturalist,Ecology,0.562,5.189999999999998,False
V03160,P279,2,5,Teacher,76.69,82.13,eBird,Public_Health,0.603,5.439999999999998,False
V03161,P161,4,3,Secondary,60.07,62.09,Foldit,Ecology,0.41,2.020000000000003,False
V03162,P092,26,4,Undergraduate,56.6,60.16,eBird,Public_Health,0.782,3.559999999999995,False
V03163,P107,19,4,Self-taught,57.35,61.94,iNaturalist,Ecology,0.511,4.589999999999996,False
V03164,P206,4,12,Undergraduate,64.86,69.96,Zooniverse,Climate,0.456,5.099999999999994,True
V03165,P103,20,11,Self-taught,65.96,70.76,SciStarter,Public_Health,0.285,4.800000000000011,False
V03166,P160,7,8,Graduate,73.27,81.22,eBird,Climate,0.758,7.950000000000003,False
V03167,P201,5,7,Undergraduate,54.34,60.91,eBird,Biodiversity,0.592,6.569999999999993,False
V03168,P054,8,4,Secondary,38.48,36.59,Foldit,Biodiversity,0.419,-1.8899999999999935,False
V03169,P281,16,7,Graduate,75.37,79.39,iNaturalist,Astronomy,0.497,4.019999999999996,False
V03170,P097,13,14,Teacher,69.34,73.86,iNaturalist,Astronomy,0.474,4.519999999999996,True
V03171,P115,11,14,Graduate,72.78,78.08,eBird,Astronomy,0.676,5.299999999999997,True
V03172,P198,32,11,Undergraduate,59.96,66.16,eBird,Biodiversity,0.702,6.199999999999996,False
V03173,P170,7,12,Teacher,80.71,84.52,Zooniverse,Biochemistry,0.478,3.8100000000000023,True
V03174,P120,22,8,Secondary,53.89,62.48,Galaxy_Zoo,Climate,0.338,8.589999999999996,False
V03175,P183,25,2,Undergraduate,56.26,58.36,eBird,Biodiversity,0.553,2.1000000000000014,False
V03176,P264,15,11,Secondary,49.61,60.39,Zooniverse,Biodiversity,0.4,10.780000000000001,False
V03177,P230,6,16,Undergraduate,64.76,76.59,eBird,Climate,0.585,11.829999999999998,True
V03178,P238,53,7,Self-taught,54.7,54.2,eBird,Astronomy,0.622,-0.5,False
V03179,P070,19,12,Self-taught,59.92,67.89,eBird,Biodiversity,0.641,7.969999999999999,True
V03180,P115,14,13,Secondary,52.8,61.74,eBird,Astronomy,0.676,8.940000000000005,True
V03181,P154,7,25,Graduate,79.45,91.93,eBird,Biodiversity,0.66,12.480000000000004,True
V03182,P016,18,10,Undergraduate,52.04,63.81,eBird,Biochemistry,0.627,11.770000000000003,False
V03183,P223,10,18,Teacher,60.48,75.81,Galaxy_Zoo,Astronomy,0.337,15.330000000000005,True
V03184,P089,32,16,Undergraduate,42.29,51.05,Zooniverse,Astronomy,0.441,8.759999999999998,True
V03185,P078,9,10,Secondary,37.32,45.7,eBird,Ecology,0.658,8.380000000000003,False
V03186,P070,39,9,Graduate,73.43,82.53,eBird,Biodiversity,0.641,9.099999999999994,False
V03187,P078,7,5,Secondary,46.39,51.09,eBird,Ecology,0.658,4.700000000000003,False
V03188,P092,17,13,Undergraduate,59.62,67.8,eBird,Public_Health,0.782,8.18,True
V03189,P169,2,29,Secondary,50.84,61.69,Zooniverse,Biochemistry,0.544,10.849999999999994,True
V03190,P162,30,17,Undergraduate,65.48,71.55,iNaturalist,Ecology,0.67,6.069999999999993,True
V03191,P070,18,13,Undergraduate,49.68,59.41,eBird,Biodiversity,0.641,9.729999999999997,True
V03192,P060,47,3,Secondary,43.36,46.55,SciStarter,Ecology,0.385,3.1899999999999977,False
V03193,P239,12,23,Undergraduate,45.12,53.36,Galaxy_Zoo,Biochemistry,0.361,8.240000000000002,True
V03194,P029,28,25,Self-taught,62.23,71.37,Zooniverse,Climate,0.438,9.140000000000008,True
V03195,P143,19,8,Self-taught,62.97,68.3,Zooniverse,Public_Health,0.442,5.329999999999998,False
V03196,P144,32,15,Self-taught,74.53,83.14,Zooniverse,Biodiversity,0.458,8.61,True
V03197,P160,3,17,Undergraduate,75.32,87.46,eBird,Climate,0.758,12.14,True
V03198,P257,32,8,Secondary,54.95,60.25,Foldit,Astronomy,0.35,5.299999999999997,False
V03199,P174,27,4,Self-taught,53.89,57.91,Foldit,Astronomy,0.548,4.019999999999996,False
V03200,P288,27,8,Self-taught,60.86,68.9,eBird,Astronomy,0.587,8.040000000000006,False
V03201,P255,2,3,Secondary,51.87,61.45,Zooniverse,Public_Health,0.368,9.580000000000005,False
V03202,P061,12,10,Undergraduate,52.06,57.48,Zooniverse,Public_Health,0.445,5.419999999999995,False
V03203,P066,1,6,Undergraduate,63.46,67.73,iNaturalist,Astronomy,0.531,4.270000000000003,False
V03204,P094,1,2,Undergraduate,71.01,70.69,SciStarter,Astronomy,0.358,-0.3200000000000074,False
V03205,P107,14,7,Secondary,57.86,62.38,iNaturalist,Ecology,0.511,4.520000000000003,False
V03206,P153,1,10,Graduate,67.83,70.23,SciStarter,Astronomy,0.411,2.4000000000000057,False
V03207,P065,10,14,Undergraduate,69.19,78.45,eBird,Biodiversity,0.645,9.260000000000005,True
V03208,P063,71,8,Graduate,66.37,72.37,iNaturalist,Biodiversity,0.65,6.0,False
V03209,P104,7,13,Secondary,40.04,49.74,eBird,Climate,0.621,9.700000000000003,True
V03210,P191,1,7,Self-taught,57.37,65.36,Zooniverse,Public_Health,0.559,7.990000000000002,False
V03211,P195,25,7,Graduate,74.34,79.03,SciStarter,Biodiversity,0.38,4.689999999999998,False
V03212,P289,6,4,Graduate,77.89,78.88,Galaxy_Zoo,Biodiversity,0.468,0.9899999999999949,False
V03213,P059,21,20,Self-taught,55.62,66.94,Zooniverse,Biodiversity,0.462,11.32,True
V03214,P107,2,10,Undergraduate,54.03,61.46,iNaturalist,Ecology,0.511,7.43,False
V03215,P286,3,10,Secondary,43.94,51.63,Galaxy_Zoo,Biochemistry,0.416,7.690000000000005,False
V03216,P196,46,6,Undergraduate,68.15,73.8,Foldit,Biodiversity,0.531,5.6499999999999915,False
V03217,P164,6,4,Secondary,61.75,64.38,eBird,Astronomy,0.622,2.6299999999999955,False
V03218,P151,2,7,Teacher,73.4,82.09,eBird,Biodiversity,0.671,8.689999999999998,False
V03219,P025,18,15,Undergraduate,51.32,60.13,Galaxy_Zoo,Public_Health,0.442,8.810000000000002,True
V03220,P261,8,17,Secondary,50.25,57.18,SciStarter,Biodiversity,0.571,6.93,True
V03221,P174,22,6,Graduate,81.37,84.88,Foldit,Astronomy,0.548,3.509999999999991,False
V03222,P159,13,22,Self-taught,83.81,93.56,Foldit,Public_Health,0.398,9.75,True
V03223,P151,17,20,Self-taught,58.73,68.18,eBird,Biodiversity,0.671,9.45000000000001,True
V03224,P107,1,15,Secondary,47.22,53.65,iNaturalist,Ecology,0.511,6.43,True
V03225,P070,12,8,Undergraduate,49.96,58.38,eBird,Biodiversity,0.641,8.420000000000002,False
V03226,P217,19,16,Self-taught,71.77,80.02,Galaxy_Zoo,Astronomy,0.498,8.25,True
V03227,P143,4,7,Self-taught,60.22,65.5,Zooniverse,Public_Health,0.442,5.280000000000001,False
V03228,P011,6,13,Self-taught,58.59,67.81,eBird,Public_Health,0.836,9.219999999999999,True
V03229,P108,11,16,Secondary,46.62,55.55,Zooniverse,Public_Health,0.423,8.93,True
V03230,P274,1,4,Secondary,33.76,43.54,iNaturalist,Public_Health,0.53,9.780000000000001,False
V03231,P102,10,10,Teacher,64.73,64.54,Galaxy_Zoo,Ecology,0.373,-0.18999999999999773,False
V03232,P113,1,19,Undergraduate,57.4,64.53,Zooniverse,Biodiversity,0.53,7.130000000000003,True
V03233,P174,18,7,Graduate,74.05,80.25,Foldit,Astronomy,0.548,6.200000000000003,False
V03234,P230,27,11,Self-taught,55.34,64.55,eBird,Climate,0.585,9.209999999999994,False
V03235,P190,2,21,Self-taught,40.44,48.65,iNaturalist,Astronomy,0.721,8.21,True
V03236,P247,8,11,Undergraduate,54.81,59.26,SciStarter,Biodiversity,0.442,4.449999999999996,False
V03237,P034,6,15,Self-taught,43.88,51.78,eBird,Public_Health,0.782,7.899999999999999,True
V03238,P273,22,4,Graduate,71.42,78.83,SciStarter,Ecology,0.481,7.409999999999997,False
V03239,P264,3,12,Self-taught,51.43,59.13,Zooniverse,Biodiversity,0.4,7.700000000000003,True
V03240,P144,7,3,Graduate,66.38,69.5,Zooniverse,Biodiversity,0.458,3.1200000000000045,False
V03241,P174,4,8,Graduate,66.42,65.88,Foldit,Astronomy,0.548,-0.5400000000000063,False
V03242,P061,15,10,Self-taught,55.2,60.69,Zooniverse,Public_Health,0.445,5.489999999999995,False
V03243,P124,3,14,Graduate,68.16,74.29,Galaxy_Zoo,Public_Health,0.336,6.13000000000001,True
V03244,P059,11,14,Undergraduate,67.13,78.43,Zooniverse,Biodiversity,0.462,11.300000000000011,True
V03245,P008,4,4,Undergraduate,64.5,68.46,Galaxy_Zoo,Public_Health,0.428,3.9599999999999937,False
V03246,P292,6,9,Teacher,57.3,62.69,eBird,Ecology,0.601,5.390000000000001,False
V03247,P070,36,18,Graduate,69.72,85.26,eBird,Biodiversity,0.641,15.540000000000006,True
V03248,P164,23,16,Undergraduate,53.15,65.49,eBird,Astronomy,0.622,12.339999999999996,True
V03249,P083,5,4,Secondary,35.3,38.19,Foldit,Biodiversity,0.546,2.8900000000000006,False
V03250,P102,3,3,Undergraduate,65.98,73.42,Galaxy_Zoo,Ecology,0.373,7.439999999999998,False
V03251,P107,16,9,Secondary,48.7,52.68,iNaturalist,Ecology,0.511,3.979999999999997,False
V03252,P092,2,15,Secondary,51.23,63.6,eBird,Public_Health,0.782,12.370000000000005,True
V03253,P179,1,7,Undergraduate,56.74,59.79,Foldit,Biodiversity,0.428,3.049999999999997,False
V03254,P284,10,16,Undergraduate,64.4,68.76,Galaxy_Zoo,Public_Health,0.463,4.359999999999999,True
V03255,P117,14,9,Undergraduate,67.23,72.01,Galaxy_Zoo,Ecology,0.459,4.780000000000001,False
V03256,P288,11,10,Secondary,69.35,75.3,eBird,Astronomy,0.587,5.950000000000003,False
V03257,P190,24,19,Secondary,34.34,47.43,iNaturalist,Astronomy,0.721,13.089999999999996,True
V03258,P170,24,17,Undergraduate,57.7,68.95,Zooniverse,Biochemistry,0.478,11.25,True
V03259,P066,28,11,Self-taught,47.11,53.84,iNaturalist,Astronomy,0.531,6.730000000000004,False
V03260,P020,1,24,Secondary,55.64,67.91,Zooniverse,Public_Health,0.586,12.269999999999996,True
V03261,P248,29,13,Graduate,72.8,82.82,iNaturalist,Biodiversity,0.604,10.019999999999996,True
V03262,P160,11,14,Graduate,87.03,97.35,eBird,Climate,0.758,10.319999999999993,True
V03263,P113,33,4,Teacher,85.92,91.52,Zooniverse,Biodiversity,0.53,5.599999999999994,False
V03264,P235,10,11,Teacher,65.46,75.48,Foldit,Biochemistry,0.482,10.02000000000001,False
V03265,P085,3,12,Self-taught,60.48,70.79,iNaturalist,Biochemistry,0.542,10.31000000000001,True
V03266,P227,18,5,Undergraduate,65.83,73.48,Zooniverse,Public_Health,0.458,7.650000000000006,False
V03267,P091,10,19,Secondary,50.02,59.6,eBird,Biochemistry,0.558,9.579999999999998,True
V03268,P272,5,5,Teacher,68.68,74.15,eBird,Climate,0.533,5.469999999999999,False
V03269,P073,21,10,Self-taught,58.23,65.11,SciStarter,Biodiversity,0.534,6.880000000000003,False
V03270,P039,3,8,Self-taught,53.33,56.54,Zooniverse,Biochemistry,0.365,3.210000000000001,False
V03271,P198,5,10,Graduate,68.43,75.84,eBird,Biodiversity,0.702,7.409999999999997,False
V03272,P047,4,11,Graduate,47.19,55.42,eBird,Public_Health,0.734,8.230000000000004,False
V03273,P282,32,12,Graduate,89.38,93.3,iNaturalist,Climate,0.443,3.9200000000000017,True
V03274,P185,1,16,Self-taught,50.19,64.5,eBird,Biochemistry,0.708,14.310000000000002,True
V03275,P065,16,27,Secondary,31.16,36.81,eBird,Biodiversity,0.645,5.650000000000002,True
V03276,P061,13,8,Self-taught,67.09,72.97,Zooniverse,Public_Health,0.445,5.8799999999999955,False
V03277,P273,9,10,Secondary,45.93,51.36,SciStarter,Ecology,0.481,5.43,False
V03278,P170,9,7,Secondary,57.3,60.66,Zooniverse,Biochemistry,0.478,3.3599999999999994,False
V03279,P261,19,4,Secondary,41.43,45.44,SciStarter,Biodiversity,0.571,4.009999999999998,False
V03280,P034,14,20,Teacher,62.99,73.86,eBird,Public_Health,0.782,10.869999999999997,True
V03281,P274,4,8,Secondary,54.3,60.63,iNaturalist,Public_Health,0.53,6.330000000000005,False
V03282,P144,16,14,Undergraduate,48.43,55.74,Zooniverse,Biodiversity,0.458,7.310000000000002,True
V03283,P190,27,8,Undergraduate,62.11,68.81,iNaturalist,Astronomy,0.721,6.700000000000003,False
V03284,P102,9,13,Graduate,66.06,72.22,Galaxy_Zoo,Ecology,0.373,6.159999999999997,True
V03285,P019,6,12,Undergraduate,55.49,59.26,eBird,Biochemistry,0.526,3.769999999999996,True
V03286,P283,4,11,Secondary,50.44,59.14,SciStarter,Biodiversity,0.339,8.700000000000003,False
V03287,P296,13,7,Graduate,72.37,79.41,Zooniverse,Climate,0.401,7.039999999999992,False
V03288,P099,4,5,Undergraduate,56.3,63.45,iNaturalist,Astronomy,0.335,7.150000000000006,False
V03289,P281,27,11,Undergraduate,59.35,66.16,iNaturalist,Astronomy,0.497,6.809999999999995,False
V03290,P048,14,3,Secondary,45.86,58.03,Zooniverse,Astronomy,0.437,12.170000000000002,False
V03291,P045,6,15,Undergraduate,57.36,66.7,eBird,Ecology,0.63,9.340000000000003,True
V03292,P024,16,3,Undergraduate,55.18,56.47,Foldit,Astronomy,0.416,1.2899999999999991,False
V03293,P107,4,6,Graduate,84.82,94.25,iNaturalist,Ecology,0.511,9.430000000000007,False
V03294,P017,5,10,Secondary,47.39,52.43,Galaxy_Zoo,Climate,0.448,5.039999999999999,False
V03295,P107,3,11,Secondary,42.99,49.82,iNaturalist,Ecology,0.511,6.829999999999998,False
V03296,P040,14,7,Self-taught,61.01,63.9,Zooniverse,Biodiversity,0.563,2.8900000000000006,False
V03297,P208,46,16,Undergraduate,60.25,69.43,Foldit,Public_Health,0.449,9.180000000000007,True
V03298,P241,13,7,Undergraduate,72.32,79.06,Galaxy_Zoo,Ecology,0.434,6.740000000000009,False
V03299,P195,36,6,Graduate,81.76,90.47,SciStarter,Biodiversity,0.38,8.709999999999994,False
V03300,P058,14,9,Secondary,39.24,48.03,Foldit,Public_Health,0.562,8.79,False
V03301,P222,5,19,Graduate,75.2,88.54,Galaxy_Zoo,Astronomy,0.474,13.340000000000003,True
V03302,P068,4,12,Self-taught,52.27,58.01,iNaturalist,Biodiversity,0.585,5.739999999999995,True
V03303,P219,8,10,Undergraduate,67.37,74.2,Foldit,Climate,0.559,6.829999999999998,False
V03304,P157,45,10,Undergraduate,50.52,58.42,Galaxy_Zoo,Ecology,0.421,7.899999999999999,False
V03305,P100,7,11,Self-taught,71.19,82.22,Foldit,Ecology,0.591,11.030000000000001,False
V03306,P027,7,18,Secondary,47.35,60.87,iNaturalist,Astronomy,0.526,13.519999999999996,True
V03307,P240,14,10,Secondary,38.88,46.28,Zooniverse,Biochemistry,0.343,7.399999999999999,False
V03308,P280,2,7,Undergraduate,67.39,75.34,iNaturalist,Ecology,0.637,7.950000000000003,False
V03309,P189,1,6,Graduate,71.46,79.29,SciStarter,Public_Health,0.533,7.8300000000000125,False
V03310,P286,4,13,Graduate,61.64,72.14,Galaxy_Zoo,Biochemistry,0.416,10.5,True
V03311,P278,12,16,Secondary,51.08,57.94,SciStarter,Ecology,0.356,6.859999999999999,True
V03312,P054,10,2,Secondary,48.35,53.18,Foldit,Biodiversity,0.419,4.829999999999998,False
V03313,P209,22,7,Secondary,55.71,59.97,Zooniverse,Ecology,0.416,4.259999999999998,False
V03314,P095,3,9,Secondary,52.67,60.43,eBird,Public_Health,0.512,7.759999999999998,False
V03315,P137,7,9,Self-taught,59.42,66.1,iNaturalist,Astronomy,0.521,6.679999999999993,False
V03316,P046,11,12,Undergraduate,66.69,75.41,Galaxy_Zoo,Astronomy,0.399,8.719999999999999,True
V03317,P288,14,9,Undergraduate,55.79,59.67,eBird,Astronomy,0.587,3.8800000000000026,False
V03318,P207,1,7,Undergraduate,59.22,64.1,eBird,Ecology,0.626,4.8799999999999955,False
V03319,P073,2,7,Graduate,67.42,70.89,SciStarter,Biodiversity,0.534,3.469999999999999,False
V03320,P102,101,11,Undergraduate,57.52,64.63,Galaxy_Zoo,Ecology,0.373,7.109999999999992,False
V03321,P115,1,23,Undergraduate,55.86,62.96,eBird,Astronomy,0.676,7.100000000000001,True
V03322,P216,17,12,Undergraduate,58.85,70.51,iNaturalist,Climate,0.64,11.660000000000004,True
V03323,P274,5,11,Secondary,61.61,72.04,iNaturalist,Public_Health,0.53,10.430000000000007,False
V03324,P088,8,13,Graduate,76.35,79.68,eBird,Public_Health,0.635,3.3300000000000125,True
V03325,P130,33,10,Undergraduate,51.56,58.29,iNaturalist,Climate,0.557,6.729999999999997,False
V03326,P164,39,20,Undergraduate,52.48,62.25,eBird,Astronomy,0.622,9.770000000000003,True
V03327,P107,19,5,Self-taught,43.62,44.69,iNaturalist,Ecology,0.511,1.0700000000000003,False
V03328,P142,17,10,Secondary,45.92,55.97,iNaturalist,Public_Health,0.57,10.049999999999997,False
V03329,P033,2,2,Self-taught,59.31,61.72,Galaxy_Zoo,Public_Health,0.158,2.4099999999999966,False
V03330,P048,1,9,Secondary,44.39,45.62,Zooniverse,Astronomy,0.437,1.2299999999999969,False
V03331,P108,2,12,Self-taught,54.73,64.02,Zooniverse,Public_Health,0.423,9.29,True
V03332,P268,11,6,Undergraduate,72.08,80.03,Galaxy_Zoo,Climate,0.302,7.950000000000003,False
V03333,P095,7,14,Self-taught,69.59,75.1,eBird,Public_Health,0.512,5.509999999999991,True
V03334,P068,3,12,Self-taught,54.3,61.71,iNaturalist,Biodiversity,0.585,7.410000000000004,True
V03335,P214,2,3,Graduate,75.63,83.67,SciStarter,Biodiversity,0.397,8.040000000000006,False
V03336,P282,28,10,Self-taught,56.81,63.77,iNaturalist,Climate,0.443,6.960000000000001,False
V03337,P127,4,7,Teacher,68.42,78.6,Galaxy_Zoo,Astronomy,0.324,10.179999999999993,False
V03338,P004,6,5,Secondary,30.31,31.86,iNaturalist,Public_Health,0.533,1.5500000000000007,False
V03339,P195,8,17,Secondary,62.0,76.3,SciStarter,Biodiversity,0.38,14.299999999999997,True
V03340,P114,13,6,Secondary,43.62,45.16,Foldit,Public_Health,0.362,1.5399999999999991,False
V03341,P192,5,5,Graduate,68.17,71.92,eBird,Public_Health,0.577,3.75,False
V03342,P075,22,27,Graduate,60.29,73.66,eBird,Ecology,0.652,13.369999999999997,True
V03343,P001,9,5,Secondary,60.45,67.24,Zooniverse,Public_Health,0.458,6.789999999999992,False
V03344,P094,1,5,Graduate,80.37,84.89,SciStarter,Astronomy,0.358,4.519999999999996,False
V03345,P200,10,14,Undergraduate,63.41,72.05,Zooniverse,Biodiversity,0.485,8.64,True
V03346,P107,5,8,Undergraduate,51.16,54.29,iNaturalist,Ecology,0.511,3.1300000000000026,False
V03347,P063,5,10,Secondary,52.31,62.3,iNaturalist,Biodiversity,0.65,9.989999999999995,False
V03348,P129,10,5,Secondary,60.4,65.17,Zooniverse,Biodiversity,0.456,4.770000000000003,False
V03349,P217,62,13,Undergraduate,55.34,64.4,Galaxy_Zoo,Astronomy,0.498,9.060000000000002,True
V03350,P036,13,11,Secondary,37.68,39.19,Zooniverse,Biodiversity,0.411,1.509999999999998,False
V03351,P197,32,4,Secondary,61.28,64.91,Zooniverse,Ecology,0.387,3.6299999999999955,False
V03352,P189,13,8,Graduate,61.93,70.26,SciStarter,Public_Health,0.533,8.330000000000005,False
V03353,P102,11,9,Undergraduate,59.95,64.56,Galaxy_Zoo,Ecology,0.373,4.609999999999999,False
V03354,P287,29,8,Graduate,80.66,90.55,Zooniverse,Astronomy,0.507,9.89,False
V03355,P262,14,4,Graduate,73.48,78.78,Foldit,Biochemistry,0.589,5.299999999999997,False
V03356,P087,28,5,Graduate,67.7,70.48,Foldit,Astronomy,0.578,2.780000000000001,False
V03357,P009,16,14,Undergraduate,70.97,80.2,iNaturalist,Astronomy,0.507,9.230000000000004,True
V03358,P085,7,7,Graduate,70.66,76.81,iNaturalist,Biochemistry,0.542,6.150000000000006,False
V03359,P060,6,8,Undergraduate,64.28,70.91,SciStarter,Ecology,0.385,6.6299999999999955,False
V03360,P151,7,14,Graduate,73.26,80.32,eBird,Biodiversity,0.671,7.059999999999988,True
V03361,P271,7,1,Self-taught,60.98,60.55,Galaxy_Zoo,Astronomy,0.247,-0.4299999999999997,False
V03362,P255,2,9,Graduate,65.71,72.93,Zooniverse,Public_Health,0.368,7.220000000000013,False
V03363,P085,14,4,Graduate,79.9,87.42,iNaturalist,Biochemistry,0.542,7.519999999999996,False
V03364,P117,2,8,Undergraduate,64.38,69.07,Galaxy_Zoo,Ecology,0.459,4.689999999999998,False
V03365,P012,20,2,Undergraduate,51.38,54.93,Zooniverse,Astronomy,0.451,3.549999999999997,False
V03366,P151,19,20,Undergraduate,70.82,80.58,eBird,Biodiversity,0.671,9.760000000000005,True
V03367,P020,8,11,Self-taught,54.16,57.35,Zooniverse,Public_Health,0.586,3.190000000000005,False
V03368,P279,16,10,Undergraduate,54.43,58.11,eBird,Public_Health,0.603,3.6799999999999997,False
V03369,P252,14,4,Secondary,52.31,58.73,Galaxy_Zoo,Ecology,0.446,6.419999999999995,False
V03370,P061,6,3,Undergraduate,54.0,59.56,Zooniverse,Public_Health,0.445,5.560000000000002,False
V03371,P198,2,13,Secondary,46.31,50.87,eBird,Biodiversity,0.702,4.559999999999995,True
V03372,P157,15,7,Undergraduate,70.17,77.87,Galaxy_Zoo,Ecology,0.421,7.700000000000003,False
V03373,P230,16,8,Teacher,68.56,74.56,eBird,Climate,0.585,6.0,False
V03374,P133,15,7,Graduate,67.44,72.91,iNaturalist,Climate,0.5,5.469999999999999,False
V03375,P052,33,11,Undergraduate,54.31,62.6,iNaturalist,Biodiversity,0.477,8.29,False
V03376,P179,3,15,Secondary,40.0,50.72,Foldit,Biodiversity,0.428,10.719999999999999,True
V03377,P027,28,9,Graduate,85.03,92.03,iNaturalist,Astronomy,0.526,7.0,False
V03378,P162,13,16,Self-taught,62.65,72.0,iNaturalist,Ecology,0.67,9.350000000000001,True
V03379,P061,4,15,Graduate,78.03,86.64,Zooniverse,Public_Health,0.445,8.61,True
V03380,P194,1,11,Secondary,51.01,58.98,eBird,Ecology,0.57,7.969999999999999,False
V03381,P240,14,7,Undergraduate,57.64,63.44,Zooniverse,Biochemistry,0.343,5.799999999999997,False
V03382,P034,25,25,Undergraduate,50.31,63.68,eBird,Public_Health,0.782,13.369999999999997,True
V03383,P108,11,9,Self-taught,53.57,57.39,Zooniverse,Public_Health,0.423,3.8200000000000003,False
V03384,P209,32,19,Undergraduate,56.68,69.14,Zooniverse,Ecology,0.416,12.46,True
V03385,P048,13,8,Secondary,50.03,54.89,Zooniverse,Astronomy,0.437,4.859999999999999,False
V03386,P157,3,8,Secondary,37.14,42.84,Galaxy_Zoo,Ecology,0.421,5.700000000000003,False
V03387,P191,3,14,Secondary,58.47,65.13,Zooniverse,Public_Health,0.559,6.659999999999997,True
V03388,P097,2,8,Undergraduate,61.12,67.3,iNaturalist,Astronomy,0.474,6.18,False
V03389,P240,4,6,Graduate,71.69,78.73,Zooniverse,Biochemistry,0.343,7.040000000000006,False
V03390,P143,15,24,Graduate,67.86,87.01,Zooniverse,Public_Health,0.442,19.150000000000006,True
V03391,P175,29,3,Graduate,64.57,68.55,Galaxy_Zoo,Astronomy,0.482,3.980000000000004,False
V03392,P041,13,3,Undergraduate,55.9,52.52,SciStarter,Biochemistry,0.426,-3.3799999999999955,False
V03393,P009,48,13,Graduate,63.9,75.17,iNaturalist,Astronomy,0.507,11.270000000000003,True
V03394,P017,7,7,Teacher,54.09,61.41,Galaxy_Zoo,Climate,0.448,7.319999999999993,False
V03395,P264,5,6,Self-taught,55.85,58.54,Zooniverse,Biodiversity,0.4,2.6899999999999977,False
V03396,P257,16,11,Teacher,72.62,78.88,Foldit,Astronomy,0.35,6.259999999999991,False
V03397,P233,19,7,Graduate,65.04,67.71,eBird,Climate,0.618,2.6699999999999875,False
V03398,P057,3,7,Undergraduate,52.54,56.19,SciStarter,Biodiversity,0.506,3.6499999999999986,False
V03399,P147,6,3,Secondary,46.33,52.37,Galaxy_Zoo,Biochemistry,0.351,6.039999999999999,False
V03400,P229,21,6,Undergraduate,68.12,73.69,Galaxy_Zoo,Biodiversity,0.412,5.569999999999993,False
V03401,P192,7,12,Undergraduate,89.75,93.36,eBird,Public_Health,0.577,3.6099999999999994,True
V03402,P035,41,5,Undergraduate,55.5,58.28,iNaturalist,Biodiversity,0.331,2.780000000000001,False
V03403,P262,7,14,Graduate,61.9,68.88,Foldit,Biochemistry,0.589,6.979999999999997,True
V03404,P047,30,12,Graduate,70.41,76.84,eBird,Public_Health,0.734,6.430000000000007,True
V03405,P048,2,7,Self-taught,54.46,65.57,Zooniverse,Astronomy,0.437,11.109999999999992,False
V03406,P264,4,5,Undergraduate,63.76,73.94,Zooniverse,Biodiversity,0.4,10.18,False
V03407,P135,12,9,Secondary,60.79,71.63,Galaxy_Zoo,Astronomy,0.42,10.839999999999996,False
V03408,P102,5,7,Secondary,38.21,41.4,Galaxy_Zoo,Ecology,0.373,3.1899999999999977,False
V03409,P154,13,15,Self-taught,49.82,53.94,eBird,Biodiversity,0.66,4.119999999999997,True
V03410,P292,9,17,Undergraduate,62.67,73.29,eBird,Ecology,0.601,10.620000000000005,True
V03411,P036,26,6,Self-taught,47.97,54.44,Zooniverse,Biodiversity,0.411,6.469999999999999,False
V03412,P218,1,7,Graduate,69.64,77.23,SciStarter,Astronomy,0.382,7.590000000000003,False
V03413,P092,5,8,Secondary,42.62,43.45,eBird,Public_Health,0.782,0.8300000000000054,False
V03414,P035,3,1,Secondary,61.36,64.67,iNaturalist,Biodiversity,0.331,3.3100000000000023,False
V03415,P115,1,13,Secondary,63.69,70.37,eBird,Astronomy,0.676,6.680000000000007,True
V03416,P151,11,6,Undergraduate,62.17,64.99,eBird,Biodiversity,0.671,2.819999999999993,False
V03417,P060,62,8,Secondary,48.99,56.23,SciStarter,Ecology,0.385,7.239999999999995,False
V03418,P111,7,7,Undergraduate,51.63,54.88,Foldit,Biochemistry,0.467,3.25,False
V03419,P177,10,11,Undergraduate,53.67,55.0,Galaxy_Zoo,Public_Health,0.257,1.3299999999999983,False
V03420,P160,17,16,Secondary,56.02,66.78,eBird,Climate,0.758,10.759999999999998,True
V03421,P205,31,19,Undergraduate,61.19,69.88,eBird,Biodiversity,0.846,8.689999999999998,True
V03422,P242,4,2,Self-taught,56.5,61.77,Galaxy_Zoo,Biodiversity,0.211,5.270000000000003,False
V03423,P112,10,15,Self-taught,52.49,61.16,iNaturalist,Biochemistry,0.384,8.669999999999995,True
V03424,P116,3,13,Graduate,62.11,68.65,Zooniverse,Public_Health,0.39,6.540000000000006,True
V03425,P140,21,17,Secondary,44.69,54.48,iNaturalist,Climate,0.625,9.79,True
V03426,P157,18,6,Graduate,70.03,78.59,Galaxy_Zoo,Ecology,0.421,8.560000000000002,False
V03427,P033,11,2,Secondary,57.17,64.78,Galaxy_Zoo,Public_Health,0.158,7.609999999999999,False
V03428,P086,7,11,Self-taught,52.93,59.5,SciStarter,Astronomy,0.322,6.57,False
V03429,P048,21,13,Graduate,77.34,89.61,Zooniverse,Astronomy,0.437,12.269999999999996,True
V03430,P105,3,13,Undergraduate,61.86,67.82,Galaxy_Zoo,Ecology,0.364,5.959999999999994,True
V03431,P288,7,7,Graduate,70.38,78.65,eBird,Astronomy,0.587,8.27000000000001,False
V03432,P162,7,18,Undergraduate,63.43,71.81,iNaturalist,Ecology,0.67,8.380000000000003,True
V03433,P118,4,10,Undergraduate,61.13,62.94,Galaxy_Zoo,Ecology,0.439,1.8099999999999952,False
V03434,P157,2,10,Self-taught,55.95,58.58,Galaxy_Zoo,Ecology,0.421,2.6299999999999955,False
V03435,P190,6,10,Secondary,47.33,49.83,iNaturalist,Astronomy,0.721,2.5,False
V03436,P119,7,13,Graduate,76.67,83.47,eBird,Climate,0.739,6.799999999999997,True
V03437,P124,14,2,Teacher,65.63,69.82,Galaxy_Zoo,Public_Health,0.336,4.189999999999998,False
V03438,P199,22,5,Secondary,40.28,42.74,Galaxy_Zoo,Biodiversity,0.383,2.460000000000001,False
V03439,P020,1,7,Graduate,81.34,91.95,Zooniverse,Public_Health,0.586,10.61,False
V03440,P151,6,9,Undergraduate,47.32,53.58,eBird,Biodiversity,0.671,6.259999999999998,False
V03441,P151,10,14,Graduate,82.74,90.26,eBird,Biodiversity,0.671,7.52000000000001,True
V03442,P218,11,4,Secondary,45.29,44.92,SciStarter,Astronomy,0.382,-0.36999999999999744,False
V03443,P292,6,11,Secondary,35.66,43.48,eBird,Ecology,0.601,7.82,False
V03444,P229,19,6,Teacher,63.27,68.65,Galaxy_Zoo,Biodiversity,0.412,5.380000000000003,False
V03445,P142,6,11,Self-taught,56.37,63.58,iNaturalist,Public_Health,0.57,7.210000000000001,False
V03446,P048,4,7,Graduate,64.89,70.34,Zooniverse,Astronomy,0.437,5.450000000000003,False
V03447,P163,27,10,Teacher,63.63,75.63,iNaturalist,Biodiversity,0.6,11.999999999999993,False
V03448,P241,3,9,Undergraduate,58.01,62.06,Galaxy_Zoo,Ecology,0.434,4.050000000000004,False
V03449,P277,26,9,Graduate,85.29,92.72,Galaxy_Zoo,Astronomy,0.623,7.429999999999993,False
V03450,P239,4,13,Undergraduate,92.7,100.0,Galaxy_Zoo,Biochemistry,0.361,7.299999999999997,True
V03451,P051,13,11,Undergraduate,58.76,63.06,Zooniverse,Climate,0.503,4.300000000000004,False
V03452,P201,5,13,Undergraduate,59.59,66.06,eBird,Biodiversity,0.592,6.469999999999999,True
V03453,P257,52,5,Teacher,65.4,68.71,Foldit,Astronomy,0.35,3.309999999999988,False
V03454,P194,5,6,Undergraduate,59.64,64.28,eBird,Ecology,0.57,4.640000000000001,False
V03455,P194,3,12,Undergraduate,69.79,76.46,eBird,Ecology,0.57,6.6699999999999875,True
V03456,P141,29,3,Secondary,45.57,48.89,Zooniverse,Astronomy,0.382,3.3200000000000003,False
V03457,P178,7,7,Secondary,52.37,57.06,Foldit,Biodiversity,0.603,4.690000000000005,False
V03458,P081,4,10,Secondary,42.49,49.3,Foldit,Ecology,0.312,6.809999999999995,False
V03459,P028,8,9,Undergraduate,61.03,70.34,Zooniverse,Biodiversity,0.452,9.310000000000002,False
V03460,P240,7,2,Graduate,58.27,60.21,Zooniverse,Biochemistry,0.343,1.9399999999999977,False
V03461,P281,21,4,Secondary,45.6,49.59,iNaturalist,Astronomy,0.497,3.990000000000002,False
V03462,P249,2,12,Teacher,74.56,81.33,Galaxy_Zoo,Climate,0.421,6.769999999999996,True
V03463,P092,6,23,Undergraduate,60.0,65.83,eBird,Public_Health,0.782,5.829999999999998,True
V03464,P030,9,10,Secondary,30.02,35.9,Zooniverse,Biochemistry,0.599,5.879999999999999,False
V03465,P076,5,9,Undergraduate,60.76,71.43,Zooniverse,Biochemistry,0.418,10.670000000000009,False
V03466,P245,10,6,Undergraduate,59.44,67.36,iNaturalist,Biochemistry,0.631,7.920000000000002,False
V03467,P185,7,15,Graduate,69.43,75.4,eBird,Biochemistry,0.708,5.969999999999999,True
V03468,P287,31,13,Secondary,47.16,53.42,Zooniverse,Astronomy,0.507,6.260000000000005,True
V03469,P093,10,3,Undergraduate,71.44,81.68,Galaxy_Zoo,Climate,0.394,10.240000000000009,False
V03470,P152,24,8,Teacher,71.31,72.48,Foldit,Biodiversity,0.457,1.1700000000000017,False
V03471,P228,6,9,Undergraduate,59.84,63.02,iNaturalist,Biochemistry,0.562,3.1799999999999997,False
V03472,P065,33,8,Undergraduate,63.28,72.64,eBird,Biodiversity,0.645,9.36,False
V03473,P286,3,10,Undergraduate,53.18,63.62,Galaxy_Zoo,Biochemistry,0.416,10.439999999999998,False
V03474,P164,29,13,Secondary,51.01,58.88,eBird,Astronomy,0.622,7.8700000000000045,True
V03475,P003,11,4,Graduate,69.89,73.91,Galaxy_Zoo,Biodiversity,0.343,4.019999999999996,False
V03476,P009,7,12,Undergraduate,74.03,81.24,iNaturalist,Astronomy,0.507,7.209999999999994,True
V03477,P257,25,2,Teacher,86.72,89.33,Foldit,Astronomy,0.35,2.6099999999999994,False
V03478,P181,21,16,Secondary,55.21,55.38,Zooniverse,Astronomy,0.503,0.1700000000000017,True
V03479,P220,3,12,Undergraduate,61.62,67.01,eBird,Public_Health,0.734,5.390000000000008,True
V03480,P227,3,3,Graduate,67.04,70.44,Zooniverse,Public_Health,0.458,3.3999999999999915,False
V03481,P115,1,13,Undergraduate,61.07,66.35,eBird,Astronomy,0.676,5.279999999999994,True
V03482,P230,9,13,Graduate,70.7,76.52,eBird,Climate,0.585,5.819999999999993,True
V03483,P279,7,10,Teacher,54.11,61.37,eBird,Public_Health,0.603,7.259999999999998,False
V03484,P048,18,5,Undergraduate,51.32,57.19,Zooniverse,Astronomy,0.437,5.869999999999997,False
V03485,P221,3,3,Self-taught,57.85,62.25,SciStarter,Public_Health,0.351,4.399999999999999,False
V03486,P085,7,9,Self-taught,62.91,71.33,iNaturalist,Biochemistry,0.542,8.420000000000002,False
V03487,P088,6,9,Self-taught,55.05,58.17,eBird,Public_Health,0.635,3.1200000000000045,False
V03488,P113,11,19,Secondary,41.34,45.33,Zooniverse,Biodiversity,0.53,3.989999999999995,True
V03489,P251,2,20,Undergraduate,83.68,92.19,iNaturalist,Public_Health,0.53,8.509999999999991,True
V03490,P009,35,11,Graduate,70.78,74.0,iNaturalist,Astronomy,0.507,3.219999999999999,False
V03491,P119,14,12,Undergraduate,68.57,75.96,eBird,Climate,0.739,7.390000000000001,True
V03492,P194,20,19,Secondary,36.67,49.09,eBird,Ecology,0.57,12.420000000000002,True
V03493,P034,17,15,Secondary,45.21,54.9,eBird,Public_Health,0.782,9.689999999999998,True
V03494,P228,7,7,Self-taught,51.45,55.15,iNaturalist,Biochemistry,0.562,3.6999999999999957,False
V03495,P281,1,11,Undergraduate,56.69,59.74,iNaturalist,Astronomy,0.497,3.0500000000000043,False
V03496,P029,33,8,Self-taught,47.75,55.02,Zooniverse,Climate,0.438,7.270000000000003,False
V03497,P045,4,19,Undergraduate,64.06,72.14,eBird,Ecology,0.63,8.079999999999998,True
V03498,P288,43,4,Undergraduate,47.95,47.79,eBird,Astronomy,0.587,-0.1600000000000037,False
V03499,P056,4,3,Undergraduate,67.9,74.09,iNaturalist,Public_Health,0.545,6.189999999999998,False
V03500,P026,1,5,Self-taught,44.03,48.52,Galaxy_Zoo,Biodiversity,0.294,4.490000000000002,False
V03501,P282,5,3,Secondary,57.83,62.03,iNaturalist,Climate,0.443,4.200000000000003,False
V03502,P260,4,5,Self-taught,57.29,66.07,Galaxy_Zoo,Public_Health,0.426,8.779999999999994,False
V03503,P185,11,14,Undergraduate,64.1,71.7,eBird,Biochemistry,0.708,7.6000000000000085,True
V03504,P152,10,10,Secondary,63.42,66.36,Foldit,Biodiversity,0.457,2.9399999999999977,False
V03505,P271,23,5,Secondary,49.66,53.41,Galaxy_Zoo,Astronomy,0.247,3.75,False
V03506,P185,3,8,Undergraduate,73.7,79.11,eBird,Biochemistry,0.708,5.409999999999997,False
V03507,P185,16,9,Self-taught,53.43,60.75,eBird,Biochemistry,0.708,7.32,False
V03508,P245,16,15,Secondary,40.17,46.7,iNaturalist,Biochemistry,0.631,6.530000000000001,True
V03509,P183,5,5,Undergraduate,50.6,58.2,eBird,Biodiversity,0.553,7.600000000000001,False
V03510,P142,2,21,Secondary,46.97,53.92,iNaturalist,Public_Health,0.57,6.950000000000003,True
V03511,P107,9,16,Graduate,79.59,86.55,iNaturalist,Ecology,0.511,6.959999999999994,True
V03512,P142,9,18,Undergraduate,62.17,73.48,iNaturalist,Public_Health,0.57,11.310000000000002,True
V03513,P146,7,11,Undergraduate,48.51,59.45,SciStarter,Climate,0.581,10.940000000000005,False
V03514,P099,4,4,Undergraduate,50.06,56.35,iNaturalist,Astronomy,0.335,6.289999999999999,False
V03515,P124,3,15,Self-taught,40.26,45.01,Galaxy_Zoo,Public_Health,0.336,4.75,True
V03516,P230,41,4,Self-taught,51.49,53.19,eBird,Climate,0.585,1.6999999999999957,False
V03517,P115,18,23,Graduate,70.81,83.17,eBird,Astronomy,0.676,12.36,True
V03518,P009,8,13,Undergraduate,68.19,83.51,iNaturalist,Astronomy,0.507,15.320000000000007,True
V03519,P078,18,18,Undergraduate,46.52,56.93,eBird,Ecology,0.658,10.409999999999997,True
V03520,P065,28,2,Undergraduate,59.88,65.48,eBird,Biodiversity,0.645,5.600000000000001,False
V03521,P228,2,10,Graduate,78.47,83.74,iNaturalist,Biochemistry,0.562,5.269999999999996,False
V03522,P124,20,2,Undergraduate,52.81,60.69,Galaxy_Zoo,Public_Health,0.336,7.8799999999999955,False
V03523,P076,10,3,Secondary,59.2,63.14,Zooniverse,Biochemistry,0.418,3.9399999999999977,False
V03524,P234,4,13,Undergraduate,65.17,78.58,Foldit,Public_Health,0.558,13.409999999999997,True
V03525,P008,12,4,Secondary,55.4,61.82,Galaxy_Zoo,Public_Health,0.428,6.420000000000002,False
V03526,P049,18,6,Graduate,69.79,76.05,eBird,Ecology,0.78,6.259999999999991,False
V03527,P239,10,4,Secondary,50.54,54.24,Galaxy_Zoo,Biochemistry,0.361,3.700000000000003,False
V03528,P152,19,4,Undergraduate,71.78,71.54,Foldit,Biodiversity,0.457,-0.23999999999999488,False
V03529,P225,3,9,Self-taught,72.14,76.05,eBird,Public_Health,0.583,3.9099999999999966,False
V03530,P243,1,13,Graduate,77.42,89.42,SciStarter,Ecology,0.524,12.0,True
V03531,P281,53,8,Secondary,60.02,65.79,iNaturalist,Astronomy,0.497,5.770000000000003,False
V03532,P020,1,12,Graduate,74.68,80.4,Zooniverse,Public_Health,0.586,5.719999999999999,True
V03533,P230,10,5,Secondary,50.66,51.32,eBird,Climate,0.585,0.6600000000000037,False
V03534,P201,10,12,Graduate,61.99,69.79,eBird,Biodiversity,0.592,7.800000000000004,True
V03535,P061,20,7,Graduate,63.48,67.36,Zooniverse,Public_Health,0.445,3.8800000000000026,False
V03536,P277,16,20,Secondary,59.97,65.64,Galaxy_Zoo,Astronomy,0.623,5.670000000000002,True
V03537,P110,19,12,Secondary,61.67,65.55,Foldit,Ecology,0.374,3.8799999999999955,True
V03538,P258,10,12,Secondary,54.62,59.7,Galaxy_Zoo,Ecology,0.315,5.080000000000005,True
V03539,P169,3,16,Graduate,67.09,75.72,Zooniverse,Biochemistry,0.544,8.629999999999995,True
V03540,P147,19,12,Graduate,79.81,89.14,Galaxy_Zoo,Biochemistry,0.351,9.329999999999998,True
V03541,P047,7,27,Secondary,45.82,55.55,eBird,Public_Health,0.734,9.729999999999997,True
V03542,P268,17,3,Undergraduate,54.42,55.73,Galaxy_Zoo,Climate,0.302,1.3099999999999952,False
V03543,P154,24,10,Secondary,58.43,63.0,eBird,Biodiversity,0.66,4.57,False
V03544,P002,30,15,Undergraduate,72.87,80.68,Galaxy_Zoo,Ecology,0.35,7.810000000000002,True
V03545,P007,5,12,Secondary,37.71,45.24,Galaxy_Zoo,Biochemistry,0.319,7.530000000000001,True
V03546,P225,20,14,Teacher,64.88,74.69,eBird,Public_Health,0.583,9.810000000000002,True
V03547,P047,2,15,Teacher,52.39,53.44,eBird,Public_Health,0.734,1.0499999999999972,True
V03548,P166,9,12,Secondary,35.64,42.13,Foldit,Public_Health,0.414,6.490000000000002,True
V03549,P194,13,7,Self-taught,64.47,71.82,eBird,Ecology,0.57,7.349999999999994,False
V03550,P075,3,10,Graduate,62.39,68.68,eBird,Ecology,0.652,6.290000000000006,False
V03551,P158,13,14,Undergraduate,53.08,60.87,Galaxy_Zoo,Biochemistry,0.385,7.789999999999999,True
V03552,P066,3,4,Graduate,72.67,80.38,iNaturalist,Astronomy,0.531,7.709999999999994,False
V03553,P281,5,17,Graduate,67.08,73.89,iNaturalist,Astronomy,0.497,6.810000000000002,True
V03554,P250,25,11,Undergraduate,48.65,58.79,iNaturalist,Climate,0.574,10.14,False
V03555,P078,2,13,Secondary,57.22,61.14,eBird,Ecology,0.658,3.9200000000000017,True
V03556,P147,2,7,Undergraduate,43.15,49.93,Galaxy_Zoo,Biochemistry,0.351,6.780000000000001,False
V03557,P141,27,7,Teacher,61.75,67.17,Zooniverse,Astronomy,0.382,5.420000000000002,False
V03558,P284,21,5,Undergraduate,50.36,55.28,Galaxy_Zoo,Public_Health,0.463,4.920000000000002,False
V03559,P107,10,6,Secondary,55.67,60.24,iNaturalist,Ecology,0.511,4.57,False
V03560,P156,10,16,Secondary,36.49,46.48,eBird,Biochemistry,0.544,9.989999999999995,True
V03561,P274,7,6,Self-taught,55.77,60.96,iNaturalist,Public_Health,0.53,5.189999999999998,False
V03562,P047,5,9,Teacher,74.34,79.18,eBird,Public_Health,0.734,4.840000000000003,False
V03563,P152,1,7,Undergraduate,66.84,70.85,Foldit,Biodiversity,0.457,4.009999999999991,False
V03564,P033,11,12,Graduate,73.18,74.76,Galaxy_Zoo,Public_Health,0.158,1.5799999999999983,True
V03565,P171,5,8,Secondary,47.7,54.68,eBird,Biochemistry,0.62,6.979999999999997,False
V03566,P100,14,8,Secondary,58.92,63.06,Foldit,Ecology,0.591,4.140000000000001,False
V03567,P287,28,4,Secondary,35.97,39.25,Zooniverse,Astronomy,0.507,3.280000000000001,False
V03568,P114,10,7,Undergraduate,68.75,73.87,Foldit,Public_Health,0.362,5.1200000000000045,False
V03569,P039,2,4,Self-taught,63.14,67.41,Zooniverse,Biochemistry,0.365,4.269999999999996,False
V03570,P241,3,15,Self-taught,50.35,57.19,Galaxy_Zoo,Ecology,0.434,6.839999999999996,True
V03571,P237,12,12,Secondary,52.47,57.09,Zooniverse,Public_Health,0.556,4.6200000000000045,True
V03572,P198,51,6,Secondary,57.37,64.2,eBird,Biodiversity,0.702,6.830000000000005,False
V03573,P216,7,10,Undergraduate,60.91,69.47,iNaturalist,Climate,0.64,8.560000000000002,False
V03574,P072,13,15,Secondary,43.28,45.77,Zooniverse,Astronomy,0.411,2.490000000000002,True
V03575,P180,23,11,Undergraduate,61.77,68.51,Zooniverse,Astronomy,0.571,6.740000000000002,False
V03576,P013,4,4,Self-taught,57.12,62.73,Zooniverse,Ecology,0.406,5.609999999999999,False
V03577,P055,40,7,Undergraduate,63.08,65.68,Zooniverse,Biodiversity,0.508,2.6000000000000085,False
V03578,P277,7,10,Secondary,30.26,39.37,Galaxy_Zoo,Astronomy,0.623,9.109999999999996,False
V03579,P212,4,6,Undergraduate,49.42,54.26,Galaxy_Zoo,Biochemistry,0.501,4.839999999999996,False
V03580,P065,22,13,Teacher,82.74,98.14,eBird,Biodiversity,0.645,15.400000000000006,True
V03581,P034,19,16,Teacher,67.63,79.27,eBird,Public_Health,0.782,11.64,True
V03582,P282,4,3,Secondary,42.53,46.39,iNaturalist,Climate,0.443,3.8599999999999994,False
V03583,P034,13,13,Teacher,74.0,80.57,eBird,Public_Health,0.782,6.569999999999993,True
V03584,P070,19,19,Self-taught,46.24,51.61,eBird,Biodiversity,0.641,5.369999999999997,True
V03585,P050,25,10,Undergraduate,66.21,70.82,Galaxy_Zoo,Biodiversity,0.435,4.609999999999999,False
V03586,P003,41,12,Teacher,74.4,81.01,Galaxy_Zoo,Biodiversity,0.343,6.609999999999999,True
V03587,P086,64,2,Graduate,59.72,64.68,SciStarter,Astronomy,0.322,4.960000000000008,False
V03588,P288,21,11,Self-taught,54.43,64.43,eBird,Astronomy,0.587,10.000000000000007,False
V03589,P093,2,7,Undergraduate,40.63,47.14,Galaxy_Zoo,Climate,0.394,6.509999999999998,False
V03590,P142,8,8,Undergraduate,73.3,81.68,iNaturalist,Public_Health,0.57,8.38000000000001,False
V03591,P215,15,12,Teacher,69.03,77.46,Foldit,Biodiversity,0.606,8.429999999999993,True
V03592,P152,7,7,Secondary,52.65,58.69,Foldit,Biodiversity,0.457,6.039999999999999,False
V03593,P214,13,14,Graduate,66.79,73.65,SciStarter,Biodiversity,0.397,6.859999999999999,True
V03594,P187,15,2,Secondary,35.51,37.46,Galaxy_Zoo,Biochemistry,0.294,1.9500000000000028,False
V03595,P170,4,10,Teacher,64.43,67.29,Zooniverse,Biochemistry,0.478,2.8599999999999994,False
V03596,P182,35,6,Undergraduate,61.67,67.19,Foldit,Astronomy,0.567,5.519999999999996,False
V03597,P230,3,10,Self-taught,54.83,62.79,eBird,Climate,0.585,7.960000000000001,False
V03598,P201,1,18,Undergraduate,64.18,73.72,eBird,Biodiversity,0.592,9.539999999999992,True
V03599,P228,6,4,Self-taught,55.06,53.61,iNaturalist,Biochemistry,0.562,-1.4500000000000028,False
V03600,P043,7,9,Undergraduate,49.08,51.72,iNaturalist,Climate,0.729,2.6400000000000006,False
V03601,P193,10,8,Secondary,45.46,54.44,iNaturalist,Public_Health,0.535,8.979999999999997,False
V03602,P210,1,9,Secondary,50.75,59.82,Galaxy_Zoo,Astronomy,0.329,9.07,False
V03603,P083,11,10,Undergraduate,69.33,71.63,Foldit,Biodiversity,0.546,2.299999999999997,False
V03604,P255,2,5,Undergraduate,68.41,74.31,Zooniverse,Public_Health,0.368,5.900000000000006,False
V03605,P085,8,9,Undergraduate,64.08,71.85,iNaturalist,Biochemistry,0.542,7.769999999999996,False
V03606,P068,44,12,Undergraduate,56.11,66.82,iNaturalist,Biodiversity,0.585,10.709999999999994,True
V03607,P252,19,14,Undergraduate,54.19,62.74,Galaxy_Zoo,Ecology,0.446,8.550000000000004,True
V03608,P068,16,6,Secondary,73.59,75.6,iNaturalist,Biodiversity,0.585,2.009999999999991,False
V03609,P114,9,9,Self-taught,51.48,61.51,Foldit,Public_Health,0.362,10.030000000000001,False
V03610,P101,4,6,Secondary,54.38,57.53,Galaxy_Zoo,Biodiversity,0.492,3.1499999999999986,False
V03611,P263,12,8,Secondary,42.91,50.5,eBird,Ecology,0.699,7.590000000000003,False
V03612,P126,10,8,Self-taught,60.6,67.55,eBird,Ecology,0.627,6.949999999999996,False
V03613,P197,23,9,Graduate,67.6,69.49,Zooniverse,Ecology,0.387,1.8900000000000006,False
V03614,P228,10,8,Secondary,53.41,60.63,iNaturalist,Biochemistry,0.562,7.220000000000006,False
V03615,P175,55,2,Self-taught,49.5,49.54,Galaxy_Zoo,Astronomy,0.482,0.03999999999999915,False
V03616,P281,21,6,Self-taught,65.81,69.22,iNaturalist,Astronomy,0.497,3.4099999999999966,False
V03617,P230,16,11,Undergraduate,56.67,61.1,eBird,Climate,0.585,4.43,False
V03618,P108,15,19,Self-taught,65.14,74.24,Zooniverse,Public_Health,0.423,9.099999999999994,True
V03619,P282,3,4,Undergraduate,52.97,53.79,iNaturalist,Climate,0.443,0.8200000000000003,False
V03620,P147,6,12,Undergraduate,70.67,73.85,Galaxy_Zoo,Biochemistry,0.351,3.1799999999999926,True
V03621,P009,27,6,Teacher,54.39,59.91,iNaturalist,Astronomy,0.507,5.519999999999996,False
V03622,P071,12,10,Self-taught,68.06,74.01,eBird,Public_Health,0.51,5.950000000000003,False
V03623,P173,6,13,Teacher,59.08,64.08,eBird,Biochemistry,0.67,5.0,True
V03624,P046,5,7,Graduate,70.8,74.87,Galaxy_Zoo,Astronomy,0.399,4.070000000000007,False
V03625,P162,40,14,Undergraduate,52.07,62.57,iNaturalist,Ecology,0.67,10.5,True
V03626,P099,9,4,Undergraduate,59.7,62.42,iNaturalist,Astronomy,0.335,2.719999999999999,False
V03627,P149,11,19,Undergraduate,53.98,61.19,Zooniverse,Ecology,0.479,7.210000000000001,True
V03628,P001,2,6,Undergraduate,53.42,60.71,Zooniverse,Public_Health,0.458,7.289999999999999,False
V03629,P247,4,10,Undergraduate,60.12,68.61,SciStarter,Biodiversity,0.442,8.490000000000002,False
V03630,P099,6,6,Teacher,69.06,77.7,iNaturalist,Astronomy,0.335,8.64,False
V03631,P041,8,8,Self-taught,50.59,51.92,SciStarter,Biochemistry,0.426,1.3299999999999983,False
V03632,P119,9,5,Self-taught,46.16,53.32,eBird,Climate,0.739,7.160000000000004,False
V03633,P136,9,6,Self-taught,65.33,72.9,Galaxy_Zoo,Biochemistry,0.391,7.570000000000007,False
V03634,P179,6,9,Undergraduate,53.19,62.31,Foldit,Biodiversity,0.428,9.120000000000005,False
V03635,P147,3,6,Secondary,51.22,55.13,Galaxy_Zoo,Biochemistry,0.351,3.9100000000000037,False
V03636,P016,19,10,Undergraduate,68.12,73.95,eBird,Biochemistry,0.627,5.829999999999998,False
V03637,P255,7,2,Secondary,63.75,62.55,Zooniverse,Public_Health,0.368,-1.2000000000000028,False
V03638,P127,29,5,Secondary,58.18,59.96,Galaxy_Zoo,Astronomy,0.324,1.7800000000000011,False
V03639,P025,35,3,Secondary,38.8,44.35,Galaxy_Zoo,Public_Health,0.442,5.550000000000004,False
V03640,P225,2,33,Graduate,69.07,75.49,eBird,Public_Health,0.583,6.420000000000002,True
V03641,P185,15,10,Secondary,48.16,56.17,eBird,Biochemistry,0.708,8.010000000000005,False
V03642,P182,9,13,Teacher,52.79,64.48,Foldit,Astronomy,0.567,11.690000000000005,True
V03643,P117,18,9,Graduate,62.95,70.17,Galaxy_Zoo,Ecology,0.459,7.219999999999999,False
V03644,P112,30,7,Graduate,58.79,65.66,iNaturalist,Biochemistry,0.384,6.869999999999997,False
V03645,P150,11,7,Secondary,49.31,55.75,Galaxy_Zoo,Biochemistry,0.341,6.439999999999998,False
V03646,P017,7,4,Teacher,67.17,69.61,Galaxy_Zoo,Climate,0.448,2.4399999999999977,False
V03647,P083,6,2,Graduate,79.86,77.83,Foldit,Biodiversity,0.546,-2.030000000000001,False
V03648,P293,14,8,Graduate,79.7,85.84,Galaxy_Zoo,Public_Health,0.342,6.140000000000001,False
V03649,P187,3,15,Undergraduate,67.37,76.92,Galaxy_Zoo,Biochemistry,0.294,9.549999999999997,True
V03650,P115,4,15,Graduate,69.54,85.69,eBird,Astronomy,0.676,16.14999999999999,True
V03651,P063,8,27,Secondary,60.98,72.24,iNaturalist,Biodiversity,0.65,11.259999999999998,True
V03652,P214,2,6,Secondary,53.37,58.95,SciStarter,Biodiversity,0.397,5.580000000000005,False
V03653,P071,2,16,Secondary,42.6,53.33,eBird,Public_Health,0.51,10.729999999999997,True
V03654,P047,5,9,Undergraduate,50.32,55.15,eBird,Public_Health,0.734,4.829999999999998,False
V03655,P045,3,19,Undergraduate,59.21,66.36,eBird,Ecology,0.63,7.149999999999999,True
V03656,P207,44,16,Secondary,65.44,74.71,eBird,Ecology,0.626,9.269999999999996,True
V03657,P180,3,8,Undergraduate,68.59,76.04,Zooniverse,Astronomy,0.571,7.450000000000003,False
V03658,P023,38,12,Undergraduate,53.53,59.08,Galaxy_Zoo,Biochemistry,0.348,5.549999999999997,True
V03659,P034,15,17,Teacher,59.27,68.29,eBird,Public_Health,0.782,9.020000000000003,True
V03660,P177,1,10,Undergraduate,67.46,76.34,Galaxy_Zoo,Public_Health,0.257,8.88000000000001,False
V03661,P158,26,8,Undergraduate,67.06,70.08,Galaxy_Zoo,Biochemistry,0.385,3.019999999999996,False
V03662,P195,19,7,Secondary,61.33,68.35,SciStarter,Biodiversity,0.38,7.019999999999996,False
V03663,P049,8,14,Secondary,57.08,65.18,eBird,Ecology,0.78,8.100000000000009,True
V03664,P207,24,15,Graduate,73.34,79.72,eBird,Ecology,0.626,6.3799999999999955,True
V03665,P279,22,9,Undergraduate,61.81,69.02,eBird,Public_Health,0.603,7.209999999999994,False
V03666,P167,18,20,Undergraduate,48.41,54.1,Foldit,Biochemistry,0.514,5.690000000000005,True
V03667,P055,22,10,Secondary,46.21,52.59,Zooniverse,Biodiversity,0.508,6.380000000000003,False
V03668,P194,19,12,Self-taught,49.47,59.56,eBird,Ecology,0.57,10.090000000000003,True
V03669,P093,11,17,Undergraduate,63.62,66.37,Galaxy_Zoo,Climate,0.394,2.750000000000007,True
V03670,P017,20,13,Undergraduate,55.69,58.04,Galaxy_Zoo,Climate,0.448,2.3500000000000014,True
V03671,P085,7,7,Graduate,67.84,76.59,iNaturalist,Biochemistry,0.542,8.75,False
V03672,P264,5,29,Secondary,38.23,53.89,Zooniverse,Biodiversity,0.4,15.660000000000004,True
V03673,P112,1,9,Graduate,73.23,78.28,iNaturalist,Biochemistry,0.384,5.049999999999997,False
V03674,P251,1,4,Secondary,54.62,59.29,iNaturalist,Public_Health,0.53,4.670000000000002,False
V03675,P143,5,5,Self-taught,42.67,47.54,Zooniverse,Public_Health,0.442,4.869999999999997,False
V03676,P144,33,3,Undergraduate,55.53,59.41,Zooniverse,Biodiversity,0.458,3.8799999999999955,False
V03677,P002,21,5,Self-taught,56.18,60.22,Galaxy_Zoo,Ecology,0.35,4.039999999999999,False
V03678,P178,13,23,Self-taught,50.24,62.01,Foldit,Biodiversity,0.603,11.769999999999996,True
V03679,P033,10,7,Self-taught,50.48,52.15,Galaxy_Zoo,Public_Health,0.158,1.6700000000000017,False
V03680,P134,32,5,Undergraduate,73.41,76.54,iNaturalist,Astronomy,0.463,3.1300000000000097,False
V03681,P071,27,5,Graduate,72.3,79.41,eBird,Public_Health,0.51,7.109999999999999,False
V03682,P107,1,4,Teacher,77.73,82.21,iNaturalist,Ecology,0.511,4.47999999999999,False
V03683,P150,4,24,Graduate,74.27,83.27,Galaxy_Zoo,Biochemistry,0.341,9.0,True
V03684,P005,27,11,Undergraduate,64.85,71.63,Zooniverse,Public_Health,0.414,6.780000000000001,False
V03685,P078,10,10,Self-taught,49.74,51.52,eBird,Ecology,0.658,1.7800000000000011,False
V03686,P294,24,11,Undergraduate,49.43,59.61,iNaturalist,Ecology,0.441,10.18,False
V03687,P018,12,16,Teacher,72.58,81.96,Zooniverse,Biochemistry,0.451,9.379999999999995,True
V03688,P088,11,15,Secondary,47.81,56.7,eBird,Public_Health,0.635,8.89,True
V03689,P088,20,10,Self-taught,58.31,65.76,eBird,Public_Health,0.635,7.450000000000003,False
V03690,P103,2,7,Undergraduate,70.9,79.34,SciStarter,Public_Health,0.285,8.439999999999998,False
V03691,P194,4,15,Undergraduate,67.57,79.34,eBird,Ecology,0.57,11.77000000000001,True
V03692,P068,21,13,Graduate,74.52,81.34,iNaturalist,Biodiversity,0.585,6.820000000000007,True
V03693,P128,6,7,Undergraduate,48.41,50.83,Galaxy_Zoo,Public_Health,0.344,2.4200000000000017,False
V03694,P181,22,5,Teacher,64.79,66.97,Zooniverse,Astronomy,0.503,2.1799999999999926,False
V03695,P089,3,18,Self-taught,54.09,66.81,Zooniverse,Astronomy,0.441,12.719999999999999,True
V03696,P282,5,5,Undergraduate,54.0,56.52,iNaturalist,Climate,0.443,2.520000000000003,False
V03697,P291,11,8,Self-taught,61.28,70.37,SciStarter,Astronomy,0.542,9.090000000000003,False
V03698,P036,43,5,Self-taught,62.52,68.88,Zooniverse,Biodiversity,0.411,6.359999999999992,False
V03699,P094,22,16,Graduate,81.07,88.62,SciStarter,Astronomy,0.358,7.550000000000011,True
V03700,P061,9,11,Self-taught,44.38,56.38,Zooniverse,Public_Health,0.445,12.0,False
V03701,P051,6,9,Undergraduate,51.18,57.04,Zooniverse,Climate,0.503,5.859999999999999,False
V03702,P137,7,15,Undergraduate,72.48,79.62,iNaturalist,Astronomy,0.521,7.140000000000001,True
V03703,P156,23,7,Graduate,86.91,91.83,eBird,Biochemistry,0.544,4.920000000000002,False
V03704,P116,20,4,Undergraduate,39.68,43.62,Zooniverse,Public_Health,0.39,3.9399999999999977,False
V03705,P074,1,13,Graduate,95.0,100.0,Zooniverse,Biochemistry,0.286,5.0,True
V03706,P075,2,20,Secondary,49.01,59.05,eBird,Ecology,0.652,10.04,True
V03707,P295,7,4,Teacher,69.54,72.46,SciStarter,Climate,0.448,2.9199999999999875,False
V03708,P273,18,9,Undergraduate,61.29,70.15,SciStarter,Ecology,0.481,8.860000000000007,False
V03709,P025,3,3,Secondary,48.8,53.8,Galaxy_Zoo,Public_Health,0.442,5.0,False
V03710,P185,4,17,Teacher,65.03,74.99,eBird,Biochemistry,0.708,9.959999999999994,True
V03711,P127,32,6,Teacher,75.66,84.73,Galaxy_Zoo,Astronomy,0.324,9.070000000000007,False
V03712,P196,46,11,Undergraduate,63.89,69.01,Foldit,Biodiversity,0.531,5.1200000000000045,False
V03713,P165,22,20,Graduate,87.33,91.72,SciStarter,Astronomy,0.481,4.390000000000001,True
V03714,P258,15,8,Secondary,49.2,54.81,Galaxy_Zoo,Ecology,0.315,5.609999999999999,False
V03715,P021,16,14,Secondary,49.26,55.52,SciStarter,Astronomy,0.442,6.260000000000005,True
V03716,P096,4,3,Undergraduate,65.54,69.94,iNaturalist,Biochemistry,0.473,4.3999999999999915,False
V03717,P293,7,7,Teacher,55.73,57.57,Galaxy_Zoo,Public_Health,0.342,1.8400000000000034,False
V03718,P050,34,15,Graduate,63.14,69.45,Galaxy_Zoo,Biodiversity,0.435,6.310000000000002,True
V03719,P037,7,15,Self-taught,52.48,58.45,iNaturalist,Ecology,0.562,5.970000000000006,True
V03720,P207,3,17,Undergraduate,50.9,60.89,eBird,Ecology,0.626,9.990000000000002,True
V03721,P225,25,9,Graduate,63.03,73.17,eBird,Public_Health,0.583,10.14,False
V03722,P191,3,24,Secondary,52.27,58.24,Zooniverse,Public_Health,0.559,5.969999999999999,True
V03723,P225,4,7,Secondary,54.23,55.8,eBird,Public_Health,0.583,1.5700000000000003,False
V03724,P197,18,17,Self-taught,51.39,59.26,Zooniverse,Ecology,0.387,7.869999999999997,True
V03725,P039,18,6,Undergraduate,68.05,74.15,Zooniverse,Biochemistry,0.365,6.1000000000000085,False
V03726,P170,17,6,Undergraduate,68.0,74.18,Zooniverse,Biochemistry,0.478,6.180000000000007,False
V03727,P225,13,4,Undergraduate,75.49,80.77,eBird,Public_Health,0.583,5.280000000000001,False
V03728,P251,9,6,Undergraduate,53.6,57.36,iNaturalist,Public_Health,0.53,3.759999999999998,False
V03729,P068,22,16,Graduate,68.18,77.31,iNaturalist,Biodiversity,0.585,9.129999999999995,True
V03730,P037,13,14,Graduate,66.16,79.7,iNaturalist,Ecology,0.562,13.540000000000006,True
V03731,P226,25,2,Undergraduate,46.57,52.23,Zooniverse,Climate,0.559,5.659999999999997,False
V03732,P070,34,20,Undergraduate,69.81,79.24,eBird,Biodiversity,0.641,9.429999999999993,True
V03733,P010,5,15,Undergraduate,60.11,65.0,Zooniverse,Ecology,0.402,4.890000000000001,True
V03734,P239,9,19,Undergraduate,55.5,69.86,Galaxy_Zoo,Biochemistry,0.361,14.36,True
V03735,P143,5,16,Self-taught,76.13,83.48,Zooniverse,Public_Health,0.442,7.3500000000000085,True
V03736,P091,4,17,Teacher,76.8,80.38,eBird,Biochemistry,0.558,3.5799999999999983,True
V03737,P004,6,14,Graduate,82.79,91.81,iNaturalist,Public_Health,0.533,9.019999999999996,True
V03738,P011,1,16,Undergraduate,62.08,69.75,eBird,Public_Health,0.836,7.670000000000002,True
V03739,P228,7,5,Self-taught,68.21,77.95,iNaturalist,Biochemistry,0.562,9.740000000000009,False
V03740,P137,2,17,Secondary,55.17,61.57,iNaturalist,Astronomy,0.521,6.399999999999999,True
V03741,P045,5,16,Teacher,67.17,73.02,eBird,Ecology,0.63,5.849999999999994,True
V03742,P099,10,6,Teacher,62.78,69.65,iNaturalist,Astronomy,0.335,6.8700000000000045,False
V03743,P048,10,4,Secondary,47.75,53.01,Zooniverse,Astronomy,0.437,5.259999999999998,False
V03744,P034,26,22,Undergraduate,58.49,66.82,eBird,Public_Health,0.782,8.329999999999991,True
V03745,P074,7,4,Secondary,37.99,41.52,Zooniverse,Biochemistry,0.286,3.530000000000001,False
V03746,P151,13,21,Undergraduate,42.73,50.26,eBird,Biodiversity,0.671,7.530000000000001,True
V03747,P061,11,10,Undergraduate,62.99,72.62,Zooniverse,Public_Health,0.445,9.630000000000003,False
V03748,P094,6,18,Graduate,76.74,85.71,SciStarter,Astronomy,0.358,8.969999999999999,True
V03749,P134,13,8,Self-taught,61.41,68.14,iNaturalist,Astronomy,0.463,6.730000000000004,False
V03750,P115,17,23,Undergraduate,66.06,80.89,eBird,Astronomy,0.676,14.829999999999998,True
V03751,P038,3,7,Teacher,62.87,68.89,eBird,Ecology,0.498,6.020000000000003,False
V03752,P013,26,6,Teacher,66.71,71.23,Zooniverse,Ecology,0.406,4.52000000000001,False
V03753,P011,1,12,Graduate,76.77,85.44,eBird,Public_Health,0.836,8.670000000000002,True
V03754,P096,5,13,Self-taught,53.74,64.47,iNaturalist,Biochemistry,0.473,10.729999999999997,True
V03755,P204,12,22,Self-taught,44.4,47.56,eBird,Astronomy,0.612,3.1600000000000037,True
V03756,P038,2,14,Teacher,59.38,67.7,eBird,Ecology,0.498,8.32,True
V03757,P228,3,13,Graduate,65.67,72.69,iNaturalist,Biochemistry,0.562,7.019999999999996,True
V03758,P203,52,12,Secondary,46.0,50.26,Galaxy_Zoo,Climate,0.433,4.259999999999998,True
V03759,P001,14,11,Secondary,52.46,59.04,Zooniverse,Public_Health,0.458,6.579999999999998,False
V03760,P009,6,2,Graduate,53.74,61.33,iNaturalist,Astronomy,0.507,7.589999999999996,False
V03761,P054,21,10,Teacher,62.83,65.37,Foldit,Biodiversity,0.419,2.5400000000000063,False
V03762,P018,3,23,Undergraduate,65.59,76.98,Zooniverse,Biochemistry,0.451,11.39,True
V03763,P147,1,13,Undergraduate,61.5,65.09,Galaxy_Zoo,Biochemistry,0.351,3.5900000000000034,True
V03764,P014,11,14,Teacher,63.54,68.52,SciStarter,Biodiversity,0.428,4.979999999999997,True
V03765,P230,10,11,Undergraduate,57.7,68.66,eBird,Climate,0.585,10.959999999999994,False
V03766,P138,1,10,Undergraduate,55.09,64.83,iNaturalist,Biochemistry,0.422,9.739999999999995,False
V03767,P207,14,11,Undergraduate,56.2,63.83,eBird,Ecology,0.626,7.6299999999999955,False
V03768,P217,23,9,Teacher,69.79,77.34,Galaxy_Zoo,Astronomy,0.498,7.549999999999997,False
V03769,P143,4,6,Secondary,42.25,42.97,Zooniverse,Public_Health,0.442,0.7199999999999989,False
V03770,P274,18,12,Undergraduate,64.64,72.69,iNaturalist,Public_Health,0.53,8.049999999999997,True
V03771,P294,3,9,Graduate,69.05,76.66,iNaturalist,Ecology,0.441,7.609999999999999,False
V03772,P099,4,16,Self-taught,60.91,69.81,iNaturalist,Astronomy,0.335,8.900000000000006,True
V03773,P037,18,25,Teacher,66.36,76.69,iNaturalist,Ecology,0.562,10.329999999999998,True
V03774,P099,9,12,Secondary,47.81,54.24,iNaturalist,Astronomy,0.335,6.43,True
V03775,P063,14,18,Undergraduate,68.11,77.77,iNaturalist,Biodiversity,0.65,9.659999999999997,True
V03776,P147,7,15,Teacher,65.19,70.6,Galaxy_Zoo,Biochemistry,0.351,5.409999999999997,True
V03777,P103,15,7,Undergraduate,61.47,66.41,SciStarter,Public_Health,0.285,4.939999999999998,False
V03778,P134,12,7,Teacher,79.64,83.87,iNaturalist,Astronomy,0.463,4.230000000000004,False
V03779,P220,8,13,Graduate,74.21,80.54,eBird,Public_Health,0.734,6.3300000000000125,True
V03780,P074,1,1,Undergraduate,68.38,70.69,Zooniverse,Biochemistry,0.286,2.3100000000000023,False
V03781,P151,2,8,Secondary,61.05,64.48,eBird,Biodiversity,0.671,3.430000000000007,False
V03782,P092,1,10,Undergraduate,56.5,64.04,eBird,Public_Health,0.782,7.540000000000006,False
V03783,P228,20,10,Teacher,62.91,66.34,iNaturalist,Biochemistry,0.562,3.430000000000007,False
V03784,P179,29,16,Secondary,32.19,40.23,Foldit,Biodiversity,0.428,8.04,True
V03785,P004,7,7,Secondary,45.61,54.08,iNaturalist,Public_Health,0.533,8.469999999999999,False
V03786,P185,14,13,Graduate,78.75,81.0,eBird,Biochemistry,0.708,2.25,True
V03787,P048,13,8,Graduate,66.1,71.1,Zooniverse,Astronomy,0.437,5.0,False
V03788,P206,1,6,Undergraduate,55.48,61.87,Zooniverse,Climate,0.456,6.390000000000001,False
V03789,P157,16,9,Secondary,50.53,52.29,Galaxy_Zoo,Ecology,0.421,1.759999999999998,False
V03790,P108,11,6,Secondary,52.6,56.78,Zooniverse,Public_Health,0.423,4.18,False
V03791,P197,12,5,Undergraduate,64.2,71.61,Zooniverse,Ecology,0.387,7.409999999999997,False
V03792,P249,12,4,Secondary,59.42,69.71,Galaxy_Zoo,Climate,0.421,10.289999999999992,False
V03793,P226,8,9,Graduate,76.34,84.93,Zooniverse,Climate,0.559,8.590000000000003,False
V03794,P151,8,5,Graduate,64.41,73.57,eBird,Biodiversity,0.671,9.159999999999997,False
V03795,P205,9,12,Undergraduate,56.84,61.67,eBird,Biodiversity,0.846,4.829999999999998,True
V03796,P113,4,8,Graduate,83.84,90.62,Zooniverse,Biodiversity,0.53,6.780000000000001,False
V03797,P228,12,3,Secondary,52.87,61.04,iNaturalist,Biochemistry,0.562,8.170000000000002,False
V03798,P240,13,6,Graduate,65.35,70.44,Zooniverse,Biochemistry,0.343,5.090000000000003,False
V03799,P039,29,8,Secondary,46.91,52.32,Zooniverse,Biochemistry,0.365,5.410000000000004,False
V03800,P066,6,14,Secondary,41.54,50.48,iNaturalist,Astronomy,0.531,8.939999999999998,True
V03801,P074,4,4,Teacher,67.4,72.52,Zooniverse,Biochemistry,0.286,5.11999999999999,False
V03802,P048,24,7,Undergraduate,77.34,83.2,Zooniverse,Astronomy,0.437,5.859999999999999,False
V03803,P107,1,24,Secondary,53.15,63.12,iNaturalist,Ecology,0.511,9.969999999999999,True
V03804,P053,15,5,Graduate,85.55,88.91,Foldit,Public_Health,0.444,3.3599999999999994,False
V03805,P165,12,17,Secondary,46.86,56.28,SciStarter,Astronomy,0.481,9.420000000000002,True
V03806,P032,4,11,Self-taught,56.21,65.54,Zooniverse,Ecology,0.365,9.330000000000005,False
V03807,P074,14,11,Undergraduate,52.49,58.18,Zooniverse,Biochemistry,0.286,5.689999999999998,False
V03808,P188,20,14,Self-taught,41.78,51.57,Foldit,Astronomy,0.414,9.79,True
V03809,P108,12,30,Graduate,68.99,85.24,Zooniverse,Public_Health,0.423,16.25,True
V03810,P115,21,15,Self-taught,63.75,70.83,eBird,Astronomy,0.676,7.079999999999998,True
V03811,P230,11,9,Secondary,55.7,58.63,eBird,Climate,0.585,2.9299999999999997,False
V03812,P293,18,11,Teacher,53.35,56.06,Galaxy_Zoo,Public_Health,0.342,2.710000000000001,False
V03813,P157,10,12,Graduate,64.85,75.19,Galaxy_Zoo,Ecology,0.421,10.340000000000003,True
V03814,P026,10,7,Undergraduate,60.2,66.69,Galaxy_Zoo,Biodiversity,0.294,6.489999999999995,False
V03815,P033,7,4,Graduate,75.14,81.34,Galaxy_Zoo,Public_Health,0.158,6.200000000000003,False
V03816,P287,2,4,Graduate,83.08,87.83,Zooniverse,Astronomy,0.507,4.75,False
V03817,P194,1,7,Graduate,74.63,79.15,eBird,Ecology,0.57,4.52000000000001,False
V03818,P217,10,9,Secondary,53.05,57.62,Galaxy_Zoo,Astronomy,0.498,4.57,False
V03819,P192,15,4,Teacher,65.99,69.24,eBird,Public_Health,0.577,3.25,False
V03820,P050,27,6,Secondary,48.8,52.54,Galaxy_Zoo,Biodiversity,0.435,3.740000000000002,False
V03821,P124,20,16,Undergraduate,68.95,77.87,Galaxy_Zoo,Public_Health,0.336,8.920000000000002,True
V03822,P230,17,17,Secondary,55.02,66.32,eBird,Climate,0.585,11.29999999999999,True
V03823,P252,7,9,Graduate,69.77,74.72,Galaxy_Zoo,Ecology,0.446,4.950000000000003,False
V03824,P066,17,23,Self-taught,45.91,56.88,iNaturalist,Astronomy,0.531,10.970000000000006,True
V03825,P165,7,2,Secondary,47.87,52.75,SciStarter,Astronomy,0.481,4.880000000000003,False
V03826,P046,29,6,Undergraduate,40.67,48.4,Galaxy_Zoo,Astronomy,0.399,7.729999999999997,False
V03827,P283,13,5,Secondary,53.17,57.68,SciStarter,Biodiversity,0.339,4.509999999999998,False
V03828,P069,11,6,Secondary,48.7,54.35,SciStarter,Climate,0.56,5.649999999999999,False
V03829,P207,13,11,Undergraduate,57.62,72.13,eBird,Ecology,0.626,14.509999999999998,False
V03830,P065,12,13,Undergraduate,62.46,69.08,eBird,Biodiversity,0.645,6.619999999999997,True
V03831,P171,8,24,Graduate,62.03,72.88,eBird,Biochemistry,0.62,10.849999999999994,True
V03832,P185,3,8,Self-taught,61.16,70.24,eBird,Biochemistry,0.708,9.079999999999998,False
V03833,P092,21,29,Undergraduate,60.89,77.39,eBird,Public_Health,0.782,16.5,True
V03834,P237,7,5,Secondary,43.08,44.76,Zooniverse,Public_Health,0.556,1.6799999999999997,False
V03835,P257,14,5,Graduate,73.33,81.88,Foldit,Astronomy,0.35,8.549999999999997,False
V03836,P249,9,13,Graduate,69.87,76.96,Galaxy_Zoo,Climate,0.421,7.089999999999989,True
V03837,P092,2,28,Self-taught,61.14,74.22,eBird,Public_Health,0.782,13.079999999999998,True
V03838,P214,11,2,Graduate,55.8,59.95,SciStarter,Biodiversity,0.397,4.150000000000006,False
V03839,P155,15,7,Secondary,29.33,36.36,Zooniverse,Climate,0.523,7.030000000000001,False
V03840,P164,15,5,Teacher,53.76,60.07,eBird,Astronomy,0.622,6.310000000000002,False
V03841,P133,4,25,Graduate,77.26,86.93,iNaturalist,Climate,0.5,9.670000000000002,True
V03842,P167,6,6,Undergraduate,55.39,63.51,Foldit,Biochemistry,0.514,8.119999999999997,False
V03843,P039,31,3,Graduate,62.53,64.72,Zooniverse,Biochemistry,0.365,2.1899999999999977,False
V03844,P112,5,19,Graduate,71.8,78.56,iNaturalist,Biochemistry,0.384,6.760000000000005,True
V03845,P049,1,36,Undergraduate,50.88,65.83,eBird,Ecology,0.78,14.949999999999996,True
V03846,P076,10,11,Undergraduate,63.34,69.75,Zooniverse,Biochemistry,0.418,6.409999999999997,False
V03847,P037,8,7,Graduate,60.73,64.1,iNaturalist,Ecology,0.562,3.3699999999999974,False
V03848,P061,30,13,Self-taught,65.81,72.22,Zooniverse,Public_Health,0.445,6.409999999999997,True
V03849,P227,16,8,Undergraduate,51.3,57.87,Zooniverse,Public_Health,0.458,6.57,False
V03850,P152,20,5,Self-taught,52.0,52.49,Foldit,Biodiversity,0.457,0.490000000000002,False
V03851,P009,3,21,Graduate,79.67,89.81,iNaturalist,Astronomy,0.507,10.14,True
V03852,P228,3,8,Secondary,45.45,51.22,iNaturalist,Biochemistry,0.562,5.769999999999996,False
V03853,P265,43,7,Secondary,56.04,61.12,Zooniverse,Ecology,0.494,5.079999999999998,False
V03854,P257,19,5,Undergraduate,57.7,60.8,Foldit,Astronomy,0.35,3.0999999999999943,False
V03855,P238,23,12,Undergraduate,52.6,59.44,eBird,Astronomy,0.622,6.839999999999996,True
V03856,P295,17,18,Graduate,77.03,86.63,SciStarter,Climate,0.448,9.599999999999994,True
V03857,P163,28,13,Undergraduate,56.74,65.75,iNaturalist,Biodiversity,0.6,9.009999999999998,True
V03858,P285,3,14,Secondary,52.4,55.57,Galaxy_Zoo,Biodiversity,0.504,3.1700000000000017,True
V03859,P282,16,9,Undergraduate,51.19,57.24,iNaturalist,Climate,0.443,6.050000000000004,False
V03860,P086,6,5,Undergraduate,66.69,77.6,SciStarter,Astronomy,0.322,10.909999999999997,False
V03861,P251,4,7,Undergraduate,60.44,68.08,iNaturalist,Public_Health,0.53,7.640000000000001,False
V03862,P228,1,2,Undergraduate,68.94,70.66,iNaturalist,Biochemistry,0.562,1.7199999999999989,False
V03863,P225,3,11,Graduate,81.9,89.55,eBird,Public_Health,0.583,7.6499999999999915,False
V03864,P262,3,6,Secondary,37.75,41.84,Foldit,Biochemistry,0.589,4.090000000000003,False
V03865,P104,28,15,Graduate,65.71,74.67,eBird,Climate,0.621,8.960000000000008,True
V03866,P108,11,9,Undergraduate,55.8,60.21,Zooniverse,Public_Health,0.423,4.410000000000004,False
V03867,P180,18,6,Graduate,75.87,77.61,Zooniverse,Astronomy,0.571,1.7399999999999949,False
V03868,P211,47,8,Self-taught,64.63,69.83,Galaxy_Zoo,Climate,0.338,5.200000000000003,False
V03869,P257,62,2,Undergraduate,67.06,65.98,Foldit,Astronomy,0.35,-1.0799999999999983,False
V03870,P256,22,4,Undergraduate,64.64,70.35,SciStarter,Astronomy,0.408,5.709999999999994,False
V03871,P205,47,12,Undergraduate,54.82,66.47,eBird,Biodiversity,0.846,11.649999999999999,True
V03872,P283,6,12,Secondary,54.69,58.65,SciStarter,Biodiversity,0.339,3.960000000000001,True
V03873,P049,17,12,Graduate,76.38,84.06,eBird,Ecology,0.78,7.680000000000007,True
V03874,P282,6,4,Undergraduate,56.31,61.81,iNaturalist,Climate,0.443,5.5,False
V03875,P021,38,6,Secondary,52.12,59.36,SciStarter,Astronomy,0.442,7.240000000000002,False
V03876,P154,29,9,Undergraduate,60.16,65.63,eBird,Biodiversity,0.66,5.469999999999999,False
V03877,P028,14,15,Secondary,57.91,63.36,Zooniverse,Biodiversity,0.452,5.450000000000003,True
V03878,P157,9,7,Secondary,48.85,52.42,Galaxy_Zoo,Ecology,0.421,3.5700000000000003,False
V03879,P107,3,10,Undergraduate,65.56,73.19,iNaturalist,Ecology,0.511,7.6299999999999955,False
V03880,P027,5,25,Undergraduate,68.03,82.6,iNaturalist,Astronomy,0.526,14.569999999999993,True
V03881,P182,15,6,Self-taught,65.69,72.09,Foldit,Astronomy,0.567,6.400000000000006,False
V03882,P209,3,4,Self-taught,46.99,50.19,Zooniverse,Ecology,0.416,3.1999999999999957,False
V03883,P049,25,23,Self-taught,56.73,67.61,eBird,Ecology,0.78,10.880000000000003,True
V03884,P197,1,14,Secondary,38.36,48.6,Zooniverse,Ecology,0.387,10.240000000000002,True
V03885,P049,11,23,Graduate,80.94,86.78,eBird,Ecology,0.78,5.840000000000003,True
V03886,P039,6,10,Graduate,61.38,66.58,Zooniverse,Biochemistry,0.365,5.199999999999996,False
V03887,P045,9,22,Graduate,71.36,79.37,eBird,Ecology,0.63,8.010000000000005,True
V03888,P166,10,10,Graduate,80.27,86.19,Foldit,Public_Health,0.414,5.920000000000002,False
V03889,P226,68,15,Teacher,63.9,69.9,Zooniverse,Climate,0.559,6.000000000000007,True
V03890,P165,19,14,Undergraduate,71.91,70.39,SciStarter,Astronomy,0.481,-1.519999999999996,True
V03891,P233,1,10,Self-taught,54.01,63.67,eBird,Climate,0.618,9.660000000000004,False
V03892,P164,15,12,Self-taught,48.93,55.04,eBird,Astronomy,0.622,6.109999999999999,True
V03893,P230,30,5,Graduate,75.45,79.76,eBird,Climate,0.585,4.310000000000002,False
V03894,P289,29,12,Graduate,79.5,81.38,Galaxy_Zoo,Biodiversity,0.468,1.8799999999999955,True
V03895,P107,1,9,Undergraduate,58.53,62.8,iNaturalist,Ecology,0.511,4.269999999999996,False
V03896,P045,9,18,Self-taught,72.47,79.71,eBird,Ecology,0.63,7.239999999999995,True
V03897,P038,39,7,Self-taught,51.21,55.25,eBird,Ecology,0.498,4.039999999999999,False
V03898,P165,11,8,Undergraduate,41.5,53.47,SciStarter,Astronomy,0.481,11.969999999999999,False
V03899,P151,3,13,Secondary,33.07,39.94,eBird,Biodiversity,0.671,6.869999999999997,True
V03900,P050,16,14,Secondary,33.76,39.89,Galaxy_Zoo,Biodiversity,0.435,6.130000000000003,True
V03901,P257,63,20,Undergraduate,51.36,61.51,Foldit,Astronomy,0.35,10.149999999999999,True
V03902,P283,15,14,Secondary,46.28,47.93,SciStarter,Biodiversity,0.339,1.6499999999999986,True
V03903,P070,42,14,Undergraduate,47.08,56.51,eBird,Biodiversity,0.641,9.43,True
V03904,P060,23,10,Undergraduate,65.57,74.43,SciStarter,Ecology,0.385,8.860000000000014,False
V03905,P061,2,3,Undergraduate,67.17,69.09,Zooniverse,Public_Health,0.445,1.9200000000000017,False
V03906,P106,15,11,Graduate,62.58,67.54,Galaxy_Zoo,Ecology,0.419,4.960000000000008,False
V03907,P248,14,17,Undergraduate,60.92,70.38,iNaturalist,Biodiversity,0.604,9.459999999999994,True
V03908,P165,2,9,Graduate,74.7,80.81,SciStarter,Astronomy,0.481,6.109999999999999,False
V03909,P021,14,5,Undergraduate,70.43,74.33,SciStarter,Astronomy,0.442,3.8999999999999915,False
V03910,P131,4,6,Graduate,79.3,91.88,SciStarter,Public_Health,0.459,12.579999999999998,False
V03911,P028,5,16,Undergraduate,67.67,77.52,Zooniverse,Biodiversity,0.452,9.849999999999994,True
V03912,P111,10,4,Undergraduate,65.57,71.19,Foldit,Biochemistry,0.467,5.6200000000000045,False
V03913,P109,10,12,Self-taught,43.55,53.75,iNaturalist,Climate,0.497,10.200000000000003,True
V03914,P182,7,11,Secondary,59.23,68.09,Foldit,Astronomy,0.567,8.860000000000007,False
V03915,P151,3,8,Secondary,46.0,54.67,eBird,Biodiversity,0.671,8.670000000000002,False
V03916,P255,2,5,Graduate,75.98,79.29,Zooniverse,Public_Health,0.368,3.3100000000000023,False
V03917,P006,40,9,Graduate,68.61,81.22,Foldit,Ecology,0.438,12.61,False
V03918,P225,14,15,Teacher,73.57,81.57,eBird,Public_Health,0.583,8.0,True
V03919,P009,39,10,Secondary,44.97,52.36,iNaturalist,Astronomy,0.507,7.390000000000001,False
V03920,P085,3,6,Self-taught,69.65,73.83,iNaturalist,Biochemistry,0.542,4.179999999999993,False
V03921,P257,53,17,Undergraduate,59.82,71.4,Foldit,Astronomy,0.35,11.580000000000005,True
V03922,P196,29,11,Undergraduate,54.97,64.84,Foldit,Biodiversity,0.531,9.870000000000005,False
V03923,P048,1,11,Undergraduate,48.5,55.54,Zooniverse,Astronomy,0.437,7.039999999999999,False
V03924,P137,32,4,Undergraduate,58.68,59.3,iNaturalist,Astronomy,0.521,0.6199999999999974,False
V03925,P205,40,20,Secondary,53.11,67.97,eBird,Biodiversity,0.846,14.86,True
V03926,P279,24,8,Self-taught,40.11,45.78,eBird,Public_Health,0.603,5.670000000000002,False
V03927,P177,25,9,Undergraduate,68.79,72.8,Galaxy_Zoo,Public_Health,0.257,4.009999999999991,False
V03928,P009,13,9,Undergraduate,53.36,58.51,iNaturalist,Astronomy,0.507,5.149999999999999,False
V03929,P141,1,4,Undergraduate,64.12,63.95,Zooniverse,Astronomy,0.382,-0.1700000000000017,False
V03930,P045,5,20,Undergraduate,55.31,62.32,eBird,Ecology,0.63,7.009999999999998,True
V03931,P017,9,7,Graduate,66.58,72.4,Galaxy_Zoo,Climate,0.448,5.820000000000007,False
V03932,P165,41,13,Teacher,63.21,66.72,SciStarter,Astronomy,0.481,3.509999999999998,True
V03933,P225,17,4,Secondary,52.09,56.47,eBird,Public_Health,0.583,4.3799999999999955,False
V03934,P012,28,6,Teacher,68.21,70.07,Zooniverse,Astronomy,0.451,1.8599999999999994,False
V03935,P227,1,10,Undergraduate,59.37,60.53,Zooniverse,Public_Health,0.458,1.1600000000000037,False
V03936,P200,16,6,Self-taught,46.42,50.74,Zooniverse,Biodiversity,0.485,4.32,False
V03937,P217,48,9,Undergraduate,59.99,71.06,Galaxy_Zoo,Astronomy,0.498,11.07,False
V03938,P068,14,9,Teacher,73.4,73.77,iNaturalist,Biodiversity,0.585,0.36999999999999034,False
V03939,P107,12,15,Undergraduate,60.21,66.24,iNaturalist,Ecology,0.511,6.029999999999994,True
V03940,P036,26,4,Secondary,41.3,48.09,Zooniverse,Biodiversity,0.411,6.790000000000006,False
V03941,P066,17,6,Graduate,60.78,68.96,iNaturalist,Astronomy,0.531,8.179999999999993,False
V03942,P085,8,8,Self-taught,53.22,57.43,iNaturalist,Biochemistry,0.542,4.210000000000001,False
V03943,P088,4,8,Self-taught,52.44,54.84,eBird,Public_Health,0.635,2.4000000000000057,False
V03944,P049,22,11,Graduate,67.52,71.23,eBird,Ecology,0.78,3.710000000000008,False
V03945,P051,1,15,Undergraduate,70.14,73.22,Zooniverse,Climate,0.503,3.0799999999999983,True
V03946,P264,23,9,Undergraduate,59.15,69.98,Zooniverse,Biodiversity,0.4,10.830000000000005,False
V03947,P227,10,8,Secondary,54.66,61.45,Zooniverse,Public_Health,0.458,6.790000000000006,False
V03948,P094,69,3,Self-taught,59.61,63.41,SciStarter,Astronomy,0.358,3.799999999999997,False
V03949,P282,10,9,Self-taught,56.37,61.5,iNaturalist,Climate,0.443,5.130000000000003,False
V03950,P066,27,16,Teacher,64.56,73.37,iNaturalist,Astronomy,0.531,8.810000000000002,True
V03951,P111,4,12,Self-taught,47.64,54.11,Foldit,Biochemistry,0.467,6.469999999999999,True
V03952,P235,4,10,Graduate,71.18,79.97,Foldit,Biochemistry,0.482,8.789999999999992,False
V03953,P121,14,2,Undergraduate,58.77,63.73,Galaxy_Zoo,Biochemistry,0.31,4.959999999999994,False
V03954,P066,15,5,Undergraduate,60.49,70.2,iNaturalist,Astronomy,0.531,9.71,False
V03955,P101,6,11,Graduate,62.7,69.58,Galaxy_Zoo,Biodiversity,0.492,6.8799999999999955,False
V03956,P141,5,15,Secondary,28.35,35.13,Zooniverse,Astronomy,0.382,6.780000000000001,True
V03957,P173,1,17,Self-taught,62.16,70.01,eBird,Biochemistry,0.67,7.8500000000000085,True
V03958,P111,5,12,Undergraduate,49.95,57.69,Foldit,Biochemistry,0.467,7.739999999999995,True
V03959,P118,14,7,Secondary,52.84,55.95,Galaxy_Zoo,Ecology,0.439,3.1099999999999994,False
V03960,P072,11,1,Self-taught,53.64,57.85,Zooniverse,Astronomy,0.411,4.210000000000001,False
V03961,P149,26,5,Secondary,42.91,50.28,Zooniverse,Ecology,0.479,7.3700000000000045,False
V03962,P063,5,15,Secondary,47.01,58.76,iNaturalist,Biodiversity,0.65,11.75,True
V03963,P252,6,14,Graduate,71.55,80.35,Galaxy_Zoo,Ecology,0.446,8.799999999999997,True
V03964,P216,7,19,Self-taught,53.77,66.77,iNaturalist,Climate,0.64,12.999999999999993,True
V03965,P112,6,6,Graduate,65.98,71.32,iNaturalist,Biochemistry,0.384,5.339999999999989,False
V03966,P216,12,8,Secondary,54.1,66.33,iNaturalist,Climate,0.64,12.229999999999997,False
V03967,P003,17,7,Undergraduate,50.37,58.26,Galaxy_Zoo,Biodiversity,0.343,7.890000000000001,False
V03968,P094,30,9,Undergraduate,47.99,53.96,SciStarter,Astronomy,0.358,5.969999999999999,False
V03969,P120,14,8,Secondary,53.95,59.58,Galaxy_Zoo,Climate,0.338,5.6299999999999955,False
V03970,P130,8,7,Undergraduate,61.13,66.09,iNaturalist,Climate,0.557,4.960000000000001,False
V03971,P216,12,21,Secondary,47.93,58.3,iNaturalist,Climate,0.64,10.369999999999997,True
V03972,P285,10,7,Secondary,49.75,55.56,Galaxy_Zoo,Biodiversity,0.504,5.810000000000002,False
V03973,P104,27,11,Graduate,64.88,70.06,eBird,Climate,0.621,5.180000000000007,False
V03974,P096,16,4,Undergraduate,56.14,56.81,iNaturalist,Biochemistry,0.473,0.6700000000000017,False
V03975,P171,11,12,Undergraduate,71.84,76.15,eBird,Biochemistry,0.62,4.310000000000002,True
V03976,P076,3,7,Graduate,75.06,81.27,Zooniverse,Biochemistry,0.418,6.209999999999994,False
V03977,P041,5,3,Graduate,71.01,73.54,SciStarter,Biochemistry,0.426,2.530000000000001,False
V03978,P284,2,11,Secondary,44.31,50.16,Galaxy_Zoo,Public_Health,0.463,5.849999999999994,False
V03979,P233,17,16,Graduate,67.19,76.04,eBird,Climate,0.618,8.850000000000009,True
V03980,P283,23,11,Teacher,75.47,82.08,SciStarter,Biodiversity,0.339,6.609999999999999,False
V03981,P063,36,11,Secondary,66.06,74.78,iNaturalist,Biodiversity,0.65,8.719999999999999,False
V03982,P007,14,3,Secondary,50.91,54.42,Galaxy_Zoo,Biochemistry,0.319,3.510000000000005,False
V03983,P119,7,6,Graduate,57.9,60.38,eBird,Climate,0.739,2.480000000000004,False
V03984,P278,53,5,Graduate,52.45,60.03,SciStarter,Ecology,0.356,7.579999999999998,False
V03985,P040,1,13,Undergraduate,62.35,71.49,Zooniverse,Biodiversity,0.563,9.139999999999993,True
V03986,P035,2,7,Undergraduate,53.55,57.3,iNaturalist,Biodiversity,0.331,3.75,False
V03987,P022,11,11,Secondary,49.33,54.91,Foldit,Public_Health,0.459,5.579999999999998,False
V03988,P221,22,7,Undergraduate,63.25,70.53,SciStarter,Public_Health,0.351,7.280000000000001,False
V03989,P228,2,17,Undergraduate,62.41,70.47,iNaturalist,Biochemistry,0.562,8.060000000000002,True
V03990,P198,3,20,Secondary,44.6,50.97,eBird,Biodiversity,0.702,6.369999999999997,True
V03991,P018,14,14,Secondary,43.09,50.51,Zooniverse,Biochemistry,0.451,7.419999999999995,True
V03992,P205,14,9,Self-taught,62.72,67.79,eBird,Biodiversity,0.846,5.070000000000007,False
V03993,P124,43,12,Graduate,77.43,81.8,Galaxy_Zoo,Public_Health,0.336,4.36999999999999,True
V03994,P047,4,18,Graduate,62.64,71.93,eBird,Public_Health,0.734,9.290000000000006,True
V03995,P081,29,4,Self-taught,52.92,59.68,Foldit,Ecology,0.312,6.759999999999998,False
V03996,P141,11,7,Undergraduate,63.01,67.8,Zooniverse,Astronomy,0.382,4.789999999999999,False
V03997,P092,11,13,Teacher,81.99,82.95,eBird,Public_Health,0.782,0.960000000000008,True
V03998,P287,1,22,Undergraduate,67.35,81.24,Zooniverse,Astronomy,0.507,13.89,True
V03999,P132,16,14,Secondary,36.73,42.05,Foldit,Public_Health,0.671,5.32,True
V04000,P102,46,8,Secondary,45.75,59.78,Galaxy_Zoo,Ecology,0.373,14.030000000000001,False
V04001,P192,3,8,Self-taught,49.3,54.67,eBird,Public_Health,0.577,5.3700000000000045,False
V04002,P183,23,7,Undergraduate,52.09,57.83,eBird,Biodiversity,0.553,5.739999999999995,False
V04003,P001,20,5,Self-taught,40.58,44.15,Zooniverse,Public_Health,0.458,3.5700000000000003,False
V04004,P172,11,14,Undergraduate,53.18,60.03,Galaxy_Zoo,Climate,0.392,6.850000000000001,True
V04005,P068,7,12,Teacher,64.38,68.86,iNaturalist,Biodiversity,0.585,4.480000000000004,True
V04006,P103,9,5,Undergraduate,74.69,82.42,SciStarter,Public_Health,0.285,7.730000000000004,False
V04007,P200,16,11,Graduate,87.27,92.47,Zooniverse,Biodiversity,0.485,5.200000000000003,False
V04008,P154,10,9,Self-taught,51.39,58.53,eBird,Biodiversity,0.66,7.140000000000001,False
V04009,P101,24,12,Secondary,37.86,46.8,Galaxy_Zoo,Biodiversity,0.492,8.939999999999998,True
V04010,P048,19,5,Teacher,72.14,75.68,Zooniverse,Astronomy,0.437,3.5400000000000063,False
V04011,P142,20,13,Graduate,73.59,82.19,iNaturalist,Public_Health,0.57,8.599999999999994,True
V04012,P088,10,18,Secondary,42.3,49.87,eBird,Public_Health,0.635,7.57,True
V04013,P266,21,9,Secondary,46.03,47.79,Foldit,Ecology,0.585,1.759999999999998,False
V04014,P149,13,7,Undergraduate,66.09,73.52,Zooniverse,Ecology,0.479,7.429999999999993,False
V04015,P251,4,7,Teacher,63.49,69.0,iNaturalist,Public_Health,0.53,5.509999999999998,False
V04016,P107,15,10,Secondary,63.51,72.97,iNaturalist,Ecology,0.511,9.46,False
V04017,P240,2,5,Undergraduate,67.1,74.72,Zooniverse,Biochemistry,0.343,7.6200000000000045,False
V04018,P018,3,11,Teacher,66.57,74.16,Zooniverse,Biochemistry,0.451,7.590000000000003,False
V04019,P083,8,4,Graduate,62.76,66.51,Foldit,Biodiversity,0.546,3.750000000000007,False
V04020,P026,23,8,Secondary,46.03,57.72,Galaxy_Zoo,Biodiversity,0.294,11.689999999999998,False
V04021,P010,30,5,Self-taught,48.11,47.7,Zooniverse,Ecology,0.402,-0.4099999999999966,False
V04022,P271,5,3,Secondary,39.43,43.09,Galaxy_Zoo,Astronomy,0.247,3.6600000000000037,False
V04023,P203,9,16,Secondary,46.25,54.75,Galaxy_Zoo,Climate,0.433,8.5,True
V04024,P174,25,8,Graduate,80.47,87.22,Foldit,Astronomy,0.548,6.75,False
V04025,P147,1,8,Self-taught,58.02,60.4,Galaxy_Zoo,Biochemistry,0.351,2.3799999999999955,False
V04026,P158,2,6,Undergraduate,51.58,57.13,Galaxy_Zoo,Biochemistry,0.385,5.550000000000004,False
V04027,P179,3,11,Graduate,56.8,65.75,Foldit,Biodiversity,0.428,8.950000000000003,False
V04028,P239,2,4,Undergraduate,58.65,62.6,Galaxy_Zoo,Biochemistry,0.361,3.950000000000003,False
V04029,P165,18,14,Undergraduate,65.19,71.55,SciStarter,Astronomy,0.481,6.359999999999999,True
V04030,P216,6,17,Teacher,70.33,81.42,iNaturalist,Climate,0.64,11.090000000000003,True
V04031,P076,13,5,Undergraduate,70.76,75.46,Zooniverse,Biochemistry,0.418,4.699999999999989,False
V04032,P289,6,13,Undergraduate,47.76,55.18,Galaxy_Zoo,Biodiversity,0.468,7.420000000000002,True
V04033,P010,6,5,Undergraduate,59.89,62.78,Zooniverse,Ecology,0.402,2.8900000000000006,False
V04034,P105,11,5,Secondary,39.45,45.76,Galaxy_Zoo,Ecology,0.364,6.309999999999995,False
V04035,P257,65,5,Secondary,60.56,65.44,Foldit,Astronomy,0.35,4.8799999999999955,False
V04036,P050,26,10,Graduate,74.59,76.38,Galaxy_Zoo,Biodiversity,0.435,1.789999999999992,False
V04037,P041,13,20,Self-taught,59.63,67.09,SciStarter,Biochemistry,0.426,7.460000000000001,True
V04038,P100,25,13,Undergraduate,53.99,67.94,Foldit,Ecology,0.591,13.949999999999996,True
V04039,P117,34,16,Self-taught,34.86,40.4,Galaxy_Zoo,Ecology,0.459,5.539999999999999,True
V04040,P277,18,27,Teacher,65.78,80.25,Galaxy_Zoo,Astronomy,0.623,14.469999999999999,True
V04041,P242,25,2,Teacher,60.0,65.27,Galaxy_Zoo,Biodiversity,0.211,5.269999999999996,False
V04042,P129,9,4,Undergraduate,57.04,60.98,Zooniverse,Biodiversity,0.456,3.9399999999999977,False
V04043,P287,21,7,Self-taught,54.87,64.03,Zooniverse,Astronomy,0.507,9.160000000000004,False
V04044,P180,46,8,Secondary,48.4,54.02,Zooniverse,Astronomy,0.571,5.6200000000000045,False
V04045,P255,9,2,Undergraduate,52.55,51.77,Zooniverse,Public_Health,0.368,-0.779999999999994,False
V04046,P068,19,16,Self-taught,55.74,63.95,iNaturalist,Biodiversity,0.585,8.21,True
V04047,P137,12,10,Self-taught,41.06,48.02,iNaturalist,Astronomy,0.521,6.960000000000001,False
V04048,P009,10,14,Undergraduate,73.88,89.19,iNaturalist,Astronomy,0.507,15.310000000000002,True
V04049,P004,7,10,Secondary,40.61,48.17,iNaturalist,Public_Health,0.533,7.560000000000002,False
V04050,P200,9,6,Graduate,75.8,79.28,Zooniverse,Biodiversity,0.485,3.480000000000004,False
V04051,P036,10,6,Secondary,50.12,49.35,Zooniverse,Biodiversity,0.411,-0.769999999999996,False
V04052,P151,2,10,Undergraduate,69.54,74.72,eBird,Biodiversity,0.671,5.179999999999993,False
V04053,P198,12,15,Undergraduate,69.54,78.06,eBird,Biodiversity,0.702,8.519999999999996,True
V04054,P010,6,4,Secondary,64.94,67.44,Zooniverse,Ecology,0.402,2.5,False
V04055,P124,23,12,Undergraduate,59.48,64.57,Galaxy_Zoo,Public_Health,0.336,5.089999999999996,True
V04056,P194,5,13,Self-taught,45.81,54.02,eBird,Ecology,0.57,8.21,True
V04057,P259,2,6,Graduate,69.61,78.55,eBird,Ecology,0.541,8.939999999999998,False
V04058,P083,7,15,Graduate,72.18,77.51,Foldit,Biodiversity,0.546,5.329999999999998,True
V04059,P288,9,10,Graduate,76.83,83.23,eBird,Astronomy,0.587,6.400000000000006,False
V04060,P245,16,19,Secondary,43.26,54.81,iNaturalist,Biochemistry,0.631,11.550000000000004,True
V04061,P183,5,4,Secondary,39.18,41.67,eBird,Biodiversity,0.553,2.490000000000002,False
V04062,P107,13,6,Teacher,78.8,82.24,iNaturalist,Ecology,0.511,3.4399999999999977,False
V04063,P201,3,7,Undergraduate,61.85,60.71,eBird,Biodiversity,0.592,-1.1400000000000006,False
V04064,P236,8,9,Undergraduate,64.04,69.16,Zooniverse,Biodiversity,0.381,5.11999999999999,False
V04065,P085,18,7,Undergraduate,54.38,62.8,iNaturalist,Biochemistry,0.542,8.419999999999995,False
V04066,P295,5,7,Secondary,48.72,54.65,SciStarter,Climate,0.448,5.93,False
V04067,P265,30,7,Self-taught,61.82,67.59,Zooniverse,Ecology,0.494,5.770000000000003,False
V04068,P135,5,16,Undergraduate,64.06,74.82,Galaxy_Zoo,Astronomy,0.42,10.759999999999991,True
V04069,P205,23,18,Secondary,52.43,65.74,eBird,Biodiversity,0.846,13.309999999999995,True
V04070,P147,1,3,Undergraduate,52.4,59.39,Galaxy_Zoo,Biochemistry,0.351,6.990000000000002,False
V04071,P220,4,14,Undergraduate,75.12,79.35,eBird,Public_Health,0.734,4.22999999999999,True
V04072,P239,9,2,Secondary,45.85,51.71,Galaxy_Zoo,Biochemistry,0.361,5.859999999999999,False
V04073,P009,37,6,Undergraduate,62.14,70.78,iNaturalist,Astronomy,0.507,8.64,False
V04074,P026,17,14,Graduate,71.67,76.28,Galaxy_Zoo,Biodiversity,0.294,4.609999999999999,True
V04075,P092,11,13,Undergraduate,64.65,71.39,eBird,Public_Health,0.782,6.739999999999995,True
V04076,P270,19,14,Undergraduate,54.76,64.8,Foldit,Public_Health,0.505,10.04,True
V04077,P107,6,19,Undergraduate,53.77,63.1,iNaturalist,Ecology,0.511,9.329999999999998,True
V04078,P258,18,9,Graduate,80.45,77.24,Galaxy_Zoo,Ecology,0.315,-3.210000000000008,False
V04079,P129,12,18,Graduate,78.24,86.78,Zooniverse,Biodiversity,0.456,8.540000000000006,True
V04080,P078,12,13,Undergraduate,59.45,63.18,eBird,Ecology,0.658,3.729999999999997,True
V04081,P264,29,6,Graduate,79.79,84.01,Zooniverse,Biodiversity,0.4,4.219999999999999,False
V04082,P155,3,11,Graduate,57.72,61.67,Zooniverse,Climate,0.523,3.950000000000003,False
V04083,P099,5,5,Secondary,47.49,50.94,iNaturalist,Astronomy,0.335,3.4499999999999957,False
V04084,P016,2,8,Graduate,67.09,78.55,eBird,Biochemistry,0.627,11.459999999999994,False
V04085,P034,25,12,Graduate,69.08,79.38,eBird,Public_Health,0.782,10.299999999999997,True
V04086,P040,4,7,Undergraduate,62.1,71.43,Zooniverse,Biodiversity,0.563,9.330000000000005,False
V04087,P100,48,9,Undergraduate,54.67,58.46,Foldit,Ecology,0.591,3.789999999999999,False
V04088,P170,22,14,Secondary,39.21,47.32,Zooniverse,Biochemistry,0.478,8.11,True
V04089,P085,4,19,Undergraduate,71.49,83.88,iNaturalist,Biochemistry,0.542,12.39,True
V04090,P021,32,11,Self-taught,63.92,69.68,SciStarter,Astronomy,0.442,5.760000000000005,False
V04091,P072,23,8,Undergraduate,58.77,63.76,Zooniverse,Astronomy,0.411,4.989999999999995,False
V04092,P112,7,14,Secondary,49.36,56.78,iNaturalist,Biochemistry,0.384,7.420000000000002,True
V04093,P295,7,14,Undergraduate,67.03,79.27,SciStarter,Climate,0.448,12.239999999999995,True
V04094,P107,11,12,Teacher,69.69,76.48,iNaturalist,Ecology,0.511,6.790000000000006,True
V04095,P028,4,5,Undergraduate,56.52,58.74,Zooniverse,Biodiversity,0.452,2.219999999999999,False
V04096,P161,2,10,Graduate,58.49,64.7,Foldit,Ecology,0.41,6.210000000000001,False
V04097,P271,3,4,Graduate,58.2,64.19,Galaxy_Zoo,Astronomy,0.247,5.989999999999995,False
V04098,P228,1,5,Graduate,67.77,71.06,iNaturalist,Biochemistry,0.562,3.2900000000000063,False
V04099,P242,18,2,Undergraduate,69.41,67.32,Galaxy_Zoo,Biodiversity,0.211,-2.0900000000000034,False
V04100,P274,37,3,Secondary,44.31,50.6,iNaturalist,Public_Health,0.53,6.289999999999999,False
V04101,P178,19,10,Teacher,82.95,84.67,Foldit,Biodiversity,0.603,1.7199999999999989,False
V04102,P296,39,14,Teacher,62.06,69.24,Zooniverse,Climate,0.401,7.179999999999993,True
V04103,P011,7,11,Undergraduate,53.24,62.06,eBird,Public_Health,0.836,8.82,False
V04104,P241,21,11,Undergraduate,58.86,64.54,Galaxy_Zoo,Ecology,0.434,5.680000000000007,False
V04105,P249,14,5,Secondary,52.79,60.81,Galaxy_Zoo,Climate,0.421,8.020000000000003,False
V04106,P269,13,8,Teacher,48.62,53.88,Zooniverse,Biochemistry,0.374,5.260000000000005,False
V04107,P134,14,6,Secondary,42.91,42.8,iNaturalist,Astronomy,0.463,-0.10999999999999943,False
V04108,P228,4,17,Teacher,63.12,69.74,iNaturalist,Biochemistry,0.562,6.619999999999997,True
V04109,P054,20,2,Undergraduate,61.5,63.57,Foldit,Biodiversity,0.419,2.0700000000000003,False
V04110,P169,3,20,Undergraduate,59.98,68.14,Zooniverse,Biochemistry,0.544,8.160000000000004,True
V04111,P099,6,10,Graduate,72.04,79.71,iNaturalist,Astronomy,0.335,7.6699999999999875,False
V04112,P165,30,3,Self-taught,51.13,53.61,SciStarter,Astronomy,0.481,2.479999999999997,False
V04113,P192,14,14,Teacher,67.38,72.62,eBird,Public_Health,0.577,5.240000000000009,True
V04114,P095,1,9,Undergraduate,73.78,78.89,eBird,Public_Health,0.512,5.109999999999999,False
V04115,P062,33,1,Undergraduate,60.08,68.06,SciStarter,Biochemistry,0.407,7.980000000000004,False
V04116,P089,37,2,Undergraduate,57.04,56.77,Zooniverse,Astronomy,0.441,-0.269999999999996,False
V04117,P187,19,9,Undergraduate,71.95,77.55,Galaxy_Zoo,Biochemistry,0.294,5.599999999999994,False
V04118,P193,10,13,Secondary,58.66,62.33,iNaturalist,Public_Health,0.535,3.6700000000000017,True
V04119,P213,11,6,Self-taught,50.29,55.39,SciStarter,Biochemistry,0.312,5.100000000000001,False
V04120,P037,23,12,Undergraduate,41.23,48.59,iNaturalist,Ecology,0.562,7.3600000000000065,True
V04121,P237,15,14,Undergraduate,71.21,80.56,Zooniverse,Public_Health,0.556,9.350000000000009,True
V04122,P195,15,3,Undergraduate,58.32,68.99,SciStarter,Biodiversity,0.38,10.669999999999995,False
V04123,P009,6,8,Undergraduate,49.77,52.8,iNaturalist,Astronomy,0.507,3.029999999999994,False
V04124,P092,5,12,Self-taught,63.77,70.78,eBird,Public_Health,0.782,7.009999999999998,True
V04125,P130,15,12,Undergraduate,60.26,67.93,iNaturalist,Climate,0.557,7.670000000000009,True
V04126,P099,15,3,Secondary,29.35,39.63,iNaturalist,Astronomy,0.335,10.280000000000001,False
V04127,P035,4,6,Teacher,69.93,75.36,iNaturalist,Biodiversity,0.331,5.429999999999993,False
V04128,P061,12,5,Secondary,47.77,53.22,Zooniverse,Public_Health,0.445,5.449999999999996,False
V04129,P009,14,19,Secondary,41.73,52.05,iNaturalist,Astronomy,0.507,10.32,True
V04130,P030,2,13,Self-taught,66.14,76.32,Zooniverse,Biochemistry,0.599,10.179999999999993,True
V04131,P072,18,18,Undergraduate,71.55,83.45,Zooniverse,Astronomy,0.411,11.900000000000006,True
V04132,P237,7,8,Undergraduate,44.01,47.12,Zooniverse,Public_Health,0.556,3.1099999999999994,False
V04133,P147,6,23,Self-taught,56.29,63.84,Galaxy_Zoo,Biochemistry,0.351,7.550000000000004,True
V04134,P116,33,1,Self-taught,68.0,70.34,Zooniverse,Public_Health,0.39,2.3400000000000034,False
V04135,P187,8,8,Undergraduate,60.55,67.89,Galaxy_Zoo,Biochemistry,0.294,7.340000000000003,False
V04136,P151,1,16,Secondary,46.62,59.33,eBird,Biodiversity,0.671,12.71,True
V04137,P038,13,19,Secondary,34.31,38.15,eBird,Ecology,0.498,3.8399999999999963,True
V04138,P063,1,15,Undergraduate,57.66,62.58,iNaturalist,Biodiversity,0.65,4.920000000000002,True
V04139,P063,21,20,Undergraduate,64.22,75.69,iNaturalist,Biodiversity,0.65,11.469999999999999,True
V04140,P167,31,2,Self-taught,71.15,72.7,Foldit,Biochemistry,0.514,1.5499999999999972,False
V04141,P128,13,7,Secondary,61.55,69.24,Galaxy_Zoo,Public_Health,0.344,7.689999999999998,False
V04142,P106,6,8,Undergraduate,79.23,83.9,Galaxy_Zoo,Ecology,0.419,4.670000000000002,False
V04143,P154,4,5,Self-taught,54.09,54.21,eBird,Biodiversity,0.66,0.11999999999999744,False
V04144,P287,7,7,Self-taught,63.1,69.0,Zooniverse,Astronomy,0.507,5.899999999999999,False
V04145,P086,23,14,Graduate,66.16,76.62,SciStarter,Astronomy,0.322,10.460000000000008,True
V04146,P144,14,5,Teacher,60.42,62.3,Zooniverse,Biodiversity,0.458,1.8799999999999955,False
V04147,P134,14,9,Self-taught,56.5,66.36,iNaturalist,Astronomy,0.463,9.86,False
V04148,P203,9,9,Secondary,61.14,65.55,Galaxy_Zoo,Climate,0.433,4.409999999999997,False
V04149,P208,5,6,Graduate,73.04,79.24,Foldit,Public_Health,0.449,6.199999999999989,False
V04150,P207,6,8,Secondary,40.54,43.6,eBird,Ecology,0.626,3.0600000000000023,False
V04151,P059,20,5,Graduate,80.66,86.17,Zooniverse,Biodiversity,0.462,5.510000000000005,False
V04152,P124,14,16,Undergraduate,63.36,75.0,Galaxy_Zoo,Public_Health,0.336,11.64,True
V04153,P234,1,4,Self-taught,62.04,67.16,Foldit,Public_Health,0.558,5.119999999999997,False
V04154,P104,21,3,Graduate,71.33,72.98,eBird,Climate,0.621,1.6500000000000057,False
V04155,P293,11,3,Teacher,68.93,70.36,Galaxy_Zoo,Public_Health,0.342,1.4299999999999926,False
V04156,P099,5,4,Undergraduate,61.32,66.36,iNaturalist,Astronomy,0.335,5.039999999999999,False
V04157,P140,16,16,Secondary,54.17,60.6,iNaturalist,Climate,0.625,6.43,True
V04158,P132,5,30,Secondary,65.79,75.73,Foldit,Public_Health,0.671,9.939999999999998,True
V04159,P119,1,27,Graduate,71.47,84.49,eBird,Climate,0.739,13.019999999999996,True
V04160,P246,5,17,Self-taught,59.63,69.84,Foldit,Biochemistry,0.577,10.21,True
V04161,P045,4,8,Graduate,72.95,80.7,eBird,Ecology,0.63,7.75,False
V04162,P157,8,4,Graduate,87.11,91.41,Galaxy_Zoo,Ecology,0.421,4.299999999999997,False
V04163,P172,22,6,Self-taught,55.51,62.45,Galaxy_Zoo,Climate,0.392,6.940000000000005,False
V04164,P248,8,7,Secondary,51.14,52.0,iNaturalist,Biodiversity,0.604,0.8599999999999994,False
V04165,P170,3,22,Undergraduate,60.67,63.9,Zooniverse,Biochemistry,0.478,3.229999999999997,True
V04166,P284,28,7,Teacher,77.27,82.95,Galaxy_Zoo,Public_Health,0.463,5.680000000000007,False
V04167,P255,1,9,Self-taught,61.89,61.78,Zooniverse,Public_Health,0.368,-0.10999999999999943,False
V04168,P095,5,12,Teacher,56.53,62.95,eBird,Public_Health,0.512,6.420000000000002,True
V04169,P250,47,9,Self-taught,69.55,74.83,iNaturalist,Climate,0.574,5.280000000000001,False
V04170,P283,24,8,Secondary,49.44,51.02,SciStarter,Biodiversity,0.339,1.5800000000000054,False
V04171,P070,26,13,Graduate,81.03,87.81,eBird,Biodiversity,0.641,6.780000000000001,True
V04172,P171,9,14,Self-taught,46.39,56.51,eBird,Biochemistry,0.62,10.119999999999997,True
V04173,P077,5,5,Teacher,66.72,71.22,SciStarter,Biodiversity,0.365,4.5,False
V04174,P182,6,3,Undergraduate,52.73,57.18,Foldit,Astronomy,0.567,4.450000000000003,False
V04175,P030,21,10,Undergraduate,62.82,67.84,Zooniverse,Biochemistry,0.599,5.020000000000003,False
V04176,P209,19,3,Teacher,77.01,77.8,Zooniverse,Ecology,0.416,0.789999999999992,False
V04177,P115,7,10,Secondary,50.68,55.89,eBird,Astronomy,0.676,5.210000000000001,False
V04178,P163,18,13,Teacher,58.84,67.75,iNaturalist,Biodiversity,0.6,8.909999999999997,True
V04179,P009,25,9,Undergraduate,53.94,67.35,iNaturalist,Astronomy,0.507,13.409999999999997,False
V04180,P198,13,10,Teacher,60.66,67.18,eBird,Biodiversity,0.702,6.52000000000001,False
V04181,P139,11,11,Teacher,69.41,78.07,Galaxy_Zoo,Biochemistry,0.428,8.659999999999997,False
V04182,P174,31,12,Self-taught,54.75,57.82,Foldit,Astronomy,0.548,3.0700000000000003,True
V04183,P087,28,9,Self-taught,64.11,74.56,Foldit,Astronomy,0.578,10.450000000000003,False
V04184,P043,7,14,Undergraduate,58.43,68.61,iNaturalist,Climate,0.729,10.18,True
V04185,P119,27,11,Self-taught,42.92,55.05,eBird,Climate,0.739,12.129999999999995,False
V04186,P281,10,9,Graduate,66.46,70.64,iNaturalist,Astronomy,0.497,4.180000000000007,False
V04187,P065,9,5,Self-taught,47.08,56.88,eBird,Biodiversity,0.645,9.800000000000004,False
V04188,P192,11,10,Graduate,70.02,74.42,eBird,Public_Health,0.577,4.400000000000006,False
V04189,P017,9,10,Undergraduate,45.04,51.59,Galaxy_Zoo,Climate,0.448,6.550000000000004,False
V04190,P204,34,15,Secondary,52.53,61.67,eBird,Astronomy,0.612,9.14,True
V04191,P066,4,2,Self-taught,54.26,56.09,iNaturalist,Astronomy,0.531,1.8300000000000054,False
V04192,P125,1,10,Secondary,45.59,50.61,Zooniverse,Biochemistry,0.488,5.019999999999996,False
V04193,P101,7,8,Undergraduate,69.03,73.09,Galaxy_Zoo,Biodiversity,0.492,4.060000000000002,False
V04194,P034,29,13,Graduate,78.16,89.83,eBird,Public_Health,0.782,11.670000000000002,True
V04195,P095,1,8,Graduate,77.22,80.78,eBird,Public_Health,0.512,3.5600000000000023,False
V04196,P096,13,6,Self-taught,56.26,62.62,iNaturalist,Biochemistry,0.473,6.359999999999999,False
V04197,P146,5,10,Secondary,55.46,60.36,SciStarter,Climate,0.581,4.899999999999999,False
V04198,P287,9,9,Secondary,64.42,70.69,Zooniverse,Astronomy,0.507,6.269999999999996,False
V04199,P130,2,8,Undergraduate,56.48,63.26,iNaturalist,Climate,0.557,6.780000000000001,False
V04200,P268,10,2,Teacher,64.31,67.44,Galaxy_Zoo,Climate,0.302,3.1299999999999955,False
V04201,P128,19,4,Secondary,50.02,55.42,Galaxy_Zoo,Public_Health,0.344,5.399999999999999,False
V04202,P033,1,11,Secondary,47.31,55.42,Galaxy_Zoo,Public_Health,0.158,8.11,False
V04203,P065,15,14,Secondary,50.83,55.45,eBird,Biodiversity,0.645,4.6200000000000045,True
V04204,P112,16,17,Teacher,78.34,89.59,iNaturalist,Biochemistry,0.384,11.25,True
V04205,P090,12,4,Secondary,42.33,43.45,Foldit,Ecology,0.56,1.1200000000000045,False
V04206,P251,3,5,Secondary,50.44,57.65,iNaturalist,Public_Health,0.53,7.210000000000001,False
V04207,P193,5,3,Undergraduate,55.99,59.79,iNaturalist,Public_Health,0.535,3.799999999999997,False
V04208,P160,14,11,Self-taught,46.12,53.42,eBird,Climate,0.758,7.300000000000004,False
V04209,P137,10,17,Secondary,52.5,61.44,iNaturalist,Astronomy,0.521,8.939999999999998,True
V04210,P107,2,12,Teacher,69.74,76.7,iNaturalist,Ecology,0.511,6.960000000000008,True
V04211,P171,3,21,Undergraduate,37.62,50.13,eBird,Biochemistry,0.62,12.510000000000005,True
V04212,P037,7,9,Undergraduate,44.49,53.05,iNaturalist,Ecology,0.562,8.559999999999995,False
V04213,P047,11,9,Self-taught,61.38,70.71,eBird,Public_Health,0.734,9.329999999999991,False
V04214,P085,1,13,Self-taught,67.41,73.87,iNaturalist,Biochemistry,0.542,6.460000000000008,True
V04215,P048,6,6,Undergraduate,69.34,75.73,Zooniverse,Astronomy,0.437,6.390000000000001,False
V04216,P193,4,14,Secondary,53.21,56.92,iNaturalist,Public_Health,0.535,3.710000000000001,True
V04217,P009,8,11,Undergraduate,58.14,71.71,iNaturalist,Astronomy,0.507,13.569999999999993,False
V04218,P047,8,7,Graduate,66.91,74.99,eBird,Public_Health,0.734,8.079999999999998,False
V04219,P264,3,7,Graduate,68.18,75.29,Zooniverse,Biodiversity,0.4,7.109999999999999,False
V04220,P298,32,7,Undergraduate,62.08,67.88,Galaxy_Zoo,Ecology,0.257,5.799999999999997,False
V04221,P137,2,7,Graduate,79.72,87.22,iNaturalist,Astronomy,0.521,7.5,False
V04222,P138,11,6,Undergraduate,74.17,82.18,iNaturalist,Biochemistry,0.422,8.010000000000005,False
V04223,P225,14,9,Undergraduate,56.84,59.98,eBird,Public_Health,0.583,3.1399999999999935,False
V04224,P012,14,10,Secondary,51.99,57.38,Zooniverse,Astronomy,0.451,5.390000000000001,False
V04225,P117,20,9,Self-taught,44.57,51.87,Galaxy_Zoo,Ecology,0.459,7.299999999999997,False
V04226,P032,7,4,Undergraduate,50.84,53.13,Zooniverse,Ecology,0.365,2.289999999999999,False
V04227,P108,8,24,Self-taught,62.53,74.24,Zooniverse,Public_Health,0.423,11.709999999999994,True
V04228,P292,12,16,Undergraduate,56.29,65.28,eBird,Ecology,0.601,8.990000000000002,True
V04229,P217,72,2,Self-taught,54.93,58.55,Galaxy_Zoo,Astronomy,0.498,3.6199999999999974,False
V04230,P293,5,6,Undergraduate,51.41,54.52,Galaxy_Zoo,Public_Health,0.342,3.1100000000000065,False
V04231,P215,12,7,Undergraduate,66.5,69.19,Foldit,Biodiversity,0.606,2.6899999999999977,False
V04232,P170,12,9,Undergraduate,69.51,71.06,Zooniverse,Biochemistry,0.478,1.5499999999999972,False
V04233,P217,13,4,Self-taught,66.11,69.27,Galaxy_Zoo,Astronomy,0.498,3.1599999999999966,False
V04234,P185,4,12,Undergraduate,49.82,55.87,eBird,Biochemistry,0.708,6.049999999999997,True
V04235,P129,9,6,Secondary,44.04,46.31,Zooniverse,Biodiversity,0.456,2.270000000000003,False
V04236,P080,3,10,Self-taught,62.65,68.05,Galaxy_Zoo,Climate,0.383,5.399999999999999,False
V04237,P144,32,12,Undergraduate,67.38,73.36,Zooniverse,Biodiversity,0.458,5.980000000000004,True
V04238,P070,4,10,Undergraduate,58.75,68.23,eBird,Biodiversity,0.641,9.480000000000004,False
V04239,P136,12,11,Undergraduate,61.34,65.69,Galaxy_Zoo,Biochemistry,0.391,4.349999999999994,False
V04240,P043,20,6,Self-taught,61.8,65.07,iNaturalist,Climate,0.729,3.269999999999996,False
V04241,P157,2,5,Graduate,67.45,75.57,Galaxy_Zoo,Ecology,0.421,8.11999999999999,False
V04242,P068,37,6,Self-taught,52.26,58.42,iNaturalist,Biodiversity,0.585,6.160000000000004,False
V04243,P080,36,12,Teacher,66.12,77.84,Galaxy_Zoo,Climate,0.383,11.719999999999999,True
V04244,P140,38,9,Self-taught,56.67,61.68,iNaturalist,Climate,0.625,5.009999999999998,False
V04245,P047,10,5,Undergraduate,70.05,75.59,eBird,Public_Health,0.734,5.540000000000006,False
V04246,P285,12,8,Self-taught,44.88,49.52,Galaxy_Zoo,Biodiversity,0.504,4.640000000000001,False
V04247,P123,6,5,Self-taught,64.0,68.49,SciStarter,Public_Health,0.4,4.489999999999995,False
V04248,P096,7,10,Self-taught,58.05,64.06,iNaturalist,Biochemistry,0.473,6.010000000000005,False
V04249,P009,42,8,Secondary,49.3,56.6,iNaturalist,Astronomy,0.507,7.300000000000004,False
V04250,P245,9,11,Self-taught,50.58,56.59,iNaturalist,Biochemistry,0.631,6.010000000000005,False
V04251,P175,20,7,Secondary,57.36,64.11,Galaxy_Zoo,Astronomy,0.482,6.75,False
V04252,P115,3,16,Undergraduate,63.47,77.3,eBird,Astronomy,0.676,13.829999999999998,True
V04253,P068,13,23,Undergraduate,81.69,94.73,iNaturalist,Biodiversity,0.585,13.040000000000006,True
V04254,P214,11,8,Secondary,28.98,38.36,SciStarter,Biodiversity,0.397,9.379999999999999,False
V04255,P281,10,7,Secondary,60.04,66.03,iNaturalist,Astronomy,0.497,5.990000000000002,False
V04256,P104,28,16,Graduate,65.93,77.92,eBird,Climate,0.621,11.989999999999995,True
V04257,P038,20,10,Graduate,71.09,75.8,eBird,Ecology,0.498,4.709999999999994,False
V04258,P034,32,4,Undergraduate,60.92,67.69,eBird,Public_Health,0.782,6.769999999999996,False
V04259,P002,11,9,Self-taught,55.31,64.06,Galaxy_Zoo,Ecology,0.35,8.75,False
V04260,P214,40,7,Self-taught,48.24,48.82,SciStarter,Biodiversity,0.397,0.5799999999999983,False
V04261,P292,16,15,Undergraduate,56.11,65.24,eBird,Ecology,0.601,9.129999999999995,True
V04262,P295,21,22,Undergraduate,54.22,66.48,SciStarter,Climate,0.448,12.260000000000005,True
V04263,P227,12,8,Self-taught,60.91,70.05,Zooniverse,Public_Health,0.458,9.14,False
V04264,P047,5,15,Graduate,79.36,89.02,eBird,Public_Health,0.734,9.659999999999997,True
V04265,P290,1,12,Self-taught,51.98,60.71,Foldit,Biochemistry,0.702,8.730000000000004,True
V04266,P091,25,6,Undergraduate,53.36,61.64,eBird,Biochemistry,0.558,8.280000000000001,False
V04267,P092,9,19,Undergraduate,71.26,78.92,eBird,Public_Health,0.782,7.659999999999997,True
V04268,P195,8,8,Undergraduate,64.99,69.01,SciStarter,Biodiversity,0.38,4.02000000000001,False
V04269,P017,10,3,Secondary,53.47,57.24,Galaxy_Zoo,Climate,0.448,3.770000000000003,False
V04270,P239,6,4,Self-taught,55.14,60.87,Galaxy_Zoo,Biochemistry,0.361,5.729999999999997,False
V04271,P298,1,7,Teacher,70.17,73.72,Galaxy_Zoo,Ecology,0.257,3.549999999999997,False
V04272,P225,13,13,Undergraduate,52.36,61.4,eBird,Public_Health,0.583,9.04,True
V04273,P226,17,18,Teacher,53.93,64.22,Zooniverse,Climate,0.559,10.29,True
V04274,P107,6,18,Secondary,46.28,57.07,iNaturalist,Ecology,0.511,10.79,True
V04275,P021,7,9,Undergraduate,57.24,62.47,SciStarter,Astronomy,0.442,5.229999999999997,False
V04276,P228,6,10,Undergraduate,44.41,52.49,iNaturalist,Biochemistry,0.562,8.080000000000005,False
V04277,P165,18,13,Secondary,44.76,50.96,SciStarter,Astronomy,0.481,6.200000000000003,True
V04278,P265,10,13,Undergraduate,55.27,62.84,Zooniverse,Ecology,0.494,7.57,True
V04279,P035,2,12,Undergraduate,57.7,59.01,iNaturalist,Biodiversity,0.331,1.3099999999999952,True
V04280,P085,4,6,Secondary,56.48,63.56,iNaturalist,Biochemistry,0.542,7.080000000000005,False
V04281,P099,11,3,Graduate,67.3,73.74,iNaturalist,Astronomy,0.335,6.439999999999998,False
V04282,P194,2,8,Undergraduate,70.17,77.95,eBird,Ecology,0.57,7.780000000000001,False
V04283,P228,4,6,Secondary,46.21,49.36,iNaturalist,Biochemistry,0.562,3.1499999999999986,False
V04284,P284,5,11,Undergraduate,49.55,53.26,Galaxy_Zoo,Public_Health,0.463,3.710000000000001,False
V04285,P081,11,1,Graduate,87.88,86.69,Foldit,Ecology,0.312,-1.1899999999999977,False
V04286,P138,25,6,Self-taught,57.82,62.95,iNaturalist,Biochemistry,0.422,5.130000000000003,False
V04287,P009,8,7,Undergraduate,60.73,69.46,iNaturalist,Astronomy,0.507,8.729999999999997,False
V04288,P070,50,15,Secondary,41.77,55.77,eBird,Biodiversity,0.641,14.0,True
V04289,P102,17,24,Secondary,47.07,59.79,Galaxy_Zoo,Ecology,0.373,12.719999999999999,True
V04290,P164,50,12,Undergraduate,59.97,66.38,eBird,Astronomy,0.622,6.409999999999997,True
V04291,P130,5,9,Secondary,42.42,49.85,iNaturalist,Climate,0.557,7.43,False
V04292,P099,11,13,Teacher,66.42,77.12,iNaturalist,Astronomy,0.335,10.700000000000003,True
V04293,P174,38,7,Undergraduate,61.82,66.89,Foldit,Astronomy,0.548,5.07,False
V04294,P240,4,5,Self-taught,39.71,46.14,Zooniverse,Biochemistry,0.343,6.43,False
V04295,P067,25,2,Secondary,35.33,36.44,Galaxy_Zoo,Biochemistry,0.33,1.1099999999999994,False
V04296,P093,18,7,Undergraduate,55.72,64.38,Galaxy_Zoo,Climate,0.394,8.659999999999997,False
V04297,P200,3,6,Graduate,70.57,70.86,Zooniverse,Biodiversity,0.485,0.29000000000000625,False
V04298,P225,6,6,Secondary,50.36,59.32,eBird,Public_Health,0.583,8.96,False
V04299,P239,5,6,Graduate,57.37,60.15,Galaxy_Zoo,Biochemistry,0.361,2.780000000000001,False
V04300,P061,3,2,Graduate,75.71,80.0,Zooniverse,Public_Health,0.445,4.290000000000006,False
V04301,P151,2,20,Undergraduate,58.83,64.66,eBird,Biodiversity,0.671,5.829999999999998,True
V04302,P264,38,6,Undergraduate,59.95,62.68,Zooniverse,Biodiversity,0.4,2.729999999999997,False
V04303,P107,5,9,Undergraduate,66.78,70.05,iNaturalist,Ecology,0.511,3.269999999999996,False
V04304,P118,15,13,Undergraduate,59.19,65.03,Galaxy_Zoo,Ecology,0.439,5.840000000000003,True
V04305,P293,10,12,Graduate,77.73,83.79,Galaxy_Zoo,Public_Health,0.342,6.060000000000002,True
V04306,P034,21,10,Undergraduate,58.24,66.35,eBird,Public_Health,0.782,8.109999999999992,False
V04307,P200,4,6,Undergraduate,56.72,57.59,Zooniverse,Biodiversity,0.485,0.8700000000000045,False
V04308,P247,42,8,Secondary,40.02,48.13,SciStarter,Biodiversity,0.442,8.11,False
V04309,P045,56,15,Graduate,70.22,80.38,eBird,Ecology,0.63,10.159999999999997,True
V04310,P202,38,13,Self-taught,65.5,72.09,SciStarter,Biodiversity,0.455,6.590000000000003,True
V04311,P130,8,23,Undergraduate,47.69,61.44,iNaturalist,Climate,0.557,13.75,True
V04312,P248,12,4,Undergraduate,40.3,44.14,iNaturalist,Biodiversity,0.604,3.8400000000000034,False
V04313,P265,8,8,Self-taught,59.2,62.45,Zooniverse,Ecology,0.494,3.25,False
V04314,P255,1,3,Undergraduate,58.96,61.24,Zooniverse,Public_Health,0.368,2.280000000000001,False
V04315,P021,4,12,Undergraduate,65.47,74.2,SciStarter,Astronomy,0.442,8.730000000000004,True
V04316,P218,10,5,Graduate,79.66,82.23,SciStarter,Astronomy,0.382,2.5700000000000074,False
V04317,P272,13,13,Undergraduate,51.86,60.64,eBird,Climate,0.533,8.780000000000001,True
V04318,P173,8,11,Self-taught,60.26,65.62,eBird,Biochemistry,0.67,5.3600000000000065,False
V04319,P167,9,8,Undergraduate,75.43,80.9,Foldit,Biochemistry,0.514,5.469999999999999,False
V04320,P016,42,12,Self-taught,62.83,72.87,eBird,Biochemistry,0.627,10.040000000000006,True
V04321,P249,5,6,Secondary,53.84,60.98,Galaxy_Zoo,Climate,0.421,7.1399999999999935,False
V04322,P017,1,7,Self-taught,70.57,79.55,Galaxy_Zoo,Climate,0.448,8.980000000000004,False
V04323,P086,8,6,Secondary,52.32,59.24,SciStarter,Astronomy,0.322,6.920000000000002,False
V04324,P274,5,14,Self-taught,43.79,48.83,iNaturalist,Public_Health,0.53,5.039999999999999,True
V04325,P282,9,15,Secondary,46.84,55.61,iNaturalist,Climate,0.443,8.769999999999996,True
V04326,P294,5,6,Secondary,49.21,55.48,iNaturalist,Ecology,0.441,6.269999999999996,False
V04327,P133,8,7,Self-taught,48.9,54.09,iNaturalist,Climate,0.5,5.190000000000005,False
V04328,P049,2,17,Secondary,31.42,41.16,eBird,Ecology,0.78,9.739999999999995,True
V04329,P137,4,9,Graduate,79.76,87.13,iNaturalist,Astronomy,0.521,7.36999999999999,False
V04330,P032,19,11,Undergraduate,62.82,68.17,Zooniverse,Ecology,0.365,5.350000000000001,False
V04331,P255,3,12,Secondary,49.7,60.05,Zooniverse,Public_Health,0.368,10.349999999999994,True
V04332,P155,12,8,Self-taught,50.28,53.67,Zooniverse,Climate,0.523,3.3900000000000006,False
V04333,P110,24,8,Self-taught,56.15,59.83,Foldit,Ecology,0.374,3.6799999999999997,False
V04334,P027,6,8,Graduate,58.14,63.44,iNaturalist,Astronomy,0.526,5.299999999999997,False
V04335,P111,4,1,Graduate,79.46,79.58,Foldit,Biochemistry,0.467,0.12000000000000455,False
V04336,P251,12,5,Secondary,41.8,43.91,iNaturalist,Public_Health,0.53,2.1099999999999994,False
V04337,P199,1,9,Secondary,48.42,53.39,Galaxy_Zoo,Biodiversity,0.383,4.969999999999999,False
V04338,P027,6,13,Teacher,70.5,74.79,iNaturalist,Astronomy,0.526,4.290000000000006,True
V04339,P047,8,8,Secondary,45.86,45.43,eBird,Public_Health,0.734,-0.4299999999999997,False
V04340,P107,6,11,Self-taught,61.62,70.08,iNaturalist,Ecology,0.511,8.46,False
V04341,P032,9,6,Self-taught,50.0,52.04,Zooniverse,Ecology,0.365,2.039999999999999,False
V04342,P278,9,2,Secondary,48.19,49.78,SciStarter,Ecology,0.356,1.5900000000000034,False
V04343,P183,2,15,Teacher,91.73,98.23,eBird,Biodiversity,0.553,6.5,True
V04344,P030,12,10,Undergraduate,75.19,76.69,Zooniverse,Biochemistry,0.599,1.5,False
V04345,P228,6,21,Undergraduate,54.02,61.29,iNaturalist,Biochemistry,0.562,7.269999999999996,True
V04346,P101,3,13,Secondary,63.61,76.0,Galaxy_Zoo,Biodiversity,0.492,12.39,True
V04347,P068,6,3,Graduate,66.75,68.27,iNaturalist,Biodiversity,0.585,1.519999999999996,False
V04348,P158,3,12,Self-taught,50.99,53.63,Galaxy_Zoo,Biochemistry,0.385,2.6400000000000006,True
V04349,P005,10,11,Graduate,73.33,78.93,Zooniverse,Public_Health,0.414,5.6000000000000085,False
V04350,P130,34,13,Secondary,35.89,47.0,iNaturalist,Climate,0.557,11.11,True
V04351,P245,15,8,Secondary,48.21,53.28,iNaturalist,Biochemistry,0.631,5.07,False
V04352,P274,20,17,Undergraduate,50.72,57.81,iNaturalist,Public_Health,0.53,7.090000000000003,True
V04353,P093,11,9,Graduate,77.61,81.73,Galaxy_Zoo,Climate,0.394,4.1200000000000045,False
V04354,P180,39,4,Secondary,43.97,49.8,Zooniverse,Astronomy,0.571,5.829999999999998,False
V04355,P065,5,5,Self-taught,57.08,62.9,eBird,Biodiversity,0.645,5.82,False
V04356,P155,24,3,Secondary,58.36,64.3,Zooniverse,Climate,0.523,5.939999999999998,False
V04357,P070,58,3,Graduate,65.35,68.75,eBird,Biodiversity,0.641,3.4000000000000057,False
V04358,P159,22,15,Undergraduate,59.44,64.87,Foldit,Public_Health,0.398,5.430000000000007,True
V04359,P048,9,3,Self-taught,58.09,63.5,Zooniverse,Astronomy,0.437,5.409999999999997,False
V04360,P280,22,15,Undergraduate,50.54,58.15,iNaturalist,Ecology,0.637,7.609999999999999,True
V04361,P257,31,5,Graduate,78.37,81.91,Foldit,Astronomy,0.35,3.539999999999992,False
V04362,P092,19,12,Secondary,39.34,48.71,eBird,Public_Health,0.782,9.369999999999997,True
V04363,P225,1,17,Undergraduate,40.37,50.06,eBird,Public_Health,0.583,9.690000000000005,True
V04364,P030,7,17,Secondary,37.22,46.98,Zooniverse,Biochemistry,0.599,9.759999999999998,True
V04365,P212,8,18,Secondary,58.33,70.23,Galaxy_Zoo,Biochemistry,0.501,11.900000000000006,True
V04366,P078,15,5,Graduate,84.42,84.31,eBird,Ecology,0.658,-0.10999999999999943,False
V04367,P039,24,10,Secondary,46.68,56.58,Zooniverse,Biochemistry,0.365,9.899999999999999,False
V04368,P193,2,15,Undergraduate,62.73,69.65,iNaturalist,Public_Health,0.535,6.920000000000009,True
V04369,P130,29,14,Teacher,68.48,79.86,iNaturalist,Climate,0.557,11.379999999999995,True
V04370,P147,10,9,Undergraduate,52.05,58.35,Galaxy_Zoo,Biochemistry,0.351,6.300000000000004,False
V04371,P144,16,7,Secondary,40.41,49.32,Zooniverse,Biodiversity,0.458,8.910000000000004,False
V04372,P019,8,11,Self-taught,48.84,53.33,eBird,Biochemistry,0.526,4.489999999999995,False
V04373,P017,18,8,Self-taught,67.46,76.46,Galaxy_Zoo,Climate,0.448,9.0,False
V04374,P167,7,13,Self-taught,60.48,68.75,Foldit,Biochemistry,0.514,8.270000000000003,True
V04375,P174,16,4,Secondary,60.94,62.73,Foldit,Astronomy,0.548,1.7899999999999991,False
V04376,P017,15,4,Undergraduate,67.29,72.33,Galaxy_Zoo,Climate,0.448,5.039999999999992,False
V04377,P103,3,5,Undergraduate,61.9,66.55,SciStarter,Public_Health,0.285,4.649999999999999,False
V04378,P171,29,6,Self-taught,64.02,70.08,eBird,Biochemistry,0.62,6.060000000000002,False
V04379,P185,1,8,Secondary,46.97,49.93,eBird,Biochemistry,0.708,2.960000000000001,False
V04380,P240,37,3,Self-taught,59.09,69.11,Zooniverse,Biochemistry,0.343,10.019999999999996,False
V04381,P115,9,9,Secondary,48.32,56.6,eBird,Astronomy,0.676,8.280000000000001,False
V04382,P151,4,3,Secondary,46.08,49.15,eBird,Biodiversity,0.671,3.0700000000000003,False
V04383,P160,12,10,Graduate,67.61,73.1,eBird,Climate,0.758,5.489999999999995,False
V04384,P086,3,7,Secondary,58.1,67.21,SciStarter,Astronomy,0.322,9.109999999999992,False
V04385,P018,20,17,Graduate,66.97,76.23,Zooniverse,Biochemistry,0.451,9.260000000000005,True
V04386,P001,9,9,Teacher,67.09,72.81,Zooniverse,Public_Health,0.458,5.719999999999999,False
V04387,P242,3,5,Undergraduate,46.8,50.62,Galaxy_Zoo,Biodiversity,0.211,3.8200000000000003,False
V04388,P058,14,12,Undergraduate,70.78,80.35,Foldit,Public_Health,0.562,9.569999999999993,True
V04389,P176,23,22,Undergraduate,61.72,66.34,Foldit,Astronomy,0.641,4.6200000000000045,True
V04390,P160,2,12,Secondary,59.75,65.99,eBird,Climate,0.758,6.239999999999995,True
V04391,P108,18,9,Secondary,59.73,63.74,Zooniverse,Public_Health,0.423,4.010000000000005,False
V04392,P241,30,6,Teacher,72.74,79.79,Galaxy_Zoo,Ecology,0.434,7.050000000000011,False
V04393,P198,17,13,Self-taught,67.86,71.85,eBird,Biodiversity,0.702,3.989999999999995,True
V04394,P009,10,6,Undergraduate,52.54,56.49,iNaturalist,Astronomy,0.507,3.950000000000003,False
V04395,P225,13,15,Undergraduate,47.46,56.47,eBird,Public_Health,0.583,9.009999999999998,True
V04396,P143,3,10,Undergraduate,55.75,60.62,Zooniverse,Public_Health,0.442,4.869999999999997,False
V04397,P095,10,14,Undergraduate,59.78,63.12,eBird,Public_Health,0.512,3.3399999999999963,True
V04398,P207,9,10,Teacher,67.75,71.51,eBird,Ecology,0.626,3.760000000000005,False
V04399,P195,3,4,Undergraduate,56.47,61.21,SciStarter,Biodiversity,0.38,4.740000000000002,False
V04400,P085,9,15,Self-taught,71.38,77.08,iNaturalist,Biochemistry,0.542,5.700000000000003,True
V04401,P292,6,14,Self-taught,50.48,58.84,eBird,Ecology,0.601,8.360000000000007,True
V04402,P182,32,16,Secondary,53.2,60.32,Foldit,Astronomy,0.567,7.119999999999997,True
V04403,P169,10,15,Secondary,60.78,70.61,Zooniverse,Biochemistry,0.544,9.829999999999998,True
V04404,P023,3,15,Self-taught,47.14,54.1,Galaxy_Zoo,Biochemistry,0.348,6.960000000000001,True
V04405,P075,2,24,Undergraduate,53.93,60.42,eBird,Ecology,0.652,6.490000000000002,True
V04406,P123,15,3,Graduate,79.32,81.6,SciStarter,Public_Health,0.4,2.280000000000001,False
V04407,P176,26,10,Teacher,68.42,77.53,Foldit,Astronomy,0.641,9.11,False
V04408,P143,21,11,Secondary,42.04,44.83,Zooniverse,Public_Health,0.442,2.789999999999999,False
V04409,P220,1,21,Graduate,79.74,88.55,eBird,Public_Health,0.734,8.810000000000002,True
V04410,P071,16,6,Teacher,75.56,82.29,eBird,Public_Health,0.51,6.730000000000004,False
V04411,P199,36,4,Graduate,73.17,77.01,Galaxy_Zoo,Biodiversity,0.383,3.8400000000000034,False
V04412,P236,9,8,Self-taught,54.56,57.67,Zooniverse,Biodiversity,0.381,3.1099999999999994,False
V04413,P221,3,7,Undergraduate,53.11,56.78,SciStarter,Public_Health,0.351,3.6700000000000017,False
V04414,P223,20,12,Graduate,69.37,82.13,Galaxy_Zoo,Astronomy,0.337,12.759999999999991,True
V04415,P258,5,3,Teacher,82.58,85.95,Galaxy_Zoo,Ecology,0.315,3.3700000000000045,False
V04416,P028,6,11,Self-taught,60.15,63.69,Zooniverse,Biodiversity,0.452,3.539999999999999,False
V04417,P198,15,7,Secondary,61.24,66.29,eBird,Biodiversity,0.702,5.050000000000004,False
V04418,P287,6,7,Secondary,49.39,53.38,Zooniverse,Astronomy,0.507,3.990000000000002,False
V04419,P160,5,9,Undergraduate,59.18,67.44,eBird,Climate,0.758,8.259999999999998,False
V04420,P063,68,17,Self-taught,51.84,67.21,iNaturalist,Biodiversity,0.65,15.36999999999999,True
V04421,P299,14,10,Undergraduate,54.21,62.33,Foldit,Biochemistry,0.507,8.119999999999997,False
V04422,P049,11,11,Secondary,49.22,57.38,eBird,Ecology,0.78,8.160000000000004,False
V04423,P092,5,7,Undergraduate,61.09,69.14,eBird,Public_Health,0.782,8.049999999999997,False
V04424,P048,17,2,Secondary,29.5,33.03,Zooniverse,Astronomy,0.437,3.530000000000001,False
V04425,P129,7,8,Graduate,76.55,79.61,Zooniverse,Biodiversity,0.456,3.0600000000000023,False
V04426,P115,10,16,Undergraduate,67.25,71.69,eBird,Astronomy,0.676,4.439999999999998,True
V04427,P137,8,16,Secondary,35.95,42.9,iNaturalist,Astronomy,0.521,6.949999999999996,True
V04428,P274,1,3,Self-taught,55.67,62.74,iNaturalist,Public_Health,0.53,7.07,False
V04429,P134,9,14,Secondary,52.3,60.83,iNaturalist,Astronomy,0.463,8.530000000000001,True
V04430,P143,24,25,Teacher,60.29,68.8,Zooniverse,Public_Health,0.442,8.509999999999998,True
V04431,P257,33,5,Undergraduate,64.3,69.88,Foldit,Astronomy,0.35,5.579999999999998,False
V04432,P237,2,9,Secondary,58.08,66.64,Zooniverse,Public_Health,0.556,8.560000000000002,False
V04433,P066,13,10,Self-taught,46.88,52.72,iNaturalist,Astronomy,0.531,5.839999999999996,False
V04434,P005,5,17,Secondary,58.55,71.76,Zooniverse,Public_Health,0.414,13.210000000000008,True
V04435,P175,28,9,Undergraduate,56.72,64.5,Galaxy_Zoo,Astronomy,0.482,7.780000000000001,False
V04436,P245,3,13,Self-taught,50.41,56.8,iNaturalist,Biochemistry,0.631,6.390000000000001,True
V04437,P153,21,6,Self-taught,59.95,68.26,SciStarter,Astronomy,0.411,8.310000000000002,False
V04438,P061,20,16,Undergraduate,57.44,67.42,Zooniverse,Public_Health,0.445,9.980000000000004,True
V04439,P213,13,15,Teacher,40.37,54.13,SciStarter,Biochemistry,0.312,13.760000000000005,True
V04440,P190,3,19,Secondary,44.41,54.32,iNaturalist,Astronomy,0.721,9.910000000000004,True
V04441,P157,7,11,Undergraduate,49.14,54.18,Galaxy_Zoo,Ecology,0.421,5.039999999999999,False
V04442,P251,1,6,Undergraduate,66.94,70.19,iNaturalist,Public_Health,0.53,3.25,False
V04443,P227,2,6,Secondary,44.79,47.84,Zooniverse,Public_Health,0.458,3.0500000000000043,False
V04444,P190,29,19,Undergraduate,57.41,65.21,iNaturalist,Astronomy,0.721,7.799999999999997,True
V04445,P187,1,6,Undergraduate,54.4,59.53,Galaxy_Zoo,Biochemistry,0.294,5.130000000000003,False
V04446,P187,21,7,Self-taught,55.71,61.16,Galaxy_Zoo,Biochemistry,0.294,5.449999999999996,False
V04447,P147,2,14,Secondary,58.25,60.16,Galaxy_Zoo,Biochemistry,0.351,1.9099999999999966,True
V04448,P129,23,9,Undergraduate,67.75,69.82,Zooniverse,Biodiversity,0.456,2.069999999999993,False
V04449,P201,15,25,Graduate,81.72,96.02,eBird,Biodiversity,0.592,14.299999999999997,True
V04450,P171,13,11,Undergraduate,68.16,76.68,eBird,Biochemistry,0.62,8.52000000000001,False
V04451,P137,15,11,Graduate,76.85,86.94,iNaturalist,Astronomy,0.521,10.090000000000003,False
V04452,P037,13,10,Undergraduate,52.14,60.26,iNaturalist,Ecology,0.562,8.119999999999997,False
V04453,P199,14,21,Graduate,64.31,74.13,Galaxy_Zoo,Biodiversity,0.383,9.819999999999993,True
V04454,P181,3,8,Secondary,44.52,53.81,Zooniverse,Astronomy,0.503,9.29,False
V04455,P093,5,5,Self-taught,67.66,74.32,Galaxy_Zoo,Climate,0.394,6.659999999999997,False
V04456,P097,31,9,Undergraduate,56.08,62.63,iNaturalist,Astronomy,0.474,6.550000000000004,False
V04457,P068,32,14,Graduate,64.19,68.06,iNaturalist,Biodiversity,0.585,3.8700000000000045,True
V04458,P284,1,7,Teacher,72.27,77.49,Galaxy_Zoo,Public_Health,0.463,5.219999999999999,False
V04459,P250,11,6,Secondary,50.37,58.89,iNaturalist,Climate,0.574,8.520000000000003,False
V04460,P155,11,13,Undergraduate,61.52,68.18,Zooniverse,Climate,0.523,6.660000000000004,True
V04461,P108,6,6,Undergraduate,74.64,82.62,Zooniverse,Public_Health,0.423,7.980000000000004,False
V04462,P210,12,6,Graduate,58.24,65.61,Galaxy_Zoo,Astronomy,0.329,7.369999999999997,False
V04463,P147,4,13,Undergraduate,53.89,57.02,Galaxy_Zoo,Biochemistry,0.351,3.1300000000000026,True
V04464,P289,2,11,Secondary,59.0,66.42,Galaxy_Zoo,Biodiversity,0.468,7.420000000000002,False
V04465,P018,5,9,Undergraduate,63.6,70.26,Zooniverse,Biochemistry,0.451,6.660000000000004,False
V04466,P011,5,6,Undergraduate,64.04,65.79,eBird,Public_Health,0.836,1.75,False
V04467,P157,4,10,Undergraduate,58.16,61.77,Galaxy_Zoo,Ecology,0.421,3.6100000000000065,False
V04468,P060,7,21,Secondary,31.66,44.11,SciStarter,Ecology,0.385,12.45,True
V04469,P169,7,7,Graduate,77.95,86.07,Zooniverse,Biochemistry,0.544,8.11999999999999,False
V04470,P226,26,8,Undergraduate,58.34,65.4,Zooniverse,Climate,0.559,7.060000000000002,False
V04471,P040,4,11,Undergraduate,77.47,80.42,Zooniverse,Biodiversity,0.563,2.950000000000003,False
V04472,P120,1,21,Undergraduate,56.37,66.72,Galaxy_Zoo,Climate,0.338,10.350000000000001,True
V04473,P195,24,11,Undergraduate,55.83,65.01,SciStarter,Biodiversity,0.38,9.180000000000007,False
V04474,P241,8,6,Undergraduate,48.37,55.96,Galaxy_Zoo,Ecology,0.434,7.590000000000003,False
V04475,P139,3,6,Self-taught,54.93,56.11,Galaxy_Zoo,Biochemistry,0.428,1.1799999999999997,False
V04476,P060,17,5,Undergraduate,45.84,49.25,SciStarter,Ecology,0.385,3.4099999999999966,False
V04477,P163,12,25,Graduate,75.44,91.3,iNaturalist,Biodiversity,0.6,15.86,True
V04478,P126,4,22,Graduate,75.86,91.46,eBird,Ecology,0.627,15.599999999999994,True
V04479,P223,13,4,Secondary,44.13,47.75,Galaxy_Zoo,Astronomy,0.337,3.6199999999999974,False
V04480,P154,7,24,Teacher,70.06,76.93,eBird,Biodiversity,0.66,6.8700000000000045,True
V04481,P075,21,12,Graduate,71.69,83.47,eBird,Ecology,0.652,11.780000000000001,True
V04482,P217,9,13,Graduate,70.65,78.13,Galaxy_Zoo,Astronomy,0.498,7.47999999999999,True
V04483,P144,53,31,Teacher,69.53,84.82,Zooniverse,Biodiversity,0.458,15.289999999999992,True
V04484,P049,8,17,Graduate,68.53,75.31,eBird,Ecology,0.78,6.780000000000001,True
V04485,P156,33,12,Self-taught,46.84,53.86,eBird,Biochemistry,0.544,7.019999999999996,True
V04486,P282,14,25,Undergraduate,58.49,73.83,iNaturalist,Climate,0.443,15.339999999999996,True
V04487,P200,21,4,Teacher,73.41,75.26,Zooniverse,Biodiversity,0.485,1.8500000000000085,False
V04488,P083,5,4,Graduate,74.0,76.51,Foldit,Biodiversity,0.546,2.510000000000005,False
V04489,P201,2,8,Graduate,64.08,73.12,eBird,Biodiversity,0.592,9.040000000000006,False
V04490,P078,12,6,Undergraduate,56.76,63.92,eBird,Ecology,0.658,7.160000000000004,False
V04491,P151,7,11,Graduate,82.72,91.83,eBird,Biodiversity,0.671,9.11,False
V04492,P147,1,6,Graduate,71.37,76.69,Galaxy_Zoo,Biochemistry,0.351,5.319999999999993,False
V04493,P068,7,16,Teacher,72.82,78.74,iNaturalist,Biodiversity,0.585,5.920000000000002,True
V04494,P095,14,7,Secondary,42.55,46.86,eBird,Public_Health,0.512,4.310000000000002,False
V04495,P281,20,11,Graduate,77.85,84.02,iNaturalist,Astronomy,0.497,6.170000000000002,False
V04496,P069,18,7,Graduate,46.68,45.99,SciStarter,Climate,0.56,-0.6899999999999977,False
V04497,P230,10,10,Graduate,73.4,76.04,eBird,Climate,0.585,2.6400000000000006,False
V04498,P189,7,5,Secondary,34.98,32.37,SciStarter,Public_Health,0.533,-2.6099999999999994,False
V04499,P147,15,4,Graduate,78.09,79.67,Galaxy_Zoo,Biochemistry,0.351,1.5799999999999983,False
V04500,P039,24,16,Self-taught,72.13,80.4,Zooniverse,Biochemistry,0.365,8.27000000000001,True
V04501,P060,2,8,Secondary,35.85,37.22,SciStarter,Ecology,0.385,1.3699999999999974,False
V04502,P049,14,3,Undergraduate,66.13,74.62,eBird,Ecology,0.78,8.490000000000009,False
V04503,P163,12,28,Undergraduate,58.75,72.29,iNaturalist,Biodiversity,0.6,13.540000000000006,True
V04504,P288,49,10,Secondary,45.05,50.17,eBird,Astronomy,0.587,5.1200000000000045,False
V04505,P256,6,18,Graduate,69.65,81.75,SciStarter,Astronomy,0.408,12.099999999999994,True
V04506,P009,40,10,Undergraduate,53.87,61.94,iNaturalist,Astronomy,0.507,8.07,False
V04507,P074,5,7,Self-taught,56.89,61.97,Zooniverse,Biochemistry,0.286,5.079999999999998,False
V04508,P046,5,8,Secondary,45.77,51.44,Galaxy_Zoo,Astronomy,0.399,5.669999999999995,False
V04509,P289,20,8,Graduate,73.88,76.57,Galaxy_Zoo,Biodiversity,0.468,2.6899999999999977,False
V04510,P066,16,15,Graduate,71.8,79.43,iNaturalist,Astronomy,0.531,7.63000000000001,True
V04511,P059,11,13,Self-taught,53.34,59.9,Zooniverse,Biodiversity,0.462,6.559999999999995,True
V04512,P173,17,6,Self-taught,44.07,55.98,eBird,Biochemistry,0.67,11.909999999999997,False
V04513,P154,9,7,Self-taught,43.91,53.28,eBird,Biodiversity,0.66,9.370000000000005,False
V04514,P064,1,13,Secondary,39.32,43.98,SciStarter,Ecology,0.388,4.659999999999997,True
V04515,P190,8,19,Undergraduate,59.52,70.61,iNaturalist,Astronomy,0.721,11.089999999999996,True
V04516,P030,26,16,Secondary,57.71,64.92,Zooniverse,Biochemistry,0.599,7.210000000000001,True
V04517,P008,11,5,Undergraduate,74.99,80.49,Galaxy_Zoo,Public_Health,0.428,5.5,False
V04518,P027,41,8,Self-taught,56.89,65.73,iNaturalist,Astronomy,0.526,8.840000000000003,False
V04519,P100,10,18,Self-taught,60.74,70.72,Foldit,Ecology,0.591,9.979999999999997,True
V04520,P288,24,16,Undergraduate,58.0,67.15,eBird,Astronomy,0.587,9.150000000000006,True
V04521,P151,19,9,Teacher,60.34,66.45,eBird,Biodiversity,0.671,6.109999999999999,False
V04522,P217,29,10,Graduate,64.8,75.3,Galaxy_Zoo,Astronomy,0.498,10.5,False
V04523,P088,16,13,Undergraduate,50.89,58.64,eBird,Public_Health,0.635,7.75,True
V04524,P204,24,17,Secondary,45.3,58.87,eBird,Astronomy,0.612,13.57,True
V04525,P287,14,13,Teacher,70.1,74.02,Zooniverse,Astronomy,0.507,3.9200000000000017,True
V04526,P098,15,6,Graduate,69.32,70.93,Zooniverse,Ecology,0.459,1.6100000000000136,False
V04527,P300,17,3,Self-taught,55.95,60.13,Galaxy_Zoo,Climate,0.375,4.18,False
V04528,P179,15,14,Graduate,71.14,78.57,Foldit,Biodiversity,0.428,7.429999999999993,True
V04529,P216,25,9,Secondary,50.01,54.42,iNaturalist,Climate,0.64,4.410000000000004,False
V04530,P069,2,15,Undergraduate,53.12,62.06,SciStarter,Climate,0.56,8.940000000000005,True
V04531,P180,12,14,Teacher,71.95,79.32,Zooniverse,Astronomy,0.571,7.36999999999999,True
V04532,P143,15,14,Teacher,73.02,76.26,Zooniverse,Public_Health,0.442,3.240000000000009,True
V04533,P283,14,7,Self-taught,58.9,62.32,SciStarter,Biodiversity,0.339,3.4200000000000017,False
V04534,P264,23,3,Undergraduate,49.17,55.21,Zooniverse,Biodiversity,0.4,6.039999999999999,False
V04535,P107,8,18,Self-taught,60.82,69.25,iNaturalist,Ecology,0.511,8.43,True
V04536,P281,5,15,Secondary,53.14,61.11,iNaturalist,Astronomy,0.497,7.969999999999999,True
V04537,P257,79,3,Secondary,54.44,55.65,Foldit,Astronomy,0.35,1.2100000000000009,False
V04538,P163,12,23,Secondary,57.25,63.77,iNaturalist,Biodiversity,0.6,6.520000000000003,True
V04539,P027,16,4,Secondary,35.71,39.49,iNaturalist,Astronomy,0.526,3.780000000000001,False
V04540,P047,10,8,Self-taught,54.97,61.96,eBird,Public_Health,0.734,6.990000000000002,False
V04541,P025,22,8,Secondary,57.55,64.89,Galaxy_Zoo,Public_Health,0.442,7.340000000000003,False
V04542,P033,1,4,Undergraduate,59.99,65.57,Galaxy_Zoo,Public_Health,0.158,5.579999999999991,False
V04543,P289,12,12,Self-taught,43.63,48.72,Galaxy_Zoo,Biodiversity,0.468,5.089999999999996,True
V04544,P061,9,11,Undergraduate,55.67,63.79,Zooniverse,Public_Health,0.445,8.119999999999997,False
V04545,P197,4,18,Undergraduate,69.88,75.75,Zooniverse,Ecology,0.387,5.8700000000000045,True
V04546,P178,19,12,Undergraduate,63.43,72.75,Foldit,Biodiversity,0.603,9.32,True
V04547,P176,2,24,Undergraduate,50.4,57.14,Foldit,Astronomy,0.641,6.740000000000002,True
V04548,P060,22,6,Undergraduate,76.09,82.84,SciStarter,Ecology,0.385,6.75,False
V04549,P160,8,14,Self-taught,57.19,61.6,eBird,Climate,0.758,4.410000000000004,True
V04550,P174,20,7,Self-taught,51.15,53.25,Foldit,Astronomy,0.548,2.1000000000000014,False
V04551,P158,10,4,Undergraduate,58.9,62.75,Galaxy_Zoo,Biochemistry,0.385,3.8500000000000014,False
V04552,P051,31,5,Secondary,60.75,69.3,Zooniverse,Climate,0.503,8.549999999999997,False
V04553,P205,5,24,Graduate,84.85,94.68,eBird,Biodiversity,0.846,9.830000000000013,True
V04554,P024,9,1,Secondary,52.28,52.93,Foldit,Astronomy,0.416,0.6499999999999986,False
V04555,P164,1,12,Undergraduate,49.89,54.98,eBird,Astronomy,0.622,5.089999999999996,True
V04556,P119,13,14,Self-taught,32.37,40.74,eBird,Climate,0.739,8.370000000000005,True
V04557,P069,12,14,Secondary,41.64,50.73,SciStarter,Climate,0.56,9.089999999999996,True
V04558,P233,10,7,Self-taught,66.7,75.58,eBird,Climate,0.618,8.879999999999995,False
V04559,P049,21,11,Graduate,72.56,77.39,eBird,Ecology,0.78,4.829999999999998,False
V04560,P277,20,12,Secondary,42.65,50.13,Galaxy_Zoo,Astronomy,0.623,7.480000000000004,True
V04561,P257,32,2,Secondary,44.31,50.81,Foldit,Astronomy,0.35,6.5,False
V04562,P099,12,9,Self-taught,59.77,66.99,iNaturalist,Astronomy,0.335,7.219999999999992,False
V04563,P085,1,8,Graduate,65.47,74.08,iNaturalist,Biochemistry,0.542,8.61,False
V04564,P039,1,9,Teacher,71.84,75.62,Zooniverse,Biochemistry,0.365,3.780000000000001,False
V04565,P269,8,2,Self-taught,49.93,55.19,Zooniverse,Biochemistry,0.374,5.259999999999998,False
V04566,P175,11,16,Secondary,46.47,57.53,Galaxy_Zoo,Astronomy,0.482,11.060000000000002,True
V04567,P010,5,13,Self-taught,55.58,62.3,Zooniverse,Ecology,0.402,6.719999999999999,True
V04568,P143,16,3,Graduate,68.03,74.46,Zooniverse,Public_Health,0.442,6.429999999999993,False
V04569,P028,4,9,Secondary,48.02,47.66,Zooniverse,Biodiversity,0.452,-0.36000000000000654,False
V04570,P160,16,15,Graduate,66.9,78.72,eBird,Climate,0.758,11.819999999999993,True
V04571,P143,14,2,Secondary,52.89,55.67,Zooniverse,Public_Health,0.442,2.780000000000001,False
V04572,P027,34,7,Undergraduate,58.86,64.11,iNaturalist,Astronomy,0.526,5.25,False
V04573,P236,20,3,Undergraduate,51.87,57.17,Zooniverse,Biodiversity,0.381,5.300000000000004,False
V04574,P071,4,7,Secondary,46.48,53.31,eBird,Public_Health,0.51,6.830000000000005,False
V04575,P151,10,12,Self-taught,52.87,55.92,eBird,Biodiversity,0.671,3.0500000000000043,True
V04576,P179,9,4,Self-taught,55.08,58.41,Foldit,Biodiversity,0.428,3.3299999999999983,False
V04577,P285,6,10,Secondary,41.91,46.05,Galaxy_Zoo,Biodiversity,0.504,4.140000000000001,False
V04578,P138,1,13,Teacher,56.12,64.85,iNaturalist,Biochemistry,0.422,8.729999999999997,True
V04579,P269,15,11,Graduate,64.53,73.47,Zooniverse,Biochemistry,0.374,8.939999999999998,False
V04580,P097,7,8,Secondary,57.48,63.19,iNaturalist,Astronomy,0.474,5.710000000000001,False
V04581,P249,7,3,Self-taught,60.34,66.85,Galaxy_Zoo,Climate,0.421,6.509999999999991,False
V04582,P066,11,16,Teacher,83.07,89.59,iNaturalist,Astronomy,0.531,6.52000000000001,True
V04583,P200,5,22,Undergraduate,56.7,65.96,Zooniverse,Biodiversity,0.485,9.259999999999991,True
V04584,P028,17,10,Undergraduate,65.95,67.0,Zooniverse,Biodiversity,0.452,1.0499999999999972,False
V04585,P293,8,6,Secondary,63.17,66.97,Galaxy_Zoo,Public_Health,0.342,3.799999999999997,False
V04586,P282,14,7,Graduate,79.61,87.8,iNaturalist,Climate,0.443,8.189999999999998,False
V04587,P121,8,3,Graduate,63.67,69.62,Galaxy_Zoo,Biochemistry,0.31,5.950000000000003,False
V04588,P147,2,11,Secondary,44.55,48.79,Galaxy_Zoo,Biochemistry,0.351,4.240000000000002,False
V04589,P165,22,7,Undergraduate,70.17,79.12,SciStarter,Astronomy,0.481,8.950000000000003,False
V04590,P074,7,3,Graduate,71.79,74.87,Zooniverse,Biochemistry,0.286,3.0799999999999983,False
V04591,P192,23,9,Secondary,42.48,50.91,eBird,Public_Health,0.577,8.43,False
V04592,P198,25,5,Undergraduate,59.62,66.9,eBird,Biodiversity,0.702,7.280000000000008,False
V04593,P147,6,21,Undergraduate,58.02,63.03,Galaxy_Zoo,Biochemistry,0.351,5.009999999999998,True
V04594,P045,3,13,Undergraduate,55.71,63.19,eBird,Ecology,0.63,7.479999999999997,True
V04595,P271,2,6,Secondary,53.75,60.5,Galaxy_Zoo,Astronomy,0.247,6.75,False
V04596,P034,12,4,Self-taught,63.48,65.6,eBird,Public_Health,0.782,2.1199999999999974,False
V04597,P175,12,11,Teacher,75.38,86.34,Galaxy_Zoo,Astronomy,0.482,10.960000000000008,False
V04598,P033,7,16,Teacher,72.16,80.14,Galaxy_Zoo,Public_Health,0.158,7.980000000000004,True
V04599,P043,11,11,Secondary,48.49,54.56,iNaturalist,Climate,0.729,6.07,False
V04600,P008,10,12,Self-taught,25.66,30.25,Galaxy_Zoo,Public_Health,0.428,4.59,True
V04601,P099,14,11,Undergraduate,55.28,62.91,iNaturalist,Astronomy,0.335,7.6299999999999955,False
V04602,P179,1,8,Secondary,28.85,32.99,Foldit,Biodiversity,0.428,4.140000000000001,False
V04603,P146,11,4,Self-taught,42.47,49.31,SciStarter,Climate,0.581,6.840000000000003,False
V04604,P192,9,29,Undergraduate,55.52,69.37,eBird,Public_Health,0.577,13.850000000000001,True
V04605,P192,3,5,Graduate,82.01,87.74,eBird,Public_Health,0.577,5.72999999999999,False
V04606,P041,27,1,Secondary,45.84,49.68,SciStarter,Biochemistry,0.426,3.8399999999999963,False
V04607,P018,12,9,Teacher,68.83,73.64,Zooniverse,Biochemistry,0.451,4.810000000000002,False
V04608,P174,21,16,Undergraduate,68.05,78.43,Foldit,Astronomy,0.548,10.38000000000001,True
V04609,P183,3,5,Self-taught,48.11,49.83,eBird,Biodiversity,0.553,1.7199999999999989,False
V04610,P154,43,11,Graduate,65.76,69.63,eBird,Biodiversity,0.66,3.8699999999999903,False
V04611,P068,8,7,Secondary,46.31,48.06,iNaturalist,Biodiversity,0.585,1.75,False
V04612,P234,4,11,Secondary,60.11,65.63,Foldit,Public_Health,0.558,5.519999999999996,False
V04613,P025,8,6,Undergraduate,68.82,68.04,Galaxy_Zoo,Public_Health,0.442,-0.7799999999999869,False
V04614,P177,5,4,Undergraduate,53.91,58.91,Galaxy_Zoo,Public_Health,0.257,5.0,False
V04615,P036,21,11,Undergraduate,73.69,81.02,Zooniverse,Biodiversity,0.411,7.329999999999998,False
V04616,P184,7,8,Secondary,54.86,61.87,Foldit,Public_Health,0.472,7.009999999999998,False
V04617,P115,27,11,Graduate,48.71,58.4,eBird,Astronomy,0.676,9.689999999999998,False
V04618,P204,13,7,Secondary,36.58,40.52,eBird,Astronomy,0.612,3.940000000000005,False
V04619,P017,16,10,Teacher,66.01,73.74,Galaxy_Zoo,Climate,0.448,7.72999999999999,False
V04620,P154,1,7,Graduate,78.4,85.94,eBird,Biodiversity,0.66,7.539999999999992,False
V04621,P043,4,6,Secondary,47.04,54.87,iNaturalist,Climate,0.729,7.829999999999998,False
V04622,P194,12,9,Teacher,67.01,70.98,eBird,Ecology,0.57,3.969999999999999,False
V04623,P036,46,17,Graduate,60.96,69.68,Zooniverse,Biodiversity,0.411,8.720000000000006,True
V04624,P024,11,5,Undergraduate,69.11,71.58,Foldit,Astronomy,0.416,2.469999999999999,False
V04625,P201,8,23,Teacher,71.77,82.86,eBird,Biodiversity,0.592,11.090000000000003,True
V04626,P020,5,11,Undergraduate,56.69,63.41,Zooniverse,Public_Health,0.586,6.719999999999999,False
V04627,P064,4,3,Undergraduate,51.71,58.01,SciStarter,Ecology,0.388,6.299999999999997,False
V04628,P238,28,9,Undergraduate,57.19,63.48,eBird,Astronomy,0.622,6.289999999999999,False
V04629,P233,17,14,Graduate,70.63,76.01,eBird,Climate,0.618,5.38000000000001,True
V04630,P248,27,6,Undergraduate,62.18,70.56,iNaturalist,Biodiversity,0.604,8.380000000000003,False
V04631,P090,39,23,Secondary,40.48,52.66,Foldit,Ecology,0.56,12.18,True
V04632,P147,4,12,Undergraduate,54.36,56.34,Galaxy_Zoo,Biochemistry,0.351,1.980000000000004,True
V04633,P225,1,7,Self-taught,71.8,78.63,eBird,Public_Health,0.583,6.829999999999998,False
V04634,P039,2,17,Secondary,49.09,56.26,Zooniverse,Biochemistry,0.365,7.169999999999995,True
V04635,P206,6,12,Graduate,72.85,81.53,Zooniverse,Climate,0.456,8.680000000000007,True
V04636,P031,13,19,Secondary,44.77,58.88,Foldit,Astronomy,0.501,14.11,True
V04637,P267,8,4,Undergraduate,61.02,58.84,Foldit,Biodiversity,0.307,-2.1799999999999997,False
V04638,P179,19,11,Undergraduate,67.71,73.12,Foldit,Biodiversity,0.428,5.410000000000011,False
V04639,P138,8,9,Secondary,48.6,56.48,iNaturalist,Biochemistry,0.422,7.8799999999999955,False
V04640,P135,24,14,Secondary,49.65,60.03,Galaxy_Zoo,Astronomy,0.42,10.380000000000003,True
V04641,P050,15,11,Undergraduate,51.93,58.87,Galaxy_Zoo,Biodiversity,0.435,6.939999999999998,False
V04642,P095,1,8,Self-taught,48.24,56.57,eBird,Public_Health,0.512,8.329999999999998,False
V04643,P207,1,4,Undergraduate,65.7,70.2,eBird,Ecology,0.626,4.5,False
V04644,P151,15,10,Secondary,47.39,48.6,eBird,Biodiversity,0.671,1.2100000000000009,False
V04645,P147,10,3,Undergraduate,62.4,62.97,Galaxy_Zoo,Biochemistry,0.351,0.5700000000000003,False
V04646,P054,10,2,Self-taught,59.61,65.74,Foldit,Biodiversity,0.419,6.1299999999999955,False
V04647,P196,5,17,Undergraduate,51.4,59.18,Foldit,Biodiversity,0.531,7.780000000000001,True
V04648,P107,5,22,Graduate,80.34,93.29,iNaturalist,Ecology,0.511,12.950000000000003,True
V04649,P050,29,9,Self-taught,52.54,57.31,Galaxy_Zoo,Biodiversity,0.435,4.770000000000003,False
V04650,P281,9,9,Secondary,36.22,42.92,iNaturalist,Astronomy,0.497,6.700000000000003,False
V04651,P143,20,9,Self-taught,44.15,53.07,Zooniverse,Public_Health,0.442,8.920000000000002,False
V04652,P147,15,10,Undergraduate,45.64,47.43,Galaxy_Zoo,Biochemistry,0.351,1.7899999999999991,False
V04653,P292,4,9,Secondary,43.26,50.11,eBird,Ecology,0.601,6.850000000000001,False
V04654,P100,24,24,Secondary,56.74,66.45,Foldit,Ecology,0.591,9.71,True
V04655,P281,6,9,Teacher,74.32,83.98,iNaturalist,Astronomy,0.497,9.66000000000001,False
V04656,P198,19,10,Graduate,72.93,77.25,eBird,Biodiversity,0.702,4.319999999999993,False
V04657,P177,6,3,Graduate,52.39,55.3,Galaxy_Zoo,Public_Health,0.257,2.9099999999999966,False
V04658,P066,9,13,Self-taught,61.3,70.62,iNaturalist,Astronomy,0.531,9.320000000000007,True
V04659,P017,9,6,Graduate,73.79,77.55,Galaxy_Zoo,Climate,0.448,3.759999999999991,False
V04660,P119,13,14,Self-taught,56.62,66.04,eBird,Climate,0.739,9.420000000000009,True
V04661,P004,11,12,Secondary,52.69,57.39,iNaturalist,Public_Health,0.533,4.700000000000003,True
V04662,P023,10,11,Secondary,49.21,56.02,Galaxy_Zoo,Biochemistry,0.348,6.810000000000002,False
V04663,P164,3,7,Teacher,56.05,58.48,eBird,Astronomy,0.622,2.4299999999999997,False
V04664,P206,19,5,Undergraduate,53.2,55.84,Zooniverse,Climate,0.456,2.6400000000000006,False
V04665,P048,36,8,Undergraduate,40.02,47.18,Zooniverse,Astronomy,0.437,7.159999999999997,False
V04666,P209,12,2,Self-taught,56.22,61.89,Zooniverse,Ecology,0.416,5.670000000000002,False
V04667,P282,12,5,Undergraduate,64.12,64.25,iNaturalist,Climate,0.443,0.12999999999999545,False
V04668,P214,17,13,Secondary,53.84,60.75,SciStarter,Biodiversity,0.397,6.909999999999997,True
V04669,P228,11,8,Undergraduate,47.84,53.71,iNaturalist,Biochemistry,0.562,5.869999999999997,False
V04670,P199,18,12,Graduate,62.22,67.86,Galaxy_Zoo,Biodiversity,0.383,5.640000000000001,True
V04671,P064,19,4,Undergraduate,50.11,52.43,SciStarter,Ecology,0.388,2.3200000000000003,False
V04672,P099,15,3,Secondary,70.66,75.69,iNaturalist,Astronomy,0.335,5.030000000000001,False
V04673,P282,3,9,Secondary,53.57,62.44,iNaturalist,Climate,0.443,8.869999999999997,False
V04674,P186,21,7,Self-taught,47.69,55.13,Foldit,Climate,0.567,7.440000000000005,False
V04675,P228,9,15,Secondary,37.49,41.37,iNaturalist,Biochemistry,0.562,3.8799999999999955,True
V04676,P287,11,6,Self-taught,61.43,64.19,Zooniverse,Astronomy,0.507,2.759999999999998,False
V04677,P065,35,20,Secondary,54.78,65.12,eBird,Biodiversity,0.645,10.340000000000003,True
V04678,P089,20,6,Secondary,71.96,72.06,Zooniverse,Astronomy,0.441,0.10000000000000853,False
V04679,P181,7,5,Undergraduate,68.26,72.34,Zooniverse,Astronomy,0.503,4.079999999999998,False
V04680,P009,52,7,Graduate,74.73,82.64,iNaturalist,Astronomy,0.507,7.909999999999997,False
V04681,P158,6,5,Undergraduate,69.37,73.93,Galaxy_Zoo,Biochemistry,0.385,4.560000000000002,False
V04682,P233,11,14,Graduate,67.57,74.26,eBird,Climate,0.618,6.690000000000012,True
V04683,P171,5,13,Self-taught,43.7,54.06,eBird,Biochemistry,0.62,10.36,True
V04684,P081,2,6,Secondary,42.85,46.7,Foldit,Ecology,0.312,3.8500000000000014,False
V04685,P206,43,4,Secondary,47.31,52.29,Zooniverse,Climate,0.456,4.979999999999997,False
V04686,P043,2,15,Undergraduate,75.56,86.59,iNaturalist,Climate,0.729,11.030000000000001,True
V04687,P262,4,11,Graduate,72.5,75.96,Foldit,Biochemistry,0.589,3.4599999999999937,False
V04688,P032,19,11,Graduate,69.64,74.01,Zooniverse,Ecology,0.365,4.3700000000000045,False
V04689,P251,2,7,Secondary,52.02,58.56,iNaturalist,Public_Health,0.53,6.539999999999999,False
V04690,P140,11,3,Graduate,70.15,79.97,iNaturalist,Climate,0.625,9.819999999999993,False
V04691,P117,10,12,Secondary,45.97,51.48,Galaxy_Zoo,Ecology,0.459,5.509999999999998,True
V04692,P141,53,5,Undergraduate,55.62,58.91,Zooniverse,Astronomy,0.382,3.289999999999999,False
V04693,P058,14,8,Secondary,41.91,47.77,Foldit,Public_Health,0.562,5.8600000000000065,False
V04694,P127,8,3,Graduate,66.41,70.07,Galaxy_Zoo,Astronomy,0.324,3.6599999999999966,False
V04695,P247,24,1,Teacher,67.87,74.13,SciStarter,Biodiversity,0.442,6.259999999999991,False
V04696,P230,2,7,Undergraduate,67.68,71.46,eBird,Climate,0.585,3.779999999999987,False
V04697,P047,6,10,Graduate,73.5,79.05,eBird,Public_Health,0.734,5.549999999999997,False
V04698,P192,8,18,Teacher,62.78,74.9,eBird,Public_Health,0.577,12.120000000000005,True
V04699,P249,1,11,Self-taught,63.68,69.45,Galaxy_Zoo,Climate,0.421,5.770000000000003,False
V04700,P237,8,12,Graduate,70.95,79.47,Zooniverse,Public_Health,0.556,8.519999999999996,True
V04701,P116,13,4,Undergraduate,65.03,71.63,Zooniverse,Public_Health,0.39,6.599999999999994,False
V04702,P017,10,8,Undergraduate,58.9,63.94,Galaxy_Zoo,Climate,0.448,5.039999999999999,False
V04703,P276,14,11,Teacher,74.43,81.13,Foldit,Biodiversity,0.548,6.699999999999989,False
V04704,P107,5,6,Self-taught,47.27,48.84,iNaturalist,Ecology,0.511,1.5700000000000003,False
V04705,P099,2,4,Secondary,55.6,59.18,iNaturalist,Astronomy,0.335,3.5799999999999983,False
V04706,P219,8,11,Graduate,60.24,71.32,Foldit,Climate,0.559,11.079999999999991,False
V04707,P072,16,6,Graduate,75.3,83.0,Zooniverse,Astronomy,0.411,7.700000000000003,False
V04708,P241,22,14,Graduate,86.6,91.46,Galaxy_Zoo,Ecology,0.434,4.859999999999999,True
V04709,P025,9,6,Undergraduate,63.79,69.34,Galaxy_Zoo,Public_Health,0.442,5.550000000000004,False
V04710,P213,5,10,Secondary,44.67,53.38,SciStarter,Biochemistry,0.312,8.71,False
V04711,P286,3,8,Undergraduate,61.89,65.14,Galaxy_Zoo,Biochemistry,0.416,3.25,False
V04712,P296,5,9,Undergraduate,69.94,73.47,Zooniverse,Climate,0.401,3.530000000000001,False
V04713,P273,8,5,Undergraduate,64.62,66.0,SciStarter,Ecology,0.481,1.3799999999999955,False
V04714,P255,9,10,Graduate,73.9,75.88,Zooniverse,Public_Health,0.368,1.9799999999999898,False
V04715,P075,33,21,Undergraduate,49.52,61.36,eBird,Ecology,0.652,11.839999999999996,True
V04716,P287,6,5,Undergraduate,70.65,74.29,Zooniverse,Astronomy,0.507,3.6400000000000006,False
V04717,P274,3,12,Secondary,47.26,52.46,iNaturalist,Public_Health,0.53,5.200000000000003,True
V04718,P149,1,6,Graduate,77.37,88.36,Zooniverse,Ecology,0.479,10.989999999999995,False
V04719,P109,7,9,Self-taught,63.46,72.57,iNaturalist,Climate,0.497,9.109999999999992,False
V04720,P034,4,14,Graduate,71.62,80.87,eBird,Public_Health,0.782,9.25,True
V04721,P163,12,18,Self-taught,59.91,73.37,iNaturalist,Biodiversity,0.6,13.460000000000008,True
V04722,P199,5,9,Self-taught,54.17,59.66,Galaxy_Zoo,Biodiversity,0.383,5.489999999999995,False
V04723,P109,12,3,Undergraduate,57.73,61.96,iNaturalist,Climate,0.497,4.230000000000004,False
V04724,P111,4,5,Secondary,32.33,36.87,Foldit,Biochemistry,0.467,4.539999999999999,False
V04725,P160,4,14,Graduate,56.47,68.17,eBird,Climate,0.758,11.700000000000003,True
V04726,P009,37,5,Undergraduate,49.98,54.59,iNaturalist,Astronomy,0.507,4.6100000000000065,False
V04727,P283,35,5,Secondary,47.33,48.42,SciStarter,Biodiversity,0.339,1.0900000000000034,False
V04728,P079,31,2,Secondary,45.92,51.22,SciStarter,Biochemistry,0.315,5.299999999999997,False
V04729,P041,20,7,Secondary,39.49,38.87,SciStarter,Biochemistry,0.426,-0.6200000000000045,False
V04730,P002,26,5,Self-taught,32.42,38.66,Galaxy_Zoo,Ecology,0.35,6.239999999999995,False
V04731,P249,7,9,Undergraduate,59.68,65.8,Galaxy_Zoo,Climate,0.421,6.119999999999997,False
V04732,P251,6,13,Self-taught,63.21,66.66,iNaturalist,Public_Health,0.53,3.4499999999999957,True
V04733,P030,5,8,Self-taught,54.99,57.72,Zooniverse,Biochemistry,0.599,2.729999999999997,False
V04734,P045,11,19,Undergraduate,50.02,61.23,eBird,Ecology,0.63,11.209999999999994,True
V04735,P124,9,5,Undergraduate,55.86,65.12,Galaxy_Zoo,Public_Health,0.336,9.260000000000005,False
V04736,P051,9,11,Graduate,70.75,77.12,Zooniverse,Climate,0.503,6.3700000000000045,False
V04737,P210,13,19,Teacher,62.82,75.65,Galaxy_Zoo,Astronomy,0.329,12.830000000000005,True
V04738,P019,22,12,Self-taught,43.43,53.46,eBird,Biochemistry,0.526,10.030000000000001,True
V04739,P152,61,10,Graduate,57.51,61.95,Foldit,Biodiversity,0.457,4.440000000000005,False
V04740,P104,38,12,Graduate,68.72,79.3,eBird,Climate,0.621,10.579999999999998,True
V04741,P130,10,13,Undergraduate,58.67,63.29,iNaturalist,Climate,0.557,4.619999999999997,True
V04742,P116,43,18,Self-taught,60.73,69.96,Zooniverse,Public_Health,0.39,9.229999999999997,True
V04743,P045,21,17,Self-taught,66.92,78.01,eBird,Ecology,0.63,11.090000000000003,True
V04744,P063,24,8,Secondary,48.27,57.96,iNaturalist,Biodiversity,0.65,9.689999999999998,False
V04745,P021,15,9,Undergraduate,66.36,70.52,SciStarter,Astronomy,0.442,4.159999999999997,False
V04746,P034,24,13,Secondary,56.91,62.71,eBird,Public_Health,0.782,5.800000000000004,True
V04747,P290,3,13,Secondary,50.05,57.54,Foldit,Biochemistry,0.702,7.490000000000002,True
V04748,P075,46,17,Self-taught,49.68,59.88,eBird,Ecology,0.652,10.200000000000003,True
V04749,P085,5,9,Secondary,49.37,55.77,iNaturalist,Biochemistry,0.542,6.400000000000006,False
V04750,P037,5,9,Undergraduate,55.27,65.01,iNaturalist,Ecology,0.562,9.740000000000002,False
V04751,P217,11,16,Self-taught,72.73,81.64,Galaxy_Zoo,Astronomy,0.498,8.909999999999997,True
V04752,P273,4,8,Undergraduate,48.61,52.67,SciStarter,Ecology,0.481,4.060000000000002,False
V04753,P228,2,11,Undergraduate,60.54,65.08,iNaturalist,Biochemistry,0.562,4.539999999999999,False
V04754,P171,23,14,Secondary,43.46,54.25,eBird,Biochemistry,0.62,10.79,True
V04755,P235,3,7,Self-taught,62.7,68.15,Foldit,Biochemistry,0.482,5.450000000000003,False
V04756,P110,8,21,Undergraduate,53.73,62.07,Foldit,Ecology,0.374,8.340000000000003,True
V04757,P250,13,20,Secondary,46.64,52.6,iNaturalist,Climate,0.574,5.960000000000001,True
V04758,P230,1,5,Secondary,58.06,66.12,eBird,Climate,0.585,8.060000000000002,False
V04759,P001,5,12,Secondary,50.13,55.94,Zooniverse,Public_Health,0.458,5.809999999999995,True
V04760,P137,18,9,Secondary,53.55,61.64,iNaturalist,Astronomy,0.521,8.090000000000003,False
V04761,P072,8,4,Graduate,81.95,87.11,Zooniverse,Astronomy,0.411,5.159999999999997,False
V04762,P028,14,3,Undergraduate,69.03,71.93,Zooniverse,Biodiversity,0.452,2.9000000000000057,False
V04763,P246,16,5,Graduate,68.94,73.44,Foldit,Biochemistry,0.577,4.5,False
V04764,P003,12,7,Self-taught,64.73,75.05,Galaxy_Zoo,Biodiversity,0.343,10.319999999999993,False
V04765,P208,12,20,Secondary,50.04,60.82,Foldit,Public_Health,0.449,10.780000000000001,True
V04766,P294,27,7,Self-taught,61.94,71.77,iNaturalist,Ecology,0.441,9.829999999999998,False
V04767,P134,7,16,Teacher,82.12,89.61,iNaturalist,Astronomy,0.463,7.489999999999995,True
V04768,P102,28,10,Undergraduate,54.52,64.97,Galaxy_Zoo,Ecology,0.373,10.449999999999996,False
V04769,P169,14,16,Secondary,41.05,51.64,Zooniverse,Biochemistry,0.544,10.590000000000003,True
V04770,P231,9,10,Teacher,55.88,57.4,Foldit,Biodiversity,0.56,1.519999999999996,False
V04771,P066,20,11,Undergraduate,68.21,74.93,iNaturalist,Astronomy,0.531,6.720000000000013,False
V04772,P069,1,12,Self-taught,63.6,69.44,SciStarter,Climate,0.56,5.839999999999996,True
V04773,P170,9,10,Secondary,35.75,39.64,Zooniverse,Biochemistry,0.478,3.8900000000000006,False
V04774,P280,15,16,Undergraduate,61.94,68.45,iNaturalist,Ecology,0.637,6.510000000000005,True
V04775,P083,21,8,Secondary,41.44,51.14,Foldit,Biodiversity,0.546,9.700000000000003,False
V04776,P103,4,4,Graduate,82.67,90.42,SciStarter,Public_Health,0.285,7.75,False
V04777,P295,11,6,Undergraduate,62.61,66.46,SciStarter,Climate,0.448,3.8499999999999943,False
V04778,P049,11,14,Self-taught,50.18,53.91,eBird,Ecology,0.78,3.729999999999997,True
V04779,P025,13,8,Self-taught,60.08,60.48,Galaxy_Zoo,Public_Health,0.442,0.3999999999999986,False
V04780,P163,6,10,Undergraduate,64.37,69.54,iNaturalist,Biodiversity,0.6,5.170000000000002,False
V04781,P009,11,6,Undergraduate,63.64,64.08,iNaturalist,Astronomy,0.507,0.4399999999999977,False
V04782,P050,3,15,Undergraduate,59.12,66.0,Galaxy_Zoo,Biodiversity,0.435,6.880000000000003,True
V04783,P173,3,6,Secondary,54.3,59.12,eBird,Biochemistry,0.67,4.82,False
V04784,P185,15,9,Secondary,50.19,63.57,eBird,Biochemistry,0.708,13.380000000000003,False
V04785,P143,9,11,Graduate,80.22,83.61,Zooniverse,Public_Health,0.442,3.3900000000000006,False
V04786,P104,10,7,Undergraduate,70.31,80.73,eBird,Climate,0.621,10.420000000000002,False
V04787,P160,19,13,Self-taught,53.06,61.56,eBird,Climate,0.758,8.5,True
V04788,P181,17,2,Undergraduate,54.68,56.85,Zooniverse,Astronomy,0.503,2.1700000000000017,False
V04789,P231,16,9,Secondary,66.5,71.63,Foldit,Biodiversity,0.56,5.1299999999999955,False
V04790,P228,6,6,Undergraduate,65.0,69.55,iNaturalist,Biochemistry,0.562,4.549999999999997,False
V04791,P187,12,1,Teacher,75.5,75.42,Galaxy_Zoo,Biochemistry,0.294,-0.0799999999999983,False
V04792,P261,15,12,Undergraduate,67.51,76.43,SciStarter,Biodiversity,0.571,8.920000000000002,True
V04793,P243,1,3,Graduate,68.38,72.48,SciStarter,Ecology,0.524,4.1000000000000085,False
V04794,P038,38,9,Self-taught,58.63,62.48,eBird,Ecology,0.498,3.8499999999999943,False
V04795,P283,13,10,Undergraduate,61.81,67.5,SciStarter,Biodiversity,0.339,5.689999999999998,False
V04796,P260,15,4,Secondary,41.44,44.23,Galaxy_Zoo,Public_Health,0.426,2.789999999999999,False
V04797,P088,2,17,Graduate,86.92,97.56,eBird,Public_Health,0.635,10.64,True
V04798,P008,11,6,Self-taught,48.39,49.63,Galaxy_Zoo,Public_Health,0.428,1.240000000000002,False
V04799,P169,3,8,Secondary,50.9,57.88,Zooniverse,Biochemistry,0.544,6.980000000000004,False
V04800,P119,2,6,Graduate,72.66,77.42,eBird,Climate,0.739,4.760000000000005,False
V04801,P216,22,15,Teacher,66.86,78.75,iNaturalist,Climate,0.64,11.89,True
V04802,P147,2,4,Undergraduate,63.11,63.53,Galaxy_Zoo,Biochemistry,0.351,0.4200000000000017,False
V04803,P025,11,8,Graduate,77.57,80.82,Galaxy_Zoo,Public_Health,0.442,3.25,False
V04804,P068,27,16,Graduate,70.21,77.44,iNaturalist,Biodiversity,0.585,7.230000000000004,True
V04805,P257,26,4,Graduate,64.33,72.48,Foldit,Astronomy,0.35,8.150000000000006,False
V04806,P013,21,11,Graduate,74.1,82.24,Zooniverse,Ecology,0.406,8.14,False
V04807,P210,5,11,Self-taught,53.11,59.68,Galaxy_Zoo,Astronomy,0.329,6.57,False
V04808,P080,26,13,Undergraduate,52.27,61.81,Galaxy_Zoo,Climate,0.383,9.54,True
V04809,P125,2,2,Undergraduate,54.7,58.63,Zooniverse,Biochemistry,0.488,3.9299999999999997,False
V04810,P147,3,10,Graduate,69.19,71.96,Galaxy_Zoo,Biochemistry,0.351,2.769999999999996,False
V04811,P069,13,4,Teacher,82.29,80.92,SciStarter,Climate,0.56,-1.3700000000000045,False
V04812,P183,22,15,Undergraduate,62.35,70.39,eBird,Biodiversity,0.553,8.04,True
V04813,P197,11,11,Graduate,64.25,73.48,Zooniverse,Ecology,0.387,9.230000000000004,False
V04814,P028,13,11,Graduate,75.92,82.65,Zooniverse,Biodiversity,0.452,6.730000000000004,False
V04815,P102,25,7,Self-taught,53.84,60.45,Galaxy_Zoo,Ecology,0.373,6.609999999999999,False
V04816,P214,7,15,Secondary,54.99,63.31,SciStarter,Biodiversity,0.397,8.32,True
V04817,P205,13,22,Self-taught,68.97,80.53,eBird,Biodiversity,0.846,11.560000000000002,True
V04818,P151,1,9,Graduate,76.5,77.22,eBird,Biodiversity,0.671,0.7199999999999989,False
V04819,P225,11,5,Graduate,77.84,83.57,eBird,Public_Health,0.583,5.72999999999999,False
V04820,P033,3,4,Secondary,52.9,57.88,Galaxy_Zoo,Public_Health,0.158,4.980000000000004,False
V04821,P036,55,7,Secondary,57.69,63.57,Zooniverse,Biodiversity,0.411,5.880000000000003,False
V04822,P185,15,17,Undergraduate,51.1,61.26,eBird,Biochemistry,0.708,10.159999999999997,True
V04823,P197,8,5,Undergraduate,65.86,70.01,Zooniverse,Ecology,0.387,4.150000000000006,False
V04824,P235,11,5,Undergraduate,63.94,63.39,Foldit,Biochemistry,0.482,-0.5499999999999972,False
V04825,P050,27,7,Secondary,63.36,63.33,Galaxy_Zoo,Biodiversity,0.435,-0.030000000000001137,False
V04826,P144,38,9,Self-taught,38.68,44.74,Zooniverse,Biodiversity,0.458,6.060000000000002,False
V04827,P186,64,9,Secondary,48.04,55.83,Foldit,Climate,0.567,7.789999999999999,False
V04828,P064,2,11,Secondary,35.82,40.15,SciStarter,Ecology,0.388,4.329999999999998,False
V04829,P144,102,14,Secondary,61.08,70.42,Zooniverse,Biodiversity,0.458,9.340000000000003,True
V04830,P179,16,9,Graduate,57.39,60.78,Foldit,Biodiversity,0.428,3.3900000000000006,False
V04831,P061,35,20,Undergraduate,77.08,85.67,Zooniverse,Public_Health,0.445,8.590000000000003,True
V04832,P103,9,5,Undergraduate,63.88,67.05,SciStarter,Public_Health,0.285,3.1699999999999946,False
V04833,P062,4,2,Graduate,60.28,61.39,SciStarter,Biochemistry,0.407,1.1099999999999994,False
V04834,P264,9,10,Undergraduate,61.32,71.25,Zooniverse,Biodiversity,0.4,9.93,False
V04835,P066,25,9,Secondary,56.14,66.74,iNaturalist,Astronomy,0.531,10.599999999999994,False
V04836,P036,55,9,Undergraduate,56.77,66.76,Zooniverse,Biodiversity,0.411,9.990000000000002,False
V04837,P011,19,8,Undergraduate,71.03,78.44,eBird,Public_Health,0.836,7.409999999999997,False
V04838,P016,31,7,Teacher,70.45,74.54,eBird,Biochemistry,0.627,4.090000000000003,False
V04839,P052,13,5,Self-taught,60.17,65.31,iNaturalist,Biodiversity,0.477,5.140000000000001,False
V04840,P170,35,2,Secondary,46.02,50.65,Zooniverse,Biochemistry,0.478,4.6299999999999955,False
V04841,P007,3,8,Teacher,70.97,70.9,Galaxy_Zoo,Biochemistry,0.319,-0.06999999999999318,False
V04842,P078,15,9,Teacher,73.13,83.17,eBird,Ecology,0.658,10.040000000000006,False
V04843,P019,21,6,Graduate,80.12,80.23,eBird,Biochemistry,0.526,0.10999999999999943,False
V04844,P109,7,7,Self-taught,52.51,58.86,iNaturalist,Climate,0.497,6.350000000000001,False
V04845,P017,8,4,Undergraduate,57.72,66.3,Galaxy_Zoo,Climate,0.448,8.579999999999998,False
V04846,P170,12,17,Graduate,66.02,76.98,Zooniverse,Biochemistry,0.478,10.960000000000008,True
V04847,P195,13,11,Undergraduate,61.09,71.32,SciStarter,Biodiversity,0.38,10.22999999999999,False
V04848,P209,19,16,Teacher,69.85,75.93,Zooniverse,Ecology,0.416,6.0800000000000125,True
V04849,P064,12,17,Secondary,48.13,57.11,SciStarter,Ecology,0.388,8.979999999999997,True
V04850,P252,6,10,Undergraduate,56.66,67.51,Galaxy_Zoo,Ecology,0.446,10.850000000000009,False
V04851,P196,29,14,Undergraduate,61.61,59.64,Foldit,Biodiversity,0.531,-1.9699999999999989,True
V04852,P018,3,5,Secondary,48.1,48.99,Zooniverse,Biochemistry,0.451,0.8900000000000006,False
V04853,P120,39,4,Undergraduate,48.26,52.47,Galaxy_Zoo,Climate,0.338,4.210000000000001,False
V04854,P222,13,8,Secondary,47.44,53.1,Galaxy_Zoo,Astronomy,0.474,5.660000000000004,False
V04855,P085,2,10,Undergraduate,56.0,63.02,iNaturalist,Biochemistry,0.542,7.020000000000003,False
V04856,P104,17,12,Secondary,55.33,61.17,eBird,Climate,0.621,5.840000000000003,True
V04857,P175,12,5,Undergraduate,59.97,70.09,Galaxy_Zoo,Astronomy,0.482,10.120000000000005,False
V04858,P018,19,8,Self-taught,56.93,63.76,Zooniverse,Biochemistry,0.451,6.829999999999998,False
V04859,P287,9,14,Graduate,79.63,83.71,Zooniverse,Astronomy,0.507,4.079999999999998,True
V04860,P049,8,11,Secondary,57.62,63.4,eBird,Ecology,0.78,5.780000000000001,False
V04861,P009,40,14,Undergraduate,61.84,77.83,iNaturalist,Astronomy,0.507,15.989999999999995,True
V04862,P002,52,15,Teacher,76.49,85.16,Galaxy_Zoo,Ecology,0.35,8.670000000000002,True
V04863,P108,10,5,Undergraduate,57.35,64.61,Zooniverse,Public_Health,0.423,7.259999999999998,False
V04864,P257,12,6,Secondary,58.44,64.7,Foldit,Astronomy,0.35,6.260000000000005,False
V04865,P237,11,6,Undergraduate,60.56,66.02,Zooniverse,Public_Health,0.556,5.459999999999994,False
V04866,P266,15,12,Teacher,70.61,75.22,Foldit,Ecology,0.585,4.609999999999999,True
V04867,P148,31,16,Self-taught,59.0,60.65,Foldit,Ecology,0.362,1.6499999999999986,True
V04868,P124,3,8,Teacher,79.05,83.69,Galaxy_Zoo,Public_Health,0.336,4.640000000000001,False
V04869,P105,6,8,Secondary,49.69,54.63,Galaxy_Zoo,Ecology,0.364,4.940000000000005,False
V04870,P017,9,13,Self-taught,41.25,48.51,Galaxy_Zoo,Climate,0.448,7.259999999999998,True
V04871,P265,10,10,Teacher,79.54,86.28,Zooniverse,Ecology,0.494,6.739999999999995,False
V04872,P139,5,17,Undergraduate,64.92,69.18,Galaxy_Zoo,Biochemistry,0.428,4.260000000000005,True
V04873,P126,3,14,Undergraduate,76.58,84.02,eBird,Ecology,0.627,7.439999999999998,True
V04874,P143,13,10,Undergraduate,79.59,86.33,Zooniverse,Public_Health,0.442,6.739999999999995,False
V04875,P228,14,4,Undergraduate,52.66,54.22,iNaturalist,Biochemistry,0.562,1.5600000000000023,False
V04876,P064,3,7,Undergraduate,70.14,73.66,SciStarter,Ecology,0.388,3.519999999999996,False
V04877,P201,8,6,Undergraduate,72.68,77.59,eBird,Biodiversity,0.592,4.909999999999997,False
V04878,P201,6,15,Teacher,60.25,69.68,eBird,Biodiversity,0.592,9.430000000000007,True
V04879,P247,5,3,Self-taught,67.63,70.77,SciStarter,Biodiversity,0.442,3.1400000000000006,False
V04880,P004,14,8,Self-taught,52.84,65.38,iNaturalist,Public_Health,0.533,12.539999999999992,False
V04881,P048,23,3,Secondary,34.98,43.05,Zooniverse,Astronomy,0.437,8.07,False
V04882,P130,13,5,Secondary,49.17,52.6,iNaturalist,Climate,0.557,3.4299999999999997,False
V04883,P247,12,5,Undergraduate,45.96,52.41,SciStarter,Biodiversity,0.442,6.449999999999996,False
V04884,P286,1,14,Graduate,67.21,71.58,Galaxy_Zoo,Biochemistry,0.416,4.3700000000000045,True
V04885,P164,5,11,Undergraduate,61.4,68.71,eBird,Astronomy,0.622,7.309999999999995,False
V04886,P061,12,11,Self-taught,49.36,53.77,Zooniverse,Public_Health,0.445,4.410000000000004,False
V04887,P050,38,7,Self-taught,48.49,54.77,Galaxy_Zoo,Biodiversity,0.435,6.280000000000001,False
V04888,P179,11,16,Graduate,66.85,75.64,Foldit,Biodiversity,0.428,8.790000000000006,True
V04889,P061,51,4,Graduate,74.89,76.14,Zooniverse,Public_Health,0.445,1.25,False
V04890,P153,6,7,Undergraduate,61.19,69.6,SciStarter,Astronomy,0.411,8.409999999999997,False
V04891,P241,13,10,Graduate,62.42,72.58,Galaxy_Zoo,Ecology,0.434,10.159999999999997,False
V04892,P107,9,14,Secondary,41.47,54.0,iNaturalist,Ecology,0.511,12.530000000000001,True
V04893,P103,17,7,Secondary,41.82,49.29,SciStarter,Public_Health,0.285,7.469999999999999,False
V04894,P012,23,14,Undergraduate,54.92,58.7,Zooniverse,Astronomy,0.451,3.780000000000001,True
V04895,P070,2,18,Undergraduate,56.88,63.02,eBird,Biodiversity,0.641,6.140000000000001,True
V04896,P198,14,8,Secondary,43.83,52.39,eBird,Biodiversity,0.702,8.560000000000002,False
V04897,P099,4,9,Graduate,81.04,86.36,iNaturalist,Astronomy,0.335,5.319999999999993,False
V04898,P047,5,28,Undergraduate,54.97,68.11,eBird,Public_Health,0.734,13.14,True
V04899,P033,3,5,Undergraduate,74.95,75.29,Galaxy_Zoo,Public_Health,0.158,0.3400000000000034,False
V04900,P030,3,11,Secondary,49.27,59.43,Zooniverse,Biochemistry,0.599,10.159999999999997,False
V04901,P185,4,10,Secondary,51.46,57.79,eBird,Biochemistry,0.708,6.329999999999998,False
V04902,P171,12,2,Self-taught,49.1,52.86,eBird,Biochemistry,0.62,3.759999999999998,False
V04903,P144,33,20,Secondary,41.0,53.0,Zooniverse,Biodiversity,0.458,12.0,True
V04904,P141,21,2,Graduate,55.82,59.51,Zooniverse,Astronomy,0.382,3.6899999999999977,False
V04905,P045,9,7,Self-taught,56.0,56.59,eBird,Ecology,0.63,0.5900000000000034,False
V04906,P141,15,6,Undergraduate,63.25,68.39,Zooniverse,Astronomy,0.382,5.140000000000001,False
V04907,P019,31,13,Secondary,37.69,44.41,eBird,Biochemistry,0.526,6.719999999999999,True
V04908,P274,6,7,Undergraduate,67.85,75.93,iNaturalist,Public_Health,0.53,8.080000000000013,False
V04909,P019,8,11,Secondary,54.49,57.91,eBird,Biochemistry,0.526,3.4199999999999946,False
V04910,P116,32,6,Undergraduate,67.75,68.48,Zooniverse,Public_Health,0.39,0.730000000000004,False
V04911,P001,4,15,Undergraduate,48.54,58.19,Zooniverse,Public_Health,0.458,9.649999999999999,True
V04912,P228,24,8,Undergraduate,60.63,69.91,iNaturalist,Biochemistry,0.562,9.279999999999994,False
V04913,P048,11,9,Self-taught,52.86,62.77,Zooniverse,Astronomy,0.437,9.910000000000004,False
V04914,P273,9,14,Undergraduate,51.37,58.02,SciStarter,Ecology,0.481,6.650000000000006,True
V04915,P016,14,13,Undergraduate,65.92,72.39,eBird,Biochemistry,0.627,6.469999999999999,True
V04916,P237,20,21,Secondary,42.45,53.26,Zooniverse,Public_Health,0.556,10.809999999999995,True
V04917,P185,4,5,Secondary,48.59,53.88,eBird,Biochemistry,0.708,5.289999999999999,False
V04918,P068,21,15,Teacher,68.55,79.79,iNaturalist,Biodiversity,0.585,11.240000000000009,True
V04919,P059,12,9,Graduate,63.84,71.59,Zooniverse,Biodiversity,0.462,7.75,False
V04920,P098,7,3,Self-taught,58.25,64.51,Zooniverse,Ecology,0.459,6.260000000000005,False
V04921,P240,26,7,Self-taught,51.9,55.72,Zooniverse,Biochemistry,0.343,3.8200000000000003,False
V04922,P250,2,13,Undergraduate,69.17,79.28,iNaturalist,Climate,0.574,10.11,True
V04923,P049,18,14,Undergraduate,59.53,69.61,eBird,Ecology,0.78,10.079999999999998,True
V04924,P096,7,7,Undergraduate,58.63,64.36,iNaturalist,Biochemistry,0.473,5.729999999999997,False
V04925,P066,13,4,Self-taught,52.23,59.31,iNaturalist,Astronomy,0.531,7.080000000000005,False
V04926,P037,13,12,Undergraduate,56.63,63.51,iNaturalist,Ecology,0.562,6.8799999999999955,True
V04927,P181,6,17,Self-taught,65.57,73.19,Zooniverse,Astronomy,0.503,7.6200000000000045,True
V04928,P095,3,6,Secondary,44.59,49.61,eBird,Public_Health,0.512,5.019999999999996,False
V04929,P064,6,11,Undergraduate,62.79,69.79,SciStarter,Ecology,0.388,7.000000000000007,False
V04930,P251,4,8,Graduate,66.61,69.7,iNaturalist,Public_Health,0.53,3.0900000000000034,False
V04931,P216,10,9,Secondary,46.48,53.51,iNaturalist,Climate,0.64,7.030000000000001,False
V04932,P225,18,9,Undergraduate,52.91,55.1,eBird,Public_Health,0.583,2.190000000000005,False
V04933,P013,17,3,Secondary,53.93,58.51,Zooniverse,Ecology,0.406,4.579999999999998,False
V04934,P268,10,11,Secondary,36.14,40.38,Galaxy_Zoo,Climate,0.302,4.240000000000002,False
V04935,P160,1,26,Undergraduate,62.44,74.31,eBird,Climate,0.758,11.870000000000005,True
V04936,P142,6,16,Undergraduate,55.38,68.37,iNaturalist,Public_Health,0.57,12.990000000000002,True
V04937,P004,33,17,Self-taught,61.47,73.75,iNaturalist,Public_Health,0.533,12.280000000000001,True
V04938,P263,7,12,Secondary,45.75,51.68,eBird,Ecology,0.699,5.93,True
V04939,P151,6,5,Self-taught,63.84,66.35,eBird,Biodiversity,0.671,2.509999999999991,False
V04940,P239,11,3,Secondary,59.49,65.2,Galaxy_Zoo,Biochemistry,0.361,5.710000000000001,False
V04941,P185,1,10,Graduate,65.62,72.5,eBird,Biochemistry,0.708,6.8799999999999955,False
V04942,P230,10,20,Undergraduate,67.44,75.04,eBird,Climate,0.585,7.6000000000000085,True
V04943,P197,17,7,Secondary,45.44,52.54,Zooniverse,Ecology,0.387,7.100000000000001,False
V04944,P272,45,9,Self-taught,52.54,58.01,eBird,Climate,0.533,5.469999999999999,False
V04945,P064,2,5,Teacher,79.08,88.24,SciStarter,Ecology,0.388,9.159999999999997,False
V04946,P059,3,12,Teacher,78.12,85.85,Zooniverse,Biodiversity,0.462,7.72999999999999,True
V04947,P201,3,16,Graduate,64.08,74.7,eBird,Biodiversity,0.592,10.620000000000005,True
V04948,P141,21,7,Secondary,42.21,48.66,Zooniverse,Astronomy,0.382,6.449999999999996,False
V04949,P166,6,4,Self-taught,53.91,62.18,Foldit,Public_Health,0.414,8.270000000000003,False
V04950,P201,1,8,Graduate,64.48,69.69,eBird,Biodiversity,0.592,5.209999999999994,False
V04951,P151,3,13,Self-taught,48.44,61.59,eBird,Biodiversity,0.671,13.150000000000006,True
V04952,P228,1,20,Graduate,86.74,97.52,iNaturalist,Biochemistry,0.562,10.780000000000001,True
V04953,P088,1,6,Undergraduate,65.92,73.53,eBird,Public_Health,0.635,7.609999999999999,False
V04954,P250,9,10,Self-taught,46.45,52.38,iNaturalist,Climate,0.574,5.93,False
V04955,P033,5,7,Undergraduate,64.35,70.23,Galaxy_Zoo,Public_Health,0.158,5.88000000000001,False
V04956,P177,4,6,Graduate,68.47,74.94,Galaxy_Zoo,Public_Health,0.257,6.469999999999999,False
V04957,P259,1,12,Self-taught,60.3,71.12,eBird,Ecology,0.541,10.820000000000007,True
V04958,P070,36,9,Undergraduate,44.03,49.98,eBird,Biodiversity,0.641,5.949999999999996,False
V04959,P091,18,18,Teacher,65.22,77.22,eBird,Biochemistry,0.558,12.0,True
V04960,P085,1,26,Undergraduate,46.71,57.32,iNaturalist,Biochemistry,0.542,10.61,True
V04961,P157,26,7,Self-taught,86.94,92.65,Galaxy_Zoo,Ecology,0.421,5.710000000000008,False
V04962,P113,7,3,Secondary,27.66,34.61,Zooniverse,Biodiversity,0.53,6.949999999999999,False
V04963,P033,11,8,Secondary,53.4,58.13,Galaxy_Zoo,Public_Health,0.158,4.730000000000004,False
V04964,P260,20,6,Undergraduate,57.16,64.01,Galaxy_Zoo,Public_Health,0.426,6.8500000000000085,False
V04965,P060,28,4,Self-taught,48.59,54.67,SciStarter,Ecology,0.385,6.079999999999998,False
V04966,P148,44,6,Undergraduate,67.04,70.47,Foldit,Ecology,0.362,3.4299999999999926,False
V04967,P164,16,12,Undergraduate,59.96,67.5,eBird,Astronomy,0.622,7.539999999999999,True
V04968,P015,12,13,Secondary,58.3,61.27,Foldit,Astronomy,0.477,2.970000000000006,True
V04969,P030,7,4,Secondary,57.59,59.83,Zooniverse,Biochemistry,0.599,2.239999999999995,False
V04970,P287,15,13,Secondary,36.61,42.89,Zooniverse,Astronomy,0.507,6.280000000000001,True
V04971,P187,12,16,Secondary,51.38,58.1,Galaxy_Zoo,Biochemistry,0.294,6.719999999999999,True
V04972,P011,1,17,Secondary,46.96,56.93,eBird,Public_Health,0.836,9.969999999999999,True
V04973,P228,16,11,Self-taught,67.52,70.92,iNaturalist,Biochemistry,0.562,3.4000000000000057,False
V04974,P143,13,6,Self-taught,51.59,61.07,Zooniverse,Public_Health,0.442,9.479999999999997,False
V04975,P025,14,7,Secondary,61.34,66.49,Galaxy_Zoo,Public_Health,0.442,5.1499999999999915,False
V04976,P194,13,8,Graduate,74.58,86.9,eBird,Ecology,0.57,12.320000000000007,False
V04977,P140,24,11,Teacher,65.14,73.73,iNaturalist,Climate,0.625,8.590000000000003,False
V04978,P060,14,4,Undergraduate,60.52,62.2,SciStarter,Ecology,0.385,1.6799999999999997,False
V04979,P256,15,19,Secondary,41.49,53.1,SciStarter,Astronomy,0.408,11.61,True
V04980,P080,4,9,Graduate,74.46,79.06,Galaxy_Zoo,Climate,0.383,4.6000000000000085,False
V04981,P078,9,13,Self-taught,67.16,75.11,eBird,Ecology,0.658,7.950000000000003,True
V04982,P074,2,8,Secondary,50.42,57.79,Zooniverse,Biochemistry,0.286,7.369999999999997,False
V04983,P222,22,14,Graduate,71.15,80.46,Galaxy_Zoo,Astronomy,0.474,9.309999999999988,True
V04984,P200,7,8,Secondary,62.46,66.4,Zooniverse,Biodiversity,0.485,3.940000000000005,False
V04985,P264,8,15,Graduate,77.32,85.38,Zooniverse,Biodiversity,0.4,8.060000000000002,True
V04986,P065,68,8,Secondary,55.98,61.14,eBird,Biodiversity,0.645,5.160000000000004,False
V04987,P228,1,17,Graduate,72.65,78.24,iNaturalist,Biochemistry,0.562,5.589999999999989,True
V04988,P160,11,8,Undergraduate,60.49,68.63,eBird,Climate,0.758,8.139999999999993,False
V04989,P085,7,4,Undergraduate,57.62,62.65,iNaturalist,Biochemistry,0.542,5.030000000000001,False
V04990,P011,1,24,Secondary,57.68,70.59,eBird,Public_Health,0.836,12.910000000000004,True
V04991,P237,24,18,Undergraduate,54.45,60.21,Zooniverse,Public_Health,0.556,5.759999999999998,True
V04992,P066,9,6,Self-taught,53.05,62.06,iNaturalist,Astronomy,0.531,9.010000000000005,False
V04993,P176,11,11,Graduate,69.38,79.44,Foldit,Astronomy,0.641,10.060000000000002,False
V04994,P151,2,12,Secondary,46.05,51.05,eBird,Biodiversity,0.671,5.0,True
V04995,P001,13,10,Self-taught,59.88,66.72,Zooniverse,Public_Health,0.458,6.839999999999996,False
V04996,P296,30,13,Secondary,45.14,54.81,Zooniverse,Climate,0.401,9.670000000000002,True
V04997,P235,2,7,Graduate,62.31,65.87,Foldit,Biochemistry,0.482,3.5600000000000023,False
V04998,P136,20,2,Secondary,61.7,60.94,Galaxy_Zoo,Biochemistry,0.391,-0.7600000000000051,False
V04999,P194,14,2,Undergraduate,62.97,65.95,eBird,Ecology,0.57,2.980000000000004,False
V05000,P133,1,7,Secondary,50.87,59.66,iNaturalist,Climate,0.5,8.79,False
