polymer,variant,day,weight_remaining_pct,weight_loss_pct,apparent_k_h,strategy_note
PLA,Standard,0.0,100.0,0.0,4.6491865320303434e-05,baseline
PLA,Standard,2.0391061452513966,99.99052026452743,0.009479735472567086,4.6491865320303434e-05,baseline
PLA,Standard,4.078212290502793,99.98104142770873,0.018958572291268183,4.6491865320303434e-05,baseline
PLA,Standard,6.117318435754189,99.97156348945867,0.028436510541325788,4.6491865320303434e-05,baseline
PLA,Standard,8.156424581005586,99.96208644969208,0.03791355030791976,4.6491865320303434e-05,baseline
PLA,Standard,10.195530726256983,99.9526103083238,0.04738969167620155,4.6491865320303434e-05,baseline
PLA,Standard,12.234636871508378,99.94313506526865,0.05686493473135101,4.6491865320303434e-05,baseline
PLA,Standard,14.273743016759775,99.93366072044148,0.06633927955851959,4.6491865320303434e-05,baseline
PLA,Standard,16.312849162011172,99.92418727375713,0.07581272624287294,4.6491865320303434e-05,baseline
PLA,Standard,18.351955307262568,99.91471472513047,0.08528527486953408,4.6491865320303434e-05,baseline
PLA,Standard,20.391061452513966,99.90524307447637,0.09475692552362602,4.6491865320303434e-05,baseline
PLA,Standard,22.43016759776536,99.89577232170969,0.10422767829031443,4.6491865320303434e-05,baseline
PLA,Standard,24.469273743016757,99.88630246674532,0.11369753325467968,4.6491865320303434e-05,baseline
PLA,Standard,26.508379888268156,99.87683350949814,0.12316649050185902,4.6491865320303434e-05,baseline
PLA,Standard,28.54748603351955,99.86736544988307,0.13263455011693281,4.6491865320303434e-05,baseline
PLA,Standard,30.58659217877095,99.857898287815,0.14210171218499568,4.6491865320303434e-05,baseline
PLA,Standard,32.625698324022345,99.84843202320887,0.151567976791128,4.6491865320303434e-05,baseline
PLA,Standard,34.66480446927374,99.83896665597956,0.16103334402043856,4.6491865320303434e-05,baseline
PLA,Standard,36.703910614525135,99.82950218604203,0.17049781395796515,4.6491865320303434e-05,baseline
PLA,Standard,38.74301675977654,99.82003861331123,0.17996138668877393,4.6491865320303434e-05,baseline
PLA,Standard,40.78212290502793,99.81057593770207,0.18942406229793107,4.6491865320303434e-05,baseline
PLA,Standard,42.82122905027933,99.80111415912954,0.19888584087046013,4.6491865320303434e-05,baseline
PLA,Standard,44.86033519553072,99.79165327750859,0.20834672249141306,4.6491865320303434e-05,baseline
PLA,Standard,46.89944134078212,99.78219329275419,0.2178067072458134,4.6491865320303434e-05,baseline
PLA,Standard,48.938547486033514,99.77273420478132,0.22726579521868473,4.6491865320303434e-05,baseline
PLA,Standard,50.977653631284916,99.76327601350495,0.23672398649505055,4.6491865320303434e-05,baseline
PLA,Standard,53.01675977653631,99.75381871884011,0.2461812811598918,4.6491865320303434e-05,baseline
PLA,Standard,55.055865921787706,99.7443623207018,0.2556376792982036,4.6491865320303434e-05,baseline
PLA,Standard,57.0949720670391,99.734906819005,0.26509318099499524,4.6491865320303434e-05,baseline
PLA,Standard,59.1340782122905,99.72545221366474,0.2745477863352619,4.6491865320303434e-05,baseline
PLA,Standard,61.1731843575419,99.71599850459609,0.2840014954039134,4.6491865320303434e-05,baseline
PLA,Standard,63.212290502793294,99.70654569171403,0.2934543082859733,4.6491865320303434e-05,baseline
PLA,Standard,65.25139664804469,99.69709377493362,0.3029062250663799,4.6491865320303434e-05,baseline
PLA,Standard,67.29050279329608,99.68764275416993,0.3123572458300714,4.6491865320303434e-05,baseline
PLA,Standard,69.32960893854748,99.67819262933799,0.3218073706620146,4.6491865320303434e-05,baseline
PLA,Standard,71.36871508379888,99.6687434003529,0.3312565996471051,4.6491865320303434e-05,baseline
PLA,Standard,73.40782122905027,99.65929506712973,0.34070493287026693,4.6491865320303434e-05,baseline
PLA,Standard,75.44692737430167,99.64984762958355,0.35015237041645264,4.6491865320303434e-05,baseline
PLA,Standard,77.48603351955308,99.64040108762944,0.35959891237055785,4.6491865320303434e-05,baseline
PLA,Standard,79.52513966480447,99.63095544118255,0.3690445588174498,4.6491865320303434e-05,baseline
PLA,Standard,81.56424581005587,99.62151069015793,0.37848930984206675,4.6491865320303434e-05,baseline
PLA,Standard,83.60335195530726,99.61206683447074,0.3879331655292617,4.6491865320303434e-05,baseline
PLA,Standard,85.64245810055866,99.60262387403608,0.39737612596391614,4.6491865320303434e-05,baseline
PLA,Standard,87.68156424581005,99.59318180876909,0.40681819123091145,4.6491865320303434e-05,baseline
PLA,Standard,89.72067039106145,99.5837406385849,0.41625936141510067,4.6491865320303434e-05,baseline
PLA,Standard,91.75977653631284,99.57430036339869,0.4256996366013084,4.6491865320303434e-05,baseline
PLA,Standard,93.79888268156424,99.56486098312558,0.43513901687441603,4.6491865320303434e-05,baseline
PLA,Standard,95.83798882681563,99.55542249768075,0.4445775023192482,4.6491865320303434e-05,baseline
PLA,Standard,97.87709497206703,99.54598490697938,0.45401509302061527,4.6491865320303434e-05,baseline
PLA,Standard,99.91620111731844,99.53654821093664,0.46345178906335605,4.6491865320303434e-05,baseline
PLA,Standard,101.95530726256983,99.52711240946773,0.4728875905322667,4.6491865320303434e-05,baseline
PLA,Standard,103.99441340782123,99.51767750248784,0.4823224975121576,4.6491865320303434e-05,baseline
PLA,Standard,106.03351955307262,99.50824348991218,0.49175651008782495,4.6491865320303434e-05,baseline
PLA,Standard,108.07262569832402,99.49881037165594,0.5011896283440649,4.6491865320303434e-05,baseline
PLA,Standard,110.11173184357541,99.48937814763435,0.5106218523656452,4.6491865320303434e-05,baseline
PLA,Standard,112.15083798882681,99.47994681776267,0.5200531822373335,4.6491865320303434e-05,baseline
PLA,Standard,114.1899441340782,99.4705163819561,0.5294836180438978,4.6491865320303434e-05,baseline
PLA,Standard,116.2290502793296,99.4610868401299,0.5389131598701056,4.6491865320303434e-05,baseline
PLA,Standard,118.268156424581,99.4516581921993,0.5483418078006963,4.6491865320303434e-05,baseline
PLA,Standard,120.3072625698324,99.44223043807962,0.5577695619203809,4.6491865320303434e-05,baseline
PLA,Standard,122.3463687150838,99.43280357768607,0.567196422313927,4.6491865320303434e-05,baseline
PLA,Standard,124.3854748603352,99.42337761093395,0.5766223890660456,4.6491865320303434e-05,baseline
PLA,Standard,126.42458100558659,99.41395253773855,0.5860474622614475,4.6491865320303434e-05,baseline
PLA,Standard,128.46368715083798,99.40452835801517,0.5954716419848296,4.6491865320303434e-05,baseline
PLA,Standard,130.50279329608938,99.39510507167908,0.6048949283209168,4.6491865320303434e-05,baseline
PLA,Standard,132.54189944134077,99.38568267864561,0.6143173213543918,4.6491865320303434e-05,baseline
PLA,Standard,134.58100558659217,99.37626117883008,0.6237388211699226,4.6491865320303434e-05,baseline
PLA,Standard,136.62011173184356,99.3668405721478,0.6331594278522061,4.6491865320303434e-05,baseline
PLA,Standard,138.65921787709496,99.35742085851412,0.6425791414858821,4.6491865320303434e-05,baseline
PLA,Standard,140.69832402234636,99.34800203784437,0.6519979621556331,4.6491865320303434e-05,baseline
PLA,Standard,142.73743016759775,99.3385841100539,0.6614158899460989,4.6491865320303434e-05,baseline
PLA,Standard,144.77653631284915,99.3291670750581,0.6708329249419052,4.6491865320303434e-05,baseline
PLA,Standard,146.81564245810054,99.31975093277227,0.6802490672277344,4.6491865320303434e-05,baseline
PLA,Standard,148.85474860335194,99.31033568311184,0.6896643168881553,4.6491865320303434e-05,baseline
PLA,Standard,150.89385474860333,99.30092132599216,0.6990786740078363,4.6491865320303434e-05,baseline
PLA,Standard,152.93296089385476,99.29150786132864,0.7084921386713603,4.6491865320303434e-05,baseline
PLA,Standard,154.97206703910615,99.28209528903668,0.7179047109633245,4.6491865320303434e-05,baseline
PLA,Standard,157.01117318435755,99.27268360903166,0.7273163909683404,4.6491865320303434e-05,baseline
PLA,Standard,159.05027932960894,99.26327282122901,0.736727178770991,4.6491865320303434e-05,baseline
PLA,Standard,161.08938547486034,99.25386292554414,0.7461370744558593,4.6491865320303434e-05,baseline
PLA,Standard,163.12849162011173,99.2444539218925,0.7555460781074999,4.6491865320303434e-05,baseline
PLA,Standard,165.16759776536313,99.23504581018953,0.7649541898104673,4.6491865320303434e-05,baseline
PLA,Standard,167.20670391061452,99.22563859035064,0.7743614096493587,4.6491865320303434e-05,baseline
PLA,Standard,169.24581005586592,99.21623226229131,0.7837677377086862,4.6491865320303434e-05,baseline
PLA,Standard,171.2849162011173,99.20682682592701,0.7931731740729902,4.6491865320303434e-05,baseline
PLA,Standard,173.3240223463687,99.1974222811732,0.8025777188267966,4.6491865320303434e-05,baseline
PLA,Standard,175.3631284916201,99.18801862794534,0.8119813720546603,4.6491865320303434e-05,baseline
PLA,Standard,177.4022346368715,99.17861586615894,0.8213841338410646,4.6491865320303434e-05,baseline
PLA,Standard,179.4413407821229,99.16921399572948,0.8307860042705215,4.6491865320303434e-05,baseline
PLA,Standard,181.4804469273743,99.15981301657246,0.840186983427543,4.6491865320303434e-05,baseline
PLA,Standard,183.51955307262568,99.1504129286034,0.8495870713965985,4.6491865320303434e-05,baseline
PLA,Standard,185.55865921787708,99.14101373173781,0.8589862682621856,4.6491865320303434e-05,baseline
PLA,Standard,187.59776536312847,99.13161542589124,0.8683845741087595,4.6491865320303434e-05,baseline
PLA,Standard,189.63687150837987,99.12221801097918,0.8777819890208178,4.6491865320303434e-05,baseline
PLA,Standard,191.67597765363126,99.1128214869172,0.8871785130828016,4.6491865320303434e-05,baseline
PLA,Standard,193.71508379888266,99.10342585362085,0.8965741463791517,4.6491865320303434e-05,baseline
PLA,Standard,195.75418994413405,99.09403111100569,0.9059688889943089,4.6491865320303434e-05,baseline
PLA,Standard,197.79329608938548,99.08463725898726,0.9153627410127427,4.6491865320303434e-05,baseline
PLA,Standard,199.83240223463687,99.07524429748116,0.9247557025188371,4.6491865320303434e-05,baseline
PLA,Standard,201.87150837988827,99.06585222640297,0.9341477735970329,4.6491865320303434e-05,baseline
PLA,Standard,203.91061452513966,99.05646104566827,0.9435389543317285,4.6491865320303434e-05,baseline
PLA,Standard,205.94972067039106,99.04707075519266,0.9529292448073363,4.6491865320303434e-05,baseline
PLA,Standard,207.98882681564245,99.03768135489175,0.9623186451082546,4.6491865320303434e-05,baseline
PLA,Standard,210.02793296089385,99.02829284468115,0.9717071553188532,4.6491865320303434e-05,baseline
PLA,Standard,212.06703910614524,99.01890522447647,0.9810947755235304,4.6491865320303434e-05,baseline
PLA,Standard,214.10614525139664,99.00951849419337,0.9904815058066276,4.6491865320303434e-05,baseline
PLA,Standard,216.14525139664804,99.00013265374746,0.9998673462525431,4.6491865320303434e-05,baseline
PLA,Standard,218.18435754189943,98.99074770305441,1.00925229694559,4.6491865320303434e-05,baseline
PLA,Standard,220.22346368715083,98.98136364202983,1.0186363579701663,4.6491865320303434e-05,baseline
PLA,Standard,222.26256983240222,98.97198047058944,1.0280195294105567,4.6491865320303434e-05,baseline
PLA,Standard,224.30167597765362,98.96259818864888,1.037401811351117,4.6491865320303434e-05,baseline
PLA,Standard,226.340782122905,98.95321679612383,1.0467832038761742,4.6491865320303434e-05,baseline
PLA,Standard,228.3798882681564,98.94383629292996,1.0561637070700414,4.6491865320303434e-05,baseline
PLA,Standard,230.4189944134078,98.93445667898298,1.0655433210170173,4.6491865320303434e-05,baseline
PLA,Standard,232.4581005586592,98.9250779541986,1.0749220458014008,4.6491865320303434e-05,baseline
PLA,Standard,234.4972067039106,98.91570011849252,1.0842998815074765,4.6491865320303434e-05,baseline
PLA,Standard,236.536312849162,98.90632317178046,1.093676828219543,4.6491865320303434e-05,baseline
PLA,Standard,238.57541899441338,98.89694711397813,1.103052886021871,4.6491865320303434e-05,baseline
PLA,Standard,240.6145251396648,98.88757194500128,1.1124280549987162,4.6491865320303434e-05,baseline
PLA,Standard,242.6536312849162,98.87819766476566,1.1218023352343351,4.6491865320303434e-05,baseline
PLA,Standard,244.6927374301676,98.868824273187,1.131175726812998,4.6491865320303434e-05,baseline
PLA,Standard,246.731843575419,98.85945177018107,1.1405482298189327,4.6491865320303434e-05,baseline
PLA,Standard,248.7709497206704,98.85008015566365,1.1499198443363525,4.6491865320303434e-05,baseline
PLA,Standard,250.81005586592178,98.84070942955047,1.159290570449528,4.6491865320303434e-05,baseline
PLA,Standard,252.84916201117318,98.83133959175734,1.1686604082426584,4.6491865320303434e-05,baseline
PLA,Standard,254.88826815642457,98.82197064220006,1.178029357799943,4.6491865320303434e-05,baseline
PLA,Standard,256.92737430167597,98.8126025807944,1.1873974192055954,4.6491865320303434e-05,baseline
PLA,Standard,258.96648044692733,98.80323540745619,1.1967645925438148,4.6491865320303434e-05,baseline
PLA,Standard,261.00558659217876,98.79386912210123,1.2061308778987723,4.6491865320303434e-05,baseline
PLA,Standard,263.0446927374302,98.78450372464535,1.2154962753546528,4.6491865320303434e-05,baseline
PLA,Standard,265.08379888268155,98.77513921500437,1.2248607849956272,4.6491865320303434e-05,baseline
PLA,Standard,267.122905027933,98.76577559309413,1.2342244069058665,4.6491865320303434e-05,baseline
PLA,Standard,269.16201117318434,98.75641285883049,1.2435871411695132,4.6491865320303434e-05,baseline
PLA,Standard,271.20111731843576,98.74705101212928,1.2529489878707238,4.6491865320303434e-05,baseline
PLA,Standard,273.24022346368713,98.73769005290637,1.2623099470936268,4.6491865320303434e-05,baseline
PLA,Standard,275.27932960893855,98.72832998107764,1.2716700189223644,4.6491865320303434e-05,baseline
PLA,Standard,277.3184357541899,98.71897079655896,1.2810292034410367,4.6491865320303434e-05,baseline
PLA,Standard,279.35754189944134,98.70961249926621,1.290387500733786,4.6491865320303434e-05,baseline
PLA,Standard,281.3966480446927,98.70025508911529,1.2997449108847121,4.6491865320303434e-05,baseline
PLA,Standard,283.43575418994413,98.69089856602208,1.309101433977915,4.6491865320303434e-05,baseline
PLA,Standard,285.4748603351955,98.68154292990255,1.3184570700974518,4.6491865320303434e-05,baseline
PLA,Standard,287.5139664804469,98.67218818067255,1.3278118193274508,4.6491865320303434e-05,baseline
PLA,Standard,289.5530726256983,98.66283431824803,1.3371656817519693,4.6491865320303434e-05,baseline
PLA,Standard,291.5921787709497,98.65348134254492,1.3465186574550785,4.6491865320303434e-05,baseline
PLA,Standard,293.6312849162011,98.64412925347918,1.3558707465208215,4.6491865320303434e-05,baseline
PLA,Standard,295.6703910614525,98.63477805096674,1.3652219490332556,4.6491865320303434e-05,baseline
PLA,Standard,297.7094972067039,98.62542773492356,1.3745722650764378,4.6491865320303434e-05,baseline
PLA,Standard,299.7486033519553,98.6160783052656,1.383921694734397,4.6491865320303434e-05,baseline
PLA,Standard,301.78770949720666,98.60672976190885,1.393270238091148,4.6491865320303434e-05,baseline
PLA,Standard,303.8268156424581,98.59738210476928,1.4026178952307191,4.6491865320303434e-05,baseline
PLA,Standard,305.8659217877095,98.58803533376287,1.4119646662371252,4.6491865320303434e-05,baseline
PLA,Standard,307.9050279329609,98.57868944880565,1.4213105511943525,4.6491865320303434e-05,baseline
PLA,Standard,309.9441340782123,98.56934444981358,1.4306555501864153,4.6491865320303434e-05,baseline
PLA,Standard,311.98324022346367,98.5600003367027,1.4399996632973,4.6491865320303434e-05,baseline
PLA,Standard,314.0223463687151,98.55065710938902,1.4493428906109784,4.6491865320303434e-05,baseline
PLA,Standard,316.06145251396646,98.54131476778858,1.4586852322114225,4.6491865320303434e-05,baseline
PLA,Standard,318.1005586592179,98.53197331181741,1.46802668818259,4.6491865320303434e-05,baseline
PLA,Standard,320.13966480446925,98.52263274139156,1.4773672586084388,4.6491865320303434e-05,baseline
PLA,Standard,322.1787709497207,98.51329305642707,1.4867069435729263,4.6491865320303434e-05,baseline
PLA,Standard,324.21787709497204,98.50395425684,1.4960457431599963,4.6491865320303434e-05,baseline
PLA,Standard,326.25698324022346,98.49461634254645,1.5053836574535495,4.6491865320303434e-05,baseline
PLA,Standard,328.29608938547483,98.48527931346247,1.5147206865375296,4.6491865320303434e-05,baseline
PLA,Standard,330.33519553072625,98.47594316950413,1.5240568304958657,4.6491865320303434e-05,baseline
PLA,Standard,332.3743016759776,98.46660791058756,1.5333920894124446,4.6491865320303434e-05,baseline
PLA,Standard,334.41340782122904,98.45727353662883,1.5427264633711673,4.6491865320303434e-05,baseline
PLA,Standard,336.4525139664804,98.44794004754405,1.5520599524559486,4.6491865320303434e-05,baseline
PLA,Standard,338.49162011173183,98.43860744324937,1.5613925567506328,4.6491865320303434e-05,baseline
PLA,Standard,340.5307262569832,98.42927572366088,1.5707242763391207,4.6491865320303434e-05,baseline
PLA,Standard,342.5698324022346,98.41994488869472,1.5800551113052848,4.6491865320303434e-05,baseline
PLA,Standard,344.608938547486,98.41061493826703,1.589385061732969,4.6491865320303434e-05,baseline
PLA,Standard,346.6480446927374,98.40128587229395,1.598714127706046,4.6491865320303434e-05,baseline
PLA,Standard,348.68715083798884,98.39195769069167,1.6080423093083311,4.6491865320303434e-05,baseline
PLA,Standard,350.7262569832402,98.38263039337632,1.617369606623683,4.6491865320303434e-05,baseline
PLA,Standard,352.76536312849163,98.37330398026407,1.626696019735931,4.6491865320303434e-05,baseline
PLA,Standard,354.804469273743,98.36397845127112,1.636021548728877,4.6491865320303434e-05,baseline
PLA,Standard,356.8435754189944,98.35465380631365,1.6453461936863505,4.6491865320303434e-05,baseline
PLA,Standard,358.8826815642458,98.34533004530786,1.6546699546921388,4.6491865320303434e-05,baseline
PLA,Standard,360.9217877094972,98.33600716816994,1.6639928318300576,4.6491865320303434e-05,baseline
PLA,Standard,362.9608938547486,98.32668517481613,1.6733148251838657,4.6491865320303434e-05,baseline
PLA,Standard,365.0,98.31736406516262,1.6826359348373785,4.6491865320303434e-05,baseline
PLA,High-D stereodefect,0.0,100.0,0.0,7.59078813246122e-05,higher D-unit content
PLA,High-D stereodefect,2.0391061452513966,99.98452277511785,0.015477224882147311,7.59078813246122e-05,higher D-unit content
PLA,High-D stereodefect,4.078212290502793,99.96904794568059,0.030952054319413946,7.59078813246122e-05,higher D-unit content
PLA,High-D stereodefect,6.117318435754189,99.95357551131748,0.04642448868251847,7.59078813246122e-05,higher D-unit content
PLA,High-D stereodefect,8.156424581005586,99.93810547165785,0.061894528342151034,7.59078813246122e-05,higher D-unit content
PLA,High-D stereodefect,10.195530726256983,99.92263782633103,0.07736217366897336,7.59078813246122e-05,higher D-unit content
PLA,High-D stereodefect,12.234636871508378,99.90717257496647,0.09282742503353347,7.59078813246122e-05,higher D-unit content
PLA,High-D stereodefect,14.273743016759775,99.89170971719363,0.10829028280636521,7.59078813246122e-05,higher D-unit content
PLA,High-D stereodefect,16.312849162011172,99.87624925264208,0.12375074735791713,7.59078813246122e-05,higher D-unit content
PLA,High-D stereodefect,18.351955307262568,99.86079118094138,0.1392088190586236,7.59078813246122e-05,higher D-unit content
PLA,High-D stereodefect,20.391061452513966,99.84533550172121,0.15466449827879103,7.59078813246122e-05,higher D-unit content
PLA,High-D stereodefect,22.43016759776536,99.82988221461126,0.17011778538874012,7.59078813246122e-05,higher D-unit content
PLA,High-D stereodefect,24.469273743016757,99.81443131924131,0.18556868075869204,7.59078813246122e-05,higher D-unit content
PLA,High-D stereodefect,26.508379888268156,99.79898281524119,0.20101718475881114,7.59078813246122e-05,higher D-unit content
PLA,High-D stereodefect,28.54748603351955,99.78353670224077,0.21646329775923334,7.59078813246122e-05,higher D-unit content
PLA,High-D stereodefect,30.58659217877095,99.76809297987,0.2319070201299951,7.59078813246122e-05,higher D-unit content
PLA,High-D stereodefect,32.625698324022345,99.75265164775887,0.24734835224113283,7.59078813246122e-05,higher D-unit content
PLA,High-D stereodefect,34.66480446927374,99.73721270553743,0.2627872944625693,7.59078813246122e-05,higher D-unit content
PLA,High-D stereodefect,36.703910614525135,99.7217761528358,0.2782238471641989,7.59078813246122e-05,higher D-unit content
PLA,High-D stereodefect,38.74301675977654,99.70634198928414,0.29365801071585906,7.59078813246122e-05,higher D-unit content
PLA,High-D stereodefect,40.78212290502793,99.6909102145127,0.30908978548730204,7.59078813246122e-05,higher D-unit content
PLA,High-D stereodefect,42.82122905027933,99.67548082815173,0.32451917184826584,7.59078813246122e-05,higher D-unit content
PLA,High-D stereodefect,44.86033519553072,99.66005382983158,0.33994617016841744,7.59078813246122e-05,higher D-unit content
PLA,High-D stereodefect,46.89944134078212,99.64462921918266,0.3553707808173385,7.59078813246122e-05,higher D-unit content
PLA,High-D stereodefect,48.938547486033514,99.62920699583542,0.3707930041645824,7.59078813246122e-05,higher D-unit content
PLA,High-D stereodefect,50.977653631284916,99.61378715942037,0.38621284057963123,7.59078813246122e-05,higher D-unit content
PLA,High-D stereodefect,53.01675977653631,99.59836970956808,0.40163029043192466,7.59078813246122e-05,higher D-unit content
PLA,High-D stereodefect,55.055865921787706,99.58295464590915,0.4170453540908454,7.59078813246122e-05,higher D-unit content
PLA,High-D stereodefect,57.0949720670391,99.56754196807431,0.432458031925691,7.59078813246122e-05,higher D-unit content
PLA,High-D stereodefect,59.1340782122905,99.55213167569428,0.4478683243057162,7.59078813246122e-05,higher D-unit content
PLA,High-D stereodefect,61.1731843575419,99.53672376839987,0.4632762316001333,7.59078813246122e-05,higher D-unit content
PLA,High-D stereodefect,63.212290502793294,99.52131824582189,0.4786817541781119,7.59078813246122e-05,higher D-unit content
PLA,High-D stereodefect,65.25139664804469,99.5059151075913,0.4940848924086936,7.59078813246122e-05,higher D-unit content
PLA,High-D stereodefect,67.29050279329608,99.49051435333905,0.5094856466609485,7.59078813246122e-05,higher D-unit content
PLA,High-D stereodefect,69.32960893854748,99.47511598269617,0.5248840173038332,7.59078813246122e-05,higher D-unit content
PLA,High-D stereodefect,71.36871508379888,99.45971999529375,0.540280004706247,7.59078813246122e-05,higher D-unit content
PLA,High-D stereodefect,73.40782122905027,99.44432639076291,0.5556736092370897,7.59078813246122e-05,higher D-unit content
PLA,High-D stereodefect,75.44692737430167,99.42893516873487,0.571064831265133,7.59078813246122e-05,higher D-unit content
PLA,High-D stereodefect,77.48603351955308,99.41354632884088,0.58645367115912,7.59078813246122e-05,higher D-unit content
PLA,High-D stereodefect,79.52513966480447,99.39815987071223,0.6018401292877655,7.59078813246122e-05,higher D-unit content
PLA,High-D stereodefect,81.56424581005587,99.38277579398031,0.6172242060196851,7.59078813246122e-05,higher D-unit content
PLA,High-D stereodefect,83.60335195530726,99.36739409827655,0.6326059017234513,7.59078813246122e-05,higher D-unit content
PLA,High-D stereodefect,85.64245810055866,99.35201478323242,0.6479852167675801,7.59078813246122e-05,higher D-unit content
PLA,High-D stereodefect,87.68156424581005,99.33663784847947,0.6633621515205306,7.59078813246122e-05,higher D-unit content
PLA,High-D stereodefect,89.72067039106145,99.32126329364928,0.678736706350719,7.59078813246122e-05,higher D-unit content
PLA,High-D stereodefect,91.75977653631284,99.30589111837354,0.6941088816264624,7.59078813246122e-05,higher D-unit content
PLA,High-D stereodefect,93.79888268156424,99.29052132228391,0.709478677716092,7.59078813246122e-05,higher D-unit content
PLA,High-D stereodefect,95.83798882681563,99.2751539050122,0.7248460949877966,7.59078813246122e-05,higher D-unit content
PLA,High-D stereodefect,97.87709497206703,99.2597888661902,0.7402111338097939,7.59078813246122e-05,higher D-unit content
PLA,High-D stereodefect,99.91620111731844,99.24442620544984,0.755573794550159,7.59078813246122e-05,higher D-unit content
PLA,High-D stereodefect,101.95530726256983,99.22906592242302,0.7709340775769817,7.59078813246122e-05,higher D-unit content
PLA,High-D stereodefect,103.99441340782123,99.21370801674175,0.786291983258252,7.59078813246122e-05,higher D-unit content
PLA,High-D stereodefect,106.03351955307262,99.19835248803807,0.8016475119619315,7.59078813246122e-05,higher D-unit content
PLA,High-D stereodefect,108.07262569832402,99.1829993359441,0.8170006640558967,7.59078813246122e-05,higher D-unit content
PLA,High-D stereodefect,110.11173184357541,99.167648560092,0.8323514399079954,7.59078813246122e-05,higher D-unit content
PLA,High-D stereodefect,112.15083798882681,99.15230016011401,0.8476998398859905,7.59078813246122e-05,higher D-unit content
PLA,High-D stereodefect,114.1899441340782,99.13695413564241,0.8630458643575878,7.59078813246122e-05,higher D-unit content
PLA,High-D stereodefect,116.2290502793296,99.1216104863095,0.8783895136904931,7.59078813246122e-05,higher D-unit content
PLA,High-D stereodefect,118.268156424581,99.10626921174773,0.8937307882522703,7.59078813246122e-05,higher D-unit content
PLA,High-D stereodefect,120.3072625698324,99.09093031158952,0.909069688410483,7.59078813246122e-05,higher D-unit content
PLA,High-D stereodefect,122.3463687150838,99.07559378546738,0.924406214532624,7.59078813246122e-05,higher D-unit content
PLA,High-D stereodefect,124.3854748603352,99.06025963301386,0.9397403669861433,7.59078813246122e-05,higher D-unit content
PLA,High-D stereodefect,126.42458100558659,99.04492785386162,0.9550721461383773,7.59078813246122e-05,higher D-unit content
PLA,High-D stereodefect,128.46368715083798,99.02959844764331,0.9704015523566909,7.59078813246122e-05,higher D-unit content
PLA,High-D stereodefect,130.50279329608938,99.01427141399166,0.9857285860083351,7.59078813246122e-05,higher D-unit content
PLA,High-D stereodefect,132.54189944134077,98.9989467525395,1.0010532474605043,7.59078813246122e-05,higher D-unit content
PLA,High-D stereodefect,134.58100558659217,98.98362446291964,1.0163755370803642,7.59078813246122e-05,higher D-unit content
PLA,High-D stereodefect,136.62011173184356,98.968304544765,1.0316954552349955,7.59078813246122e-05,higher D-unit content
PLA,High-D stereodefect,138.65921787709496,98.95298699770856,1.0470130022914361,7.59078813246122e-05,higher D-unit content
PLA,High-D stereodefect,140.69832402234636,98.9376718213833,1.0623281786166956,7.59078813246122e-05,higher D-unit content
PLA,High-D stereodefect,142.73743016759775,98.92235901542234,1.0776409845776556,7.59078813246122e-05,higher D-unit content
PLA,High-D stereodefect,144.77653631284915,98.90704857945879,1.0929514205412119,7.59078813246122e-05,higher D-unit content
PLA,High-D stereodefect,146.81564245810054,98.89174051312585,1.1082594868741467,7.59078813246122e-05,higher D-unit content
PLA,High-D stereodefect,148.85474860335194,98.87643481605676,1.1235651839432421,7.59078813246122e-05,higher D-unit content
PLA,High-D stereodefect,150.89385474860333,98.86113148788482,1.138868512115181,7.59078813246122e-05,higher D-unit content
PLA,High-D stereodefect,152.93296089385476,98.8458305282434,1.1541694717566031,7.59078813246122e-05,higher D-unit content
PLA,High-D stereodefect,154.97206703910615,98.8305319367659,1.1694680632341061,7.59078813246122e-05,higher D-unit content
PLA,High-D stereodefect,157.01117318435755,98.81523571308581,1.184764286914188,7.59078813246122e-05,higher D-unit content
PLA,High-D stereodefect,159.05027932960894,98.79994185683667,1.2000581431633321,7.59078813246122e-05,higher D-unit content
PLA,High-D stereodefect,161.08938547486034,98.78465036765205,1.2153496323479516,7.59078813246122e-05,higher D-unit content
PLA,High-D stereodefect,163.12849162011173,98.7693612451656,1.230638754834402,7.59078813246122e-05,higher D-unit content
PLA,High-D stereodefect,165.16759776536313,98.75407448901102,1.2459255109889824,7.59078813246122e-05,higher D-unit content
PLA,High-D stereodefect,167.20670391061452,98.73879009882207,1.261209901177935,7.59078813246122e-05,higher D-unit content
PLA,High-D stereodefect,169.24581005586592,98.72350807423254,1.2764919257674592,7.59078813246122e-05,higher D-unit content
PLA,High-D stereodefect,171.2849162011173,98.70822841487634,1.291771585123655,7.59078813246122e-05,higher D-unit content
PLA,High-D stereodefect,173.3240223463687,98.69295112038738,1.3070488796126227,7.59078813246122e-05,higher D-unit content
PLA,High-D stereodefect,175.3631284916201,98.67767619039964,1.3223238096003627,7.59078813246122e-05,higher D-unit content
PLA,High-D stereodefect,177.4022346368715,98.66240362454717,1.3375963754528328,7.59078813246122e-05,higher D-unit content
PLA,High-D stereodefect,179.4413407821229,98.64713342246405,1.3528665775359485,7.59078813246122e-05,higher D-unit content
PLA,High-D stereodefect,181.4804469273743,98.63186558378446,1.3681344162155398,7.59078813246122e-05,higher D-unit content
PLA,High-D stereodefect,183.51955307262568,98.61660010814259,1.3833998918574082,7.59078813246122e-05,higher D-unit content
PLA,High-D stereodefect,185.55865921787708,98.60133699517272,1.3986630048272843,7.59078813246122e-05,higher D-unit content
PLA,High-D stereodefect,187.59776536312847,98.58607624450917,1.4139237554908277,7.59078813246122e-05,higher D-unit content
PLA,High-D stereodefect,189.63687150837987,98.5708178557863,1.4291821442136978,7.59078813246122e-05,higher D-unit content
PLA,High-D stereodefect,191.67597765363126,98.55556182863859,1.444438171361412,7.59078813246122e-05,higher D-unit content
PLA,High-D stereodefect,193.71508379888266,98.5403081627005,1.459691837299502,7.59078813246122e-05,higher D-unit content
PLA,High-D stereodefect,195.75418994413405,98.52505685760659,1.474943142393414,7.59078813246122e-05,higher D-unit content
PLA,High-D stereodefect,197.79329608938548,98.50980791299146,1.4901920870085377,7.59078813246122e-05,higher D-unit content
PLA,High-D stereodefect,199.83240223463687,98.4945613284898,1.5054386715102055,7.59078813246122e-05,higher D-unit content
PLA,High-D stereodefect,201.87150837988827,98.47931710373629,1.5206828962637076,7.59078813246122e-05,higher D-unit content
PLA,High-D stereodefect,203.91061452513966,98.46407523836574,1.5359247616342628,7.59078813246122e-05,higher D-unit content
PLA,High-D stereodefect,205.94972067039106,98.44883573201295,1.5511642679870477,7.59078813246122e-05,higher D-unit content
PLA,High-D stereodefect,207.98882681564245,98.43359858431285,1.566401415687153,7.59078813246122e-05,higher D-unit content
PLA,High-D stereodefect,210.02793296089385,98.41836379490036,1.5816362050996418,7.59078813246122e-05,higher D-unit content
PLA,High-D stereodefect,212.06703910614524,98.40313136341048,1.5968686365895195,7.59078813246122e-05,higher D-unit content
PLA,High-D stereodefect,214.10614525139664,98.38790128947828,1.612098710521721,7.59078813246122e-05,higher D-unit content
PLA,High-D stereodefect,216.14525139664804,98.37267357273888,1.6273264272611243,7.59078813246122e-05,higher D-unit content
PLA,High-D stereodefect,218.18435754189943,98.35744821282744,1.6425517871725646,7.59078813246122e-05,higher D-unit content
PLA,High-D stereodefect,220.22346368715083,98.34222520937918,1.6577747906208202,7.59078813246122e-05,higher D-unit content
PLA,High-D stereodefect,222.26256983240222,98.3270045620294,1.6729954379705987,7.59078813246122e-05,higher D-unit content
PLA,High-D stereodefect,224.30167597765362,98.31178627041346,1.6882137295865363,7.59078813246122e-05,higher D-unit content
PLA,High-D stereodefect,226.340782122905,98.29657033416672,1.7034296658332835,7.59078813246122e-05,higher D-unit content
PLA,High-D stereodefect,228.3798882681564,98.28135675292465,1.7186432470753488,7.59078813246122e-05,higher D-unit content
PLA,High-D stereodefect,230.4189944134078,98.26614552632277,1.7338544736772263,7.59078813246122e-05,higher D-unit content
PLA,High-D stereodefect,232.4581005586592,98.25093665399663,1.7490633460033678,7.59078813246122e-05,higher D-unit content
PLA,High-D stereodefect,234.4972067039106,98.23573013558187,1.7642698644181252,7.59078813246122e-05,higher D-unit content
PLA,High-D stereodefect,236.536312849162,98.22052597071416,1.7794740292858364,7.59078813246122e-05,higher D-unit content
PLA,High-D stereodefect,238.57541899441338,98.20532415902925,1.7946758409707542,7.59078813246122e-05,higher D-unit content
PLA,High-D stereodefect,240.6145251396648,98.1901247001629,1.8098752998371026,7.59078813246122e-05,higher D-unit content
PLA,High-D stereodefect,242.6536312849162,98.17492759375098,1.8250724062490207,7.59078813246122e-05,higher D-unit content
PLA,High-D stereodefect,244.6927374301676,98.15973283942941,1.8402671605705905,7.59078813246122e-05,higher D-unit content
PLA,High-D stereodefect,246.731843575419,98.14454043683412,1.85545956316588,7.59078813246122e-05,higher D-unit content
PLA,High-D stereodefect,248.7709497206704,98.12935038560116,1.8706496143988431,7.59078813246122e-05,higher D-unit content
PLA,High-D stereodefect,250.81005586592178,98.11416268536658,1.8858373146334202,7.59078813246122e-05,higher D-unit content
PLA,High-D stereodefect,252.84916201117318,98.09897733576652,1.90102266423348,7.59078813246122e-05,higher D-unit content
PLA,High-D stereodefect,254.88826815642457,98.08379433643717,1.9162056635628346,7.59078813246122e-05,higher D-unit content
PLA,High-D stereodefect,256.92737430167597,98.06861368701477,1.9313863129852251,7.59078813246122e-05,higher D-unit content
PLA,High-D stereodefect,258.96648044692733,98.05343538713561,1.9465646128643925,7.59078813246122e-05,higher D-unit content
PLA,High-D stereodefect,261.00558659217876,98.03825943643606,1.9617405635639358,7.59078813246122e-05,higher D-unit content
PLA,High-D stereodefect,263.0446927374302,98.02308583455255,1.9769141654474538,7.59078813246122e-05,higher D-unit content
PLA,High-D stereodefect,265.08379888268155,98.0079145811215,1.9920854188785029,7.59078813246122e-05,higher D-unit content
PLA,High-D stereodefect,267.122905027933,97.99274567577947,2.0072543242205256,7.59078813246122e-05,higher D-unit content
PLA,High-D stereodefect,269.16201117318434,97.97757911816302,2.022420881836979,7.59078813246122e-05,higher D-unit content
PLA,High-D stereodefect,271.20111731843576,97.96241490790882,2.0375850920911773,7.59078813246122e-05,higher D-unit content
PLA,High-D stereodefect,273.24022346368713,97.94725304465354,2.052746955346464,7.59078813246122e-05,higher D-unit content
PLA,High-D stereodefect,275.27932960893855,97.93209352803392,2.067906471966083,7.59078813246122e-05,higher D-unit content
PLA,High-D stereodefect,277.3184357541899,97.91693635768678,2.0830636423132205,7.59078813246122e-05,higher D-unit content
PLA,High-D stereodefect,279.35754189944134,97.901781533249,2.098218466751007,7.59078813246122e-05,higher D-unit content
PLA,High-D stereodefect,281.3966480446927,97.88662905435744,2.113370945642558,7.59078813246122e-05,higher D-unit content
PLA,High-D stereodefect,283.43575418994413,97.87147892064915,2.128521079350847,7.59078813246122e-05,higher D-unit content
PLA,High-D stereodefect,285.4748603351955,97.8563311317611,2.1436688682389047,7.59078813246122e-05,higher D-unit content
PLA,High-D stereodefect,287.5139664804469,97.84118568733041,2.158814312669591,7.59078813246122e-05,higher D-unit content
PLA,High-D stereodefect,289.5530726256983,97.82604258699422,2.1739574130057804,7.59078813246122e-05,higher D-unit content
PLA,High-D stereodefect,291.5921787709497,97.81090183038972,2.1890981696102756,7.59078813246122e-05,higher D-unit content
PLA,High-D stereodefect,293.6312849162011,97.79576341715416,2.2042365828458372,7.59078813246122e-05,higher D-unit content
PLA,High-D stereodefect,295.6703910614525,97.78062734692486,2.2193726530751405,7.59078813246122e-05,higher D-unit content
PLA,High-D stereodefect,297.7094972067039,97.76549361933921,2.2345063806607897,7.59078813246122e-05,higher D-unit content
PLA,High-D stereodefect,299.7486033519553,97.75036223403458,2.249637765965417,7.59078813246122e-05,higher D-unit content
PLA,High-D stereodefect,301.78770949720666,97.7352331906485,2.2647668093514994,7.59078813246122e-05,higher D-unit content
PLA,High-D stereodefect,303.8268156424581,97.72010648881849,2.2798935111815126,7.59078813246122e-05,higher D-unit content
PLA,High-D stereodefect,305.8659217877095,97.70498212818212,2.295017871817876,7.59078813246122e-05,higher D-unit content
PLA,High-D stereodefect,307.9050279329609,97.68986010837708,2.3101398916229243,7.59078813246122e-05,higher D-unit content
PLA,High-D stereodefect,309.9441340782123,97.67474042904104,2.3252595709589627,7.59078813246122e-05,higher D-unit content
PLA,High-D stereodefect,311.98324022346367,97.65962308981177,2.340376910188226,7.59078813246122e-05,higher D-unit content
PLA,High-D stereodefect,314.0223463687151,97.64450809032711,2.3554919096728923,7.59078813246122e-05,higher D-unit content
PLA,High-D stereodefect,316.06145251396646,97.62939543022489,2.370604569775111,7.59078813246122e-05,higher D-unit content
PLA,High-D stereodefect,318.1005586592179,97.61428510914307,2.3857148908569314,7.59078813246122e-05,higher D-unit content
PLA,High-D stereodefect,320.13966480446925,97.59917712671961,2.40082287328039,7.59078813246122e-05,higher D-unit content
PLA,High-D stereodefect,322.1787709497207,97.58407148259258,2.4159285174074228,7.59078813246122e-05,higher D-unit content
PLA,High-D stereodefect,324.21787709497204,97.56896817640005,2.4310318235999517,7.59078813246122e-05,higher D-unit content
PLA,High-D stereodefect,326.25698324022346,97.5538672077802,2.4461327922197995,7.59078813246122e-05,higher D-unit content
PLA,High-D stereodefect,328.29608938547483,97.53876857637121,2.4612314236287887,7.59078813246122e-05,higher D-unit content
PLA,High-D stereodefect,330.33519553072625,97.52367228181136,2.4763277181886423,7.59078813246122e-05,higher D-unit content
PLA,High-D stereodefect,332.3743016759776,97.50857832373896,2.491421676261041,7.59078813246122e-05,higher D-unit content
PLA,High-D stereodefect,334.41340782122904,97.4934867017924,2.5065132982075937,7.59078813246122e-05,higher D-unit content
PLA,High-D stereodefect,336.4525139664804,97.47839741561012,2.521602584389882,7.59078813246122e-05,higher D-unit content
PLA,High-D stereodefect,338.49162011173183,97.46331046483057,2.5366895351694296,7.59078813246122e-05,higher D-unit content
PLA,High-D stereodefect,340.5307262569832,97.44822584909234,2.5517741509076615,7.59078813246122e-05,higher D-unit content
PLA,High-D stereodefect,342.5698324022346,97.43314356803401,2.566856431965988,7.59078813246122e-05,higher D-unit content
PLA,High-D stereodefect,344.608938547486,97.41806362129422,2.5819363787057767,7.59078813246122e-05,higher D-unit content
PLA,High-D stereodefect,346.6480446927374,97.40298600851173,2.597013991488268,7.59078813246122e-05,higher D-unit content
PLA,High-D stereodefect,348.68715083798884,97.38791072932524,2.6120892706747583,7.59078813246122e-05,higher D-unit content
PLA,High-D stereodefect,350.7262569832402,97.37283778337364,2.6271622166263597,7.59078813246122e-05,higher D-unit content
PLA,High-D stereodefect,352.76536312849163,97.35776717029577,2.642232829704227,7.59078813246122e-05,higher D-unit content
PLA,High-D stereodefect,354.804469273743,97.34269888973058,2.6573011102694153,7.59078813246122e-05,higher D-unit content
PLA,High-D stereodefect,356.8435754189944,97.32763294131705,2.6723670586829513,7.59078813246122e-05,higher D-unit content
PLA,High-D stereodefect,358.8826815642458,97.31256932469424,2.6874306753057624,7.59078813246122e-05,higher D-unit content
PLA,High-D stereodefect,360.9217877094972,97.29750803950125,2.7024919604987474,7.59078813246122e-05,higher D-unit content
PLA,High-D stereodefect,362.9608938547486,97.28244908537725,2.7175509146227483,7.59078813246122e-05,higher D-unit content
PLA,High-D stereodefect,365.0,97.26739246196145,2.7326075380385504,7.59078813246122e-05,higher D-unit content
PLA,Nucleated high crystallinity,0.0,100.0,0.0,2.013709396687119e-05,nucleating agent
PLA,Nucleated high crystallinity,2.0391061452513966,99.99589391709635,0.004106082903646779,2.013709396687119e-05,nucleating agent
PLA,Nucleated high crystallinity,4.078212290502793,99.99178800279188,0.008211997208121602,2.013709396687119e-05,nucleating agent
PLA,Nucleated high crystallinity,6.117318435754189,99.98768225707964,0.012317742920359365,2.013709396687119e-05,nucleating agent
PLA,Nucleated high crystallinity,8.156424581005586,99.98357667995275,0.016423320047252332,2.013709396687119e-05,nucleating agent
PLA,Nucleated high crystallinity,10.195530726256983,99.97947127140424,0.020528728595763823,2.013709396687119e-05,nucleating agent
PLA,Nucleated high crystallinity,12.234636871508378,99.9753660314272,0.024633968572800313,2.013709396687119e-05,nucleating agent
PLA,Nucleated high crystallinity,14.273743016759775,99.97126096001475,0.028739039985254067,2.013709396687119e-05,nucleating agent
PLA,Nucleated high crystallinity,16.312849162011172,99.9671560571599,0.03284394284010261,2.013709396687119e-05,nucleating agent
PLA,Nucleated high crystallinity,18.351955307262568,99.96305132285578,0.03694867714422401,2.013709396687119e-05,nucleating agent
PLA,Nucleated high crystallinity,20.391061452513966,99.95894675709546,0.041053242904538934,2.013709396687119e-05,nucleating agent
PLA,Nucleated high crystallinity,22.43016759776536,99.954842359872,0.0451576401279965,2.013709396687119e-05,nucleating agent
PLA,Nucleated high crystallinity,24.469273743016757,99.9507381311785,0.049261868821503185,2.013709396687119e-05,nucleating agent
PLA,Nucleated high crystallinity,26.508379888268156,99.94663407100802,0.05336592899197967,2.013709396687119e-05,nucleating agent
PLA,Nucleated high crystallinity,28.54748603351955,99.94253017935367,0.05746982064633244,2.013709396687119e-05,nucleating agent
PLA,Nucleated high crystallinity,30.58659217877095,99.9384264562085,0.06157354379149638,2.013709396687119e-05,nucleating agent
PLA,Nucleated high crystallinity,32.625698324022345,99.93432290156562,0.06567709843437797,2.013709396687119e-05,nucleating agent
PLA,Nucleated high crystallinity,34.66480446927374,99.93021951541809,0.0697804845819121,2.013709396687119e-05,nucleating agent
PLA,Nucleated high crystallinity,36.703910614525135,99.92611629775898,0.07388370224101948,2.013709396687119e-05,nucleating agent
PLA,Nucleated high crystallinity,38.74301675977654,99.92201324858141,0.07798675141859235,2.013709396687119e-05,nucleating agent
PLA,Nucleated high crystallinity,40.78212290502793,99.91791036787843,0.08208963212156561,2.013709396687119e-05,nucleating agent
PLA,Nucleated high crystallinity,42.82122905027933,99.91380765564314,0.08619234435685996,2.013709396687119e-05,nucleating agent
PLA,Nucleated high crystallinity,44.86033519553072,99.9097051118686,0.09029488813139608,2.013709396687119e-05,nucleating agent
PLA,Nucleated high crystallinity,46.89944134078212,99.90560273654793,0.09439726345206623,2.013709396687119e-05,nucleating agent
PLA,Nucleated high crystallinity,48.938547486033514,99.90150052967418,0.09849947032581952,2.013709396687119e-05,nucleating agent
PLA,Nucleated high crystallinity,50.977653631284916,99.89739849124045,0.10260150875954821,2.013709396687119e-05,nucleating agent
PLA,Nucleated high crystallinity,53.01675977653631,99.89329662123983,0.106703378760173,2.013709396687119e-05,nucleating agent
PLA,Nucleated high crystallinity,55.055865921787706,99.88919491966537,0.11080508033462877,2.013709396687119e-05,nucleating agent
PLA,Nucleated high crystallinity,57.0949720670391,99.88509338651018,0.11490661348982201,2.013709396687119e-05,nucleating agent
PLA,Nucleated high crystallinity,59.1340782122905,99.88099202176736,0.11900797823264497,2.013709396687119e-05,nucleating agent
PLA,Nucleated high crystallinity,61.1731843575419,99.87689082542997,0.12310917457003256,2.013709396687119e-05,nucleating agent
PLA,Nucleated high crystallinity,63.212290502793294,99.8727897974911,0.12721020250890547,2.013709396687119e-05,nucleating agent
PLA,Nucleated high crystallinity,65.25139664804469,99.86868893794382,0.13131106205618437,2.013709396687119e-05,nucleating agent
PLA,Nucleated high crystallinity,67.29050279329608,99.86458824678125,0.13541175321874732,2.013709396687119e-05,nucleating agent
PLA,Nucleated high crystallinity,69.32960893854748,99.86048772399644,0.13951227600355764,2.013709396687119e-05,nucleating agent
PLA,Nucleated high crystallinity,71.36871508379888,99.85638736958252,0.14361263041747918,2.013709396687119e-05,nucleating agent
PLA,Nucleated high crystallinity,73.40782122905027,99.85228718353254,0.14771281646746104,2.013709396687119e-05,nucleating agent
PLA,Nucleated high crystallinity,75.44692737430167,99.84818716583959,0.1518128341604097,2.013709396687119e-05,nucleating agent
PLA,Nucleated high crystallinity,77.48603351955308,99.84408731649678,0.1559126835032174,2.013709396687119e-05,nucleating agent
PLA,Nucleated high crystallinity,79.52513966480447,99.83998763549718,0.16001236450281908,2.013709396687119e-05,nucleating agent
PLA,Nucleated high crystallinity,81.56424581005587,99.83588812283388,0.1641118771661212,2.013709396687119e-05,nucleating agent
PLA,Nucleated high crystallinity,83.60335195530726,99.83178877849997,0.1682112215000302,2.013709396687119e-05,nucleating agent
PLA,Nucleated high crystallinity,85.64245810055866,99.82768960248853,0.17231039751146682,2.013709396687119e-05,nucleating agent
PLA,Nucleated high crystallinity,87.68156424581005,99.82359059479266,0.1764094052073375,2.013709396687119e-05,nucleating agent
PLA,Nucleated high crystallinity,89.72067039106145,99.81949175540545,0.18050824459454873,2.013709396687119e-05,nucleating agent
PLA,Nucleated high crystallinity,91.75977653631284,99.81539308431998,0.1846069156800212,2.013709396687119e-05,nucleating agent
PLA,Nucleated high crystallinity,93.79888268156424,99.81129458152934,0.18870541847066136,2.013709396687119e-05,nucleating agent
PLA,Nucleated high crystallinity,95.83798882681563,99.80719624702662,0.1928037529733757,2.013709396687119e-05,nucleating agent
PLA,Nucleated high crystallinity,97.87709497206703,99.80309808080492,0.19690191919508493,2.013709396687119e-05,nucleating agent
PLA,Nucleated high crystallinity,99.91620111731844,99.79900008285732,0.20099991714268128,2.013709396687119e-05,nucleating agent
PLA,Nucleated high crystallinity,101.95530726256983,99.79490225317691,0.20509774682308546,2.013709396687119e-05,nucleating agent
PLA,Nucleated high crystallinity,103.99441340782123,99.79080459175678,0.20919540824321814,2.013709396687119e-05,nucleating agent
PLA,Nucleated high crystallinity,106.03351955307262,99.78670709859003,0.2132929014099716,2.013709396687119e-05,nucleating agent
PLA,Nucleated high crystallinity,108.07262569832402,99.78260977366975,0.2173902263302523,2.013709396687119e-05,nucleating agent
PLA,Nucleated high crystallinity,110.11173184357541,99.77851261698902,0.22148738301098092,2.013709396687119e-05,nucleating agent
PLA,Nucleated high crystallinity,112.15083798882681,99.77441562854095,0.22558437145904975,2.013709396687119e-05,nucleating agent
PLA,Nucleated high crystallinity,114.1899441340782,99.77031880831862,0.22968119168137946,2.013709396687119e-05,nucleating agent
PLA,Nucleated high crystallinity,116.2290502793296,99.76622215631511,0.23377784368489074,2.013709396687119e-05,nucleating agent
PLA,Nucleated high crystallinity,118.268156424581,99.76212567252354,0.23787432747646164,2.013709396687119e-05,nucleating agent
PLA,Nucleated high crystallinity,120.3072625698324,99.75802935693699,0.24197064306301286,2.013709396687119e-05,nucleating agent
PLA,Nucleated high crystallinity,122.3463687150838,99.75393320954855,0.24606679045145086,2.013709396687119e-05,nucleating agent
PLA,Nucleated high crystallinity,124.3854748603352,99.74983723035132,0.2501627696486821,2.013709396687119e-05,nucleating agent
PLA,Nucleated high crystallinity,126.42458100558659,99.7457414193384,0.2542585806615989,2.013709396687119e-05,nucleating agent
PLA,Nucleated high crystallinity,128.46368715083798,99.74164577650286,0.2583542234971361,2.013709396687119e-05,nucleating agent
PLA,Nucleated high crystallinity,130.50279329608938,99.73755030183781,0.262449698162186,2.013709396687119e-05,nucleating agent
PLA,Nucleated high crystallinity,132.54189944134077,99.73345499533637,0.26654500466362663,2.013709396687119e-05,nucleating agent
PLA,Nucleated high crystallinity,134.58100558659217,99.72935985699158,0.2706401430084213,2.013709396687119e-05,nucleating agent
PLA,Nucleated high crystallinity,136.62011173184356,99.72526488679658,0.2747351132034197,2.013709396687119e-05,nucleating agent
PLA,Nucleated high crystallinity,138.65921787709496,99.72117008474446,0.27882991525554246,2.013709396687119e-05,nucleating agent
PLA,Nucleated high crystallinity,140.69832402234636,99.71707545082829,0.2829245491717103,2.013709396687119e-05,nucleating agent
PLA,Nucleated high crystallinity,142.73743016759775,99.7129809850412,0.2870190149588012,2.013709396687119e-05,nucleating agent
PLA,Nucleated high crystallinity,144.77653631284915,99.70888668737625,0.2911133126237502,2.013709396687119e-05,nucleating agent
PLA,Nucleated high crystallinity,146.81564245810054,99.70479255782656,0.2952074421734352,2.013709396687119e-05,nucleating agent
PLA,Nucleated high crystallinity,148.85474860335194,99.70069859638524,0.29930140361476276,2.013709396687119e-05,nucleating agent
PLA,Nucleated high crystallinity,150.89385474860333,99.69660480304536,0.30339519695463935,2.013709396687119e-05,nucleating agent
PLA,Nucleated high crystallinity,152.93296089385476,99.69251117780004,0.3074888221999572,2.013709396687119e-05,nucleating agent
PLA,Nucleated high crystallinity,154.97206703910615,99.68841772064235,0.31158227935765126,2.013709396687119e-05,nucleating agent
PLA,Nucleated high crystallinity,157.01117318435755,99.68432443156541,0.31567556843458533,2.013709396687119e-05,nucleating agent
PLA,Nucleated high crystallinity,159.05027932960894,99.6802313105623,0.3197686894376943,2.013709396687119e-05,nucleating agent
PLA,Nucleated high crystallinity,161.08938547486034,99.67613835762616,0.3238616423738421,2.013709396687119e-05,nucleating agent
PLA,Nucleated high crystallinity,163.12849162011173,99.67204557275005,0.3279544272499493,2.013709396687119e-05,nucleating agent
PLA,Nucleated high crystallinity,165.16759776536313,99.66795295592706,0.3320470440729366,2.013709396687119e-05,nucleating agent
PLA,Nucleated high crystallinity,167.20670391061452,99.66386050715033,0.33613949284966793,2.013709396687119e-05,nucleating agent
PLA,Nucleated high crystallinity,169.24581005586592,99.65976822641294,0.3402317735870639,2.013709396687119e-05,nucleating agent
PLA,Nucleated high crystallinity,171.2849162011173,99.65567611370798,0.3443238862920168,2.013709396687119e-05,nucleating agent
PLA,Nucleated high crystallinity,173.3240223463687,99.65158416902857,0.34841583097143314,2.013709396687119e-05,nucleating agent
PLA,Nucleated high crystallinity,175.3631284916201,99.64749239236778,0.35250760763221933,2.013709396687119e-05,nucleating agent
PLA,Nucleated high crystallinity,177.4022346368715,99.64340078371876,0.35659921628123925,2.013709396687119e-05,nucleating agent
PLA,Nucleated high crystallinity,179.4413407821229,99.63930934307457,0.3606906569254278,2.013709396687119e-05,nucleating agent
PLA,Nucleated high crystallinity,181.4804469273743,99.63521807042832,0.3647819295716772,2.013709396687119e-05,nucleating agent
PLA,Nucleated high crystallinity,183.51955307262568,99.63112696577313,0.36887303422686557,2.013709396687119e-05,nucleating agent
PLA,Nucleated high crystallinity,185.55865921787708,99.62703602910207,0.37296397089792777,2.013709396687119e-05,nucleating agent
PLA,Nucleated high crystallinity,187.59776536312847,99.62294526040829,0.37705473959171343,2.013709396687119e-05,nucleating agent
PLA,Nucleated high crystallinity,189.63687150837987,99.61885465968484,0.38114534031515745,2.013709396687119e-05,nucleating agent
PLA,Nucleated high crystallinity,191.67597765363126,99.61476422692485,0.3852357730751521,2.013709396687119e-05,nucleating agent
PLA,Nucleated high crystallinity,193.71508379888266,99.61067396212142,0.38932603787857545,2.013709396687119e-05,nucleating agent
PLA,Nucleated high crystallinity,195.75418994413405,99.60658386526767,0.39341613473233394,2.013709396687119e-05,nucleating agent
PLA,Nucleated high crystallinity,197.79329608938548,99.60249393635667,0.3975060636433341,2.013709396687119e-05,nucleating agent
PLA,Nucleated high crystallinity,199.83240223463687,99.59840417538153,0.4015958246184681,2.013709396687119e-05,nucleating agent
PLA,Nucleated high crystallinity,201.87150837988827,99.5943145823354,0.40568541766459987,2.013709396687119e-05,nucleating agent
PLA,Nucleated high crystallinity,203.91061452513966,99.59022515721134,0.4097748427886643,2.013709396687119e-05,nucleating agent
PLA,Nucleated high crystallinity,205.94972067039106,99.58613590000245,0.4138640999975536,2.013709396687119e-05,nucleating agent
PLA,Nucleated high crystallinity,207.98882681564245,99.58204681070187,0.41795318929813163,2.013709396687119e-05,nucleating agent
PLA,Nucleated high crystallinity,210.02793296089385,99.57795788930267,0.42204211069733333,2.013709396687119e-05,nucleating agent
PLA,Nucleated high crystallinity,212.06703910614524,99.57386913579798,0.4261308642020225,2.013709396687119e-05,nucleating agent
PLA,Nucleated high crystallinity,214.10614525139664,99.5697805501809,0.43021944981910565,2.013709396687119e-05,nucleating agent
PLA,Nucleated high crystallinity,216.14525139664804,99.56569213244452,0.434307867555475,2.013709396687119e-05,nucleating agent
PLA,Nucleated high crystallinity,218.18435754189943,99.56160388258198,0.43839611741802287,2.013709396687119e-05,nucleating agent
PLA,Nucleated high crystallinity,220.22346368715083,99.55751580058637,0.44248419941362727,2.013709396687119e-05,nucleating agent
PLA,Nucleated high crystallinity,222.26256983240222,99.55342788645079,0.4465721135492089,2.013709396687119e-05,nucleating agent
PLA,Nucleated high crystallinity,224.30167597765362,99.54934014016835,0.4506598598316458,2.013709396687119e-05,nucleating agent
PLA,Nucleated high crystallinity,226.340782122905,99.54525256173217,0.45474743826783026,2.013709396687119e-05,nucleating agent
PLA,Nucleated high crystallinity,228.3798882681564,99.54116515113535,0.45883484886465453,2.013709396687119e-05,nucleating agent
PLA,Nucleated high crystallinity,230.4189944134078,99.53707790837099,0.4629220916290109,2.013709396687119e-05,nucleating agent
PLA,Nucleated high crystallinity,232.4581005586592,99.5329908334322,0.4670091665678058,2.013709396687119e-05,nucleating agent
PLA,Nucleated high crystallinity,234.4972067039106,99.52890392631211,0.47109607368788886,2.013709396687119e-05,nucleating agent
PLA,Nucleated high crystallinity,236.536312849162,99.5248171870038,0.475182812996195,2.013709396687119e-05,nucleating agent
PLA,Nucleated high crystallinity,238.57541899441338,99.52073061550041,0.4792693844995881,2.013709396687119e-05,nucleating agent
PLA,Nucleated high crystallinity,240.6145251396648,99.51664421179503,0.4833557882049746,2.013709396687119e-05,nucleating agent
PLA,Nucleated high crystallinity,242.6536312849162,99.51255797588077,0.48744202411923254,2.013709396687119e-05,nucleating agent
PLA,Nucleated high crystallinity,244.6927374301676,99.50847190775075,0.4915280922492542,2.013709396687119e-05,nucleating agent
PLA,Nucleated high crystallinity,246.731843575419,99.50438600739805,0.49561399260194605,2.013709396687119e-05,nucleating agent
PLA,Nucleated high crystallinity,248.7709497206704,99.50030027481583,0.49969972518417194,2.013709396687119e-05,nucleating agent
PLA,Nucleated high crystallinity,250.81005586592178,99.49621470999716,0.5037852900028383,2.013709396687119e-05,nucleating agent
PLA,Nucleated high crystallinity,252.84916201117318,99.49212931293519,0.5078706870648091,2.013709396687119e-05,nucleating agent
PLA,Nucleated high crystallinity,254.88826815642457,99.48804408362301,0.5119559163769907,2.013709396687119e-05,nucleating agent
PLA,Nucleated high crystallinity,256.92737430167597,99.48395902205371,0.5160409779462896,2.013709396687119e-05,nucleating agent
PLA,Nucleated high crystallinity,258.96648044692733,99.47987412822044,0.5201258717795554,2.013709396687119e-05,nucleating agent
PLA,Nucleated high crystallinity,261.00558659217876,99.4757894021163,0.5242105978836946,2.013709396687119e-05,nucleating agent
PLA,Nucleated high crystallinity,263.0446927374302,99.4717048437344,0.5282951562655995,2.013709396687119e-05,nucleating agent
PLA,Nucleated high crystallinity,265.08379888268155,99.46762045306784,0.5323795469321624,2.013709396687119e-05,nucleating agent
PLA,Nucleated high crystallinity,267.122905027933,99.46353623010977,0.5364637698902328,2.013709396687119e-05,nucleating agent
PLA,Nucleated high crystallinity,269.16201117318434,99.45945217485325,0.5405478251467457,2.013709396687119e-05,nucleating agent
PLA,Nucleated high crystallinity,271.20111731843576,99.45536828729145,0.5446317127085507,2.013709396687119e-05,nucleating agent
PLA,Nucleated high crystallinity,273.24022346368713,99.45128456741745,0.5487154325825543,2.013709396687119e-05,nucleating agent
PLA,Nucleated high crystallinity,275.27932960893855,99.44720101522438,0.5527989847756203,2.013709396687119e-05,nucleating agent
PLA,Nucleated high crystallinity,277.3184357541899,99.44311763070533,0.5568823692946694,2.013709396687119e-05,nucleating agent
PLA,Nucleated high crystallinity,279.35754189944134,99.43903441385345,0.5609655861465512,2.013709396687119e-05,nucleating agent
PLA,Nucleated high crystallinity,281.3966480446927,99.43495136466183,0.5650486353381723,2.013709396687119e-05,nucleating agent
PLA,Nucleated high crystallinity,283.43575418994413,99.4308684831236,0.5691315168763964,2.013709396687119e-05,nucleating agent
PLA,Nucleated high crystallinity,285.4748603351955,99.42678576923187,0.57321423076813,2.013709396687119e-05,nucleating agent
PLA,Nucleated high crystallinity,287.5139664804469,99.42270322297976,0.5772967770202371,2.013709396687119e-05,nucleating agent
PLA,Nucleated high crystallinity,289.5530726256983,99.41862084436039,0.5813791556396097,2.013709396687119e-05,nucleating agent
PLA,Nucleated high crystallinity,291.5921787709497,99.41453863336686,0.5854613666331403,2.013709396687119e-05,nucleating agent
PLA,Nucleated high crystallinity,293.6312849162011,99.4104565899923,0.5895434100077068,2.013709396687119e-05,nucleating agent
PLA,Nucleated high crystallinity,295.6703910614525,99.40637471422981,0.5936252857701874,2.013709396687119e-05,nucleating agent
PLA,Nucleated high crystallinity,297.7094972067039,99.40229300607254,0.59770699392746,2.013709396687119e-05,nucleating agent
PLA,Nucleated high crystallinity,299.7486033519553,99.39821146551358,0.6017885344864169,2.013709396687119e-05,nucleating agent
PLA,Nucleated high crystallinity,301.78770949720666,99.39413009254608,0.605869907453922,2.013709396687119e-05,nucleating agent
PLA,Nucleated high crystallinity,303.8268156424581,99.39004888716312,0.6099511128368817,2.013709396687119e-05,nucleating agent
PLA,Nucleated high crystallinity,305.8659217877095,99.38596784935785,0.6140321506421458,2.013709396687119e-05,nucleating agent
PLA,Nucleated high crystallinity,307.9050279329609,99.38188697912335,0.618113020876649,2.013709396687119e-05,nucleating agent
PLA,Nucleated high crystallinity,309.9441340782123,99.3778062764528,0.6221937235471984,2.013709396687119e-05,nucleating agent
PLA,Nucleated high crystallinity,311.98324022346367,99.37372574133926,0.626274258660743,2.013709396687119e-05,nucleating agent
PLA,Nucleated high crystallinity,314.0223463687151,99.36964537377588,0.6303546262241184,2.013709396687119e-05,nucleating agent
PLA,Nucleated high crystallinity,316.06145251396646,99.36556517375578,0.6344348262442168,2.013709396687119e-05,nucleating agent
PLA,Nucleated high crystallinity,318.1005586592179,99.36148514127207,0.6385148587279303,2.013709396687119e-05,nucleating agent
PLA,Nucleated high crystallinity,320.13966480446925,99.35740527631788,0.642594723682123,2.013709396687119e-05,nucleating agent
PLA,Nucleated high crystallinity,322.1787709497207,99.35332557888631,0.646674421113687,2.013709396687119e-05,nucleating agent
PLA,Nucleated high crystallinity,324.21787709497204,99.34924604897053,0.650753951029472,2.013709396687119e-05,nucleating agent
PLA,Nucleated high crystallinity,326.25698324022346,99.34516668656362,0.6548333134363844,2.013709396687119e-05,nucleating agent
PLA,Nucleated high crystallinity,328.29608938547483,99.3410874916587,0.6589125083413023,2.013709396687119e-05,nucleating agent
PLA,Nucleated high crystallinity,330.33519553072625,99.33700846424891,0.6629915357510896,2.013709396687119e-05,nucleating agent
PLA,Nucleated high crystallinity,332.3743016759776,99.33292960432738,0.6670703956726243,2.013709396687119e-05,nucleating agent
PLA,Nucleated high crystallinity,334.41340782122904,99.32885091188719,0.6711490881128128,2.013709396687119e-05,nucleating agent
PLA,Nucleated high crystallinity,336.4525139664804,99.32477238692151,0.6752276130784907,2.013709396687119e-05,nucleating agent
PLA,Nucleated high crystallinity,338.49162011173183,99.32069402942345,0.6793059705765501,2.013709396687119e-05,nucleating agent
PLA,Nucleated high crystallinity,340.5307262569832,99.31661583938613,0.6833841606138691,2.013709396687119e-05,nucleating agent
PLA,Nucleated high crystallinity,342.5698324022346,99.31253781680267,0.6874621831973258,2.013709396687119e-05,nucleating agent
PLA,Nucleated high crystallinity,344.608938547486,99.3084599616662,0.6915400383337982,2.013709396687119e-05,nucleating agent
PLA,Nucleated high crystallinity,346.6480446927374,99.30438227396985,0.6956177260301502,2.013709396687119e-05,nucleating agent
PLA,Nucleated high crystallinity,348.68715083798884,99.30030475370673,0.699695246293274,2.013709396687119e-05,nucleating agent
PLA,Nucleated high crystallinity,350.7262569832402,99.29622740086997,0.7037725991300334,2.013709396687119e-05,nucleating agent
PLA,Nucleated high crystallinity,352.76536312849163,99.29215021545271,0.7078497845472924,2.013709396687119e-05,nucleating agent
PLA,Nucleated high crystallinity,354.804469273743,99.28807319744804,0.7119268025519574,2.013709396687119e-05,nucleating agent
PLA,Nucleated high crystallinity,356.8435754189944,99.28399634684912,0.716003653150878,2.013709396687119e-05,nucleating agent
PLA,Nucleated high crystallinity,358.8826815642458,99.27991966364907,0.7200803363509323,2.013709396687119e-05,nucleating agent
PLA,Nucleated high crystallinity,360.9217877094972,99.27584314784102,0.7241568521589841,2.013709396687119e-05,nucleating agent
PLA,Nucleated high crystallinity,362.9608938547486,99.27176679941807,0.7282332005819256,2.013709396687119e-05,nucleating agent
PLA,Nucleated high crystallinity,365.0,99.26769061837336,0.7323093816266351,2.013709396687119e-05,nucleating agent
PHA,PHB,0.0,100.0,0.0,1.310662329956664e-05,high Tm homopolymer
PHA,PHB,2.0391061452513966,99.99732745610173,0.002672543898270874,1.310662329956664e-05,high Tm homopolymer
PHA,PHB,4.078212290502793,99.99465498362837,0.00534501637163487,1.310662329956664e-05,high Tm homopolymer
PHA,PHB,6.117318435754189,99.991982582578,0.008017417421996242,1.310662329956664e-05,high Tm homopolymer
PHA,PHB,8.156424581005586,99.98931025294873,0.010689747051273457,1.310662329956664e-05,high Tm homopolymer
PHA,PHB,10.195530726256983,99.98663799473863,0.013362005261370768,1.310662329956664e-05,high Tm homopolymer
PHA,PHB,12.234636871508378,99.98396580794582,0.01603419205417822,1.310662329956664e-05,high Tm homopolymer
PHA,PHB,14.273743016759775,99.98129369256836,0.0187063074316427,1.310662329956664e-05,high Tm homopolymer
PHA,PHB,16.312849162011172,99.97862164860437,0.021378351395625828,1.310662329956664e-05,high Tm homopolymer
PHA,PHB,18.351955307262568,99.97594967605193,0.024050323948074492,1.310662329956664e-05,high Tm homopolymer
PHA,PHB,20.391061452513966,99.9732777749091,0.026722225090892948,1.310662329956664e-05,high Tm homopolymer
PHA,PHB,22.43016759776536,99.97060594517404,0.029394054825957028,1.310662329956664e-05,high Tm homopolymer
PHA,PHB,24.469273743016757,99.96793418684477,0.03206581315522783,1.310662329956664e-05,high Tm homopolymer
PHA,PHB,26.508379888268156,99.96526249991943,0.034737500080566974,1.310662329956664e-05,high Tm homopolymer
PHA,PHB,28.54748603351955,99.9625908843961,0.03740911560389293,1.310662329956664e-05,high Tm homopolymer
PHA,PHB,30.58659217877095,99.95991934027288,0.04008065972712416,1.310662329956664e-05,high Tm homopolymer
PHA,PHB,32.625698324022345,99.95724786754782,0.042752132452179126,1.310662329956664e-05,high Tm homopolymer
PHA,PHB,34.66480446927374,99.95457646621905,0.04542353378094788,1.310662329956664e-05,high Tm homopolymer
PHA,PHB,36.703910614525135,99.95190513628465,0.04809486371534888,1.310662329956664e-05,high Tm homopolymer
PHA,PHB,38.74301675977654,99.94923387774274,0.05076612225725796,1.310662329956664e-05,high Tm homopolymer
PHA,PHB,40.78212290502793,99.94656269059136,0.053437309408636224,1.310662329956664e-05,high Tm homopolymer
PHA,PHB,42.82122905027933,99.94389157482864,0.0561084251713595,1.310662329956664e-05,high Tm homopolymer
PHA,PHB,44.86033519553072,99.94122053045265,0.05877946954734625,1.310662329956664e-05,high Tm homopolymer
PHA,PHB,46.89944134078212,99.93854955746151,0.06145044253848653,1.310662329956664e-05,high Tm homopolymer
PHA,PHB,48.938547486033514,99.93587865585329,0.064121344146713,1.310662329956664e-05,high Tm homopolymer
PHA,PHB,50.977653631284916,99.93320782562608,0.06679217437391571,1.310662329956664e-05,high Tm homopolymer
PHA,PHB,53.01675977653631,99.930537066778,0.06946293322199892,1.310662329956664e-05,high Tm homopolymer
PHA,PHB,55.055865921787706,99.9278663793071,0.0721336206928953,1.310662329956664e-05,high Tm homopolymer
PHA,PHB,57.0949720670391,99.92519576321152,0.0748042367884807,1.310662329956664e-05,high Tm homopolymer
PHA,PHB,59.1340782122905,99.92252521848931,0.07747478151068776,1.310662329956664e-05,high Tm homopolymer
PHA,PHB,61.1731843575419,99.91985474513858,0.08014525486142077,1.310662329956664e-05,high Tm homopolymer
PHA,PHB,63.212290502793294,99.91718434315743,0.08281565684256975,1.310662329956664e-05,high Tm homopolymer
PHA,PHB,65.25139664804469,99.91451401254393,0.08548598745606739,1.310662329956664e-05,high Tm homopolymer
PHA,PHB,67.29050279329608,99.91184375329621,0.08815624670378952,1.310662329956664e-05,high Tm homopolymer
PHA,PHB,69.32960893854748,99.90917356541232,0.09082643458768302,1.310662329956664e-05,high Tm homopolymer
PHA,PHB,71.36871508379888,99.90650344889038,0.09349655110962374,1.310662329956664e-05,high Tm homopolymer
PHA,PHB,73.40782122905027,99.90383340372848,0.09616659627151591,1.310662329956664e-05,high Tm homopolymer
PHA,PHB,75.44692737430167,99.90116342992471,0.09883657007529223,1.310662329956664e-05,high Tm homopolymer
PHA,PHB,77.48603351955308,99.89849352747716,0.10150647252284273,1.310662329956664e-05,high Tm homopolymer
PHA,PHB,79.52513966480447,99.89582369638393,0.10417630361607166,1.310662329956664e-05,high Tm homopolymer
PHA,PHB,81.56424581005587,99.8931539366431,0.1068460633568975,1.310662329956664e-05,high Tm homopolymer
PHA,PHB,83.60335195530726,99.89048424825276,0.10951575174723871,1.310662329956664e-05,high Tm homopolymer
PHA,PHB,85.64245810055866,99.88781463121103,0.11218536878897112,1.310662329956664e-05,high Tm homopolymer
PHA,PHB,87.68156424581005,99.88514508551599,0.11485491448401319,1.310662329956664e-05,high Tm homopolymer
PHA,PHB,89.72067039106145,99.88247561116572,0.1175243888342834,1.310662329956664e-05,high Tm homopolymer
PHA,PHB,91.75977653631284,99.87980620815834,0.12019379184165757,1.310662329956664e-05,high Tm homopolymer
PHA,PHB,93.79888268156424,99.87713687649192,0.1228631235080826,1.310662329956664e-05,high Tm homopolymer
PHA,PHB,95.83798882681563,99.87446761616455,0.1255323838354485,1.310662329956664e-05,high Tm homopolymer
PHA,PHB,97.87709497206703,99.87179842717434,0.12820157282565958,1.310662329956664e-05,high Tm homopolymer
PHA,PHB,99.91620111731844,99.86912930951938,0.13087069048062006,1.310662329956664e-05,high Tm homopolymer
PHA,PHB,101.95530726256983,99.86646026319777,0.1335397368022342,1.310662329956664e-05,high Tm homopolymer
PHA,PHB,103.99441340782123,99.86379128820757,0.13620871179243466,1.310662329956664e-05,high Tm homopolymer
PHA,PHB,106.03351955307262,99.86112238454692,0.13887761545308308,1.310662329956664e-05,high Tm homopolymer
PHA,PHB,108.07262569832402,99.85845355221387,0.14154644778612635,1.310662329956664e-05,high Tm homopolymer
PHA,PHB,110.11173184357541,99.85578479120656,0.1442152087934403,1.310662329956664e-05,high Tm homopolymer
PHA,PHB,112.15083798882681,99.85311610152306,0.1468838984769434,1.310662329956664e-05,high Tm homopolymer
PHA,PHB,114.1899441340782,99.85044748316145,0.14955251683855408,1.310662329956664e-05,high Tm homopolymer
PHA,PHB,116.2290502793296,99.84777893611984,0.15222106388016243,1.310662329956664e-05,high Tm homopolymer
PHA,PHB,118.268156424581,99.84511046039631,0.1548895396036869,1.310662329956664e-05,high Tm homopolymer
PHA,PHB,120.3072625698324,99.84244205598898,0.15755794401101753,1.310662329956664e-05,high Tm homopolymer
PHA,PHB,122.3463687150838,99.83977372289593,0.16022627710407278,1.310662329956664e-05,high Tm homopolymer
PHA,PHB,124.3854748603352,99.83710546111524,0.1628945388847569,1.310662329956664e-05,high Tm homopolymer
PHA,PHB,126.42458100558659,99.83443727064503,0.16556272935497418,1.310662329956664e-05,high Tm homopolymer
PHA,PHB,128.46368715083798,99.83176915148339,0.16823084851661463,1.310662329956664e-05,high Tm homopolymer
PHA,PHB,130.50279329608938,99.82910110362837,0.17089889637162514,1.310662329956664e-05,high Tm homopolymer
PHA,PHB,132.54189944134077,99.82643312707815,0.17356687292185313,1.310662329956664e-05,high Tm homopolymer
PHA,PHB,134.58100558659217,99.82376522183074,0.1762347781692597,1.310662329956664e-05,high Tm homopolymer
PHA,PHB,136.62011173184356,99.82109738788427,0.17890261211573488,1.310662329956664e-05,high Tm homopolymer
PHA,PHB,138.65921787709496,99.81842962523685,0.18157037476315452,1.310662329956664e-05,high Tm homopolymer
PHA,PHB,140.69832402234636,99.81576193388653,0.1842380661134655,1.310662329956664e-05,high Tm homopolymer
PHA,PHB,142.73743016759775,99.81309431383146,0.18690568616854364,1.310662329956664e-05,high Tm homopolymer
PHA,PHB,144.77653631284915,99.8104267650697,0.1895732349302932,1.310662329956664e-05,high Tm homopolymer
PHA,PHB,146.81564245810054,99.80775928759935,0.19224071240064688,1.310662329956664e-05,high Tm homopolymer
PHA,PHB,148.85474860335194,99.8050918814185,0.1949081185814947,1.310662329956664e-05,high Tm homopolymer
PHA,PHB,150.89385474860333,99.80242454652526,0.19757545347474093,1.310662329956664e-05,high Tm homopolymer
PHA,PHB,152.93296089385476,99.79975728291771,0.2002427170822898,1.310662329956664e-05,high Tm homopolymer
PHA,PHB,154.97206703910615,99.79709009059395,0.20290990940604559,1.310662329956664e-05,high Tm homopolymer
PHA,PHB,157.01117318435755,99.79442296955209,0.20557703044791253,1.310662329956664e-05,high Tm homopolymer
PHA,PHB,159.05027932960894,99.7917559197902,0.2082440802097949,1.310662329956664e-05,high Tm homopolymer
PHA,PHB,161.08938547486034,99.78908894130637,0.21091105869362536,1.310662329956664e-05,high Tm homopolymer
PHA,PHB,163.12849162011173,99.78642203409875,0.21357796590125133,1.310662329956664e-05,high Tm homopolymer
PHA,PHB,165.16759776536313,99.78375519816535,0.21624480183464811,1.310662329956664e-05,high Tm homopolymer
PHA,PHB,167.20670391061452,99.78108843350435,0.2189115664956489,1.310662329956664e-05,high Tm homopolymer
PHA,PHB,169.24581005586592,99.77842174011379,0.22157825988621482,1.310662329956664e-05,high Tm homopolymer
PHA,PHB,171.2849162011173,99.77575511799178,0.22424488200822168,1.310662329956664e-05,high Tm homopolymer
PHA,PHB,173.3240223463687,99.77308856713641,0.22691143286358795,1.310662329956664e-05,high Tm homopolymer
PHA,PHB,175.3631284916201,99.7704220875458,0.22957791245420367,1.310662329956664e-05,high Tm homopolymer
PHA,PHB,177.4022346368715,99.76775567921801,0.2322443207819873,1.310662329956664e-05,high Tm homopolymer
PHA,PHB,179.4413407821229,99.76508934215116,0.23491065784884313,1.310662329956664e-05,high Tm homopolymer
PHA,PHB,181.4804469273743,99.76242307634334,0.23757692365666117,1.310662329956664e-05,high Tm homopolymer
PHA,PHB,183.51955307262568,99.75975688179265,0.24024311820734567,1.310662329956664e-05,high Tm homopolymer
PHA,PHB,185.55865921787708,99.75709075849717,0.24290924150282933,1.310662329956664e-05,high Tm homopolymer
PHA,PHB,187.59776536312847,99.75442470645501,0.24557529354498797,1.310662329956664e-05,high Tm homopolymer
PHA,PHB,189.63687150837987,99.75175872566426,0.24824127433574006,1.310662329956664e-05,high Tm homopolymer
PHA,PHB,191.67597765363126,99.74909281612302,0.25090718387697564,1.310662329956664e-05,high Tm homopolymer
PHA,PHB,193.71508379888266,99.74642697782937,0.2535730221706274,1.310662329956664e-05,high Tm homopolymer
PHA,PHB,195.75418994413405,99.74376121078143,0.25623878921857113,1.310662329956664e-05,high Tm homopolymer
PHA,PHB,197.79329608938548,99.74109551497729,0.25890448502271113,1.310662329956664e-05,high Tm homopolymer
PHA,PHB,199.83240223463687,99.73842989041502,0.26157010958498006,1.310662329956664e-05,high Tm homopolymer
PHA,PHB,201.87150837988827,99.73576433709276,0.26423566290723954,1.310662329956664e-05,high Tm homopolymer
PHA,PHB,203.91061452513966,99.73309885500858,0.26690114499142226,1.310662329956664e-05,high Tm homopolymer
PHA,PHB,205.94972067039106,99.73043344416055,0.26956655583944666,1.310662329956664e-05,high Tm homopolymer
PHA,PHB,207.98882681564245,99.72776810454683,0.2722318954531744,1.310662329956664e-05,high Tm homopolymer
PHA,PHB,210.02793296089385,99.72510283616546,0.2748971638345381,1.310662329956664e-05,high Tm homopolymer
PHA,PHB,212.06703910614524,99.72243763901457,0.27756236098542786,1.310662329956664e-05,high Tm homopolymer
PHA,PHB,214.10614525139664,99.71977251309224,0.2802274869077621,1.310662329956664e-05,high Tm homopolymer
PHA,PHB,216.14525139664804,99.71710745839657,0.2828925416034309,1.310662329956664e-05,high Tm homopolymer
PHA,PHB,218.18435754189943,99.71444247492566,0.2855575250743385,1.310662329956664e-05,high Tm homopolymer
PHA,PHB,220.22346368715083,99.7117775626776,0.2882224373224034,1.310662329956664e-05,high Tm homopolymer
PHA,PHB,222.26256983240222,99.70911272165048,0.29088727834951555,1.310662329956664e-05,high Tm homopolymer
PHA,PHB,224.30167597765362,99.70644795184242,0.2935520481575793,1.310662329956664e-05,high Tm homopolymer
PHA,PHB,226.340782122905,99.7037832532515,0.29621674674849885,1.310662329956664e-05,high Tm homopolymer
PHA,PHB,228.3798882681564,99.70111862587582,0.2988813741241785,1.310662329956664e-05,high Tm homopolymer
PHA,PHB,230.4189944134078,99.69845406971348,0.30154593028652243,1.310662329956664e-05,high Tm homopolymer
PHA,PHB,232.4581005586592,99.69578958476255,0.3042104152374492,1.310662329956664e-05,high Tm homopolymer
PHA,PHB,234.4972067039106,99.69312517102117,0.30687482897883456,1.310662329956664e-05,high Tm homopolymer
PHA,PHB,236.536312849162,99.69046082848742,0.3095391715125828,1.310662329956664e-05,high Tm homopolymer
PHA,PHB,238.57541899441338,99.68779655715937,0.3122034428406266,1.310662329956664e-05,high Tm homopolymer
PHA,PHB,240.6145251396648,99.68513235703517,0.3148676429648276,1.310662329956664e-05,high Tm homopolymer
PHA,PHB,242.6536312849162,99.68246822811288,0.31753177188711845,1.310662329956664e-05,high Tm homopolymer
PHA,PHB,244.6927374301676,99.6798041703906,0.3201958296094034,1.310662329956664e-05,high Tm homopolymer
PHA,PHB,246.731843575419,99.67714018386643,0.3228598161335725,1.310662329956664e-05,high Tm homopolymer
PHA,PHB,248.7709497206704,99.67447626853848,0.3255237314615158,1.310662329956664e-05,high Tm homopolymer
PHA,PHB,250.81005586592178,99.67181242440482,0.3281875755951802,1.310662329956664e-05,high Tm homopolymer
PHA,PHB,252.84916201117318,99.66914865146357,0.3308513485364273,1.310662329956664e-05,high Tm homopolymer
PHA,PHB,254.88826815642457,99.66648494971282,0.33351505028717554,1.310662329956664e-05,high Tm homopolymer
PHA,PHB,256.92737430167597,99.66382131915068,0.336178680849315,1.310662329956664e-05,high Tm homopolymer
PHA,PHB,258.96648044692733,99.66115775977524,0.33884224022476417,1.310662329956664e-05,high Tm homopolymer
PHA,PHB,261.00558659217876,99.65849427158457,0.34150572841542726,1.310662329956664e-05,high Tm homopolymer
PHA,PHB,263.0446927374302,99.6558308545768,0.3441691454231943,1.310662329956664e-05,high Tm homopolymer
PHA,PHB,265.08379888268155,99.65316750875003,0.3468324912499696,1.310662329956664e-05,high Tm homopolymer
PHA,PHB,267.122905027933,99.65050423410234,0.3494957658976574,1.310662329956664e-05,high Tm homopolymer
PHA,PHB,269.16201117318434,99.64784103063184,0.35215896936816193,1.310662329956664e-05,high Tm homopolymer
PHA,PHB,271.20111731843576,99.64517789833661,0.35482210166338746,1.310662329956664e-05,high Tm homopolymer
PHA,PHB,273.24022346368713,99.64251483721476,0.35748516278523823,1.310662329956664e-05,high Tm homopolymer
PHA,PHB,275.27932960893855,99.6398518472644,0.3601481527356043,1.310662329956664e-05,high Tm homopolymer
PHA,PHB,277.3184357541899,99.6371889284836,0.3628110715164041,1.310662329956664e-05,high Tm homopolymer
PHA,PHB,279.35754189944134,99.63452608087047,0.36547391912952776,1.310662329956664e-05,high Tm homopolymer
PHA,PHB,281.3966480446927,99.63186330442313,0.36813669557686524,1.310662329956664e-05,high Tm homopolymer
PHA,PHB,283.43575418994413,99.62920059913965,0.37079940086034924,1.310662329956664e-05,high Tm homopolymer
PHA,PHB,285.4748603351955,99.62653796501814,0.3734620349818556,1.310662329956664e-05,high Tm homopolymer
PHA,PHB,287.5139664804469,99.62387540205671,0.37612459794328856,1.310662329956664e-05,high Tm homopolymer
PHA,PHB,289.5530726256983,99.62121291025342,0.3787870897465808,1.310662329956664e-05,high Tm homopolymer
PHA,PHB,291.5921787709497,99.6185504896064,0.381449510393594,1.310662329956664e-05,high Tm homopolymer
PHA,PHB,293.6312849162011,99.61588814011374,0.38411185988626073,1.310662329956664e-05,high Tm homopolymer
PHA,PHB,295.6703910614525,99.61322586177354,0.3867741382264569,1.310662329956664e-05,high Tm homopolymer
PHA,PHB,297.7094972067039,99.6105636545839,0.38943634541610095,1.310662329956664e-05,high Tm homopolymer
PHA,PHB,299.7486033519553,99.60790151854292,0.3920984814570829,1.310662329956664e-05,high Tm homopolymer
PHA,PHB,301.78770949720666,99.6052394536487,0.3947605463513071,1.310662329956664e-05,high Tm homopolymer
PHA,PHB,303.8268156424581,99.6025774598993,0.3974225401007061,1.310662329956664e-05,high Tm homopolymer
PHA,PHB,305.8659217877095,99.59991553729287,0.4000844627071274,1.310662329956664e-05,high Tm homopolymer
PHA,PHB,307.9050279329609,99.5972536858275,0.4027463141725036,1.310662329956664e-05,high Tm homopolymer
PHA,PHB,309.9441340782123,99.59459190550128,0.40540809449872484,1.310662329956664e-05,high Tm homopolymer
PHA,PHB,311.98324022346367,99.59193019631229,0.4080698036877095,1.310662329956664e-05,high Tm homopolymer
PHA,PHB,314.0223463687151,99.58926855825865,0.4107314417413477,1.310662329956664e-05,high Tm homopolymer
PHA,PHB,316.06145251396646,99.58660699133847,0.4133930086615294,1.310662329956664e-05,high Tm homopolymer
PHA,PHB,318.1005586592179,99.58394549554981,0.4160545044501873,1.310662329956664e-05,high Tm homopolymer
PHA,PHB,320.13966480446925,99.58128407089082,0.4187159291091831,1.310662329956664e-05,high Tm homopolymer
PHA,PHB,322.1787709497207,99.57862271735956,0.42137728264043517,1.310662329956664e-05,high Tm homopolymer
PHA,PHB,324.21787709497204,99.57596143495414,0.424038565045862,1.310662329956664e-05,high Tm homopolymer
PHA,PHB,326.25698324022346,99.57330022367266,0.42669977632733946,1.310662329956664e-05,high Tm homopolymer
PHA,PHB,328.29608938547483,99.57063908351323,0.42936091648677177,1.310662329956664e-05,high Tm homopolymer
PHA,PHB,330.33519553072625,99.56797801447394,0.4320219855260632,1.310662329956664e-05,high Tm homopolymer
PHA,PHB,332.3743016759776,99.56531701655287,0.4346829834471322,1.310662329956664e-05,high Tm homopolymer
PHA,PHB,334.41340782122904,99.56265608974815,0.4373439102518546,1.310662329956664e-05,high Tm homopolymer
PHA,PHB,336.4525139664804,99.55999523405787,0.44000476594213467,1.310662329956664e-05,high Tm homopolymer
PHA,PHB,338.49162011173183,99.55733444948012,0.44266555051987666,1.310662329956664e-05,high Tm homopolymer
PHA,PHB,340.5307262569832,99.554673736013,0.44532626398699904,1.310662329956664e-05,high Tm homopolymer
PHA,PHB,342.5698324022346,99.55201309365462,0.44798690634537763,1.310662329956664e-05,high Tm homopolymer
PHA,PHB,344.608938547486,99.54935252240308,0.4506474775969167,1.310662329956664e-05,high Tm homopolymer
PHA,PHB,346.6480446927374,99.54669202225648,0.4533079777435205,1.310662329956664e-05,high Tm homopolymer
PHA,PHB,348.68715083798884,99.5440315932129,0.45596840678709327,1.310662329956664e-05,high Tm homopolymer
PHA,PHB,350.7262569832402,99.54137123527046,0.4586287647295393,1.310662329956664e-05,high Tm homopolymer
PHA,PHB,352.76536312849163,99.53871094842725,0.4612890515727486,1.310662329956664e-05,high Tm homopolymer
PHA,PHB,354.804469273743,99.53605073268137,0.4639492673186254,1.310662329956664e-05,high Tm homopolymer
PHA,PHB,356.8435754189944,99.53339058803094,0.4666094119690598,1.310662329956664e-05,high Tm homopolymer
PHA,PHB,358.8826815642458,99.53073051447404,0.46926948552595604,1.310662329956664e-05,high Tm homopolymer
PHA,PHB,360.9217877094972,99.52807051200877,0.4719294879912326,1.310662329956664e-05,high Tm homopolymer
PHA,PHB,362.9608938547486,99.52541058063322,0.47458941936677945,1.310662329956664e-05,high Tm homopolymer
PHA,PHB,365.0,99.52275072034553,0.4772492796544725,1.310662329956664e-05,high Tm homopolymer
PHA,PHBV 20% HV,0.0,100.0,0.0,4.431724918272146e-05,HV lowers crystallinity
PHA,PHBV 20% HV,2.0391061452513966,99.99096365078772,0.00903634921228047,4.431724918272146e-05,HV lowers crystallinity
PHA,PHBV 20% HV,4.078212290502793,99.98192811813152,0.018071881868479522,4.431724918272146e-05,HV lowers crystallinity
PHA,PHBV 20% HV,6.117318435754189,99.97289340195759,0.027106598042408336,4.431724918272146e-05,HV lowers crystallinity
PHA,PHBV 20% HV,8.156424581005586,99.96385950219216,0.03614049780783546,4.431724918272146e-05,HV lowers crystallinity
PHA,PHBV 20% HV,10.195530726256983,99.95482641876148,0.045173581238515226,4.431724918272146e-05,HV lowers crystallinity
PHA,PHBV 20% HV,12.234636871508378,99.94579415159176,0.054205848408244606,4.431724918272146e-05,HV lowers crystallinity
PHA,PHBV 20% HV,14.273743016759775,99.93676270060922,0.06323729939077793,4.431724918272146e-05,HV lowers crystallinity
PHA,PHBV 20% HV,16.312849162011172,99.92773206574014,0.07226793425985534,4.431724918272146e-05,HV lowers crystallinity
PHA,PHBV 20% HV,18.351955307262568,99.91870224691077,0.08129775308923115,4.431724918272146e-05,HV lowers crystallinity
PHA,PHBV 20% HV,20.391061452513966,99.90967324404737,0.09032675595263129,4.431724918272146e-05,HV lowers crystallinity
PHA,PHBV 20% HV,22.43016759776536,99.90064505707619,0.09935494292381009,4.431724918272146e-05,HV lowers crystallinity
PHA,PHBV 20% HV,24.469273743016757,99.8916176859235,0.10838231407649346,4.431724918272146e-05,HV lowers crystallinity
PHA,PHBV 20% HV,26.508379888268156,99.88259113051562,0.1174088694843789,4.431724918272146e-05,HV lowers crystallinity
PHA,PHBV 20% HV,28.54748603351955,99.87356539077878,0.12643460922122074,4.431724918272146e-05,HV lowers crystallinity
PHA,PHBV 20% HV,30.58659217877095,99.86454046663933,0.13545953336067384,4.431724918272146e-05,HV lowers crystallinity
PHA,PHBV 20% HV,32.625698324022345,99.85551635802352,0.14448364197647834,4.431724918272146e-05,HV lowers crystallinity
PHA,PHBV 20% HV,34.66480446927374,99.84649306485768,0.1535069351423175,4.431724918272146e-05,HV lowers crystallinity
PHA,PHBV 20% HV,36.703910614525135,99.83747058706814,0.1625294129318604,4.431724918272146e-05,HV lowers crystallinity
PHA,PHBV 20% HV,38.74301675977654,99.82844892458117,0.17155107541883297,4.431724918272146e-05,HV lowers crystallinity
PHA,PHBV 20% HV,40.78212290502793,99.81942807732315,0.1805719226768474,4.431724918272146e-05,HV lowers crystallinity
PHA,PHBV 20% HV,42.82122905027933,99.81040804522038,0.18959195477961543,4.431724918272146e-05,HV lowers crystallinity
PHA,PHBV 20% HV,44.86033519553072,99.80138882819921,0.1986111718007919,4.431724918272146e-05,HV lowers crystallinity
PHA,PHBV 20% HV,46.89944134078212,99.792370426186,0.20762957381400327,4.431724918272146e-05,HV lowers crystallinity
PHA,PHBV 20% HV,48.938547486033514,99.78335283910707,0.2166471608929328,4.431724918272146e-05,HV lowers crystallinity
PHA,PHBV 20% HV,50.977653631284916,99.77433606688881,0.2256639331111927,4.431724918272146e-05,HV lowers crystallinity
PHA,PHBV 20% HV,53.01675977653631,99.76532010945756,0.23467989054243787,4.431724918272146e-05,HV lowers crystallinity
PHA,PHBV 20% HV,55.055865921787706,99.75630496673973,0.2436950332602663,4.431724918272146e-05,HV lowers crystallinity
PHA,PHBV 20% HV,57.0949720670391,99.74729063866167,0.2527093613383329,4.431724918272146e-05,HV lowers crystallinity
PHA,PHBV 20% HV,59.1340782122905,99.73827712514976,0.2617228748502356,4.431724918272146e-05,HV lowers crystallinity
PHA,PHBV 20% HV,61.1731843575419,99.72926442613043,0.2707355738695725,4.431724918272146e-05,HV lowers crystallinity
PHA,PHBV 20% HV,63.212290502793294,99.72025254153004,0.27974745846995575,4.431724918272146e-05,HV lowers crystallinity
PHA,PHBV 20% HV,65.25139664804469,99.71124147127503,0.2887585287249692,4.431724918272146e-05,HV lowers crystallinity
PHA,PHBV 20% HV,67.29050279329608,99.70223121529177,0.2977687847082251,4.431724918272146e-05,HV lowers crystallinity
PHA,PHBV 20% HV,69.32960893854748,99.69322177350674,0.3067782264932646,4.431724918272146e-05,HV lowers crystallinity
PHA,PHBV 20% HV,71.36871508379888,99.68421314584631,0.3157868541536857,4.431724918272146e-05,HV lowers crystallinity
PHA,PHBV 20% HV,73.40782122905027,99.67520533223694,0.324794667763058,4.431724918272146e-05,HV lowers crystallinity
PHA,PHBV 20% HV,75.44692737430167,99.66619833260506,0.3338016673949369,4.431724918272146e-05,HV lowers crystallinity
PHA,PHBV 20% HV,77.48603351955308,99.65719214687712,0.34280785312287776,4.431724918272146e-05,HV lowers crystallinity
PHA,PHBV 20% HV,79.52513966480447,99.64818677497958,0.3518132250204218,4.431724918272146e-05,HV lowers crystallinity
PHA,PHBV 20% HV,81.56424581005587,99.63918221683889,0.36081778316111013,4.431724918272146e-05,HV lowers crystallinity
PHA,PHBV 20% HV,83.60335195530726,99.63017847238152,0.36982152761848397,4.431724918272146e-05,HV lowers crystallinity
PHA,PHBV 20% HV,85.64245810055866,99.62117554153393,0.37882445846607027,4.431724918272146e-05,HV lowers crystallinity
PHA,PHBV 20% HV,87.68156424581005,99.61217342422262,0.3878265757773818,4.431724918272146e-05,HV lowers crystallinity
PHA,PHBV 20% HV,89.72067039106145,99.60317212037407,0.39682787962593125,4.431724918272146e-05,HV lowers crystallinity
PHA,PHBV 20% HV,91.75977653631284,99.59417162991477,0.4058283700852314,4.431724918272146e-05,HV lowers crystallinity
PHA,PHBV 20% HV,93.79888268156424,99.5851719527712,0.41482804722879507,4.431724918272146e-05,HV lowers crystallinity
PHA,PHBV 20% HV,95.83798882681563,99.57617308886991,0.4238269111300923,4.431724918272146e-05,HV lowers crystallinity
PHA,PHBV 20% HV,97.87709497206703,99.56717503813736,0.43282496186263586,4.431724918272146e-05,HV lowers crystallinity
PHA,PHBV 20% HV,99.91620111731844,99.55817780050012,0.44182219949988166,4.431724918272146e-05,HV lowers crystallinity
PHA,PHBV 20% HV,101.95530726256983,99.54918137588467,0.45081862411532825,4.431724918272146e-05,HV lowers crystallinity
PHA,PHBV 20% HV,103.99441340782123,99.5401857642176,0.4598142357824031,4.431724918272146e-05,HV lowers crystallinity
PHA,PHBV 20% HV,106.03351955307262,99.53119096542538,0.468809034574619,4.431724918272146e-05,HV lowers crystallinity
PHA,PHBV 20% HV,108.07262569832402,99.52219697943461,0.47780302056538915,4.431724918272146e-05,HV lowers crystallinity
PHA,PHBV 20% HV,110.11173184357541,99.51320380617182,0.48679619382818373,4.431724918272146e-05,HV lowers crystallinity
PHA,PHBV 20% HV,112.15083798882681,99.50421144556356,0.49578855443644443,4.431724918272146e-05,HV lowers crystallinity
PHA,PHBV 20% HV,114.1899441340782,99.49521989753642,0.5047801024635845,4.431724918272146e-05,HV lowers crystallinity
PHA,PHBV 20% HV,116.2290502793296,99.48622916201695,0.5137708379830457,4.431724918272146e-05,HV lowers crystallinity
PHA,PHBV 20% HV,118.268156424581,99.47723923893173,0.5227607610682696,4.431724918272146e-05,HV lowers crystallinity
PHA,PHBV 20% HV,120.3072625698324,99.46825012820737,0.531749871792627,4.431724918272146e-05,HV lowers crystallinity
PHA,PHBV 20% HV,122.3463687150838,99.45926182977044,0.5407381702295595,4.431724918272146e-05,HV lowers crystallinity
PHA,PHBV 20% HV,124.3854748603352,99.45027434354755,0.549725656452452,4.431724918272146e-05,HV lowers crystallinity
PHA,PHBV 20% HV,126.42458100558659,99.4412876694653,0.5587123305347035,4.431724918272146e-05,HV lowers crystallinity
PHA,PHBV 20% HV,128.46368715083798,99.4323018074503,0.5676981925496989,4.431724918272146e-05,HV lowers crystallinity
PHA,PHBV 20% HV,130.50279329608938,99.42331675742918,0.576683242570823,4.431724918272146e-05,HV lowers crystallinity
PHA,PHBV 20% HV,132.54189944134077,99.41433251932852,0.585667480671475,4.431724918272146e-05,HV lowers crystallinity
PHA,PHBV 20% HV,134.58100558659217,99.40534909307503,0.5946509069249686,4.431724918272146e-05,HV lowers crystallinity
PHA,PHBV 20% HV,136.62011173184356,99.3963664785953,0.6036335214047028,4.431724918272146e-05,HV lowers crystallinity
PHA,PHBV 20% HV,138.65921787709496,99.38738467581597,0.6126153241840342,4.431724918272146e-05,HV lowers crystallinity
PHA,PHBV 20% HV,140.69832402234636,99.37840368466372,0.6215963153362765,4.431724918272146e-05,HV lowers crystallinity
PHA,PHBV 20% HV,142.73743016759775,99.36942350506519,0.6305764949348145,4.431724918272146e-05,HV lowers crystallinity
PHA,PHBV 20% HV,144.77653631284915,99.36044413694704,0.6395558630529621,4.431724918272146e-05,HV lowers crystallinity
PHA,PHBV 20% HV,146.81564245810054,99.35146558023594,0.6485344197640615,4.431724918272146e-05,HV lowers crystallinity
PHA,PHBV 20% HV,148.85474860335194,99.34248783485859,0.6575121651414122,4.431724918272146e-05,HV lowers crystallinity
PHA,PHBV 20% HV,150.89385474860333,99.33351090074167,0.6664890992583281,4.431724918272146e-05,HV lowers crystallinity
PHA,PHBV 20% HV,152.93296089385476,99.32453477781186,0.6754652221881372,4.431724918272146e-05,HV lowers crystallinity
PHA,PHBV 20% HV,154.97206703910615,99.31555946599588,0.6844405340041249,4.431724918272146e-05,HV lowers crystallinity
PHA,PHBV 20% HV,157.01117318435755,99.3065849652204,0.6934150347796049,4.431724918272146e-05,HV lowers crystallinity
PHA,PHBV 20% HV,159.05027932960894,99.29761127541215,0.7023887245878484,4.431724918272146e-05,HV lowers crystallinity
PHA,PHBV 20% HV,161.08938547486034,99.28863839649784,0.711361603502155,4.431724918272146e-05,HV lowers crystallinity
PHA,PHBV 20% HV,163.12849162011173,99.27966632840423,0.7203336715957676,4.431724918272146e-05,HV lowers crystallinity
PHA,PHBV 20% HV,165.16759776536313,99.270695071058,0.7293049289419997,4.431724918272146e-05,HV lowers crystallinity
PHA,PHBV 20% HV,167.20670391061452,99.26172462438593,0.7382753756140659,4.431724918272146e-05,HV lowers crystallinity
PHA,PHBV 20% HV,169.24581005586592,99.25275498831473,0.7472450116852656,4.431724918272146e-05,HV lowers crystallinity
PHA,PHBV 20% HV,171.2849162011173,99.24378616277117,0.7562138372288274,4.431724918272146e-05,HV lowers crystallinity
PHA,PHBV 20% HV,173.3240223463687,99.23481814768202,0.7651818523179799,4.431724918272146e-05,HV lowers crystallinity
PHA,PHBV 20% HV,175.3631284916201,99.22585094297402,0.7741490570259799,4.431724918272146e-05,HV lowers crystallinity
PHA,PHBV 20% HV,177.4022346368715,99.21688454857397,0.7831154514260277,4.431724918272146e-05,HV lowers crystallinity
PHA,PHBV 20% HV,179.4413407821229,99.20791896440862,0.7920810355913801,4.431724918272146e-05,HV lowers crystallinity
PHA,PHBV 20% HV,181.4804469273743,99.19895419040475,0.8010458095952515,4.431724918272146e-05,HV lowers crystallinity
PHA,PHBV 20% HV,183.51955307262568,99.18999022648917,0.8100097735108278,4.431724918272146e-05,HV lowers crystallinity
PHA,PHBV 20% HV,185.55865921787708,99.18102707258869,0.8189729274113091,4.431724918272146e-05,HV lowers crystallinity
PHA,PHBV 20% HV,187.59776536312847,99.17206472863008,0.827935271369924,4.431724918272146e-05,HV lowers crystallinity
PHA,PHBV 20% HV,189.63687150837987,99.16310319454017,0.8368968054598298,4.431724918272146e-05,HV lowers crystallinity
PHA,PHBV 20% HV,191.67597765363126,99.15414247024577,0.8458575297542268,4.431724918272146e-05,HV lowers crystallinity
PHA,PHBV 20% HV,193.71508379888266,99.14518255567373,0.8548174443262724,4.431724918272146e-05,HV lowers crystallinity
PHA,PHBV 20% HV,195.75418994413405,99.13622345075085,0.8637765492491525,4.431724918272146e-05,HV lowers crystallinity
PHA,PHBV 20% HV,197.79329608938548,99.12726515540396,0.8727348445960388,4.431724918272146e-05,HV lowers crystallinity
PHA,PHBV 20% HV,199.83240223463687,99.11830766955994,0.8816923304400603,4.431724918272146e-05,HV lowers crystallinity
PHA,PHBV 20% HV,201.87150837988827,99.10935099314561,0.8906490068543889,4.431724918272146e-05,HV lowers crystallinity
PHA,PHBV 20% HV,203.91061452513966,99.10039512608786,0.8996048739121392,4.431724918272146e-05,HV lowers crystallinity
PHA,PHBV 20% HV,205.94972067039106,99.09144006831352,0.908559931686483,4.431724918272146e-05,HV lowers crystallinity
PHA,PHBV 20% HV,207.98882681564245,99.08248581974946,0.9175141802505351,4.431724918272146e-05,HV lowers crystallinity
PHA,PHBV 20% HV,210.02793296089385,99.07353238032258,0.9264676196774246,4.431724918272146e-05,HV lowers crystallinity
PHA,PHBV 20% HV,212.06703910614524,99.06457974995976,0.935420250040238,4.431724918272146e-05,HV lowers crystallinity
PHA,PHBV 20% HV,214.10614525139664,99.05562792858788,0.9443720714121184,4.431724918272146e-05,HV lowers crystallinity
PHA,PHBV 20% HV,216.14525139664804,99.04667691613382,0.9533230838661808,4.431724918272146e-05,HV lowers crystallinity
PHA,PHBV 20% HV,218.18435754189943,99.03772671252453,0.9622732874754689,4.431724918272146e-05,HV lowers crystallinity
PHA,PHBV 20% HV,220.22346368715083,99.02877731768687,0.971222682313126,4.431724918272146e-05,HV lowers crystallinity
PHA,PHBV 20% HV,222.26256983240222,99.0198287315478,0.9801712684521959,4.431724918272146e-05,HV lowers crystallinity
PHA,PHBV 20% HV,224.30167597765362,99.01088095403422,0.9891190459657793,4.431724918272146e-05,HV lowers crystallinity
PHA,PHBV 20% HV,226.340782122905,99.00193398507307,0.998066014926934,4.431724918272146e-05,HV lowers crystallinity
PHA,PHBV 20% HV,228.3798882681564,98.99298782459127,1.0070121754087324,4.431724918272146e-05,HV lowers crystallinity
PHA,PHBV 20% HV,230.4189944134078,98.98404247251575,1.0159575274842467,4.431724918272146e-05,HV lowers crystallinity
PHA,PHBV 20% HV,232.4581005586592,98.97509792877351,1.0249020712264922,4.431724918272146e-05,HV lowers crystallinity
PHA,PHBV 20% HV,234.4972067039106,98.96615419329147,1.033845806708527,4.431724918272146e-05,HV lowers crystallinity
PHA,PHBV 20% HV,236.536312849162,98.9572112659966,1.0427887340033948,4.431724918272146e-05,HV lowers crystallinity
PHA,PHBV 20% HV,238.57541899441338,98.94826914681587,1.0517308531841252,4.431724918272146e-05,HV lowers crystallinity
PHA,PHBV 20% HV,240.6145251396648,98.93932783567627,1.0606721643237336,4.431724918272146e-05,HV lowers crystallinity
PHA,PHBV 20% HV,242.6536312849162,98.93038733250475,1.0696126674952495,4.431724918272146e-05,HV lowers crystallinity
PHA,PHBV 20% HV,244.6927374301676,98.92144763722833,1.0785523627716742,4.431724918272146e-05,HV lowers crystallinity
PHA,PHBV 20% HV,246.731843575419,98.91250874977398,1.087491250226023,4.431724918272146e-05,HV lowers crystallinity
PHA,PHBV 20% HV,248.7709497206704,98.90357067006872,1.0964293299312828,4.431724918272146e-05,HV lowers crystallinity
PHA,PHBV 20% HV,250.81005586592178,98.89463339803956,1.1053666019604407,4.431724918272146e-05,HV lowers crystallinity
PHA,PHBV 20% HV,252.84916201117318,98.8856969336135,1.1143030663864977,4.431724918272146e-05,HV lowers crystallinity
PHA,PHBV 20% HV,254.88826815642457,98.8767612767176,1.1232387232823982,4.431724918272146e-05,HV lowers crystallinity
PHA,PHBV 20% HV,256.92737430167597,98.86782642727884,1.1321735727211575,4.431724918272146e-05,HV lowers crystallinity
PHA,PHBV 20% HV,258.96648044692733,98.85889238522427,1.1411076147757342,4.431724918272146e-05,HV lowers crystallinity
PHA,PHBV 20% HV,261.00558659217876,98.84995915048096,1.1500408495190442,4.431724918272146e-05,HV lowers crystallinity
PHA,PHBV 20% HV,263.0446927374302,98.84102672297593,1.1589732770240744,4.431724918272146e-05,HV lowers crystallinity
PHA,PHBV 20% HV,265.08379888268155,98.83209510263623,1.1679048973637691,4.431724918272146e-05,HV lowers crystallinity
PHA,PHBV 20% HV,267.122905027933,98.82316428938894,1.1768357106110585,4.431724918272146e-05,HV lowers crystallinity
PHA,PHBV 20% HV,269.16201117318434,98.81423428316113,1.1857657168388727,4.431724918272146e-05,HV lowers crystallinity
PHA,PHBV 20% HV,271.20111731843576,98.80530508387986,1.1946949161201417,4.431724918272146e-05,HV lowers crystallinity
PHA,PHBV 20% HV,273.24022346368713,98.79637669147222,1.2036233085277814,4.431724918272146e-05,HV lowers crystallinity
PHA,PHBV 20% HV,275.27932960893855,98.7874491058653,1.2125508941346936,4.431724918272146e-05,HV lowers crystallinity
PHA,PHBV 20% HV,277.3184357541899,98.77852232698619,1.2214776730138084,4.431724918272146e-05,HV lowers crystallinity
PHA,PHBV 20% HV,279.35754189944134,98.769596354762,1.230403645237999,4.431724918272146e-05,HV lowers crystallinity
PHA,PHBV 20% HV,281.3966480446927,98.76067118911982,1.2393288108801812,4.431724918272146e-05,HV lowers crystallinity
PHA,PHBV 20% HV,283.43575418994413,98.75174682998679,1.2482531700132142,4.431724918272146e-05,HV lowers crystallinity
PHA,PHBV 20% HV,285.4748603351955,98.74282327729,1.2571767227099997,4.431724918272146e-05,HV lowers crystallinity
PHA,PHBV 20% HV,287.5139664804469,98.7339005309566,1.2660994690433967,4.431724918272146e-05,HV lowers crystallinity
PHA,PHBV 20% HV,289.5530726256983,98.72497859091371,1.2750214090862926,4.431724918272146e-05,HV lowers crystallinity
PHA,PHBV 20% HV,291.5921787709497,98.7160574570885,1.283942542911504,4.431724918272146e-05,HV lowers crystallinity
PHA,PHBV 20% HV,293.6312849162011,98.70713712940807,1.2928628705919323,4.431724918272146e-05,HV lowers crystallinity
PHA,PHBV 20% HV,295.6703910614525,98.69821760779962,1.30178239220038,4.431724918272146e-05,HV lowers crystallinity
PHA,PHBV 20% HV,297.7094972067039,98.68929889219028,1.3107011078097202,4.431724918272146e-05,HV lowers crystallinity
PHA,PHBV 20% HV,299.7486033519553,98.68038098250723,1.3196190174927693,4.431724918272146e-05,HV lowers crystallinity
PHA,PHBV 20% HV,301.78770949720666,98.67146387867764,1.328536121322358,4.431724918272146e-05,HV lowers crystallinity
PHA,PHBV 20% HV,303.8268156424581,98.6625475806287,1.3374524193713029,4.431724918272146e-05,HV lowers crystallinity
PHA,PHBV 20% HV,305.8659217877095,98.65363208828758,1.34636791171242,4.431724918272146e-05,HV lowers crystallinity
PHA,PHBV 20% HV,307.9050279329609,98.64471740158149,1.355282598418512,4.431724918272146e-05,HV lowers crystallinity
PHA,PHBV 20% HV,309.9441340782123,98.63580352043762,1.3641964795623807,4.431724918272146e-05,HV lowers crystallinity
PHA,PHBV 20% HV,311.98324022346367,98.62689044478317,1.3731095552168284,4.431724918272146e-05,HV lowers crystallinity
PHA,PHBV 20% HV,314.0223463687151,98.61797817454536,1.3820218254546432,4.431724918272146e-05,HV lowers crystallinity
PHA,PHBV 20% HV,316.06145251396646,98.60906670965143,1.3909332903485705,4.431724918272146e-05,HV lowers crystallinity
PHA,PHBV 20% HV,318.1005586592179,98.60015605002857,1.3998439499714266,4.431724918272146e-05,HV lowers crystallinity
PHA,PHBV 20% HV,320.13966480446925,98.59124619560403,1.408753804395971,4.431724918272146e-05,HV lowers crystallinity
PHA,PHBV 20% HV,322.1787709497207,98.58233714630506,1.4176628536949352,4.431724918272146e-05,HV lowers crystallinity
PHA,PHBV 20% HV,324.21787709497204,98.57342890205891,1.4265710979410926,4.431724918272146e-05,HV lowers crystallinity
PHA,PHBV 20% HV,326.25698324022346,98.56452146279278,1.4354785372072172,4.431724918272146e-05,HV lowers crystallinity
PHA,PHBV 20% HV,328.29608938547483,98.555614828434,1.4443851715659974,4.431724918272146e-05,HV lowers crystallinity
PHA,PHBV 20% HV,330.33519553072625,98.54670899890979,1.4532910010902071,4.431724918272146e-05,HV lowers crystallinity
PHA,PHBV 20% HV,332.3743016759776,98.53780397414744,1.4621960258525633,4.431724918272146e-05,HV lowers crystallinity
PHA,PHBV 20% HV,334.41340782122904,98.52889975407423,1.4711002459257685,4.431724918272146e-05,HV lowers crystallinity
PHA,PHBV 20% HV,336.4525139664804,98.51999633861743,1.4800036613825682,4.431724918272146e-05,HV lowers crystallinity
PHA,PHBV 20% HV,338.49162011173183,98.51109372770435,1.488906272295651,4.431724918272146e-05,HV lowers crystallinity
PHA,PHBV 20% HV,340.5307262569832,98.50219192126227,1.4978080787377337,4.431724918272146e-05,HV lowers crystallinity
PHA,PHBV 20% HV,342.5698324022346,98.49329091921852,1.5067090807814765,4.431724918272146e-05,HV lowers crystallinity
PHA,PHBV 20% HV,344.608938547486,98.48439072150039,1.5156092784996105,4.431724918272146e-05,HV lowers crystallinity
PHA,PHBV 20% HV,346.6480446927374,98.47549132803522,1.5245086719647816,4.431724918272146e-05,HV lowers crystallinity
PHA,PHBV 20% HV,348.68715083798884,98.46659273875031,1.5334072612496925,4.431724918272146e-05,HV lowers crystallinity
PHA,PHBV 20% HV,350.7262569832402,98.457694953573,1.5423050464270034,4.431724918272146e-05,HV lowers crystallinity
PHA,PHBV 20% HV,352.76536312849163,98.44879797243064,1.55120202756936,4.431724918272146e-05,HV lowers crystallinity
PHA,PHBV 20% HV,354.804469273743,98.43990179525055,1.5600982047494512,4.431724918272146e-05,HV lowers crystallinity
PHA,PHBV 20% HV,356.8435754189944,98.4310064219601,1.568993578039894,4.431724918272146e-05,HV lowers crystallinity
PHA,PHBV 20% HV,358.8826815642458,98.42211185248667,1.5778881475133346,4.431724918272146e-05,HV lowers crystallinity
PHA,PHBV 20% HV,360.9217877094972,98.41321808675755,1.5867819132424472,4.431724918272146e-05,HV lowers crystallinity
PHA,PHBV 20% HV,362.9608938547486,98.4043251247002,1.5956748752998067,4.431724918272146e-05,HV lowers crystallinity
PHA,PHBV 20% HV,365.0,98.39543296624194,1.6045670337580589,4.431724918272146e-05,HV lowers crystallinity
PHA,PHBV blend,0.0,100.0,0.0,6.413217753762032e-05,blend + compatibilizer
PHA,PHBV blend,2.0391061452513966,99.98692362330016,0.01307637669984274,6.413217753762032e-05,blend + compatibilizer
PHA,PHBV blend,4.078212290502793,99.97384895651656,0.026151043483437775,6.413217753762032e-05,blend + compatibilizer
PHA,PHBV blend,6.117318435754189,99.96077599942566,0.03922400057433606,6.413217753762032e-05,blend + compatibilizer
PHA,PHBV blend,8.156424581005586,99.94770475180388,0.05229524819611697,6.413217753762032e-05,blend + compatibilizer
PHA,PHBV blend,10.195530726256983,99.93463521342768,0.06536478657231726,6.413217753762032e-05,blend + compatibilizer
PHA,PHBV blend,12.234636871508378,99.92156738407355,0.07843261592644524,6.413217753762032e-05,blend + compatibilizer
PHA,PHBV blend,14.273743016759775,99.90850126351802,0.09149873648198081,6.413217753762032e-05,blend + compatibilizer
PHA,PHBV blend,16.312849162011172,99.89543685153761,0.10456314846238968,6.413217753762032e-05,blend + compatibilizer
PHA,PHBV blend,18.351955307262568,99.88237414790893,0.11762585209106646,6.413217753762032e-05,blend + compatibilizer
PHA,PHBV blend,20.391061452513966,99.8693131524086,0.1306868475914058,6.413217753762032e-05,blend + compatibilizer
PHA,PHBV blend,22.43016759776536,99.85625386481324,0.14374613518675972,6.413217753762032e-05,blend + compatibilizer
PHA,PHBV blend,24.469273743016757,99.8431962848995,0.1568037151004944,6.413217753762032e-05,blend + compatibilizer
PHA,PHBV blend,26.508379888268156,99.83014041244412,0.1698595875558766,6.413217753762032e-05,blend + compatibilizer
PHA,PHBV blend,28.54748603351955,99.8170862472238,0.18291375277620148,6.413217753762032e-05,blend + compatibilizer
PHA,PHBV blend,30.58659217877095,99.80403378901529,0.19596621098470735,6.413217753762032e-05,blend + compatibilizer
PHA,PHBV blend,32.625698324022345,99.7909830375954,0.2090169624046041,6.413217753762032e-05,blend + compatibilizer
PHA,PHBV blend,34.66480446927374,99.77793399274091,0.22206600725908743,6.413217753762032e-05,blend + compatibilizer
PHA,PHBV blend,36.703910614525135,99.76488665422868,0.2351133457713246,6.413217753762032e-05,blend + compatibilizer
PHA,PHBV blend,38.74301675977654,99.75184102183559,0.2481589781644118,6.413217753762032e-05,blend + compatibilizer
PHA,PHBV blend,40.78212290502793,99.73879709533854,0.26120290466145946,6.413217753762032e-05,blend + compatibilizer
PHA,PHBV blend,42.82122905027933,99.72575487451445,0.2742451254855496,6.413217753762032e-05,blend + compatibilizer
PHA,PHBV blend,44.86033519553072,99.71271435914028,0.2872856408597215,6.413217753762032e-05,blend + compatibilizer
PHA,PHBV blend,46.89944134078212,99.69967554899303,0.300324451006972,6.413217753762032e-05,blend + compatibilizer
PHA,PHBV blend,48.938547486033514,99.6866384438497,0.3133615561502978,6.413217753762032e-05,blend + compatibilizer
PHA,PHBV blend,50.977653631284916,99.67360304348738,0.32639695651262457,6.413217753762032e-05,blend + compatibilizer
PHA,PHBV blend,53.01675977653631,99.66056934768308,0.3394306523169206,6.413217753762032e-05,blend + compatibilizer
PHA,PHBV blend,55.055865921787706,99.64753735621397,0.3524626437860263,6.413217753762032e-05,blend + compatibilizer
PHA,PHBV blend,57.0949720670391,99.63450706885713,0.3654929311428674,6.413217753762032e-05,blend + compatibilizer
PHA,PHBV blend,59.1340782122905,99.62147848538977,0.3785215146102274,6.413217753762032e-05,blend + compatibilizer
PHA,PHBV blend,61.1731843575419,99.60845160558905,0.3915483944109468,6.413217753762032e-05,blend + compatibilizer
PHA,PHBV blend,63.212290502793294,99.59542642923222,0.40457357076778067,6.413217753762032e-05,blend + compatibilizer
PHA,PHBV blend,65.25139664804469,99.5824029560965,0.4175970439034984,6.413217753762032e-05,blend + compatibilizer
PHA,PHBV blend,67.29050279329608,99.56938118595919,0.4306188140408125,6.413217753762032e-05,blend + compatibilizer
PHA,PHBV blend,69.32960893854748,99.55636111859761,0.4436388814023928,6.413217753762032e-05,blend + compatibilizer
PHA,PHBV blend,71.36871508379888,99.54334275378908,0.4566572462109235,6.413217753762032e-05,blend + compatibilizer
PHA,PHBV blend,73.40782122905027,99.53032609131097,0.4696739086890318,6.413217753762032e-05,blend + compatibilizer
PHA,PHBV blend,75.44692737430167,99.51731113094067,0.4826888690593307,6.413217753762032e-05,blend + compatibilizer
PHA,PHBV blend,77.48603351955308,99.50429787245561,0.4957021275443907,6.413217753762032e-05,blend + compatibilizer
PHA,PHBV blend,79.52513966480447,99.49128631563326,0.5087136843667395,6.413217753762032e-05,blend + compatibilizer
PHA,PHBV blend,81.56424581005587,99.47827646025111,0.5217235397488906,6.413217753762032e-05,blend + compatibilizer
PHA,PHBV blend,83.60335195530726,99.46526830608664,0.5347316939133577,6.413217753762032e-05,blend + compatibilizer
PHA,PHBV blend,85.64245810055866,99.45226185291742,0.5477381470825833,6.413217753762032e-05,blend + compatibilizer
PHA,PHBV blend,87.68156424581005,99.439257100521,0.5607428994789956,6.413217753762032e-05,blend + compatibilizer
PHA,PHBV blend,89.72067039106145,99.426254048675,0.5737459513249945,6.413217753762032e-05,blend + compatibilizer
PHA,PHBV blend,91.75977653631284,99.41325269715703,0.5867473028429657,6.413217753762032e-05,blend + compatibilizer
PHA,PHBV blend,93.79888268156424,99.40025304574479,0.5997469542552096,6.413217753762032e-05,blend + compatibilizer
PHA,PHBV blend,95.83798882681563,99.38725509421592,0.6127449057840835,6.413217753762032e-05,blend + compatibilizer
PHA,PHBV blend,97.87709497206703,99.37425884234815,0.625741157651845,6.413217753762032e-05,blend + compatibilizer
PHA,PHBV blend,99.91620111731844,99.36126428991923,0.6387357100807662,6.413217753762032e-05,blend + compatibilizer
PHA,PHBV blend,101.95530726256983,99.34827143670695,0.6517285632930481,6.413217753762032e-05,blend + compatibilizer
PHA,PHBV blend,103.99441340782123,99.3352802824891,0.6647197175109056,6.413217753762032e-05,blend + compatibilizer
PHA,PHBV blend,106.03351955307262,99.32229082704349,0.6777091729565115,6.413217753762032e-05,blend + compatibilizer
PHA,PHBV blend,108.07262569832402,99.30930307014802,0.6906969298519812,6.413217753762032e-05,blend + compatibilizer
PHA,PHBV blend,110.11173184357541,99.29631701158057,0.7036829884194304,6.413217753762032e-05,blend + compatibilizer
PHA,PHBV blend,112.15083798882681,99.28333265111905,0.7166673488809465,6.413217753762032e-05,blend + compatibilizer
PHA,PHBV blend,114.1899441340782,99.27034998854143,0.729650011458574,6.413217753762032e-05,blend + compatibilizer
PHA,PHBV blend,116.2290502793296,99.25736902362566,0.7426309763743433,6.413217753762032e-05,blend + compatibilizer
PHA,PHBV blend,118.268156424581,99.24438975614976,0.7556102438502421,6.413217753762032e-05,blend + compatibilizer
PHA,PHBV blend,120.3072625698324,99.23141218589178,0.7685878141082156,6.413217753762032e-05,blend + compatibilizer
PHA,PHBV blend,122.3463687150838,99.21843631262976,0.7815636873702374,6.413217753762032e-05,blend + compatibilizer
PHA,PHBV blend,124.3854748603352,99.20546213614182,0.7945378638581815,6.413217753762032e-05,blend + compatibilizer
PHA,PHBV blend,126.42458100558659,99.19248965620608,0.807510343793922,6.413217753762032e-05,blend + compatibilizer
PHA,PHBV blend,128.46368715083798,99.17951887260065,0.8204811273993471,6.413217753762032e-05,blend + compatibilizer
PHA,PHBV blend,130.50279329608938,99.16654978510377,0.8334502148962315,6.413217753762032e-05,blend + compatibilizer
PHA,PHBV blend,132.54189944134077,99.15358239349364,0.846417606506364,6.413217753762032e-05,blend + compatibilizer
PHA,PHBV blend,134.58100558659217,99.14061669754845,0.8593833024515476,6.413217753762032e-05,blend + compatibilizer
PHA,PHBV blend,136.62011173184356,99.12765269704651,0.8723473029534858,6.413217753762032e-05,blend + compatibilizer
PHA,PHBV blend,138.65921787709496,99.11469039176613,0.8853096082338681,6.413217753762032e-05,blend + compatibilizer
PHA,PHBV blend,140.69832402234636,99.10172978148562,0.8982702185143836,6.413217753762032e-05,blend + compatibilizer
PHA,PHBV blend,142.73743016759775,99.0887708659833,0.9112291340166934,6.413217753762032e-05,blend + compatibilizer
PHA,PHBV blend,144.77653631284915,99.07581364503763,0.924186354962373,6.413217753762032e-05,blend + compatibilizer
PHA,PHBV blend,146.81564245810054,99.06285811842696,0.9371418815730408,6.413217753762032e-05,blend + compatibilizer
PHA,PHBV blend,148.85474860335194,99.04990428592974,0.9500957140702582,6.413217753762032e-05,blend + compatibilizer
PHA,PHBV blend,150.89385474860333,99.03695214732447,0.9630478526755297,6.413217753762032e-05,blend + compatibilizer
PHA,PHBV blend,152.93296089385476,99.02400170238963,0.9759982976103743,6.413217753762032e-05,blend + compatibilizer
PHA,PHBV blend,154.97206703910615,99.01105295090376,0.9889470490962395,6.413217753762032e-05,blend + compatibilizer
PHA,PHBV blend,157.01117318435755,98.9981058926454,1.0018941073546017,6.413217753762032e-05,blend + compatibilizer
PHA,PHBV blend,159.05027932960894,98.98516052739316,1.0148394726068375,6.413217753762032e-05,blend + compatibilizer
PHA,PHBV blend,161.08938547486034,98.97221685492565,1.027783145074352,6.413217753762032e-05,blend + compatibilizer
PHA,PHBV blend,163.12849162011173,98.95927487502149,1.0407251249785077,6.413217753762032e-05,blend + compatibilizer
PHA,PHBV blend,165.16759776536313,98.94633458745939,1.0536654125406102,6.413217753762032e-05,blend + compatibilizer
PHA,PHBV blend,167.20670391061452,98.93339599201803,1.0666040079819652,6.413217753762032e-05,blend + compatibilizer
PHA,PHBV blend,169.24581005586592,98.92045908847616,1.0795409115238357,6.413217753762032e-05,blend + compatibilizer
PHA,PHBV blend,171.2849162011173,98.90752387661253,1.0924761233874705,6.413217753762032e-05,blend + compatibilizer
PHA,PHBV blend,173.3240223463687,98.89459035620592,1.1054096437940757,6.413217753762032e-05,blend + compatibilizer
PHA,PHBV blend,175.3631284916201,98.88165852703517,1.118341472964829,6.413217753762032e-05,blend + compatibilizer
PHA,PHBV blend,177.4022346368715,98.8687283888791,1.1312716111208942,6.413217753762032e-05,blend + compatibilizer
PHA,PHBV blend,179.4413407821229,98.85579994151662,1.1442000584833778,6.413217753762032e-05,blend + compatibilizer
PHA,PHBV blend,181.4804469273743,98.84287318472661,1.1571268152733865,6.413217753762032e-05,blend + compatibilizer
PHA,PHBV blend,183.51955307262568,98.82994811828803,1.17005188171197,6.413217753762032e-05,blend + compatibilizer
PHA,PHBV blend,185.55865921787708,98.81702474197981,1.1829752580201927,6.413217753762032e-05,blend + compatibilizer
PHA,PHBV blend,187.59776536312847,98.80410305558095,1.1958969444190473,6.413217753762032e-05,blend + compatibilizer
PHA,PHBV blend,189.63687150837987,98.79118305887049,1.2088169411295127,6.413217753762032e-05,blend + compatibilizer
PHA,PHBV blend,191.67597765363126,98.77826475162747,1.221735248372525,6.413217753762032e-05,blend + compatibilizer
PHA,PHBV blend,193.71508379888266,98.76534813363097,1.2346518663690347,6.413217753762032e-05,blend + compatibilizer
PHA,PHBV blend,195.75418994413405,98.7524332046601,1.2475667953399068,6.413217753762032e-05,blend + compatibilizer
PHA,PHBV blend,197.79329608938548,98.73951996449398,1.2604800355060206,6.413217753762032e-05,blend + compatibilizer
PHA,PHBV blend,199.83240223463687,98.7266084129118,1.2733915870881987,6.413217753762032e-05,blend + compatibilizer
PHA,PHBV blend,201.87150837988827,98.71369854969274,1.2863014503072634,6.413217753762032e-05,blend + compatibilizer
PHA,PHBV blend,203.91061452513966,98.70079037461602,1.2992096253839804,6.413217753762032e-05,blend + compatibilizer
PHA,PHBV blend,205.94972067039106,98.6878838874609,1.3121161125391012,6.413217753762032e-05,blend + compatibilizer
PHA,PHBV blend,207.98882681564245,98.67497908800667,1.3250209119933345,6.413217753762032e-05,blend + compatibilizer
PHA,PHBV blend,210.02793296089385,98.66207597603261,1.337924023967389,6.413217753762032e-05,blend + compatibilizer
PHA,PHBV blend,212.06703910614524,98.64917455131808,1.350825448681917,6.413217753762032e-05,blend + compatibilizer
PHA,PHBV blend,214.10614525139664,98.63627481364246,1.3637251863575415,6.413217753762032e-05,blend + compatibilizer
PHA,PHBV blend,216.14525139664804,98.62337676278511,1.3766232372148863,6.413217753762032e-05,blend + compatibilizer
PHA,PHBV blend,218.18435754189943,98.6104803985255,1.389519601474504,6.413217753762032e-05,blend + compatibilizer
PHA,PHBV blend,220.22346368715083,98.59758572064305,1.4024142793569467,6.413217753762032e-05,blend + compatibilizer
PHA,PHBV blend,222.26256983240222,98.58469272891726,1.4153072710827388,6.413217753762032e-05,blend + compatibilizer
PHA,PHBV blend,224.30167597765362,98.57180142312764,1.4281985768723615,6.413217753762032e-05,blend + compatibilizer
PHA,PHBV blend,226.340782122905,98.55891180305372,1.441088196946282,6.413217753762032e-05,blend + compatibilizer
PHA,PHBV blend,228.3798882681564,98.54602386847507,1.453976131524925,6.413217753762032e-05,blend + compatibilizer
PHA,PHBV blend,230.4189944134078,98.5331376191713,1.466862380828701,6.413217753762032e-05,blend + compatibilizer
PHA,PHBV blend,232.4581005586592,98.52025305492204,1.479746945077963,6.413217753762032e-05,blend + compatibilizer
PHA,PHBV blend,234.4972067039106,98.50737017550692,1.4926298244930791,6.413217753762032e-05,blend + compatibilizer
PHA,PHBV blend,236.536312849162,98.49448898070565,1.505511019294346,6.413217753762032e-05,blend + compatibilizer
PHA,PHBV blend,238.57541899441338,98.48160947029794,1.5183905297020601,6.413217753762032e-05,blend + compatibilizer
PHA,PHBV blend,240.6145251396648,98.46873164406352,1.5312683559364757,6.413217753762032e-05,blend + compatibilizer
PHA,PHBV blend,242.6536312849162,98.45585550178217,1.5441444982178325,6.413217753762032e-05,blend + compatibilizer
PHA,PHBV blend,244.6927374301676,98.4429810432337,1.5570189567662993,6.413217753762032e-05,blend + compatibilizer
PHA,PHBV blend,246.731843575419,98.43010826819791,1.5698917318020875,6.413217753762032e-05,blend + compatibilizer
PHA,PHBV blend,248.7709497206704,98.41723717645469,1.582762823545309,6.413217753762032e-05,blend + compatibilizer
PHA,PHBV blend,250.81005586592178,98.40436776778391,1.59563223221609,6.413217753762032e-05,blend + compatibilizer
PHA,PHBV blend,252.84916201117318,98.39150004196549,1.608499958034514,6.413217753762032e-05,blend + compatibilizer
PHA,PHBV blend,254.88826815642457,98.37863399877936,1.6213660012206361,6.413217753762032e-05,blend + compatibilizer
PHA,PHBV blend,256.92737430167597,98.3657696380055,1.6342303619944971,6.413217753762032e-05,blend + compatibilizer
PHA,PHBV blend,258.96648044692733,98.35290695942393,1.6470930405760669,6.413217753762032e-05,blend + compatibilizer
PHA,PHBV blend,261.00558659217876,98.34004596281466,1.6599540371853436,6.413217753762032e-05,blend + compatibilizer
PHA,PHBV blend,263.0446927374302,98.32718664795776,1.6728133520422404,6.413217753762032e-05,blend + compatibilizer
PHA,PHBV blend,265.08379888268155,98.3143290146333,1.6856709853666985,6.413217753762032e-05,blend + compatibilizer
PHA,PHBV blend,267.122905027933,98.3014730626214,1.6985269373786025,6.413217753762032e-05,blend + compatibilizer
PHA,PHBV blend,269.16201117318434,98.28861879170223,1.711381208297766,6.413217753762032e-05,blend + compatibilizer
PHA,PHBV blend,271.20111731843576,98.27576620165594,1.7242337983440592,6.413217753762032e-05,blend + compatibilizer
PHA,PHBV blend,273.24022346368713,98.26291529226275,1.737084707737253,6.413217753762032e-05,blend + compatibilizer
PHA,PHBV blend,275.27932960893855,98.25006606330288,1.7499339366971185,6.413217753762032e-05,blend + compatibilizer
PHA,PHBV blend,277.3184357541899,98.23721851455657,1.7627814854434263,6.413217753762032e-05,blend + compatibilizer
PHA,PHBV blend,279.35754189944134,98.22437264580415,1.7756273541958478,6.413217753762032e-05,blend + compatibilizer
PHA,PHBV blend,281.3966480446927,98.21152845682593,1.7884715431740688,6.413217753762032e-05,blend + compatibilizer
PHA,PHBV blend,283.43575418994413,98.19868594740223,1.8013140525977747,6.413217753762032e-05,blend + compatibilizer
PHA,PHBV blend,285.4748603351955,98.18584511731345,1.8141548826865517,6.413217753762032e-05,blend + compatibilizer
PHA,PHBV blend,287.5139664804469,98.17300596633997,1.8269940336600285,6.413217753762032e-05,blend + compatibilizer
PHA,PHBV blend,289.5530726256983,98.16016849426224,1.839831505737763,6.413217753762032e-05,blend + compatibilizer
PHA,PHBV blend,291.5921787709497,98.14733270086072,1.8526672991392843,6.413217753762032e-05,blend + compatibilizer
PHA,PHBV blend,293.6312849162011,98.13449858591589,1.8655014140841075,6.413217753762032e-05,blend + compatibilizer
PHA,PHBV blend,295.6703910614525,98.12166614920828,1.8783338507917193,6.413217753762032e-05,blend + compatibilizer
PHA,PHBV blend,297.7094972067039,98.10883539051844,1.8911646094815637,6.413217753762032e-05,blend + compatibilizer
PHA,PHBV blend,299.7486033519553,98.09600630962693,1.9039936903730705,6.413217753762032e-05,blend + compatibilizer
PHA,PHBV blend,301.78770949720666,98.08317890631437,1.916821093685627,6.413217753762032e-05,blend + compatibilizer
PHA,PHBV blend,303.8268156424581,98.0703531803614,1.9296468196386058,6.413217753762032e-05,blend + compatibilizer
PHA,PHBV blend,305.8659217877095,98.05752913154865,1.9424708684513519,6.413217753762032e-05,blend + compatibilizer
PHA,PHBV blend,307.9050279329609,98.04470675965683,1.9552932403431669,6.413217753762032e-05,blend + compatibilizer
PHA,PHBV blend,309.9441340782123,98.03188606446668,1.9681139355333244,6.413217753762032e-05,blend + compatibilizer
PHA,PHBV blend,311.98324022346367,98.01906704575892,1.9809329542410836,6.413217753762032e-05,blend + compatibilizer
PHA,PHBV blend,314.0223463687151,98.00624970331432,1.9937502966856755,6.413217753762032e-05,blend + compatibilizer
PHA,PHBV blend,316.06145251396646,97.99343403691371,2.006565963086288,6.413217753762032e-05,blend + compatibilizer
PHA,PHBV blend,318.1005586592179,97.98062004633793,2.0193799536620674,6.413217753762032e-05,blend + compatibilizer
PHA,PHBV blend,320.13966480446925,97.96780773136781,2.032192268632187,6.413217753762032e-05,blend + compatibilizer
PHA,PHBV blend,322.1787709497207,97.95499709178428,2.0450029082157215,6.413217753762032e-05,blend + compatibilizer
PHA,PHBV blend,324.21787709497204,97.94218812736823,2.057811872631774,6.413217753762032e-05,blend + compatibilizer
PHA,PHBV blend,326.25698324022346,97.92938083790061,2.0706191620993906,6.413217753762032e-05,blend + compatibilizer
PHA,PHBV blend,328.29608938547483,97.91657522316241,2.083424776837589,6.413217753762032e-05,blend + compatibilizer
PHA,PHBV blend,330.33519553072625,97.90377128293463,2.0962287170653724,6.413217753762032e-05,blend + compatibilizer
PHA,PHBV blend,332.3743016759776,97.89096901699831,2.109030983001688,6.413217753762032e-05,blend + compatibilizer
PHA,PHBV blend,334.41340782122904,97.8781684251345,2.121831574865496,6.413217753762032e-05,blend + compatibilizer
PHA,PHBV blend,336.4525139664804,97.86536950712433,2.1346304928756723,6.413217753762032e-05,blend + compatibilizer
PHA,PHBV blend,338.49162011173183,97.85257226274886,2.1474277372511352,6.413217753762032e-05,blend + compatibilizer
PHA,PHBV blend,340.5307262569832,97.8397766917893,2.1602233082107034,6.413217753762032e-05,blend + compatibilizer
PHA,PHBV blend,342.5698324022346,97.82698279402678,2.173017205973224,6.413217753762032e-05,blend + compatibilizer
PHA,PHBV blend,344.608938547486,97.81419056924253,2.185809430757473,6.413217753762032e-05,blend + compatibilizer
PHA,PHBV blend,346.6480446927374,97.80140001721777,2.198599982782227,6.413217753762032e-05,blend + compatibilizer
PHA,PHBV blend,348.68715083798884,97.7886111377338,2.2113888622662046,6.413217753762032e-05,blend + compatibilizer
PHA,PHBV blend,350.7262569832402,97.77582393057187,2.2241760694281254,6.413217753762032e-05,blend + compatibilizer
PHA,PHBV blend,352.76536312849163,97.76303839551332,2.2369616044866802,6.413217753762032e-05,blend + compatibilizer
PHA,PHBV blend,354.804469273743,97.7502545323395,2.249745467660503,6.413217753762032e-05,blend + compatibilizer
PHA,PHBV blend,356.8435754189944,97.73747234083179,2.2625276591682137,6.413217753762032e-05,blend + compatibilizer
PHA,PHBV blend,358.8826815642458,97.72469182077158,2.2753081792284178,6.413217753762032e-05,blend + compatibilizer
PHA,PHBV blend,360.9217877094972,97.71191297194034,2.288087028059664,6.413217753762032e-05,blend + compatibilizer
PHA,PHBV blend,362.9608938547486,97.69913579411948,2.300864205880515,6.413217753762032e-05,blend + compatibilizer
PHA,PHBV blend,365.0,97.68636028709055,2.313639712909449,6.413217753762032e-05,blend + compatibilizer
PBS,Standard,0.0,100.0,0.0,3.0157426108744094e-05,baseline
PBS,Standard,2.0391061452513966,99.99385076978258,0.006149230217417312,3.0157426108744094e-05,baseline
PBS,Standard,4.078212290502793,99.98770191769549,0.012298082304511126,3.0157426108744094e-05,baseline
PBS,Standard,6.117318435754189,99.98155344371547,0.018446556284530402,3.0157426108744094e-05,baseline
PBS,Standard,8.156424581005586,99.97540534781926,0.024594652180738308,3.0157426108744094e-05,baseline
PBS,Standard,10.195530726256983,99.96925762998362,0.030742370016383802,3.0157426108744094e-05,baseline
PBS,Standard,12.234636871508378,99.96311029018531,0.03688970981468742,3.0157426108744094e-05,baseline
PBS,Standard,14.273743016759775,99.95696332840107,0.043036671598926546,3.0157426108744094e-05,baseline
PBS,Standard,16.312849162011172,99.95081674460768,0.04918325539232171,3.0157426108744094e-05,baseline
PBS,Standard,18.351955307262568,99.94467053878185,0.0553294612181503,3.0157426108744094e-05,baseline
PBS,Standard,20.391061452513966,99.9385247109004,0.061475289099604424,3.0157426108744094e-05,baseline
PBS,Standard,22.43016759776536,99.93237926094002,0.06762073905997568,3.0157426108744094e-05,baseline
PBS,Standard,24.469273743016757,99.92623418887753,0.07376581112247038,3.0157426108744094e-05,baseline
PBS,Standard,26.508379888268156,99.92008949468966,0.0799105053103375,3.0157426108744094e-05,baseline
PBS,Standard,28.54748603351955,99.91394517835317,0.08605482164682599,3.0157426108744094e-05,baseline
PBS,Standard,30.58659217877095,99.90780123984486,0.09219876015514217,3.0157426108744094e-05,baseline
PBS,Standard,32.625698324022345,99.90165767914145,0.09834232085854921,3.0157426108744094e-05,baseline
PBS,Standard,34.66480446927374,99.89551449621975,0.10448550378025345,3.0157426108744094e-05,baseline
PBS,Standard,36.703910614525135,99.8893716910565,0.11062830894350384,3.0157426108744094e-05,baseline
PBS,Standard,38.74301675977654,99.88322926362848,0.11677073637152091,3.0157426108744094e-05,baseline
PBS,Standard,40.78212290502793,99.87708721391247,0.1229127860875252,3.0157426108744094e-05,baseline
PBS,Standard,42.82122905027933,99.87094554188523,0.12905445811476568,3.0157426108744094e-05,baseline
PBS,Standard,44.86033519553072,99.86480424752355,0.13519575247644866,3.0157426108744094e-05,baseline
PBS,Standard,46.89944134078212,99.8586633308042,0.14133666919579468,3.0157426108744094e-05,baseline
PBS,Standard,48.938547486033514,99.85252279170396,0.1474772082960385,3.0157426108744094e-05,baseline
PBS,Standard,50.977653631284916,99.8463826301996,0.15361736980040064,3.0157426108744094e-05,baseline
PBS,Standard,53.01675977653631,99.84024284626788,0.15975715373211585,3.0157426108744094e-05,baseline
PBS,Standard,55.055865921787706,99.83410343988565,0.16589656011434784,3.0157426108744094e-05,baseline
PBS,Standard,57.0949720670391,99.82796441102964,0.17203558897035975,3.0157426108744094e-05,baseline
PBS,Standard,59.1340782122905,99.82182575967664,0.17817424032335794,3.0157426108744094e-05,baseline
PBS,Standard,61.1731843575419,99.81568748580345,0.1843125141965487,3.0157426108744094e-05,baseline
PBS,Standard,63.212290502793294,99.80954958938685,0.1904504106131526,3.0157426108744094e-05,baseline
PBS,Standard,65.25139664804469,99.80341207040362,0.19658792959637594,3.0157426108744094e-05,baseline
PBS,Standard,67.29050279329608,99.79727492883057,0.20272507116942506,3.0157426108744094e-05,baseline
PBS,Standard,69.32960893854748,99.7911381646445,0.2088618353555063,3.0157426108744094e-05,baseline
PBS,Standard,71.36871508379888,99.78500177782217,0.21499822217782594,3.0157426108744094e-05,baseline
PBS,Standard,73.40782122905027,99.7788657683404,0.22113423165960455,3.0157426108744094e-05,baseline
PBS,Standard,75.44692737430167,99.77273013617597,0.22726986382403425,3.0157426108744094e-05,baseline
PBS,Standard,77.48603351955308,99.76659488130569,0.23340511869430713,3.0157426108744094e-05,baseline
PBS,Standard,79.52513966480447,99.76046000370637,0.23953999629362954,3.0157426108744094e-05,baseline
PBS,Standard,81.56424581005587,99.75432550335478,0.245674496645222,3.0157426108744094e-05,baseline
PBS,Standard,83.60335195530726,99.74819138022775,0.2518086197722482,3.0157426108744094e-05,baseline
PBS,Standard,85.64245810055866,99.74205763430207,0.2579423656979287,3.0157426108744094e-05,baseline
PBS,Standard,87.68156424581005,99.73592426555454,0.2640757344454556,3.0157426108744094e-05,baseline
PBS,Standard,89.72067039106145,99.729791273962,0.27020872603800683,3.0157426108744094e-05,baseline
PBS,Standard,91.75977653631284,99.7236586595012,0.2763413404988029,3.0157426108744094e-05,baseline
PBS,Standard,93.79888268156424,99.71752642214899,0.28247357785100746,3.0157426108744094e-05,baseline
PBS,Standard,95.83798882681563,99.71139456188219,0.2886054381178127,3.0157426108744094e-05,baseline
PBS,Standard,97.87709497206703,99.70526307867758,0.2947369213224249,3.0157426108744094e-05,baseline
PBS,Standard,99.91620111731844,99.69913197251198,0.300868027488022,3.0157426108744094e-05,baseline
PBS,Standard,101.95530726256983,99.69300124336222,0.30699875663778187,3.0157426108744094e-05,baseline
PBS,Standard,103.99441340782123,99.68687089120512,0.3131291087948824,3.0157426108744094e-05,baseline
PBS,Standard,106.03351955307262,99.68074091601747,0.31925908398253,3.0157426108744094e-05,baseline
PBS,Standard,108.07262569832402,99.67461131777611,0.3253886822238883,3.0157426108744094e-05,baseline
PBS,Standard,110.11173184357541,99.66848209645788,0.33151790354212096,3.0157426108744094e-05,baseline
PBS,Standard,112.15083798882681,99.66235325203957,0.33764674796043437,3.0157426108744094e-05,baseline
PBS,Standard,114.1899441340782,99.656224784498,0.3437752155020064,3.0157426108744094e-05,baseline
PBS,Standard,116.2290502793296,99.65009669381001,0.34990330618998655,3.0157426108744094e-05,baseline
PBS,Standard,118.268156424581,99.64396897995242,0.35603102004758114,3.0157426108744094e-05,baseline
PBS,Standard,120.3072625698324,99.63784164290207,0.36215835709792543,3.0157426108744094e-05,baseline
PBS,Standard,122.3463687150838,99.63171468263579,0.36828531736421155,3.0157426108744094e-05,baseline
PBS,Standard,124.3854748603352,99.6255880991304,0.3744119008696032,3.0157426108744094e-05,baseline
PBS,Standard,126.42458100558659,99.61946189236272,0.38053810763727824,3.0157426108744094e-05,baseline
PBS,Standard,128.46368715083798,99.61333606230961,0.3866639376903862,3.0157426108744094e-05,baseline
PBS,Standard,130.50279329608938,99.60721060894788,0.3927893910521192,3.0157426108744094e-05,baseline
PBS,Standard,132.54189944134077,99.60108553225439,0.39891446774561246,3.0157426108744094e-05,baseline
PBS,Standard,134.58100558659217,99.59496083220597,0.4050391677940297,3.0157426108744094e-05,baseline
PBS,Standard,136.62011173184356,99.58883650877944,0.41116349122056306,3.0157426108744094e-05,baseline
PBS,Standard,138.65921787709496,99.58271256195167,0.41728743804833357,3.0157426108744094e-05,baseline
PBS,Standard,140.69832402234636,99.5765889916995,0.42341100830050493,3.0157426108744094e-05,baseline
PBS,Standard,142.73743016759775,99.57046579799974,0.42953420200025505,3.0157426108744094e-05,baseline
PBS,Standard,144.77653631284915,99.56434298082925,0.4356570191707476,3.0157426108744094e-05,baseline
PBS,Standard,146.81564245810054,99.55822054016491,0.4417794598350895,3.0157426108744094e-05,baseline
PBS,Standard,148.85474860335194,99.55209847598353,0.44790152401647276,3.0157426108744094e-05,baseline
PBS,Standard,150.89385474860333,99.54597678826197,0.45402321173803273,3.0157426108744094e-05,baseline
PBS,Standard,152.93296089385476,99.53985547697708,0.46014452302291886,3.0157426108744094e-05,baseline
PBS,Standard,154.97206703910615,99.53373454210572,0.46626545789428064,3.0157426108744094e-05,baseline
PBS,Standard,157.01117318435755,99.52761398362473,0.47238601637526756,3.0157426108744094e-05,baseline
PBS,Standard,159.05027932960894,99.52149380151097,0.4785061984890291,3.0157426108744094e-05,baseline
PBS,Standard,161.08938547486034,99.51537399574131,0.4846260042586863,3.0157426108744094e-05,baseline
PBS,Standard,163.12849162011173,99.50925456629258,0.4907454337074171,3.0157426108744094e-05,baseline
PBS,Standard,165.16759776536313,99.50313551314166,0.4968644868583425,3.0157426108744094e-05,baseline
PBS,Standard,167.20670391061452,99.49701683626542,0.5029831637345836,3.0157426108744094e-05,baseline
PBS,Standard,169.24581005586592,99.4908985356407,0.5091014643593041,3.0157426108744094e-05,baseline
PBS,Standard,171.2849162011173,99.48478061124435,0.5152193887556535,3.0157426108744094e-05,baseline
PBS,Standard,173.3240223463687,99.47866306305328,0.5213369369467244,3.0157426108744094e-05,baseline
PBS,Standard,175.3631284916201,99.47254589104432,0.5274541089556806,3.0157426108744094e-05,baseline
PBS,Standard,177.4022346368715,99.46642909519436,0.533570904805643,3.0157426108744094e-05,baseline
PBS,Standard,179.4413407821229,99.46031267548024,0.5396873245197611,3.0157426108744094e-05,baseline
PBS,Standard,181.4804469273743,99.45419663187887,0.5458033681211276,3.0157426108744094e-05,baseline
PBS,Standard,183.51955307262568,99.44808096436708,0.5519190356329204,3.0157426108744094e-05,baseline
PBS,Standard,185.55865921787708,99.44196567292178,0.558034327078218,3.0157426108744094e-05,baseline
PBS,Standard,187.59776536312847,99.43585075751983,0.5641492424801697,3.0157426108744094e-05,baseline
PBS,Standard,189.63687150837987,99.4297362181381,0.5702637818618967,3.0157426108744094e-05,baseline
PBS,Standard,191.67597765363126,99.42362205475348,0.5763779452465201,3.0157426108744094e-05,baseline
PBS,Standard,193.71508379888266,99.41750826734284,0.5824917326571608,3.0157426108744094e-05,baseline
PBS,Standard,195.75418994413405,99.41139485588305,0.5886051441169542,3.0157426108744094e-05,baseline
PBS,Standard,197.79329608938548,99.40528182035102,0.5947181796489787,3.0157426108744094e-05,baseline
PBS,Standard,199.83240223463687,99.39916916072362,0.6008308392763837,3.0157426108744094e-05,baseline
PBS,Standard,201.87150837988827,99.39305687697771,0.6069431230222904,3.0157426108744094e-05,baseline
PBS,Standard,203.91061452513966,99.38694496909022,0.6130550309097771,3.0157426108744094e-05,baseline
PBS,Standard,205.94972067039106,99.38083343703802,0.6191665629619791,3.0157426108744094e-05,baseline
PBS,Standard,207.98882681564245,99.37472228079798,0.6252777192020176,3.0157426108744094e-05,baseline
PBS,Standard,210.02793296089385,99.36861150034701,0.631388499652985,3.0157426108744094e-05,baseline
PBS,Standard,212.06703910614524,99.362501095662,0.6374989043380026,3.0157426108744094e-05,baseline
PBS,Standard,214.10614525139664,99.35639106671985,0.6436089332801487,3.0157426108744094e-05,baseline
PBS,Standard,216.14525139664804,99.35028141349744,0.6497185865025585,3.0157426108744094e-05,baseline
PBS,Standard,218.18435754189943,99.34417213597168,0.6558278640283248,3.0157426108744094e-05,baseline
PBS,Standard,220.22346368715083,99.33806323411945,0.6619367658805544,3.0157426108744094e-05,baseline
PBS,Standard,222.26256983240222,99.33195470791766,0.6680452920823399,3.0157426108744094e-05,baseline
PBS,Standard,224.30167597765362,99.3258465573432,0.6741534426568023,3.0157426108744094e-05,baseline
PBS,Standard,226.340782122905,99.319738782373,0.680261217627006,3.0157426108744094e-05,baseline
PBS,Standard,228.3798882681564,99.31363138298393,0.6863686170160719,3.0157426108744094e-05,baseline
PBS,Standard,230.4189944134078,99.30752435915291,0.6924756408470927,3.0157426108744094e-05,baseline
PBS,Standard,232.4581005586592,99.30141771085684,0.698582289143161,3.0157426108744094e-05,baseline
PBS,Standard,234.4972067039106,99.29531143807264,0.7046885619273553,3.0157426108744094e-05,baseline
PBS,Standard,236.536312849162,99.28920554077722,0.7107944592227824,3.0157426108744094e-05,baseline
PBS,Standard,238.57541899441338,99.28310001894747,0.7168999810525349,3.0157426108744094e-05,baseline
PBS,Standard,240.6145251396648,99.27699487256031,0.7230051274396914,3.0157426108744094e-05,baseline
PBS,Standard,242.6536312849162,99.27089010159267,0.7291098984073301,3.0157426108744094e-05,baseline
PBS,Standard,244.6927374301676,99.26478570602144,0.735214293978558,3.0157426108744094e-05,baseline
PBS,Standard,246.731843575419,99.25868168582355,0.7413183141764534,3.0157426108744094e-05,baseline
PBS,Standard,248.7709497206704,99.25257804097592,0.7474219590240807,3.0157426108744094e-05,baseline
PBS,Standard,250.81005586592178,99.24647477145545,0.7535252285445466,3.0157426108744094e-05,baseline
PBS,Standard,252.84916201117318,99.24037187723907,0.7596281227609296,3.0157426108744094e-05,baseline
PBS,Standard,254.88826815642457,99.23426935830373,0.7657306416962655,3.0157426108744094e-05,baseline
PBS,Standard,256.92737430167597,99.22816721462631,0.7718327853736895,3.0157426108744094e-05,baseline
PBS,Standard,258.96648044692733,99.22206544618376,0.7779345538162374,3.0157426108744094e-05,baseline
PBS,Standard,261.00558659217876,99.215964052953,0.784035947047002,3.0157426108744094e-05,baseline
PBS,Standard,263.0446927374302,99.20986303491095,0.7901369650890473,3.0157426108744094e-05,baseline
PBS,Standard,265.08379888268155,99.20376239203455,0.7962376079654518,3.0157426108744094e-05,baseline
PBS,Standard,267.122905027933,99.19766212430072,0.8023378756992798,3.0157426108744094e-05,baseline
PBS,Standard,269.16201117318434,99.1915622316864,0.8084377683135955,3.0157426108744094e-05,baseline
PBS,Standard,271.20111731843576,99.18546271416852,0.8145372858314772,3.0157426108744094e-05,baseline
PBS,Standard,273.24022346368713,99.17936357172402,0.820636428275975,3.0157426108744094e-05,baseline
PBS,Standard,275.27932960893855,99.17326480432982,0.8267351956701816,3.0157426108744094e-05,baseline
PBS,Standard,277.3184357541899,99.16716641196287,0.8328335880371327,3.0157426108744094e-05,baseline
PBS,Standard,279.35754189944134,99.16106839460012,0.8389316053998783,3.0157426108744094e-05,baseline
PBS,Standard,281.3966480446927,99.15497075221847,0.8450292477815253,3.0157426108744094e-05,baseline
PBS,Standard,283.43575418994413,99.1488734847949,0.8511265152050953,3.0157426108744094e-05,baseline
PBS,Standard,285.4748603351955,99.14277659230635,0.8572234076936525,3.0157426108744094e-05,baseline
PBS,Standard,287.5139664804469,99.13668007472975,0.8633199252702468,3.0157426108744094e-05,baseline
PBS,Standard,289.5530726256983,99.13058393204204,0.8694160679579568,3.0157426108744094e-05,baseline
PBS,Standard,291.5921787709497,99.1244881642202,0.875511835779804,3.0157426108744094e-05,baseline
PBS,Standard,293.6312849162011,99.11839277124113,0.8816072287588668,3.0157426108744094e-05,baseline
PBS,Standard,295.6703910614525,99.11229775308183,0.8877022469181668,3.0157426108744094e-05,baseline
PBS,Standard,297.7094972067039,99.10620310971923,0.8937968902807683,3.0157426108744094e-05,baseline
PBS,Standard,299.7486033519553,99.10010884113026,0.8998911588697354,3.0157426108744094e-05,baseline
PBS,Standard,301.78770949720666,99.09401494729191,0.9059850527080897,3.0157426108744094e-05,baseline
PBS,Standard,303.8268156424581,99.08792142818112,0.9120785718188813,3.0157426108744094e-05,baseline
PBS,Standard,305.8659217877095,99.08182828377485,0.9181717162251459,3.0157426108744094e-05,baseline
PBS,Standard,307.9050279329609,99.07573551405005,0.9242644859499478,3.0157426108744094e-05,baseline
PBS,Standard,309.9441340782123,99.06964311898369,0.9303568810163085,3.0157426108744094e-05,baseline
PBS,Standard,311.98324022346367,99.06355109855272,0.9364489014472781,3.0157426108744094e-05,baseline
PBS,Standard,314.0223463687151,99.05745945273414,0.9425405472658639,3.0157426108744094e-05,baseline
PBS,Standard,316.06145251396646,99.05136818150486,0.9486318184951443,3.0157426108744094e-05,baseline
PBS,Standard,318.1005586592179,99.04527728484187,0.9547227151581268,3.0157426108744094e-05,baseline
PBS,Standard,320.13966480446925,99.03918676272215,0.9608132372778471,3.0157426108744094e-05,baseline
PBS,Standard,322.1787709497207,99.03309661512264,0.9669033848773552,3.0157426108744094e-05,baseline
PBS,Standard,324.21787709497204,99.02700684202034,0.9729931579796585,3.0157426108744094e-05,baseline
PBS,Standard,326.25698324022346,99.02091744339222,0.9790825566077785,3.0157426108744094e-05,baseline
PBS,Standard,328.29608938547483,99.01482841921522,0.9851715807847796,3.0157426108744094e-05,baseline
PBS,Standard,330.33519553072625,99.00873976946635,0.9912602305336549,3.0157426108744094e-05,baseline
PBS,Standard,332.3743016759776,99.00265149412255,0.9973485058774543,3.0157426108744094e-05,baseline
PBS,Standard,334.41340782122904,98.99656359316083,1.003436406839171,3.0157426108744094e-05,baseline
PBS,Standard,336.4525139664804,98.99047606655816,1.0095239334418409,3.0157426108744094e-05,baseline
PBS,Standard,338.49162011173183,98.9843889142915,1.0156110857084997,3.0157426108744094e-05,baseline
PBS,Standard,340.5307262569832,98.97830213633786,1.0216978636621405,3.0157426108744094e-05,baseline
PBS,Standard,342.5698324022346,98.9722157326742,1.0277842673257993,3.0157426108744094e-05,baseline
PBS,Standard,344.608938547486,98.96612970327753,1.033870296722469,3.0157426108744094e-05,baseline
PBS,Standard,346.6480446927374,98.9600440481248,1.0399559518752,3.0157426108744094e-05,baseline
PBS,Standard,348.68715083798884,98.95395876719301,1.046041232806985,3.0157426108744094e-05,baseline
PBS,Standard,350.7262569832402,98.94787386045918,1.0521261395408175,3.0157426108744094e-05,baseline
PBS,Standard,352.76536312849163,98.94178932790025,1.0582106720997473,3.0157426108744094e-05,baseline
PBS,Standard,354.804469273743,98.93570516949325,1.0642948305067534,3.0157426108744094e-05,baseline
PBS,Standard,356.8435754189944,98.92962138521514,1.0703786147848575,3.0157426108744094e-05,baseline
PBS,Standard,358.8826815642458,98.92353797504296,1.0764620249570385,3.0157426108744094e-05,baseline
PBS,Standard,360.9217877094972,98.91745493895365,1.0825450610463463,3.0157426108744094e-05,baseline
PBS,Standard,362.9608938547486,98.91137227692425,1.0886277230757457,3.0157426108744094e-05,baseline
PBS,Standard,365.0,98.90528998893173,1.0947100110682726,3.0157426108744094e-05,baseline
PBS,Branched PBS,0.0,100.0,0.0,4.881942157047893e-05,branching increases water uptake
PBS,Branched PBS,2.0391061452513966,99.9900456972204,0.009954302779604518,4.881942157047893e-05,branching increases water uptake
PBS,Branched PBS,4.078212290502793,99.98009238532224,0.019907614677762808,4.881942157047893e-05,branching increases water uptake
PBS,Branched PBS,6.117318435754189,99.97014006420687,0.029859935793126624,4.881942157047893e-05,branching increases water uptake
PBS,Branched PBS,8.156424581005586,99.9601887337757,0.039811266224305086,4.881942157047893e-05,branching increases water uptake
PBS,Branched PBS,10.195530726256983,99.95023839393009,0.049761606069907316,4.881942157047893e-05,branching increases water uptake
PBS,Branched PBS,12.234636871508378,99.94028904457143,0.059710955428570855,4.881942157047893e-05,branching increases water uptake
PBS,Branched PBS,14.273743016759775,99.93034068560112,0.0696593143988764,4.881942157047893e-05,branching increases water uptake
PBS,Branched PBS,16.312849162011172,99.9203933169206,0.07960668307940466,4.881942157047893e-05,branching increases water uptake
PBS,Branched PBS,18.351955307262568,99.91044693843126,0.08955306156873633,4.881942157047893e-05,branching increases water uptake
PBS,Branched PBS,20.391061452513966,99.90050155003456,0.09949844996543789,4.881942157047893e-05,branching increases water uptake
PBS,Branched PBS,22.43016759776536,99.89055715163192,0.10944284836807583,4.881942157047893e-05,branching increases water uptake
PBS,Branched PBS,24.469273743016757,99.88061374312484,0.1193862568751598,4.881942157047893e-05,branching increases water uptake
PBS,Branched PBS,26.508379888268156,99.87067132441472,0.1293286755852847,4.881942157047893e-05,branching increases water uptake
PBS,Branched PBS,28.54748603351955,99.86072989540308,0.13927010459691758,4.881942157047893e-05,branching increases water uptake
PBS,Branched PBS,30.58659217877095,99.85078945599136,0.1492105440086391,4.881942157047893e-05,branching increases water uptake
PBS,Branched PBS,32.625698324022345,99.8408500060811,0.15914999391890206,4.881942157047893e-05,branching increases water uptake
PBS,Branched PBS,34.66480446927374,99.83091154557377,0.16908845442623033,4.881942157047893e-05,branching increases water uptake
PBS,Branched PBS,36.703910614525135,99.8209740743709,0.17902592562910513,4.881942157047893e-05,branching increases water uptake
PBS,Branched PBS,38.74301675977654,99.81103759237399,0.1889624076260077,4.881942157047893e-05,branching increases water uptake
PBS,Branched PBS,40.78212290502793,99.80110209948458,0.19889790051541922,4.881942157047893e-05,branching increases water uptake
PBS,Branched PBS,42.82122905027933,99.79116759560422,0.20883240439577833,4.881942157047893e-05,branching increases water uptake
PBS,Branched PBS,44.86033519553072,99.78123408063446,0.2187659193655378,4.881942157047893e-05,branching increases water uptake
PBS,Branched PBS,46.89944134078212,99.77130155447685,0.22869844552315044,4.881942157047893e-05,branching increases water uptake
PBS,Branched PBS,48.938547486033514,99.76137001703297,0.23862998296702642,4.881942157047893e-05,branching increases water uptake
PBS,Branched PBS,50.977653631284916,99.75143946820441,0.24856053179559012,4.881942157047893e-05,branching increases water uptake
PBS,Branched PBS,53.01675977653631,99.74150990789273,0.2584900921072659,4.881942157047893e-05,branching increases water uptake
PBS,Branched PBS,55.055865921787706,99.73158133599955,0.2684186640004498,4.881942157047893e-05,branching increases water uptake
PBS,Branched PBS,57.0949720670391,99.72165375242649,0.27834624757350923,4.881942157047893e-05,branching increases water uptake
PBS,Branched PBS,59.1340782122905,99.71172715707515,0.28827284292485444,4.881942157047893e-05,branching increases water uptake
PBS,Branched PBS,61.1731843575419,99.70180154984718,0.29819845015282453,4.881942157047893e-05,branching increases water uptake
PBS,Branched PBS,63.212290502793294,99.69187693064418,0.30812306935581546,4.881942157047893e-05,branching increases water uptake
PBS,Branched PBS,65.25139664804469,99.68195329936785,0.3180467006321521,4.881942157047893e-05,branching increases water uptake
PBS,Branched PBS,67.29050279329608,99.67203065591981,0.32796934408018785,4.881942157047893e-05,branching increases water uptake
PBS,Branched PBS,69.32960893854748,99.66210900020174,0.33789099979826176,4.881942157047893e-05,branching increases water uptake
PBS,Branched PBS,71.36871508379888,99.65218833211532,0.34781166788468454,4.881942157047893e-05,branching increases water uptake
PBS,Branched PBS,73.40782122905027,99.64226865156225,0.35773134843775267,4.881942157047893e-05,branching increases water uptake
PBS,Branched PBS,75.44692737430167,99.63234995844421,0.36765004155579106,4.881942157047893e-05,branching increases water uptake
PBS,Branched PBS,77.48603351955308,99.62243225266292,0.377567747337082,4.881942157047893e-05,branching increases water uptake
PBS,Branched PBS,79.52513966480447,99.61251553412009,0.3874844658799077,4.881942157047893e-05,branching increases water uptake
PBS,Branched PBS,81.56424581005587,99.60259980271745,0.3974001972825505,4.881942157047893e-05,branching increases water uptake
PBS,Branched PBS,83.60335195530726,99.59268505835674,0.4073149416432642,4.881942157047893e-05,branching increases water uptake
PBS,Branched PBS,85.64245810055866,99.5827713009397,0.4172286990603027,4.881942157047893e-05,branching increases water uptake
PBS,Branched PBS,87.68156424581005,99.5728585303681,0.4271414696319056,4.881942157047893e-05,branching increases water uptake
PBS,Branched PBS,89.72067039106145,99.56294674654367,0.43705325345632673,4.881942157047893e-05,branching increases water uptake
PBS,Branched PBS,91.75977653631284,99.55303594936822,0.44696405063177735,4.881942157047893e-05,branching increases water uptake
PBS,Branched PBS,93.79888268156424,99.54312613874356,0.45687386125644025,4.881942157047893e-05,branching increases water uptake
PBS,Branched PBS,95.83798882681563,99.53321731457142,0.4667826854285835,4.881942157047893e-05,branching increases water uptake
PBS,Branched PBS,97.87709497206703,99.52330947675365,0.4766905232463472,4.881942157047893e-05,branching increases water uptake
PBS,Branched PBS,99.91620111731844,99.51340262519206,0.48659737480794263,4.881942157047893e-05,branching increases water uptake
PBS,Branched PBS,101.95530726256983,99.50349675978846,0.49650324021153835,4.881942157047893e-05,branching increases water uptake
PBS,Branched PBS,103.99441340782123,99.49359188044471,0.5064081195552887,4.881942157047893e-05,branching increases water uptake
PBS,Branched PBS,106.03351955307262,99.48368798706262,0.5163120129373766,4.881942157047893e-05,branching increases water uptake
PBS,Branched PBS,108.07262569832402,99.4737850795441,0.5262149204558995,4.881942157047893e-05,branching increases water uptake
PBS,Branched PBS,110.11173184357541,99.46388315779095,0.5361168422090543,4.881942157047893e-05,branching increases water uptake
PBS,Branched PBS,112.15083798882681,99.45398222170508,0.5460177782949245,4.881942157047893e-05,branching increases water uptake
PBS,Branched PBS,114.1899441340782,99.44408227118836,0.5559177288116359,4.881942157047893e-05,branching increases water uptake
PBS,Branched PBS,116.2290502793296,99.43418330614269,0.5658166938573146,4.881942157047893e-05,branching increases water uptake
PBS,Branched PBS,118.268156424581,99.42428532646997,0.5757146735300296,4.881942157047893e-05,branching increases water uptake
PBS,Branched PBS,120.3072625698324,99.41438833207214,0.5856116679278642,4.881942157047893e-05,branching increases water uptake
PBS,Branched PBS,122.3463687150838,99.40449232285107,0.5955076771489303,4.881942157047893e-05,branching increases water uptake
PBS,Branched PBS,124.3854748603352,99.39459729870873,0.6054027012912684,4.881942157047893e-05,branching increases water uptake
PBS,Branched PBS,126.42458100558659,99.38470325954705,0.6152967404529477,4.881942157047893e-05,branching increases water uptake
PBS,Branched PBS,128.46368715083798,99.37481020526799,0.6251897947320089,4.881942157047893e-05,branching increases water uptake
PBS,Branched PBS,130.50279329608938,99.36491813577352,0.6350818642264784,4.881942157047893e-05,branching increases water uptake
PBS,Branched PBS,132.54189944134077,99.35502705096557,0.6449729490344254,4.881942157047893e-05,branching increases water uptake
PBS,Branched PBS,134.58100558659217,99.34513695074617,0.6548630492538337,4.881942157047893e-05,branching increases water uptake
PBS,Branched PBS,136.62011173184356,99.3352478350173,0.6647521649827013,4.881942157047893e-05,branching increases water uptake
PBS,Branched PBS,138.65921787709496,99.32535970368093,0.674640296319069,4.881942157047893e-05,branching increases water uptake
PBS,Branched PBS,140.69832402234636,99.3154725566391,0.6845274433609063,4.881942157047893e-05,branching increases water uptake
PBS,Branched PBS,142.73743016759775,99.30558639379382,0.694413606206183,4.881942157047893e-05,branching increases water uptake
PBS,Branched PBS,144.77653631284915,99.29570121504713,0.7042987849528686,4.881942157047893e-05,branching increases water uptake
PBS,Branched PBS,146.81564245810054,99.28581702030105,0.714182979698947,4.881942157047893e-05,branching increases water uptake
PBS,Branched PBS,148.85474860335194,99.27593380945765,0.7240661905423451,4.881942157047893e-05,branching increases water uptake
PBS,Branched PBS,150.89385474860333,99.266051582419,0.7339484175810043,4.881942157047893e-05,branching increases water uptake
PBS,Branched PBS,152.93296089385476,99.25617033908712,0.7438296609128798,4.881942157047893e-05,branching increases water uptake
PBS,Branched PBS,154.97206703910615,99.24629007936414,0.7537099206358562,4.881942157047893e-05,branching increases water uptake
PBS,Branched PBS,157.01117318435755,99.23641080315213,0.7635891968478745,4.881942157047893e-05,branching increases water uptake
PBS,Branched PBS,159.05027932960894,99.22653251035317,0.7734674896468334,4.881942157047893e-05,branching increases water uptake
PBS,Branched PBS,161.08938547486034,99.21665520086938,0.7833447991306173,4.881942157047893e-05,branching increases water uptake
PBS,Branched PBS,163.12849162011173,99.2067788746029,0.7932211253970962,4.881942157047893e-05,branching increases water uptake
PBS,Branched PBS,165.16759776536313,99.19690353145583,0.8030964685441688,4.881942157047893e-05,branching increases water uptake
PBS,Branched PBS,167.20670391061452,99.18702917133034,0.8129708286696626,4.881942157047893e-05,branching increases water uptake
PBS,Branched PBS,169.24581005586592,99.17715579412854,0.822844205871462,4.881942157047893e-05,branching increases water uptake
PBS,Branched PBS,171.2849162011173,99.16728339975259,0.8327166002474087,4.881942157047893e-05,branching increases water uptake
PBS,Branched PBS,173.3240223463687,99.15741198810468,0.842588011895316,4.881942157047893e-05,branching increases water uptake
PBS,Branched PBS,175.3631284916201,99.14754155908697,0.8524584409130256,4.881942157047893e-05,branching increases water uptake
PBS,Branched PBS,177.4022346368715,99.13767211260165,0.8623278873983509,4.881942157047893e-05,branching increases water uptake
PBS,Branched PBS,179.4413407821229,99.12780364855092,0.8721963514490767,4.881942157047893e-05,branching increases water uptake
PBS,Branched PBS,181.4804469273743,99.11793616683697,0.8820638331630306,4.881942157047893e-05,branching increases water uptake
PBS,Branched PBS,183.51955307262568,99.10806966736205,0.8919303326379548,4.881942157047893e-05,branching increases water uptake
PBS,Branched PBS,185.55865921787708,99.09820415002834,0.9017958499716627,4.881942157047893e-05,branching increases water uptake
PBS,Branched PBS,187.59776536312847,99.0883396147381,0.9116603852618965,4.881942157047893e-05,branching increases water uptake
PBS,Branched PBS,189.63687150837987,99.07847606139356,0.9215239386064411,4.881942157047893e-05,branching increases water uptake
PBS,Branched PBS,191.67597765363126,99.068613489897,0.9313865101029961,4.881942157047893e-05,branching increases water uptake
PBS,Branched PBS,193.71508379888266,99.05875190015067,0.9412480998493322,4.881942157047893e-05,branching increases water uptake
PBS,Branched PBS,195.75418994413405,99.04889129205684,0.9511087079431633,4.881942157047893e-05,branching increases water uptake
PBS,Branched PBS,197.79329608938548,99.0390316655178,0.9609683344822031,4.881942157047893e-05,branching increases water uptake
PBS,Branched PBS,199.83240223463687,99.02917302043582,0.9708269795641797,4.881942157047893e-05,branching increases water uptake
PBS,Branched PBS,201.87150837988827,99.01931535671324,0.9806846432867644,4.881942157047893e-05,branching increases water uptake
PBS,Branched PBS,203.91061452513966,99.00945867425234,0.9905413257476567,4.881942157047893e-05,branching increases water uptake
PBS,Branched PBS,205.94972067039106,98.99960297295547,1.000397027044528,4.881942157047893e-05,branching increases water uptake
PBS,Branched PBS,207.98882681564245,98.98974825272494,1.0102517472750634,4.881942157047893e-05,branching increases water uptake
PBS,Branched PBS,210.02793296089385,98.97989451346311,1.0201054865368917,4.881942157047893e-05,branching increases water uptake
PBS,Branched PBS,212.06703910614524,98.9700417550723,1.0299582449276983,4.881942157047893e-05,branching increases water uptake
PBS,Branched PBS,214.10614525139664,98.96018997745492,1.0398100225450833,4.881942157047893e-05,branching increases water uptake
PBS,Branched PBS,216.14525139664804,98.9503391805133,1.0496608194867036,4.881942157047893e-05,branching increases water uptake
PBS,Branched PBS,218.18435754189943,98.94048936414983,1.0595106358501738,4.881942157047893e-05,branching increases water uptake
PBS,Branched PBS,220.22346368715083,98.9306405282669,1.0693594717330939,4.881942157047893e-05,branching increases water uptake
PBS,Branched PBS,222.26256983240222,98.92079267276692,1.0792073272330782,4.881942157047893e-05,branching increases water uptake
PBS,Branched PBS,224.30167597765362,98.9109457975523,1.0890542024476986,4.881942157047893e-05,branching increases water uptake
PBS,Branched PBS,226.340782122905,98.90109990252543,1.0989000974745693,4.881942157047893e-05,branching increases water uptake
PBS,Branched PBS,228.3798882681564,98.8912549875888,1.1087450124112053,4.881942157047893e-05,branching increases water uptake
PBS,Branched PBS,230.4189944134078,98.88141105264478,1.1185889473552209,4.881942157047893e-05,branching increases water uptake
PBS,Branched PBS,232.4581005586592,98.87156809759587,1.128431902404131,4.881942157047893e-05,branching increases water uptake
PBS,Branched PBS,234.4972067039106,98.86172612234449,1.1382738776555072,4.881942157047893e-05,branching increases water uptake
PBS,Branched PBS,236.536312849162,98.85188512679314,1.1481148732068647,4.881942157047893e-05,branching increases water uptake
PBS,Branched PBS,238.57541899441338,98.84204511084427,1.1579548891557323,4.881942157047893e-05,branching increases water uptake
PBS,Branched PBS,240.6145251396648,98.8322060744004,1.1677939255995966,4.881942157047893e-05,branching increases water uptake
PBS,Branched PBS,242.6536312849162,98.822368017364,1.1776319826360009,4.881942157047893e-05,branching increases water uptake
PBS,Branched PBS,244.6927374301676,98.81253093963758,1.1874690603624174,4.881942157047893e-05,branching increases water uptake
PBS,Branched PBS,246.731843575419,98.80269484112367,1.1973051588763326,4.881942157047893e-05,branching increases water uptake
PBS,Branched PBS,248.7709497206704,98.79285972172477,1.207140278275233,4.881942157047893e-05,branching increases water uptake
PBS,Branched PBS,250.81005586592178,98.78302558134344,1.2169744186565623,4.881942157047893e-05,branching increases water uptake
PBS,Branched PBS,252.84916201117318,98.77319241988222,1.2268075801177787,4.881942157047893e-05,branching increases water uptake
PBS,Branched PBS,254.88826815642457,98.76336023724367,1.236639762756326,4.881942157047893e-05,branching increases water uptake
PBS,Branched PBS,256.92737430167597,98.75352903333035,1.2464709666696479,4.881942157047893e-05,branching increases water uptake
PBS,Branched PBS,258.96648044692733,98.74369880804484,1.2563011919551599,4.881942157047893e-05,branching increases water uptake
PBS,Branched PBS,261.00558659217876,98.73386956128972,1.2661304387102774,4.881942157047893e-05,branching increases water uptake
PBS,Branched PBS,263.0446927374302,98.72404129296757,1.27595870703243,4.881942157047893e-05,branching increases water uptake
PBS,Branched PBS,265.08379888268155,98.71421400298101,1.2857859970189907,4.881942157047893e-05,branching increases water uptake
PBS,Branched PBS,267.122905027933,98.70438769123265,1.2956123087673461,4.881942157047893e-05,branching increases water uptake
PBS,Branched PBS,269.16201117318434,98.69456235762513,1.3054376423748693,4.881942157047893e-05,branching increases water uptake
PBS,Branched PBS,271.20111731843576,98.68473800206104,1.3152619979389613,4.881942157047893e-05,branching increases water uptake
PBS,Branched PBS,273.24022346368713,98.67491462444306,1.325085375556938,4.881942157047893e-05,branching increases water uptake
PBS,Branched PBS,275.27932960893855,98.66509222467384,1.3349077753261582,4.881942157047893e-05,branching increases water uptake
PBS,Branched PBS,277.3184357541899,98.65527080265602,1.3447291973439803,4.881942157047893e-05,branching increases water uptake
PBS,Branched PBS,279.35754189944134,98.6454503582923,1.354549641707706,4.881942157047893e-05,branching increases water uptake
PBS,Branched PBS,281.3966480446927,98.63563089148533,1.3643691085146656,4.881942157047893e-05,branching increases water uptake
PBS,Branched PBS,283.43575418994413,98.62581240213784,1.3741875978621607,4.881942157047893e-05,branching increases water uptake
PBS,Branched PBS,285.4748603351955,98.61599489015248,1.3840051098475215,4.881942157047893e-05,branching increases water uptake
PBS,Branched PBS,287.5139664804469,98.60617835543201,1.3938216445679927,4.881942157047893e-05,branching increases water uptake
PBS,Branched PBS,289.5530726256983,98.59636279787911,1.4036372021208905,4.881942157047893e-05,branching increases water uptake
PBS,Branched PBS,291.5921787709497,98.58654821739654,1.4134517826034596,4.881942157047893e-05,branching increases water uptake
PBS,Branched PBS,293.6312849162011,98.57673461388703,1.4232653861129734,4.881942157047893e-05,branching increases water uptake
PBS,Branched PBS,295.6703910614525,98.56692198725332,1.4330780127466767,4.881942157047893e-05,branching increases water uptake
PBS,Branched PBS,297.7094972067039,98.55711033739819,1.4428896626018144,4.881942157047893e-05,branching increases water uptake
PBS,Branched PBS,299.7486033519553,98.54729966422437,1.4527003357756314,4.881942157047893e-05,branching increases water uptake
PBS,Branched PBS,301.78770949720666,98.53748996763467,1.46251003236533,4.881942157047893e-05,branching increases water uptake
PBS,Branched PBS,303.8268156424581,98.52768124753189,1.4723187524681123,4.881942157047893e-05,branching increases water uptake
PBS,Branched PBS,305.8659217877095,98.51787350381879,1.482126496181209,4.881942157047893e-05,branching increases water uptake
PBS,Branched PBS,307.9050279329609,98.50806673639819,1.4919332636018083,4.881942157047893e-05,branching increases water uptake
PBS,Branched PBS,309.9441340782123,98.49826094517292,1.501739054827084,4.881942157047893e-05,branching increases water uptake
PBS,Branched PBS,311.98324022346367,98.4884561300458,1.5115438699541954,4.881942157047893e-05,branching increases water uptake
PBS,Branched PBS,314.0223463687151,98.47865229091967,1.521347709080331,4.881942157047893e-05,branching increases water uptake
PBS,Branched PBS,316.06145251396646,98.46884942769736,1.5311505723026357,4.881942157047893e-05,branching increases water uptake
PBS,Branched PBS,318.1005586592179,98.45904754028174,1.5409524597182553,4.881942157047893e-05,branching increases water uptake
PBS,Branched PBS,320.13966480446925,98.44924662857566,1.5507533714243351,4.881942157047893e-05,branching increases water uptake
PBS,Branched PBS,322.1787709497207,98.43944669248204,1.5605533075179636,4.881942157047893e-05,branching increases water uptake
PBS,Branched PBS,324.21787709497204,98.4296477319037,1.5703522680963005,4.881942157047893e-05,branching increases water uptake
PBS,Branched PBS,326.25698324022346,98.41984974674357,1.5801502532564342,4.881942157047893e-05,branching increases water uptake
PBS,Branched PBS,328.29608938547483,98.41005273690456,1.5899472630954392,4.881942157047893e-05,branching increases water uptake
PBS,Branched PBS,330.33519553072625,98.40025670228957,1.5997432977104324,4.881942157047893e-05,branching increases water uptake
PBS,Branched PBS,332.3743016759776,98.39046164280151,1.6095383571984883,4.881942157047893e-05,branching increases water uptake
PBS,Branched PBS,334.41340782122904,98.38066755834335,1.6193324416566526,4.881942157047893e-05,branching increases water uptake
PBS,Branched PBS,336.4525139664804,98.370874448818,1.6291255511819998,4.881942157047893e-05,branching increases water uptake
PBS,Branched PBS,338.49162011173183,98.36108231412842,1.6389176858715757,4.881942157047893e-05,branching increases water uptake
PBS,Branched PBS,340.5307262569832,98.35129115417759,1.6487088458224122,4.881942157047893e-05,branching increases water uptake
PBS,Branched PBS,342.5698324022346,98.34150096886846,1.6584990311315408,4.881942157047893e-05,branching increases water uptake
PBS,Branched PBS,344.608938547486,98.331711758104,1.6682882418959935,4.881942157047893e-05,branching increases water uptake
PBS,Branched PBS,346.6480446927374,98.32192352178724,1.678076478212759,4.881942157047893e-05,branching increases water uptake
PBS,Branched PBS,348.68715083798884,98.31213625982117,1.6878637401788268,4.881942157047893e-05,branching increases water uptake
PBS,Branched PBS,350.7262569832402,98.30234997210877,1.6976500278912283,4.881942157047893e-05,branching increases water uptake
PBS,Branched PBS,352.76536312849163,98.29256465855309,1.7074353414469101,4.881942157047893e-05,branching increases water uptake
PBS,Branched PBS,354.804469273743,98.28278031905715,1.717219680942847,4.881942157047893e-05,branching increases water uptake
PBS,Branched PBS,356.8435754189944,98.27299695352399,1.727003046476014,4.881942157047893e-05,branching increases water uptake
PBS,Branched PBS,358.8826815642458,98.26321456185664,1.7367854381433574,4.881942157047893e-05,branching increases water uptake
PBS,Branched PBS,360.9217877094972,98.25343314395819,1.7465668560418095,4.881942157047893e-05,branching increases water uptake
PBS,Branched PBS,362.9608938547486,98.24365269973168,1.7563473002683168,4.881942157047893e-05,branching increases water uptake
PBS,Branched PBS,365.0,98.23387322908022,1.766126770919783,4.881942157047893e-05,branching increases water uptake
PBS,Chain-extended PBS,0.0,100.0,0.0,1.5933444458029776e-05,chain extender
PBS,Chain-extended PBS,2.0391061452513966,99.99675105432844,0.00324894567155809,1.5933444458029776e-05,chain extender
PBS,Chain-extended PBS,4.078212290502793,99.99350221421336,0.006497785786635291,1.5933444458029776e-05,chain extender
PBS,Chain-extended PBS,6.117318435754189,99.99025347965133,0.009746520348670629,1.5933444458029776e-05,chain extender
PBS,Chain-extended PBS,8.156424581005586,99.98700485063894,0.012995149361060498,1.5933444458029776e-05,chain extender
PBS,Chain-extended PBS,10.195530726256983,99.98375632717273,0.01624367282727235,1.5933444458029776e-05,chain extender
PBS,Chain-extended PBS,12.234636871508378,99.98050790924927,0.019492090750730995,1.5933444458029776e-05,chain extender
PBS,Chain-extended PBS,14.273743016759775,99.97725959686515,0.022740403134847043,1.5933444458029776e-05,chain extender
PBS,Chain-extended PBS,16.312849162011172,99.97401139001695,0.025988609983045308,1.5933444458029776e-05,chain extender
PBS,Chain-extended PBS,18.351955307262568,99.9707632887012,0.02923671129879324,1.5933444458029776e-05,chain extender
PBS,Chain-extended PBS,20.391061452513966,99.96751529291453,0.03248470708547302,1.5933444458029776e-05,chain extender
PBS,Chain-extended PBS,22.43016759776536,99.96426740265345,0.0357325973465521,1.5933444458029776e-05,chain extender
PBS,Chain-extended PBS,24.469273743016757,99.96101961791456,0.03898038208544108,1.5933444458029776e-05,chain extender
PBS,Chain-extended PBS,26.508379888268156,99.95777193869444,0.04222806130556478,1.5933444458029776e-05,chain extender
PBS,Chain-extended PBS,28.54748603351955,99.95452436498967,0.045475635010333804,1.5933444458029776e-05,chain extender
PBS,Chain-extended PBS,30.58659217877095,99.95127689679678,0.0487231032032156,1.5933444458029776e-05,chain extender
PBS,Chain-extended PBS,32.625698324022345,99.94802953411237,0.05197046588763499,1.5933444458029776e-05,chain extender
PBS,Chain-extended PBS,34.66480446927374,99.94478227693303,0.055217723066974145,1.5933444458029776e-05,chain extender
PBS,Chain-extended PBS,36.703910614525135,99.94153512525529,0.058464874744714734,1.5933444458029776e-05,chain extender
PBS,Chain-extended PBS,38.74301675977654,99.93828807907576,0.06171192092423894,1.5933444458029776e-05,chain extender
PBS,Chain-extended PBS,40.78212290502793,99.93504113839097,0.06495886160902842,1.5933444458029776e-05,chain extender
PBS,Chain-extended PBS,42.82122905027933,99.93179430319753,0.06820569680246535,1.5933444458029776e-05,chain extender
PBS,Chain-extended PBS,44.86033519553072,99.92854757349203,0.07145242650797456,1.5933444458029776e-05,chain extender
PBS,Chain-extended PBS,46.89944134078212,99.92530094927099,0.07469905072900929,1.5933444458029776e-05,chain extender
PBS,Chain-extended PBS,48.938547486033514,99.922054430531,0.07794556946899434,1.5933444458029776e-05,chain extender
PBS,Chain-extended PBS,50.977653631284916,99.91880801726866,0.08119198273134032,1.5933444458029776e-05,chain extender
PBS,Chain-extended PBS,53.01675977653631,99.9155617094805,0.08443829051950047,1.5933444458029776e-05,chain extender
PBS,Chain-extended PBS,55.055865921787706,99.91231550716313,0.08768449283687119,1.5933444458029776e-05,chain extender
PBS,Chain-extended PBS,57.0949720670391,99.90906941031311,0.0909305896868915,1.5933444458029776e-05,chain extender
PBS,Chain-extended PBS,59.1340782122905,99.90582341892701,0.09417658107298621,1.5933444458029776e-05,chain extender
PBS,Chain-extended PBS,61.1731843575419,99.90257753300142,0.09742246699858015,1.5933444458029776e-05,chain extender
PBS,Chain-extended PBS,63.212290502793294,99.89933175253289,0.10066824746711234,1.5933444458029776e-05,chain extender
PBS,Chain-extended PBS,65.25139664804469,99.89608607751799,0.10391392248200759,1.5933444458029776e-05,chain extender
PBS,Chain-extended PBS,67.29050279329608,99.89284050795332,0.10715949204667652,1.5933444458029776e-05,chain extender
PBS,Chain-extended PBS,69.32960893854748,99.88959504383544,0.11040495616455814,1.5933444458029776e-05,chain extender
PBS,Chain-extended PBS,71.36871508379888,99.88634968516094,0.11365031483906307,1.5933444458029776e-05,chain extender
PBS,Chain-extended PBS,73.40782122905027,99.88310443192636,0.11689556807364454,1.5933444458029776e-05,chain extender
PBS,Chain-extended PBS,75.44692737430167,99.87985928412832,0.12014071587168473,1.5933444458029776e-05,chain extender
PBS,Chain-extended PBS,77.48603351955308,99.87661424176333,0.12338575823666531,1.5933444458029776e-05,chain extender
PBS,Chain-extended PBS,79.52513966480447,99.87336930482805,0.12663069517195424,1.5933444458029776e-05,chain extender
PBS,Chain-extended PBS,81.56424581005587,99.87012447331897,0.1298755266810332,1.5933444458029776e-05,chain extender
PBS,Chain-extended PBS,83.60335195530726,99.86687974723272,0.13312025276728434,1.5933444458029776e-05,chain extender
PBS,Chain-extended PBS,85.64245810055866,99.86363512656585,0.13636487343414672,1.5933444458029776e-05,chain extender
PBS,Chain-extended PBS,87.68156424581005,99.86039061131495,0.13960938868504513,1.5933444458029776e-05,chain extender
PBS,Chain-extended PBS,89.72067039106145,99.85714620147658,0.14285379852341862,1.5933444458029776e-05,chain extender
PBS,Chain-extended PBS,91.75977653631284,99.85390189704732,0.14609810295267778,1.5933444458029776e-05,chain extender
PBS,Chain-extended PBS,93.79888268156424,99.85065769802377,0.14934230197623322,1.5933444458029776e-05,chain extender
PBS,Chain-extended PBS,95.83798882681563,99.84741360440246,0.15258639559753817,1.5933444458029776e-05,chain extender
PBS,Chain-extended PBS,97.87709497206703,99.84416961618,0.15583038382000325,1.5933444458029776e-05,chain extender
PBS,Chain-extended PBS,99.91620111731844,99.84092573335296,0.15907426664703905,1.5933444458029776e-05,chain extender
PBS,Chain-extended PBS,101.95530726256983,99.8376819559179,0.16231804408209882,1.5933444458029776e-05,chain extender
PBS,Chain-extended PBS,103.99441340782123,99.83443828387142,0.16556171612857895,1.5933444458029776e-05,chain extender
PBS,Chain-extended PBS,106.03351955307262,99.83119471721007,0.16880528278993268,1.5933444458029776e-05,chain extender
PBS,Chain-extended PBS,108.07262569832402,99.82795125593044,0.1720487440695564,1.5933444458029776e-05,chain extender
PBS,Chain-extended PBS,110.11173184357541,99.82470790002911,0.17529209997088913,1.5933444458029776e-05,chain extender
PBS,Chain-extended PBS,112.15083798882681,99.82146464950264,0.1785353504973557,1.5933444458029776e-05,chain extender
PBS,Chain-extended PBS,114.1899441340782,99.81822150434763,0.1817784956523667,1.5933444458029776e-05,chain extender
PBS,Chain-extended PBS,116.2290502793296,99.81497846456064,0.18502153543936117,1.5933444458029776e-05,chain extender
PBS,Chain-extended PBS,118.268156424581,99.81173553013825,0.18826446986174972,1.5933444458029776e-05,chain extender
PBS,Chain-extended PBS,120.3072625698324,99.80849270107704,0.19150729892295715,1.5933444458029776e-05,chain extender
PBS,Chain-extended PBS,122.3463687150838,99.80524997737359,0.19475002262640828,1.5933444458029776e-05,chain extender
PBS,Chain-extended PBS,124.3854748603352,99.80200735902446,0.19799264097554214,1.5933444458029776e-05,chain extender
PBS,Chain-extended PBS,126.42458100558659,99.79876484602624,0.20123515397375513,1.5933444458029776e-05,chain extender
PBS,Chain-extended PBS,128.46368715083798,99.79552243837551,0.20447756162448627,1.5933444458029776e-05,chain extender
PBS,Chain-extended PBS,130.50279329608938,99.79228013606884,0.20771986393116038,1.5933444458029776e-05,chain extender
PBS,Chain-extended PBS,132.54189944134077,99.78903793910283,0.21096206089717384,1.5933444458029776e-05,chain extender
PBS,Chain-extended PBS,134.58100558659217,99.785795847474,0.21420415252599412,1.5933444458029776e-05,chain extender
PBS,Chain-extended PBS,136.62011173184356,99.782553861179,0.2174461388210034,1.5933444458029776e-05,chain extender
PBS,Chain-extended PBS,138.65921787709496,99.77931198021436,0.22068801978564068,1.5933444458029776e-05,chain extender
PBS,Chain-extended PBS,140.69832402234636,99.77607020457665,0.223929795423345,1.5933444458029776e-05,chain extender
PBS,Chain-extended PBS,142.73743016759775,99.7728285342625,0.22717146573749858,1.5933444458029776e-05,chain extender
PBS,Chain-extended PBS,144.77653631284915,99.76958696926846,0.2304130307315404,1.5933444458029776e-05,chain extender
PBS,Chain-extended PBS,146.81564245810054,99.76634550959108,0.23365449040892372,1.5933444458029776e-05,chain extender
PBS,Chain-extended PBS,148.85474860335194,99.76310415522698,0.2368958447730165,1.5933444458029776e-05,chain extender
PBS,Chain-extended PBS,150.89385474860333,99.75986290617273,0.240137093827272,1.5933444458029776e-05,chain extender
PBS,Chain-extended PBS,152.93296089385476,99.75662176242488,0.243378237575115,1.5933444458029776e-05,chain extender
PBS,Chain-extended PBS,154.97206703910615,99.75338072398003,0.24661927601997036,1.5933444458029776e-05,chain extender
PBS,Chain-extended PBS,157.01117318435755,99.75013979083478,0.24986020916522023,1.5933444458029776e-05,chain extender
PBS,Chain-extended PBS,159.05027932960894,99.74689896298568,0.25310103701431785,1.5933444458029776e-05,chain extender
PBS,Chain-extended PBS,161.08938547486034,99.7436582404293,0.25634175957070227,1.5933444458029776e-05,chain extender
PBS,Chain-extended PBS,163.12849162011173,99.74041762316224,0.25958237683775565,1.5933444458029776e-05,chain extender
PBS,Chain-extended PBS,165.16759776536313,99.73717711118108,0.262822888818917,1.5933444458029776e-05,chain extender
PBS,Chain-extended PBS,167.20670391061452,99.7339367044824,0.266063295517597,1.5933444458029776e-05,chain extender
PBS,Chain-extended PBS,169.24581005586592,99.73069640306277,0.2693035969372346,1.5933444458029776e-05,chain extender
PBS,Chain-extended PBS,171.2849162011173,99.72745620691877,0.2725437930812262,1.5933444458029776e-05,chain extender
PBS,Chain-extended PBS,173.3240223463687,99.72421611604699,0.2757838839530109,1.5933444458029776e-05,chain extender
PBS,Chain-extended PBS,175.3631284916201,99.72097613044399,0.27902386955601344,1.5933444458029776e-05,chain extender
PBS,Chain-extended PBS,177.4022346368715,99.71773625010636,0.28226374989364444,1.5933444458029776e-05,chain extender
PBS,Chain-extended PBS,179.4413407821229,99.71449647503069,0.2855035249693145,1.5933444458029776e-05,chain extender
PBS,Chain-extended PBS,181.4804469273743,99.71125680521355,0.2887431947864485,1.5933444458029776e-05,chain extender
PBS,Chain-extended PBS,183.51955307262568,99.70801724065153,0.2919827593484712,1.5933444458029776e-05,chain extender
PBS,Chain-extended PBS,185.55865921787708,99.70477778134119,0.2952222186588074,1.5933444458029776e-05,chain extender
PBS,Chain-extended PBS,187.59776536312847,99.70153842727912,0.2984615727208819,1.5933444458029776e-05,chain extender
PBS,Chain-extended PBS,189.63687150837987,99.69829917846192,0.301700821538077,1.5933444458029776e-05,chain extender
PBS,Chain-extended PBS,191.67597765363126,99.69506003488615,0.3049399651138458,1.5933444458029776e-05,chain extender
PBS,Chain-extended PBS,193.71508379888266,99.69182099654839,0.3081790034516132,1.5933444458029776e-05,chain extender
PBS,Chain-extended PBS,195.75418994413405,99.68858206344522,0.31141793655477557,1.5933444458029776e-05,chain extender
PBS,Chain-extended PBS,197.79329608938548,99.68534323557324,0.3146567644267577,1.5933444458029776e-05,chain extender
PBS,Chain-extended PBS,199.83240223463687,99.68210451292902,0.3178954870709845,1.5933444458029776e-05,chain extender
PBS,Chain-extended PBS,201.87150837988827,99.67886589550913,0.32113410449086643,1.5933444458029776e-05,chain extender
PBS,Chain-extended PBS,203.91061452513966,99.67562738331016,0.32437261668984263,1.5933444458029776e-05,chain extender
PBS,Chain-extended PBS,205.94972067039106,99.67238897632869,0.32761102367130945,1.5933444458029776e-05,chain extender
PBS,Chain-extended PBS,207.98882681564245,99.66915067456131,0.3308493254386917,1.5933444458029776e-05,chain extender
PBS,Chain-extended PBS,210.02793296089385,99.66591247800459,0.33408752199541425,1.5933444458029776e-05,chain extender
PBS,Chain-extended PBS,212.06703910614524,99.66267438665511,0.33732561334488764,1.5933444458029776e-05,chain extender
PBS,Chain-extended PBS,214.10614525139664,99.65943640050948,0.3405635994905225,1.5933444458029776e-05,chain extender
PBS,Chain-extended PBS,216.14525139664804,99.65619851956424,0.34380148043575787,1.5933444458029776e-05,chain extender
PBS,Chain-extended PBS,218.18435754189943,99.65296074381601,0.3470392561839901,1.5933444458029776e-05,chain extender
PBS,Chain-extended PBS,220.22346368715083,99.64972307326134,0.3502769267386583,1.5933444458029776e-05,chain extender
PBS,Chain-extended PBS,222.26256983240222,99.64648550789683,0.353514492103173,1.5933444458029776e-05,chain extender
PBS,Chain-extended PBS,224.30167597765362,99.64324804771907,0.3567519522809306,1.5933444458029776e-05,chain extender
PBS,Chain-extended PBS,226.340782122905,99.64001069272463,0.35998930727537015,1.5933444458029776e-05,chain extender
PBS,Chain-extended PBS,228.3798882681564,99.63677344291008,0.36322655708991647,1.5933444458029776e-05,chain extender
PBS,Chain-extended PBS,230.4189944134078,99.63353629827203,0.36646370172796594,1.5933444458029776e-05,chain extender
PBS,Chain-extended PBS,232.4581005586592,99.63029925880706,0.3697007411929434,1.5933444458029776e-05,chain extender
PBS,Chain-extended PBS,234.4972067039106,99.62706232451173,0.3729376754882736,1.5933444458029776e-05,chain extender
PBS,Chain-extended PBS,236.536312849162,99.62382549538263,0.37617450461736723,1.5933444458029776e-05,chain extender
PBS,Chain-extended PBS,238.57541899441338,99.62058877141637,0.37941122858363485,1.5933444458029776e-05,chain extender
PBS,Chain-extended PBS,240.6145251396648,99.6173521526095,0.3826478473905013,1.5933444458029776e-05,chain extender
PBS,Chain-extended PBS,242.6536312849162,99.61411563895862,0.38588436104137713,1.5933444458029776e-05,chain extender
PBS,Chain-extended PBS,244.6927374301676,99.6108792304603,0.3891207695397014,1.5933444458029776e-05,chain extender
PBS,Chain-extended PBS,246.731843575419,99.60764292711116,0.39235707288884214,1.5933444458029776e-05,chain extender
PBS,Chain-extended PBS,248.7709497206704,99.60440672890773,0.3955932710922667,1.5933444458029776e-05,chain extender
PBS,Chain-extended PBS,250.81005586592178,99.60117063584664,0.39882936415335735,1.5933444458029776e-05,chain extender
PBS,Chain-extended PBS,252.84916201117318,99.59793464792443,0.40206535207556726,1.5933444458029776e-05,chain extender
PBS,Chain-extended PBS,254.88826815642457,99.59469876513774,0.40530123486226444,1.5933444458029776e-05,chain extender
PBS,Chain-extended PBS,256.92737430167597,99.5914629874831,0.4085370125169021,1.5933444458029776e-05,chain extender
PBS,Chain-extended PBS,258.96648044692733,99.58822731495714,0.41177268504286246,1.5933444458029776e-05,chain extender
PBS,Chain-extended PBS,261.00558659217876,99.5849917475564,0.41500825244359874,1.5933444458029776e-05,chain extender
PBS,Chain-extended PBS,263.0446927374302,99.5817562852775,0.4182437147224931,1.5933444458029776e-05,chain extender
PBS,Chain-extended PBS,265.08379888268155,99.57852092811702,0.4214790718829846,1.5933444458029776e-05,chain extender
PBS,Chain-extended PBS,267.122905027933,99.57528567607153,0.42471432392846964,1.5933444458029776e-05,chain extender
PBS,Chain-extended PBS,269.16201117318434,99.57205052913761,0.4279494708623872,1.5933444458029776e-05,chain extender
PBS,Chain-extended PBS,271.20111731843576,99.56881548731187,0.43118451268813374,1.5933444458029776e-05,chain extender
PBS,Chain-extended PBS,273.24022346368713,99.56558055059087,0.434419449409134,1.5933444458029776e-05,chain extender
PBS,Chain-extended PBS,275.27932960893855,99.56234571897122,0.43765428102878445,1.5933444458029776e-05,chain extender
PBS,Chain-extended PBS,277.3184357541899,99.55911099244948,0.44088900755052407,1.5933444458029776e-05,chain extender
PBS,Chain-extended PBS,279.35754189944134,99.55587637102225,0.44412362897774926,1.5933444458029776e-05,chain extender
PBS,Chain-extended PBS,281.3966480446927,99.5526418546861,0.44735814531389906,1.5933444458029776e-05,chain extender
PBS,Chain-extended PBS,283.43575418994413,99.54940744343766,0.45059255656234143,1.5933444458029776e-05,chain extender
PBS,Chain-extended PBS,285.4748603351955,99.54617313727347,0.4538268627265296,1.5933444458029776e-05,chain extender
PBS,Chain-extended PBS,287.5139664804469,99.54293893619011,0.4570610638098884,1.5933444458029776e-05,chain extender
PBS,Chain-extended PBS,289.5530726256983,99.5397048401842,0.46029515981580005,1.5933444458029776e-05,chain extender
PBS,Chain-extended PBS,291.5921787709497,99.53647084925232,0.4635291507476751,1.5933444458029776e-05,chain extender
PBS,Chain-extended PBS,293.6312849162011,99.53323696339105,0.4667630366089526,1.5933444458029776e-05,chain extender
PBS,Chain-extended PBS,295.6703910614525,99.53000318259697,0.4699968174030289,1.5933444458029776e-05,chain extender
PBS,Chain-extended PBS,297.7094972067039,99.52676950686666,0.4732304931333431,1.5933444458029776e-05,chain extender
PBS,Chain-extended PBS,299.7486033519553,99.52353593619674,0.4764640638032631,1.5933444458029776e-05,chain extender
PBS,Chain-extended PBS,301.78770949720666,99.52030247058376,0.4796975294162422,1.5933444458029776e-05,chain extender
PBS,Chain-extended PBS,303.8268156424581,99.51706911002431,0.482930889975691,1.5933444458029776e-05,chain extender
PBS,Chain-extended PBS,305.8659217877095,99.51383585451501,0.48616414548499165,1.5933444458029776e-05,chain extender
PBS,Chain-extended PBS,307.9050279329609,99.51060270405242,0.4893972959475832,1.5933444458029776e-05,chain extender
PBS,Chain-extended PBS,309.9441340782123,99.50736965863312,0.4926303413668762,1.5933444458029776e-05,chain extender
PBS,Chain-extended PBS,311.98324022346367,99.50413671825372,0.49586328174628136,1.5933444458029776e-05,chain extender
PBS,Chain-extended PBS,314.0223463687151,99.50090388291079,0.4990961170892092,1.5933444458029776e-05,chain extender
PBS,Chain-extended PBS,316.06145251396646,99.49767115260093,0.5023288473990704,1.5933444458029776e-05,chain extender
PBS,Chain-extended PBS,318.1005586592179,99.49443852732071,0.5055614726792896,1.5933444458029776e-05,chain extender
PBS,Chain-extended PBS,320.13966480446925,99.49120600706675,0.5087939929332492,1.5933444458029776e-05,chain extender
PBS,Chain-extended PBS,322.1787709497207,99.4879735918356,0.5120264081644024,1.5933444458029776e-05,chain extender
PBS,Chain-extended PBS,324.21787709497204,99.48474128162387,0.5152587183761312,1.5933444458029776e-05,chain extender
PBS,Chain-extended PBS,326.25698324022346,99.48150907642814,0.5184909235718607,1.5933444458029776e-05,chain extender
PBS,Chain-extended PBS,328.29608938547483,99.47827697624501,0.521723023754987,1.5933444458029776e-05,chain extender
PBS,Chain-extended PBS,330.33519553072625,99.47504498107105,0.5249550189289494,1.5933444458029776e-05,chain extender
PBS,Chain-extended PBS,332.3743016759776,99.47181309090286,0.528186909097144,1.5933444458029776e-05,chain extender
PBS,Chain-extended PBS,334.41340782122904,99.46858130573702,0.5314186942629817,1.5933444458029776e-05,chain extender
PBS,Chain-extended PBS,336.4525139664804,99.46534962557013,0.534650374429873,1.5933444458029776e-05,chain extender
PBS,Chain-extended PBS,338.49162011173183,99.46211805039877,0.5378819496012284,1.5933444458029776e-05,chain extender
PBS,Chain-extended PBS,340.5307262569832,99.45888658021954,0.5411134197804586,1.5933444458029776e-05,chain extender
PBS,Chain-extended PBS,342.5698324022346,99.45565521502901,0.5443447849709884,1.5933444458029776e-05,chain extender
PBS,Chain-extended PBS,344.608938547486,99.45242395482379,0.5475760451762142,1.5933444458029776e-05,chain extender
PBS,Chain-extended PBS,346.6480446927374,99.44919279960045,0.5508072003995466,1.5933444458029776e-05,chain extender
PBS,Chain-extended PBS,348.68715083798884,99.44596174935558,0.5540382506444246,1.5933444458029776e-05,chain extender
PBS,Chain-extended PBS,350.7262569832402,99.44273080408578,0.5572691959142162,1.5933444458029776e-05,chain extender
PBS,Chain-extended PBS,352.76536312849163,99.43949996378765,0.5605000362123462,1.5933444458029776e-05,chain extender
PBS,Chain-extended PBS,354.804469273743,99.43626922845776,0.5637307715422395,1.5933444458029776e-05,chain extender
PBS,Chain-extended PBS,356.8435754189944,99.43303859809272,0.5669614019072782,1.5933444458029776e-05,chain extender
PBS,Chain-extended PBS,358.8826815642458,99.42980807268908,0.5701919273109155,1.5933444458029776e-05,chain extender
PBS,Chain-extended PBS,360.9217877094972,99.42657765224347,0.5734223477565337,1.5933444458029776e-05,chain extender
PBS,Chain-extended PBS,362.9608938547486,99.42334733675246,0.5766526632475433,1.5933444458029776e-05,chain extender
PBS,Chain-extended PBS,365.0,99.42011712621265,0.5798828737873549,1.5933444458029776e-05,chain extender
