CL,Vc,k_release_tumor,EC50,DAR,tumor_auc,cell_fraction_day21,cell_kill_day21
0.4346678131854332,3.611210018808446,0.4457424206240266,0.07925815791825644,10.19314794873014,373.30290335086255,2.7438782991968325e-07,0.9999997256121701
0.576207313294509,3.5422299485364173,0.554364180708417,0.09699231318203946,9.183438147498102,377.13404113194326,2.7599321446454795e-07,0.9999997240067855
0.4269887605927302,3.784931823020073,0.36480684046397577,0.07661063430320375,9.039471611845629,264.0335354554807,2.8252268293445904e-07,0.9999997174773171
0.6196318283834645,2.7452017473833714,0.5848808548231688,0.08051034212968045,9.830568010884214,435.0866610622886,2.653338084635601e-07,0.9999997346661915
0.35697257367797436,2.378361853257366,0.4199087905926815,0.11488641273272067,6.743463759214046,271.5272883697087,2.856501983740568e-07,0.9999997143498016
0.5725416083876445,2.174759902193291,0.4870868588702638,0.08349074263047594,8.625521365024436,341.1703493007064,2.6734641364282075e-07,0.9999997326535863
0.5312765713532277,2.598658482481618,0.4531022523925585,0.11635777241763791,7.786546132105876,285.030841774956,2.823102174032976e-07,0.9999997176897826
0.6259431585922748,2.765766141290396,0.4119572885221322,0.08102638543905694,6.537584892825524,194.15006268371803,2.81584605529738e-07,0.9999997184153945
0.3876688544243383,2.3235011792470956,0.4070899204693993,0.09752125800151708,5.984805152953303,225.121565671041,2.846765832949316e-07,0.9999997153234167
0.40015857069275096,2.5673025389177457,0.516113501568821,0.11693905026976151,6.338529188078676,297.86410249862297,2.840950759760916e-07,0.999999715904924
0.44594002753925743,3.264586747914448,0.36056392268674936,0.10320010894860449,6.115015206182593,175.56555721321476,3.0176754847769316e-07,0.9999996982324515
0.5987657812906935,2.495173951604031,0.5607293776412141,0.09651161218011234,7.481050255647027,325.36513781688814,2.7271215686762373e-07,0.9999997272878431
0.4463994791114628,2.370952026828942,0.3801304291680556,0.10241410006855504,7.132953352063997,237.16627106137773,2.83616945219902e-07,0.9999997163830547
0.5217339261798026,2.941393427110658,0.5494088149705812,0.11877815092992591,6.063503756531684,263.3529619130104,2.881057835344772e-07,0.9999997118942164
0.4030356245981541,3.559064648441296,0.6320439790780196,0.08420596363084808,6.559720146839892,349.8830455951306,2.775235333221514e-07,0.9999997224764666
0.6097155848323934,2.76367153123602,0.5841014250455819,0.11892657807085952,9.49383728859629,422.33661185103256,2.732974703285334e-07,0.9999997267025297
0.6309007059379018,3.8002685036494084,0.4112557938846002,0.09974998162480553,10.313490982048958,293.27773196898954,2.830902549510657e-07,0.9999997169097451
0.4402729856417673,3.6232997531689266,0.5646614368309246,0.09963032369325799,6.322394985079503,287.8842884989938,2.865753481473148e-07,0.9999997134246519
0.5581543063691861,2.61714662332486,0.5634661531173278,0.09559713872643422,9.98575274197209,450.95710826754043,2.6773416880310715e-07,0.9999997322658312
0.5178109152220643,2.8337487373010037,0.6097737050242051,0.09825291964587277,8.499382891210162,422.9735578441151,2.7121459960049057e-07,0.9999997287854004
0.5816274257927877,2.3903405271591405,0.3679202390115621,0.12820184941735913,6.489061995660964,181.78556534664142,2.960404893410008e-07,0.9999997039595107
0.5423849329432523,3.5841911492961414,0.37181832753144645,0.08493421654227079,5.888467508496589,156.1023877510151,2.979045702677553e-07,0.9999997020954298
0.3534632671130499,3.809635745943369,0.6496082130127548,0.08262524682586347,8.162351490641893,459.50163152035714,2.7306270545133166e-07,0.9999997269372946
0.42264301571477225,3.4504346648462967,0.4604841611132147,0.09133407441761349,6.163388917564628,232.1154065569105,2.89604426576912e-07,0.9999997103955734
0.48782477060932616,3.8016302761172014,0.615474666703658,0.09637505155586976,9.190200251965463,440.7765565268393,2.7498288144008244e-07,0.9999997250171185
0.6108518027542267,3.170406249817801,0.36555664274334015,0.07281379582193664,6.768379306053546,174.0825926190078,2.8461685546690107e-07,0.9999997153831446
0.3886488221094389,2.3413347837869214,0.5832256816580899,0.12865918781172792,6.993963605640889,387.77092485687007,2.7835284335028697e-07,0.9999997216471567
0.3994931588386911,3.4482745934161656,0.6420553089689172,0.07457303588636498,9.866802896000372,543.197381402629,2.6608530439475783e-07,0.9999997339146957
0.42515400250074853,3.200716727410162,0.38421865206350747,0.11364569631685745,6.807327250874927,216.66101595310994,2.9782985844981423e-07,0.9999997021701416
0.6337199073010724,3.3414031758047837,0.5706437982792585,0.0766936653123817,7.803096262016574,317.74400766928795,2.725894932612076e-07,0.9999997274105067
0.5627521124227417,3.2719869106106887,0.5971579252733005,0.11802675783138766,9.52107883644255,434.17904295791016,2.7617554044541354e-07,0.9999997238244596
0.566998327972088,3.5520937791890903,0.5898021732095925,0.11909638032314279,7.045910492038795,306.5999307591874,2.86907517311692e-07,0.9999997130924827
0.5062676777162132,3.0379511786787523,0.5551309358027315,0.12507775524662945,8.80853670814692,396.8159328946167,2.794636754954945e-07,0.9999997205363245
0.5166887233148413,2.6421063784623615,0.4325575245583807,0.12554097166643063,7.414626082903665,260.00514612806234,2.8785716978542786e-07,0.9999997121428302
0.5065127246485579,3.204272897167383,0.6379232104728297,0.12982383738579706,5.815209882475606,293.11396051010115,2.900863621356881e-07,0.9999997099136378
0.47838652681418226,3.7408168252919944,0.43130228733078324,0.1261064993640247,10.329206681506609,349.13454129762874,2.879530951380774e-07,0.9999997120469049
0.6428327622527364,3.315191796048544,0.557144342491884,0.12434104425689016,5.826694340325867,225.6886139072524,2.946640923976574e-07,0.9999997053359077
0.37230150162104964,3.0101274160880274,0.46817165999958155,0.07823519262331906,6.34754018952357,265.41904148847163,2.799256080394485e-07,0.999999720074392
0.3971189560548399,2.5045662529649895,0.6349631726202766,0.0754101332396725,9.871264235280202,581.4790241349074,2.6193606899472945e-07,0.999999738063931
0.5542462195075527,3.0619211109752626,0.5402376313877488,0.12926821392005713,9.27531044637008,390.567794436299,2.799108380426035e-07,0.9999997200891619
0.6176667785485277,2.6364507124330903,0.5784497776441393,0.09201136614984692,7.260733105819001,317.51301541197523,2.7281099793979087e-07,0.9999997271890021
0.5950311031910004,2.796362720007984,0.41699670239791614,0.1211726900497223,8.199169616328222,257.1494168284355,2.865345362028642e-07,0.9999997134654638
0.4904917212693071,2.194353990103402,0.602240067304502,0.07949175252842906,5.884566045777844,306.8878763243179,2.696672628623283e-07,0.9999997303327371
0.5591783047988254,3.7341640960471967,0.4648628738589049,0.0802043462469396,7.18209162466964,241.16795187558012,2.8318855437897867e-07,0.9999997168114456
0.4834097153924657,2.862320548718367,0.47250114073617094,0.10726266260457717,5.670625058110966,217.01074037512063,2.9107363816431744e-07,0.9999997089263618
0.5861225574712063,3.453555252915505,0.636933440587302,0.10050196149329914,7.773891692461996,365.7727157356335,2.7690004679662777e-07,0.9999997230999532
0.5836578981208809,2.9938455942252307,0.4913101304263571,0.07044423744680593,8.489921488536318,316.10459437659824,2.700469887791091e-07,0.9999997299530112
0.6125586917253161,2.8749587131172003,0.35126457096522434,0.11463892979296138,8.911476108815524,229.26517279265437,2.884462344304271e-07,0.9999997115537655
0.5789511714155352,2.5377657292410145,0.47143020777741007,0.12378815382456405,6.6722911240606395,242.96591690460923,2.8695923755459854e-07,0.9999997130407624
0.3746396783138672,3.1573144071167905,0.6117762285292179,0.07765754895739556,8.218755765985406,452.0742870094866,2.6926857850026227e-07,0.9999997307314215
0.488704420692326,3.7580385168628463,0.5535638309353771,0.08060512962622292,7.624464020657611,326.6641804159246,2.7736679609335333e-07,0.9999997226332039
0.531576195715927,3.484530176225837,0.5302684165760438,0.1295760064685827,9.89314671841397,404.4811005283714,2.820238622615125e-07,0.9999997179761377
0.6409561480267423,2.109315604457178,0.3928068995978228,0.10221136768402173,9.01317934173206,269.3803442204237,2.7421125206939715e-07,0.999999725788748
0.5794503404831794,3.1362875038517917,0.42435391598144234,0.08361307059618008,9.075098489521585,288.5279195722933,2.763121591619355e-07,0.9999997236878408
0.4501833813772507,2.117685645352315,0.4084839854202118,0.12336453137103334,9.839932570271362,366.5170207792362,2.7547329072876813e-07,0.9999997245267093
0.4788819108629504,3.5106276160254866,0.6390486421288933,0.08830749970346592,8.111114568191255,415.5274622248577,2.7329616817802315e-07,0.9999997267038319
0.5353869574813961,2.292273302862726,0.4108289765386687,0.11678503674545007,8.458058083271634,286.08664839574067,2.796445756248911e-07,0.9999997203554244
0.37147512127228904,2.16291134258413,0.4902879157584621,0.12858857482307695,6.573911974866062,313.18991218401135,2.825569815244676e-07,0.9999997174430185
0.3704499624338634,2.1881064686403624,0.5066225474392946,0.0872140532115052,7.861550840232331,390.65946636685635,2.690947822369917e-07,0.9999997309052178
0.4892292040568217,2.856036772774944,0.4409593922359179,0.1262932313475537,10.036916080275223,368.2136490778039,2.807511594772479e-07,0.9999997192488406
0.6005663010936266,2.6577578060248563,0.4065391795892157,0.09846914662778858,9.78148365370821,303.5287567186368,2.7567451412442305e-07,0.9999997243254859
0.4794611601903219,2.234306838907019,0.5382081310186289,0.10400401220094996,7.485729111627421,353.81947076453247,2.7281724706233913e-07,0.999999727182753
0.637556636817793,2.207249599136529,0.6256302290178414,0.09925794929139309,8.295841316240834,400.7339727032704,2.669549747646419e-07,0.9999997330450252
0.4636017513306762,3.8795169646564918,0.5828942769963632,0.10484218741152573,6.459445481951766,292.6816194445603,2.88562345454122e-07,0.9999997114376545
0.5369250955941385,2.4645343612290596,0.4048014916384986,0.12480787391261021,7.698326909653886,251.03725318910318,2.8657520641376786e-07,0.9999997134247935
0.37710422379783193,2.579152094709695,0.39724018331718025,0.11952202494224395,7.110616853051924,260.37259123552894,2.894178207529691e-07,0.9999997105821793
0.4409795320513069,2.5910356717323735,0.4181915605613544,0.08602835685590043,6.981765906380953,253.23674313051137,2.7917891507005065e-07,0.9999997208210849
0.3501156860778374,2.494028827653186,0.49588228531151857,0.08445493040687059,10.069107488851039,486.29608887053615,2.667894466288566e-07,0.9999997332105534
0.6157587776209886,2.6472740155573637,0.5573597347471745,0.074044379079732,9.417043404297779,400.91648051506365,2.649042087356968e-07,0.9999997350957912
0.4586614655483051,3.1782971512869294,0.5179239849938482,0.0960045954462785,6.90514376385169,294.4124644482207,2.818683305177443e-07,0.9999997181316694
0.6342151502899928,2.511891675652633,0.5943305148165583,0.12348565416915797,8.02176327126569,360.97763383949405,2.7547294033121793e-07,0.9999997245270597
0.5595432104673461,3.119224937897988,0.6185602265850464,0.11419047080706549,6.969921951480692,330.83486671074365,2.810901215469756e-07,0.9999997189098785
0.4454206291292929,2.8791844795406982,0.36226486893022997,0.10275473745928534,9.542442256231805,294.57029336297893,2.8204509536493764e-07,0.9999997179549046
0.5931744175097629,3.270406221450945,0.3803986305760074,0.0988399817345003,5.720487840572664,152.1588966823529,3.0098838330671175e-07,0.9999996990116167
0.37437124035587876,3.035513037106362,0.41319074239466835,0.10130113360118774,10.0488434640866,376.2547483064566,2.781895159327284e-07,0.999999721810484
0.5164556649882374,3.864114970565924,0.35676862878884036,0.11971700081063336,7.660497508598349,199.1003785791006,3.0590860753423024e-07,0.9999996940913924
0.3648341020804241,3.565314948023691,0.5501659095518272,0.11821123782615253,5.612593474527292,264.7814036026357,2.967192912117861e-07,0.9999997032807088
0.5336040105365227,2.9303080315751933,0.6491146416019988,0.11097289128536697,9.383117438339884,486.92272039300826,2.7107331361024166e-07,0.9999997289266864
0.4245088778348026,2.9097805409789967,0.6231235226000092,0.09365883421809368,6.012740947107734,326.0652087650377,2.7783045307993217e-07,0.9999997221695469
0.5460637046114475,2.8419142808798465,0.44771139229239676,0.07699248711509209,7.834676892190075,274.5335682982717,2.7438654778406757e-07,0.9999997256134522
0.42100942178256723,3.084746804588072,0.4487656117893705,0.10671336469534023,7.08321423364238,270.74635663247307,2.8750069866649904e-07,0.9999997124993013
0.6464362399927077,2.1228889648118443,0.3827489310261017,0.09555361482808772,7.913604297293723,226.6309151497709,2.7643390023457546e-07,0.9999997235660998
0.45780029457916804,3.007829774971994,0.6331728677819047,0.1136861779960662,5.739060802384619,303.86079185943714,2.8466909160615425e-07,0.9999997153309084
0.3643277515825876,2.5299425606246997,0.4982669696177924,0.12098810774636723,7.194028936509771,340.95999687645303,2.820331004988128e-07,0.9999997179668995
0.44190311928820175,2.152134907121109,0.5512983710497614,0.11061690052497913,8.592291559147291,435.3348620687341,2.700313676984602e-07,0.9999997299686323
0.5831595554567421,3.589970604922871,0.5975451773471231,0.12153656608359081,7.51135537350252,327.51826782362286,2.855077181285086e-07,0.9999997144922819
0.4193216613709483,3.8320102048816125,0.4664905637648064,0.07906972118688067,6.127807273762174,227.1381250912876,2.879905011942544e-07,0.9999997120094988
0.4366394653667843,3.1041751373772497,0.5640486407029421,0.11027528871230027,5.836975943146033,276.6599786486282,2.8762955592567955e-07,0.999999712370444
0.5240446606700715,2.394920616613606,0.43287961367241945,0.11234841751054786,6.333100357993675,222.5412000240821,2.86468905311639e-07,0.9999997135310947
0.6221870285908155,2.9334356313871823,0.5937165369182069,0.08763672998110052,10.080241716944348,446.5409928708219,2.67113839313557e-07,0.9999997328861607
0.46098729483452594,2.53220853771954,0.5627871265144698,0.10394961232921465,5.700359739172043,276.129063744844,2.8108815808515707e-07,0.9999997189118419
0.3616449400313359,2.8650359510768024,0.6258624318072625,0.0827929551430995,8.505745239957882,496.0348849107944,2.676796902111755e-07,0.9999997323203098
0.5355282760550124,3.0609387655416027,0.4634161926639325,0.08078191944204911,7.570025517364124,272.5016054065917,2.7712339119264266e-07,0.9999997228766088
0.5558900672166233,3.7116313803205587,0.5240178216770913,0.1257310936606048,6.984759906855455,267.1960031020266,2.9437936001271283e-07,0.99999970562064
0.5379787896827778,2.8209464962869313,0.5932642347421406,0.12657195432340762,6.193865237380249,290.9009808315707,2.8581147903335304e-07,0.999999714188521
0.6346085886188717,3.848829774215374,0.475516703735889,0.0798619222529549,7.158023307696389,230.48807290825766,2.8340697516701166e-07,0.9999997165930248
0.6219773650671714,2.236408268651945,0.3969235081254773,0.09464097754532097,7.731026912795469,232.90830269720067,2.7703632937992204e-07,0.9999997229636706
0.6012744799867529,3.267346561184838,0.5653323221395388,0.10248565252401268,7.114084294877927,294.120013290971,2.8129695467341854e-07,0.9999997187030454
0.4460893993456669,3.457833692732038,0.5577042700830437,0.09458102715089056,9.076220325334468,418.2271196901533,2.7496163882287576e-07,0.9999997250383612
0.5613352566849201,3.7948234472486764,0.5061121962557177,0.10285836055993297,7.594338851625888,278.59571974149463,2.8676457071243895e-07,0.9999997132354292
0.6422789882934554,3.5078044748038977,0.46012368284081145,0.07836978202448901,9.571902679449245,308.5878071682279,2.7429725683671276e-07,0.9999997257027432
0.6266600388767709,2.8608339887548606,0.5663487852912965,0.11485035150120895,7.793043887723191,327.0350840925596,2.78562463155112e-07,0.9999997214375368
0.6499783822558781,2.6906844122201288,0.5245833296249279,0.07034316331383197,6.390396175805592,242.37065525290194,2.7235950338684205e-07,0.9999997276404966
0.6448481016664425,2.5602349919343563,0.46497719222998246,0.08619911902938639,6.6184295675623,224.00164925897982,2.7783523076824333e-07,0.9999997221647692
0.5381430355929276,2.338729929168255,0.4384539161302818,0.1289439495755233,9.804225571731848,355.9677076797543,2.772457583717926e-07,0.9999997227542416
0.5340905241916766,2.479874827474378,0.5699013606582249,0.10367367370651873,9.90410738475238,465.9705549189234,2.681730342426914e-07,0.9999997318269658
0.3848937004852502,2.4695302685421288,0.4236836474914509,0.07152154668192483,8.369548507304117,332.1394950345489,2.697763915392719e-07,0.9999997302236084
0.6106372827024193,2.552654841054659,0.3709508746087225,0.09435004558792741,7.645585739405359,211.22931545274128,2.822378850114326e-07,0.9999997177621149
0.3956032600991949,2.8891992550295487,0.5075482790807355,0.09442058070014042,8.65692033973487,396.41455075471436,2.7416629560895653e-07,0.9999997258337044
0.6468655263160237,2.5744933691114844,0.5050759852149062,0.08105468018963231,7.7195178606688515,287.72753710104325,2.7128304371128184e-07,0.9999997287169563
0.5106592019197429,3.6027287886471364,0.45464572200433073,0.12994557378267063,7.6157856843729235,263.2637864539197,2.9656030282336975e-07,0.9999997034396971
0.619030144314517,3.1632742932054336,0.4299529407372795,0.09060481328961911,9.303232208115917,290.431277494488,2.775350943190571e-07,0.9999997224649056
0.619974765399633,2.8591613985826996,0.44274692348457123,0.1135217446779713,7.392084084559356,239.30141973388984,2.8656718537713534e-07,0.9999997134328146
0.3794989390233946,3.016626774565729,0.5956825674554835,0.12685800349690404,6.783010268310743,364.545587376237,2.847438422296892e-07,0.9999997152561577
0.5703984630550107,3.7418799380280836,0.4509552282474238,0.07199388234463243,9.37831032551897,307.31917037940195,2.746776429688131e-07,0.999999725322357
0.36634856255512893,2.6275628059610314,0.4014238628178389,0.08836898354206997,8.11836516418116,304.9757803245618,2.7738276389322417e-07,0.9999997226172361
0.5406503549124406,2.4320434601261915,0.3952685060852312,0.0985960868495979,7.8131967791717525,248.4135007143126,2.7979124346804214e-07,0.9999997202087565
0.6285107503278906,2.9006804881516133,0.3792983433093171,0.09056850381942023,9.199880848967368,253.7936289535866,2.7886358009644626e-07,0.9999997211364199
0.5774217618624489,2.1549932268091374,0.5872077394782738,0.07284409136850653,6.502364890609793,307.55294597094246,2.6651214979414186e-07,0.9999997334878502
0.5650165933680198,2.397534539761742,0.4317098690680792,0.07564109164314745,9.605022282993641,333.23092443705605,2.675010256640497e-07,0.9999997324989743
0.42365674823791166,3.173229421386269,0.4736290016384108,0.1293567582431969,9.449776586126964,384.62633012052316,2.837973077825964e-07,0.9999997162026922
0.5024653984487786,2.9066397574111287,0.5014657687786449,0.08165605518982037,5.626687574242268,224.77014741423653,2.816601526775687e-07,0.9999997183398474
0.5076340688592766,3.4722226156629317,0.3767090554649883,0.1240009253151141,8.488216504421658,244.84192497522812,2.964998245730225e-07,0.9999997035001754
0.5894798739507687,2.6530500296317165,0.3930960521416061,0.07485256781350814,7.351803454590629,217.93358911853443,2.767150778958743e-07,0.9999997232849221
0.5021667970617413,3.0189185404647296,0.5918043379491515,0.12673210159262838,10.088105998500446,486.67651682366943,2.748718331246172e-07,0.9999997251281669
0.38407652719934177,2.408171372128992,0.40517455421830645,0.11214667229739173,9.008950113022468,344.61143286941126,2.7838095998138907e-07,0.99999972161904
0.404922589499834,2.8869193504368886,0.5476889087818396,0.0970976378595216,8.734166247332894,428.2980238378016,2.7293111594638935e-07,0.9999997270688841
0.4024672153126656,2.4857844498683983,0.4829860225411065,0.1034935767590349,8.903045808569333,398.8316099844518,2.734619608590644e-07,0.9999997265380391
0.370178170559457,3.6321584311342083,0.5626853108870531,0.12170592789097354,9.681814890687798,472.4377014200991,2.8032356652681154e-07,0.9999997196764334
0.3824425624086125,3.818991899775109,0.598545611197365,0.11171936275603814,5.633457885012183,280.00740857813776,2.938288470983695e-07,0.9999997061711529
0.608179593332734,2.5303878572135092,0.46619851615734326,0.07160574049819836,8.658306650577767,309.17088930560647,2.679500965430147e-07,0.9999997320499034
0.6174955905729771,2.8274639795919407,0.3664103169046643,0.09372458078494701,6.02049468767481,156.33195864097087,2.9314244188022473e-07,0.9999997068575581
0.3961175524847735,3.853404196388091,0.3610437218954181,0.09027491130452585,9.227158750694981,272.41529863740317,2.8746529582763616e-07,0.9999997125347042
0.3728847082557075,2.4261466231092426,0.62900037698898,0.08474221827657932,5.6652418786345695,339.2156976636538,2.7270590902166916e-07,0.9999997272940909
0.6121589536165911,3.0925652305266786,0.5456007259888211,0.08981794713939276,8.289942978366016,334.13447291920403,2.74003261693674e-07,0.9999997259967383
0.5952822892721235,3.3961524622314863,0.4041509250211609,0.09471193798520122,9.505446183376645,278.9517978871932,2.8140891355579973e-07,0.9999997185910865
0.5947798499993456,3.0698364377321603,0.5473946993657001,0.11077280320500998,8.726554206728231,359.38340013714935,2.7736569333651104e-07,0.9999997226343067
0.49479701226128636,3.1324433128112905,0.5966122372181466,0.1027748822127055,8.890203888142665,431.65327995798737,2.736700773489775e-07,0.9999997263299226
0.36971463773746643,2.9983854057622086,0.4717294708649358,0.076040479436169,7.09323648889077,302.12348490200776,2.7623880376579755e-07,0.9999997237611963
0.4980411373834145,2.8456638276910478,0.5376227765617508,0.09714079364745942,5.977762960200729,260.71257451096676,2.822658342614336e-07,0.9999997177341657
0.624127588381512,2.571019513775096,0.35655336753077493,0.11770754113808254,8.6898404147204,229.43370314116953,2.863301069484018e-07,0.999999713669893
0.40773155318167564,2.3649744460347453,0.5228648527671873,0.12313369682448495,8.717713964918785,425.1026571193025,2.749349336517151e-07,0.9999997250650664
0.5186015894753195,3.382185724541438,0.6233556084670646,0.12868584676184686,8.1402195687861,397.8248946819044,2.819531721210882e-07,0.9999997180468279
0.4696444461965139,2.4967880926792723,0.5860694317528057,0.07128082467240615,8.893014322744698,454.49576658788385,2.635852377003625e-07,0.9999997364147623
0.44284618038071,3.1540206495128382,0.42168924717457457,0.09286241352866025,6.482705587116175,224.52652089976488,2.886100058930428e-07,0.9999997113899941
0.47388767627200856,3.526957080099291,0.36888034086982446,0.07315269292945528,7.954322778553966,228.68720209585953,2.8263629832524875e-07,0.9999997173637016
0.49900622901529146,3.7667082711313657,0.4402665198895252,0.08545692973732061,8.278109463436031,277.17206227401584,2.8268776058121667e-07,0.9999997173122395
0.510890543082317,3.3938273630252556,0.3889093785293649,0.1195963524533693,6.582000273761268,193.19217472343047,3.033610592152996e-07,0.9999996966389408
0.5401995017876976,3.3381982733322024,0.5210411706308777,0.11583992601624929,9.922360796692098,399.79491326696626,2.7845194468872066e-07,0.9999997215480553
0.4806531493980478,2.817600430510181,0.36997060189395603,0.09191316513174841,8.000762222210168,243.05547821472254,2.8274288687401025e-07,0.9999997172571131
0.3895218954369754,3.3738195172062584,0.4549272551440915,0.12763120819596696,10.319920359883238,409.3184913782237,2.837017451386084e-07,0.9999997162982549
0.458531524137361,3.3234046756643014,0.5081208846147233,0.10917708584260918,9.97058830589485,418.64203360949944,2.773560390907006e-07,0.9999997226439609
0.574786532587521,2.4597291827791965,0.6472857877939984,0.09615170767770169,8.475589648671052,438.5359162002623,2.672327140767059e-07,0.9999997327672859
0.5902972220654537,3.3362610204453396,0.4642906149461295,0.08307336223194627,5.9618232834241836,197.76352022315606,2.866052774286335e-07,0.9999997133947226
0.49332750832737826,3.425575418309225,0.6351229413851702,0.11716903388001462,10.212777241314022,516.7369928550827,2.7402499425960133e-07,0.9999997259750057
0.4415439891621973,3.816085585644432,0.4360511769541685,0.11285362375671189,9.459893640599406,329.84103726862213,2.874712768539626e-07,0.9999997125287231
0.4825237209548737,2.506946171374375,0.5124636627709104,0.11724379453274,9.003273682238635,397.5943976354084,2.7487912440864076e-07,0.9999997251208755
0.5409915391764082,3.686136313177524,0.5863044802646515,0.1133320471886655,9.61951647718946,425.6071105982982,2.781358660639229e-07,0.9999997218641339
0.4999350932914324,2.7472547530311795,0.644504709309691,0.1271153134964152,7.1886567931035215,385.95927453149733,2.7879189919027815e-07,0.9999997212081008
0.48039605640337785,3.653365738533929,0.46455035367272546,0.08891648900074894,9.20620116206872,336.18755512111585,2.7875068792585025e-07,0.999999721249312
0.5738784258840628,2.855429124291966,0.3683329941628647,0.1075843701671183,8.853795073559617,247.79706007209614,2.8494547718505767e-07,0.9999997150545228
0.42885688440156333,3.8501524282315267,0.5392481168190674,0.09642956243790507,9.440039482515543,413.7194006977636,2.77688521588335e-07,0.9999997223114784
0.6418987977185799,3.793770156356585,0.6266020746254208,0.07812492166995194,6.496990832117511,278.62102979262147,2.7779121260653415e-07,0.9999997222087874
0.5909308093400738,2.80401531545977,0.36303913987606656,0.09210269247820835,7.950688701480796,214.99412929926513,2.835282968177972e-07,0.9999997164717032
0.6094848440910884,2.604729778303996,0.6121115734420393,0.07452018273720037,6.2823860231511555,291.85633015306325,2.7010386409086075e-07,0.999999729896136
0.4216945518368257,2.1457277152055654,0.3787306158380939,0.09424756669012577,5.973182410368503,203.94422543539457,2.837354033409411e-07,0.9999997162645966
0.35431676896002934,2.6696036264878384,0.4209811500499822,0.10007934275418401,9.210916305753365,369.1377972222092,2.765496589277074e-07,0.999999723450341
0.3966299186614042,2.7304348399730674,0.5702049748772021,0.08035484365672595,9.159130001350949,476.96616903813987,2.667055982726159e-07,0.9999997332944017
0.4837962590366176,3.5169671485986416,0.5412439309798862,0.08623552231417836,5.618748454577171,235.86286582042055,2.862679619044056e-07,0.9999997137320381
0.5477331030734973,3.3214889869679274,0.5336952255205373,0.10581103755061791,8.009784561778204,326.19063832103393,2.808902710849862e-07,0.999999719109729
0.6475464674714535,3.471240824412781,0.6023423051418327,0.11686524503535148,7.178181692443888,302.1542707501758,2.845845371759182e-07,0.9999997154154628
0.6357590597335476,2.980679709171787,0.41243649027985674,0.09865725683829776,9.130318306463122,272.1752860995765,2.7976005087138084e-07,0.9999997202399491
0.48147748507684407,3.479283955242025,0.5444651119609921,0.12006580397088151,7.202697847535337,310.7396912750889,2.8825796741036163e-07,0.9999997117420326
0.5348288080127366,3.7202419694292224,0.5027605707692545,0.11325400825137036,9.179818892638009,346.9504460912294,2.83609557896433e-07,0.999999716390442
0.5036769198904677,2.9729583478297528,0.35360623260988777,0.08503737131917866,7.161347299838284,198.66373771566268,2.8659000093010054e-07,0.999999713409999
0.3680337286734536,2.7058896662013296,0.4069042602534201,0.0790234755322661,9.80681125100601,374.0838233995815,2.711349921054687e-07,0.9999997288650079
0.43837725800671257,2.115116805439438,0.6200193855891301,0.1281119415846024,8.551055637532397,489.9269111874254,2.7035867787410826e-07,0.9999997296413221
0.5907868382051351,2.243290607431332,0.5326606673920922,0.10389022770996673,8.89911410204771,379.19394545997795,2.696702503221772e-07,0.9999997303297496
0.5784981566737373,2.3250811828946594,0.5041269209763924,0.12243406452969371,7.573983178097599,303.4675862812833,2.788233769723786e-07,0.9999997211766231
0.5309356891844247,3.3990993959576317,0.5353393735695063,0.07244885403190773,8.46789434095344,349.71650239487866,2.71366103872291e-07,0.9999997286338961
0.641459475007626,3.285733008288262,0.6301864480649032,0.10183111051958041,10.380995204731349,470.25927957672144,2.7022273738558954e-07,0.9999997297772626
0.3519042442397742,2.120708088198068,0.49426679237779114,0.07358485382256702,7.585785085042042,376.2741170027251,2.666314968963256e-07,0.9999997333685031
0.5693705589342178,3.554621920564924,0.37252950744393004,0.11080092588350496,5.744084639921098,149.13188396696262,3.105351753477822e-07,0.9999996894648246
0.3515141002601696,2.3644707201470947,0.5434586619392217,0.09830173200841144,7.378146088380491,394.4731958868589,2.7279763233548354e-07,0.9999997272023676
0.6145709066333884,3.1856775654759564,0.5184149731462768,0.10632745813586186,6.900006505647837,258.3854646145702,2.849695739152451e-07,0.9999997150304261
0.5815240233576799,3.867311438355032,0.6014444200526616,0.09396494632839633,9.484471378747905,412.914121355876,2.746448909767208e-07,0.9999997253551091
0.38441119014112696,3.544731745253241,0.565878543510672,0.07571439910169535,8.058692705659162,393.3567601867288,2.7292697249984756e-07,0.9999997270730275
0.5494379559417458,2.107305230057871,0.4888638033987669,0.12490623267505459,9.425118100900882,385.42354829206863,2.7270689265109693e-07,0.9999997272931074
0.36312063805665457,3.7616763386350778,0.5443461523782962,0.1010551859241214,8.204240675360268,384.73110225394913,2.81567373312219e-07,0.9999997184326267
0.393726422308093,2.7701215586375953,0.6296445996051794,0.10978752549160867,10.239971253700464,586.3531174535581,2.686995514596211e-07,0.9999997313004485
0.39394074488171366,3.228152868473042,0.35262656104953494,0.12081032475622888,5.801887908748124,170.20444889125633,3.120260895242967e-07,0.9999996879739105
0.3878336033514183,3.6952007543160104,0.5565447015436137,0.07915056352506929,9.279057220802324,439.1832852445263,2.721169985873631e-07,0.9999997278830014
0.4764390295959269,2.927217786447544,0.5530604735501324,0.07005246016882788,8.533029201363941,395.78198692819217,2.672769766851928e-07,0.9999997327230233
0.4830553907721241,2.5410842300551706,0.37965092693668695,0.0796867350068776,8.930202957183912,286.67823841159833,2.73482106900241e-07,0.9999997265178932
0.45252404461816204,3.10974590175823,0.4144643140067779,0.09142498909554225,9.937656641640885,345.49782740142894,2.765472799441435e-07,0.99999972345272
0.3507175612364256,2.808362974562419,0.4419798646264264,0.08706808683451923,7.960701253065846,330.17412429691467,2.767230206695545e-07,0.9999997232769793
0.4754034188304441,3.7905270458363334,0.6263775156101805,0.08767187444217917,10.260066189813795,505.47705958613534,2.7033205218273893e-07,0.9999997296679478
0.39292380024251794,2.767185503278713,0.578884967993091,0.10537945577939137,5.76898660625362,301.13912440868353,2.825876561883048e-07,0.9999997174123438
0.3636131873765035,2.9248484905474594,0.5630619093848412,0.10190728272333517,8.129965840082754,423.9728109833066,2.7518898108017985e-07,0.999999724811019
0.40536860311912387,3.231049775431325,0.489199307368224,0.11944039789009533,9.510651697347372,404.77518408299727,2.810202766553392e-07,0.9999997189797234
0.5128813810680379,3.5787751283252343,0.6019612909828453,0.10263086039739054,6.974565042497455,322.9584351229375,2.8246119094948797e-07,0.999999717538809
0.4593821217825289,3.806540665589721,0.5890042530516175,0.11405642919229697,9.927386722735257,465.54907611635986,2.781275323616054e-07,0.9999997218724677
0.5745020146096612,2.6947205483579113,0.6243581648081724,0.07684299633432252,10.004754974514777,491.0826864056245,2.631783001968412e-07,0.9999997368216998
0.3835468293496252,3.4685794306904167,0.45114619773160763,0.11631758477560361,6.577041763095571,251.6784187044794,2.9666811877751025e-07,0.9999997033318813
0.5915322536930938,2.276850686485939,0.4151024576850507,0.08712811517130416,9.657632020549755,316.9968523846487,2.697954655781536e-07,0.9999997302045345
0.4708092559156586,2.152294435920601,0.6057900993534331,0.1219756893572388,9.884464927020229,534.5480512064308,2.6753906674525683e-07,0.9999997324609332
0.522331454320981,3.005904391436961,0.5379473197544746,0.09604557482038542,6.999587355257947,298.32723419098454,2.7918181953569463e-07,0.9999997208181804
0.438605878460557,3.05158374762006,0.35587755299953067,0.07999359699350599,8.714596126312102,260.28495602383225,2.797898287274338e-07,0.9999997202101713
0.35597248289628225,3.288598518138336,0.5361033446784971,0.1223402254171474,8.935905121062355,433.02339901815196,2.812920888219503e-07,0.9999997187079112
0.43990203594719846,3.6098439422749333,0.3866665545732368,0.07390836217591623,7.907615934189314,244.4004324474322,2.8237134515107914e-07,0.9999997176286548
0.4010996452523456,3.4227671469537753,0.5104174542423194,0.07311168073022599,6.472239100320324,278.92891669664675,2.787054219793755e-07,0.999999721294578
0.4157975790357952,3.527561411561667,0.4471392432776227,0.11412747525790295,9.028633322714033,337.3934454946695,2.861369536034139e-07,0.9999997138630464
0.4274141232594543,2.487701891130803,0.49782346792069176,0.07980247131058515,8.699261642423945,392.41324273617425,2.682552981479721e-07,0.9999997317447018
0.4109071614827925,2.6608805829567053,0.4250943716837717,0.1284986063450592,10.268479705058553,395.8442591753725,2.7972124605109423e-07,0.999999720278754
0.38543746771600323,3.2383015906000203,0.4431668171340812,0.11032384375003386,9.263100874994493,361.51080978549544,2.8230327313166094e-07,0.9999997176967269
0.5860033352978531,3.099819812876326,0.36425305272317227,0.08520206784999311,8.651196265918598,232.26920600576233,2.8155693849032635e-07,0.9999997184430615
0.45402673849977027,3.60495719069654,0.3923228376501504,0.08962940062685427,8.79690461873233,274.9222460432661,2.8433214781591043e-07,0.9999997156678522
0.3716765025422661,2.3218235989885883,0.4934712229724112,0.08269116354214345,5.948209029466331,279.36994778879557,2.75497187919298e-07,0.999999724502812
0.4093279321171553,2.430039325450153,0.4099132039591693,0.10622453149541786,8.025987385404338,300.64078321219193,2.798972019630291e-07,0.999999720102798
0.5922770052835324,2.7188060581041693,0.6308551831949742,0.08824836580484233,8.325595042305547,406.7986857224879,2.682087175575195e-07,0.9999997317912824
0.51739774789016,2.992194966056647,0.6479607467492958,0.10156964956802594,8.210536020463444,429.41540987676933,2.724295035435994e-07,0.9999997275704965
0.5786676992296451,2.924191732498843,0.594682981222953,0.11152008342909929,8.685475564048492,398.7490764650829,2.746182514482179e-07,0.9999997253817485
0.4714538109252267,2.450238959401416,0.35491409944220903,0.0994640259530552,9.61289205850144,293.8958642721135,2.7759609185784655e-07,0.9999997224039081
0.4600791078090226,3.3453516044687737,0.3731627786078312,0.10652376207086375,7.693352724514369,229.41035386959828,2.9351449988762997e-07,0.9999997064855001
0.35520096402283124,2.6073986793557147,0.35515024121452277,0.09152941861719951,10.100367222105538,341.84921768285545,2.7576485214757183e-07,0.9999997242351478
0.6069343445214321,2.5832986209316555,0.49379415112531544,0.11148083879590784,6.382438198373465,236.89717089461573,2.84280094443057e-07,0.9999997157199055
0.5030001734272327,2.505870373075256,0.3910714402739117,0.12281632940206189,6.54571201242456,208.85008341290853,2.931405530287965e-07,0.999999706859447
0.5782045020837113,3.6075698240054925,0.40447256692255534,0.12123691485072659,7.238373130730127,208.1055591846998,3.007475041489537e-07,0.9999996992524959
0.3780939986914794,2.768182565025663,0.3560503639774154,0.08675072615280413,6.111600003209408,192.92599037061825,2.897360193788467e-07,0.9999997102639806
0.5797035362953278,3.4666521225965994,0.6071595831698472,0.07789052455321652,9.915713451106225,447.8816134139854,2.6778993219445146e-07,0.9999997322100678
0.4873568273911765,2.6510176761966138,0.5734711714301084,0.10959078846867673,9.490237567936285,461.8205126517108,2.711065797620586e-07,0.9999997288934203
0.5533797444559437,3.3059049472174795,0.5260998443767503,0.08911382100041834,9.057081805369798,364.3722090212061,2.740743592925721e-07,0.9999997259256407
0.642789548494916,2.129425936308361,0.39535306180477514,0.07016991994908532,7.898495054072857,234.82276561465957,2.6925736362275036e-07,0.9999997307426364
0.5114417597079138,2.7843183757020897,0.5106383174701208,0.08483084800724236,7.1307547708283625,295.65706905116446,2.7524838023105384e-07,0.9999997247516198
0.49298165554461837,3.889671964399009,0.3589227644122028,0.07265486026513399,6.711179942698924,176.45714102289722,2.9141390688270883e-07,0.9999997085860931
0.4262749202036155,3.0639635766518567,0.37658962869793344,0.09314684864701128,6.626199779161112,208.15094914365642,2.9080305774437293e-07,0.9999997091969423
0.5174745527568286,3.122185961373539,0.48977420529496674,0.11252942251809867,5.954358336745021,226.00152032199424,2.926800792924324e-07,0.9999997073199207
0.40825306771315795,2.268482688077746,0.6197028834627918,0.07221176732453255,10.12326300883667,587.1760665017823,2.6033961894085747e-07,0.999999739660381
0.43326538114783963,2.126292747281945,0.36503747474028375,0.09994146426125029,8.231010276997884,273.8914471072586,2.774872266256812e-07,0.9999997225127734
0.42944230979628945,3.6890025637418242,0.6447031778362715,0.0714226549851017,7.468473319372253,395.86271255357565,2.7144381754212727e-07,0.9999997285561825
0.4413300738047571,3.888208364216718,0.49615143592254835,0.10895736803369543,6.439872426728013,250.10403291912388,2.956073141875296e-07,0.9999997043926858
0.5359851622588563,2.811717194785579,0.5055541423773133,0.08288438892067941,7.493990450780889,301.19951447996255,2.7407376181297397e-07,0.9999997259262382
0.44517262690438014,2.7249120993276157,0.605431633079633,0.11359687783114858,10.129900655544823,535.7621443182607,2.699808281689026e-07,0.9999997300191719
0.6057434244587692,2.6664334506865837,0.4338307714588858,0.07745940085704942,6.444482819787587,207.15038427304302,2.784958853074506e-07,0.9999997215041146
0.5044996797604933,2.8448179011500865,0.3740316465506843,0.1205412225542063,8.978374590310702,271.6806968784185,2.872914089560543e-07,0.999999712708591
0.5756329208114529,3.841554079307483,0.3918571724729964,0.11236386748336943,9.57891446387752,267.77945213027056,2.907434637019498e-07,0.9999997092565363
0.5821354465176114,3.5371456116147217,0.49184135404712537,0.10373922837944746,9.669372357011184,349.6527645417633,2.7921673176614366e-07,0.9999997207832683
0.41087025290882034,3.572027426712647,0.41617317978971835,0.10820943170204961,7.744953478280368,265.9746010423505,2.920891052210517e-07,0.9999997079108948
0.6077419154341344,3.195623285033525,0.5598917723940445,0.07209668377542992,7.01428462580719,286.7528086916737,2.730126735204701e-07,0.9999997269873265
0.6118205578468036,3.2185011268787846,0.6211383829106982,0.11704669807281623,6.833937600219587,309.8721128436869,2.8305869636642283e-07,0.9999997169413036
0.38207005068284694,3.881806674678681,0.6418654020685668,0.1260628258446214,6.185014548971793,331.1125284178935,2.928390745690045e-07,0.9999997071609255
0.3725442853046209,3.403642311273112,0.3824540573425286,0.07692843636838684,7.616015949384709,250.6563350942526,2.8319146006552815e-07,0.9999997168085399
0.5125867474691168,3.569877723064465,0.4408028189993187,0.10426308127007725,10.118831067399212,344.5250969947882,2.8118553486456424e-07,0.9999997188144651
0.43165814271036657,2.7728933858514146,0.48080640975682987,0.09763008162718742,7.263230374033901,304.2683942121489,2.794661708882088e-07,0.9999997205338291
0.4649087345814363,3.1991146817498093,0.4527807424926335,0.0759049148378317,7.072985347469371,259.92841239432516,2.7882515137231815e-07,0.9999997211748486
0.5014036743120764,3.6350522250195993,0.35566901495626785,0.08794803132362014,8.126771210402588,218.00570688715436,2.8950494332096146e-07,0.9999997104950566
0.39279239816254163,3.24766439512074,0.6468705442988938,0.10236201104907132,7.942751506920853,451.35095047907066,2.749986026475028e-07,0.9999997250013973
0.4349201661141029,3.046095314436845,0.5731012212621207,0.12625293720998887,9.240473915693943,455.9337316151674,2.777283539707301e-07,0.999999722271646
0.4623614546265651,2.8134142438623297,0.4263336802929861,0.10358075706719835,8.16634049213234,293.8709199832033,2.814864418058658e-07,0.9999997185135582
0.5709864221637321,3.291429648417151,0.5782501812102758,0.10451661317187128,9.135732335784695,400.22615860464884,2.7522282330518287e-07,0.9999997247771767
0.528135638308232,2.361787189660965,0.6455733381372579,0.09530455465825927,5.864831408566766,313.68232345836475,2.7346077804957126e-07,0.999999726539222
0.6347217485421125,2.9647246898476673,0.5348993157023025,0.11199684544058063,9.709061504523095,382.74372878087587,2.749224218083968e-07,0.9999997250775782
0.5913822545797205,2.632936979279018,0.3939263067425749,0.1271797228720694,7.975814998403248,238.41390875445947,2.889910651851741e-07,0.9999997110089348
0.408595874358299,3.6271871975751027,0.35719204026883816,0.07805539240232665,7.170309702382068,207.19016710234575,2.894032021356402e-07,0.9999997105967978
0.4689510747552682,3.245761636607357,0.49969835806734964,0.1120728010172504,8.252812562879619,337.3314793005021,2.827434744613926e-07,0.9999997172565256
0.4295363709140652,3.490728490942396,0.5508304766268108,0.08924377949270804,7.341629176099592,335.06509134558576,2.7910518505410795e-07,0.9999997208948149
0.4535675276289856,3.596706137138077,0.3879390536228743,0.07228207504279109,6.598574816421333,199.62826929488466,2.8679674572854765e-07,0.9999997132032543
0.5255433073634893,2.810662303273023,0.42902171819170953,0.11500731115452067,6.395002573105045,215.27929978967518,2.921571778196229e-07,0.9999997078428222
0.5287696681502193,2.422540266775968,0.44165547093459134,0.10212613643917845,8.854485707377673,322.87787056798584,2.748050214108111e-07,0.9999997251949786
0.6132178365708518,2.239635037105801,0.3903890046896458,0.12013494284244075,7.149831684400742,211.84930963107882,2.8625502836790435e-07,0.9999997137449717
0.4631615748324747,3.1838921096552637,0.414114680859628,0.0933817722028954,9.291803195569592,316.71674651315345,2.792772817319192e-07,0.9999997207227183
0.5905928088933416,2.9522631766012193,0.5940608972855956,0.11183859239382529,10.015215719839283,454.36111405795896,2.7187065144890284e-07,0.9999997281293486
0.5588995007777615,3.1487218787858255,0.4221143855665491,0.12783759429940764,6.264983709453514,195.83786551674183,3.019326119726887e-07,0.999999698067388
0.36694332473180524,3.5738142124748613,0.5320581129037463,0.11132869154181926,6.822348122825296,313.5166857011345,2.8901764243674893e-07,0.9999997109823575
0.38627095695520847,3.6534948243676872,0.5760785017815513,0.1165714618238496,7.908922797809078,388.72102153724046,2.841720966935382e-07,0.9999997158279033
0.47297577941599916,3.4938269949577174,0.4769385772739776,0.098041945933962,8.103540674617484,307.8184575352087,2.8281917012094e-07,0.9999997171808299
0.6369706770927086,3.6443353820051874,0.5538396197746133,0.09298038742019278,6.276998203875334,238.6430638444316,2.85677420902136e-07,0.9999997143225791
0.5305878802313474,3.182329565393467,0.599809470539991,0.07018582065079562,10.207783449220596,482.1513628535021,2.6448454709927356e-07,0.9999997355154528
0.5699192377693967,3.241492543661182,0.4054647486853242,0.09801641053976096,10.131993403211231,309.01465518870896,2.7935878565673796e-07,0.9999997206412143
0.3526532726987076,2.7830371833246432,0.5339252765426363,0.07440595311318704,8.48289328015293,429.1586872118843,2.681413414734089e-07,0.9999997318586585
0.5673664951835438,3.192486389092733,0.3812093743035915,0.07598136074889512,9.95749105523997,285.792578874275,2.7484778384258275e-07,0.9999997251522161
0.553014185809448,3.4752641282491954,0.5368717141839536,0.08938796181756993,6.849402349306873,273.826867245404,2.81595363518973e-07,0.9999997184046365
0.5168509942462522,2.785843384427338,0.640147353603345,0.07396339705892332,8.676190710767404,455.1832270592954,2.647647423423246e-07,0.9999997352352576
0.4469612634304499,3.168217783750654,0.525636951321476,0.10876606470542077,6.756935341670496,295.5255605015853,2.854953427791647e-07,0.9999997145046572
0.38218854850308703,3.281730710898951,0.5247630788426294,0.0858168195125666,7.921464324658051,365.97519663241746,2.7604249345439603e-07,0.9999997239575066
0.40628254794749463,2.8972384441765477,0.6289767691744219,0.12815320780936768,5.674658850113983,315.38846978348033,2.876807930108829e-07,0.999999712319207
0.6146207946534366,2.4174980021845305,0.38208944720534466,0.10413054859952095,7.039012064993537,200.66423241379078,2.851829374402399e-07,0.9999997148170625
0.524307279192683,2.3732063323929267,0.5436452732971135,0.1186638293841016,7.054509474896411,318.7877875904052,2.7834960655552434e-07,0.9999997216503934
0.494529091869385,3.52371158824125,0.5773539194502386,0.12447620029127784,8.824663403642758,402.9062845072558,2.8199547035635183e-07,0.9999997180045297
0.5361294290855889,3.010957592166668,0.5385388343348917,0.10056244062659805,10.279031037192276,439.5350949822199,2.715481541392838e-07,0.9999997284518458
0.49915982491379784,3.68468797996469,0.4031407589512422,0.07774306941357964,9.457530076276369,292.56468015942585,2.7850045677795283e-07,0.9999997214995432
0.38297282628243934,2.3191933278757495,0.43026864753029725,0.09064325838089053,7.566184112852607,308.2895232805845,2.7520428857120346e-07,0.9999997247957114
0.5153687680359004,3.625427141954093,0.5059451573688707,0.0809007559528628,8.04966467895189,311.0348097726346,2.7748752449417326e-07,0.9999997225124755
0.3566981439815945,2.3080174324557436,0.5851314063192014,0.11759668559322925,6.1319894094002585,351.19339092502076,2.7895110075385224e-07,0.9999997210488992
0.5690189990924405,2.231061773557734,0.3721678062911502,0.11977014113785808,9.432706161929074,281.8808479723401,2.794165190631221e-07,0.999999720583481
0.44944754212556653,3.3664139985191905,0.5561015555321511,0.12721082316323978,5.621705856412448,253.26357590834357,2.971143300964161e-07,0.9999997028856699
0.6168734701811857,3.118679713641537,0.4260221130106551,0.11450632193366661,5.6497394768949,168.66471121287447,3.011068648097625e-07,0.9999996988931352
0.6298847499614155,3.093633503217745,0.5097592984762962,0.07468619467770456,7.762517306368482,286.0300538089186,2.729435422318341e-07,0.9999997270564578
0.6091819007544277,2.976920015617031,0.5790055448810999,0.11087309457714556,6.9467447846551575,298.28405754865975,2.81022091659172e-07,0.9999997189779083
0.454208618976726,2.1596587877931657,0.44941068036713844,0.09595913958190984,8.601619857947043,349.2007700297014,2.713195631799499e-07,0.9999997286804369
0.4652984437434158,3.104470943467488,0.5496887263035375,0.07369449509394915,7.530501809786302,343.60999215972834,2.717305798848465e-07,0.9999997282694201
0.40654827130557714,3.709674168432392,0.5073620871606639,0.12356707029149125,7.554823021554651,317.1082705366545,2.9189188350976386e-07,0.9999997081081164
0.35386065344924456,2.299442549405643,0.5331119525051647,0.08669516381198847,6.4549054981430345,337.3571878990538,2.728152492175825e-07,0.9999997271847508
0.4468182240507752,2.911600696334519,0.4877131860021432,0.09981073461471868,10.317451198485177,433.55702652588826,2.726401192924652e-07,0.9999997273598807
0.6442126011639325,2.2214470955627523,0.5129351523301897,0.1104543672386362,7.329400843741555,284.15879811408746,2.757261112441986e-07,0.9999997242738887
0.41534744582964317,3.074956171263253,0.618056478522174,0.07227115444279086,9.049887537429793,488.36420370388214,2.6577468315268057e-07,0.9999997342253168
0.37210750003881415,2.8197709028430076,0.3855349280924275,0.09035769830820854,7.442864328168911,260.2398412943352,2.830339639284773e-07,0.9999997169660361
0.5475556630694711,2.4603920198485176,0.39897560296131424,0.09221109561422687,7.042648444960781,222.5541703049264,2.808320938879435e-07,0.9999997191679061
0.48835383287520806,2.9869666444718144,0.46749175683157473,0.07874941866541493,9.216956074210742,354.6021194927505,2.715070908744913e-07,0.9999997284929091
0.5079823819932754,3.4297663311904545,0.5003744657872308,0.1004611691936733,6.3618905392153,244.40356372340784,2.8886944630212524e-07,0.9999997111305537
0.42256073290074486,2.5960101209367563,0.5188091106113488,0.10435784362951954,9.477267213139422,443.90554273233954,2.717254178177549e-07,0.9999997282745822
0.434071053353054,3.2359259939747615,0.5430506204441633,0.07236142009459955,8.922237573072287,411.3474660577481,2.6911410927834014e-07,0.9999997308858907
0.6071003511087999,3.8394956703274863,0.43973306616003804,0.12616548350520668,8.260201032858523,252.4597332263584,2.9607143021987025e-07,0.9999997039285697
0.603061720582678,2.886453922799237,0.462795258333368,0.12277136796200303,9.706427290239034,338.9829755264098,2.8000024963154175e-07,0.9999997199997503
0.5232777912836412,2.296977298767675,0.5874343511890087,0.07888980321753804,7.831478445904342,388.38413363122004,2.6575791283342744e-07,0.9999997342420872
0.5827324467001683,3.383772591037873,0.6059456489398329,0.12202031054718275,10.338210022321341,467.40201099262396,2.754702403271065e-07,0.9999997245297597
0.5807330302978784,2.369434173703266,0.5175795015097971,0.09632391489371077,6.2978897628886745,255.15834881062864,2.772675685343918e-07,0.9999997227324314
0.38871835839373786,2.3477796464042786,0.5190328994654355,0.08384222202217279,8.647184960125891,426.7758821556675,2.6748647316988764e-07,0.9999997325135268
0.5677414443410544,2.956695698379831,0.3542152119430972,0.08125582722348954,6.195996219718389,160.71180418713686,2.8969286628183477e-07,0.9999997103071337
0.37769560115819306,2.9168545419094603,0.4486473613260263,0.12965128070790938,6.121929383789026,244.80969265154448,2.9751306597261386e-07,0.999999702486934
0.5633260144448894,2.4201479002715587,0.5309966874156637,0.12047113156743815,6.2468707693356045,262.9919626165606,2.831917906173373e-07,0.9999997168082094
0.481317137790963,3.3168638660049496,0.3853206207183961,0.089054202577006,8.156323925152437,248.7787474626043,2.84572723926179e-07,0.9999997154272761
0.41712408957502106,3.3874035760444134,0.3617684451970312,0.09943730091914657,9.733591396202812,295.1773566365552,2.8497519029081174e-07,0.9999997150248097
0.4876360775196803,2.702992249603798,0.6192286497913833,0.09256035533365285,9.027014507312831,472.20390449599404,2.678123219975003e-07,0.999999732187678
0.43573760057788746,2.9630659536435235,0.5252570177790665,0.08031465747969549,6.510102873661957,291.70185587604954,2.76780081026078e-07,0.9999997232199189
0.49077587725981103,2.5637312222248685,0.5803433490738573,0.0990882702503562,7.105231765822808,349.39209215737475,2.741365148397851e-07,0.9999997258634852
0.6276561748775582,2.514248734047931,0.6474073242744296,0.12971857588272906,7.995281661576628,394.938127186551,2.7473113026864555e-07,0.9999997252688697
0.5301764469679097,3.3088739620741516,0.4619229959096822,0.07112524746477969,6.8300968868177465,239.84062823401177,2.784426787663497e-07,0.9999997215573212
0.5981736280585346,2.823423981604598,0.3870595305782919,0.0719679662517207,6.304710198690548,177.7182266755362,2.815583605135634e-07,0.9999997184416395
0.5496608515668612,3.8436790265264857,0.43556118186571224,0.11986554370651656,9.944946941094617,317.9452789666924,2.8814390753995817e-07,0.9999997118560925
0.3505201907382135,3.2569065580913605,0.42312358149496476,0.08973189771423662,10.040269767833102,386.1907019469015,2.763790761941332e-07,0.9999997236209238
0.639379385660553,3.870795558945818,0.3599459986848475,0.10093604828184054,6.003031439306674,139.28505591053164,3.0957256090266253e-07,0.9999996904274391
0.3754514175289251,2.588449349387359,0.5615651284177485,0.09662734393669067,8.677196501171522,459.631518177983,2.703076700312232e-07,0.99999972969233
0.5852447008639844,2.83467291464269,0.48463170165596026,0.094176967840681,7.520636367010484,276.78061896341023,2.781579676217818e-07,0.9999997218420323
0.35230825993137843,3.0024859505138877,0.5834720099348898,0.10755230240448933,9.81545197589831,531.5661487873749,2.720852298393223e-07,0.9999997279147702
0.43431844656231167,3.1408889250616565,0.43086763317545584,0.10300739931167491,6.519068203375651,233.22372610819954,2.909806499346757e-07,0.9999997090193501
0.538776568721655,3.0651230893010544,0.6146751941414903,0.08468272870743711,7.634634349275652,369.3720773475342,2.7177469190993714e-07,0.9999997282253081
0.5098284984411914,2.306094825113435,0.4803484169233121,0.11862504133904113,9.04450351117977,370.1930475928095,2.747171351041369e-07,0.9999997252828648
0.548963932585565,2.942556323249375,0.46152598248395615,0.08843580860693788,6.431945735107783,227.32750399817564,2.828230380214602e-07,0.999999717176962
0.47764307285021623,3.1256606455790266,0.45926143032242517,0.08992236242286226,5.634935185605278,205.6098775149913,2.8912872004308196e-07,0.9999997108712799
0.5621246420010123,3.700228466523094,0.4392943847977282,0.12840170658682443,9.562525122859338,308.0114492777801,2.9019649847987735e-07,0.9999997098035015
0.6050040113759411,3.143831145916786,0.4722762875257108,0.08818746765732836,6.937836553709472,237.730028564202,2.8181119870846456e-07,0.9999997181888013
0.5450636621448084,2.1929109903069954,0.5093060064380329,0.12286698820981458,8.81455366228322,374.3311579104445,2.73729653045647e-07,0.999999726270347
0.36506894206593865,3.3773936582211004,0.45961809114793534,0.11850049115389641,6.047217942036388,240.5911388763606,2.989414230057312e-07,0.9999997010585769
0.4858926647477354,3.460403715795926,0.4688864246568234,0.07104618860578182,7.810421095624634,288.3830155456725,2.7586908562214936e-07,0.9999997241309144
0.5554834370129876,3.663573103409769,0.5810404699304268,0.08883814642977783,8.84769710607025,383.8542481027907,2.745318139430507e-07,0.999999725468186
0.5294164555136988,3.8315084146778196,0.4085750882746866,0.11126454324302908,5.759040277605662,167.65315704207012,3.0927964652975697e-07,0.9999996907203534
0.47247617960631216,3.545605730692455,0.5086352225628706,0.08814812243471087,6.777059504270841,271.63272805174955,2.834559147481071e-07,0.9999997165440853
0.5284262900771015,3.381184656650519,0.6184918453599507,0.12292248908236147,7.823791918975738,375.7567188562549,2.8200560029919977e-07,0.9999997179943997
0.42810933189379696,3.056260809499149,0.47104051612439135,0.07897143197073457,8.881042245242607,360.4535455793175,2.725991383132767e-07,0.9999997274008617
0.5646078682363689,3.390237237044294,0.4658335823914955,0.11255129485772683,8.99192209466503,313.3905220107267,2.8368716415271263e-07,0.9999997163128358
0.6021264172109563,2.88094615086009,0.5717082961256199,0.1276658264387422,9.819574891968804,426.8199587539177,2.7546797083618294e-07,0.9999997245320291
0.5428003510856889,2.4218955575267107,0.5908364683509602,0.07215459991653729,7.005823468975513,338.5599206953218,2.6688423869944676e-07,0.9999997331157613
0.6154786086397446,2.708418318475431,0.4156777826949893,0.09285204747514292,8.802429177941164,273.4640606967855,2.7669205646439324e-07,0.9999997233079435
0.5073259279349771,3.8266060490317755,0.3759107263976682,0.12520706949578025,8.39533535586673,234.97874037971968,3.0108621198357527e-07,0.999999698913788
0.45904336247212907,2.6405170505512294,0.4806657821744623,0.12331923617062572,8.765755268228238,365.5733618288184,2.7943666463064847e-07,0.9999997205633354
0.3784490857684704,3.837366170886355,0.5167217888655993,0.10785078810721978,10.221217509239441,447.42711838887004,2.7941543729748296e-07,0.9999997205845627
0.4769473789544683,3.564605637667924,0.44999418503914823,0.09700861542216066,6.708426825598759,234.4639332447116,2.906461539365323e-07,0.9999997093538461
0.6377704926784467,3.310846202160518,0.6223350132907448,0.08897866591285282,9.52203297621088,426.6040508353793,2.696841658871861e-07,0.9999997303158341
0.5719114942373863,2.9827760991503083,0.4957130497658452,0.1192267428648564,9.787415062252858,374.42538451590667,2.7807938199961666e-07,0.999999721920618
0.524716899383363,2.444477616534643,0.6196594760623347,0.0968983875718248,6.638361198289375,341.20717041186066,2.727438768989419e-07,0.9999997272561231
0.4556952235633349,3.1456666730050706,0.6174659483472758,0.10099545789207726,5.801183784878512,296.4665988044162,2.829367383686189e-07,0.9999997170632616
0.5419332896216309,2.8678062672627638,0.5741771281070426,0.07334577627538091,7.9912172004314,365.1224787026715,2.682379992572602e-07,0.9999997317620007
0.46113626051427814,3.524231240966668,0.37835823320499895,0.12739004834647466,8.721825346930977,262.24074102207896,2.967641512070164e-07,0.9999997032358487
0.43942160881755027,3.386114737353457,0.5934414027385675,0.11274388018218835,10.10365992734097,500.4922035902877,2.746334813396607e-07,0.9999997253665187
0.4642784448993541,2.7488717626106602,0.6159555225232383,0.09838469890094574,8.780031168413906,464.6064894721837,2.69815462315189e-07,0.9999997301845377
0.4116595038395917,3.1926680400206378,0.5208648270609197,0.10946914693418068,5.958958802610532,263.7411678533375,2.901341005949579e-07,0.9999997098658994
0.3709714437384989,3.5129989773673342,0.6216704163017,0.10001384544512211,7.804479361074561,424.8348912435092,2.7754193095815345e-07,0.999999722458069
0.5068903552736591,2.1709740307735306,0.5902537150623759,0.12514353542291412,7.903196648001709,403.3832425857124,2.7305549856849835e-07,0.9999997269445015
0.5292120082346907,3.787812770948105,0.5091075316022107,0.08377526448421214,7.578753713348929,287.00507141870236,2.8078835309410443e-07,0.9999997192116469
0.5683307962624017,2.9047695746647544,0.6027499371052061,0.10199463441113724,6.354321295081274,294.39876276558357,2.79478559033455e-07,0.9999997205214409
0.5219003514167135,3.424396897801931,0.529913932275931,0.11594497401479609,6.933138217605633,281.63833357407634,2.888044409602056e-07,0.9999997111955591
0.5055252665775383,2.7804116594583377,0.5387029165738721,0.08742839360611826,8.884932669390729,396.0559690724951,2.7012721315623983e-07,0.9999997298727868
0.6482420088368895,2.7535207197747837,0.42733884181180115,0.09870828749626345,6.2056023821376245,187.54449585711302,2.877899039205483e-07,0.9999997122100961
0.5518090393770096,2.196408343723535,0.5438043136695464,0.07714089719819674,9.738050687308327,439.4874651373799,2.627570115491324e-07,0.9999997372429884
0.6122604654965516,2.4721155650986986,0.5686037449777799,0.10662716302952771,8.669308268602101,381.6570943675973,2.712552058645717e-07,0.9999997287447941
0.6456483491541929,2.8314539934961505,0.4839775030932101,0.07781504955056107,6.169598960352904,212.67147282202754,2.784270799115592e-07,0.99999972157292
0.6265007969009161,2.2725709932685945,0.4924433863369913,0.08476896874726472,7.676257844774813,289.1324260153894,2.7039195287502576e-07,0.9999997296080472
0.5869316396640342,2.2228331860199595,0.606933805662255,0.08049873063931459,7.288081465004783,354.37661551198516,2.66226928145516e-07,0.9999997337730718
0.6001468995766637,3.7224194288502312,0.4105174906878109,0.11799610319324741,7.370936312051851,210.2453630640344,2.9952073213707686e-07,0.9999997004792679
0.6042254818106124,3.2951608977797324,0.6224453623660592,0.11229067617284456,8.510688481591062,391.18690178516545,2.768533535872007e-07,0.9999997231466464
0.5274665935915968,3.4024028672617828,0.475978460857292,0.1280318348649873,7.294913348073184,264.43627329728395,2.9392132718503416e-07,0.9999997060786728
0.5848966949997847,3.680078512483745,0.46162882874336136,0.08220703038323199,6.616879810024408,215.59622254766936,2.8611491141048904e-07,0.9999997138850886
0.39463916286421724,3.7242120247603734,0.5852825549533259,0.0887440343914852,6.79542488777642,332.655872466561,2.8097669001281876e-07,0.99999971902331
0.6087517809189015,3.1272595105581438,0.37715683012700724,0.11827842002238001,6.866122803715161,183.89086775388893,2.9943834266577066e-07,0.9999997005616573
0.38688621102519793,3.269366017511583,0.5126865771956871,0.07383889373182748,9.975491943136612,450.8893968885713,2.6866826262007585e-07,0.9999997313317374
0.631506797179565,2.178101272603486,0.4991670054692334,0.11645136881706042,9.686183812059587,375.5924779961871,2.7098210306968367e-07,0.9999997290178969
0.5272691606911566,2.302544959600792,0.5736189782127538,0.10460526603767142,10.174195751275295,490.5528544928844,2.6650746383390767e-07,0.9999997334925361
0.42133292290373714,3.276381190076881,0.4434758209042836,0.08150939998112036,6.085642805395119,223.43520506798515,2.8606858332380345e-07,0.9999997139314166
0.45172229399937897,2.735037573025705,0.4751211281253298,0.09795892834244949,10.016360180131006,413.86699117894864,2.721524148687218e-07,0.9999997278475852
0.4778144213629757,3.5147783066465714,0.592771094210967,0.11050178790564581,7.429251669349674,351.2103053168406,2.8266220376132985e-07,0.9999997173377962
0.6329087869516412,2.106209417689744,0.4279765531580344,0.10324901264813169,5.913853624372116,188.9720838094929,2.830266294017911e-07,0.9999997169733706
0.5346155789767435,3.2656489435022547,0.44552844740704367,0.12087078521325484,5.682849103872482,188.95501853676026,3.028091421599571e-07,0.9999996971908578
0.39797749480779454,2.728686394619321,0.5063453064732125,0.10837165187934614,9.355952814242926,432.46307300706076,2.7431240384544064e-07,0.9999997256875962
0.45310633571812337,2.3520549745492936,0.46858006265763213,0.08611786068680197,6.736760924546081,277.6450383983795,2.7511023593004274e-07,0.9999997248897641
0.5824341261223394,2.7615649398850017,0.47631722947990573,0.11063595121925435,6.5541668300087395,236.37474444835635,2.8617398071487904e-07,0.9999997138260193
0.5438421316599743,3.0263192390585827,0.4202444833451742,0.10256549802412113,8.078630429062706,261.9912674120618,2.839443036607337e-07,0.9999997160556964
0.6113219988535756,2.227335790783534,0.5540921220228242,0.08860076124280257,6.847277128221234,295.0010428315893,2.7079997663917104e-07,0.9999997292000233
0.4267734793127898,3.8285864486535996,0.6036980792156753,0.100835725331358,8.237718533034158,405.5361132521369,2.7921521754729826e-07,0.9999997207847825
0.4436738687961068,3.773486779679253,0.45999948593674844,0.12646925803596118,9.768703654821145,361.4921538076974,2.879976221802092e-07,0.9999997120023778
0.6224471804093581,3.0873964989141416,0.42951410745153196,0.09480095232461694,6.597843685446468,201.1827844755484,2.877390274746331e-07,0.9999997122609725
0.5765344721035319,3.4167193226565047,0.5122575083096081,0.09087083859196951,7.449499837111473,280.7122747296794,2.8063021519114614e-07,0.9999997193697848
0.38148578824798113,2.328084131223155,0.435458063722859,0.11161353535422297,7.542011101894427,311.3793709098767,2.8013176218030123e-07,0.9999997198682378
0.4767434370695933,3.053496654607615,0.48379038692318654,0.09894313683360789,8.742206153586165,349.4092594524241,2.773825227165461e-07,0.9999997226174773
0.638104599500378,3.799004399452553,0.39859586679341175,0.09758510234512688,5.895408572849628,153.88987779485058,3.032133764070754e-07,0.9999996967866236
0.6024817784077494,3.8733414554005083,0.6084866487067422,0.09744817352922382,8.035551125156278,346.31919444515984,2.791715122216647e-07,0.9999997208284878
0.5806934505825063,2.7776727599216766,0.49329655062218036,0.119414723192339,7.385118620487223,278.8487587705443,2.8398047606911187e-07,0.999999716019524
0.4745651538303054,2.796703672348545,0.5026933193538111,0.11568391763423132,7.751533548477016,327.8458277249189,2.8127177097062346e-07,0.999999718728229
0.48521455772340505,3.7149823999472464,0.5037102934847701,0.12178425024206374,6.286491176905502,242.21059190570102,2.9863257626598094e-07,0.9999997013674238
0.4702872961658004,3.7173991120301517,0.5214359036637265,0.10953119540600754,8.223985828013948,338.24124463603744,2.8468575438558474e-07,0.9999997153142456
0.44720370576567303,3.1979707851785837,0.46296424762054267,0.10024944072269691,7.254445273938948,277.75358541835794,2.850163829335766e-07,0.9999997149836171
0.4005560604491734,2.5392395176575815,0.5400575369490572,0.09771214472127121,7.591751736840001,378.575863664536,2.7369647285393365e-07,0.9999997263035272
0.467916375028268,3.750121543056105,0.6090487808280307,0.0935145578940346,6.260366455421357,298.6011330864234,2.837878312713532e-07,0.9999997162121688
0.3671209683442249,2.5238956566114643,0.6134086594544593,0.09938446986176576,7.36397818284942,431.93023329600055,2.7187538196946954e-07,0.999999728124618
0.6191421407624572,3.0135931457618033,0.3625161537879289,0.10906867147819493,7.359728530549411,189.8970628736554,2.9381258525781154e-07,0.9999997061874147
0.3666407830126819,2.6886422512804526,0.6295440550115733,0.11330191596179678,7.937450865919665,471.00393456994675,2.7378613939080686e-07,0.9999997262138606
0.416182448687027,2.393039669824947,0.3659959895193776,0.10610912071247405,6.7487608987884515,220.5691065099437,2.877393958443594e-07,0.9999997122606041
0.5377209573715432,3.040760607898582,0.4584953418043861,0.10937699489499018,10.325760755536937,373.7974020134898,2.7701797377226967e-07,0.9999997229820262
0.5667916103303442,3.101065279105729,0.4197284148123076,0.09272717015072332,10.054879561864912,321.9892865125165,2.763169000491787e-07,0.9999997236831
0.4311972049111899,3.493129837120433,0.5043516199328077,0.08145256371673354,5.714055361070164,233.35370282149103,2.859272701614909e-07,0.9999997140727298
0.39177586673819376,3.869164646735923,0.5426579167326938,0.10072378556271214,6.662688645918042,297.8435179524122,2.8843035340177955e-07,0.9999997115696466
0.5252868922423932,3.2525155441021667,0.5168021576128189,0.0952395077042679,7.317618288554035,293.3970402941876,2.808112357894834e-07,0.9999997191887642
0.4941442498295257,2.4662401503423026,0.37514662625351114,0.08886321343486034,10.164732201279312,323.30077649633967,2.726838747388964e-07,0.9999997273161253
0.5009216994792637,2.1283237662999213,0.43368813193748296,0.09405350503351151,7.725246805048258,287.8498875747722,2.736513596359385e-07,0.9999997263486403
0.6439178281494182,3.401340942000904,0.5143161935563418,0.10922842349581038,9.337382619548315,340.05092536471415,2.793600010555324e-07,0.999999720639999
0.5385844496787933,3.814789786066915,0.44680162283494074,0.08757461612333553,7.500679016253795,244.66108944572136,2.8620161124817624e-07,0.9999997137983887
0.596539365709953,2.21923803103065,0.4700027570703347,0.12220428842949657,8.544779747093418,317.5207927449911,2.7646799371266225e-07,0.9999997235320063
0.5829404528432667,2.180433753175735,0.5648678181684087,0.12563411459872403,8.226347492683605,375.61584802986016,2.733750193947964e-07,0.9999997266249806
0.44063134862684095,2.572618171353194,0.3656699373295678,0.07409161607627224,9.534519393812012,306.3858725298011,2.7160471944641896e-07,0.9999997283952805
0.5342212273267981,3.2104301852952486,0.357801719246251,0.09737379455691046,8.191552299654443,222.48536798766244,2.885537276840149e-07,0.9999997114462723
0.5463031311055685,3.4139384770603294,0.5762689439151667,0.12659204662470047,10.224308430785161,451.16271607225144,2.7794995490272914e-07,0.9999997220500451
0.596042941882425,2.177223810095613,0.5488172228473878,0.11203514934870444,9.362996201826427,411.40430637271936,2.690289500776491e-07,0.9999997309710499
0.5811655351737286,2.4523226157789972,0.35948217949636946,0.09007449384208045,5.730178823679259,153.81434784317105,2.8949937157867135e-07,0.9999997105006284
0.4240188977088417,3.4879912623683107,0.4497722087105561,0.10826033153675836,6.408787942163191,234.97950025029104,2.95341394894738e-07,0.9999997046586051
0.35737467701409115,2.9671367298365006,0.46384919620256115,0.11349089189601527,7.26871073627349,309.03454358736235,2.863442133598667e-07,0.9999997136557867
0.47043026293418777,2.8642558651600982,0.5156528262916847,0.08960459669430788,6.156945096421611,263.38460092994575,2.8056610998416096e-07,0.99999971943389
0.6134645833937447,2.4384583325532043,0.4793485590335509,0.0834314737644489,7.603872991564952,278.0240357839218,2.721653397670666e-07,0.9999997278346602
0.5563490064436413,2.6493271907652707,0.527724751355245,0.07190419304113858,6.051537924934365,249.77059027930179,2.7347879640444114e-07,0.9999997265212036
0.3871654441840057,2.8819850476737514,0.4574836878336,0.10023646908776006,6.22113029104061,252.81519487217682,2.869500468555397e-07,0.9999997130499532
0.4949552296353611,2.9854784508340475,0.540646327108668,0.09680448656931107,6.5136179626326225,284.9741973171909,2.80928847056114e-07,0.9999997190711529
0.6451643967898764,2.550113307424793,0.37133158142548556,0.11522884153480745,5.872048323755047,153.73277166412657,2.9802662888358816e-07,0.9999997019733711
0.5970237095076041,3.2543074877940583,0.5238672031954519,0.11667062252068233,8.138700072829746,314.20030164603907,2.8312518226181155e-07,0.9999997168748177
0.5522000703989257,3.215180366181402,0.6188382404752555,0.10615105743972225,7.885172683334979,376.4005315549637,2.768786224742639e-07,0.9999997231213775
0.4606736721851685,3.636994765455598,0.5882211103436827,0.1298831504172973,6.524889356252166,305.2209745553225,2.9298922171444573e-07,0.9999997070107783
0.4284934505339018,3.506785589577298,0.4989751514959798,0.11996859728704243,6.680487798157091,272.9794638303637,2.93931416189183e-07,0.9999997060685838
0.4648240077197883,2.71973050966294,0.42497985329667953,0.11301767492010831,10.166462093731631,370.9427265617255,2.773656647061368e-07,0.9999997226343353
0.399098295242728,2.1834201730931038,0.3637717936393493,0.08698300891720505,7.031607130558913,237.51702781537097,2.786415466652195e-07,0.9999997213584534
0.5546371198300922,3.75575435300272,0.5203039517093322,0.08569789935014761,10.21502157128803,394.9600680409819,2.7355771256907504e-07,0.9999997264422874
0.5182109394543477,2.526490864664059,0.5397893364857788,0.11606472704112236,6.721347577800977,298.70299278835375,2.8073890662105315e-07,0.9999997192610934
0.5500409121372141,2.182328586525783,0.6441119142978704,0.09295671076992532,8.622342159712787,461.99571243334196,2.64615979664031e-07,0.9999997353840203
0.40443982831018327,2.5648106510264808,0.5916863396130956,0.08538474883044665,5.748962227398232,309.2026353335665,2.7507136047077773e-07,0.9999997249286395
0.5769434059657645,3.820962364362269,0.5162618982127231,0.08013647687910098,8.607540325416949,320.3921449288921,2.764412117146732e-07,0.9999997235587883
0.47429050447763943,2.557223918557593,0.48156248711265154,0.11589443287275239,6.878902355961378,281.60209504955685,2.834732540132323e-07,0.999999716526746
0.5584620308623628,2.228247264791497,0.6165476969007615,0.11117659411789736,10.285427063230983,521.2651686286817,2.6564045425068395e-07,0.9999997343595457
0.5991113155948512,2.547097609207344,0.5519736289113681,0.07048945269991283,9.94942854182587,427.8621632654357,2.6301317664155335e-07,0.9999997369868233
0.5119890709412951,3.3751988574657643,0.35233511920706073,0.09532837924655309,8.827287691111025,238.5926213526539,2.8747051274320907e-07,0.9999997125294873
0.38647393325629026,2.6684614123893815,0.5913982929122241,0.1266577733383276,6.1798190741829835,336.2296547255966,2.8422558739616893e-07,0.9999997157744126
0.4561719251163985,3.0416015482351906,0.47067073689512595,0.1015480123041605,9.246596904591536,366.9308230674358,2.7721293175752467e-07,0.9999997227870683
0.41180837894686073,2.9681252679238335,0.37561684339873586,0.12704154229087455,10.076964199308001,331.77990577151854,2.863113180599013e-07,0.9999997136886819
0.39858814291439293,3.1768887326395765,0.6340870474324829,0.08229970855973336,6.417298423578267,355.8609651082826,2.748762289896176e-07,0.999999725123771
0.5897153378728552,2.1364382945140905,0.6138585079428127,0.09439083728502634,8.818706545171285,436.9035540140442,2.649349678060425e-07,0.9999997350650321
0.4090026068998669,2.4572609144144653,0.39427065471285766,0.11496410992719755,9.349289023613595,338.2640460321458,2.7926627535033587e-07,0.9999997207337247
0.40460149717480287,3.768458262078211,0.5610845949582016,0.10904915762825398,6.174309821725157,283.97433626996514,2.916196520858794e-07,0.9999997083803479
0.6067137580944355,2.6036858331630715,0.4550707771839736,0.08809022267543024,7.333187621205357,251.55464945920977,2.767365674212859e-07,0.9999997232634326
0.6472902222670259,2.429279439576362,0.5463790179251209,0.10587518336077575,8.915538897937209,367.31326872768545,2.710357398561673e-07,0.9999997289642601
0.454704191077077,3.339823872706528,0.43214056467757633,0.07008558155987225,8.664809608204193,306.0904519290976,2.742805541839861e-07,0.9999997257194458
0.5727258685108392,2.2541218764992244,0.3806519712920315,0.08739168516691345,6.2027437152999605,182.91586109334764,2.8194760969974966e-07,0.9999997180523903
0.5069930714454668,3.0704371744074908,0.630689128518093,0.11388593526405438,10.356468128263966,527.6837115647328,2.71091057082814e-07,0.999999728908943
0.37334890427356643,2.639875551307561,0.48328163573240046,0.10886271640187667,8.75972602260708,398.1351470018435,2.762168096562015e-07,0.9999997237831904
0.647880080516287,2.4422474139592647,0.37374934094056667,0.10701466427541698,7.438285968769005,201.80184642274253,2.8535080235628116e-07,0.9999997146491977
0.5482831133561055,3.446663465688336,0.5515295889532845,0.1144271036009285,7.969154027824736,332.6690242284885,2.832215553293318e-07,0.9999997167784447
0.5204613423421314,2.5275199830573527,0.43684980174780164,0.07576065448363,8.738479378127604,314.54954569224594,2.699576242878811e-07,0.9999997300423757
0.3608507888183762,3.3725068504579134,0.6006567053691281,0.08206681991056401,5.6016069729651,296.20240627376404,2.807779935708403e-07,0.9999997192220065
0.39419443561419015,3.8923260288919383,0.3936744275625915,0.09163800513619005,9.322297072591242,301.37827262723744,2.8528420580141147e-07,0.9999997147157942
0.564061331620957,2.671811582966621,0.49870835581628864,0.1242849488265007,9.155047773214953,361.6761941249538,2.7799641666928784e-07,0.9999997220035833
0.5404550175566198,2.5862302122563934,0.48421936418245,0.09129197281446436,9.465469475195796,372.9292366375182,2.704554990212377e-07,0.999999729544501
0.4625457000596006,3.4333724357903064,0.6325548198216988,0.08661948296457198,9.34857319837349,482.7281726253564,2.698350724461531e-07,0.9999997301649276
0.623371324595509,3.356423064602325,0.5113865359032571,0.1085351157424552,9.406055061603963,347.05720331286744,2.788223209313737e-07,0.9999997211776791
0.4674223601525289,3.3514390644916294,0.4905922386808197,0.10299934391673336,8.961943091109799,358.2535095508658,2.796278081557248e-07,0.9999997203721919
0.514702626611558,3.4819362886388907,0.4090431526168438,0.07527256444643478,5.93813477302448,180.58473754307306,2.8882515592454263e-07,0.9999997111748441
0.5880210664701919,2.265973912493093,0.6317740780179139,0.10966644751031229,5.879332291047957,293.54322313312764,2.7622257150029755e-07,0.9999997237774285
0.6433258198750762,3.823399420671224,0.5449107764122719,0.1257802128772269,8.379526667027696,313.69741575682247,2.8793307555836173e-07,0.9999997120669244
0.4445954312284799,2.848845737256148,0.5181749262389843,0.12000775374559877,7.536861845984401,336.17613110459473,2.826562637691761e-07,0.9999997173437363
0.6205678138827428,2.3497739364098518,0.3906417090918186,0.07521595754169201,7.318728982739318,214.33579311985562,2.744317560666445e-07,0.9999997255682439
0.509562846895417,2.265243634656449,0.5279704036328184,0.07707418392749263,7.395678665121846,332.0702305205866,2.6789455299308424e-07,0.999999732105447
0.5261822897087832,3.334676482457204,0.45389244588161426,0.10110210228746971,9.258764722722848,325.7376164481741,2.8023305351369554e-07,0.9999997197669465
0.6158515406442533,2.5487069689862882,0.4035241471114187,0.10142065220088509,7.982253086423216,241.26420929423563,2.806824994525596e-07,0.9999997193175005
0.5771129085246107,2.9395424607950478,0.4029006965394697,0.08215377231746801,9.426770620113233,288.93213411671275,2.747986654008892e-07,0.9999997252013346
0.4616006997822984,2.592911299216678,0.5614392784161489,0.07272763373448013,6.428089398093144,311.08833748273764,2.707089578337194e-07,0.9999997292910422
0.560728529064648,2.6165116667140964,0.519978717063101,0.07884502130427606,8.313991081513736,343.8831918936971,2.6901465935992734e-07,0.9999997309853407
0.5472027998114695,2.2787036111477947,0.40950753583899774,0.08951258541067664,7.224201148953513,238.61339630545643,2.7692001634394554e-07,0.9999997230799836
0.6303387477012389,2.9737088464280017,0.48616964198997403,0.09158361060755647,6.869468481052841,240.5708337060217,2.8090952715142543e-07,0.9999997190904728
0.4760381038353795,3.2201777071986815,0.6277728775764584,0.09888446350297334,9.299735657659342,479.0985634840147,2.71434310402008e-07,0.9999997285656896
0.6227797950320634,2.283910606465484,0.46832196311822305,0.11856451824341491,8.555174761072589,308.24342757406214,2.764815647210748e-07,0.9999997235184352
0.3654661249936516,2.8256446049631325,0.43468300390070985,0.07830881478041825,5.9102324845460075,232.5477030076051,2.8220213213176823e-07,0.9999997177978679
0.46608488607851345,2.4345425866776123,0.5815420924431381,0.10705759698740448,9.790668110494034,500.00143530844485,2.6824249160778194e-07,0.9999997317575084
0.39754845398154237,3.2803772877061332,0.5047682749587615,0.09379970166852382,7.871284492949355,344.28411762386037,2.7926109217298903e-07,0.9999997207389079
0.4581849971619768,2.2948094895491593,0.564259188507162,0.12639335075381808,8.769878433187392,442.9157432202228,2.7310664613161256e-07,0.9999997268933538
0.5849122711809887,3.769676151465174,0.3865847167732991,0.07558460183858452,8.298158401848452,225.84680343191138,2.829322180051414e-07,0.999999717067782
0.5637433575658373,2.3114059443833805,0.5809364776691671,0.09473083295466732,7.455206719815718,351.4470465568529,2.7017610132070615e-07,0.9999997298238987
0.5653898366614573,3.5801705730783917,0.5504148511190592,0.08561025097057925,10.02426944892699,411.7517351912438,2.7179260636525755e-07,0.9999997282073937
0.46668400247451997,3.6301073674574313,0.6428188811825362,0.12828805508081723,9.364916876423976,482.6817116681807,2.79164500863523e-07,0.9999997208354992
0.5397612199817867,2.500644422339222,0.3877641654692214,0.10737419482609833,9.995682885695956,314.86531620664493,2.7688540354353955e-07,0.9999997231145965
0.478449007776078,2.6775375018586756,0.39163199040442553,0.11400708315644068,10.360567370153225,344.21188751462705,2.787679691758288e-07,0.9999997212320308
0.43035103799458463,3.668586030764944,0.455789572018701,0.08112243044284957,10.14602141436604,379.8672403332858,2.74846125374465e-07,0.9999997251538746
0.4897547020605695,2.8939558194123363,0.3671292530097731,0.12269025474499985,7.9249698275969305,235.19761674766596,2.93242554387635e-07,0.9999997067574456
0.3846139560027603,2.520049417212114,0.5315928513346346,0.08409901106796422,8.06260115562003,403.17386798776636,2.696197059605415e-07,0.999999730380294
0.6459243188715604,2.1849933614890755,0.5478868154482817,0.10767925616716505,8.362353273632593,350.52005518714344,2.705703879380347e-07,0.999999729429612
0.4368478429642052,3.2494134192810398,0.5586980848837514,0.07922501043473142,10.248667784602414,484.2095343466079,2.678172630096822e-07,0.999999732182737
0.49658741655809197,2.6796541226105104,0.54854812180767,0.10532082006594237,5.660988989739562,255.01220482092248,2.8389878116424744e-07,0.9999997161012188
0.6387370072471292,2.100901295537446,0.4293068778603727,0.07678299989376554,10.086630938789629,334.2354089538489,2.6496920708845094e-07,0.9999997350307929
0.5411921685292236,3.487754927634591,0.3586212834581799,0.0869521768163202,10.39985122501529,280.3763526840602,2.8057193745760184e-07,0.9999997194280625
0.48661469916183386,3.628779040904877,0.4364759804855486,0.11376900552970942,6.317101065608102,209.83954628107085,3.0064543455651996e-07,0.9999996993545655
0.38588118042461644,3.8585257445414882,0.3703700144432676,0.09876070024454792,7.668821334561988,231.6171685213715,2.9601293331013684e-07,0.9999997039870667
0.457395259028251,3.7261963497057127,0.46977469737413524,0.11669039351031918,10.282183016474132,387.0024970691015,2.831464299308736e-07,0.99999971685357
0.35971402520594475,2.6441458950985055,0.569342310125092,0.12393266262776784,9.32995432545788,505.40312208683434,2.7404402323162817e-07,0.9999997259559767
0.4774921947789345,2.3864948404482758,0.48527697787203206,0.0758683223073037,6.22878130809737,258.2684127248169,2.7359869432360887e-07,0.9999997264013056
0.5655664229883391,2.954398153391909,0.43965020212655387,0.10675293459035176,9.654068619760775,327.72545753364204,2.7843601647271754e-07,0.9999997215639835
0.6098697016901904,2.3449923654490736,0.44640422982446987,0.10935253537667641,8.267382124185392,284.46350966417464,2.77109007155565e-07,0.9999997228909928
0.5918260045109504,2.9908402779125858,0.3705779432481827,0.07342344972284598,6.013036808760946,159.66835318436893,2.8634861301981127e-07,0.999999713651387
0.4143766390468853,2.698198685601422,0.6066629763204938,0.09263479236763382,6.689448409612673,364.5420644594766,2.740483990191367e-07,0.999999725951601
0.5443567528553236,3.1374944421536215,0.35353023432126707,0.10644003686204384,8.411114129948185,225.29412435312776,2.902970672270494e-07,0.9999997097029327
0.6383340063325617,2.714125333105992,0.5019521486599794,0.0824336262947743,7.062698538146072,259.3674208900076,2.74745275545711e-07,0.9999997252547245
0.5601517220669565,2.209444532306646,0.4166417341494437,0.09179061594300589,6.2484696815916365,206.51891914682625,2.800807381049336e-07,0.9999997199192618
0.3911367569056327,3.644472726728293,0.48823149913051045,0.08644409054255228,9.677258176681512,402.19066733434124,2.756225209804997e-07,0.999999724377479
0.5751732514748246,2.800991326987258,0.613297219293005,0.07820268681958234,5.795641691177708,272.4451674838009,2.741473539179212e-07,0.9999997258526461
0.624475271603163,2.1027061831851346,0.41933367149728584,0.09672219088184353,8.611899316962772,279.1957756516472,2.7249656670537364e-07,0.9999997275034332
0.3645714221245247,2.829964077072629,0.5557372167957284,0.09569062384736841,10.02944776177625,519.232243215271,2.6922847963782393e-07,0.9999997307715204
0.5696850131729818,3.8842320269793076,0.35162753928739165,0.11392822441750272,9.102602958308237,226.11611587679118,2.974099370274305e-07,0.999999702590063
0.4271355148336271,3.697087061172722,0.5816603750516716,0.12042012521742837,9.546337553518448,457.2767893074546,2.8003907425309534e-07,0.9999997199609257
0.3881020703411847,2.3890437068618553,0.5114558252948871,0.1044553252144289,7.306626223204582,352.43210504021863,2.759373630322174e-07,0.9999997240626369
0.5504219153000802,3.6004900333267695,0.4479303602251171,0.10383364345858054,6.7653162790684815,220.9861649680065,2.9330017191434634e-07,0.9999997066998281
0.35274779114883986,3.395286205098908,0.5079817747731754,0.07148524113890856,5.861640270395372,261.5166227256319,2.80545700698993e-07,0.9999997194542993
0.5957582549115948,3.6031887045880073,0.5779789656703868,0.08778551075612559,5.7273570878341165,234.39386061245324,2.8506946008994876e-07,0.99999971493054
0.5994157154448585,2.664394903763565,0.638180406553744,0.08917168715725422,8.59720640418197,424.08616848757015,2.672843496054698e-07,0.9999997327156503
0.5571497050366905,3.5571501399881633,0.4739546494070126,0.08459526112052572,9.663961383227932,342.2369120932888,2.7538082253161523e-07,0.9999997246191775
0.4247598268647454,2.751863428795792,0.37905395233838773,0.11070503905229616,7.643430502430723,251.52478483016756,2.881791315042599e-07,0.9999997118208684
0.603578248303422,2.743970186407154,0.42809857894274805,0.09494469252063653,6.893546509935536,218.80764504465856,2.831925326816986e-07,0.9999997168074674
0.4361154060596251,2.6105136464307783,0.572037278454211,0.10504078332512776,7.890200715925735,401.85132453888576,2.737775231291962e-07,0.9999997262224769
0.408150240191083,2.7879246152048367,0.6049903551814698,0.08353640188697803,9.306220479808074,506.08710269393947,2.664452821712319e-07,0.9999997335547178
0.380393374336172,3.110641067230792,0.5667836407924752,0.08435126218321178,9.220594119661047,469.4211507113175,2.698161620185408e-07,0.999999730183838
0.5319594784041153,2.7157935281930223,0.6208310155946544,0.07610977650945047,6.038514541931199,301.0842693485785,2.717882032966092e-07,0.9999997282117967
0.41540840169718946,2.3371549381680476,0.3874250988863198,0.07629163006912226,9.834269294934687,351.74802084989517,2.686554124060811e-07,0.9999997313445876
0.4258320807378766,3.540894278651895,0.5558027382565993,0.07725927154594467,9.202128866765548,426.88327274311393,2.710037048494935e-07,0.9999997289962952
0.5151463132871885,2.9949465947224616,0.39819341553813414,0.08323537951846605,8.373593897693127,264.0116018919013,2.7856435126939796e-07,0.9999997214356487
0.48087775543050926,3.5907875239634617,0.5983590010037664,0.0978763925755607,5.830914056022259,272.25291959681874,2.865161834517672e-07,0.9999997134838166
0.5290991878178972,2.329862233672879,0.48123348731448423,0.1044199543684204,9.765094183091946,393.9280648928445,2.706074980257862e-07,0.9999997293925019
0.6237619887545292,3.1148732584054026,0.4191411124277121,0.11543759824472122,7.210038584227383,215.0523567401923,2.924426100131372e-07,0.99999970755739
0.5521720672007424,3.4430800644945023,0.4009475066487537,0.07253411127996333,7.081469287468276,208.0930068541245,2.827443450319651e-07,0.999999717255655
0.37616517159558316,3.5954287087738708,0.5119440013688914,0.10717017844922695,9.761441907129448,432.68360973498164,2.790547079525019e-07,0.999999720945292
0.6010324107983653,3.7510967779460684,0.5792487849565083,0.12855515287816374,8.576566026994698,355.4962658578156,2.8541257643105733e-07,0.9999997145874235
0.45446074483878407,3.2432345682677273,0.44519047143362633,0.07649955081596235,6.610279552479945,238.7604135144926,2.815543255660091e-07,0.9999997184456745
0.5937041638326526,3.1747456026037804,0.495169843399575,0.12644105413132925,6.214052216126739,223.74864060381648,2.9569542815934174e-07,0.9999997043045719
0.4715165584484168,2.950598522161201,0.5282973966587972,0.10162953279612974,7.016043198809233,307.9771089132852,2.8053503996657757e-07,0.99999971946496
0.3550514652626623,2.249760877309707,0.400133773130559,0.12195706747738894,9.148380365311109,361.2538725167755,2.787430903103215e-07,0.9999997212569097
0.6216935824036411,2.484032525775353,0.45724578554118833,0.0823444154648748,8.98815093746238,312.56521719574437,2.6986454828885697e-07,0.9999997301354517
0.3691649158300732,3.212214018856125,0.6213086629879596,0.12733891534891603,8.320560159496612,464.7524840486956,2.7976742056827666e-07,0.9999997202325794
0.49559243447218826,2.63516367078162,0.4440382495122929,0.09964390253098804,8.055750011689081,297.73852239583323,2.7820623219742844e-07,0.9999997217937678
0.3599492411086192,3.8368647490657226,0.49107805067178845,0.10492069315517008,6.882336328561818,285.7681330752681,2.9168915174810895e-07,0.9999997083108483
0.48272610058420695,3.675671821084211,0.6483940131351689,0.12689923088690452,7.458702102160729,381.0970414528921,2.851403865046945e-07,0.9999997148596135
0.5888005314556647,3.3537135667493994,0.44748160878026794,0.09384424852295614,6.233028684080085,199.39763184626315,2.904280201579143e-07,0.9999997095719798
0.6364265704869332,2.1192081961596494,0.5273806910380555,0.1036489715125673,7.092004385855157,286.490525743008,2.7339474340028955e-07,0.9999997266052566
0.3577865107272503,2.3432281681145626,0.4076919483726932,0.07941760321206294,8.455864196932936,335.2378887536747,2.713571637590645e-07,0.9999997286428363
0.6411323977110575,2.8158914380776836,0.5988209820948704,0.09103392374945914,10.36196809970091,459.7627634480765,2.664812673867834e-07,0.9999997335187326
0.4996136572955116,2.86917753833681,0.6397837837065143,0.09496264836794867,9.92969236415404,524.044143859911,2.670583110105595e-07,0.999999732941689
0.36117827761129506,2.2125626175511854,0.6283340019682018,0.11615124901958512,5.6396655003336935,348.1631510352504,2.779542445774587e-07,0.9999997220457554
0.6049334137881317,2.928987812470517,0.589261160318655,0.08597041536700163,7.022317545515197,309.47108584212185,2.738446723249407e-07,0.9999997261553277
0.515707049736938,3.4308303106393865,0.6124188589761853,0.10693769732441022,9.118180821029904,437.35332901544734,2.7536538961181027e-07,0.9999997246346104
0.46436391765925633,2.9326206032126945,0.47286852849287375,0.08786527862410398,8.776594749048995,349.6546766013255,2.742000189929638e-07,0.999999725799981
0.4614236534211293,2.383981404572633,0.4135807373445303,0.08135394955504113,7.345392946714849,263.70451144667595,2.7499496992336907e-07,0.9999997250050301
0.6231859293248303,3.4546236270932718,0.6335554865529776,0.10148074978624361,6.532361426185962,294.2100006304578,2.817166699784932e-07,0.99999971828333
0.4178181365477661,2.948410437247335,0.5553704956756469,0.09773513261661121,9.692202092625193,474.0903253888877,2.7108336057178327e-07,0.9999997289166395
0.5325756718186676,3.3320544903055693,0.5374046832995572,0.10335374498702321,6.716408710373474,275.88030176579093,2.850348344359871e-07,0.9999997149651656
0.4840628429356612,2.6212612053476,0.44253291988363597,0.11554415732912766,5.777426132810982,210.2839899340353,2.924450957596494e-07,0.9999997075549042
0.4491135624780494,3.88297607666403,0.5524939216615388,0.09518502710944367,9.881031270788696,435.68782139681707,2.7595253161246496e-07,0.9999997240474684
0.36343496175628054,2.6323057735617703,0.38107960809938535,0.10122825763639066,9.559995248029153,343.84463523915736,2.7799997705102997e-07,0.999999722000023
0.39645143919181136,3.001631580505904,0.6009350979802213,0.09308025550777592,8.875767690867033,476.3837215422913,2.706432426162552e-07,0.9999997293567574
0.5527334530093476,2.105356387162642,0.6476175899296189,0.12141350151272866,8.042591078009783,434.7085582082033,2.6965141465726165e-07,0.9999997303485854
0.628956035952047,3.043233702256812,0.424514701927949,0.12798338260289777,9.017663848632711,277.3005397500684,2.8722278884307815e-07,0.9999997127772111
0.4291734683692176,2.3196458983934236,0.5800387960560338,0.08976261570978628,6.529183598886546,345.4014290804506,2.717680483987294e-07,0.9999997282319516
0.5754848144559569,2.919123762008737,0.4483552316814679,0.12742017585933543,7.07658019970676,239.16461657828512,2.9195111977354294e-07,0.9999997080488803
0.5046053675288334,3.46085776788333,0.6130827196848864,0.09664462813822448,9.629274505350299,465.2758086191446,2.7218081880078516e-07,0.9999997278191812
0.45118868093630676,3.2787314684690045,0.3816399837707507,0.09419958917711649,5.765810012924539,174.1426573033543,2.9827385469745263e-07,0.9999997017261453
0.5737535044465683,3.622360585664846,0.628443682162702,0.11625793174043003,7.713397462023485,356.90515644911227,2.8228808739350087e-07,0.9999997177119127
0.5120001829890456,3.3563865306070078,0.428551686295154,0.12131955134194641,7.65891204399399,253.12531527935022,2.935353033018046e-07,0.9999997064646967
0.47912306300484325,3.61976879981359,0.41222355609556577,0.07075808891781873,8.615853044979264,277.2298979058125,2.7751464462564057e-07,0.9999997224853554
0.40562171167159583,3.7466262530902315,0.6411310593369245,0.11776708556697166,10.195199200228686,544.4233666420523,2.758694351401977e-07,0.9999997241305648
0.4188584625477818,2.7276211486148347,0.4021742341371687,0.07556532237203445,7.750346303585183,274.02400040139463,2.7565167612605444e-07,0.9999997243483238
0.5420040122247425,2.144599531946168,0.4610555372171944,0.0797698813070917,9.813038714481895,379.8149365495205,2.651512804572184e-07,0.9999997348487195
0.4137745168042315,3.134416069804545,0.421160494756172,0.08680253839551907,9.824598586478476,358.5568720209733,2.754061927889472e-07,0.9999997245938073
0.4000539266399157,2.6620019603825713,0.6127556159260086,0.10972519713360628,7.229514182836791,405.83724138513503,2.7555669433069287e-07,0.9999997244433056
0.5112990856735831,3.5055173541047986,0.5584964572735462,0.10550512318050034,8.965212703696249,391.2025119681441,2.780960022421967e-07,0.9999997219039978
0.5372608213423183,2.917254371326049,0.6451697715436636,0.12360446927538966,6.702765677724653,343.1889785231365,2.813870731903453e-07,0.9999997186129268
0.3660371174882683,3.2874231812059858,0.599514960334927,0.11766556928187852,10.293520072823027,551.6591718424896,2.742711045867894e-07,0.9999997257288954
0.5955592599689083,2.3760285379229202,0.4972615453780451,0.1259241643437474,8.74637252144262,341.78951790408775,2.7681536903213166e-07,0.9999997231846309
0.46555414160843467,2.489422970224882,0.49798699971763327,0.10787703214354044,9.229399520494106,402.52589584071666,2.7299239656154184e-07,0.9999997270076034
0.4134159183694859,3.0156992091269013,0.5953701471071404,0.12102362496283299,6.454081506541901,335.21812878111575,2.848744475098435e-07,0.9999997151255525
0.4069276119644931,3.2230907270677163,0.35913533372329803,0.07965037971250342,10.272270044866719,317.3090569921135,2.766969773936667e-07,0.9999997233030226
0.514462740460741,3.3621206147026106,0.5959071369475587,0.11916706272803833,8.971697548351585,421.2995912928092,2.7847330103071367e-07,0.9999997215266989
0.37865813384535374,3.2256207949954354,0.5692369738628529,0.12340124540562479,6.295529216829963,315.6439494475032,2.8958712118160595e-07,0.9999997104128788
0.36175123365763906,3.855730627223488,0.3895265435758419,0.08363525949996038,6.04599449170075,193.2091045941213,2.968091601348488e-07,0.9999997031908399
0.6137676746496654,3.3463380265999625,0.6406667749044811,0.08517522966621445,6.6283959855995045,306.8203836059205,2.759429149880806e-07,0.999999724057085
0.35321211922804885,3.871399256668619,0.5144713780936909,0.08153810858531693,8.99706269094736,398.86064382633697,2.760922494052805e-07,0.9999997239077506
0.5183873166442935,3.180093334167873,0.4234725320496888,0.08456043024147979,6.342873573125784,205.6854314630109,2.865824098379258e-07,0.9999997134175902
0.3933820249596798,2.534263801221263,0.6045577272255724,0.07734575616363278,5.968092056537223,333.4952664148548,2.714589360993403e-07,0.9999997285410639
0.5251576132198739,3.5359195194319124,0.3665420959096274,0.1297838549822708,7.0669856543686524,191.24140217600194,3.083704569418993e-07,0.999999691629543
0.5135630282054793,2.623683976621581,0.41652383267362325,0.09722619381075656,9.977670250101593,343.55850644928626,2.7405325702413107e-07,0.999999725946743
0.6206881704252822,3.474087985314501,0.5821985045104117,0.0732289413998746,10.38734940179373,436.29473711796743,2.6671084358761987e-07,0.9999997332891564
0.5715860842020555,2.9605362953093777,0.5171705827342574,0.12265315695563175,6.4220023281078165,251.2334715648017,2.895278096088379e-07,0.9999997104721904
0.3581073787028521,2.158570234515537,0.6000072422336334,0.07738488012309631,9.890006361622227,588.6944976647874,2.611549825515506e-07,0.9999997388450175
0.4124340326259001,3.5218244195278086,0.6303054655488237,0.07133302971069665,6.312249890147588,333.38188301825244,2.744505617233345e-07,0.9999997255494383
0.48605133955875424,3.0888887752201337,0.6433545008873662,0.11012706575738018,8.867504483149009,468.95442202043057,2.732898603482492e-07,0.9999997267101397
0.37742066619781095,2.2414045780672587,0.48192665724725425,0.12676703144007134,7.8398051751665925,365.2583465362178,2.788510606933583e-07,0.9999997211489393
0.403266190484231,2.7040625380622116,0.6316454171134169,0.08651610237907419,6.255447400341109,358.012099771634,2.731964305681529e-07,0.9999997268035694
0.4072951228670322,3.759664775335753,0.6203552709165214,0.11219658643875449,6.138228359021511,313.39496415073916,2.893367420001959e-07,0.999999710663258
0.3890279578239183,2.3045925185285077,0.43231671239647496,0.11640347153144767,6.6979169615897085,270.9586088017416,2.845396520775702e-07,0.9999997154603479
0.616633414324566,2.3553949669413257,0.6453022057412251,0.08639314486053815,8.557947425698318,429.6411998098644,2.6473994601444275e-07,0.999999735260054
0.5260051173868445,3.260630532269163,0.3921639157464636,0.07068719119238556,5.821188381785751,169.99496037498741,2.868544410430618e-07,0.9999997131455589
0.4037375530537178,3.154951095003657,0.4100449212844592,0.11134212512773382,10.052165600013588,359.7116755988152,2.817750316563308e-07,0.9999997182249684
0.5779857579507701,3.2932495883421327,0.37118291715746826,0.09248453877452362,8.018384285161467,216.77830337271723,2.872640384027744e-07,0.9999997127359616
0.5090140388676474,2.263448244740861,0.6260121862183055,0.12947434966958074,8.8417234607738,474.4352665799392,2.7104880580989906e-07,0.9999997289511942
0.5876971943119732,3.737403346217414,0.4998060718885825,0.12944879847290314,7.275499013923827,258.37329986385157,2.959996192683806e-07,0.9999997040003807
0.6367094619980118,3.530540664277872,0.4775866511605418,0.08430061307691603,9.313033765191951,312.6508420423846,2.758459208821242e-07,0.9999997241540791
0.41731026612959277,3.714312912470831,0.5909980015077794,0.1156437633582883,9.409890387311954,460.97489566461957,2.790906861951363e-07,0.9999997209093138
0.5734513460195169,2.3316017211569346,0.4975006246819066,0.12541274925929785,9.472685986377602,380.18250098893645,2.7442396374176054e-07,0.9999997255760362
0.4147420977391524,2.837024870571006,0.3775613367785988,0.12473866617952067,8.75386905379586,289.98050449870743,2.8865975088601974e-07,0.9999997113402491
0.41857196131350066,3.858778010436329,0.4207705050226622,0.11343742254235745,5.654137429387934,185.8282687810869,3.0967022413820143e-07,0.9999996903297759
0.4358716935281055,3.6122824951662618,0.46698295469648,0.09683338557670258,7.734192614082577,292.80670599897786,2.852871720933686e-07,0.9999997147128279
0.42610899871019536,2.578488556941582,0.6074011952734693,0.10521618018464088,8.346430361529881,456.59815304281494,2.7114479756133537e-07,0.9999997288552024
0.620108151669353,3.6934768552003288,0.6356864848640235,0.12412849393089562,8.147917798064691,367.55652798497863,2.828094254818098e-07,0.9999997171905746
0.4954997526149496,3.3679226487197225,0.576693842408203,0.08733257276013297,6.842306533980299,311.83443416712055,2.783617257751941e-07,0.9999997216382742
0.4639004752062622,2.3824735799324035,0.44448292603936146,0.11098503842471005,6.788901906803102,261.2342975453688,2.8299508770288557e-07,0.9999997170049123
0.6461053307907579,2.544664139385005,0.5674572286153019,0.09539710454182623,9.74911613653219,415.3287538515797,2.675492231635294e-07,0.9999997324507769
0.5543928058780685,3.079026856199974,0.5491434319764097,0.10137540168031295,6.667500155814958,280.330213962549,2.8196814251814875e-07,0.9999997180318575
0.6434040226772453,2.1311904278322156,0.5225867715394934,0.0911809248975074,7.7951455445399755,311.49126722073345,2.691787023930574e-07,0.9999997308212976
0.5332879455282115,3.729239389918458,0.4653905965128864,0.10863973818270911,10.263165275947708,359.87727724533147,2.815895045532523e-07,0.9999997184104954
0.4034188954997371,3.415336804763049,0.40115254604808415,0.10172957338673305,8.345323075176001,282.49591429547405,2.8740904409001083e-07,0.9999997125909559
0.43097583651598603,2.7754913803692696,0.36144077765877736,0.07935140206964485,5.877016070874509,178.31812324717362,2.8780971465074937e-07,0.9999997121902854
0.44504149115970654,2.4761516596015323,0.35193397058903386,0.09485800466979175,10.305690188091752,320.723160180789,2.75254980164814e-07,0.9999997247450199
0.4818835839358093,3.7388009815573087,0.5758717702080092,0.07533074177687663,6.4451273858261455,287.15817999431624,2.787286481740133e-07,0.9999997212713518
0.437371547675654,3.441139069627515,0.4145249959146502,0.09930103644297353,7.597144454489062,256.3554870550187,2.888555380134992e-07,0.999999711144462
0.6390749887690753,2.2475934907593866,0.6400812286652462,0.07431343076045795,8.090742303424722,398.3036275484608,2.6287818636138424e-07,0.9999997371218137
0.3513944892827449,3.7835377125472034,0.45416280535801984,0.11466458720353932,9.640897106362127,379.9658430890923,2.858072032943545e-07,0.9999997141927967
0.4748756295193556,2.410761356545552,0.5605961019953984,0.09092316468276804,6.659213117340123,323.2573703984886,2.73141487735941e-07,0.9999997268585122
0.4915177263394346,3.4341386337242623,0.36807202208072176,0.08987826687817524,8.565732775623141,245.17706649278279,2.8574126767624814e-07,0.9999997142587324
0.4196576498270881,2.491181083269006,0.5725415486940556,0.1050011143641831,8.352879144123182,436.68276422051656,2.7159988762495926e-07,0.9999997284001124
0.4074681949814431,3.19059817830575,0.6270445087172465,0.11733400409146166,6.415211583741179,348.38704079529094,2.842102039931714e-07,0.999999715789796
0.5191602361057176,2.7210826050976737,0.5467145405928668,0.10267868774058424,5.809654013089779,255.17275635610565,2.829750044741958e-07,0.9999997170249956
0.5213305248664466,2.251986661359597,0.59242425203032,0.07064200450565032,6.237848793562726,310.2738372319337,2.672451040897837e-07,0.999999732754896
0.6405331344641827,3.319778033414778,0.6092594279499528,0.1068472345954653,6.082531647147646,260.4949792954135,2.852528229525841e-07,0.9999997147471771
0.5039085922927744,2.5436045765885797,0.5314187238819841,0.08371066146907934,8.388620910596465,375.3171700274213,2.690193647455165e-07,0.9999997309806352
0.5597587996519211,2.647017416908462,0.36760737545344907,0.0750060810071797,10.303793719396896,298.6863242998759,2.7080504359165346e-07,0.9999997291949564
0.3694762049302455,2.555946990556296,0.37487846687208176,0.08005137502802515,8.24797426095958,289.4822150595759,2.7568074121213303e-07,0.9999997243192588
0.47113157617761303,3.0212601979838456,0.5108709766118802,0.08128290746841098,6.568927137237424,275.681173245473,2.7799481858055095e-07,0.9999997220051814
0.36381209563424777,3.547929427493745,0.521707501878391,0.12251740441731146,6.801420229326298,307.6382052590438,2.927442034356139e-07,0.9999997072557966
0.4919540566675443,2.280929756427574,0.5154399924237456,0.1275805703798522,7.010694763549841,310.6585486799431,2.807503131754557e-07,0.9999997192496868
0.5883006079427222,2.2943395020554647,0.614217309484675,0.07773434620813323,6.943084509644851,338.864768604392,2.667661620731462e-07,0.999999733233838
0.39810838072613075,3.3282687420656316,0.5133736835261014,0.07089458968141063,9.845919805200996,439.07541412062403,2.684678294985536e-07,0.9999997315321705
0.4299941765384425,3.8123031735248594,0.48572629201754025,0.1272705060539598,7.709662486004936,300.7785827967187,2.9471960139564154e-07,0.9999997052803986
0.5933101109338219,2.7106386704009338,0.47975090613186194,0.10843124664322666,7.428672900313736,270.83521906922914,2.812782514458065e-07,0.9999997187217485
0.508417247221004,2.4000254868508186,0.5680232182754358,0.10588003546447675,6.402950289576778,305.15478898965944,2.77110990305216e-07,0.9999997228890097
0.4960857908680102,2.3410886061413536,0.5923923495308119,0.10476402286602923,5.647656490399703,283.8288337628803,2.7831288497727225e-07,0.999999721687115
0.37491998349294653,3.4267135682279593,0.4305361837799756,0.12918300166411625,8.641798906872678,323.68855583060633,2.917857858668778e-07,0.9999997082142141
0.5437808082372775,2.3596725711986544,0.6487694642033753,0.0702948665415389,8.57450612907582,459.3940065340131,2.618468530845024e-07,0.9999997381531469
0.6400962603020487,3.343018735891639,0.422387695726976,0.09251191906411468,6.753899324941765,196.26810404490914,2.891818759781011e-07,0.999999710818124
0.6083459377390659,2.1118682960332187,0.5498453683744818,0.0866496116013701,5.925329426585608,253.57390019204558,2.724319455100703e-07,0.9999997275680544
0.555516756306002,3.5341050524270936,0.5602921395547437,0.1253054395574227,6.092639899705964,251.34322080832195,2.9512953149314784e-07,0.9999997048704685
0.3735945950950132,2.7920555984830013,0.5903350619353892,0.11834245970637342,9.586300301081796,524.4319814519059,2.728464907449551e-07,0.9999997271535093
0.5277979583138934,3.8751208084931283,0.5011527195460135,0.1168537893839014,6.024785622784459,219.5912777932766,3.0061554825078364e-07,0.9999996993844518
0.5138984337242704,3.669968054638037,0.5688231125441284,0.07493356901432086,8.833314991718908,387.02546987591137,2.714735253724157e-07,0.9999997285264747
0.5395901396989201,2.2581910212457768,0.5149883832196314,0.1221802633809714,7.05202164156191,299.4400062092277,2.793032855833663e-07,0.9999997206967144
0.3738931047549029,3.3247909209448805,0.5568558172554522,0.12791932343188817,9.326398581614896,460.73991034948125,2.806277577738057e-07,0.9999997193722422
0.5467045807558675,2.39637681398035,0.4743244556535076,0.07632421405192655,10.369689440414543,404.2300112590169,2.648544895071233e-07,0.9999997351455104
0.4534009046342674,3.8465507189762653,0.5895057767531372,0.10071189695171921,7.508282998977558,350.9384998851661,2.8236161903924695e-07,0.9999997176383809
0.4175321881763868,3.638934649783012,0.6497434508160548,0.10809020931057614,8.098365206564184,438.8780743520698,2.783040506634315e-07,0.9999997216959493
0.3510726990713231,3.656981767192786,0.3974253809188731,0.10471270448635994,6.027419512271549,202.34546465188168,3.031628002076267e-07,0.9999996968371998
0.6004139768297063,2.6582407036078513,0.5345232831278013,0.09030659005501775,5.8486271466182345,234.8899487828844,2.7945685956538536e-07,0.9999997205431405
0.48479442577036824,3.8522118394802476,0.4523166411002442,0.08725364367629138,5.608311134491329,188.57053731015108,2.957444887607425e-07,0.9999997042555112
0.5569585138995519,3.274142459576364,0.4703077671143058,0.12561829937376573,7.780445862297065,275.56636436014685,2.902100133060957e-07,0.9999997097899866
0.3755219208912321,2.4130653932383908,0.5002669489864682,0.078418482574093,6.7920897757957,322.1696226972692,2.719825077959095e-07,0.9999997280174922
0.3832793517754051,2.5358980390461276,0.3834429728456465,0.10678556815759979,7.774985643771235,275.1949683393292,2.838119592619552e-07,0.9999997161880407
0.5201562476692849,2.2736713819867598,0.5662244868074752,0.09654964146976533,9.77551610538655,469.4265643743096,2.658640025825114e-07,0.9999997341359974
0.44760234615545796,2.6757588410053876,0.4563466481112498,0.08595673708155,9.289762340046682,370.7287293690281,2.7141985297582544e-07,0.9999997285801471
0.6211303758617991,2.4480839432231187,0.3545639639863932,0.09345656182272757,9.373518638311253,250.14802689187673,2.76859282464654e-07,0.9999997231407175
0.5507417696915137,2.2253839156662814,0.617702298780209,0.12301584321809779,9.90005988376549,506.30054474249744,2.6792234326727977e-07,0.9999997320776567
0.41404140127443106,3.6622445525858973,0.6155364583533812,0.10342454261443543,7.1368562569423455,365.13658757439913,2.819661336707746e-07,0.9999997180338663
0.4509312415637732,2.554396322535974,0.6143046177870197,0.12320512589861013,7.980435447843655,432.9787115812215,2.750091161832006e-07,0.9999997249908839
0.38163141772291964,2.774408185923942,0.4075032983681576,0.1143995748787498,8.30433805083417,308.5014567345796,2.845931453235213e-07,0.9999997154068547
0.6046207898893173,3.033861854613253,0.5518878704205821,0.09139813830541146,9.752580949412545,404.470131285108,2.7039472910468494e-07,0.999999729605271
0.45039899875772077,2.4407776664217846,0.3539730359109794,0.1080203139514486,9.061656124471941,281.01366348232625,2.8117017921412584e-07,0.9999997188298207
0.5549924361020999,3.4399933639883384,0.4591997022607848,0.07437789455404463,5.782443843948291,193.0778113702777,2.8537339992731056e-07,0.9999997146266001
0.46196531482294895,2.2477123825342082,0.4559293090385246,0.11247877342101142,7.189799133009003,289.0751267089778,2.796136411211237e-07,0.9999997203863589
0.4986646562767967,3.585378795232799,0.571697985264751,0.09176270804192796,7.204393645876202,320.00814465403084,2.800465665063567e-07,0.9999997199534335
0.3590620937634195,3.803484513717814,0.4657096231431661,0.09044137824452272,9.723359532974518,390.28837702768243,2.786565218132577e-07,0.9999997213434781
0.5625682363462298,2.385395174009561,0.4506343001749278,0.08587542985978813,9.941347176489932,362.5367984126018,2.682833849729575e-07,0.999999731716615
0.36277029937316974,2.892311913144716,0.5363272846940605,0.10888407338441108,7.690091378212019,382.6336531494018,2.7897036075678016e-07,0.9999997210296392
0.3900673554327606,3.128330567894175,0.5855485029226113,0.07674622106547602,7.545440091095253,392.55038299902617,2.7135509565014026e-07,0.9999997286449044
0.4628750811947836,2.2319824912019084,0.3734761599332812,0.09242748128004663,6.077607802174295,194.87448598392382,2.8422128223056695e-07,0.9999997157787178
0.5661235194336185,3.8351955397244577,0.6332432112473558,0.0958833985294933,7.629780145607849,352.42398390124816,2.7880626351858517e-07,0.9999997211937365
0.5978550928782272,3.4091092974604074,0.5087725101369609,0.1206764774522883,6.349499827967864,231.0989537211275,2.9461997396085674e-07,0.999999705380026
0.4377757917253603,2.502173083524698,0.40249980730889,0.08292130761311932,7.098952756197786,250.11999465122955,2.779657693412896e-07,0.9999997220342307
0.47582986719035336,3.4455061941293215,0.6359570190578865,0.11039911763697008,5.781065244609343,292.37660465879907,2.8736629745604246e-07,0.9999997126337026
0.564212277998576,2.696326919050448,0.3836036183213263,0.09184172432102386,7.856389233330511,232.2976948696048,2.811814192921046e-07,0.9999997188185807
0.4910733885376324,2.1637030271367053,0.3862483488008951,0.11508739891495458,9.599526192692506,322.5170074043896,2.762636380620992e-07,0.9999997237363619
0.6246437428523883,2.75903716956887,0.4786671032302425,0.11743714357911708,9.52877137079075,341.47610289045275,2.7744454642047833e-07,0.9999997225554536
0.6402703024112393,2.405804544213921,0.4438539415117866,0.09322974296242867,7.354474955555833,242.14160544669448,2.768587231932453e-07,0.9999997231412768
0.42348538327197416,3.21417031573384,0.4566579573794017,0.08859013727644453,7.151815395459204,274.9820877587536,2.8242755911176643e-07,0.9999997175724409
0.5048614029612417,3.6421890659247773,0.44912234691653546,0.12549073332139088,8.473742803272348,291.5973543887158,2.921986635018902e-07,0.9999997078013365
0.5333333613517456,2.1422206234353314,0.5369342333914567,0.11180648513174923,9.001615883152407,409.19477951113186,2.6981691041640715e-07,0.9999997301830896
0.523858714358463,2.5131358558646495,0.6437007056098449,0.08121313328086173,6.632710567829112,353.21931870483695,2.6905160936504394e-07,0.9999997309483907
0.3968408953881734,3.616404242463232,0.38409678884952225,0.1245688464337427,8.588996155016929,274.94364731105696,2.9674554198576686e-07,0.999999703254458
0.6059602677654681,3.364503097514321,0.41842224734633676,0.12108263851933863,9.06793126720105,273.59227492954403,2.8872916889839466e-07,0.9999997112708311
0.5870866791938067,2.7380929206640254,0.48922864809487415,0.11480893324234678,6.03212792631802,221.98727787511316,2.8889738369642025e-07,0.9999997111026163
0.3563563428344446,2.611450679948643,0.5754551276502886,0.08014976790703973,9.731327484398829,535.5505425224469,2.6485656602738806e-07,0.999999735143434
0.6326714155464308,2.3013471897148996,0.46240788442521125,0.09109325604019841,8.862452865352912,312.6751334473307,2.704541580573582e-07,0.9999997295458419
0.5367838948653127,3.4827238114593895,0.5410229972323574,0.08273528312967073,6.372446182068264,258.8761611879279,2.8130336616700095e-07,0.9999997186966338
0.5840702782677455,3.407174358162907,0.5949794903673493,0.07463665133060994,7.986007335662023,351.994835772113,2.7108609230435105e-07,0.9999997289139076
0.46855978610793364,3.8992971962812857,0.437454735945716,0.08849323854731285,5.689795545968724,186.50440692894995,2.9742557406937276e-07,0.9999997025744259
0.48625883517790736,2.89860947194339,0.36955820282528434,0.10233479197339895,7.8701868929748295,235.7590004764816,2.8722957115546373e-07,0.9999997127704289
0.585500697365789,2.2820349771781774,0.6407351457489601,0.1207029232031436,6.951496081714811,355.88591258844906,2.7438740527634574e-07,0.9999997256125948
0.6076139493335959,3.2067659550089678,0.5052496372599384,0.1042467971007714,9.497909355887652,354.07014192343536,2.768235966408235e-07,0.9999997231764034
0.6055987990512672,2.5623422458720624,0.622026057244075,0.1287880625973044,9.746116263504419,469.19765204949374,2.715726185718518e-07,0.9999997284273814
0.4014031857184816,2.619610478259036,0.624915492685429,0.09010658452398122,6.653107727525477,381.1235686885735,2.7233181514699624e-07,0.9999997276681849
0.36779164016261406,3.1505420940632014,0.41505207845971315,0.107420764956253,8.38897144328622,311.34789415204153,2.854702555080306e-07,0.9999997145297445
0.5445134565846641,2.8537004799850187,0.6372647254198514,0.10624986921775414,10.295991470860614,522.6211495522764,2.683688575880146e-07,0.9999997316311424
0.48903180414778125,3.234206706822059,0.41099826812833495,0.07170143621615253,7.759089112941388,252.68024672132452,2.7780803367537874e-07,0.9999997221919663
0.4279680833950963,2.8236627441892965,0.3780203424889699,0.11905505899545121,9.03397270005963,296.88158453788117,2.86061066768129e-07,0.9999997139389333
0.6280814564116786,3.5187201709069726,0.4792350063393307,0.12581172723962092,6.135034983472335,202.26321892037674,3.012694155273032e-07,0.9999996987305845
0.5929170283959029,3.3275456220931643,0.541755249993402,0.12902941239151183,8.498951335444929,340.0825489996081,2.8438856528468693e-07,0.9999997156114347
0.5234732366807522,3.577169922199729,0.4350831997983225,0.08774517594476315,7.847075943302254,257.1467349178754,2.838865932493379e-07,0.9999997161134068
0.513110801142168,3.2084216533744483,0.6106072250820991,0.07508781102548995,9.140875254940134,445.0649144949077,2.671408273498316e-07,0.9999997328591727
0.48557511913313955,3.3003146459475854,0.45217488413498114,0.10594723198866461,8.839725004415733,320.4396143334332,2.8251904796105486e-07,0.9999997174809521
0.38113619758797196,3.358364977784025,0.436132995597752,0.10769923295000225,7.504445726940343,282.75210382917794,2.893955560048799e-07,0.999999710604444
0.39547405683168324,2.2616198022100114,0.5677614234472624,0.07855720009632916,7.027636056295663,379.07049724772605,2.677721423153226e-07,0.9999997322278577
0.47529202019736055,2.197900515809161,0.5527111235793862,0.08197924896833435,8.149804766760106,399.97939347454104,2.6600601167735294e-07,0.9999997339939883
0.5843365055807319,2.310020338653244,0.5655285452595964,0.09818331026296646,6.329343993719804,282.2447629374194,2.749449916330713e-07,0.9999997250550083
0.4190786428455919,3.501892193730175,0.4773722862428759,0.09733077727039724,7.63911453639594,302.86028452478945,2.842705649393609e-07,0.999999715729435
0.5488716333948009,2.871573576573592,0.648814314227735,0.0954630918646007,10.143769230903667,521.5861819104293,2.665819817308461e-07,0.9999997334180183
0.6373883267537678,2.872919508093496,0.3670723227077194,0.11550744735573715,10.108390637560296,269.5558836090646,2.8348824521224347e-07,0.9999997165117548
0.5940729243955116,3.18846105930933,0.6241857847298548,0.0780385133274903,8.405935872465701,393.25965220348843,2.6881852034164425e-07,0.9999997311814797
0.539034996418789,3.5161606869981723,0.6081277833482654,0.08747894165081921,10.159708016635994,472.27479500799797,2.696572926898223e-07,0.9999997303427073
0.5659540698872589,2.913003701771845,0.6227989720477555,0.12127365789326632,8.706875863672552,423.2826087513442,2.7531094790007965e-07,0.9999997246890521
0.391439720640328,2.215634929902122,0.431002325837806,0.1181347383358761,6.728709539863964,272.96570580355797,2.8384685443965204e-07,0.9999997161531455
0.6323502900924605,2.7322855216278956,0.4115594594550032,0.10570391900632795,6.725719004583073,199.42683670084062,2.8833787638693034e-07,0.9999997116621236
0.4353085138928262,2.509473108501169,0.3944446889038424,0.08311411842382771,9.143265311498507,320.86314038186265,2.7277105404360964e-07,0.9999997272289459
0.5015601936274829,2.3736686050175364,0.5032253237902228,0.11165742282940685,8.178766786411293,350.5525128628485,2.751956044361186e-07,0.9999997248043956
0.5678191164521587,2.6239675756475,0.6111279422414875,0.12438525080884816,6.10799700210366,292.55922543915676,2.828925300115743e-07,0.99999971710747
0.49670751118927287,3.690740968567134,0.49258257913446457,0.07289225229971168,8.429882165577865,320.68450211949835,2.7502898277569415e-07,0.9999997249710172
0.6301366418839913,3.797059871308405,0.39864305119972954,0.09096935461079508,6.876367342486216,183.52469314800493,2.9413247760227784e-07,0.9999997058675224
0.4229848941581711,3.499949692104951,0.5822370815747747,0.1190014256928382,9.256638700015568,452.33924563624464,2.7914712822545446e-07,0.9999997208528718
0.4315745424669335,2.6552792439540522,0.6465647787236546,0.1152549212713238,7.167369907581473,412.8397830657643,2.75611797860881e-07,0.9999997243882022
0.5631968552093227,3.708729021151861,0.400616555976359,0.07534432912589033,8.440807622709979,244.16518692902355,2.809719094162832e-07,0.9999997190280906
0.5729035470726329,3.7068115449806545,0.6394734829293748,0.07994507857715272,9.583719610978138,451.07362237446125,2.6911045622470055e-07,0.9999997308895437
0.6290629910692509,2.601277404757426,0.35769890401433996,0.1029002770237221,8.46257289667544,222.3468702112297,2.833614797013199e-07,0.9999997166385203
0.6419180383732317,3.4050697310698532,0.35099579486730037,0.08999093104436534,9.248996359518392,224.47594198464625,2.8483648367039254e-07,0.9999997151635164
0.55145260894019,3.7565319750815402,0.41597652229769494,0.11789451873501097,8.326583201565477,251.96798922411654,2.944732668936348e-07,0.9999997055267331
0.4693745075740623,3.417894991587735,0.4514201059920052,0.11966642866661187,7.685480906299476,277.03383914507043,2.916319043878363e-07,0.9999997083680956
0.4328216425323611,3.6390715931918587,0.4633616352846943,0.11539905974646668,6.9214489057224755,258.1413809201889,2.952324355517114e-07,0.9999997047675645
0.45553353245018424,2.1894154128684575,0.3598930126819986,0.09813078869914413,9.389300818426795,301.87448201222037,2.749633421586108e-07,0.9999997250366578
0.6018040729801087,2.9466319587040273,0.4748664918587665,0.11599508311517567,6.990687244562043,245.11927884856442,2.876490580384327e-07,0.999999712350942
0.3589953257899872,3.312828066313106,0.40180628365633936,0.08528930758861117,7.246303306536816,255.78455340130125,2.853942667748057e-07,0.9999997146057332
0.6028527657174005,3.5622010208035784,0.6435111243750582,0.08800385898163611,9.906568792201293,463.4329968365389,2.6943969653073233e-07,0.9999997305603034
0.5484296731649476,2.794552398574512,0.40263077845432244,0.12465630429634514,7.853931752492428,246.14799450770073,2.898670953734871e-07,0.9999997101329047
0.4101829224113158,3.0370299351431465,0.42581605222448154,0.07325885017314257,10.179963466556966,380.8432892170712,2.702615881198201e-07,0.9999997297384119
0.4730694449022203,3.4200700462275764,0.5292384965602001,0.08163813494919951,10.00772991680628,429.41208317467704,2.7074495942339105e-07,0.9999997292550405
0.6273365051181264,2.5693126661088046,0.44620164738834395,0.10540386359281181,8.952203061223438,300.1030712061357,2.764231899477606e-07,0.9999997235768101
0.5586572262696028,3.682882340868525,0.5220758773025043,0.07099178906360781,10.153806515567803,394.70014958758554,2.69479930086504e-07,0.99999973052007
0.4041680440098225,2.4623659339816117,0.5740880174224741,0.08555229835556222,7.489841698203866,398.94315890663677,2.694649132464541e-07,0.9999997305350867
0.3578952320619702,2.5182430944335756,0.4287042115852576,0.08190351226502465,6.9153963111772665,281.0758757282139,2.768524492891846e-07,0.9999997231475507
0.46024749675119137,3.7744818255920727,0.5681883652006297,0.08330582394536329,7.667440131971903,345.1822643732505,2.7748038918066403e-07,0.9999997225196108
0.5985727948705529,3.6727001437251667,0.624689977070321,0.0825765423631643,9.369901450107497,423.7591047261091,2.704194411530898e-07,0.9999997295805588
0.3769340329871795,2.4459522746414217,0.6114687390929685,0.073617625353299,10.231609076090045,593.8869319561352,2.6139129707586623e-07,0.999999738608703
0.6339590103817627,2.8415492048420807,0.6098972270024553,0.07375937739538017,10.064243586492292,456.4272837023869,2.6358338806114e-07,0.9999997364166119
0.4927027627356196,2.944985149383568,0.5266227837272917,0.07620279324226316,6.855358196719361,294.1047812495766,2.742511625319113e-07,0.9999997257488374
0.6180888115215484,2.9798333591716557,0.4672665435968085,0.07479280725196259,9.281604607915973,320.64088261683185,2.703727829972102e-07,0.999999729627217
0.5019763067819428,3.302396526525828,0.6374141213628122,0.0718588012045462,8.401190786597338,427.9575204907478,2.675809329597268e-07,0.999999732419067
0.5099847567242088,3.666153721360131,0.38578613411257034,0.07123218245470599,10.136122678212878,298.3133867544608,2.757251638405452e-07,0.9999997242748362
0.36048820418509,3.046823594035432,0.35304518253448747,0.11752426419897241,7.475577092364332,235.62453305445973,2.968254363181505e-07,0.9999997031745637
0.6253572625783148,3.5748060324971296,0.6459452421686042,0.10986860992235534,5.71556182794328,257.99504674956154,2.883732181220887e-07,0.9999997116267819
0.46831397572800404,3.478240085096812,0.43807998003307463,0.11655199024989449,7.3750768926066765,255.77119199584143,2.9381001872965247e-07,0.9999997061899812
0.5977569949789372,2.139941475585819,0.5618885379596084,0.11310817929894335,8.919803034398587,401.5923633746909,2.6936489139920507e-07,0.9999997306351086
0.4322994517129027,3.824736770374148,0.37433563003529846,0.07794717902630761,8.528864551415266,253.09748122717284,2.8419938181137693e-07,0.9999997158006182
0.47344660821397616,2.1495458458394614,0.5594403704433134,0.11575681756382411,9.855699619140605,491.7630953682801,2.6805188113022847e-07,0.9999997319481189
0.4306085265964145,3.73166633688907,0.35733654498989315,0.08688037233128137,7.4123335889114745,208.92919871710833,2.9282440681105484e-07,0.9999997071755932
0.3907346488124349,2.156039684287655,0.4587961997398286,0.1041446233948096,8.047004704001473,354.4853349493648,2.7392494641203357e-07,0.9999997260750536
0.6186319827571292,3.067434092831647,0.597251405645622,0.10317166891679495,7.386032301569996,324.339099431894,2.775798314999124e-07,0.9999997224201685
0.42184057154834836,3.6991450031089546,0.37234695011201063,0.07755783850558982,5.852013964823328,170.59353617708882,2.9552397073511034e-07,0.9999997044760293
0.5197209351011969,2.7131831612753197,0.5250052695202438,0.11785013817223156,10.001152552579196,431.6309708871745,2.738423855959408e-07,0.9999997261576145
0.5875780876175715,3.050065816147889,0.5638427344560284,0.11382350195458171,6.103146490572581,255.83741639647008,2.8692060145458796e-07,0.9999997130793985
0.5537354841730175,3.330822430810896,0.558172660566372,0.07258745523901841,6.486582427634831,272.05743549521094,2.758096741109778e-07,0.9999997241903259
0.5142723732110499,2.6922737525087777,0.5285166892342527,0.1019371049866441,7.8796690930316835,342.2685669553716,2.7562240472705053e-07,0.9999997243775953
0.4971219979623766,3.1602196597169243,0.3884159251314728,0.1161336398504488,8.526099356945165,262.7859729977112,2.8973554699994287e-07,0.999999710264453
0.5617053389762292,3.0987664894075713,0.36899156050662535,0.07166356909813838,10.379144644144999,291.8347029786782,2.7276435154923874e-07,0.9999997272356485
0.5329728923369896,2.970303658394198,0.4063525496409044,0.07645407457458522,8.109711957333904,257.24325422923744,2.7661817668432903e-07,0.9999997233818233
0.39201384503301495,2.169939031440245,0.6345434338538448,0.08936818121048086,6.742033463343331,411.7256290950487,2.6810021790181625e-07,0.9999997318997821
0.5209393074143474,3.4985014066066973,0.4900581807850637,0.10795039095053421,8.332871285498923,313.49404964991123,2.840451010099694e-07,0.999999715954899
0.5839737980554784,3.6472061664769724,0.526825625893144,0.11144594645942735,9.851014023624725,379.7055232904996,2.7956075913270534e-07,0.9999997204392409
0.43397844953907994,2.70080376405558,0.4038599741222243,0.07942057346926448,6.9104179276978925,240.60643745929832,2.7930642770285914e-07,0.9999997206935723
0.44840611349566273,2.214438444504659,0.46967579588647557,0.11264058559376504,8.450058970998219,359.34399955907975,2.7466903549565504e-07,0.9999997253309645
0.556695762027527,3.7486285795014815,0.6033640424194853,0.10963962025217175,7.768734302136155,345.988445696716,2.825002833761788e-07,0.9999997174997166
0.47398517000880236,3.3611571919273864,0.49194443964327605,0.0905055413703842,8.256615711247584,327.54245380944224,2.7846189320855635e-07,0.9999997215381068
0.41324475823485524,2.2881084588905054,0.4969542600473065,0.10227030528253772,9.7970613277902,454.5094663346699,2.6914103901297157e-07,0.999999730858961
0.46782086418734725,2.290489738992184,0.5825210695249594,0.1065974198049556,9.19248728905906,475.0179059685737,2.682030485708975e-07,0.9999997317969515
0.43353552084745,2.8915489040260747,0.3639641684764661,0.12777473573301504,9.959737903299565,312.795416735428,2.8708370210655906e-07,0.9999997129162979
0.536533490855487,2.317451906352312,0.6463055364565168,0.10870585780478421,9.642576960088238,518.7077507152878,2.6616592539472757e-07,0.9999997338340746
0.5798159323126599,2.21042646777714,0.5709011235466903,0.12961119814003444,8.538055105647839,394.63355600740334,2.7329063569829836e-07,0.9999997267093643
0.6171467368552189,3.7769608918725694,0.5547078874970247,0.08574723163039594,9.569004704886513,375.8310145328936,2.7373996017395466e-07,0.9999997262600399
0.5415821823758262,3.13983601426003,0.5270459498674966,0.07249726944658161,9.052056534883334,372.87129775561186,2.689230143897201e-07,0.9999997310769856
0.3789672831218297,2.584643698985798,0.5140594154214466,0.1214245209868205,9.111293312524165,440.4153423928748,2.759265799388952e-07,0.9999997240734201
0.4939220605263121,3.0049653187085434,0.4822204768134275,0.09565799654962492,9.513355906243158,376.3392347384479,2.7439360912702384e-07,0.9999997256063908
0.4202151190871297,2.1473957326257773,0.5307358501187167,0.12175308413151897,5.701624666558219,279.0889500870243,2.8269475681124257e-07,0.9999997173052432
0.4253451028392662,3.073272532186021,0.571113973925404,0.12835629307820762,6.60415962526788,323.5893474689318,2.877809711453456e-07,0.9999997122190288
0.3539099540365753,3.6917334154184602,0.45795153478206463,0.08508483178268955,6.679429869809141,261.71737433148144,2.8696894781558317e-07,0.9999997130310522
0.4019632573880393,3.861693632687027,0.422691435553082,0.09832539461955218,5.843931152716783,196.3499085891233,3.014813404755779e-07,0.9999996985186596
0.3684821426484196,2.8512351861814675,0.5748741024221572,0.0741895108635025,6.95826045625199,369.9411143421063,2.7085255144860777e-07,0.9999997291474485
0.5721780205568894,3.1464314237521522,0.39572780473755426,0.09279062552561436,10.177036671469438,304.11304617783037,2.777868736573539e-07,0.9999997222131264
0.6480891586861457,3.553906435675872,0.588581218626842,0.11516142087819836,8.693407318628802,358.71114817342993,2.8016691583071447e-07,0.9999997198330842
0.48802303293941907,3.0836293032319437,0.6039148931269518,0.12513560524082995,9.61194495611004,476.4624805650161,2.7567595657917057e-07,0.9999997243240434
0.45976971464021055,3.25782333669296,0.469149223675725,0.07616881268240831,6.774947495595569,257.7668935626804,2.795411810695312e-07,0.9999997204588189
0.49180303781315216,2.997136060289483,0.57691346114186,0.10721879476248751,5.898055074770175,275.2633235627808,2.8483239170299196e-07,0.9999997151676083
0.529911487957851,2.4156142338194275,0.4929320831462667,0.09320164976557524,7.818044407104351,317.7696149725916,2.730679753623934e-07,0.9999997269320247
0.5227713549764123,3.1589183981517026,0.4874816378860932,0.1040250804083386,8.794310813156713,338.0320861992942,2.7911410216520887e-07,0.9999997208858978
0.36220351329853423,2.901310066794252,0.45326875691545027,0.11022998106313484,5.917914284596957,242.63450427923163,2.9218723140936084e-07,0.9999997078127686
0.4183196373193768,2.4013388886052733,0.5234404449635637,0.127520920929723,7.738478960084333,371.9289915085269,2.789424047691992e-07,0.9999997210575953
0.5192146865437481,2.3343632186844507,0.4412338882939008,0.09577688517634657,8.268816774753754,304.7347922599747,2.741283180121801e-07,0.999999725871682
0.5998542303185949,2.19086621295021,0.5838562179853112,0.07055209406855198,8.518838634691928,396.47624438406984,2.623940604989744e-07,0.9999997376059395
0.45058065818692755,3.744071730774966,0.4341717712427454,0.07860938044497545,6.15435535849652,207.14560477465912,2.892890409872484e-07,0.999999710710959
0.4201938894578947,3.6146945175513103,0.36324320875994776,0.07877744355933146,8.0729805986138,237.5935143668356,2.853868928241231e-07,0.9999997146131072
0.44258285450306944,3.886447848173557,0.5980899549293008,0.11017702012346983,6.908122802984515,328.2633154618357,2.8722788445117926e-07,0.9999997127721155
0.5005234373301203,3.588543766237817,0.4079928775673663,0.08929389473494907,6.649204744673061,204.43676818505628,2.917401155956532e-07,0.9999997082598844
0.4489250039737914,3.0296319052818035,0.5727685919656188,0.10567156093161825,10.349211817527506,504.5177278072699,2.712532120166899e-07,0.999999728746788
0.36889810260582806,3.090166147373631,0.4405786737809165,0.08083294451516104,9.127004610198851,363.8996783950019,2.7413523105514026e-07,0.9999997258647689
0.409842865289189,3.096695585804165,0.3998419980505812,0.07117621840996224,7.444933973332311,254.76767953620754,2.782317485707839e-07,0.9999997217682515
0.47982533608155564,3.7055650689291113,0.38317875363931597,0.0742278108106265,6.826594173673944,198.09917540890376,2.8786204025647006e-07,0.9999997121379598
0.4478113956908543,3.2975276894870773,0.44480129905981236,0.09356229639458116,7.842612544257886,286.6549961496653,2.8280870583509475e-07,0.9999997171912942
0.6354333324597361,3.2328988313619926,0.3626042440398673,0.09330076076801493,10.059685678916782,258.6749219220816,2.8117301271409816e-07,0.9999997188269872
0.5534822749295842,3.3705707049808957,0.4718901728869033,0.12601094106467886,5.902789769633684,204.70726141755637,3.017579017049705e-07,0.9999996982420983
0.3710579496658428,2.454412557562307,0.3505598253069039,0.10815582333989207,8.285632424601225,273.02402057339486,2.840209247449743e-07,0.9999997159790752
0.4435757684722378,2.9752973789941652,0.5751342924255649,0.0878898468989468,6.2178569802143775,303.3995286281771,2.7796100549904315e-07,0.9999997220389945
0.3948442577647516,2.988988536565361,0.5327346169992049,0.11714949970226261,8.085908661193518,385.27466432281096,2.805582685117064e-07,0.9999997194417315
0.49033848482044307,2.7231487833202985,0.4447682556416946,0.09390313435030971,9.911618329757047,370.19576127065784,2.727996263771079e-07,0.9999997272003737
0.4514746756518551,2.9600578904041055,0.5206815128004867,0.11737307161697366,7.519028070342826,331.8920688551842,2.829986914396872e-07,0.9999997170013085
0.4520902187572958,3.4115579529606204,0.48546519381769004,0.10929319090401389,8.170075758624568,324.1104438728453,2.844779176622693e-07,0.9999997155220823
0.4129443427431104,3.5927778258103533,0.5395786493532356,0.10012144632446313,6.887914270502788,308.2782365242281,2.85247215085313e-07,0.9999997147527849
0.5059454811296564,2.4149746296381682,0.43869966113233844,0.09915083120415687,7.528551625601026,275.7900983399812,2.780140433221765e-07,0.9999997219859567
0.6491381749224687,2.6857142316119083,0.6367470627040914,0.10206660043595875,10.23557225286356,483.4863359247146,2.6679775371401175e-07,0.9999997332022463
0.48680713974069256,2.359141036985525,0.47818030447334964,0.12305362017842852,10.188477618733003,422.90011836338135,2.7345883797054446e-07,0.999999726541162
0.41684843919073056,2.4791082480136124,0.5795395535520413,0.12030778000369488,7.4064545271199655,393.024476452842,2.7684473679713043e-07,0.9999997231552632
0.645265096149363,2.8023093789809925,0.4503571146370749,0.0950494724116736,6.143753571885979,196.2498119906432,2.857799515063478e-07,0.9999997142200485
0.4390209972923793,2.476461918474542,0.3961937639526572,0.07094825370386741,7.232959040273425,251.15689146053634,2.7405459956091147e-07,0.9999997259454004
0.6495979225364322,3.303930300901154,0.5263439735732865,0.09168815461588384,6.815138328659144,250.09109405834448,2.8172995940352314e-07,0.9999997182700406
0.5866788047852687,2.9585451343635754,0.45816044955924895,0.12496262875509678,8.425860752943612,291.2521450559409,2.8536065839511965e-07,0.9999997146393416
0.40251224883827985,2.1992021738821377,0.6103150594770838,0.08867098311614463,6.273507836947669,362.51954076258664,2.7026586507457456e-07,0.999999729734135
0.38524645328332857,2.4682387509425228,0.4676553491732224,0.1292924152340383,8.629966705587476,380.37449186057603,2.800247211271696e-07,0.9999997199752789
0.4430005232146354,3.1071386775703056,0.47605792310665407,0.08392825129798098,8.243784307609022,331.2079344791389,2.756698129080374e-07,0.9999997243301871
0.4321873800673841,3.0226714528760605,0.519542978994669,0.12158265380312833,9.167839951260476,411.8371799729616,2.7923336214408423e-07,0.9999997207666379
0.4165977955582807,3.2171603440218237,0.44221534499157256,0.09585221456859566,5.941296286821692,219.11008130490904,2.9157325061204964e-07,0.9999997084267493
0.5134531178068649,3.819162371618993,0.4555350832073951,0.08410034327956505,9.413097206176182,324.1680156649205,2.7839910445378883e-07,0.9999997216008956
0.4060746965316685,2.4256825009779384,0.39677752349112216,0.12486460643516255,6.066514019828828,216.0453834778388,2.9466127002576867e-07,0.99999970533873
0.4983791111774688,2.3133992956332925,0.4179232136889006,0.10710801756371281,7.651097303681114,270.5141107259353,2.797484303193229e-07,0.9999997202515697
0.6489584642839512,2.687315050766885,0.433100806777236,0.10489898212946508,8.071941365778006,253.77823234022225,2.80759169905406e-07,0.9999997192408301
0.5053623124863346,3.3788036744670236,0.5697967226638566,0.0707836010443777,8.515388258767485,384.04367285921023,2.6948560478786314e-07,0.9999997305143952
0.46684389344421034,2.13816352889771,0.5359224230386853,0.10307081568758306,9.099185306696652,438.39480091690893,2.680822120121086e-07,0.999999731917788
0.41491409679135927,3.2287174371281173,0.6362636420143899,0.12784878194847116,6.270094617463177,341.96794830046304,2.87357652772454e-07,0.9999997126423472
0.6032527283161699,2.275408503002945,0.5334144379290491,0.11811646507963985,9.861432551853564,415.8846358821389,2.704029136497922e-07,0.9999997295970864
0.3837347106753459,3.3490941580959177,0.6272775659580236,0.07864959657948868,8.355582260665784,460.11907540994696,2.69812248403946e-07,0.9999997301877516
0.41056946946224604,3.464508503553559,0.6079797139977112,0.12037155662704432,7.400766795100987,381.7764497353807,2.839984094864861e-07,0.9999997160015905
0.6040789066584307,2.2187671840686196,0.494592515684388,0.12888932378563384,8.418504335625936,327.7065914861133,2.7687726965099815e-07,0.9999997231227303
0.4720617719986782,3.0591757015426566,0.5022294359434851,0.09920594226395128,6.004494974071305,244.99080300966898,2.867086373234619e-07,0.9999997132913627
0.596615109383547,2.285821139868119,0.6029368473900864,0.0922888248365457,8.336804867339756,399.5668702227413,2.6682262488064374e-07,0.9999997331773751
0.456445129044804,2.582276973797288,0.4254032140669626,0.12189688284977451,9.445316089188129,350.3202092107608,2.7981146673009225e-07,0.9999997201885332
0.49769253375586775,2.7354860386942637,0.507105834003106,0.1100508305014479,10.199639886247784,432.501971201023,2.728607912852141e-07,0.9999997271392087
0.6256271663043618,3.657824672123799,0.5961021598174984,0.09202127148073318,8.183625424187635,344.5532646889163,2.7651563107228163e-07,0.9999997234843689
0.3595645607449163,3.08014439978751,0.5451233687651031,0.08067120261142813,7.561126562926491,377.0388165312163,2.7348734658092606e-07,0.9999997265126535
0.6322147982550992,2.204186110423928,0.48844638741996094,0.11001006201513926,6.149165420438789,226.09101669548107,2.8113151884044465e-07,0.9999997188684812
0.3556490909203274,3.122897529137515,0.4828414275130911,0.07756622289395343,5.695874195088566,245.66720288589937,2.8269712330883886e-07,0.9999997173028767
0.44224340078388624,3.3504238114214044,0.5422324770422676,0.08497170383325009,9.594358306225644,434.79660225729236,2.714786827560309e-07,0.9999997285213172
0.440325416838342,3.031854152487334,0.6088537269133715,0.12371679157314602,7.118806406117811,370.80638021206016,2.8225280162064235e-07,0.9999997177471984
0.3952396951553967,2.6728314675814424,0.3612443208694273,0.10116079628802956,5.742275172636975,181.60604396369354,2.957707222312698e-07,0.9999997042292778
0.37596827073160927,2.627075384222925,0.48477304523970643,0.08073057932055089,8.121064147545194,368.6367198275085,2.7125868257205645e-07,0.9999997287413174
0.5453605976435346,3.6736561182647014,0.37789417316358237,0.12470361200724361,6.543351978834599,176.882356757527,3.105374186883243e-07,0.9999996894625813
0.576021336686385,3.295345400221136,0.5469873182083614,0.11428749860087356,7.706415539416943,314.76333486930463,2.8318316170569666e-07,0.9999997168168383
0.5574886158537474,3.1313058923805217,0.5321772532126833,0.09855096083455403,8.214766303924888,335.9860441299794,2.771313815126333e-07,0.9999997228686185
0.466167430024342,3.463437509908639,0.6388958081841745,0.08187986588771515,7.272748828967648,376.66347104746717,2.737343988427197e-07,0.9999997262656012
0.43720851334587524,2.270675439397208,0.5295159218186851,0.07490629381169694,6.096357405681512,290.7553807316159,2.709431535644094e-07,0.9999997290568464
0.48428622021482415,2.7998638568081944,0.5305585685786394,0.10556578836381236,6.929456805881538,305.57778676245096,2.804377028913346e-07,0.9999997195622972
0.3586075619113891,3.0271764815576727,0.4607505913622351,0.10063767977459682,8.750835998630807,370.55007921584195,2.78675356629428e-07,0.9999997213246433
0.5973297918322957,2.5215082724294513,0.4189291129695449,0.11840221675067242,5.934551429918021,185.57793320782824,2.933605953202419e-07,0.9999997066394046
0.6064877390030685,2.6142335618460795,0.37523662586702355,0.0734852807411457,5.993073750340311,163.75374929325432,2.824097574428376e-07,0.9999997175902425
0.6282625824375145,3.4367135719771422,0.534353192241013,0.1145467168285565,10.337502757951915,397.1830737560394,2.7730926554660785e-07,0.9999997226907344
0.5306473273256236,2.8830474046682877,0.42660397855639887,0.10524037286569041,10.253465696682412,350.1937562882269,2.7676389248154017e-07,0.9999997232361075
0.4566997179764857,3.167131839916477,0.4389247809971912,0.12699730351578944,7.928842387675079,286.77664463194685,2.910565843875733e-07,0.9999997089434156
0.3792737264901588,2.205453442396508,0.5593018487424573,0.09778183876667808,6.6935603986267,362.2814963109113,2.727344970197685e-07,0.999999727265503
0.39045460765355744,2.4075020432972187,0.5016024417551448,0.08092048628087622,5.790869719182071,268.91875558203367,2.760607247062217e-07,0.9999997239392753
0.6317283147808798,3.2406984901934255,0.4908056300239624,0.09081757006288399,8.415220860922034,295.9159439608421,2.773870643645382e-07,0.9999997226129357
0.4392036290101163,2.594034624400999,0.5461286493845354,0.10637029018310393,8.945743344746056,434.4668509576824,2.7223946846626843e-07,0.9999997277605316
0.5088622411712924,3.81065534532266,0.3692628760194963,0.1216455106563627,10.371850638166741,288.89849925263997,2.9240465015211026e-07,0.9999997075953498
0.639715939728407,2.8384035045536726,0.40606637023027203,0.11846269679779514,9.082238624317089,267.94066922327005,2.840656060525818e-07,0.999999715934394
0.4821425233712887,2.7410692238679246,0.5876011618227084,0.1060535673492484,7.1250973369624395,352.7568938229779,2.7679732548138246e-07,0.9999997232026745
0.5577927205369331,2.1135379468659417,0.38465182707705364,0.11878862829621109,5.677901315346631,172.11216519271596,2.9230633610482874e-07,0.9999997076936639
0.3658943445262886,3.30698096083095,0.6042145778485268,0.08635237626477442,9.396172902771077,507.3274408627959,2.6982377848666835e-07,0.9999997301762216
0.6129807577748929,3.8056590197487665,0.6355436852232651,0.07445462157313174,7.552057276735316,338.53888362066766,2.730430711567461e-07,0.9999997269569288
0.6312233038128294,2.914471685674274,0.601136771876235,0.11271267910408822,8.311451537560384,369.8530070169995,2.7556972710552563e-07,0.9999997244302729
0.5035099040992631,2.4988238130573732,0.39941043732537435,0.11315420877505629,6.376422723953075,207.71843082247597,2.903551122317593e-07,0.9999997096448877
0.4009745675771683,3.735455160342209,0.35006798621355845,0.07846896628338479,9.268479944727856,266.4249378210349,2.8325992906858173e-07,0.9999997167400709
0.53223263399645,2.6080964549368515,0.5150955831394088,0.12914593800205032,9.437356357317425,398.33604972603734,2.768158486234356e-07,0.9999997231841514
0.39866881720020847,2.2380291828086243,0.545403808055985,0.07039111117434886,5.995984837515464,307.1645067276862,2.6920853658520066e-07,0.9999997307914634
0.41237298348866536,2.17260080910245,0.4946402938893937,0.11475151412271845,8.569442692821362,399.8364303208808,2.7320024472914134e-07,0.9999997267997552
0.5266853997635478,3.2627466626052426,0.41720310245099845,0.12367039170950161,9.107093508710552,294.2861853834489,2.8831502652049554e-07,0.9999997116849735
0.4018175368770125,3.5814359772390993,0.5101243247643434,0.10745645749625574,9.717037961140132,420.60154059167905,2.792443600521775e-07,0.9999997207556399
0.5689788531483929,2.3507701020938674,0.427099510745711,0.10031945508930637,8.982798192324848,306.98557690722134,2.74225858585863e-07,0.9999997257741414
0.6443761687303786,3.081414449698769,0.6413827678283548,0.07659853099351194,5.85582206422571,267.72907116544144,2.7454711929257414e-07,0.9999997254528807
0.6014029563157832,2.2021632743366535,0.5224177284283325,0.08315118840702516,6.189630095335731,251.45228875941746,2.7255864127277515e-07,0.9999997274413587
0.6261018248973487,3.844640952520499,0.4378888518014542,0.12210677427434408,6.504435789159028,191.32517256515257,3.049815158827459e-07,0.9999996950184841
0.6250089671307825,3.664422579595085,0.47355117508421,0.08179814831742964,7.607126390301692,249.84255427478675,2.812033878009677e-07,0.9999997187966122
0.4576428071730182,3.7707215265546106,0.5425762792467896,0.0921706462559686,9.343638412820262,405.2749785594918,2.7626222436119225e-07,0.9999997237377757
0.5501966289244815,3.2235769173197,0.5354450424355259,0.11110112426495536,6.379174324532961,258.4578897368193,2.879872632159407e-07,0.9999997120127367
0.519869281425848,2.8766896350990216,0.42172617892964565,0.07548137449706803,7.2181589532499935,240.73263367780123,2.774655411455858e-07,0.9999997225344589
0.38742936439489584,3.598505871994708,0.47458105432368086,0.08390783669472623,6.962185568992343,278.10395750911687,2.835972280053847e-07,0.999999716402772
0.5432065871778784,2.790417701350673,0.6064454553641229,0.0734001121670811,6.241292594488323,299.513646959246,2.713995864978353e-07,0.9999997286004135
0.614113074422759,2.3143385736137136,0.6167040229772234,0.08040089807446532,6.3982403726681705,304.905462782422,2.688941342552341e-07,0.9999997311058657
0.46990345124909105,3.8966571145281925,0.3508346604994339,0.08427361716104134,8.00492837124753,212.4672149600737,2.9122689181667136e-07,0.9999997087731082
0.3908407583969538,2.598053438757831,0.5843974487850857,0.0995519788985552,9.092848984610502,493.1584598195891,2.6930504303279355e-07,0.999999730694957
0.3676139677367719,3.5397551505986025,0.5964352045753173,0.09361320419859295,6.05834150518256,312.7684969932263,2.8367895909544996e-07,0.9999997163210409
0.39253539284975614,2.739110500792608,0.42750842264110084,0.092326023960557,9.122675498403042,355.6526970265228,2.7516673205225547e-07,0.9999997248332679
0.42211314471024314,3.0236709687264405,0.6052007237660557,0.12326829140985185,7.144327897732133,376.1886124922722,2.8213243869119466e-07,0.9999997178675613
0.5803181198819751,2.3331950418631373,0.48250221091916623,0.09626372355563752,9.235287140967655,356.34041990152224,2.70119004045415e-07,0.999999729880996
0.4327840902884984,2.6789873451993484,0.3797930744102178,0.08948944901504313,6.8613395462613775,224.18319843286133,2.8419893543074084e-07,0.9999997158010646
0.4900398000123761,3.0773983330078836,0.6342578696744505,0.10851766247263503,9.08828988890348,472.6028190854662,2.72688835607329e-07,0.9999997273111644
0.5027015589726224,2.3665468868194974,0.4966354772575531,0.12092139985408516,8.03137421800511,339.017443579526,2.777508592094621e-07,0.9999997222491408
0.4844466759360022,3.0543552373054923,0.4372621275690301,0.0824125330690991,8.636399685181308,307.99869894036124,2.7578013781887034e-07,0.9999997242198622
0.35453897138311585,2.937212247001628,0.45706779024509403,0.12588554216272207,5.7096527590537995,236.55455702573812,2.985921126745748e-07,0.9999997014078873
0.46709416120699915,3.1711504201537277,0.48726356921225733,0.11931501503351849,8.870819579859706,357.1074908162872,2.82546758278274e-07,0.9999997174532417
0.5619774449989592,3.560140382245799,0.5622978966608221,0.10558750616797165,5.757086238043352,235.76739400305377,2.912096749205066e-07,0.9999997087903251
0.5449527447092334,3.764448335320827,0.35298952526245314,0.11294312524198755,8.582431435357368,219.20243511257615,2.9803293710828786e-07,0.9999997019670629
0.449857315106433,3.7539995430489848,0.6163602844126237,0.10089534689954431,9.776601750023154,485.09324202457026,2.7430984902733884e-07,0.9999997256901509
0.47211676546535103,3.5039161899268882,0.47877197846553693,0.07637577089519697,9.536014834761872,366.7934768346049,2.728797459432556e-07,0.9999997271202541
0.3996956388014837,3.6492860838149577,0.5775640753637571,0.12904860548937105,8.092502750515818,394.76912662510824,2.8636929038736713e-07,0.9999997136307096
0.5211585128558097,3.8779597868820854,0.3890818952776195,0.11980872838791748,9.481280234090876,273.53578071676884,2.938092393223804e-07,0.9999997061907607
0.38009942436625366,2.576279618361882,0.35825645196855754,0.10512850537720271,7.962676516092693,262.4209254630478,2.850810488532062e-07,0.9999997149189511
0.5705067482047613,3.496000140907251,0.3603973054981257,0.11533758453961165,6.592957332466999,168.06742558526577,3.065771837209367e-07,0.9999996934228162
0.5944109183786547,2.438244394656116,0.4767716317210462,0.11192995856384133,9.591937247619324,359.06405322172316,2.7354797874858345e-07,0.9999997264520213
0.5159619266751825,2.245357330228939,0.4863164316135974,0.10864592911484508,6.811678739902258,277.8267067294412,2.7850430197448636e-07,0.999999721495698
0.6214418622161684,2.758179420850861,0.6327228892378448,0.12228960333161441,6.07448662478587,285.73766710691893,2.829864953709785e-07,0.9999997170135047
0.4380659610965928,3.2024224799491616,0.3979198001856627,0.0961832532690796,8.940463231522472,297.53245065879264,2.8224109861061433e-07,0.9999997177589014
0.3741990178899303,3.893152301701001,0.5194222145597276,0.12258368938899983,6.46683185737419,279.057225451587,2.981105787911127e-07,0.9999997018894212
0.6487050619572754,2.935350962961762,0.5415970214845759,0.10466579944591078,8.278835353684926,325.0957165123663,2.7654553452905437e-07,0.9999997234544654
0.5000762166932193,3.617972760515343,0.6238851395173799,0.08337212770235705,9.552135968173713,466.2580390704027,2.6994969740880755e-07,0.9999997300503026
0.3808371701490421,2.779993851625865,0.5804662584453969,0.09452284450306978,8.177256380949672,438.1819096245424,2.7176951610971607e-07,0.9999997282304839
0.45708907041580704,2.9038022796229583,0.4239148614266946,0.09982786688599649,8.791468138903843,314.96683426462755,2.7952286157930733e-07,0.9999997204771384
0.4207409981521135,3.4562463589003665,0.5481907674913274,0.08629104775292526,5.979564201684876,271.11036327864565,2.835394756689177e-07,0.9999997164605243
0.4962365325038406,3.5500527829008983,0.38960316802799005,0.11307608705980604,8.782725855447818,264.13561278610484,2.914504111537209e-07,0.9999997085495889
0.5712495014473804,3.8630932385920196,0.574423410699739,0.10776956056122441,7.940295645965455,329.76775849306614,2.836024321237999e-07,0.9999997163975679
0.42431825342236484,3.5316141298197286,0.40922910647270605,0.07958713927378312,6.964594818007706,231.22683335496964,2.8587722219914337e-07,0.9999997141227778
0.568506773942799,3.7822847990084285,0.4537986797234289,0.09901320513098942,10.347170921037776,342.667042967159,2.799972543955483e-07,0.9999997200027456
0.6184775004532104,3.5680249021755346,0.4801754240347444,0.08252346007397277,10.113653641430918,346.86783920899063,2.7364087865634615e-07,0.9999997263591214
0.5104074153972171,2.755204232530581,0.5531251093898255,0.12450488140572487,5.816158653734552,260.00031236358825,2.8874685025742316e-07,0.9999997112531498
0.3698395948116702,2.380225982666087,0.5135751211262044,0.07179179009295976,7.214314153162982,355.9946699214326,2.683666903951806e-07,0.9999997316333096
0.4113526754520516,2.4833697133093446,0.5590177310532829,0.08170267706695575,9.673684008871575,497.4530558042377,2.6494039845672075e-07,0.9999997350596015
0.6361455636634096,2.1662624433961697,0.4176562360206074,0.09406944104555977,6.56116159152736,204.5888352346922,2.7900880353839363e-07,0.9999997209911965
0.5007689443977387,3.152624291609814,0.4129861805299693,0.12409224218083104,9.632889078327114,318.41842871277356,2.859438570484065e-07,0.999999714056143
0.5267810954019216,3.7804645186182713,0.3933215891984247,0.08203382520874322,9.173220722673008,267.90570203341815,2.819687228029367e-07,0.9999997180312772
0.45274474842668194,3.659374260119775,0.49534768734694007,0.10036356334010994,6.308345464728408,246.44075303452388,2.9143413765310077e-07,0.9999997085658624
0.5458952251090881,3.728574527636264,0.39124981794256797,0.12246756568888667,8.942948553011302,256.3563823749642,2.952251996503065e-07,0.9999997047748004
0.5081856343705189,3.678105633343289,0.47310052889628756,0.11933775806361285,7.3116258523874205,262.00799607496407,2.9416366969912766e-07,0.9999997058363304
0.5430793492702561,2.474077935385818,0.5034758037871234,0.09071279102249757,7.29003692957336,296.9524299609852,2.740486075531471e-07,0.9999997259513924
0.4800219160426046,3.7194611333819623,0.3962953130844021,0.12395559122747823,9.875205378661853,304.65617140824395,2.914675048029847e-07,0.9999997085324952
0.35605203564155313,2.517467347502151,0.62539677388472,0.08553262175364207,7.250451159930428,438.3227892981788,2.688576914996936e-07,0.9999997311423084
0.5924363212901157,2.4556350329360015,0.47801752049240886,0.09019425549304079,9.164504763715037,343.3673337830763,2.70153242027629e-07,0.999999729846758
0.6271095614996036,2.256351780751658,0.4866032253614078,0.12423180373583323,10.093877962627172,381.0641869481789,2.726799646328829e-07,0.9999997273200354
0.560539493596016,2.1328835316471597,0.6383583241682913,0.09993248043941352,7.284383620312218,384.562293508263,2.6838639648420097e-07,0.9999997316136036
0.4973151281688039,2.3565665157478453,0.6423109293515081,0.10833860437359269,6.587462191133329,362.7763834963862,2.737503329101315e-07,0.999999726249667
0.4095483807036322,2.847204807035899,0.5008185681747307,0.08399348852080847,10.39202137794436,465.52512043441044,2.6823493563839774e-07,0.9999997317650644
0.6151654187696582,2.8068719246889744,0.38832864078906837,0.10339344834474559,9.70095039563337,280.20938946903414,2.7946014622148725e-07,0.9999997205398538
0.6351699740733475,3.1129598341636466,0.5867912363695316,0.07386493173431731,8.443907293244404,360.6428054253963,2.684520834503909e-07,0.9999997315479165
0.6111336741207662,2.922200578836671,0.38489587068167225,0.11749674996786769,7.302255354465296,203.62662892387578,2.935446027495393e-07,0.9999997064553973
0.61035507973752,3.2833256927978094,0.586519200676836,0.09115958196138,9.963872719727046,430.0882867821732,2.7024427680734444e-07,0.9999997297557232
0.49224636263038535,2.1250037022483315,0.587991488483657,0.1288363699146289,10.2416013687149,528.4468344992167,2.681947007651955e-07,0.9999997318052992
0.38983249291109456,3.391895056430254,0.6426673681116333,0.08534387709107916,8.193478431841346,458.481801239601,2.7154697839689467e-07,0.9999997284530217
0.5664557275663455,2.1356024180972706,0.567048087779154,0.1253266727340181,7.32419650089512,339.86095914340734,2.753830364754868e-07,0.9999997246169635
0.36245035132267195,3.7788807133143445,0.41384603406058923,0.11422729702736878,8.433391198685607,296.5403116240499,2.9299933243835157e-07,0.9999997070006675
0.37982835100905576,3.1640170176372835,0.38236349291378774,0.11699905064283989,8.704559780900416,293.19258498087754,2.8967742837557385e-07,0.9999997103225716
0.5512638267676953,3.4383619046819875,0.6171837821210707,0.07294352958344048,9.40004489817559,442.0506250585411,2.671561758641895e-07,0.9999997328438242
0.5885555293222844,2.6818521113991567,0.38999962283898243,0.1188447759716224,5.929241961946969,170.6831003621936,2.9849913504508197e-07,0.9999997015008649
0.4443830986442051,3.6819102946375537,0.37631727137735144,0.10174721341263634,7.421722965762025,219.56853218272977,2.9617909299495723e-07,0.999999703820907
0.5742975940033428,2.684610998300852,0.6279545119249269,0.08297700007777212,6.477023878277806,317.1904171328073,2.7167639666182873e-07,0.9999997283236033
0.4934726850437562,2.629866382005495,0.6107637312312381,0.1238649454222675,9.316971064905282,480.97075735751497,2.725295416916736e-07,0.9999997274704583
0.5230538794161533,3.895745165432104,0.39478269197154714,0.11280209989686521,9.72229826851838,284.5066609354048,2.9050640037168466e-07,0.9999997094935996
0.44814249719837224,3.7901039682317794,0.5991214352934451,0.0972409707699861,9.989448777287155,481.0752051144091,2.7386415670825886e-07,0.9999997261358433
0.6305597984540122,3.65052867424826,0.4517650735055231,0.12060066435187869,10.031882566330221,317.82456453537327,2.8551461808675787e-07,0.9999997144853819
0.3766316566546741,2.2588647223555682,0.5233286270340007,0.07510116158349144,9.626106621483387,488.133721333527,2.633969492707079e-07,0.9999997366030507
0.3607289947989207,2.435054388383129,0.36462710424141115,0.07303834583239052,6.64296972722634,227.59309872495308,2.782119852186118e-07,0.9999997217880148
0.5893523754259415,2.75131367084131,0.60035409247302,0.11108537819474604,9.650068841813269,448.6912664553664,2.7089728805799717e-07,0.999999729102712
0.5470972283235744,3.7031331907358442,0.37300452483361446,0.1202781306513504,7.680218080744574,206.92593896344093,3.023069352476174e-07,0.9999996976930647
0.633312003445399,3.2518725591508075,0.6151048875311271,0.10990763166808028,8.376405598072425,372.783527753161,2.767221582887635e-07,0.9999997232778417
0.45517640758279637,2.1675628165287644,0.39973751600166924,0.07709128710995752,7.880412777413835,280.83702038902106,2.7112111202137733e-07,0.999999728878888
0.560926800787325,2.7079969180949535,0.5290067779196671,0.07731036263351142,6.3665254345585645,262.17189018884983,2.743592682805476e-07,0.9999997256407317
0.4441001583883632,3.115860409673284,0.43454310608553554,0.12016483618453794,9.69870512254359,356.38463699244653,2.8295457314486677e-07,0.9999997170454269
0.6295979365966897,3.313461098768465,0.40558886905767016,0.08449867840777864,7.464341601411631,211.5225285239124,2.842781362332706e-07,0.9999997157218637
0.6163329367697483,2.4038968986324383,0.6312586552594583,0.09511880873021673,8.957046895757431,438.5337098392225,2.6618874651065545e-07,0.9999997338112535
