temperature,humidity,month,season_enc,cold_chain_break,storage_time,batch_size,supplier_risk,salmonella_positive,contamination_prob
28.973713224089863,54.87232587538428,8,-0.8660254037844384,0,2.4792018723692766,435.1694728991794,0.40227281389046166,1,0.7573393048145672
23.89388559063052,62.83221993926723,3,1.0,0,3.333512582334717,378.38510569714936,0.7646625552292448,1,0.7290600174533085
30.18150830480554,53.11370118500058,10,-0.8660254037844386,1,3.643018093341738,268.1394036787209,0.24393256381021622,1,0.806642857123598
37.184238851264205,60.38057705541439,8,-0.8660254037844384,0,1.0337484909732042,563.0815703848685,0.8388460158375377,1,0.9411142716590807
23.126773002213312,36.59577999569321,8,-0.8660254037844384,0,1.9067387665149655,707.862163892693,0.3758828536649965,0,0.3797254902636948
23.126904344406555,68.19940561059408,5,0.49999999999999994,0,9.387513699557474,498.07854155009653,0.532169960856181,1,0.9071377849187013
37.63370252405913,65.01808213043337,8,-0.8660254037844384,0,4.366357655915912,597.2273068450979,0.9419604875628733,1,0.9853040842968408
31.13947783322327,52.74367053397714,6,1.2246467991473532e-16,0,10.475685292850242,493.6199069018654,0.6812556301868748,1,0.9252824196080043
21.244204912520384,74.88868502648607,5,0.49999999999999994,0,4.114268617505903,433.7541785484891,0.6456041128446274,1,0.8667644892012398
29.340480348687716,79.06355206439838,9,-1.0,0,0.5792987982982607,637.8794838526585,0.7116077276050291,1,0.9558147592420937
21.292658457500302,40.88660203446538,7,-0.4999999999999997,0,0.20013747580475488,285.7713588788639,0.9181113387605614,1,0.5377524564841863
21.274161971437945,53.55912832150679,8,-0.8660254037844384,0,2.585844011844002,220.48958810816515,0.24851370922151084,1,0.6110540456667873
26.935698172528273,53.46286475319053,1,0.49999999999999994,0,1.3286285279810113,283.65502671343677,0.6132412057993384,1,0.5092156485005669
9.693758042737617,50.90145348336703,11,-0.5000000000000004,0,0.9666462715844033,628.0381967414132,0.40039385438365227,0,0.2320467277252296
11.200657339895738,77.44212262897622,2,0.8660254037844386,1,4.938476801501445,513.0816660329131,0.011855293210243922,1,0.5393525546163283
20.501699766072218,62.09260791840795,8,-0.8660254037844384,0,1.3718226611193542,556.480696887018,0.1253008964061092,0,0.37148471478405604
16.89735103732461,61.03227738034084,12,-2.4492935982947064e-16,0,1.1437855176849592,751.5384490186324,0.3249918952635884,1,0.5403386756503155
27.51397866076219,34.9420645338987,9,-1.0,0,5.69111182829925,325.4990488173273,0.5649999711819157,1,0.7965207833455485
17.735807395830314,74.53127045313839,4,0.8660254037844387,0,5.6180107221659545,680.6255553745802,0.8814747766962716,1,0.8119799852928047
13.701570389317668,46.41112407719791,12,-2.4492935982947064e-16,1,1.3218780848471252,440.55133787770563,0.7911141182014395,1,0.5112636945941664
36.72519015137243,65.89898945399493,10,-0.8660254037844386,0,5.360292517318271,417.74586871298925,0.5533336724227704,1,0.9589994634354876
23.193789596107713,69.16065406937288,11,-0.5000000000000004,0,5.706970304796949,512.1830565877406,0.07387041790746762,1,0.777098210376621
25.54022563750339,85.40987893757976,10,-0.8660254037844386,0,1.65458107995264,535.6604383519792,0.2859062903949786,1,0.8680028106020093
13.602014510292346,45.367694013213324,9,-1.0,0,0.20635659747897894,468.41867906401404,0.3667086478922439,0,0.4678075837494378
20.64493820379854,19.707317662687622,4,0.8660254037844387,0,0.004757704030080256,591.5471451592448,0.6217171852038426,0,0.11146154491542809
25.88738071767893,67.75774317130542,10,-0.8660254037844386,0,2.222556317643077,512.7864615216615,0.06492362297984111,1,0.6448528455295354
15.792051380621578,92.0076677226628,10,-0.8660254037844386,0,1.265128734052995,470.100257487131,0.5301935545004733,1,0.9198285048609429
28.005584146765376,83.58419529409156,10,-0.8660254037844386,0,17.562310357770865,437.55737963303284,0.9014645761447072,1,0.9933119713149909
20.194890480649562,68.14489122911938,9,-1.0,0,4.440641719993381,535.7519698576474,0.7054326956974029,1,0.6929941560048392
22.666450001653786,57.62545721551929,11,-0.5000000000000004,0,4.297334786289623,296.5013258830842,0.7970768065627564,1,0.6312425055746139
20.186347102164824,77.10683894955966,7,-0.4999999999999997,0,9.319506734400278,338.83042550300183,0.6816756483590735,1,0.913453772316188
39.818225476071504,50.39680700443297,2,0.8660254037844386,1,6.560396091713324,444.8824896205728,0.20658911217259224,1,0.8500250399975681
24.892022202096527,72.14536654034329,9,-1.0,0,1.149001666479843,581.7312589534383,0.11048382006601865,1,0.635866409095771
16.538312568352797,72.5820523874994,4,0.8660254037844387,0,0.5445196647686223,821.4275185587286,0.829490673004909,1,0.7390724554428377
31.580359296825513,80.90314861248319,8,-0.8660254037844384,0,4.109990845817023,476.10115461745954,0.6955044360155284,1,0.9342007766372139
15.233250800231822,106.39490058366616,7,-0.4999999999999997,0,1.4257668802927261,233.86530629963556,0.5750615588163682,1,0.8781399134123772
26.670908760038042,70.88623950768151,7,-0.4999999999999997,1,1.9226471889609889,381.4628735551551,0.18928286496824598,1,0.8390070860793234
9.322639008961795,57.36554561438752,8,-0.8660254037844384,0,2.9859834027232877,598.8337774388345,0.6033449653117534,0,0.48107329829617723
14.374511608812556,64.61638531712008,1,0.49999999999999994,0,7.153751137044392,354.45768365765787,0.03132178522215978,0,0.34938105660640134
26.574889886952988,38.46386142666323,5,0.49999999999999994,0,1.6294667176750883,304.1382113182334,0.11883913439395943,0,0.45054962839526574
30.907732639963285,54.579303033664125,2,0.8660254037844386,0,4.587957949034722,598.0503352421118,0.31189014980442453,0,0.3934735759666426
26.370946249519765,58.86076342830344,2,0.8660254037844386,0,0.9373172055702683,569.7320091339369,0.44373827741116434,1,0.6343462635695463
24.074813740894076,57.138674030981115,1,0.49999999999999994,0,3.5917045752953296,279.1188885864805,0.12056449582200035,1,0.5372362234422258
22.59117043528569,67.28532308050583,5,0.49999999999999994,0,0.0047420090347986285,365.75099818164784,0.1199401838575358,1,0.5074447573735892
13.171824077060581,52.66370101426699,2,0.8660254037844386,0,6.155647537009326,686.7005265226243,0.7258936605836355,0,0.49973632161097076
19.24124633284233,81.81546000986707,4,0.8660254037844387,0,0.09255181083258972,627.9266405141511,0.5697194065334856,0,0.4112318754744676
21.3148898323217,65.00310597377296,3,1.0,0,3.742246301246755,320.3942726298234,0.533741980777665,1,0.635963040668932
33.45697780975132,64.86049518292079,3,1.0,0,0.1420868484052748,201.66659676323223,0.45243449511754996,1,0.7523262019999689
27.74894631654769,60.081579252306234,2,0.8660254037844386,0,0.9287431401734207,540.2776873791307,0.9765431063445639,1,0.6594713289567175
10.895678757098128,67.32786025788468,6,1.2246467991473532e-16,0,2.062702747861965,455.5898007141905,0.04980028289437677,0,0.39875672525895245
27.59267175515836,77.37647397001452,2,0.8660254037844386,0,1.633864398336808,527.2612845090607,0.18062717616157742,1,0.6694731903166334
21.919341756669468,51.9930467643365,8,-0.8660254037844384,0,0.6389712376915734,595.1992915765908,0.6475077574012373,1,0.6994084447722243
19.58462399755233,55.12825266387115,8,-0.8660254037844384,0,1.218563210115554,356.5595873905967,0.13636565385124133,0,0.3941946561216102
29.893410310726942,60.44410956835003,12,-2.4492935982947064e-16,1,3.9026228193484447,435.1781710121152,0.5893809380091738,1,0.9333003902353553
33.24799617996761,44.811936147901775,5,0.49999999999999994,1,3.319241760439182,365.14122144413017,0.56776122548108,1,0.8294045403043305
32.45024095292959,52.71113210417754,10,-0.8660254037844386,0,0.22357129252546293,370.5147450529264,0.9710051836396419,1,0.9024688829591971
18.28625981421889,57.85668689683011,7,-0.4999999999999997,0,4.126844677441678,584.7138789986644,0.8833864870490223,1,0.7178085040104936
22.526300993190283,78.11583771069091,4,0.8660254037844387,0,0.16351390789033007,521.6102872016622,0.9455533437674526,1,0.7962311089224856
27.65010745122851,68.93841993502888,1,0.49999999999999994,0,2.3487324806372474,265.5587344833895,0.11360236947397961,1,0.5763537344316491
32.80436101697887,67.90384867051317,11,-0.5000000000000004,0,0.9035696730924009,608.7655462874768,0.8681484372541888,1,0.837929126843026
21.16660609723768,77.76346943251959,2,0.8660254037844386,0,2.657940284274114,447.4894888132701,0.12909066172830597,1,0.7374469346624205
23.514728186689464,62.93942317400905,10,-0.8660254037844386,1,0.9087055068296445,615.6748110241883,0.632932178543989,1,0.6015350659344556
16.149320207951774,70.85697274893334,10,-0.8660254037844386,0,12.590720913868143,347.7892931080644,0.7200781606780022,1,0.9836704422943203
15.430347007354634,63.451673706012556,4,0.8660254037844387,0,1.112009467010183,361.1467971953554,0.16085349814928585,0,0.35793479920838844
31.500206579153584,68.98043524099442,1,0.49999999999999994,0,0.8310598885810031,537.7568447160002,0.6326593759295397,1,0.7438117339843665
35.84992022856658,56.25862013582627,8,-0.8660254037844384,0,0.9791243852576133,335.53098677454875,0.05246049291199406,1,0.7960235292371002
24.42391902735733,28.417742625853563,9,-1.0,0,6.8037643558663,458.76782438873505,0.2932660857428302,1,0.7369344073383889
33.02826318313619,62.985812567205436,4,0.8660254037844387,0,3.0336083093645407,318.48898064610887,0.9211584939341166,1,0.816532485648645
27.893088200381072,86.3412220414991,10,-0.8660254037844386,0,3.935610688109725,441.29454003925247,0.17173116290186918,1,0.9555845924159079
19.839041963159005,78.89323103362389,3,1.0,0,7.50349263544477,495.22186522926535,0.0652699924503275,1,0.8014768574968753
27.891164844067312,79.48096226886756,2,0.8660254037844386,0,7.286911432473335,502.2886902351138,0.4436781996554594,1,0.9597504046648564
37.304292531727754,83.54196082709326,5,0.49999999999999994,0,4.029082226425974,445.28790931004767,0.8506182085272715,1,0.9050797304464397
24.71339168712039,66.32986386442155,3,1.0,0,0.6612833352530179,550.0025450477207,0.07667238196828996,0,0.44172088395603903
37.51714924651205,67.95973561108393,10,-0.8660254037844386,0,5.561670431628278,522.1698568268057,0.3555353652304085,1,0.8849906368167236
4.042039167282045,55.73522156848475,7,-0.4999999999999997,0,0.6836243058948772,486.5950004394795,0.8997748345593262,0,0.2463744782515056
31.57522003500179,60.25890715959425,11,-0.5000000000000004,1,4.074856656338196,406.12242009333437,0.11815554994445432,1,0.8420640145172572
25.69637654590537,74.23656724656712,6,1.2246467991473532e-16,0,3.471296916348331,660.2365624367762,0.3106685059119466,1,0.7354037590312027
22.60794119627306,83.05826655753225,1,0.49999999999999994,1,4.267491747228117,557.9430812348892,0.7784206115357039,1,0.9096660042360105
25.73408621228402,62.90830586478501,12,-2.4492935982947064e-16,1,2.2822595614408026,344.5836704162007,0.5432109871388043,1,0.7997670618747149
9.099448683192858,58.24716102722883,8,-0.8660254037844384,0,3.054357330716492,597.3325813535739,0.8323331406335831,1,0.6825085307948158
23.242624897299905,65.00791938284895,2,0.8660254037844386,0,9.193323583992413,631.3240455429013,0.1115953930487984,1,0.7405829026420148
27.85690057209397,74.01810123393672,5,0.49999999999999994,1,0.31971239050552425,487.7652861061734,0.9205541713797227,1,0.9355643887470406
36.82315235793213,43.34217775799687,9,-1.0,0,1.1081833771781688,497.7369010888091,0.9349117945152088,1,0.9204620101329323
20.85383825381082,30.557285702941428,8,-0.8660254037844384,0,2.835282384704742,191.16939809251807,0.15531302014670634,0,0.27692345116267864
18.532051176854498,56.74194725762625,2,0.8660254037844386,1,9.97722326055819,373.4838385014913,0.033875464406750044,1,0.6717917010093097
20.98594365132371,46.689313611287616,9,-1.0,0,0.30136585685691736,626.554162452898,0.9898413819555688,1,0.6842913465384451
32.32321694161659,57.37789703529034,5,0.49999999999999994,0,0.06842202869078765,382.60652026961895,0.4822515923024244,1,0.7039360119990637
27.630008877277476,62.78329521773793,10,-0.8660254037844386,0,0.17209167645914417,476.0237116727937,0.5720754040354313,1,0.8553082178304034
20.76191836986369,58.2012738646548,6,1.2246467991473532e-16,0,0.16148642287299964,371.20698049013504,0.6159047336665763,1,0.5772763450981413
29.10613946490685,86.78701301706118,3,1.0,0,7.1519014693783785,534.6223377247595,0.7896684627805027,1,0.9394354787477333
25.776620394784324,69.90117146903481,3,1.0,0,3.832404977638651,559.0613832714338,0.8119879690459179,1,0.6550467236901457
32.74915992426311,69.50711539416243,10,-0.8660254037844386,0,3.3912969513065816,563.0711992602775,0.19392522431977388,1,0.8388860412369143
19.38357524898118,74.33310716065102,8,-0.8660254037844384,0,2.218030901571707,329.09585605899485,0.23663674063352658,0,0.46861622614446036
22.378702827217854,47.917503233288464,11,-0.5000000000000004,0,4.56912865941633,516.005316025483,0.876833028946372,1,0.8078911076261773
21.86313477494274,80.58667681130403,10,-0.8660254037844386,0,0.5075574034442605,736.4854641982835,0.8195176047505864,1,0.8889408225494939
13.291880414943051,63.863535701968104,10,-0.8660254037844386,0,1.4924510231163204,612.2733107726992,0.6176193815539553,0,0.42991162398468674
27.368962216516607,75.05720925861819,12,-2.4492935982947064e-16,0,2.02005866439164,513.9996854136633,0.9946991591248497,1,0.8825813260394871
27.088442177439113,48.92214150439767,2,0.8660254037844386,0,0.3509820956641576,210.35384871934394,0.7351839435513237,1,0.5213510157875956
25.040907653139687,41.693618509759034,11,-0.5000000000000004,0,1.6316672836586827,462.5965282835308,0.21583676813024888,1,0.7009981146449588
23.123302932998826,77.26834487037543,12,-2.4492935982947064e-16,1,1.1415936779566789,746.9548370971415,0.8466440643326782,1,0.803441053115233
13.677034063596686,70.64614289146274,12,-2.4492935982947064e-16,0,0.10869185870162995,697.7910254019648,0.41473263637014,1,0.5465172553906291
21.63483741787713,51.46922668463735,2,0.8660254037844386,0,0.4411020995614799,569.2127487179694,0.03615266054128918,0,0.3829456100554379
22.258283867785845,51.95505378087958,5,0.49999999999999994,0,4.332238549503525,392.10043818578174,0.3214212778116706,1,0.506844570833746
18.58178184622705,81.88152176622154,6,1.2246467991473532e-16,0,0.054607727269163645,507.8418473668176,0.7635512340593853,1,0.7337415314425495
23.709714306671927,47.15882160699008,12,-2.4492935982947064e-16,0,8.165837356660953,616.0221250078289,0.9602062071864732,1,0.9026826113935139
28.232406854516306,89.64009429883944,2,0.8660254037844386,0,0.27116820721352364,641.0808790443896,0.27613641630319385,1,0.5834786333997837
40.08948720968424,51.49068898028197,5,0.49999999999999994,0,4.816906863992427,546.8930458468744,0.24651632440971505,1,0.7869537310635006
26.39662250265471,74.57587888412574,7,-0.4999999999999997,0,6.866535980420245,628.2559524076474,0.5636165855983001,1,0.9167087128550232
27.060403125782116,60.07072286376523,10,-0.8660254037844386,0,8.49755558386332,491.19611305057407,0.8116838996624468,1,0.9754127628213177
24.404432673870662,74.04781146623515,10,-0.8660254037844386,0,6.062997723034951,484.5640005364002,0.7465256821609466,1,0.901339445516908
9.649830277607668,56.838289968287114,8,-0.8660254037844384,0,1.0171368002345385,431.1627467341997,0.5599589025628166,0,0.40139445556154213
24.787888996406267,62.558106408915584,12,-2.4492935982947064e-16,1,1.2152876198743363,563.6805248552497,0.6313896816144785,1,0.888278810691762
25.481841679528213,65.61378763093582,7,-0.4999999999999997,0,1.6682310879053897,650.0510408350733,0.242098957326344,1,0.7556919506887897
44.70593689988229,49.96718816327791,8,-0.8660254037844384,0,0.450016262814798,606.2665806103229,0.4325742650033506,1,0.9603180188551438
23.46111228175102,76.11236518130188,12,-2.4492935982947064e-16,0,0.06757269501702992,317.29452779718355,0.2553656265202999,1,0.735645486627788
27.4123787386689,57.30179650292622,9,-1.0,1,6.100460220774375,325.3288527240685,0.8844179748446377,1,0.9435029767378873
24.722305842358054,61.571001269899725,5,0.49999999999999994,0,2.4231749099525954,665.5459825268697,0.11255450736551575,0,0.48233935389452953
15.650575699043744,50.08475938087231,5,0.49999999999999994,1,2.8150181464411914,526.4859220676664,0.6797405578563708,0,0.45765989817993347
34.142582516120164,26.564995118070343,11,-0.5000000000000004,0,7.85141391326122,532.3472227214988,0.26028319716502346,1,0.6492846028642056
31.015464261494195,62.13458356099746,10,-0.8660254037844386,0,3.2819506564726364,528.9671950535037,0.4755774097184664,1,0.8820180269267588
31.328255576344375,101.18923132419374,4,0.8660254037844387,0,3.5218200553341834,762.7459252360346,0.29941278024663276,1,0.9096989892661855
17.72490036164209,76.76906431847036,9,-1.0,0,4.638947800998994,433.0572772766121,0.3232453170594717,1,0.8427059508895746
36.22235448748879,64.71109430398408,5,0.49999999999999994,0,0.3710774042950224,667.4951203514214,0.26039301361102196,1,0.7100271217577675
13.785191497661753,61.05663756187599,2,0.8660254037844386,0,1.33962149738145,535.041053648025,0.7527929211954386,1,0.6389601676671347
29.694856750402163,65.3369883921807,10,-0.8660254037844386,0,10.345614957372376,259.9230531102421,0.3657158571790471,1,0.888962755288149
42.523645006479825,73.20678672762816,8,-0.8660254037844384,1,7.689126577695278,376.27215799810733,0.7263570177140827,1,0.9785483921450602
17.075709398954494,47.28780777036732,7,-0.4999999999999997,0,6.46444321427593,408.94541244560827,0.45606993010401276,1,0.5353983272448808
20.469618163177824,81.71482542003308,8,-0.8660254037844384,1,1.8049245608886357,663.9662021699176,0.5472460421002873,1,0.8757122226452071
25.79721092070113,75.73071973161866,12,-2.4492935982947064e-16,0,5.838782656991541,684.0946710188865,0.5432874757134873,1,0.7883324121567903
20.972194767070405,75.77278588561902,3,1.0,0,0.14881851917159233,553.078077616751,0.9758520793435888,1,0.7888110967532476
12.594692551470938,71.57713608214591,4,0.8660254037844387,1,0.48232872631074697,421.58400804780564,0.3670624557109512,0,0.3464271038516771
25.54850379844822,65.29424986540985,5,0.49999999999999994,0,1.603141106650275,363.3528325924643,0.20768409539759758,0,0.44611754320364133
16.50157029019116,75.09291853950229,6,1.2246467991473532e-16,0,1.981413124944007,670.6371527992401,0.9117919403666022,1,0.8163505288381935
28.788739445081454,73.87721200612067,1,0.49999999999999994,0,0.9175672679576949,307.31713866259133,0.17483928931557324,1,0.6727337677473739
17.644606126129574,59.68938933588464,4,0.8660254037844387,0,1.3223909971929226,484.41645736285756,0.8344228458443447,1,0.5893439962872254
37.39947524014032,56.39597340654649,11,-0.5000000000000004,0,0.5329912275092197,854.6706815480011,0.1502148954669258,1,0.7631898219005339
18.733973661310102,66.5278444289298,12,-2.4492935982947064e-16,0,2.014944048508122,422.031921794352,0.6587243342274063,1,0.6732982379636915
22.423507870354594,88.23530227242782,10,-0.8660254037844386,0,4.737356055465872,309.245265548133,0.15054081326453606,1,0.7404733132488998
31.50813773895736,46.41339386519149,5,0.49999999999999994,1,3.24845653574227,235.1812962052732,0.9230858192394295,1,0.8434472260821858
15.153085468528358,42.9871210137134,7,-0.4999999999999997,0,0.34216880093931723,860.6006634246048,0.5650082826528312,0,0.26060385848479917
26.819679476833034,67.47141261854775,5,0.49999999999999994,1,2.0058414203620054,552.294064918332,0.32927383914008757,1,0.8902128692054757
35.45714203425943,65.76331552784028,1,0.49999999999999994,0,3.5884740859472943,369.63865870978316,0.1403227749635949,1,0.8713042318521543
12.14013412351018,67.60012496555612,11,-0.5000000000000004,0,2.264399507396492,471.6295071277374,0.37119223614599395,0,0.42735357375242844
26.477070868258433,68.6592979686275,7,-0.4999999999999997,0,1.491140942933744,400.5566273360527,0.7050200348688117,1,0.8012080733331767
27.07906235398739,61.65196618047792,8,-0.8660254037844384,0,2.9179041308009195,220.46659395607895,0.38495088392854715,1,0.7804539618018455
31.254582974218483,87.34795157903123,7,-0.4999999999999997,1,10.386538571482971,618.217615018068,0.24609413609544406,1,0.9918461453188963
15.104394312975344,40.98644032285227,11,-0.5000000000000004,0,0.2991557498836959,505.07192335922116,0.5774094482938172,0,0.4070699501453402
14.43634709532579,52.57254462829631,4,0.8660254037844387,0,1.4829679537672757,605.7475668076909,0.4178218528371196,0,0.23307459666164448
29.175532524935182,63.45117859776429,8,-0.8660254037844384,0,1.5656893042506745,500.98257302387657,0.16580623603029232,1,0.7645437499175887
27.37587738586549,40.35216783268749,5,0.49999999999999994,0,2.5809174681156124,519.6867853697826,0.1539879902774568,0,0.260006064673884
27.003942802767014,62.362183933518935,10,-0.8660254037844386,1,0.4952416885076607,164.77664269411326,0.7074619902218547,1,0.8641972564098641
27.771585675975807,89.92205248592028,9,-1.0,1,0.5830962893428824,636.1771628010993,0.9746718955162564,1,0.9331436024385585
19.559802227372074,65.31329732443943,12,-2.4492935982947064e-16,0,1.0079348970764126,336.75353714550965,0.23309407086205636,0,0.2751303631080182
26.85802957728803,68.46051358578025,12,-2.4492935982947064e-16,0,9.361849308539213,375.1874634628299,0.77314860083149,1,0.9714685124574516
27.34457978638945,46.097528522411295,10,-0.8660254037844386,0,3.9740017609588802,420.8191543243976,0.0876067024504652,1,0.6662419910281592
19.285188655789057,55.75457887940784,5,0.49999999999999994,0,3.2514072104538356,191.19746413617725,0.3815759190521817,0,0.38349528606080796
39.926196089158054,59.37205429514094,1,0.49999999999999994,1,5.094113809326952,412.6165238204977,0.506688152808257,1,0.8518027129490201
28.7906633672943,60.23427354865649,12,-2.4492935982947064e-16,0,0.4094408166119844,402.1723832394906,0.2687469452897683,1,0.5947497015849335
15.469572022378811,84.22465692505654,9,-1.0,0,5.8840758071038515,443.3249796600992,0.5295784165142504,1,0.8465536540010603
30.252428869070638,73.36536591087687,12,-2.4492935982947064e-16,0,2.7103657350855777,244.82307241394312,0.8826144276638545,1,0.9219666899268214
17.202546638181428,48.32813064594452,5,0.49999999999999994,1,1.2253893264391067,639.1563325341958,0.9444379623549934,0,0.4790783483066141
31.296676829939617,68.69757167648007,6,1.2246467991473532e-16,0,5.076099531200576,559.708486729336,0.10055695437304946,1,0.7649236195796101
34.26876463205923,72.47332622745178,4,0.8660254037844387,0,4.867030512698889,370.3939706961446,0.2718459339842023,1,0.7458618135340592
18.434541453186316,82.102235577819,6,1.2246467991473532e-16,0,5.606736414744076,412.76803815692745,0.9791339175177249,1,0.8635126440056198
32.70700903395458,88.70811029852561,12,-2.4492935982947064e-16,0,0.36825900939091055,625.7222493159649,0.2704184104022437,1,0.6594957665681688
28.302247415491987,49.77358712258197,8,-0.8660254037844384,0,10.456468703870103,461.3787453319671,0.6927073511434411,1,0.899168423649738
31.57648127995592,52.83713733184493,3,1.0,0,9.628719224049265,313.9196256194395,0.25345369387036465,1,0.8421805874818451
40.17434386123158,46.136332116280755,5,0.49999999999999994,0,1.3270236569204266,487.4612194872687,0.35636559332103823,1,0.5895262831375341
23.036895071977035,61.48970211339528,2,0.8660254037844386,0,0.2044961289763311,336.8235452312655,0.19127898789689746,1,0.503647965267729
18.970110685140085,71.99537561669501,2,0.8660254037844386,0,0.5483654074293158,393.8190238816291,0.8563001936971452,1,0.6880359925252737
17.883884562995814,79.81001774883653,7,-0.4999999999999997,0,14.813894267344144,492.40638514661157,0.882648763819504,1,0.9788509762826645
18.473517720276494,63.86073464536216,10,-0.8660254037844386,0,2.483555107700903,658.2817197358488,0.29691250791543156,1,0.6348969046867791
24.383186324687166,60.202287151177345,10,-0.8660254037844386,0,1.3230676362773894,803.4987116345123,0.82358982417063,1,0.7907254945321239
27.72921579853315,67.2763698837311,11,-0.5000000000000004,0,1.0198862714205914,704.3923432073457,0.35824165003698405,1,0.7736970724806103
27.21352639464015,52.472856475549655,10,-0.8660254037844386,0,0.8911443327672101,489.2215641796403,0.0990194228951583,1,0.7496804777218782
31.61746599228819,96.3430808254216,6,1.2246467991473532e-16,1,3.273296640922257,838.6024701788266,0.7580763972920734,1,0.980829282427208
25.104015135023257,40.885084593229124,4,0.8660254037844387,0,1.6310168074617697,583.7404016552432,0.5964462488988447,0,0.25561831051053674
36.62827261725853,67.77110868343587,5,0.49999999999999994,0,10.092632625140103,353.0467191029402,0.2743824436707504,1,0.8927741748221348
22.882745334096352,95.35409328844459,1,0.49999999999999994,0,3.4545493507946645,514.1824778484286,0.25299974051184704,1,0.6761325271090134
46.76135333271695,65.10199766839996,7,-0.4999999999999997,0,4.7112948069197635,401.46250296861854,0.9756233704823213,1,0.9850030361277032
30.00533878212005,62.14941447497758,8,-0.8660254037844384,0,1.0390773575515635,312.8141110508173,0.8625010408930913,1,0.8247898430539146
18.142739548669738,59.63831865784359,9,-1.0,0,0.24749298543014134,323.8664333812685,0.8097983293737647,1,0.6565044533534494
16.432860015511103,62.29412477356388,8,-0.8660254037844384,0,2.0072540791664557,477.9148732738336,0.12801770864166562,1,0.7160900635341934
28.85977932194548,85.59272712014796,5,0.49999999999999994,0,1.1331772388319463,613.1308985920111,0.7551872742482605,1,0.9057835832826951
23.21229771739319,31.822071330057398,3,1.0,0,0.6772527112955576,660.2304883693852,0.21454022120328653,0,0.3449711705130583
30.712003952736737,88.00150551944489,10,-0.8660254037844386,0,9.150066842972338,313.2923124962929,0.9773889432082408,1,0.9762681188994627
28.78590099658836,43.64064271324783,11,-0.5000000000000004,0,1.7608973631889455,454.5111976368369,0.0520891879622577,0,0.2320135012677327
24.41736869874502,61.00021506148378,9,-1.0,0,0.5760561997695834,572.9886019602585,0.3521384835602436,1,0.6444217824588221
18.22565025545276,58.56133369552008,6,1.2246467991473532e-16,0,0.664374864059635,522.7787893627415,0.4286478407787152,0,0.29089344927600813
12.881222202513083,73.8282990465608,5,0.49999999999999994,0,0.9884709197085415,604.1819550570343,0.8242029115622544,0,0.3016687845319586
21.42788038346383,41.02813472174378,3,1.0,1,21.86383442235755,434.7959442828714,0.7662228180040461,1,0.9760712151956769
31.85119035458778,71.93258999122914,6,1.2246467991473532e-16,0,0.9359714287097761,690.9372852657743,0.3749921449465896,1,0.7006793295239381
26.71274995304163,95.36464434930278,3,1.0,0,1.196072437254166,499.3636967286442,0.5655602934580408,1,0.721670167506206
15.034089770304096,44.55238993110784,10,-0.8660254037844386,0,3.230506551338779,613.658620358181,0.8355951636077303,1,0.5687418696335704
26.385447406809455,67.84559251415594,12,-2.4492935982947064e-16,1,1.0442560060534938,442.8839428089346,0.018199592151052713,1,0.8386109143396729
28.082539037830696,55.070267333050865,6,1.2246467991473532e-16,0,0.7292898300772095,508.7586415307761,0.8021780995244722,1,0.7088718483865153
17.929140510390937,71.38830809289554,4,0.8660254037844387,0,0.5181969148892359,260.5961222857287,0.9468960253420421,1,0.6969397516857068
26.229800847564224,65.28721666123629,2,0.8660254037844386,1,1.12487753799105,374.4867094937044,0.03206452148417116,1,0.5432724667169839
25.465669747568,55.37769636433536,8,-0.8660254037844384,1,0.33586560405690424,468.8804467200618,0.04558098707818259,0,0.4866140137220693
15.856237617355015,72.3180842730661,4,0.8660254037844387,0,0.056467877392894016,515.0092314900547,0.3445140055660201,0,0.23721628491080204
27.862298882786266,92.06522164680115,9,-1.0,0,4.898759870694159,902.1802326772356,0.08776956376767453,1,0.911265435829193
29.486276210945874,62.13644312409052,7,-0.4999999999999997,0,0.4451344175867161,442.7150010760681,0.47927608029388824,1,0.7629126005389858
33.66440994540221,75.79636913222274,12,-2.4492935982947064e-16,0,4.488017650284433,293.5039651998913,0.7287106850897787,1,0.9419175562087999
33.43041641627922,45.60090563193255,2,0.8660254037844386,0,4.791675561643672,755.3727079182385,0.5668992350318177,1,0.7824566881285503
13.978645056343272,50.65345434772987,4,0.8660254037844387,0,2.3160486529031425,661.8256626542648,0.19643190907274033,0,0.318231617299409
17.497399680679017,72.08609416820566,5,0.49999999999999994,0,1.1118085728155842,326.5231694891205,0.6548113000303577,0,0.47012155137356976
29.120282137669278,87.26174042803947,3,1.0,0,0.470076287597575,569.7893104818963,0.6848544791789158,1,0.9049452122908971
29.11028760729767,70.3342002317849,9,-1.0,0,4.004581446463835,625.2809634994275,0.9324459556850146,1,0.9738612548138892
29.120381490448384,60.30412954215269,5,0.49999999999999994,0,2.7592926672548144,524.5737670249574,0.14679689737704904,1,0.5544177837527926
55.821851925237766,64.98937108135031,2,0.8660254037844386,0,3.1965782794087834,548.8732880596764,0.6923361649097234,1,0.9476357991919232
29.567124085545338,46.243883990454236,11,-0.5000000000000004,0,0.026120654988231105,405.16157476113193,0.9114272188531475,1,0.5517916607077898
34.08452512144479,74.0677298953305,3,1.0,1,7.8732103322579885,575.5683998333611,0.5015641533206342,1,0.943592751924406
32.63201410794562,78.23499593485114,9,-1.0,0,0.20576874667804995,426.2968580628207,0.3617996798630564,1,0.895561681395851
30.211130010446382,58.218645007503795,7,-0.4999999999999997,0,1.3709347359044641,103.1908781458958,0.17074949422115826,1,0.6304915043801951
22.477846042877236,57.94936778360748,2,0.8660254037844386,1,1.546065849862762,529.4398958099166,0.8667868864897577,1,0.7344136572288662
31.07175376394614,68.98817344478073,9,-1.0,0,0.004069332157082221,248.60760281785073,0.39424637484059444,1,0.6974501108293678
18.817398283699426,58.44920395939107,4,0.8660254037844387,0,2.0620280340845154,652.024124518659,0.9248824432676923,1,0.6745540267268919
23.10545114607993,64.00801078061266,9,-1.0,1,4.192781818868729,330.376978484715,0.8477582981307762,1,0.8956140714192714
21.117091617367173,96.49582683749773,2,0.8660254037844386,0,5.1993735409888,132.04936866194487,0.3766398517971957,1,0.8216377650692439
25.65499311509058,61.29461448881005,12,-2.4492935982947064e-16,0,6.345753191613522,234.60632587155305,0.5739143089462625,1,0.8371094817955704
43.51726853338807,59.62489771968167,10,-0.8660254037844386,0,2.0066451579398135,493.7785012567122,0.027174036293921455,1,0.7420260655391862
10.061878459266016,55.286872915472614,12,-2.4492935982947064e-16,0,2.9879195613925695,527.9761718360104,0.2632214028671347,0,0.4120799258543549
30.490081522996107,76.16287957249905,4,0.8660254037844387,0,0.2485790831864063,288.1044775534401,0.7102728485692497,1,0.6875033216866699
12.098273030482787,62.28163740172845,5,0.49999999999999994,1,2.008515940589639,339.1417617886579,0.6779109458462668,1,0.5750129413210086
21.22454507368453,55.25940442517861,2,0.8660254037844386,0,0.504601901461983,498.7896668170428,0.35336945954175103,0,0.21712947011430417
33.71160477573893,84.81956048409518,10,-0.8660254037844386,0,1.38440742006454,645.8341636955947,0.8086080319094565,1,0.9316827495593248
25.5142401527637,86.29404506770456,1,0.49999999999999994,0,1.1983237718412436,318.48767288931685,0.2358360518998711,1,0.7358164992677728
16.378041776565553,55.99364651391942,7,-0.4999999999999997,0,1.6525509817545423,556.8762893776842,0.4612705331522716,0,0.37796579782276624
19.277570325920255,37.00190072959076,10,-0.8660254037844386,0,2.543350260575792,239.1964056531283,0.4725306353109008,0,0.3826185750166416
30.436781991477407,80.11270534755383,1,0.49999999999999994,0,6.9953202858470425,547.38331050568,0.3408167688700171,1,0.8917879780185451
19.15706694626291,54.73055261359994,11,-0.5000000000000004,0,1.5050260036690861,613.3688121583915,0.9546661011251673,1,0.6708601433910307
26.7316687166558,76.85938398744153,11,-0.5000000000000004,0,11.910735862053984,578.6309916083759,0.6966840335151013,1,0.9704477747829238
25.36457471923051,35.44844273432247,8,-0.8660254037844384,0,4.269224202658757,649.1596671031546,0.5391993353273016,1,0.6522969593719145
19.787197219153462,78.38896007448963,3,1.0,0,2.149131028369268,639.1613600793264,0.5105150933886485,1,0.6660518180584322
42.1515527146026,46.83242106078828,10,-0.8660254037844386,0,3.09869643731411,777.039772392518,0.15929609247109655,1,0.8295712408191814
30.07135217854409,75.96146178599787,6,1.2246467991473532e-16,0,0.32350462686256887,516.292762858863,0.37218689706809827,1,0.8143057326836336
8.798859306739143,65.21409601754651,7,-0.4999999999999997,0,5.583744065968793,777.4837078545565,0.6727733147291074,1,0.5254356045629699
26.491634518155422,50.690908709050326,10,-0.8660254037844386,0,2.619388103900966,358.3851364870126,0.9245702196867337,1,0.7807372231225536
19.705708281852896,58.894455306098294,1,0.49999999999999994,0,12.820588854219384,469.1987384417788,0.8164640593918385,1,0.9138416932587065
31.819466678369793,75.29477685435052,6,1.2246467991473532e-16,0,3.0353399190880253,482.74952404398994,0.30038980395997117,1,0.7962434515932711
18.659834092538397,66.58841679672851,7,-0.4999999999999997,1,5.389319714990491,343.5823311214757,0.4339566256899333,1,0.7278952347230156
24.082108468264806,73.76619470708727,6,1.2246467991473532e-16,0,4.824756988474746,145.90116991788204,0.08291752071279457,1,0.8615026605430883
29.039898231843658,94.64660876773229,4,0.8660254037844387,0,1.271473018044771,630.3947542717476,0.10217232303558077,1,0.7360111678876938
31.92604155336097,41.53637582433423,1,0.49999999999999994,0,0.9017371471557257,360.50987691460125,0.4702303869987151,1,0.6190310775522065
15.39762874355379,89.25818862452937,11,-0.5000000000000004,0,1.6889556874119571,439.8756489075581,0.5302194068171001,0,0.4795420405574151
22.323990113272412,66.5653390628482,9,-1.0,0,1.8890602833954033,737.6877897156041,0.26402709569691396,1,0.8247656736470099
21.20043751071235,51.51823927515308,4,0.8660254037844387,0,0.8236449054882014,585.8127613209217,0.6427826891859413,1,0.7362505537251888
19.773366139410307,45.04529561391515,7,-0.4999999999999997,0,6.7499173984280265,761.0317182102541,0.7033806855801378,1,0.8403539263847448
39.12363392224877,62.163194138344494,7,-0.4999999999999997,1,2.346249050369696,518.0796551144409,0.2991161316119577,1,0.9588304203881233
28.239853687687646,78.82475167886689,2,0.8660254037844386,1,11.511357814177929,583.3239090946563,0.7584247257075418,1,0.9578455603541551
14.912928365319639,63.08676319433699,1,0.49999999999999994,0,4.982474339592046,463.8992663749625,0.20560491903913336,0,0.48891324906543415
32.34289557643821,87.66732395371021,8,-0.8660254037844384,0,2.4337986256119177,372.6955551835217,0.5442513772755738,1,0.9484694179878714
41.977249576101066,43.23236464922662,8,-0.8660254037844384,0,8.814670858013114,582.7689431202969,0.8042810935621733,1,0.953765719046569
33.25972208440918,64.81866578230918,7,-0.4999999999999997,0,2.1088339487687926,434.6148185254265,0.5370090856825553,1,0.8524621455723557
12.845040272367893,46.214098333803214,8,-0.8660254037844384,0,6.543931480339923,596.6782949365586,0.9079627185210506,1,0.6029297124884044
21.126127417069988,70.45447823937452,3,1.0,0,1.3301775498180688,414.42964730176715,0.05850123287463582,0,0.3488040112908564
35.13528919349298,78.3033108514595,11,-0.5000000000000004,0,1.427545471992813,473.6925120971724,0.5883138454914718,1,0.9399402653682996
19.338644275049752,58.6885730947842,2,0.8660254037844386,0,1.6245281929530384,485.7076242049136,0.5617554525443901,0,0.2515506018357461
28.550555425169826,25.936792150592986,7,-0.4999999999999997,0,2.3731113183718273,661.5447537568489,0.6603533285426847,1,0.7185116168170266
31.197072427434694,67.98422220194742,8,-0.8660254037844384,0,2.4188822629049347,436.3477038161394,0.8334068386803076,1,0.8238344475035221
17.584556227375337,71.55107827600264,1,0.49999999999999994,0,2.0579125067557635,678.0485179388927,0.725853084338395,1,0.6246272541621839
24.5237971515056,71.06442132442547,12,-2.4492935982947064e-16,0,1.0958541640017196,364.27223893990987,0.7902827353728418,1,0.7821553846533531
-0.9301387205525806,83.53673287733231,10,-0.8660254037844386,0,7.860384389383466,540.4786387504411,0.2888167257176215,1,0.6630128183305556
16.804898869325683,48.93419480526427,9,-1.0,0,2.6644665264674687,396.8599058616816,0.3874973785689646,1,0.5216899966706562
22.979454788854717,75.20324158175674,11,-0.5000000000000004,1,1.5714246837171255,667.3618733359565,0.6267769740462303,1,0.7875052008452493
15.017734544281204,82.88761268716962,4,0.8660254037844387,0,3.1595716086443146,377.20047566967196,0.5534614719249352,1,0.619017163144238
38.05929043145308,38.32118623990225,12,-2.4492935982947064e-16,0,4.382623896832865,392.49008842667484,0.9611038749705365,1,0.956534521350738
13.558868976314939,69.79477738878465,4,0.8660254037844387,0,9.711737186468996,311.554634975714,0.18683449993441936,1,0.6033151442899432
21.47964410642413,57.43730253488493,3,1.0,0,2.076737734080714,515.4560921729033,0.3512783724511417,0,0.31731188291855295
26.04592461828873,63.77715990347531,6,1.2246467991473532e-16,0,0.3566834316702041,588.6573057274024,0.5727552332848548,1,0.6234519039564906
36.530186312528926,70.21514725307505,1,0.49999999999999994,0,1.7435608011094244,572.4693775536196,0.867963769936152,1,0.8963284277568481
13.513102790564485,57.691571538296714,6,1.2246467991473532e-16,0,1.955846204690937,478.36430600944175,0.9293485246909917,1,0.5215066935598859
34.30531001723968,54.86437881257582,2,0.8660254037844386,0,6.818906397186624,400.9188302694023,0.33603633082759854,1,0.7648816850780232
25.081864488156697,65.51228626232037,9,-1.0,0,1.5065927005070523,458.19801234381555,0.06710846152635164,1,0.808787813468616
17.147930791616393,48.69131091705796,2,0.8660254037844386,0,9.193592520217024,463.9205715597195,0.4216196979221851,1,0.6325528934867706
28.696827794106166,48.712623066722216,7,-0.4999999999999997,0,1.9915336278294506,537.8915641133,0.3943441432335071,1,0.6725647909402371
26.59247756458776,75.19059924434755,12,-2.4492935982947064e-16,0,10.923755722730936,527.5779215709837,0.9864870679296895,1,0.958910090359071
20.198264982729643,47.76808947262016,1,0.49999999999999994,0,0.024696336536855573,760.9578611876523,0.4310612442907894,0,0.3558256036473252
25.55841667992015,74.99468751363818,12,-2.4492935982947064e-16,0,6.8724253759033145,505.9454097622225,0.30572299930322944,1,0.8778689353807907
21.91749122510592,71.93886939280927,7,-0.4999999999999997,0,8.026187940596408,554.1201452697815,0.365377374534934,1,0.920202670334654
25.908138762009983,39.11289906814105,5,0.49999999999999994,0,9.734191774444874,510.7183709607893,0.39692628062381385,1,0.674041636952843
30.29704539616837,54.83653021496517,8,-0.8660254037844384,0,0.03948835433618918,450.9899660052006,0.821540382196616,1,0.730356758771332
37.68813452916282,82.91164104571058,4,0.8660254037844387,1,0.5651426440168831,553.1111751520918,0.08101489283126417,1,0.8135618972345563
15.097476009385208,50.28251703290478,12,-2.4492935982947064e-16,0,3.181908325643075,436.9009109077373,0.3165070488750267,0,0.29641508095449354
42.06426699725013,58.033936065359185,10,-0.8660254037844386,0,0.07740821273894995,491.2674123068973,0.9663184919070996,1,0.8751586921438933
9.383297603819985,71.93091339877844,7,-0.4999999999999997,0,0.1971664518167176,673.8902807716555,0.15310250479879994,1,0.5192876473841929
23.785719239715334,76.75085763923893,6,1.2246467991473532e-16,0,0.7495364644947158,427.1960857561282,0.74260132153259,1,0.8370210797771822
29.706537651876612,61.22691670933256,5,0.49999999999999994,1,2.1550243346444136,558.1015903629601,0.3563935011982904,1,0.5181165391171485
27.24793494188026,56.03734707962538,4,0.8660254037844387,0,2.368330430412846,127.79763462706046,0.5817855261945254,1,0.6434358432366488
20.01840384143525,86.33554792547761,7,-0.4999999999999997,0,0.10458538428515335,472.19841340146763,0.09954803850888205,1,0.5958774590673775
23.335021997141798,91.08349495696368,12,-2.4492935982947064e-16,0,0.5603164407951431,426.1821905462725,0.30641166735394654,1,0.6906359093078477
21.055992522729337,79.68287076172693,5,0.49999999999999994,0,2.0776761012529974,518.0390651453465,0.5008649416608882,0,0.3762241765773278
20.285081944446308,66.27977213847537,5,0.49999999999999994,0,2.7037676287214296,464.5644835502081,0.2317006581758584,1,0.508045291513868
31.796816776168196,52.8760141753861,1,0.49999999999999994,1,0.4819210142432002,521.2276662611571,0.5418699430531522,1,0.7578674404513145
27.85612388772038,52.54333390165152,2,0.8660254037844386,0,1.5266895168693746,443.2000570958073,0.21975931406271632,0,0.3265224529218681
19.456723237914765,72.83771157898636,5,0.49999999999999994,0,7.042792456096895,557.9502048673768,0.6501005526505539,1,0.8946912160723642
32.196799003466005,71.27597331333025,3,1.0,1,20.435391507858366,242.8036997769666,0.9043543402503142,1,0.9948327377607755
27.458396167012875,86.02397889419645,2,0.8660254037844386,0,13.078320089582254,516.7118444120644,0.08548863735157142,1,0.8670985315123715
31.50289695071168,74.75675138804209,4,0.8660254037844387,0,6.402948193458403,359.4381125275138,0.21661603577608635,1,0.8871373529087407
30.037030735388896,42.45379547360273,4,0.8660254037844387,0,1.5058954218718958,675.1799814911101,0.8444230272603299,1,0.5621712269137269
18.368039912623424,80.77921426584378,4,0.8660254037844387,0,3.4805787699227597,357.0179021180057,0.6315534854419576,1,0.7802822726959024
20.518551678424245,50.02909059028381,4,0.8660254037844387,0,1.616606698083858,649.2831026030068,0.07870891714256523,0,0.15773704132749547
30.978348840986094,59.24043092071473,3,1.0,0,3.136867381970656,498.2701038207902,0.48635011510949533,1,0.7098512959394361
29.88296212346772,68.75300309377542,12,-2.4492935982947064e-16,0,1.1107245408662032,225.68557652670592,0.20975851501133502,1,0.5654745914907359
24.832787248286817,94.93501234675946,7,-0.4999999999999997,0,2.7957535065648074,368.5598976228314,0.19909639407006974,1,0.7898905519631096
25.938619066470256,111.64877834008041,9,-1.0,0,2.225490579693867,627.1701536193979,0.9406453433605237,1,0.9184385730977178
35.221319166307396,74.10084588704274,12,-2.4492935982947064e-16,0,0.07435466791879994,618.6513237274382,0.761541548076109,1,0.7938852826241417
20.26742888931336,62.25205071919418,5,0.49999999999999994,0,4.6920015697026844,305.0973840904377,0.6962305935241437,1,0.5394390561394197
29.3767790493603,73.01758472720826,4,0.8660254037844387,0,0.035907533765479935,734.4283588463878,0.23892881707785862,0,0.42973865979227893
23.382458780528847,78.31483138810754,11,-0.5000000000000004,0,1.0408356191174053,496.3153689485174,0.11857343304095047,1,0.7032374828279335
23.25855037418224,60.189985616642126,2,0.8660254037844386,0,0.017825047019802375,632.7268481301442,0.8708326212853501,0,0.3538745805364912
33.79021481589752,91.92817033868484,2,0.8660254037844386,0,1.415783221299938,318.2237975685274,0.00587956934245093,1,0.8016879653159775
31.603330791904238,68.45106138787104,5,0.49999999999999994,0,0.19572999850222048,431.60764757404036,0.3880964237010196,1,0.7908106985008685
31.50807708800511,72.46614633637091,7,-0.4999999999999997,0,7.343212971774886,562.3856405386782,0.27761250296133355,1,0.8737709160670625
35.44383045723463,74.98886378081693,10,-0.8660254037844386,0,1.611915884293138,453.0254820506554,0.5703762003488236,1,0.9169758901674804
25.16803073306207,71.32379915921683,10,-0.8660254037844386,0,1.845758474538913,61.88134332938688,0.2505084358858347,1,0.7302361517907346
30.45562377035971,77.58410750704418,9,-1.0,0,1.291657609853322,471.38264945107164,0.31120535932830795,1,0.8355400321665523
22.517865947252353,55.741202201796156,7,-0.4999999999999997,0,2.962604287938076,205.29527833616874,0.8500398549931936,0,0.4776044400879912
27.593330819907536,56.62547369080954,5,0.49999999999999994,0,4.603104261924297,339.39611876142123,0.6031888234045187,1,0.6241307215589724
23.958855565058524,48.497686505424575,10,-0.8660254037844386,0,3.1336232218981825,289.56983108817326,0.14568252732936837,1,0.7649886736166167
25.775967719941747,71.59251845930339,10,-0.8660254037844386,1,4.137445283423233,669.8833185624808,0.7264715434958315,1,0.9425227142485177
29.761256203495307,76.6840475526817,10,-0.8660254037844386,0,7.092541081561622,716.9532657415733,0.2074592014798784,1,0.9094204651724026
18.45423453413222,71.86659299227829,6,1.2246467991473532e-16,0,5.975314841518711,551.2345897626215,0.4330049301124801,1,0.5094670073693729
41.739098205483685,90.11738650021306,11,-0.5000000000000004,0,3.363111649852704,465.48969470417086,0.6466072368392933,1,0.9795603883370687
16.951860948002384,64.9160597175643,12,-2.4492935982947064e-16,0,0.7248314212936791,504.2508169225393,0.27192953745748727,0,0.32801961489827763
15.286491097698143,75.03112483388769,3,1.0,0,3.0458716511909847,669.7782252524141,0.3841068146757922,0,0.3258375298779657
34.26488698800054,48.624486857910284,5,0.49999999999999994,0,2.1161639578324127,202.48575600309402,0.7341495973041509,1,0.6410024821940664
31.333301551703485,59.193504462883986,8,-0.8660254037844384,0,3.7892500482913736,338.7347164282769,0.9379109534243434,1,0.9349104244453326
29.99295853641724,75.43306636348666,1,0.49999999999999994,0,5.368056777725191,650.6063604187943,0.529245056959473,1,0.8602358722305733
30.02676407411424,77.73653166114715,12,-2.4492935982947064e-16,0,4.072788336889412,681.84064671469,0.009970971556622743,1,0.8568560417809227
24.902025817224683,60.59049578503726,1,0.49999999999999994,0,5.623359878262333,588.4581950020038,0.3384637512418305,1,0.7977673169219897
17.821965028113347,63.926011222129,7,-0.4999999999999997,0,0.19799114750922,343.25426512223066,0.39863433484553445,0,0.43336464467573443
25.606436465549812,42.231893799787855,5,0.49999999999999994,0,0.09639223872119253,648.4323471610156,0.33917362000224405,0,0.3694892163051021
19.582706307903106,59.64456198790086,5,0.49999999999999994,0,0.8972426490424358,704.2149036918277,0.43626886111556273,0,0.4043323390158014
32.80095786734201,78.35574745279679,1,0.49999999999999994,0,6.927804649451405,607.7375401256286,0.6326662538183997,1,0.863211089568227
23.82354094798289,73.6280752415985,9,-1.0,0,5.206011245294787,125.89855352290448,0.12112802699775316,1,0.7174851800063681
18.396022425659908,72.50998582071814,1,0.49999999999999994,1,3.4439808467851463,518.6892213373965,0.2726305088675055,1,0.658956874960024
22.428913266776053,65.7466053077144,5,0.49999999999999994,1,3.619514696516772,587.7860096437723,0.5076480860176246,1,0.757731649935477
28.303451634204993,65.10594737942264,10,-0.8660254037844386,0,3.8912314182270284,422.65740045166035,0.3155733081799751,1,0.8299676975437756
20.490203577568202,55.09518290789829,9,-1.0,0,8.573274070607834,528.0015386146384,0.9910853381353594,1,0.9038459809552015
18.42223683546855,75.48242630303803,4,0.8660254037844387,0,5.354789276196466,422.9811257965742,0.43143146703748825,1,0.5543291674785852
26.9494976919353,71.31459416584084,8,-0.8660254037844384,0,2.9296384121997265,370.76099061698807,0.8697991535922163,1,0.9634674170615757
26.959732568869782,72.380282719892,6,1.2246467991473532e-16,0,3.287287975485083,726.5886225880158,0.8965098356138644,1,0.8821546011002792
20.944454597030962,57.10947735998629,11,-0.5000000000000004,0,0.7214042572449407,532.26030053784,0.8360069997223499,1,0.6136061632276928
21.23169355505342,32.69985620193133,3,1.0,1,3.2128643504798786,334.1030530749955,0.04689824094516781,0,0.35867881687398706
26.85639949886109,81.45729067630543,4,0.8660254037844387,0,1.6584814640103573,293.5099952691777,0.9477467316133514,1,0.7539282519847763
13.415325268021407,57.81743815987394,2,0.8660254037844386,0,0.49802870504675334,370.8526841987207,0.12874256213317692,0,0.20057570083152118
13.740289804987558,52.058363539353195,1,0.49999999999999994,0,4.925926999409195,371.6639937863544,0.034403627714294505,0,0.35240039035569404
19.252446229980514,75.4021836787099,8,-0.8660254037844384,0,2.1415629011538257,521.9795417032005,0.4143696079065575,1,0.790711617504516
23.292422786305224,59.11981040121306,1,0.49999999999999994,0,11.372742079164848,572.8335083283239,0.19463403275785607,1,0.6677003501677703
27.487260524784038,80.89904576069932,11,-0.5000000000000004,0,0.9925176843298634,572.6730274750926,0.18419652966323619,1,0.9404987052235072
36.80284973559642,74.25508924365046,1,0.49999999999999994,0,1.9656479279260313,387.4832019267813,0.2878196133761506,1,0.8959499327801733
31.861276985616154,75.25353984800716,4,0.8660254037844387,0,1.7825969953302438,638.0946071875273,0.24840560524685484,1,0.8760151948480553
23.72049176029258,44.51066433199199,10,-0.8660254037844386,1,0.3861587550816611,684.176647270468,0.6847954021501531,1,0.7145512598494429
24.847870336778488,83.179159780796,12,-2.4492935982947064e-16,0,1.6659802110972701,461.00549494709844,0.18677730663607006,1,0.746613237290488
16.97976508289753,68.91875796850785,10,-0.8660254037844386,0,1.017151188628945,345.1893804316964,0.5431183051972586,1,0.6640736205818087
24.85189491206088,59.460842911306955,6,1.2246467991473532e-16,0,0.5242049204149364,515.0423771812617,0.9864265461435298,1,0.6815251909357899
22.690730888638893,67.15082701013377,9,-1.0,0,0.994507272818705,824.011437209475,0.43238242095628887,1,0.7984480492696394
27.581748482704715,38.356471506525196,1,0.49999999999999994,0,0.7967900452502821,341.2553648186671,0.6418731087954365,0,0.3905917757909841
18.382152451581415,71.12979217221006,7,-0.4999999999999997,1,3.9736063223034854,421.0755045549755,0.9693716777298736,1,0.9214981364902745
29.15477211392938,49.559427377268925,10,-0.8660254037844386,0,0.09377603946619506,508.61510904464524,0.13763899804136426,1,0.5454652776951505
37.26191130402062,44.70994571234698,11,-0.5000000000000004,1,2.8827877181436117,581.2496036773907,0.4186070092930494,1,0.900832744412396
24.12991881234514,42.16461220673163,5,0.49999999999999994,0,4.289627253111816,202.16300097191083,0.8501924001952541,1,0.792460814784185
28.21369377679153,81.69032562484888,12,-2.4492935982947064e-16,0,1.9659560956535143,695.8831541450261,0.9323056827448798,1,0.8864477119582383
30.5211519336889,55.561049094608165,8,-0.8660254037844384,1,8.045611791559617,693.843792302213,0.6012360579589051,1,0.9664299091986053
21.79023622491331,88.00591564874749,7,-0.4999999999999997,0,3.691778946606088,436.2809538813908,0.14342060254022337,1,0.7511613704486569
26.792739854483333,56.96297805421553,4,0.8660254037844387,0,4.134069799112147,905.9927439998394,0.901471583947655,1,0.6296009360796608
25.10073920625436,39.3896306361058,4,0.8660254037844387,0,0.6579532151385246,684.1558074388689,0.17444656619094256,0,0.4739308558697306
25.781408788390653,48.25213340077011,6,1.2246467991473532e-16,0,4.505729516711696,676.1674899482312,0.35287784833211855,1,0.7277514473983104
18.81592172915627,83.53717430010408,6,1.2246467991473532e-16,0,5.353066091669643,678.1329784671518,0.37550797776226175,1,0.7681239526373244
25.19608139407154,62.66152733094999,9,-1.0,1,1.3448033843671428,673.807408806206,0.44729153987262804,1,0.878916234719686
28.9839863299636,56.77569055264099,12,-2.4492935982947064e-16,0,0.7199654060758915,496.7135767576581,0.7901658159309496,1,0.6387599272207652
36.609148862360335,67.40027338779181,5,0.49999999999999994,0,1.4586462593407434,481.856000730072,0.8021443781024846,1,0.8912167288152445
32.67416660868165,72.52674104251318,8,-0.8660254037844384,1,4.036700916105345,358.46448984197576,0.7196550732781142,1,0.9644405410058751
42.225459660092454,81.76098223853691,5,0.49999999999999994,0,1.6219942761150419,413.3942344655468,0.022128674421581618,1,0.8980727600728408
18.861219496895604,86.7274884483939,2,0.8660254037844386,0,4.002835361202617,453.3653476571721,0.5648451022171516,1,0.8553030596116339
31.978565093765425,59.60347031316371,6,1.2246467991473532e-16,0,0.36164088113824533,509.819007528465,0.7474929558814,1,0.8830618420386034
26.466736045906814,45.10928470876942,9,-1.0,0,4.919872455250356,739.7444071255255,0.4446252400615428,1,0.6336085339241263
42.51842346574138,58.79802258315086,3,1.0,0,0.8759036568975149,184.62577678607823,0.9449360453653964,1,0.7177037982568529
18.533613717158786,68.9042075987433,1,0.49999999999999994,1,0.8587652241509526,701.740141411642,0.823810521880351,1,0.7388611399444951
18.28222526255379,50.54361610684084,1,0.49999999999999994,0,2.6775832039990553,348.2186032210721,0.6381550654868308,0,0.49524491496844997
20.204858836447823,50.642736276574354,3,1.0,0,0.21809289540596039,484.322023483432,0.062425183682513374,0,0.13886073781135067
8.008834205521545,70.15681822324828,10,-0.8660254037844386,0,0.07994908884517779,391.34032153075975,0.6523462475831382,0,0.37586112747693934
20.793959826553913,64.27021472644323,5,0.49999999999999994,0,0.9074884442618206,778.1415364198494,0.9115796012522189,1,0.5464817318496413
18.926938707570415,65.4919549311738,3,1.0,0,2.317009836907207,425.00633435511435,0.3794453868809514,1,0.6104761229645277
26.20315029180966,53.62256997949896,9,-1.0,0,7.145416968482926,578.2171889943817,0.838132525605361,1,0.8855684085230671
27.734047806217276,61.54398928691349,8,-0.8660254037844384,0,5.620897490739829,585.9900017414352,0.313161142862179,1,0.7241306097543505
40.00936671372709,51.136502835975435,3,1.0,0,2.0226610448101026,325.99898748191606,0.5701032915473028,1,0.7667681955197932
32.6033907054884,78.3529761668718,9,-1.0,0,0.11326758004782506,485.48444717923394,0.6484244183707824,1,0.9048742047131667
20.384770754700774,80.52874002085629,6,1.2246467991473532e-16,0,2.2987846094538833,680.6489394660575,0.6779950375588949,1,0.6657441084347608
17.812682629213135,37.307182066428595,7,-0.4999999999999997,0,3.660261842894365,369.01477837355264,0.8825493144643481,1,0.6676383436017133
28.935353372052045,51.05733709711385,4,0.8660254037844387,0,1.2427511540284313,624.3448414221903,0.23462226700628208,1,0.6106664795311763
14.438134343834863,42.55206117364881,4,0.8660254037844387,0,0.35318775988362644,450.3380043048608,0.2623695852889747,0,0.140485187898464
39.65167012683483,55.249640983896526,12,-2.4492935982947064e-16,0,0.9795512653228748,674.5481034554905,0.7040409933107368,1,0.7444922272863743
34.435520965770294,63.748430453144586,2,0.8660254037844386,0,4.429824143608624,762.1245412833784,0.1771938124840381,1,0.7260186180622716
21.24659478316236,43.255321704522046,5,0.49999999999999994,0,1.298095012408528,198.8240150503326,0.4642704049639603,0,0.41339760204185627
11.29492376727298,51.1721028031203,8,-0.8660254037844384,0,5.013644601597092,299.27973648365287,0.02003438407721514,0,0.19292780449545796
35.8309789933233,49.94063941877752,7,-0.4999999999999997,0,1.1548769429522396,434.2235579405357,0.1409793369901141,1,0.7681443559713889
24.083681237979057,68.10900994098417,7,-0.4999999999999997,0,0.5357836703742747,719.8136631266422,0.6788463850288614,1,0.7165574941237496
34.902530495787694,66.04016505554375,6,1.2246467991473532e-16,0,1.7172965925344092,579.8699082001915,0.747461603481754,1,0.8754264168031153
12.244578729645063,54.1739366999412,3,1.0,0,1.805943157134262,313.287260154328,0.11531903323787684,0,0.1637272611606022
20.204999816369817,67.65231308209097,5,0.49999999999999994,0,0.048718098535425206,601.8380488163745,0.227709550411197,0,0.3317698061178007
25.041949597745464,56.79979873119102,1,0.49999999999999994,1,0.3734433739456275,362.93979010973186,0.0989044465370511,1,0.5191296463980589
25.375844750117935,60.9251733451092,7,-0.4999999999999997,1,0.6134291860474518,630.5797901323034,0.4334128439251168,1,0.7242161398683237
21.39947622816605,90.10178135447805,9,-1.0,0,0.36171796524016075,580.8447496030985,0.12611607074463327,1,0.719466744902322
29.98279945877999,85.10691577685522,1,0.49999999999999994,0,1.2534910703788524,362.28322783627516,0.43729601716689004,1,0.7259959014981696
16.459036564939247,45.506281446086035,2,0.8660254037844386,0,10.025067918767311,490.10683497171584,0.7320982558011316,1,0.7108599485406615
23.860964119829653,77.44598626818762,3,1.0,0,2.13529346643487,683.7025642383883,0.6833886331434175,1,0.8162307748553912
25.96236505369519,77.17094831737388,3,1.0,0,2.963005956379281,216.19440392551212,0.2804604868518452,1,0.55884660350343
29.11551067246999,47.776050668710724,8,-0.8660254037844384,0,1.3219705648595799,545.1663210678073,0.6737625492469325,1,0.7584019625596318
30.692919024711117,77.2816646563229,7,-0.4999999999999997,0,1.1724142225123084,333.96510171745365,0.9277121308995769,1,0.8538850804328243
16.002863265297044,88.06897877618829,6,1.2246467991473532e-16,0,0.07025659609137429,497.5718586126786,0.3475243870849155,1,0.6327152445281506
12.727086634115022,48.16182790633379,10,-0.8660254037844386,1,2.0814441439899367,568.664335528592,0.3291191536976066,1,0.553621895635336
35.22141457518807,51.237457684786044,10,-0.8660254037844386,0,1.9826731847590757,801.9753460892512,0.5714386514820174,1,0.8147983830954811
27.658512095836734,80.26492200265254,11,-0.5000000000000004,0,0.515322741466676,496.05533287429694,0.24550181102747182,1,0.768730138122437
19.01210770754757,69.07242966238472,4,0.8660254037844387,0,4.335891898363684,719.8288488832889,0.651578927980252,1,0.7359541590965413
37.409215804180185,73.27214412859286,9,-1.0,0,2.0358064052416776,373.9252719876491,0.832261770672481,1,0.8994656033383157
25.925397074342868,70.10883824600745,1,0.49999999999999994,0,1.241976950624678,425.74699055247845,0.45931850509863204,1,0.5047158700104032
34.43437747251061,70.86043881392216,11,-0.5000000000000004,0,0.4766668447164,588.0587893773024,0.6795073249283824,1,0.9095694727292611
25.54014785128087,45.102918075333754,2,0.8660254037844386,0,2.4099632993808866,530.2641572610443,0.6518854238829953,1,0.5335202945486526
41.4859833990559,80.70976559932173,4,0.8660254037844387,0,4.192879294603317,450.73716772590467,0.038665561847589514,1,0.8751635340618944
39.042726739545635,82.54384988641661,3,1.0,0,0.9938544251440651,446.67283314684715,0.1834162951757764,1,0.8743965530279104
23.008286812167412,61.559138838979585,1,0.49999999999999994,1,0.7407505486836274,699.994183387775,0.8935300018181299,1,0.813513349872068
32.77256760763484,64.34784575279207,5,0.49999999999999994,0,2.2140254919104514,456.733674345864,0.9388921473650194,1,0.9320470162217979
30.16300759668118,42.03338746166417,7,-0.4999999999999997,0,0.5064750280105779,346.8726018925854,0.7804396399111774,1,0.7996341482048903
35.94905246025879,72.71382134026753,2,0.8660254037844386,0,3.295357383672153,371.76865636134187,0.9212481483276946,1,0.9232247425872872
17.280612315359164,73.58086162571216,5,0.49999999999999994,0,2.789219510593947,600.4851703522424,0.3061486509185748,1,0.5246439634934071
30.488411679987514,64.06713474501034,6,1.2246467991473532e-16,0,0.27332781162964603,838.478367681868,0.247710971779047,1,0.6518673847345421
33.4673958947967,81.86530039805754,11,-0.5000000000000004,0,0.11161182827750145,421.4025975053024,0.38430018756052,1,0.8652541227602211
10.930084108615086,59.98884153530089,7,-0.4999999999999997,0,2.9050317809650985,822.2938288035144,0.05534199855045285,0,0.3864467598703184
15.5339318986738,73.469088888404,1,0.49999999999999994,0,1.045668715657551,498.37388486602634,0.8098716190413278,0,0.43097310289630475
8.686142577919195,49.705034919618264,7,-0.4999999999999997,0,0.27123756428374735,458.0281655030547,0.9841754851150772,0,0.44757729128129775
22.844745324443537,64.64671773688643,4,0.8660254037844387,0,4.2742163648403295,363.4584392552372,0.8240292924366098,1,0.6989436811093312
30.740338046367697,62.384686131457464,8,-0.8660254037844384,1,1.1308253929625314,470.2979299626275,0.5549753348525481,1,0.9070301081700569
37.01885641676822,68.37961883061412,4,0.8660254037844387,0,1.8463345185314215,386.5789039771942,0.2952819704829498,1,0.715517693130719
25.5927582433582,59.45709606749962,6,1.2246467991473532e-16,0,0.8107562924374837,374.5428763983974,0.1976978885435806,0,0.46512470394646044
38.02892436457034,63.027911064924986,9,-1.0,0,2.9610818906536673,252.19245985915063,0.36406287179665997,1,0.9190527767846634
13.959188334280869,77.3907075716226,5,0.49999999999999994,1,1.0764105461685654,764.9175026974419,0.6669695295482063,1,0.7086665318862064
11.372940485158763,58.44853644142674,12,-2.4492935982947064e-16,0,10.328023887531478,659.6578912300968,0.4470615555408236,1,0.609926133760819
24.55561840882705,40.90134348891981,4,0.8660254037844387,0,3.6415396553658166,540.7400551433742,0.9340598200844861,1,0.7474736397403473
28.072523591514457,91.24375856308131,8,-0.8660254037844384,0,0.4410564834571627,478.39760574738784,0.8542203429657325,1,0.9594383467940013
24.738442015247255,85.72181118035729,9,-1.0,0,1.6171343954462714,499.16295533498044,0.10240061596289896,1,0.6513588350076127
8.460463199680987,45.616059573415725,4,0.8660254037844387,0,1.4604538821238018,383.4636606661442,0.13152522388570997,0,0.08322540519977331
24.287039683897692,75.34561707867792,3,1.0,0,2.292300198062315,329.9222750023152,0.6762391853001108,1,0.7143830042426977
14.564243995961174,57.455378441729856,8,-0.8660254037844384,1,5.534164719202627,607.6121169846363,0.23076838998035432,1,0.7529198538822561
30.35738039064031,68.9523082299659,5,0.49999999999999994,0,2.62704478933798,460.66659573616107,0.7910298770117512,1,0.9344179771868837
27.932785968774787,69.4133619352024,2,0.8660254037844386,1,0.19059844940426834,548.8603569543336,0.5913581423263531,1,0.7672196287682692
17.48096170938116,61.48388299525517,10,-0.8660254037844386,0,3.196249520152737,250.63415545652197,0.22983052773335,1,0.5921924736857644
20.889064661306453,53.24351501620406,9,-1.0,0,0.02489893473137062,452.6856797037995,0.4786867974805912,0,0.44462112247150093
16.52629182488839,54.64188421525611,3,1.0,1,4.541844071885851,326.99602933438297,0.40607629236703335,0,0.34011794417494423
24.498567221814625,51.257121267781365,12,-2.4492935982947064e-16,0,3.2955615303408488,572.6083628517404,0.8731593591894047,1,0.725694833375153
32.64113856400991,52.522666876543326,2,0.8660254037844386,0,1.1079159383890729,649.2916778865779,0.03216247497705027,1,0.7285806621895989
17.11419162931565,63.99232564925967,1,0.49999999999999994,0,1.0378061935510507,718.9549083820729,0.8958438904667899,1,0.5408349292890242
29.032372124142753,54.26360016333872,8,-0.8660254037844384,0,4.802519891065604,405.65304005812123,0.6520826828797434,1,0.8175777366543371
20.757939053020472,75.2307809856893,11,-0.5000000000000004,0,4.588232118213795,330.81513619514465,0.7375381875483787,1,0.8772749421946555
18.657017341901245,87.30869233003891,3,1.0,0,1.3029938633406077,437.2109588041598,0.0026074633926337354,0,0.2328331106690381
24.14375712036354,56.29920137944936,7,-0.4999999999999997,0,1.065518481243128,395.10306169794313,0.6282394340372324,1,0.6950501835620916
16.718061420645007,68.59106750803066,1,0.49999999999999994,0,2.461747272745985,564.6850064219656,0.588486163711026,1,0.6531266918298582
20.570805557222542,72.495276654544,1,0.49999999999999994,0,0.025202545515574548,289.58265618111466,0.5372055563862999,0,0.43663507837478194
15.416976859289212,72.08003406378911,12,-2.4492935982947064e-16,0,0.25885432013680665,236.840740657889,0.785866856705885,1,0.7430844812779244
40.717801063331116,66.13932901874131,9,-1.0,0,0.4046068836791972,448.03275539639384,0.5558710963965052,1,0.9426315821232072
25.28210841577383,76.14023627539584,12,-2.4492935982947064e-16,0,0.6152177741842701,608.9759096599136,0.8570971895598576,1,0.8925000006556029
19.402195936059314,72.23373429020985,8,-0.8660254037844384,0,2.1524310559369706,345.88149633640705,0.23263148640963838,1,0.5165106293418987
26.711839285873776,46.43506366509053,12,-2.4492935982947064e-16,0,14.577059207073741,627.3669943409614,0.8059825889716998,1,0.9304347633112842
24.10137560247336,78.03734096583909,3,1.0,0,3.1719510096001953,554.80066010404,0.17931277282480573,1,0.7152990834777843
23.232243203734217,78.30936255900113,6,1.2246467991473532e-16,1,0.18977416608918576,732.019338010906,0.8131177919689799,1,0.7237497372383227
29.9133336003474,53.550708437321276,11,-0.5000000000000004,0,2.2369828628921677,379.66180003443657,0.9404635188285677,1,0.8990966525721855
31.06006168037844,65.56906753171403,3,1.0,0,2.0593800430738716,259.02921998047066,0.3356941423103841,1,0.6396149916061293
20.75599081911578,75.24993489216604,12,-2.4492935982947064e-16,0,0.4670429057293146,589.7812640322663,0.5298863139801888,1,0.7490800234441384
20.39345407484256,61.86029270630958,4,0.8660254037844387,0,7.587417189634378,541.981180676714,0.6583290229231477,1,0.7485915954751414
22.79958642278685,81.09467071649019,1,0.49999999999999994,0,1.7435578304708281,530.3747010791778,0.07947166585449461,1,0.7444295125091748
6.584630682115321,100.45808741929042,5,0.49999999999999994,0,15.641454763321246,342.82584436185766,0.49408071820412025,1,0.8297240972430772
12.878471502411582,53.210209510475266,1,0.49999999999999994,0,1.63455549059173,616.2725910988496,0.36058497658824673,0,0.31410536115537085
35.934994139556196,44.28433095269338,1,0.49999999999999994,1,2.809156631085839,404.9861289387393,0.8724556312513081,1,0.7623971574185021
38.15974170801027,69.55727893407314,10,-0.8660254037844386,0,0.3319988204952587,530.3090718014948,0.8766795187083262,1,0.9470545621615557
23.007711683548973,75.82343757689215,11,-0.5000000000000004,0,1.8166609501014983,431.0647832373587,0.7007795395472368,1,0.8378971854460804
29.61245570444613,61.53700439232846,11,-0.5000000000000004,0,0.8184430169968481,553.1572385426504,0.6557244745924983,1,0.7742036784919496
27.490001236348288,86.79890994981551,7,-0.4999999999999997,1,5.415716096003035,320.7304323027515,0.7336884592758568,1,0.9455277763170966
49.6310464676419,44.92091300415127,12,-2.4492935982947064e-16,0,4.596313944904919,574.951746086899,0.36598690100280706,1,0.9075482191241678
33.956599291476614,75.39377934547417,6,1.2246467991473532e-16,0,5.214883597284841,598.6383889285914,0.40451924675062545,1,0.9084473980303464
23.976659268153867,55.9120876886166,2,0.8660254037844386,0,3.857820998882537,517.3967237424046,0.5537047228887053,1,0.6336006196035912
17.355676475196596,90.79066859310944,11,-0.5000000000000004,0,5.363599196371652,746.584508780254,0.9380281273644674,1,0.9629775565175316
12.14842943793942,94.88773029752177,12,-2.4492935982947064e-16,0,0.6725400779616164,531.074048121857,0.7239998741195626,1,0.7729238953185533
26.627709086937784,53.500151183249784,2,0.8660254037844386,0,1.8046796384842523,637.8130640055003,0.5509892444962233,0,0.48516665130928444
18.949194037725572,56.7566429613713,11,-0.5000000000000004,0,3.5314754295319437,513.8625196698571,0.7704130148967145,1,0.7707479880305079
13.621970323218607,77.89381830469702,7,-0.4999999999999997,0,3.04330287369465,624.4098296007082,0.37089031223842506,1,0.7347379149677772
19.827416926059787,59.19304025315728,1,0.49999999999999994,0,3.780089998738271,270.00435265078636,0.7304667011443706,1,0.5566493850927029
16.347615971084842,64.31883173101643,2,0.8660254037844386,0,0.7618073466703656,504.94171960626295,0.41067624828270033,0,0.4409079872438624
38.49713308058052,65.38082630813615,12,-2.4492935982947064e-16,0,0.31086844249122936,330.95969558024575,0.2796614070149861,1,0.6637503864707868
32.053118055595604,36.204902657035156,8,-0.8660254037844384,0,7.459760993038212,521.0640793417678,0.6097240475222925,1,0.8303126743454599
24.936218869467062,64.79243380858644,6,1.2246467991473532e-16,0,2.464113900437741,557.6289065015109,0.6868775596501845,1,0.6035850267102999
36.83955311112021,54.654083389037396,2,0.8660254037844386,0,0.501090532645833,621.1246419568781,0.4592935611795642,1,0.6625237758402901
25.618946461180947,57.60315766400342,7,-0.4999999999999997,0,4.731443412675654,573.4864889608372,0.5655007313555015,1,0.7647868592964993
18.10972638937389,86.65448005203221,4,0.8660254037844387,0,7.39284026121071,449.4720552834289,0.6940660748559568,1,0.7955527626302343
37.18499261815726,46.152396585811154,2,0.8660254037844386,0,0.557411505536839,386.96067674587846,0.7677100515575095,1,0.7923189227090508
29.31128034947727,77.19807780121965,12,-2.4492935982947064e-16,0,5.101576571465795,148.6214750387506,0.8955714790830762,1,0.9273082566870355
16.70203076538835,60.81555604502287,6,1.2246467991473532e-16,0,8.119282314843689,510.3278866775828,0.35454420626432814,1,0.7692597528004819
23.477290575331136,60.80359747256249,11,-0.5000000000000004,0,8.359410692520798,670.6792571463551,0.9514772528525935,1,0.9593458456428944
17.995053972921944,76.85557844077567,9,-1.0,0,7.365686883769328,516.2590199972292,0.6372798101230875,1,0.959386497820579
13.937602152285312,70.10076941853336,11,-0.5000000000000004,1,2.37175755356029,487.2872463157683,0.7877018826989478,1,0.7683708847670901
32.40942038025313,73.55919495829296,9,-1.0,0,1.3211542173203328,521.4585932824116,0.6997690434814383,1,0.9311697411677531
40.275333123761044,79.52276990799291,8,-0.8660254037844384,1,0.021898150476191272,441.8435900085355,0.20557172534840662,1,0.9378077010157161
13.81145940944687,60.030374252250155,3,1.0,0,0.1885389870966157,529.2451828760832,0.07143838300882832,0,0.2742699239207897
29.503753893524568,55.81644898238375,3,1.0,0,1.6802525231449907,439.2554508031113,0.7262864640181202,1,0.7442583515491198
19.794859447025384,48.72274210163303,2,0.8660254037844386,0,1.5291094938346537,365.16779014676285,0.5110526677945765,0,0.29413575270470566
21.10299692988243,52.61884205031567,5,0.49999999999999994,0,0.6126485884071453,488.7052108037127,0.7022133684083246,0,0.42425579102377003
20.26084860608905,109.23641637963088,12,-2.4492935982947064e-16,0,1.5099617119509743,485.43455890779984,0.47684280391545975,1,0.9160376652010999
18.08807384256147,83.67019371105181,4,0.8660254037844387,0,0.5758434584843558,781.2755130689432,0.312234520416504,0,0.42815367782802827
25.388173023558615,44.733884506879676,7,-0.4999999999999997,0,5.667281894695293,379.1465010496833,0.28501790925956827,1,0.6811988007584127
18.352399068711698,45.16313064884645,4,0.8660254037844387,0,1.0622985519203727,476.0837443972996,0.7305321308699942,0,0.44116801810751743
27.163654606238712,72.22799092577738,9,-1.0,0,2.738124098422586,461.50020104577186,0.2767800814657747,1,0.8175743267564489
24.598095124406903,73.2089719606695,12,-2.4492935982947064e-16,0,2.0965485963149386,432.84757511293384,0.7146768709254209,1,0.8912132209250203
23.088415625068723,73.23325752976046,12,-2.4492935982947064e-16,0,0.1598291812180887,576.9657858659976,0.3839601263173785,1,0.7398810699821867
17.739490703667215,61.175663096694535,2,0.8660254037844386,0,8.554050167212555,835.6944526736327,0.7708984043188025,1,0.642795309518322
20.38582935545334,63.118186099956496,11,-0.5000000000000004,0,2.2474132798141717,451.8759204994086,0.1428099257826696,0,0.49753565210157835
31.043129806606046,69.91819286239036,6,1.2246467991473532e-16,0,1.1793839681210865,577.3841737429308,0.20497994320434554,1,0.7854409803519482
29.007337500995046,66.28839509439996,7,-0.4999999999999997,0,0.5163767888049766,213.1442013579183,0.6859116057201635,1,0.8074891877132591
17.179558041611593,31.71049440878697,4,0.8660254037844387,1,1.2398566811251999,440.9705705023953,0.5602311201982626,0,0.15195401982755877
25.794658443433807,61.553005541372094,6,1.2246467991473532e-16,0,0.0621746625938927,733.28617094183,0.2038783426215992,0,0.42035935439537947
31.011096986974312,52.2289034860953,7,-0.4999999999999997,0,1.3555866976682975,491.75294098280284,0.9028270117268217,1,0.8457348384648152
11.644757751029026,67.62817128362768,4,0.8660254037844387,0,2.274567419952753,575.3510022513938,0.2759441474126463,0,0.4121718043743633
29.34688153903948,109.77888503905115,8,-0.8660254037844384,0,6.164041819073154,406.58732958062166,0.4210713981936338,1,0.9812281251598018
19.699009928433227,70.51222498211456,9,-1.0,0,3.4882470814922693,538.6335787784698,0.20228794187253796,1,0.8742080032318811
29.564789348745276,60.297054707414034,1,0.49999999999999994,0,0.35493983545549534,744.9164370179122,0.3880276183415142,1,0.5242904573306624
18.893926747659865,78.82702252965878,7,-0.4999999999999997,0,0.4796131655968747,325.98755565963467,0.4916467501114742,1,0.6145374432485884
10.560943194683848,72.24031830813819,9,-1.0,1,1.6764959666050085,827.9813757763684,0.2952470545129191,1,0.6468432057140007
11.979660496934699,71.30141735677762,12,-2.4492935982947064e-16,0,0.6533777485924779,268.10837271589367,0.7690936731964834,0,0.32746954010716633
25.384679573291056,74.10275889823507,10,-0.8660254037844386,0,0.08473480995393037,427.17472347717376,0.3939329786462471,1,0.7632827262919412
27.077780013771854,95.84815347244312,5,0.49999999999999994,1,4.904496094883437,374.6124222830622,0.7295099999587671,1,0.942945470874941
17.76546699916473,48.03667347011127,12,-2.4492935982947064e-16,0,0.059146959571472715,459.1308527349135,0.20707217539024336,0,0.38120308885015164
30.10873967021899,72.10448115217181,2,0.8660254037844386,0,5.328064779046827,372.6645687013888,0.3770354967931787,1,0.8666009413358844
11.707839501848321,51.10428305027692,10,-0.8660254037844386,0,0.4668190870728568,361.29205047605774,0.00805828889553517,0,0.3017660741339703
24.471361610821468,73.33268969513372,6,1.2246467991473532e-16,0,11.028293758031563,321.9880091732569,0.7586375839137117,1,0.9384128051320594
15.311870401900347,51.21970232770858,12,-2.4492935982947064e-16,0,2.778068141784862,596.6080442834331,0.6258866443304841,1,0.5278019483981389
19.785311137582728,58.73949779592373,12,-2.4492935982947064e-16,0,3.9838835911799313,464.3063006089129,0.8178233249204562,1,0.6289153391740421
25.37918937053131,60.57365128643141,7,-0.4999999999999997,0,0.3512320984912505,425.07343704507383,0.45561078810271327,1,0.6582766977385508
18.11669307772838,79.63725079017064,2,0.8660254037844386,1,5.943768101366144,542.3385365873241,0.7997406437128391,1,0.8538444121007747
21.923555646161397,78.7768166591362,2,0.8660254037844386,0,5.4826389132387705,275.80467333641604,0.6475825442709784,1,0.776628972510963
33.050342473715524,46.31423935330423,10,-0.8660254037844386,1,3.175228658066997,545.955881594952,0.0036129325342386664,1,0.7960154132549893
20.38486504381481,65.82401166499773,12,-2.4492935982947064e-16,1,2.093121873807824,485.9345898468131,0.25369429508851193,1,0.6018732360566036
31.685536896521135,54.35630217876241,10,-0.8660254037844386,0,3.834895034163438,490.54432549561585,0.493891352206248,1,0.7779305862906787
15.962345162739055,46.12242633986998,1,0.49999999999999994,0,0.017837570886622807,577.8750126360418,0.6186873497119713,0,0.2795319908988901
29.238433423322263,61.74474424363444,4,0.8660254037844387,0,2.692706914030254,746.5286013190238,0.06559086466463715,1,0.6313922438180105
36.5325489652632,60.3727581731627,7,-0.4999999999999997,0,5.639926090865069,548.4462112932288,0.7050799281837917,1,0.8590193752916975
5.2268439989816855,101.40074729518284,9,-1.0,0,1.3243646112050258,470.0188238292826,0.5435360976472599,1,0.6370139430213755
18.624837956236185,71.49439738041045,3,1.0,1,0.3438407691122398,322.6033418636098,0.5257793068182857,1,0.7944365324562562
29.61657701744432,44.33573748868644,12,-2.4492935982947064e-16,0,1.638722459943145,141.37731115493352,0.2920455580979151,1,0.5496292780510487
23.37563691165606,56.52838993743587,11,-0.5000000000000004,0,3.8959984628703,519.1826250744293,0.5948230994905769,1,0.766699034910897
27.96916698697047,80.32074943144097,7,-0.4999999999999997,0,0.34051816995457,311.05499897286995,0.027492889631774653,1,0.8699582242671408
20.168118506273437,96.32664159304888,7,-0.4999999999999997,0,0.6921989356907592,118.96048186217809,0.06470033050398849,1,0.7492162416522966
25.6927182997832,41.210250316430624,7,-0.4999999999999997,0,0.478928667204862,447.3694365351114,0.7338700872128415,1,0.6604595154132182
23.754582116863364,36.80113422291433,2,0.8660254037844386,0,4.782875914061373,535.9222603642817,0.3218913425339639,0,0.3143232385874056
34.342256493278455,93.06447763057673,6,1.2246467991473532e-16,0,0.19487221842089375,611.6455724803911,0.3469670756244838,1,0.8948546726562371
27.035366746409704,70.84421266056356,2,0.8660254037844386,0,3.4806956423794,659.1876070406784,0.20838520325645182,1,0.6501983215532617
27.700821296601617,51.9756090218545,6,1.2246467991473532e-16,0,1.3692818386945351,631.3568245392573,0.44562069209993216,1,0.7266968586562003
21.704984271020262,73.01943629183653,10,-0.8660254037844386,0,4.229195572583864,635.3862544406101,0.051993431411300306,1,0.8449365788849146
21.099150207420053,25.463783914746834,3,1.0,0,10.004831955196323,279.7894981117021,0.30036322357111367,0,0.45714593624291594
21.539534497443032,65.05063259895742,2,0.8660254037844386,0,0.364961940416828,477.5606543889863,0.5271239217776975,1,0.5299665450670842
28.155617139026376,69.91731759264628,12,-2.4492935982947064e-16,0,1.1323172795705347,586.9753349891919,0.465631921559137,1,0.533359772323436
21.632124153437896,78.86405209306744,6,1.2246467991473532e-16,0,4.984174712107836,506.9561922717951,0.9996696431230337,1,0.7162418012949398
27.318198855171303,49.791560715611936,2,0.8660254037844386,0,0.9283861753901419,476.7276085126249,0.38876465211691,1,0.5983420276774277
41.60320638916351,66.28530742105039,5,0.49999999999999994,1,0.7266755994353369,504.2135029868463,0.3869990592543089,1,0.7094609545358284
31.96899762745354,51.11863060910619,2,0.8660254037844386,0,5.235394543459632,536.8300997313726,0.5035817774144603,1,0.7705362214629969
22.39181174265727,68.83075633511476,3,1.0,0,13.047485309902584,488.4659441846509,0.19030311027122981,1,0.8107554803277225
34.609711377311555,51.56980516455464,3,1.0,1,2.4417479911796023,373.05809638863997,0.8763044229591579,1,0.9128845285490435
21.735397015827587,58.87848741259669,6,1.2246467991473532e-16,0,0.9773929825080421,244.5763839293564,0.5722677888644485,1,0.5795506509566084
8.69500371857717,50.062769078146566,6,1.2246467991473532e-16,0,1.5253152342785385,469.39592577931364,0.19210763919942242,0,0.3912494250406368
16.935309512660766,74.76704362735485,10,-0.8660254037844386,1,0.5594598343940393,508.62241314579114,0.7934415913721323,1,0.8122883599791532
10.033664631793155,77.87676674984998,3,1.0,0,4.305033297978705,506.98693722139126,0.03433217114285325,0,0.4748024197801267
22.18789212766953,61.480691450638794,3,1.0,0,4.454686887115987,642.9381595373317,0.9825642005854273,1,0.5541898114401484
25.147347033516414,65.57356992440043,12,-2.4492935982947064e-16,1,6.241229848485936,669.590945153439,0.8651493347713713,1,0.7862284895413765
38.41149849820226,43.27112878049684,1,0.49999999999999994,0,0.08088844571385079,484.39657943461356,0.5796394555340199,1,0.6930991383729955
27.6154189901133,60.50485027989819,7,-0.4999999999999997,0,2.476481311459417,485.47027452547866,0.11129566275706648,1,0.5197666513111759
23.247195769529085,64.24693074437383,8,-0.8660254037844384,0,0.7233705583523625,585.9692899355975,0.21527277328967143,1,0.6357733860036665
31.635244649467914,104.31189636544963,2,0.8660254037844386,0,1.2505627260393566,563.9822569276963,0.27943517031356313,1,0.8239689695775837
7.310917527936919,48.320494613387545,4,0.8660254037844387,0,4.6107324948975466,433.61626972979985,0.241031737903611,0,0.2469204099786816
26.884916464868528,86.96265858128656,10,-0.8660254037844386,0,0.6397046108718946,598.8520754208164,0.49752001045344574,1,0.7946977380421938
31.166921551095733,79.95288160198712,7,-0.4999999999999997,1,3.051166726327858,478.0438386575777,0.9445603702671478,1,0.9690940998871246
13.171310033761268,69.20954606735205,8,-0.8660254037844384,1,3.188862705281825,481.23338919496587,0.4441725847678105,1,0.8185144571211305
34.15003234565543,91.379307262927,1,0.49999999999999994,1,9.243472793304079,565.0420692632961,0.6615645681734055,1,0.9781385754691186
27.707971259955315,70.58158208910294,4,0.8660254037844387,0,4.477111111766292,454.8250070385115,0.6885832059788232,1,0.8372700408921746
21.67769668879359,70.83738793501894,6,1.2246467991473532e-16,0,4.883342568212552,514.2008761235005,0.8715807252544827,1,0.7592279042619205
30.06225492885028,64.20319020473681,3,1.0,1,2.2753027390760594,544.6316459662323,0.033821287571519254,1,0.627528684227754
43.16554286243517,83.35353323627942,5,0.49999999999999994,1,0.620263787658473,622.5767839199316,0.4043300593475422,1,0.8919725359559761
26.45493004046796,81.44703850716326,10,-0.8660254037844386,0,1.66309645480916,612.2210870412913,0.7847351140860993,1,0.9662144016793573
26.98576469040269,55.614840687556814,9,-1.0,0,2.3921221738310345,540.0566715152495,0.8148670149654462,1,0.9070690707614716
21.325112803678046,45.211292081018485,11,-0.5000000000000004,0,3.403519817289078,108.68468983397162,0.9273326151740112,1,0.8539264166122469
18.201245044281666,61.955290439065145,3,1.0,0,2.8072549581901356,536.5026229581804,0.7027943598180023,1,0.6651699010538661
31.642686532353963,52.99942153403531,5,0.49999999999999994,0,1.5025161229107877,559.6828893418866,0.2451539461047435,1,0.5148406650923252
18.15132939272906,64.04713138076967,8,-0.8660254037844384,0,0.9249325993321371,590.1393270695567,0.5056657430843782,0,0.446409416512906
25.57252989775514,83.56157202026209,6,1.2246467991473532e-16,0,0.5526009972976811,356.59625559019275,0.03234528791889757,1,0.6135638057011094
21.178740425879067,58.14047517369815,4,0.8660254037844387,0,3.5509950930523333,181.68859213701614,0.6469283410982468,1,0.6346267269752461
28.831838605971136,64.35764928032637,8,-0.8660254037844384,0,3.110283440416639,620.92550161755,0.5542952115087567,1,0.8398159993272665
27.669296842295587,65.87034102212593,11,-0.5000000000000004,0,3.488228350454173,316.3210109805565,0.6668362807612931,1,0.6560396781084359
33.30031955406319,77.72646323307927,3,1.0,0,1.3981660752592815,683.3254316476723,0.9301405533875955,1,0.899822194032209
20.919868809162026,31.29665999023092,3,1.0,0,0.9130926367006562,413.2022171286755,0.6872766117204315,0,0.15123854448551444
22.84100051765303,55.89949557852055,4,0.8660254037844387,0,4.277867696203946,345.9240562472146,0.3204499303747612,0,0.4716061563481165
17.16989027374154,68.16925538419208,9,-1.0,0,4.456983890056287,552.443295880398,0.19873666387015676,1,0.8452200584814276
21.445653919391106,83.00118434640292,5,0.49999999999999994,0,1.8243032572361875,592.426412750658,0.8546362068186548,1,0.7823527596830975
28.018403944358816,57.621463287406925,8,-0.8660254037844384,0,2.8395082971025856,583.4867033113367,0.19433214327376058,1,0.8320998866281476
31.055908933162815,36.85170940937189,6,1.2246467991473532e-16,0,1.4029136777386135,575.2415608903866,0.1616095805953639,1,0.5418524695912665
17.622677406578998,74.29567168949204,3,1.0,1,3.6314538820961397,393.8314539120051,0.2066120806809758,0,0.4817295703994498
31.95684736084528,55.46956416761556,8,-0.8660254037844384,0,5.418578127015711,270.9635305569208,0.5088408481305068,1,0.9199524770309438
35.845102870439604,47.155000113644576,12,-2.4492935982947064e-16,0,3.496500163787024,441.5503407051324,0.12418744315945685,1,0.7158860100601201
28.307479225789606,55.63481915430164,9,-1.0,0,2.155903481633813,328.14383179767674,0.9381183305967022,1,0.7576530520502622
40.014366500464526,62.232119635162256,8,-0.8660254037844384,1,1.841111887129196,564.8823027349155,0.9662537072400896,1,0.931500193800641
18.809686407171416,55.92883003192681,4,0.8660254037844387,0,3.084346713769727,631.1371716225619,0.9738018532829988,1,0.6393342957700497
15.042762373508664,31.916509143513963,11,-0.5000000000000004,0,3.4165304819784934,525.9044975178203,0.039124804819719805,1,0.5102530927840019
10.770238008765771,78.45599295330697,6,1.2246467991473532e-16,0,2.454291254719623,499.85827783408763,0.9461975264800317,1,0.5450655462076296
36.968354491913466,84.12312561918083,1,0.49999999999999994,0,2.9420259954337658,453.43511322324025,0.9974149326174252,1,0.9161290757442561
30.23492525083246,74.77282987009258,4,0.8660254037844387,1,0.3047319844824513,647.0523904308193,0.9424291093454871,1,0.8913387326052397
24.555322632716358,47.93471494362775,8,-0.8660254037844384,0,9.095043242981314,225.42968920334994,0.6709389057627061,1,0.7937859790676443
27.239749010558562,61.97762699078723,1,0.49999999999999994,0,4.693007389886841,319.07734400047633,0.7012301524085008,1,0.9249066214853555
15.996087621612988,64.90218027155812,3,1.0,0,1.4048690712277725,774.0099954100378,0.12225293987344765,0,0.2060913047928473
44.56601583693461,73.98191584342865,1,0.49999999999999994,0,2.4821801037358333,311.7560943794499,0.8742970770749625,1,0.9374238365989236
26.03376945580182,75.02510733077122,9,-1.0,0,0.14544290585563727,579.6555248705117,0.0596395846287715,1,0.6282152890070903
25.875158356839144,53.987393018322564,2,0.8660254037844386,0,0.1263053580595243,610.5185162475381,0.3177305466176398,1,0.5310162841416471
30.806132991189536,66.22993334620341,9,-1.0,0,0.8662412585807615,211.0623393227504,0.991151645148187,1,0.966164762012131
28.848073853893705,71.85920606922862,4,0.8660254037844387,0,3.5106630011103466,239.8553185795003,0.4223278791029953,1,0.6709268728130318
26.791072194233053,86.83733483220149,2,0.8660254037844386,0,5.7346253993799765,689.707151089535,0.13115622396525872,1,0.8539923368397571
18.676204356437506,75.56759809737085,4,0.8660254037844387,0,2.4573959668286283,354.0584502117889,0.9692946620490801,1,0.5515464963481828
28.771746857087965,76.83585031063278,12,-2.4492935982947064e-16,0,2.2787119646452774,358.1552570352769,0.9841396470417361,1,0.9314530317716982
40.05619597180027,66.25739941894041,11,-0.5000000000000004,0,1.5440468222289288,421.8685777476324,0.18704268523871437,1,0.9414453757703377
35.76336036923982,86.15688717805256,11,-0.5000000000000004,0,0.5287725821734858,354.42769352310233,0.8648038087401708,1,0.9717782340927936
37.74549301311518,71.14644193939246,10,-0.8660254037844386,0,0.3778943370454552,578.9401518016743,0.39042332619389175,1,0.8983157922823347
20.910274588550518,52.08368134739644,6,1.2246467991473532e-16,0,4.289858138163701,322.694366141474,0.38136846448671446,0,0.4551326548925525
17.083161437931352,86.05054955187786,11,-0.5000000000000004,0,7.87265310516683,205.13592078387916,0.26269763189690165,1,0.8448399639218774
23.993704639202814,75.46854908808541,7,-0.4999999999999997,0,1.83903586071564,673.4534775786176,0.04471027455489651,1,0.6473967647304801
25.445799298309556,58.354339683072766,3,1.0,0,3.2315417205425616,330.0633850710544,0.2680089836852235,0,0.4673690583522296
33.75353214776759,57.80760548901135,3,1.0,0,7.37623114299471,387.19718499996054,0.053776905333052016,1,0.7700781651955928
11.460282962281445,69.44863317711143,12,-2.4492935982947064e-16,0,0.283306675873563,624.4786901933682,0.9243720463599634,1,0.5296528789123087
37.23640255568491,71.94777192901377,10,-0.8660254037844386,0,4.415314315352011,510.53658326324194,0.6617206723927285,1,0.967094040125339
23.735936811368084,67.95938398446809,12,-2.4492935982947064e-16,1,2.877726886137206,666.85118879155,0.8866226500163915,1,0.9080817685501786
21.58495144042064,69.66963010164328,8,-0.8660254037844384,0,2.738668409412561,626.77131574801,0.7172906814705706,1,0.8160854045611612
16.90316499791866,90.49936061864571,5,0.49999999999999994,1,1.0382243814827592,431.9854031512315,0.13128687108263926,1,0.6998619494507098
11.761146625073845,81.07314728352328,4,0.8660254037844387,0,3.4550269123490054,653.2879823729025,0.9405815367352979,1,0.7769045778178735
31.585364671695316,67.85953386897536,7,-0.4999999999999997,0,4.751277672978485,525.1659721689583,0.8998930536327671,1,0.912086241195527
25.58654373750723,79.11965871151224,7,-0.4999999999999997,0,0.3592512156631118,410.2418136964483,0.3480760779010357,1,0.7595179594996696
14.680312802071569,49.512141447086904,9,-1.0,1,2.28762959906343,543.5602434452771,0.1115333403516765,0,0.4067531985329478
14.639369823491071,70.96890574920214,9,-1.0,0,0.3203017839400816,303.58062202362595,0.7041547507888738,1,0.7177199509777895
22.313722405678973,92.13959524599665,5,0.49999999999999994,0,6.18065887942568,625.0771553713085,0.7283613027367225,1,0.9002200476261585
38.352172202315145,61.729311569114394,12,-2.4492935982947064e-16,0,2.1256153990954303,605.6178182521709,0.8968290448407071,1,0.9272723100557368
22.92326918909116,52.28549107071373,8,-0.8660254037844384,0,4.950243663458178,518.0537662225754,0.05265575945107992,1,0.5366175311986241
12.97485637505515,55.21866667110409,10,-0.8660254037844386,0,1.3770041899590189,212.2590462644028,0.14170383802737185,0,0.4717648919224421
23.034055487312447,48.655504439864174,1,0.49999999999999994,0,0.40086239609078056,673.1607180677673,0.5982487928791823,0,0.4703919101060905
22.818211442018637,53.22857137808445,9,-1.0,0,0.12715497229358244,565.5639026386187,0.6191315508700825,1,0.768363585818938
3.4249068564674268,59.442378521149564,8,-0.8660254037844384,0,0.9918088908976798,496.5562479683173,0.03360966231500628,0,0.17660979953027373
24.565641067857502,43.91649471232037,6,1.2246467991473532e-16,0,0.8400692341741813,472.90002812314395,0.3969320510616584,1,0.5563299137910297
23.152523758330577,65.23427500924404,3,1.0,0,2.4653424394433565,419.49211590415956,0.5841617312760491,1,0.6462375035244555
30.569650918507346,78.53415760679971,3,1.0,0,0.06593582355182893,448.3293856219817,0.7379113331517339,1,0.8764578485725183
39.79164875956276,51.38365729779619,8,-0.8660254037844384,1,2.20547554806732,615.382503934271,0.31615069177832855,1,0.9096937666288865
34.01252023638206,87.78925885462652,5,0.49999999999999994,1,1.4916151294430544,422.4910935666469,0.48390349302184144,1,0.8939432227358983
22.848890475561355,72.66188132791392,10,-0.8660254037844386,1,2.5820165876739787,458.8546785805381,0.8140548723120092,1,0.8867590534916918
16.147792730066637,80.45870878436085,11,-0.5000000000000004,0,3.636191628337489,480.86100855397433,0.9538950638977405,1,0.748669248952009
45.58687842599888,55.132481692217944,7,-0.4999999999999997,1,3.016119579617839,484.9704108169908,0.2303146753898455,1,0.9260941800584347
25.473747472115907,77.81787840599924,5,0.49999999999999994,0,12.528819168426466,407.3282125660468,0.2530422058198962,1,0.7567813351063084
25.11143433530357,48.6209914940703,8,-0.8660254037844384,0,0.44642363768664534,474.4700834182404,0.9398181874338755,1,0.8556580523712042
24.806999303119973,78.35371251254763,10,-0.8660254037844386,0,1.6849729101530682,551.4970918851732,0.3959111507626836,1,0.9215103517288507
26.58467808614284,67.57759009690297,10,-0.8660254037844386,0,1.659272731345001,364.27931002982046,0.7183483245207427,1,0.8353777965173442
23.84511670460846,73.29876829977175,4,0.8660254037844387,1,1.618978065874591,475.1644074077057,0.6122652287298762,1,0.797408485021939
20.410703944958108,47.36608091562722,2,0.8660254037844386,0,3.270132825835895,789.6476310681651,0.2855876797940563,0,0.3860505527389873
20.625128470076863,51.57395236585093,3,1.0,0,2.019022421695505,490.5283489692886,0.6535622219580249,0,0.29480239237472616
24.737973838272012,73.95842327380078,8,-0.8660254037844384,0,2.185903786685948,360.43654327070317,0.6555659009569733,1,0.9053810149076017
20.652601830929882,50.77477993663699,11,-0.5000000000000004,0,1.6987824104582607,342.8882274060727,0.5924431854090763,1,0.7268950539442794
19.297233738582683,71.94809438148684,7,-0.4999999999999997,0,14.374304486296047,310.22073919509626,0.09966082484951289,1,0.8465076315138639
25.851441821535175,44.49293290309632,2,0.8660254037844386,0,7.875045797851065,744.0674842508384,0.9951718223740377,1,0.8191054251516999
22.960182260633157,77.72261319000002,6,1.2246467991473532e-16,0,1.1033124974694077,651.2033584574518,0.4004164611708274,1,0.6644322327163128
37.03194390866151,46.51215027847236,9,-1.0,0,0.35497904575988326,306.55623988636785,0.6382509853969889,1,0.9065338526476981
3.792241532855904,73.28449906519285,4,0.8660254037844387,0,5.49333620723666,532.055944150736,0.8857616941126193,0,0.47860763721296806
33.7320548153797,74.38446400469002,9,-1.0,0,17.602702242857827,683.7254088054362,0.42328848841983635,1,0.9895490177928343
34.968681539981034,54.54842272355638,2,0.8660254037844386,0,1.0385147254429479,493.9297832888795,0.7739250568055486,1,0.8803618441198902
8.412878140734804,73.7303985062709,2,0.8660254037844386,1,1.32849607475195,426.2578995908097,0.971824424679406,0,0.4193810891638306
22.25849924735721,68.90663395000334,9,-1.0,0,8.52302318021298,836.1349472717528,0.35893476025304827,1,0.8985375176432695
22.02847307203367,56.91737215710893,12,-2.4492935982947064e-16,0,3.725330551509858,214.19827645117203,0.4052695702327367,1,0.6362784068726184
13.73990644225743,49.871679738856876,7,-0.4999999999999997,0,1.0513899644168694,894.8871159995231,0.9055760589965687,0,0.4471816980719906
18.777466499272997,35.56061462491131,7,-0.4999999999999997,0,2.60998596880331,508.9998813284759,0.159642867815183,1,0.6039607197714848
16.11539323627337,70.2447507094954,1,0.49999999999999994,0,8.659534938837366,693.5645195441776,0.02859483835944232,1,0.6565804543844144
39.01816354738898,41.52795842956917,11,-0.5000000000000004,0,5.010959093891212,319.90802310765116,0.9088890048491118,1,0.9424315737513098
32.48542714517969,66.43016299161962,6,1.2246467991473532e-16,0,4.062442523334301,391.16235529260337,0.8215915741175803,1,0.9304949553927286
35.17244075995327,61.048276758766264,7,-0.4999999999999997,0,4.0067616691532395,338.0064885920299,0.972583032551332,1,0.9243469888653538
30.77337651234588,75.18714163157293,11,-0.5000000000000004,0,0.5881188289440675,484.8453231486313,0.058237782710678254,1,0.8515069692191661
15.967585830262166,60.469317507652036,6,1.2246467991473532e-16,0,5.223448415501911,546.158921016314,0.15617733044098725,1,0.6416846854302438
20.80383786976181,60.05828320479363,6,1.2246467991473532e-16,0,0.9693832709656272,660.0202994903933,0.10531255908980885,0,0.41989313265065714
28.914996489823345,75.97806056432444,2,0.8660254037844386,0,7.993535319636424,243.28166024468464,0.6834161322937092,1,0.9338747646999781
15.222977528864437,70.02587043626177,6,1.2246467991473532e-16,1,1.360690492367074,523.5325906613134,0.6060100737471432,1,0.7973636622156961
30.703987441379105,69.74233935774167,4,0.8660254037844387,0,5.848618519524906,634.2363301923963,0.35933519938725966,1,0.8607602839566658
23.077396814734918,72.03901384712789,9,-1.0,0,0.9286932401945516,662.3278956746495,0.057423479402245015,1,0.573944853177147
22.00143353960322,41.966418151893414,12,-2.4492935982947064e-16,0,2.167894424810055,433.9221077564858,0.639661984046541,1,0.5164211943886443
30.687679745627932,76.35183019980472,1,0.49999999999999994,1,0.33912077356184456,435.7885703955328,0.5701204851150566,1,0.8774248716578318
28.55410649188832,74.18703191020404,8,-0.8660254037844384,0,3.2374783116930113,486.1963190247279,0.11290321106061574,1,0.8442396812602083
22.112270673447362,49.74975307135254,5,0.49999999999999994,0,5.425117059569575,527.9079056615385,0.9089097044737141,1,0.632590682303145
34.27463842691398,61.33879289488698,1,0.49999999999999994,0,3.802306713443273,695.3896717437369,0.19894970967199055,1,0.7306531298385349
16.35149337920082,64.41039068558553,4,0.8660254037844387,1,2.2223426725535678,318.485655881448,0.7435091521438564,1,0.6701611894467108
29.92748485555411,62.98254823397401,1,0.49999999999999994,1,0.13849585413976914,382.0619414590176,0.8850758625429482,1,0.7030644294670814
29.74481006374707,70.00789949852802,6,1.2246467991473532e-16,0,8.128999843072155,300.2883034031852,0.5794749906937084,1,0.9171475350429056
22.52362848548808,86.47050172746775,2,0.8660254037844386,0,3.6673223634686067,564.1631127557516,0.24684890529825132,1,0.7609021764811118
27.609064177936943,81.22650091509243,5,0.49999999999999994,0,4.1096599803909015,665.2052288392072,0.3092485176251414,1,0.8212055171242425
14.991091388917576,45.31671209852891,7,-0.4999999999999997,0,4.7495650328650445,286.8549868444581,0.8857475337188323,1,0.5387673125124962
32.392216153655205,74.33104985459073,2,0.8660254037844386,0,4.131925675062204,513.3054960344306,0.29825715637648464,1,0.7359915263903035
23.520782908456088,84.93399979303115,6,1.2246467991473532e-16,0,1.745440903186986,654.3504859967244,0.7461904833173043,1,0.9113656701462458
20.818215835847685,70.80212781033804,6,1.2246467991473532e-16,0,3.9685148563346564,617.6820204429548,0.9901652122554053,1,0.7510412174100224
33.392073806695116,81.3647063777895,5,0.49999999999999994,0,2.9427020691724337,615.9130786797735,0.9998167193626778,1,0.9567409576249276
19.365250475657927,95.18405668551148,5,0.49999999999999994,0,5.772781613927869,321.5186865660128,0.5334797482693314,1,0.7941585699177127
13.732309629091523,80.35564319160471,3,1.0,0,4.865439746073797,615.4151616377202,0.8265557967860978,1,0.7851650745576747
12.54696661180877,68.73962893462593,10,-0.8660254037844386,0,0.1267640061341644,472.11117234724827,0.9902498679211995,1,0.7264778378451602
29.84807961076512,80.6763271112713,10,-0.8660254037844386,1,1.428727183396839,660.524272183142,0.3746728898419822,1,0.9030028353980378
14.756565180029735,67.17331749645336,11,-0.5000000000000004,0,0.10599923424015174,567.3749832852099,0.25240958507030586,0,0.2462434066641796
39.03835345587492,65.35854564927433,12,-2.4492935982947064e-16,0,0.32300594793720006,377.67488550354784,0.11423335584218319,1,0.812850495822317
8.344564736930224,59.72878646429401,2,0.8660254037844386,0,2.7594713121639183,541.821793333176,0.1408996380731261,0,0.2141983253939043
38.571650946320304,88.45120038248163,7,-0.4999999999999997,0,6.2101807595809975,622.7774090678619,0.8535563636206633,1,0.9845110648127088
26.688139737620947,52.72357001086998,1,0.49999999999999994,0,0.38290276051443767,424.04538963827486,0.588723090307074,1,0.622544433285028
24.22629510503686,87.98551587017174,6,1.2246467991473532e-16,0,1.7994584617529106,519.320298818142,0.8737091753924858,1,0.7753856058222831
20.640647305528404,72.49796185610558,6,1.2246467991473532e-16,0,7.253277641707506,299.5085634576528,0.7894550890321684,1,0.8867699796502416
28.193088914816567,44.01040737797088,3,1.0,0,5.050884323214422,582.3547901946018,0.6737446300480178,1,0.7336373049665788
24.698922380601214,70.51473939487133,2,0.8660254037844386,0,2.1998325958734357,491.5604429560926,0.6093121919068607,1,0.7474133713967893
33.82641505613217,33.49960238522564,12,-2.4492935982947064e-16,1,4.429595286889698,637.1129588944293,0.048338904178092945,1,0.5761574524574803
25.913821189296318,74.38262025246553,2,0.8660254037844386,0,2.2187910328250173,578.1300208816069,0.8722751960031923,1,0.8615554894270004
26.202414091695022,78.27847224483486,9,-1.0,1,0.5162548049543509,438.9240209092676,0.41784206167971427,1,0.9035882530607382
22.09110230228915,56.1146606652192,11,-0.5000000000000004,1,0.3996895596077834,373.04466674741906,0.559786857071392,1,0.7703342734281821
24.54443501023146,66.85321543933374,5,0.49999999999999994,0,0.6261255883333839,338.53997490114745,0.02195350187702072,0,0.35241611259186795
27.462414151136475,94.31236150625429,7,-0.4999999999999997,0,1.2966075927252503,423.88670008268656,0.936073501862787,1,0.9513249635187697
11.318652858746995,57.41379943607095,12,-2.4492935982947064e-16,0,8.000549198154278,633.0645054178638,0.9027404610920015,1,0.5123275314594232
14.214516623154296,49.11638619415099,5,0.49999999999999994,0,4.823493816120792,236.55989694440302,0.5432780299181056,0,0.3344808439383621
30.94611275218172,87.22495103693899,7,-0.4999999999999997,0,1.701138168848015,344.6412833541604,0.5773116331683574,1,0.9490044143787646
26.366923505023536,94.43880785796192,4,0.8660254037844387,1,2.0381867645829614,628.8499139985562,0.7050172124034887,1,0.925224858598624
23.528133309178568,65.0554350777177,8,-0.8660254037844384,0,0.9261429535345694,699.3428404627124,0.2646948964361501,1,0.7045866552425417
25.147471464523147,80.17194553112535,11,-0.5000000000000004,0,3.6557668700130934,352.52619751644136,0.22191562271330256,1,0.8758252567901647
27.78065364289337,85.12213873296321,10,-0.8660254037844386,0,4.8700883164698725,342.9786390827649,0.6740229466016328,1,0.9628547360141178
20.68192255752511,53.86273651192424,11,-0.5000000000000004,0,0.8189900799244096,711.0740359357856,0.10442244615890817,1,0.5368204577687711
18.773562196781498,57.72041246948198,10,-0.8660254037844386,0,0.12816396563585816,481.46083706489276,0.45406200472338076,1,0.5304360931685406
26.56676204078145,83.46311769732102,7,-0.4999999999999997,0,2.93361244582593,365.8186431309267,0.49276042399909004,1,0.8132952328382234
17.173017779079743,90.27521418062764,10,-0.8660254037844386,0,2.4801188233466043,656.692683408293,0.381336976915168,1,0.7336119799526818
28.266022045715776,73.44321290261533,5,0.49999999999999994,0,1.5431516156310872,575.5221194905998,0.18526817569773468,1,0.7979718963359338
11.379331166097277,51.802784697469185,11,-0.5000000000000004,0,3.097580028392966,610.4981039952957,0.3553162643253547,0,0.26263791111315565
33.23324509860515,94.80591667549162,6,1.2246467991473532e-16,0,2.399614530602569,373.63406273604795,0.33755725356044997,1,0.9250661617818012
28.780779859304346,57.03543653282053,5,0.49999999999999994,0,0.8653734261488812,556.2238011618957,0.4992656746487504,1,0.6766961740602397
27.048237874511006,59.97293328242822,7,-0.4999999999999997,0,1.521143185137391,686.9429241384739,0.6746808415785194,1,0.8791987217982902
32.861527871564114,70.13506751734432,12,-2.4492935982947064e-16,0,1.6764445674746027,596.1191540972328,0.9682351235261706,1,0.9161463157351514
38.32379555570061,88.31240631072161,2,0.8660254037844386,0,6.366996885710682,637.9804877529634,0.14416326017432823,1,0.9001324139945175
33.11496052014505,77.80963964828335,5,0.49999999999999994,0,9.725217184027448,710.4713824944353,0.8730171099410818,1,0.954180860894698
10.273006149346838,71.22298250542866,10,-0.8660254037844386,0,6.704817531836505,564.1504579633033,0.2841780003902624,1,0.6759866460207042
14.763384266114388,71.9493279517716,3,1.0,0,3.8101030439089083,415.23186089262515,0.5913727700014056,1,0.6653099153656995
20.00145137843457,65.65272002965199,9,-1.0,0,2.638377748563493,631.566673029793,0.5467369479838681,1,0.8212440182053077
25.20872840168667,73.37209271777759,6,1.2246467991473532e-16,0,3.5064119773954605,334.1441973649064,0.5569484186282629,1,0.7046011252756902
29.141272163752983,27.056598834585458,10,-0.8660254037844386,0,8.396020570473965,466.6520759183437,0.7233586117188129,1,0.8632768395511208
19.194049494772276,60.55088811395302,3,1.0,0,0.8630411582549355,588.211884369374,0.3816883057489959,0,0.463108280804112
26.494134115816628,68.61982902375172,7,-0.4999999999999997,1,2.2979311898053996,17.393166606557315,0.31909996323685563,1,0.8230496790349057
18.95693654117342,47.73478874570739,4,0.8660254037844387,0,3.5097579762459548,537.8695048019702,0.8528345731854773,0,0.26609305868266925
20.107857576064415,70.7948497671734,3,1.0,0,3.411251779740157,544.9439107891715,0.2200950402742703,0,0.4775249942994594
13.746711225214222,61.932931685208175,8,-0.8660254037844384,0,0.8721759335341447,329.6097617656584,0.18024603731114308,0,0.26801527622408705
17.614134031112766,91.33213547473235,4,0.8660254037844387,0,2.650973527406422,548.8790887623971,0.015607436655260876,0,0.3341953884702481
14.186523155069331,88.59529587822284,11,-0.5000000000000004,1,4.76762880990923,528.4922751884086,0.21057778202918676,1,0.8852588471410584
17.193013976181337,58.012916463227555,1,0.49999999999999994,0,1.9335223976952411,505.0957670575461,0.5185314333167084,1,0.738581716512804
33.42913437286272,62.73743432649957,6,1.2246467991473532e-16,1,4.729432522626101,678.4150705642764,0.5385088730141135,1,0.9566537793817089
17.404808889344455,63.89078651587411,10,-0.8660254037844386,0,1.3383110353294674,631.8364034775803,0.25442049119553434,0,0.2578593980461718
46.05905651869912,58.22510785760566,11,-0.5000000000000004,0,8.37887035403049,595.9974276070012,0.07227417004119985,1,0.9497186222683631
28.946543207047114,67.9253747604219,11,-0.5000000000000004,0,2.290248286455216,346.36677061357057,0.7446407963452062,1,0.8242985731913297
26.47868898955899,53.625768966686145,1,0.49999999999999994,0,2.7186347239431417,497.3987997224427,0.7579753485622998,1,0.514738891163889
18.13313775855029,48.04076997593711,5,0.49999999999999994,0,0.09559161823555562,677.665210955885,0.9978363962915615,1,0.5214982148675785
30.60247903527193,74.34066835850403,7,-0.4999999999999997,0,0.5599616771291098,467.80072674780604,0.9000295705347177,1,0.8808024574598747
20.39489739009781,74.44294376332716,6,1.2246467991473532e-16,0,3.0066398548517697,733.1393029120355,0.9260620645176425,1,0.6995394582359356
25.976078517162893,52.93526360510012,2,0.8660254037844386,0,1.6335111104588131,600.3790109602253,0.7982038257439419,0,0.3561371388365419
45.48067630615036,78.430331461439,11,-0.5000000000000004,1,2.1288285760533756,756.4340844338367,0.6155028533824991,1,0.9705404142240998
24.2315208022028,55.52633406252003,4,0.8660254037844387,0,0.19512445075378007,339.90016655228135,0.12854595760451049,0,0.3449699780066431
34.194186610285406,68.79747857056972,11,-0.5000000000000004,0,5.38974753565317,476.801369206294,0.6223132974558777,1,0.92726987514283
19.3745885989929,77.30516018918684,2,0.8660254037844386,0,4.604461099531327,490.9803465487922,0.055955860414626635,1,0.6737766829788079
24.720092076024308,64.49581152944431,11,-0.5000000000000004,0,0.6150047583816804,590.9259959652804,0.8852991112711923,1,0.8154896808309042
39.16640508508408,71.82111368211702,1,0.49999999999999994,0,3.018066701806877,389.2103627176232,0.48182133541419747,1,0.8694979533608841
19.98426353769786,57.25355534168642,3,1.0,0,5.116446076800394,258.8589439945282,0.6974728319758002,1,0.5030420271214837
39.49958846397543,62.05300124857854,3,1.0,0,3.072080003293378,556.7296560467688,0.052243663695964004,1,0.53981508118533
30.662015483643803,61.9121085367949,12,-2.4492935982947064e-16,0,1.1149223927834393,445.0290128119899,0.5342484229228254,1,0.6394604307883826
20.50026579284586,53.80132480189641,7,-0.4999999999999997,0,3.202310357027275,429.39544372997483,0.30126339785336254,1,0.7359617258556961
30.059261912444168,62.348387553263265,1,0.49999999999999994,0,0.7089209854218411,396.07866269581046,0.28496826573724565,1,0.712145916431084
32.78043559701384,41.7707255170438,9,-1.0,0,1.1492987620783874,518.5833136776114,0.3896559147031825,1,0.7613186582251872
29.97447969773757,57.63269379286843,11,-0.5000000000000004,0,0.8235854961810167,338.4713706568785,0.0006394608605349017,1,0.5632123841680272
12.438202240876349,60.726867599454934,6,1.2246467991473532e-16,0,2.442049362392914,470.870637944796,0.4666608817201735,1,0.5899291666127264
19.182902593401053,61.1573037125693,4,0.8660254037844387,0,0.3436298009706419,375.6930527618267,0.4865666836079383,0,0.2821554092582138
23.019850915587963,61.377538311938316,3,1.0,1,8.123117896749408,408.62338790203415,0.8631309158390641,1,0.8080360716604398
24.40453256719963,64.07353700209806,3,1.0,0,1.2172010239897006,553.0715277159437,0.4485256078824824,1,0.5121578166300716
29.965376780405425,72.19162277129095,2,0.8660254037844386,0,0.7414256409885531,597.7114793154193,0.36355629386767285,0,0.39792416402290776
26.42160800746603,78.11775611198783,2,0.8660254037844386,0,2.0588115191367353,454.08426100423367,0.9947470513624633,1,0.7324382058239868
14.31724513031919,55.25352159727599,12,-2.4492935982947064e-16,0,0.9730291184286535,645.1745590258306,0.5712133246024963,0,0.3813743863665533
28.041582808047707,46.951987169162834,10,-0.8660254037844386,0,2.2965348864626383,354.0929613594334,0.47261320863413947,1,0.6826328874235053
29.884685962270584,49.36933381635345,5,0.49999999999999994,0,1.2854757800821184,272.0152092499519,0.4959358345483794,0,0.4789304242811393
29.47832358344832,57.69195618207609,9,-1.0,0,0.4249216146488273,299.55122202262885,0.8091812975088051,1,0.9334838469523643
33.64624580443697,59.72118023275236,2,0.8660254037844386,1,0.9273106155532169,338.6889811829236,0.34067636897016085,1,0.8556796673759169
31.671377236391233,53.45005900703814,2,0.8660254037844386,0,1.7311091333793007,303.0660148825581,0.3891604626859456,1,0.7838354117618921
28.673440633827493,45.55825003625158,12,-2.4492935982947064e-16,0,0.0922846455749258,803.173087684437,0.7558733593374654,1,0.6299474389606797
24.438674308330825,58.15818758788718,6,1.2246467991473532e-16,0,4.41742042543893,267.46688186053626,0.07298373961376947,1,0.5512543642884378
11.712312531872069,67.72139930170957,10,-0.8660254037844386,0,2.917191228571079,640.6143355095369,0.8651691581432587,1,0.8426730723677838
28.436945753060687,73.92544198753347,2,0.8660254037844386,0,2.7590866195675092,496.23067263390874,0.43020269646796994,1,0.7373839475460018
26.66150149730489,56.63865420337518,12,-2.4492935982947064e-16,1,2.3693042073296873,533.6900700376865,0.5812929755056484,1,0.7015693345583741
27.172630697562987,58.80503266784849,4,0.8660254037844387,0,2.6770867382805568,364.14054309343027,0.7574761592598351,1,0.579316382500791
14.786011393437525,51.09952536729034,6,1.2246467991473532e-16,0,8.184083160334586,548.8179087342025,0.26605192243934483,1,0.5251107563399222
16.3515476767339,64.52841244437835,5,0.49999999999999994,0,0.025818412814072093,362.91221673939526,0.8903142083206511,1,0.5138004302709492
33.42522282666323,52.27357048713778,1,0.49999999999999994,0,0.14693963191340279,638.4149273042669,0.9792249722566108,1,0.7738301897206532
24.68355876914676,73.596917198618,6,1.2246467991473532e-16,1,0.6376993470476536,650.8270216781351,0.4942743614061246,1,0.7823789573592934
30.452005578980994,38.21200262098833,1,0.49999999999999994,0,0.5492505089790832,479.7707094701118,0.9369373650326733,1,0.8467110794399049
25.22654700904369,59.60555491321306,3,1.0,0,0.599725975711759,489.5953841968582,0.0011286225269827588,0,0.21772784352958452
25.23804911596596,69.51661008787613,10,-0.8660254037844386,0,3.343711816502209,564.908584914025,0.8942378296355283,1,0.9204555504702255
32.50627044780798,67.75751774483757,5,0.49999999999999994,0,1.8456892410173373,557.2414142086681,0.31104531975130556,1,0.6888200232779582
20.87164217426101,105.39550495970745,10,-0.8660254037844386,0,14.4031458707695,653.6219559700424,0.31149542472760194,1,0.9776752770480663
25.76896621552787,70.24700036851861,5,0.49999999999999994,0,0.7719859611229377,649.3768887815448,0.2280888647699394,1,0.6853954579096856
21.30179769035966,49.93918104736984,10,-0.8660254037844386,0,1.116802351793197,495.67386039813266,0.3170139011509019,0,0.3300176105567635
21.524030180541477,63.5680362936639,6,1.2246467991473532e-16,0,12.45097703377468,428.41632725675834,0.2134845836986351,1,0.7824253378394079
22.526623012250884,38.356304998003225,12,-2.4492935982947064e-16,1,5.34705809034724,621.7429681792215,0.9058691063099717,1,0.7816129871132003
26.777070173069703,63.791003760548584,10,-0.8660254037844386,0,1.9034985457952842,476.5571376668849,0.8990237272133664,1,0.9303052373257417
21.17001102669218,52.50415914498862,8,-0.8660254037844384,0,2.4263265950869277,517.0615913429788,0.10221131492062252,1,0.7158220101288935
35.04604900458817,78.73085413340243,5,0.49999999999999994,0,5.557930106447774,579.5474335776636,0.14285842886649247,1,0.9282011424975564
17.84314158224397,56.756895881066974,11,-0.5000000000000004,0,1.9674400049184084,646.3335458113036,0.8620186390106666,0,0.4044403399904106
23.50502684670913,63.2485112630713,1,0.49999999999999994,1,0.6921050902446944,539.127221286243,0.39893777087274596,1,0.5213654791377055
21.4821515338066,55.46663237893395,5,0.49999999999999994,0,5.288546022906283,411.920308118917,0.16927167733927828,0,0.4072516710996472
36.57582307482986,91.08277027779997,3,1.0,0,2.315094197953231,769.5515515796675,0.5106694024365672,1,0.8900252211453171
26.572438212092596,60.18135850823133,4,0.8660254037844387,0,0.4983146322169356,729.5512717315119,0.416668049920095,0,0.29869051682355896
33.25475631574908,92.48835565218803,8,-0.8660254037844384,0,2.113145143925088,347.2994964121252,0.2191615537379652,1,0.9524365001547006
13.115517015704224,77.212276431774,7,-0.4999999999999997,0,1.5992309814047407,363.2342634613449,0.7207522182776344,0,0.43123925161134835
27.13640212695407,72.23100091003079,11,-0.5000000000000004,0,6.28287454140003,382.0979777211389,0.6312893123327309,1,0.9428960916145651
32.117046364987495,70.5309972097628,5,0.49999999999999994,1,0.40421498384220234,627.2826337572216,0.09966161355544056,1,0.8250493415447271
25.658271914203393,70.90695947324377,2,0.8660254037844386,0,6.243364162245495,775.2714787585251,0.9253867143253425,1,0.7767166494687743
33.52384300052281,36.08491130981585,6,1.2246467991473532e-16,1,2.153617134426857,424.0590099243175,0.5584699657300691,1,0.8686002263884746
20.861692399197022,60.81674908773865,11,-0.5000000000000004,0,1.5543787759032646,525.390253687336,0.2502044870635418,1,0.5275308113342578
36.27477952148464,77.67736956776483,6,1.2246467991473532e-16,0,0.5300940595291961,387.1091209601121,0.2062918150723635,1,0.7795452434429887
43.391184988954,64.26654224788842,10,-0.8660254037844386,0,3.620109210723313,755.0289147324436,0.13594798137220154,1,0.9111480561934432
22.097291516482727,43.922152297946376,10,-0.8660254037844386,0,7.843954550172457,623.7242512814724,0.42463740639035075,1,0.7382277240917737
21.435979828793826,64.21393324133795,11,-0.5000000000000004,0,1.4118227334746414,376.3046654144211,0.13554101309083677,1,0.5359085796485891
36.627075816941606,90.56158274383236,6,1.2246467991473532e-16,1,0.8295736519212726,184.6488333571471,0.41581641259522617,1,0.9346211610744813
37.6365771658457,83.70337573302079,9,-1.0,1,2.4281459358091686,655.638058664235,0.14877042823411768,1,0.9321134049436939
20.817119782773855,64.06993985950952,11,-0.5000000000000004,1,4.771641638244823,414.1272790678359,0.6568075215238893,1,0.8193995999971926
21.63850546323314,79.2717391558713,8,-0.8660254037844384,0,0.01132443057092168,626.4098253816389,0.7852420216863583,1,0.7686018323439313
22.74572312911594,59.50239469447922,8,-0.8660254037844384,1,2.9939460638491915,544.0535505275622,0.5495227475227586,1,0.9229148810251432
14.244395911725784,39.441926197599216,1,0.49999999999999994,0,2.7228553404773024,224.85559509139222,0.6800568748548973,0,0.2712538715740441
17.650784428126414,51.133010178056686,5,0.49999999999999994,0,1.1488463771398039,378.9834902289458,0.9383787370840609,0,0.41988445312410627
16.96687386598346,88.44333152762297,7,-0.4999999999999997,0,1.801282898486238,446.87829690708827,0.6383715295706078,1,0.8864571538814646
18.85761947916697,60.89010377256044,6,1.2246467991473532e-16,0,0.8509236398409177,398.6315016123008,0.3641581981838826,0,0.43510232552072453
24.72252090090575,61.34924030937473,5,0.49999999999999994,0,4.680311373734677,517.4252427328078,0.44948015867491553,1,0.5901500995230428
26.873717860292167,60.502427055876794,8,-0.8660254037844384,0,3.0197537438553734,560.2072169226977,0.860525226072037,1,0.7908567855370546
37.40400394251262,93.56204884359511,3,1.0,1,2.282426100603931,768.4039906260621,0.1307203189500964,1,0.8303809964398887
17.013167674089672,89.38938373043095,6,1.2246467991473532e-16,0,1.4953386889948754,570.8320215314702,0.3257370224504327,1,0.7167734356729616
32.87457918781267,98.281703501722,5,0.49999999999999994,0,1.0333261554726028,723.6651598579814,0.5772800689704841,1,0.7814227949162627
23.288089246195927,62.61432184399923,8,-0.8660254037844384,1,5.190353622378075,428.4774821688058,0.6763895694084344,1,0.9496874736629292
24.604290322780535,69.43436733120643,4,0.8660254037844387,0,1.801199047228062,674.7820120270513,0.7634990754317053,1,0.6811527904878621
30.39855593733283,42.25036175868813,8,-0.8660254037844384,1,2.0881386551868895,442.8202864265107,0.31820679599608714,1,0.7519314030136887
16.01822382750161,87.15401639177412,10,-0.8660254037844386,0,2.2070915675905782,362.44747977865677,0.1458591340091503,1,0.6728289527310971
28.059277969472404,47.48330673098097,2,0.8660254037844386,0,1.7846165755261638,356.10848626831466,0.9548392096765598,1,0.7070825524176537
26.33161766570445,68.25163345643944,9,-1.0,0,0.8874993110506784,103.70671121847982,0.07639221713203947,1,0.6556468232086037
28.939610112065193,48.54046208550734,9,-1.0,0,0.38466093082077857,628.1123934410238,0.09580535578688543,1,0.5861718905613297
27.313349151262546,56.16699759891956,10,-0.8660254037844386,0,0.3112097287768839,306.4707445489987,0.49494254190196885,1,0.8130943147356808
44.64240111928716,52.441063534254496,10,-0.8660254037844386,0,4.249797112860395,711.2217851920575,0.8192710281435983,1,0.9668077842685077
19.898080125989473,55.881871089862734,6,1.2246467991473532e-16,0,0.7589834022901614,473.86692465191885,0.7745041063553267,0,0.4222787246183853
20.75202435998546,56.91315945276532,4,0.8660254037844387,1,0.17184773567448,266.77028777978614,0.9376992661940918,1,0.5576638240878673
20.014875788601884,56.775968076123846,4,0.8660254037844387,0,4.791304065366776,332.3404755439287,0.1416025756129884,0,0.24404426114561872
20.556183046717962,77.50000867670461,6,1.2246467991473532e-16,0,0.501926393259853,528.5952413471496,0.37572725706243604,1,0.6906756366733041
19.90090298154786,48.4270581040622,5,0.49999999999999994,0,2.94365672061763,218.00637911841739,0.2821421287217101,0,0.4840061996124878
34.51213224886041,68.308121405208,6,1.2246467991473532e-16,0,1.2403857137887635,588.4917510431544,0.860870123554672,1,0.8266592799824972
36.36403398391884,83.26938728458337,7,-0.4999999999999997,0,0.40567364140472,272.5501567910825,0.48835462028120036,1,0.9694246048068439
20.43402965000419,57.30205453229906,7,-0.4999999999999997,1,1.6057698304290489,389.1535502203215,0.026847934415666352,1,0.8314319644263772
18.34115541516617,54.23121663878597,9,-1.0,0,0.04475882107107196,529.8080503062336,0.7079644068383966,1,0.6134659527156214
28.771324451091232,61.542130622296234,8,-0.8660254037844384,0,5.517402077016602,570.1416035259797,0.3886980978266026,1,0.8140201567457359
20.58221564575223,82.69587812541064,6,1.2246467991473532e-16,0,2.161542560718563,619.6579694391405,0.5311467633710123,1,0.7731109941657377
30.063454542044084,67.91161446430037,12,-2.4492935982947064e-16,0,0.44953990477215844,304.01809797303696,0.893787427009998,1,0.7634855197350031
26.623384166810396,57.03178558088602,6,1.2246467991473532e-16,0,0.8114143589888103,453.73208104817377,0.25673777463281167,1,0.6782274845017289
12.874047080022144,72.2581497678206,5,0.49999999999999994,0,1.7824868758105854,663.9499252976187,0.24026467561217713,0,0.39808241662648697
37.38004161064049,48.46561775245365,1,0.49999999999999994,0,0.627978542662399,453.76820509758045,0.2631925041800893,1,0.6733852984771135
39.36702138476417,75.22039265664422,9,-1.0,0,0.9383808805124904,544.1411676806694,0.3381079912597027,1,0.9655118675268308
20.09769047612491,71.12910961552652,9,-1.0,0,2.2931921351885833,524.3658887666103,0.10735397464609964,1,0.599883677209983
21.898387520512127,60.38287293291674,9,-1.0,0,5.362268891114179,695.1855726936737,0.6972196608085894,1,0.8045322534407673
27.28692312579924,52.421213023291536,11,-0.5000000000000004,0,1.5416894304872026,430.1136208736568,0.20739871782913655,1,0.714003307055716
27.6756543198962,51.69978616574814,8,-0.8660254037844384,0,3.78666303766008,291.50766069454465,0.9261457472705857,1,0.8410998410941771
30.268354181382644,73.02226004518866,10,-0.8660254037844386,1,6.279020530308159,354.8192164796152,0.2156863139098707,1,0.9720160505384912
41.0816363101308,83.43470753733592,3,1.0,0,0.7311905542215025,528.3265969975283,0.2556420293087751,1,0.9008111000588614
23.584422180047603,55.44038379456808,1,0.49999999999999994,0,4.938180751143646,264.5688880504914,0.29702022881081636,1,0.5526629839298521
18.61362204369237,71.87580055327226,11,-0.5000000000000004,0,4.249051032177332,418.33790223987916,0.768538097011416,1,0.6339461906639977
13.965446175883782,33.694594720968965,12,-2.4492935982947064e-16,1,1.3245391339308796,511.3124589461297,0.4276064874420298,0,0.200008764761727
19.15255968046465,56.23073404014201,12,-2.4492935982947064e-16,1,13.674848207026898,385.0111843034888,0.8193346240306186,1,0.9250254511706797
24.73498421700962,64.53411600693647,8,-0.8660254037844384,1,0.9137619790317598,549.027987163,0.7848537123557885,1,0.8936975054939029
39.356462908142305,51.354748745272495,7,-0.4999999999999997,0,0.8823210690686709,608.6617643522427,0.9294904227674665,1,0.9392340279334854
20.85910960771063,50.95240437815606,5,0.49999999999999994,0,4.438640950865555,568.2362899929011,0.7566041551040548,1,0.6016579962040984
26.79030361311119,54.983306652966704,10,-0.8660254037844386,0,1.710969644906645,267.87425599216584,0.05191116966906284,1,0.5250367699088291
24.868616831417985,69.38289092489559,7,-0.4999999999999997,0,1.204994491472247,511.8773281354441,0.8372812736990584,1,0.8078487264055955
34.507146187584674,62.19006472390438,10,-0.8660254037844386,0,0.5904646251486323,523.6163460258125,0.9380725967054112,1,0.9075203881176039
45.21545940698897,31.42653150012542,4,0.8660254037844387,0,4.348756098150636,442.86048226812613,0.993689192549669,1,0.9324049903134283
20.753049816637436,33.18949771047401,9,-1.0,0,4.629852488230975,546.9966519284558,0.12526759413246513,1,0.6514547780740311
21.084484459854224,55.89702233214237,11,-0.5000000000000004,0,2.5080334099138204,541.6136863618411,0.6132732693265346,1,0.5559771751306442
33.35328701655258,71.86529879080328,10,-0.8660254037844386,0,9.461625659042136,486.36871447055495,0.1994586658841594,1,0.9586270482181257
30.45513191701049,23.78742735912148,2,0.8660254037844386,0,1.1488951477380116,349.35924829800206,0.262509640912599,0,0.22748686274711954
39.77365860588827,57.50404735772554,9,-1.0,1,0.743919225890757,496.00685715498014,0.745584338222858,1,0.924177023278651
29.67142548260771,57.106282152238684,9,-1.0,0,3.394647317973284,780.039639151162,0.9776677176990604,1,0.942058779741443
22.125663273703523,85.82506667312671,5,0.49999999999999994,0,4.26152273538149,441.1539456476461,0.5948555014630229,1,0.793836231708123
29.725238645538475,59.22467282430705,11,-0.5000000000000004,0,0.7643127860047387,657.095818726401,0.8505844698222473,1,0.8653014267720652
33.869628644663266,70.74483477111393,1,0.49999999999999994,0,0.2391132785401377,505.82855308514314,0.008883803828827919,1,0.7100877409704722
31.56385744957891,67.11885710131195,7,-0.4999999999999997,0,4.990359776100612,379.89065369954625,0.03663163984961926,1,0.8236744776343655
29.058192248858383,33.04150280289199,10,-0.8660254037844386,0,11.252516538886965,455.51049526709295,0.5967243373258634,1,0.9104672718977956
33.53339751671323,76.52310824947605,10,-0.8660254037844386,0,3.1041443325355367,497.46944394378477,0.38898310160043914,1,0.9202468585813777
34.35436472356538,68.23094758184432,4,0.8660254037844387,0,0.976637424744891,598.2817199418357,0.8897578149731539,1,0.7313032904156758
36.05727192830022,72.62402959511884,9,-1.0,1,17.116699893464656,857.0068173228993,0.30198191308573374,1,0.9947111350225777
30.189679100717143,123.8935655965449,6,1.2246467991473532e-16,0,6.712264446808607,508.199690902141,0.43205102750404745,1,0.9645754660530221
23.663055357465165,33.73830590752117,3,1.0,0,2.1608192281741307,315.37111530626646,0.5279091978315682,0,0.23654064497290692
26.17370949146658,90.87044974641663,6,1.2246467991473532e-16,0,5.234420717385132,251.8133898082724,0.27303883288624753,1,0.9137369728275756
34.65207173206686,60.688287208994666,10,-0.8660254037844386,1,5.075533739202433,436.7323146007601,0.9084948674532943,1,0.9561311800547955
18.464514632102112,69.30993356604515,6,1.2246467991473532e-16,0,8.190840022862101,330.78681500250696,0.46453358465809713,1,0.8696502103819067
27.94938647098321,64.31731632048137,5,0.49999999999999994,0,5.515116664359519,583.6859446308896,0.42415560911901695,1,0.8582590051029665
21.853289501381113,58.63645499902935,2,0.8660254037844386,1,3.0957717936451896,584.7883585259623,0.8497530489343326,1,0.694244409558804
25.22995858347854,56.452506076418615,10,-0.8660254037844386,1,2.8194743870024506,478.103685153847,0.3119784016478985,1,0.8783022511707183
35.22761490085839,69.94263103359513,10,-0.8660254037844386,1,1.8897132425155734,598.6079656849406,0.817465344510961,1,0.9487900472022295
26.528792544159227,42.24239454992481,2,0.8660254037844386,0,2.9543964838446763,509.7139021653803,0.12227285272134947,0,0.38042482640457437
25.37149238524919,76.25868751282648,7,-0.4999999999999997,0,4.757407134043345,780.1360693052534,0.18278853336489964,1,0.8516157616607933
14.121150872160646,58.757083926721194,2,0.8660254037844386,1,10.424947690156262,593.918741953255,0.9508416661717347,1,0.9360664524228838
30.970028528217767,48.04895991439463,12,-2.4492935982947064e-16,0,1.889319401252957,634.3425614222405,0.842447490807708,1,0.8434142629582921
30.1638734491286,58.24980713006279,6,1.2246467991473532e-16,0,2.557506559208823,282.78088837696424,0.38789890145640626,1,0.7272696976816905
42.30603778644368,83.8572382529386,5,0.49999999999999994,0,1.7653103018360734,324.31468291561424,0.6384564487170294,1,0.9389343262239088
22.537774120375992,56.96997369475665,4,0.8660254037844387,0,3.312279432310259,571.825763915671,0.9429701894309558,0,0.4790007009431887
26.753202621311512,70.3768042731443,7,-0.4999999999999997,1,2.982112327599511,267.6164737690505,0.21185890286408426,1,0.9007430973332518
26.995069469686044,54.0356558642679,8,-0.8660254037844384,0,0.05398418558385326,406.3286235687347,0.059010470223000655,1,0.6772727428895701
37.6196262381078,76.3688277488543,4,0.8660254037844387,0,2.337171334478289,676.9118919632582,0.5374680645053053,1,0.8813111899067199
24.237635740904384,75.28261608185306,1,0.49999999999999994,1,0.27794792500126503,403.12163004418073,0.14259687866359327,1,0.7348120348766402
27.232172206162716,92.72913249944617,1,0.49999999999999994,0,0.0802137337322114,318.5400940569334,0.18731909271137515,0,0.48367303736793005
29.863172077732315,62.36654081751177,1,0.49999999999999994,0,4.699094494552913,600.1314966958722,0.8915391897315794,1,0.7762383816187199
26.492872985250866,75.0298220713686,11,-0.5000000000000004,0,0.897846733758312,811.0298369061268,0.007403458644891336,1,0.8408575390053182
21.428531083595775,66.47101309308417,1,0.49999999999999994,0,1.2495254346041755,378.70322647061926,0.8168200264638685,1,0.6217921734054471
26.55271994318646,84.43807672794522,5,0.49999999999999994,0,0.19869053388044727,683.6038697214256,0.5169507763356076,1,0.8078687527510791
33.58905399887818,54.21751418586904,4,0.8660254037844387,0,0.5935250578034771,360.02375501531924,0.5592943876453004,1,0.5664788807730137
16.787877604711518,76.17507969315922,9,-1.0,0,4.352240331593569,483.129832833948,0.6717679604563624,1,0.7967584472647378
26.06375739317501,62.079540558249775,3,1.0,0,2.040875478936254,489.63005904482804,0.43144499230801037,1,0.7682922848853904
19.399033480486615,64.03717734337253,7,-0.4999999999999997,0,6.377548891997124,382.70273898770506,0.11561188819241475,1,0.6769255903472349
34.56037303139874,66.3762872667256,11,-0.5000000000000004,0,1.5187191228502224,631.3092967322208,0.10282022380482381,1,0.8346696790466227
12.814504761729802,68.78360594640016,8,-0.8660254037844384,0,0.9387975383898844,269.0418634213842,0.7543621991839425,1,0.6531611062096132
20.528625221827294,63.256564353170624,6,1.2246467991473532e-16,0,1.2812913715115246,529.2571415238618,0.2210351432672849,1,0.5301213350108972
28.017695000516166,68.22069774755789,12,-2.4492935982947064e-16,0,3.7424347039261656,661.1246867289392,0.028101683617644202,1,0.7289372596043131
37.52419223387472,88.67177086343277,10,-0.8660254037844386,0,2.4290812311486243,618.8245203866306,0.9796138890989411,1,0.9337762954125665
24.4739979114161,79.78174528422828,1,0.49999999999999994,0,7.036202457043684,573.6822591178486,0.9803915193606934,1,0.9290248265747728
20.558403786454413,78.03731888745345,8,-0.8660254037844384,0,2.765182221960933,737.7949089802007,0.37814133734377986,1,0.7346874901695453
40.04925655552472,58.16690710964194,10,-0.8660254037844386,1,2.03784057060175,467.0573949378972,0.025523844557113207,1,0.957223528854408
13.415888796670048,51.66138757657514,3,1.0,0,4.621873305526254,271.29107770749135,0.7272646585927497,0,0.3324313620146976
7.4095523470393445,79.3295083735663,8,-0.8660254037844384,0,8.842761279651196,520.281032835793,0.8310120604856692,1,0.8166015440021043
28.52011560042666,78.14070188794692,12,-2.4492935982947064e-16,0,1.3194519397341464,481.1356534167964,0.12501369011580976,1,0.8999637191306092
20.98356620517911,87.09006013626473,4,0.8660254037844387,1,0.8625510988765526,182.62691434402075,0.13545861490923627,1,0.7334132937160728
16.830137462954294,55.94029061046156,8,-0.8660254037844384,0,2.8730370686779887,331.23481092374186,0.8222239996967906,1,0.5947283764483718
30.666851578394827,61.55677016959479,11,-0.5000000000000004,0,2.0726860803584293,312.1060945524569,0.9219073887152348,1,0.8864970117155994
26.95040571016959,40.407737562118484,1,0.49999999999999994,0,13.580623126154993,377.82006117307265,0.7907548366741496,1,0.8166878911617604
20.487370954106172,59.11293340908691,3,1.0,0,1.8617082187949023,447.3238603851961,0.20074494916952956,0,0.3920558291570556
14.757564810632845,79.94855765869171,6,1.2246467991473532e-16,0,0.23171746582636232,453.06890581934124,0.41152121943422093,0,0.42689173167794703
31.979658626241157,58.002569311577034,9,-1.0,0,11.365311950337839,383.1792907094916,0.6008424258659141,1,0.9845820027041751
30.20160942366929,74.60719692801236,2,0.8660254037844386,0,5.565764958846593,311.9092188149492,0.1602934738208287,1,0.8113783190706645
24.206593089764937,62.14245341003283,11,-0.5000000000000004,0,0.5889577248673377,556.6177563138615,0.2106024926325083,1,0.6582811487350435
39.77309596838133,69.86085542332341,1,0.49999999999999994,0,7.049195298360529,517.4857791834021,0.282886072068555,1,0.9478163525927042
16.43932186939078,47.78462915276499,10,-0.8660254037844386,0,1.249578867816248,522.0007247985562,0.5095132702908365,1,0.6251256237004664
12.79579863260209,66.27814174450852,3,1.0,0,1.420165580424917,766.8516829001345,0.5108048871775476,0,0.26765828408541903
19.464735440950044,20.13296043648915,4,0.8660254037844387,0,7.105901697703786,524.4311080309678,0.8142945193475526,0,0.45479328801786
24.635311869156016,62.19655762757023,11,-0.5000000000000004,0,2.2658054926982683,445.0013341579251,0.7530102006876256,1,0.7516562428317229
26.946715594581534,40.5429013442729,5,0.49999999999999994,0,0.4446750666928644,484.12910113682426,0.913735675109942,1,0.791211726109185
23.070111537149362,83.08991774820224,3,1.0,1,1.38161526283018,514.8228831769376,0.8329017228245964,1,0.5992637411416109
27.816443172114376,76.66111029146766,10,-0.8660254037844386,0,3.8414542586508134,592.3690022317046,0.2538775483056547,1,0.8251270483509798
14.987684606476448,72.00006472949121,11,-0.5000000000000004,1,0.5741505549074442,493.29193597360387,0.33129676930399987,1,0.6347651946559559
36.55011683258608,87.8150934073907,2,0.8660254037844386,0,2.6764865233381836,208.56186492263208,0.5004232436325338,1,0.8998805690276678
24.34279057285945,50.766252187627444,2,0.8660254037844386,1,3.5650281092207887,434.487781512616,0.014271134563644594,1,0.5368175117306265
33.93836665270502,91.21044796873338,7,-0.4999999999999997,0,1.2641139207926695,500.223976304518,0.9039020062837214,1,0.9503865266866737
27.741802771021632,78.98287346390578,9,-1.0,0,3.551341040524396,695.6302348477473,0.044344212562339225,1,0.8311129621061151
28.654025753230272,61.45167069171581,10,-0.8660254037844386,0,6.467862609475384,382.11565310804207,0.3224412708166363,1,0.88560790023714
29.55813824185763,82.03430220774416,2,0.8660254037844386,0,1.9166403786776165,254.71087090690565,0.5691747911964067,1,0.8311675687511033
28.581668480138518,48.40559731382549,7,-0.4999999999999997,0,1.4482179297756999,509.65658098410876,0.5178413886068658,1,0.8484760541999344
30.141782078940352,52.632287577084895,7,-0.4999999999999997,0,0.8676834048606034,629.9355382263069,0.6544598928258747,1,0.8856183793674522
35.63322024105945,55.8711541514045,11,-0.5000000000000004,0,2.7805802728218056,440.98655878964064,0.527520175294209,1,0.8784039332360025
26.57216935761176,57.06533437903977,7,-0.4999999999999997,0,6.357094087881407,857.4574230556168,0.2290014257030344,1,0.7442975855288989
30.6720300607081,49.15163535859621,3,1.0,0,1.1776226627701711,822.1247098984459,0.20107818779387188,0,0.40940032787505676
24.282114445702184,83.34624600642988,12,-2.4492935982947064e-16,0,1.5137132951433658,489.12909281766235,0.9072470690754986,1,0.7505717929588119
36.52093772359578,61.117183994452525,7,-0.4999999999999997,0,1.5657887229751142,528.006973524983,0.26396673673559257,1,0.8842632040366151
19.58886158352584,70.2875745253532,1,0.49999999999999994,0,2.468485469303932,705.3097211312964,0.28097723387951345,1,0.5276752661861609
39.40752346328652,56.44472950379479,10,-0.8660254037844386,0,0.7779018368512227,486.5247909304805,0.4129528961003446,1,0.8918535886388098
24.678736394845252,37.69095049177224,1,0.49999999999999994,0,5.181476095901575,379.38672241197236,0.13943832714997395,0,0.49161290974102173
13.553799183055615,69.05086037587134,5,0.49999999999999994,1,1.0512364068583806,633.3397859352893,0.5072728444232404,0,0.455972428366485
26.024835319286314,36.31617536870335,2,0.8660254037844386,0,3.666030419147539,569.6619263652943,0.6650317617021314,0,0.41966737151669503
19.551586740200953,63.97048930871797,9,-1.0,0,2.1598027669634057,378.8982781976282,0.7860004920773669,1,0.7357425370784562
31.72514839190979,44.47527441750785,7,-0.4999999999999997,0,2.6449260025269994,541.8746255374639,0.7114542418642291,1,0.8341898088800417
19.779008165580873,94.80913998846212,4,0.8660254037844387,0,0.5939217142531698,475.99092220875826,0.1476359640802637,1,0.5546452907999087
21.430532534281763,78.67044083262083,4,0.8660254037844387,0,3.9843389913683196,442.235646298645,0.45606714497092393,0,0.47597336568349596
9.883674152435752,66.5863068690722,2,0.8660254037844386,0,0.6270582509175742,382.12405574992374,0.03858620080817843,0,0.1174875629836666
21.381549446007387,83.95560016482003,5,0.49999999999999994,0,0.3613332489633799,518.2104667433823,0.017797996720949283,0,0.4802761459607976
5.608965386968347,52.305260338013966,4,0.8660254037844387,0,2.373467693697153,460.1213949665769,0.4401304182738006,0,0.17564067950084325
12.328777412114214,73.15219068005139,12,-2.4492935982947064e-16,0,3.706360867624101,542.7059865138093,0.252960494457629,1,0.57398148204377
31.08331724915438,67.99715650578071,1,0.49999999999999994,0,0.15399305298589838,622.9756433097465,0.6833607948733628,1,0.757558895511
31.286401269206657,68.96030122000505,12,-2.4492935982947064e-16,0,0.21576211540185697,534.7349554146346,0.7242407868134125,1,0.7844547870754875
28.40366049427972,84.08530250160152,8,-0.8660254037844384,0,4.8687727778836845,537.3026899064489,0.8954037245582557,1,0.9444920931544368
17.264190854966294,75.98738154169703,3,1.0,1,4.966959201603731,418.82343977487847,0.7606825135390387,1,0.8052366351810096
24.61830915086416,69.33085494237535,6,1.2246467991473532e-16,0,0.8443236298642807,676.1534021772302,0.048244123136541694,1,0.6089632454926165
24.971179687275452,40.17668845657556,4,0.8660254037844387,0,2.8653145649307117,372.720601853185,0.3716230103577677,0,0.3730453500710874
15.733082486459658,50.59930557080804,9,-1.0,0,1.7565401580600937,258.2011997287807,0.2730233517521221,0,0.33824783804337905
37.027186414137205,63.15936599606414,7,-0.4999999999999997,0,3.0046966459744047,339.35247790938695,0.3861324498271612,1,0.8777953761814481
32.018898324605374,66.40058561414976,9,-1.0,0,5.960680809498949,655.1395867149308,0.16007565896870157,1,0.8599399807094126
23.23228660936269,48.046944129891145,10,-0.8660254037844386,0,0.24967668263551585,568.8346730297411,0.09770410369059346,1,0.5078719822475536
25.215086711956246,101.17515013367631,3,1.0,0,4.515023239095953,696.7913934398084,0.5209845425084006,1,0.9305565581091747
26.66706246358042,87.74591082880359,1,0.49999999999999994,0,2.0379050472169395,301.54227122500464,0.7203813108663943,1,0.7330404084875956
8.666121052605675,74.03177480588725,5,0.49999999999999994,0,2.49121270033348,848.0327330401219,0.7019109019319428,1,0.6119618451713139
23.022580939835226,66.08055291925618,3,1.0,0,3.183354426438005,457.447372213947,0.45094432217622715,1,0.6404641399181317
19.54412601601761,61.81686545148273,6,1.2246467991473532e-16,0,7.677202882429481,235.94847973379126,0.5222789862889461,1,0.8516715171427264
16.987039920840676,50.72122309966647,8,-0.8660254037844384,0,0.17517619941748797,829.3674750463479,0.5163287225086414,0,0.4357598386004565
22.75119765691236,66.16220777778294,11,-0.5000000000000004,0,0.0897585299308183,303.4846607690995,0.6915703777680562,1,0.5437122272303833
39.38149221479618,68.86628810214125,4,0.8660254037844387,0,0.5890002108372349,440.315642972418,0.04792517595602408,1,0.7348174112654958
30.12674289013608,46.37359136777563,5,0.49999999999999994,0,12.90360277449517,469.1371639340501,0.7098961088712239,1,0.9542880383945115
20.430568081737626,70.01264625867346,5,0.49999999999999994,0,3.7666022709945786,566.6124713750493,0.5822009007572875,1,0.5543334680794887
29.58066225084927,62.67111426762877,4,0.8660254037844387,0,2.8607406617523137,381.3044786099954,0.1981087146715742,1,0.5063144568969196
36.194843492688015,36.382886631839135,4,0.8660254037844387,0,0.14454406684937712,655.8969843163666,0.04905885374626451,0,0.4820609422145877
32.39706946330215,52.09422483830747,4,0.8660254037844387,0,6.338628269426112,613.0454254266115,0.10852779055788842,1,0.633324053312348
25.477042959361395,58.79591699867534,4,0.8660254037844387,1,5.026041770917207,502.8600229670699,0.5246913414192697,1,0.889496329365406
19.82450577835541,93.31531486010286,4,0.8660254037844387,0,3.279084123727828,698.6494151692244,0.7584085300912828,1,0.842957214087574
30.58578650890872,73.34829686800637,5,0.49999999999999994,0,1.2425980924183921,489.8214918742893,0.33465728712450116,1,0.6515089594337753
28.147883083373998,44.96777646350163,2,0.8660254037844386,0,0.219341409807695,458.65312197369394,0.37912391070522167,0,0.34827687586295414
32.161545760221856,72.29054434126455,2,0.8660254037844386,0,2.6027766292892025,799.7154149988248,0.9341464150461124,1,0.8259894935851558
30.081374413455755,41.79044016592452,9,-1.0,0,3.815626362327909,544.3604063434832,0.21301308403257602,1,0.7244657677104598
33.39642172255468,81.2403658083061,2,0.8660254037844386,0,0.29694388690977747,352.1522925810997,0.10374942457535163,1,0.7305034917437367
20.718118307515457,57.93313022273182,6,1.2246467991473532e-16,0,3.013462013079695,372.45960797047894,0.34341011380001796,1,0.592731836446423
35.539152525074606,63.59545716891244,2,0.8660254037844386,0,1.012155444720814,502.84372109791275,0.7459221194922737,1,0.6905220309251238
26.580796837539197,84.88694971313285,5,0.49999999999999994,0,4.334876536337455,140.30025862064508,0.6260772910561319,1,0.9068304275649012
41.602086981002124,45.692546471236255,4,0.8660254037844387,0,2.3270820918595363,405.0515802177367,0.4157954393695692,1,0.724901577744111
19.486497455283455,44.04322722330513,12,-2.4492935982947064e-16,0,0.41446661794119527,484.9409017299678,0.9647525328318305,0,0.4100694798994865
38.887710425322,56.246010104809926,7,-0.4999999999999997,0,2.242933318493325,474.9203719523426,0.7349964382945733,1,0.8844548680675676
26.583286267701183,80.57568276528974,7,-0.4999999999999997,0,1.5112365577215638,311.38351283850335,0.061861424383293784,1,0.8322986313750748
19.788655971084413,42.209808867847364,6,1.2246467991473532e-16,0,0.5966554219091935,432.7226312840203,0.7446314438540483,0,0.48190901403807906
21.128913327565428,22.517666028341466,10,-0.8660254037844386,0,5.526299688075749,676.9705845748078,0.02403855590585835,0,0.4490345512758235
22.437221534445438,58.23261712386502,5,0.49999999999999994,0,0.033269138058972546,645.9723245514331,0.6503233231174055,0,0.3757423630694878
28.39332757121533,73.27611199866381,1,0.49999999999999994,0,1.1224587221498856,514.3424592093536,0.21048283629265874,1,0.6696968676164046
29.182683904283998,83.00392624608244,12,-2.4492935982947064e-16,0,0.03802508406770903,489.6635035413513,0.6964422090375577,1,0.8970559684853943
20.41039996849137,58.05257956871902,3,1.0,0,0.3028008084231183,475.7559877307157,0.30977956664779616,0,0.16659903289923542
24.80516326191214,58.82860089325996,9,-1.0,0,1.057605797752302,535.4465093892385,0.8730063079555649,1,0.7792058956526344
42.13816286889491,82.30851101383621,1,0.49999999999999994,0,0.1673982490292319,515.3853267011765,0.33691383659146046,1,0.9114367494732466
38.82034536080569,36.95387450456869,5,0.49999999999999994,0,2.723707031625485,548.621145630654,0.619695855404297,1,0.7677334655056053
28.490589357392256,59.17218837225486,2,0.8660254037844386,0,0.2726077623391039,575.2691262408283,0.2859275596539883,0,0.37660154767991627
25.304027825345603,67.85635834887587,4,0.8660254037844387,0,3.6291038831789715,318.3338766219199,0.9172215451421782,1,0.8132341136525877
25.96025061374609,71.73828081927552,11,-0.5000000000000004,0,0.16223502064894996,453.4596962577949,0.7809959810281724,1,0.7019902638580997
29.908143781843332,57.35289960213676,1,0.49999999999999994,0,0.1834213666858613,529.6868614844296,0.24330287634460313,0,0.4375630153606374
16.817659478412757,65.51661517558762,3,1.0,0,1.092937388600364,355.12473849146863,0.9487967125586596,0,0.43342982488650844
22.94098770061324,27.67508969880516,10,-0.8660254037844386,0,6.806624903026709,398.92679684609277,0.35715758957622823,1,0.7891519784058836
11.651327408979284,55.126273814992274,7,-0.4999999999999997,1,3.076586673680397,467.31549385721456,0.6518649476671875,0,0.43653549031538497
28.193784980842235,71.80263068831701,10,-0.8660254037844386,0,4.410740902561594,474.6748012645178,0.7428532311143964,1,0.8316941242873683
30.177567517621927,50.265589486179806,3,1.0,0,0.4578878963134873,532.4904180336971,0.022902161464912307,0,0.41580941004450717
21.13450830160501,65.88476332384396,4,0.8660254037844387,0,5.389570194669387,372.79538555630677,0.9589673461572462,1,0.7765873554740709
37.59189410632026,71.70308751204047,2,0.8660254037844386,0,0.024538830542819228,645.2030682342101,0.3444413060873649,1,0.7124831990357311
15.19387469598127,59.86176198713353,3,1.0,0,0.7187997174480365,473.4386164236759,0.18977889343122423,0,0.24118935444768488
13.285000958321438,67.55695656494856,9,-1.0,0,2.8720595248838743,521.77965524081,0.8507077917284981,1,0.6245478701125284
26.795614548479776,50.55901152073082,3,1.0,0,1.4111938822039773,444.5251337478167,0.7028992828234144,1,0.5650396522661667
33.37678642089723,61.9008308045593,11,-0.5000000000000004,0,12.441981542187033,535.347612528877,0.08674327262335257,1,0.9454401206193689
38.47142153166295,74.15324254383833,5,0.49999999999999994,0,0.09242702293682639,750.6831739160946,0.11704458137676954,1,0.8598420380021753
21.328925897048478,67.35459441452652,2,0.8660254037844386,0,19.709925843296165,443.132173608061,0.715191870653649,1,0.9830817341941068
33.62944666745037,56.202030956540966,4,0.8660254037844387,0,2.931530456722535,418.32554683704694,0.07478325595908397,1,0.5839635046592163
24.69193224399434,68.36324606436189,12,-2.4492935982947064e-16,0,2.4541386384362167,375.4766667533477,0.9171754351240651,1,0.7023109834388787
23.618981600473443,75.71914685954927,7,-0.4999999999999997,1,0.18407058018497727,491.0567225475306,0.7415401369476332,1,0.8829883880772731
32.069279499893376,34.25088082133783,7,-0.4999999999999997,0,0.9578438365719845,489.3194479595427,0.3354922059669888,1,0.5799169854244581
30.218583027307357,82.38611097433846,12,-2.4492935982947064e-16,0,7.757339278451468,507.71645218972725,0.36293877922533824,1,0.9167627907293999
12.388862744126005,59.95617891978392,3,1.0,0,1.312009972849517,570.2383819604473,0.5064960962041014,0,0.15301519446198647
36.81232279780717,71.38234899860345,5,0.49999999999999994,0,3.251051626175379,551.3252160571109,0.3609694136485402,1,0.8589486466819313
36.04073083317961,82.95870385467842,1,0.49999999999999994,0,22.78088942085057,496.62177777009396,0.7834685514383157,1,0.996634289320015
19.995498387923764,44.42489454154301,10,-0.8660254037844386,0,0.915785947885507,793.0702352058368,0.9747369441016157,1,0.7629920675395507
28.16642826749927,54.3583849635868,10,-0.8660254037844386,0,2.5746377830152145,603.6020426138108,0.5845215154381931,1,0.7598681766748026
28.952241490261912,60.67176956186443,10,-0.8660254037844386,1,3.5765061693015707,336.6110085739008,0.4460373276675289,1,0.8492043774910697
27.085390126591257,53.24369718313358,11,-0.5000000000000004,0,0.539631727332772,268.21970213566095,0.22277414026821718,1,0.5263959174854224
20.597558769236638,91.02404863755213,1,0.49999999999999994,0,0.4828753736938244,395.6526311698375,0.6534334192478002,1,0.810293318444834
19.62701305649559,52.148418592598105,5,0.49999999999999994,1,1.8281166193504728,522.8987570075192,0.6855768618153971,1,0.7639714139760789
24.795567432068438,56.666798307697,10,-0.8660254037844386,0,1.462365174861766,383.0750516048323,0.6851906070143637,1,0.8479665607480842
34.381832154074914,68.06583547404465,9,-1.0,0,3.7575510832256187,405.85591327901716,0.026985035868492324,1,0.9013558048021053
29.34880123675546,46.96775710885866,1,0.49999999999999994,0,0.2161278886240374,503.91005578647264,0.8991221006604709,1,0.6461622576469065
22.035085343311152,59.06478932365604,1,0.49999999999999994,1,10.744558180631946,448.7041011670584,0.33810656342917667,1,0.8657659385633842
31.17358968518676,69.76179891875263,4,0.8660254037844387,0,0.04313963499612366,192.84488862973149,0.744165762481609,1,0.7663776318417267
2.2116590349593963,60.00709393426233,4,0.8660254037844387,0,2.7587646704070394,661.5764792738581,0.7598069071003198,0,0.22160407928519862
34.19012560297683,63.599197116500775,2,0.8660254037844386,0,2.4809450861690343,626.7435336360247,0.6505549788122396,1,0.8590681091413128
11.082289769775203,57.06001831327444,9,-1.0,0,0.4340915736185081,307.23187125304514,0.39486652314429216,0,0.23342934274717989
22.100472468774942,42.282945362288494,9,-1.0,0,0.49079141183018926,508.5336649486808,0.6083842168165255,0,0.40283751094479864
16.04264084299085,69.82389817008858,2,0.8660254037844386,0,4.720439004625838,332.51727045699664,0.04019869125787656,0,0.2449287274486549
14.642548194232754,91.32399607470862,9,-1.0,1,6.556072192202793,408.68051302175377,0.7618957921879063,1,0.9174136345064205
34.28661429902816,65.27602446175158,6,1.2246467991473532e-16,0,0.9981093029488004,572.9229426283028,0.09958864832833891,1,0.8380144684944122
21.258390389504868,68.37896175871325,8,-0.8660254037844384,0,1.728567930243204,621.5070676100079,0.3967509257996017,1,0.580776282390965
27.772031053845726,75.39084132675289,10,-0.8660254037844386,0,1.3154918217098681,617.9964408719247,0.10361878766496657,1,0.6597312433812145
24.624635368966526,45.96004255179952,4,0.8660254037844387,0,0.2259395209243443,536.725880614993,0.8370744458190945,0,0.38733128082484763
28.816326617784974,90.53771987194409,2,0.8660254037844386,0,3.355259726355391,691.2808604648667,0.5503023934359592,1,0.9093590304866186
25.61457512848204,68.03493194634203,2,0.8660254037844386,1,5.232217193537301,408.4157450855927,0.6909551201692724,1,0.9233546120665221
14.736062206491443,89.47785348633664,9,-1.0,1,1.0910095859827922,441.70562544660527,0.682582169842613,1,0.9132119131075168
32.97013455557712,54.00450506714016,1,0.49999999999999994,0,13.868717703458582,110.80581751319869,0.8416062316585045,1,0.9743318823074987
21.0499473347095,92.27092883836737,12,-2.4492935982947064e-16,1,0.23664770385548017,486.0415223252467,0.13256940334513467,1,0.8778960170399724
12.547344810721992,76.62733241052175,7,-0.4999999999999997,0,3.2522711556606634,586.9540196054853,0.6597281404048841,0,0.4834742075041849
21.5750787122727,73.29560128778537,11,-0.5000000000000004,0,1.7838611635065276,542.7889418013352,0.5751340544036574,1,0.6271876150814205
37.00607832507448,68.51036681529722,3,1.0,0,1.775032940868715,406.39694701349754,0.030897122571315383,1,0.6150905020778745
31.801773936907942,61.27207072888326,3,1.0,1,1.8355069387482197,626.6788409471803,0.20142290882280256,1,0.7213567855857224
22.210782924737128,83.0079748771081,2,0.8660254037844386,0,0.8979758724500391,488.9253871430711,0.2675715413782208,1,0.5842185625084567
22.20593836545257,67.1053980477207,10,-0.8660254037844386,1,3.771728652034242,614.9640068013052,0.07255637542916615,1,0.8074493348204407
22.42691959026094,35.49395444619272,6,1.2246467991473532e-16,0,3.83583611055914,572.9224527659394,0.3547198058988015,1,0.5688402582942789
41.61398386848673,48.242203074394965,10,-0.8660254037844386,0,0.9955168232396006,713.6763438354542,0.027202508715475693,1,0.6064573063570468
28.055483617852428,62.21231371710879,2,0.8660254037844386,0,5.411006611828722,550.9045043849305,0.5531834922577296,1,0.74708029303276
28.440333177528558,69.64998474748333,10,-0.8660254037844386,0,1.1431002681094642,591.4914009401423,0.2115009605797873,1,0.7950778189480747
33.24226763225474,64.15117266650157,4,0.8660254037844387,0,3.873968614028681,488.4924366942345,0.2870031055091986,1,0.7137464791769346
26.910313272212107,83.28456184690495,10,-0.8660254037844386,0,0.3869103504168091,424.56647748815084,0.9104716261712841,1,0.9112945898306003
22.927662833434376,35.733472039420626,9,-1.0,0,0.5542995439003107,573.6098311340547,0.5028168491235254,1,0.6465361531164748
23.429201207320173,67.1538190475774,9,-1.0,0,1.138495921926747,725.4096046309563,0.26901393124441586,1,0.7137470359884281
24.42718992468749,37.730311619192676,6,1.2246467991473532e-16,0,2.703273751892606,407.6179028115529,0.5984617582480662,1,0.7822151506383804
24.702222107921266,76.39568443226253,4,0.8660254037844387,1,3.1112379978854037,462.7795506818619,0.2016714348674956,1,0.8204163203773555
30.821036349095838,63.58311928336996,7,-0.4999999999999997,0,1.5143128310098506,503.9975652826512,0.07439568576418487,1,0.7451027306614372
25.415567086458395,71.29414958036178,1,0.49999999999999994,0,0.24310684894181545,602.7344464912571,0.020906354400268667,1,0.5586015760477998
30.861120617724634,52.04175559115351,12,-2.4492935982947064e-16,0,1.4034643658056478,551.8186974332243,0.9515290453762563,1,0.8524762282020436
24.35426735913134,84.19197397486627,4,0.8660254037844387,0,3.501645326882292,636.95947346501,0.7246108241431163,1,0.9070873258421985
25.629081522528725,80.62586996088277,5,0.49999999999999994,0,3.335051197066326,796.0864213461718,0.7999481482923824,1,0.9060594355035507
9.014394523743139,73.75316454517832,8,-0.8660254037844384,0,0.5237617191922114,404.1648035020706,0.9809177281788319,1,0.7067243206020756
32.33062139761985,63.057241297048385,12,-2.4492935982947064e-16,0,0.02344327049952214,591.4593467218084,0.9316287034134395,1,0.7747467770914118
27.771907807183943,73.69785927942698,2,0.8660254037844386,0,4.1948775636633595,548.0959667280756,0.7369131986375159,1,0.8482147259424851
32.984080878877215,54.39661148018977,12,-2.4492935982947064e-16,0,0.33738422355694436,502.8560326141925,0.6939870698193193,1,0.8089936506900768
1.8299569744504858,77.83333488531068,5,0.49999999999999994,1,0.2578148754649457,590.9127835515175,0.33684999693537665,0,0.3925073777521971
41.706997638245824,89.74221341485881,6,1.2246467991473532e-16,0,0.00811461511070877,459.97954694023815,0.10401725179510213,1,0.8566713884865002
23.88328297475861,81.05915839968779,5,0.49999999999999994,1,1.7000792805296479,548.456859747048,0.573722548367576,1,0.8704509767435582
33.86546253390013,54.055962952888855,9,-1.0,1,2.099089144912237,304.20613554290765,0.5762532950885922,1,0.9392057430303759
16.68075258299575,70.42125975909654,10,-0.8660254037844386,1,3.045550344643783,419.1777082841266,0.952237285415744,1,0.7981376413968707
29.902191240500557,45.60287684362028,1,0.49999999999999994,1,1.0532028292992262,657.1281221164645,0.44257080666170934,1,0.5246328717267418
16.57267549461075,73.58585466763513,3,1.0,0,3.718019906256723,651.3624473906631,0.6908076243060683,1,0.7269235456115409
20.009848314433558,71.75905119293809,2,0.8660254037844386,0,0.5565747328411789,538.9149945077278,0.5749706273967218,0,0.4173683279846187
40.31225083093429,36.952754907017535,12,-2.4492935982947064e-16,0,5.3511962809652385,432.0425368415381,0.17676022910104927,1,0.8925658385880723
23.474540793893226,47.57324234131454,3,1.0,0,2.544833323271652,623.7898744527414,0.5920643077549167,0,0.4397673723297993
26.739462985437783,60.752916548843494,10,-0.8660254037844386,0,2.6304156183704395,685.4731072244956,0.5401167093628201,1,0.8361551933660244
31.960541845510033,60.48710379288761,9,-1.0,0,0.7063142627016588,438.1449695163481,0.4939059939093555,1,0.8504632358430579
28.965455103780837,46.857845968717925,9,-1.0,1,0.2309954732453643,281.74704700222765,0.5134229336484748,1,0.7342890779060048
26.20335124114861,70.83468094028275,10,-0.8660254037844386,1,1.8749228327176564,567.370238818103,0.1639879719588705,1,0.9111350546366587
27.919688019729804,68.77210413410768,2,0.8660254037844386,0,2.8683080843377846,637.0652416111166,0.4634777312306678,1,0.6706567761090529
44.2273246819062,62.08596302032221,3,1.0,0,0.2996150164130967,588.1225289507115,0.6056532718215968,1,0.8457808256661701
24.539049623731316,53.66312749762456,4,0.8660254037844387,1,9.019437921478492,734.761879584491,0.4894491986855394,1,0.6431762930243162
26.60879237371974,80.73060689624845,9,-1.0,0,11.798875938644745,735.3950998292215,0.4886861951261473,1,0.9392709131429412
33.4052351680609,89.83110669632443,3,1.0,0,2.365386270716815,454.19040550297495,0.07751770979298578,1,0.8674669769196717
33.84420746366387,57.746577742301945,7,-0.4999999999999997,0,8.991349009186049,529.8491578365679,0.19077415201671966,1,0.9059194526702611
34.496242444483045,55.81749624267769,12,-2.4492935982947064e-16,0,0.5933238838139954,425.51977369804337,0.32097269277550067,1,0.6492187466999376
30.109841776233477,72.36811498117994,3,1.0,0,0.07724811922232461,346.6904455089014,0.4193469939259066,1,0.5768578309633914
15.855960698156132,59.629559303795205,7,-0.4999999999999997,1,0.12062134857252693,355.48410427970146,0.5939374438586043,1,0.6926367157479006
38.067452258408764,62.909041990051485,7,-0.4999999999999997,0,2.656647980462596,607.5532029894565,0.8633451045230607,1,0.9625782871571721
15.829236855850496,76.09479727587006,9,-1.0,0,0.19087084637215387,545.4331281029664,0.15916473808865395,0,0.4969864110352178
27.421083721912265,36.359658687390606,2,0.8660254037844386,0,9.549484246982802,633.4941260751259,0.015088030210694936,1,0.7005509747443516
18.965793199845137,84.77453487279004,6,1.2246467991473532e-16,0,0.4592200187580454,879.7432114949688,0.44923713077591576,1,0.6430046571261284
24.48689322725606,66.09020786494013,9,-1.0,1,1.0903340181642558,574.9801404862096,0.4321028974116281,1,0.8669268992858359
27.630099282427842,58.8276028315673,12,-2.4492935982947064e-16,0,5.186654904134348,381.81191313494037,0.5519012184951724,1,0.6290156587352789
27.570857723602185,63.661487686678264,12,-2.4492935982947064e-16,0,0.7405430747444283,655.2690231012439,0.8332217713715006,1,0.6045887935468982
28.37536603388228,64.43644032530779,2,0.8660254037844386,0,0.8350510797186038,379.02315614883366,0.8023605509824779,1,0.7804418280567235
37.909690152469175,39.031980448326124,2,0.8660254037844386,0,3.0842570105624585,762.2505327177114,0.1000432844300112,1,0.620314631366889
28.62827441211184,87.42407341179853,5,0.49999999999999994,0,0.9692484012585414,204.28262619919838,0.9339953666766737,1,0.8938803268817362
23.04674691767481,65.61988448405927,10,-0.8660254037844386,0,0.735583312233166,418.01765744963546,0.1104143946744447,0,0.48720260448010777
32.71269734630686,71.64503195671062,10,-0.8660254037844386,0,0.8798037902634039,593.320740966647,0.6345705085342361,1,0.8678082390245073
34.51576391139712,79.27324655861064,12,-2.4492935982947064e-16,0,2.023844899342251,676.6281490736815,0.6724062935955757,1,0.8043644231732842
15.17913747890406,49.6825631365955,10,-0.8660254037844386,0,10.153009531107642,398.45253105647265,0.6798774872230882,1,0.7413315655102135
29.779200558798863,72.10207848552842,8,-0.8660254037844384,1,5.355625866969725,371.2613048220015,0.2653511716753909,1,0.9301337322048034
30.609381938487186,60.985383636518094,11,-0.5000000000000004,1,1.0047834007845573,522.2550787454566,0.33034509176499194,1,0.8506053980153627
22.619491973120063,77.7015616282474,9,-1.0,0,1.3547150391594842,786.3490775348578,0.5486768751493969,1,0.7587357592237156
36.00565450649296,33.09158869472757,2,0.8660254037844386,0,1.873731798342975,269.243355000228,0.19958749580009838,1,0.5589320221834917
23.799555303739787,63.51358549638096,5,0.49999999999999994,0,11.579664895303587,452.88198542413005,0.02031046783335122,1,0.7860964280890407
26.004611627772338,55.95769016324058,7,-0.4999999999999997,0,0.567641447824047,539.027752958868,0.5621444545085756,1,0.65832849847143
23.61542540572904,71.48394425951233,6,1.2246467991473532e-16,0,1.3270864934743256,380.60759551382,0.4652785720120073,1,0.6969815451206024
25.12463238065174,72.05066281052304,6,1.2246467991473532e-16,0,3.9216299939593906,380.0920673435106,0.656731206223462,1,0.9307083809377816
16.229799304838387,54.38561157766961,7,-0.4999999999999997,0,9.968023871001236,464.9912578087322,0.14670057583365992,1,0.6836708150561386
13.479592939245645,54.31739203735935,3,1.0,0,0.5076541182309088,543.9064739074212,0.8409248945898514,0,0.44257179471505714
37.756040505799774,63.34001947164006,3,1.0,0,0.7739036495467666,470.7407530255007,0.1462214884605273,1,0.72817398458886
18.224309213453378,51.55036659027188,10,-0.8660254037844386,0,0.7673670169394151,719.8348478548947,0.8913436048800235,1,0.6220141606872674
17.068861204349542,77.6297554317819,9,-1.0,0,0.06346263106532862,588.8905667602626,0.449521172595703,0,0.4920514912349665
7.772879091170282,59.461891993288305,8,-0.8660254037844384,0,2.7798992779137164,557.4746034822608,0.5498052593726948,0,0.40175386783771905
19.88830601848398,21.395176710175377,5,0.49999999999999994,0,3.3323862751180986,654.1480428962557,0.8965813359639887,0,0.4005598540108017
14.415281652740013,59.37766915067291,6,1.2246467991473532e-16,0,2.7678764381985936,560.1204337122384,0.299913048477067,0,0.4151395221847462
38.13612128109095,49.421842687340416,11,-0.5000000000000004,0,0.2219828247246654,433.5220059047798,0.1818269962411515,1,0.8433478004205054
33.07853671474108,40.53086276808582,12,-2.4492935982947064e-16,0,0.21522964053423566,460.5271320358426,0.44575162081945363,1,0.5156559697173712
19.494797238578208,46.43860042666141,10,-0.8660254037844386,1,0.7086352882747637,330.584567958287,0.24436722852770676,1,0.5527739007960447
43.01948644275447,66.64112707749455,1,0.49999999999999994,0,1.0287156175444048,800.7317279811615,0.5278439115403171,1,0.9043650704486073
32.85412389593275,84.92961242372347,10,-0.8660254037844386,0,4.63296883365669,639.6085954601095,0.27525786444431644,1,0.9238199459562801
22.40134893193102,69.6977671079747,12,-2.4492935982947064e-16,0,0.5208833290666334,116.06273702742567,0.8644895355954569,1,0.8153864758724748
5.004754281011415,55.90244917676391,1,0.49999999999999994,1,0.13528149375071913,699.9692648964487,0.607324592257726,0,0.18736122171027195
43.32754058072594,71.83856292756055,4,0.8660254037844387,0,1.5025640363712078,280.1101039339079,0.0002406697429022664,1,0.6579421765065743
13.883420265891232,58.113645346715124,2,0.8660254037844386,0,1.615578137828712,578.1003466964419,0.8054737346798247,0,0.37443551597274705
11.836810024344866,54.58099446255283,11,-0.5000000000000004,1,1.7984642064502725,169.39613697329878,0.3302123367261459,0,0.49122106485096617
33.180563456077124,47.684559976505234,7,-0.4999999999999997,0,5.261718872639937,435.78059880551405,0.3202079841549571,1,0.8344555486804667
44.51801925071418,38.72256789872421,2,0.8660254037844386,0,0.30944028636118437,701.1400261612758,0.38306281213446736,1,0.7037927685029909
36.074182548084146,59.15114440160832,10,-0.8660254037844386,0,3.651600528915278,709.4950829929155,0.6302625280840807,1,0.8996497167466362
29.51127296041888,67.37080234880197,2,0.8660254037844386,0,1.2372225223803155,546.0163089205952,0.442060710394223,0,0.4777860196130942
29.758034733322287,63.550644949776654,5,0.49999999999999994,1,1.1131046820915325,618.1197189856784,0.6286355465697024,1,0.8020467647362218
31.827324470242463,58.76049608078962,4,0.8660254037844387,0,8.088800370803678,287.96446612873814,0.14678072163579237,1,0.6782678166002718
31.071428718294122,50.813809089548286,8,-0.8660254037844384,0,0.8569265609676439,580.7499909004997,0.9701644645240858,1,0.8546013355842357
27.249531391755006,74.12369287527453,4,0.8660254037844387,0,3.0861269121407338,627.6456114922759,0.7296062870838639,1,0.680291320528758
25.83360883161501,45.24302120080122,12,-2.4492935982947064e-16,0,0.9652795701779588,885.4618756550208,0.250207107178383,1,0.5146520193674001
24.499254976803822,76.64041870765213,6,1.2246467991473532e-16,0,2.122613996201495,406.51710504778623,0.7241699080747759,1,0.9072495426048133
18.96828328906659,49.96674471609913,5,0.49999999999999994,0,4.6294465752560905,502.4454225542167,0.5750254562616394,0,0.447179482083339
22.75459938506581,53.71347143970448,11,-0.5000000000000004,0,6.404165757992415,511.7172667478157,0.10918899640351465,1,0.5351597181611507
11.456345486436916,42.998222140764845,2,0.8660254037844386,0,5.473416554559583,604.7875600664306,0.17819642678812608,0,0.3499053817894918
24.213282985642,57.47896779671545,11,-0.5000000000000004,0,2.6181189692491937,632.0766032323452,0.041308141921464814,1,0.7750796968091069
17.09127114279266,79.62968687716969,12,-2.4492935982947064e-16,0,0.8583152110733626,659.1372667684798,0.8092380716746811,1,0.5580458358904362
16.171285462273833,72.73442132665934,8,-0.8660254037844384,0,3.247331564669362,648.1943238969217,0.551704752595235,1,0.7334362653228568
26.43915320922783,79.67633168042053,2,0.8660254037844386,0,3.7126409437452024,277.8322561233924,0.3167486486502119,1,0.7777811183274816
36.136018290756795,72.83213818900904,9,-1.0,0,0.03224868049944657,108.02046795264476,0.12634490202820003,1,0.8323212377147029
32.346532848018505,48.44495257204446,9,-1.0,0,1.7352290585497725,422.8435419375447,0.4840458759603792,1,0.6239633360766245
12.435995171014584,60.03816163508664,3,1.0,0,5.559539791888703,494.68747330904154,0.5252613467179388,0,0.28369897058985916
17.0829749074373,53.29701306323806,4,0.8660254037844387,0,2.0176087356455987,408.00983610696505,0.7019485009805053,0,0.2776032818110376
32.52616950390573,84.95862356058561,8,-0.8660254037844384,0,1.119177195856227,431.0452785498349,0.9699372104470915,1,0.9164922485141748
17.140100851693525,47.04817030360533,9,-1.0,1,6.1624390438308465,449.56258583896994,0.4349455304073747,1,0.7811497715557142
23.202934800023804,78.40546534083666,3,1.0,0,0.5083843222139792,586.6161499129055,0.4060342065943693,1,0.6943981442398506
29.400416792196417,78.39430805163154,5,0.49999999999999994,0,0.6936981633840713,344.9461917441455,0.3699300045901225,1,0.5800802287297538
17.253244361090918,92.4443030257413,11,-0.5000000000000004,0,3.48822740215327,488.3258345058911,0.8269239089668611,1,0.82144614936503
25.84300404916768,58.85470111055754,8,-0.8660254037844384,0,1.3036126748898083,489.473957567144,0.15631722139923787,1,0.5235416578563254
14.327796040654365,75.68483239370244,3,1.0,0,3.7449951781093542,583.2049007762729,0.34381290363508943,1,0.5088241812938411
20.18905884839029,99.22477754808264,7,-0.4999999999999997,1,0.5148699987645167,674.2857259569355,0.7249708048753909,1,0.8673928992908686
27.558255473140296,55.73537484599455,11,-0.5000000000000004,0,0.8721363335617676,752.6161097182093,0.01569493534244648,0,0.44300277195812077
12.256050131746646,41.974396287014606,8,-0.8660254037844384,0,0.5111103440539705,388.10138293678347,0.28938072360569467,0,0.15422004535507378
28.523797903683192,36.79984949138354,10,-0.8660254037844386,0,9.16710382068588,200.0038084153261,0.6414471627547098,1,0.9336137028841933
24.84289760858655,75.69068043291998,11,-0.5000000000000004,0,1.5596190894326054,463.71076568970705,0.1859520980008047,1,0.8869560439278786
29.41991963533718,36.75274687912125,3,1.0,0,1.2339360989189543,261.70747125502305,0.3027105691242712,0,0.3885540584449596
26.79131307251729,59.41521420593116,2,0.8660254037844386,0,0.04291191582802244,910.1865363885457,0.4860450744832292,1,0.6953469429715388
35.91312343979075,71.5596978055844,10,-0.8660254037844386,0,0.499643147488938,369.0679221735454,0.42202356596968715,1,0.8520502325123591
26.001796021183257,67.7776330524487,7,-0.4999999999999997,0,1.640062405178774,584.5750648479096,0.10602718995537885,1,0.6761788154665719
21.564755670997975,71.38167296276258,12,-2.4492935982947064e-16,0,0.21288626062528218,640.1099160011644,0.9382353222556326,1,0.7941431266431445
25.97838002425827,68.33434783701281,9,-1.0,0,2.1445795891300756,551.0933492357004,0.04429272058209277,1,0.6518668541588971
29.346384232291104,84.1829871997009,1,0.49999999999999994,0,1.8209934365334761,811.50805269638,0.749742756422818,1,0.8476535757708055
25.390880562605634,50.71525428891805,3,1.0,0,4.372316154892821,469.6278289826284,0.07142277109115747,0,0.414071421590784
25.324733529631057,54.84507292312203,5,0.49999999999999994,0,3.234688619027988,374.76773639427734,0.46729580302507934,1,0.6651118023447525
19.38406649754596,53.41010832093764,3,1.0,1,1.7714864400248929,367.0063081773112,0.17541129165541103,0,0.4158766481005812
19.696792659592415,77.45287717793916,1,0.49999999999999994,0,0.7633636173659264,612.5008541905522,0.14109779642892528,0,0.39399473189922946
13.779157825602452,78.50597882592595,7,-0.4999999999999997,1,3.8933515513745123,471.5302630602414,0.12589797654172508,1,0.6882921395881677
38.99661394549551,71.76837978977763,7,-0.4999999999999997,1,3.6915880192306547,367.0266515895174,0.45278663669534236,1,0.9753311194393488
15.04909411686972,82.75240500334891,10,-0.8660254037844386,1,0.49921291109511234,566.1957823285359,0.5154849093872923,1,0.8302505447884272
19.45675841763274,47.32938698935429,12,-2.4492935982947064e-16,0,7.3865659381356,606.387383763247,0.13338449354283988,1,0.6166590669293175
19.25274187544642,90.00836167326706,8,-0.8660254037844384,0,0.19971813735577118,540.6957779429317,0.9793957302662395,1,0.9528766185236278
32.15939501555553,87.84857932568387,5,0.49999999999999994,0,0.1698307676242188,634.9394588503411,0.2577658868622231,1,0.674262504086674
22.640402573663778,76.0343299586862,10,-0.8660254037844386,0,0.6223658411527947,513.214791927547,0.45884133960278317,1,0.8211442175486526
34.981936581389874,91.7269836315659,12,-2.4492935982947064e-16,0,7.205917054007413,410.956199422811,0.21626955760190802,1,0.9487377268299005
19.612075006049054,40.150651884833394,5,0.49999999999999994,0,2.201895800494274,621.7100107267265,0.49392264544954556,0,0.40573751988725576
27.231953297790415,57.133277956060226,5,0.49999999999999994,0,4.652671101185588,366.4867619707496,0.756016582465182,1,0.7922952379540683
18.317223573921943,53.97044808977071,1,0.49999999999999994,0,0.7757028759931839,330.66719792000356,0.5211020142944952,0,0.31548839729375255
42.161193022187106,75.82218985636015,10,-0.8660254037844386,1,2.021339677287631,673.3924473800998,0.2856488707180552,1,0.9375572539377325
15.499212647763898,49.24788890596781,5,0.49999999999999994,0,1.3308538646610237,447.8228043475111,0.2483966087339381,0,0.26211469908677415
27.47856568181622,76.36242724006229,6,1.2246467991473532e-16,0,5.277794483311489,749.8525864167458,0.7589344062270534,1,0.8582050402440677
30.070215047456788,85.5580421599507,12,-2.4492935982947064e-16,0,0.06859150849505709,628.489218008991,0.11823817572626327,1,0.7190452114323453
28.310392779611988,75.42804350125999,1,0.49999999999999994,1,0.8385176858769089,436.42419291487414,0.3699664944058695,1,0.8515095793435047
23.517698728978335,69.25626535492252,11,-0.5000000000000004,0,0.496656071582106,572.9332148394001,0.15148271665388535,0,0.4630522808884381
23.96143440213259,50.181899886488765,7,-0.4999999999999997,0,5.881010964898483,879.2570411670315,0.25797582929448193,1,0.6831396846720172
25.350491775832875,52.29723550811953,1,0.49999999999999994,0,1.8907641948959906,613.1409714218588,0.1526832324849522,1,0.5844452997561976
23.82398398697209,83.74428357945,11,-0.5000000000000004,1,1.553651643754293,587.254836011366,0.8867725085424267,1,0.9013072273006547
32.71103293435928,76.69023505857999,2,0.8660254037844386,0,1.7906910304252963,410.7918389530069,0.7319041990130318,1,0.9142127790601237
42.68418401273081,64.41470720933684,2,0.8660254037844386,0,10.71857932502092,776.6832044298092,0.5609272460442614,1,0.918314674788373
20.54006571993733,58.73135681351164,5,0.49999999999999994,0,5.696712613697214,697.6906570269459,0.2244252224955331,1,0.7665004957897135
14.041576163367377,34.612881903329345,10,-0.8660254037844386,0,3.6762918749707136,412.16569524099475,0.5102268271991949,0,0.4421188837250143
24.29374361318996,48.93721371973342,7,-0.4999999999999997,0,1.0294953811217589,782.0619283114688,0.5208332064475724,0,0.4444108107910515
45.637674701234545,93.67128630709585,1,0.49999999999999994,1,0.5415922819473081,524.7126824753523,0.5904037256539062,1,0.9804964915777726
18.570603456242154,45.793166434963,10,-0.8660254037844386,1,7.631434563854599,373.9427487994959,0.060085157222731445,1,0.7728880074552389
38.11293444355254,67.84219731831621,1,0.49999999999999994,0,1.6501317293083635,410.2221939772195,0.9729019711967063,1,0.9498066882240302
38.421606512611525,80.11165959792798,1,0.49999999999999994,0,0.980332506149621,631.6552050612165,0.46543897060032313,1,0.7621738046177329
20.571294066336044,46.17615997996562,6,1.2246467991473532e-16,0,1.9098515754463399,374.9749764716751,0.9265317740991033,0,0.47034632130026677
29.551864633482204,67.77065712171625,2,0.8660254037844386,0,7.497531190073931,334.5325413420627,0.009808114713976357,1,0.8154292027535813
38.0271729850283,79.06873306265983,1,0.49999999999999994,0,1.4685004765475544,434.1688276372285,0.2475583956353089,1,0.9505627008995905
21.966978072100105,65.18748982860876,6,1.2246467991473532e-16,0,2.481002713655608,456.5730163385581,0.10399557031333562,1,0.6218839577174823
23.371357119181106,108.02604583500153,2,0.8660254037844386,0,4.873141513532097,399.0026711542157,0.7696161773547716,1,0.9368512387845356
20.34655268841085,39.97101111682707,6,1.2246467991473532e-16,0,1.6713026468939478,431.90826590929544,0.3201250495947112,0,0.28517550393762114
16.881946154457065,80.88092794825818,10,-0.8660254037844386,0,0.7979253547946282,637.5396851092089,0.840492508415747,1,0.7768409918763545
19.805779639471943,62.407973939053036,8,-0.8660254037844384,0,15.62309911076293,538.4753654719174,0.832385365715857,1,0.9489293484121771
15.208477865901948,76.57880232255013,2,0.8660254037844386,0,9.409873727835178,422.6538870277243,0.6677947928065698,1,0.8241955862087331
25.272667746073807,71.61960727548869,11,-0.5000000000000004,0,5.563698519690783,435.82278765795724,0.6657818035439771,1,0.9254394669423042
18.840214151530866,54.002657043350055,9,-1.0,0,3.4978534233328133,480.25157356079706,0.700159692073135,1,0.7474437167282918
26.870287294325983,68.4349458868901,8,-0.8660254037844384,1,1.0481006875462566,488.8378688114718,0.6737638346297745,1,0.9240811894473854
12.552834830370982,37.13147822902569,12,-2.4492935982947064e-16,0,7.339814628022482,489.4720615673879,0.38690835768434906,0,0.41801211956252843
27.647041857715656,74.0487125085709,10,-0.8660254037844386,1,0.9670552197292196,632.0371494574977,0.6828276445685459,1,0.9522576394713311
31.668231692871398,69.47237698985788,1,0.49999999999999994,1,4.840480797023788,529.5557606438098,0.8974069691923586,1,0.903768364293723
9.050114859428357,74.57990252964653,7,-0.4999999999999997,0,7.512568163554797,533.9686514898822,0.33257349187662366,1,0.8092814288357275
27.992452558780577,80.87177487630726,10,-0.8660254037844386,0,2.771486015906153,714.0178030550134,0.9448890262149536,1,0.9080521668340067
34.82135193978634,70.51429760314566,6,1.2246467991473532e-16,0,4.874510882927703,781.4977147838102,0.013581587898769731,1,0.8398086567717753
15.322871850470356,67.22134129697415,6,1.2246467991473532e-16,1,4.706257210187847,315.35430707030014,0.34908253826523716,1,0.5671326982683702
38.38057909470163,51.78397495008062,6,1.2246467991473532e-16,1,0.6438813248557579,263.16378314065724,0.1320984017287402,1,0.8364502839100307
28.352152074928362,54.316688545264235,6,1.2246467991473532e-16,0,3.3071785403068983,447.589082806642,0.12661982904502367,1,0.6482682880749175
19.35990515393273,82.80101930265997,10,-0.8660254037844386,0,0.29438663760759376,617.4692859341972,0.8154294940115683,1,0.8650440824160206
24.55384737873835,86.54503108558967,7,-0.4999999999999997,0,2.126916065244384,556.3979599981145,0.9183683147501229,1,0.7965459395248575
29.46661530017378,61.42834345531919,12,-2.4492935982947064e-16,0,0.5310549051343636,658.1149554067822,0.7777582542329856,1,0.7824625817415052
25.608043131299294,65.69004120879912,3,1.0,0,1.6153587964316682,441.1454231461829,0.9766157189925598,1,0.7568207737853243
29.310047939570953,51.43078437509351,6,1.2246467991473532e-16,0,5.368962405571489,206.49397517329976,0.21632897016627073,1,0.6126290522522584
17.63461125536507,82.59135267901168,3,1.0,0,13.067402190869718,294.98274030829623,0.14079991220969046,1,0.8562008770715244
26.354886592288622,74.98125235537668,7,-0.4999999999999997,0,1.1480001750398632,584.7101087987902,0.5207037820396135,1,0.563722309220021
13.690284024760158,94.11826154695623,7,-0.4999999999999997,0,2.277576980474476,659.2630408337328,0.829037614742618,1,0.8086697440438853
24.1101915092104,51.82515384230392,8,-0.8660254037844384,0,2.148007296275738,213.98047278468357,0.0398390908380597,1,0.7296482397757135
17.76873886828168,59.32988151472674,2,0.8660254037844386,1,9.263642020021049,711.5986299962062,0.995565660999882,1,0.8562422318094591
19.115760459281866,68.47168883788359,9,-1.0,0,1.953619734557186,569.6948767699407,0.6022459292053228,1,0.6769121635719028
34.8887454016835,74.69734306588656,5,0.49999999999999994,0,3.602993755068174,489.43668525809437,0.9789418121813774,1,0.9216425313822645
33.73048096475415,61.764985436785516,9,-1.0,0,7.645043870622766,405.9765263223246,0.36508163323377696,1,0.9361817251476949
29.873104967257415,51.90558364319449,10,-0.8660254037844386,0,1.402238051712824,738.6741615243498,0.45802382053358925,1,0.8303584329283064
16.261497882619366,78.22111293385356,5,0.49999999999999994,0,6.972107723725427,634.5509649033601,0.7523614423973921,1,0.8039467302483578
22.468732402441585,75.81703043818372,7,-0.4999999999999997,0,7.483279447913448,573.6235177814971,0.7927004505613187,1,0.9414068092924381
34.70478159983347,51.25588849154413,11,-0.5000000000000004,0,8.006308352446736,390.2896246694953,0.23303305335024027,1,0.8899931678397892
26.13373530911924,85.33164201658244,9,-1.0,0,0.9459664340431637,742.1271840350583,0.9298010863077227,1,0.8842845817198284
43.55463631985356,82.55298063794905,4,0.8660254037844387,0,1.53425536971971,504.5526736932214,0.8674231218347286,1,0.8907150336843666
28.146542715154975,67.01444745871689,2,0.8660254037844386,0,6.129812769689434,544.8526185587181,0.018205303103198567,1,0.7223811995354785
26.536392931920254,66.19396793564054,9,-1.0,0,1.3349349297286006,510.9589097266322,0.12856810585518308,0,0.43232666697321126
22.52706828637999,73.31086656673861,2,0.8660254037844386,0,2.7507705431176213,385.167430306791,0.4960971064070674,0,0.4240449744981692
26.06832723825826,52.074453946156126,3,1.0,0,0.3768750734987759,547.9581478875307,0.4609555141131827,0,0.2805692699864268
23.78024130895565,65.45047218746123,10,-0.8660254037844386,0,0.17376136871490405,604.5407842187605,0.7083908550348353,1,0.8223558042873758
30.664869413508725,32.714246830862294,2,0.8660254037844386,0,1.5930543275509996,433.7588884799567,0.08971137605303403,0,0.19834341887984747
32.653618534356674,78.14683468254404,3,1.0,0,2.594772615227601,535.1114991158466,0.6448553066971265,1,0.8646903513629189
18.712084315936405,41.57760166337211,6,1.2246467991473532e-16,0,1.496192748322708,508.77491365654186,0.6163699311345824,0,0.3083976661542442
14.350136371537776,87.55129742643499,3,1.0,0,2.5863720714855933,637.2696994211994,0.23361959847804437,0,0.4674480018570948
10.310357015173627,60.04819859050325,10,-0.8660254037844386,0,2.1713411240029954,455.1588093097091,0.5423939642683995,1,0.5011398441561733
29.06393061530035,61.82499527103235,8,-0.8660254037844384,0,3.4722910100145445,533.9856445526611,0.22220720699598195,1,0.7891223201633237
16.17306715060901,55.583991408732416,11,-0.5000000000000004,1,3.145461314377312,565.5754101988422,0.14692302710060634,1,0.5090407897904464
7.776875256380137,60.679416891168856,6,1.2246467991473532e-16,1,1.656222832077792,451.7649356333648,0.5731349346540705,0,0.2881350755344311
28.108628836247714,86.27797017722055,7,-0.4999999999999997,0,1.660130882065118,376.19681484807325,0.9774742783005703,1,0.9256996761025267
44.94399613946233,27.68287015197381,1,0.49999999999999994,1,0.4551850381869608,400.6090821121843,0.23693334917174502,1,0.7870828915492581
24.951432707680855,84.15448079132281,3,1.0,0,2.159943471096166,561.3785054792868,0.3553361493551519,1,0.7522684805511572
31.707926195613133,70.07035221652562,3,1.0,0,2.6542245132186055,464.7025830084106,0.2565732259900467,1,0.7079938638549899
25.65463486838052,46.89467528214176,2,0.8660254037844386,0,1.9415939864799343,462.7115812121535,0.26645982164649473,0,0.44176322110366384
24.208882774470858,48.87031410426143,7,-0.4999999999999997,1,1.1822731241318696,590.62213505236,0.40419213418668065,1,0.6057870900550534
32.35261186390215,90.14589540812304,9,-1.0,0,3.836612203338542,652.923728454297,0.7018555106506201,1,0.968781828863223
22.67780364649079,50.81739680085903,4,0.8660254037844387,0,0.2327874563450307,678.757381001723,0.03880452403094514,0,0.3086477863909852
27.139138512575222,47.69974234106061,12,-2.4492935982947064e-16,0,7.375625149059976,408.1248262846389,0.9571241956855602,1,0.8465916037521746
27.573582449568107,82.05971813547094,5,0.49999999999999994,0,0.06257848175916986,638.4118428196489,0.0462798794892475,1,0.6240191842868993
19.65527637085561,70.07829314428871,3,1.0,0,9.83827760675965,812.7474640322978,0.8812531819445597,1,0.844830586224274
32.93633879629218,50.93111635195402,11,-0.5000000000000004,0,1.8616737169086903,518.9105299445508,0.8943780987619989,1,0.8801252232052706
23.60032194643673,68.24937463106929,9,-1.0,0,1.5965050235952631,489.00347101160105,0.5244891875915233,1,0.6300557351596875
18.95403872405724,49.61370974539584,4,0.8660254037844387,0,0.8889336599076975,457.73586242489,0.13699682861896745,0,0.12871186979996468
29.292078748563227,81.51232097633908,5,0.49999999999999994,0,0.030366575403062392,340.4364223191498,0.5651459705569438,1,0.614332817046788
17.812256145671704,80.920564473097,1,0.49999999999999994,0,0.9638831265335608,626.3380244607258,0.6286321599028497,1,0.5693391395836193
25.225449258953027,72.98009298232915,11,-0.5000000000000004,0,0.34757940719558716,489.6708133690604,0.8577589578071113,1,0.8540268743590689
24.92704802684637,70.42491591870525,12,-2.4492935982947064e-16,0,3.2348486006933577,477.54352669639934,0.5508953757695697,1,0.532508706931777
33.68716452665262,91.41782187301061,2,0.8660254037844386,1,1.1529092112200647,603.1015157120248,0.4107093959033382,1,0.9017911014587784
28.79758586303962,64.99529491082338,12,-2.4492935982947064e-16,0,4.372460314650075,616.9224576308048,0.8382911938541139,1,0.9250037271762191
24.79978433003885,47.27188811868798,9,-1.0,0,0.6954791169658652,409.8735097002777,0.980951797352619,1,0.7892114373533448
31.542130393602296,71.7421086924846,2,0.8660254037844386,0,6.914809288624566,413.4553512529343,0.6451032051579333,1,0.7397212707933444
36.12166039213851,96.2907057430567,5,0.49999999999999994,0,2.2206001093379304,406.79665392710723,0.8743870373028095,1,0.9597414541814178
29.462482450814896,49.77860760221222,8,-0.8660254037844384,1,0.3648294584702774,817.0271454196918,0.5987351128290642,1,0.8426019499922027
25.082820958747046,59.57805849959021,3,1.0,0,1.536706029127745,721.5718979995247,0.6897879914103057,1,0.5451022070547692
14.505310141198724,71.2466905715218,6,1.2246467991473532e-16,0,0.6948903469037657,606.0560633811903,0.6881671175489188,1,0.5790191563109832
16.47909069539702,64.19142726491391,4,0.8660254037844387,0,0.6682512339422755,443.6883142759034,0.7047869868402653,0,0.2807199560177451
22.558202365162657,50.26544629434028,11,-0.5000000000000004,0,2.1179054964410398,461.4606451522825,0.3210134439286336,1,0.5722448200087477
20.123902382725735,81.82786784345706,7,-0.4999999999999997,0,3.3432375124751856,554.5155984614615,0.5756613962717123,1,0.8514885145969451
23.504229576116433,99.80061083025889,10,-0.8660254037844386,0,7.278267825470876,831.3695349825668,0.5941355839737954,1,0.9407888682092022
25.453199399176857,67.94197188535861,3,1.0,0,2.092441733115039,543.3315738708894,0.31507162671323197,1,0.5077630319354096
29.237542034853846,51.43897565396,6,1.2246467991473532e-16,0,10.129992155269512,576.3238364701888,0.3498523677036637,1,0.8231274874685052
24.43600977552727,41.76559212419787,12,-2.4492935982947064e-16,0,8.523109048114474,117.65284001792969,0.7622467650167147,1,0.7619444518466567
28.892013150609614,68.86963971831771,10,-0.8660254037844386,0,6.00883137874915,538.6368390945065,0.5827238406172491,1,0.8803747727591585
25.51579531848096,81.55816014974387,9,-1.0,0,2.079305134555545,290.9207799866583,0.1492111479631686,1,0.7490666991920945
9.19626746916903,72.12751619743072,11,-0.5000000000000004,0,0.45562361950908925,426.95076241375875,0.8376369886828723,1,0.6180028903932622
17.485316849449966,64.9639423862172,10,-0.8660254037844386,0,0.7373351536095513,507.0328882609786,0.8831142870743197,1,0.5199261683567656
23.847299554227078,56.160925223160405,1,0.49999999999999994,0,3.1295611507798795,454.6847436608889,0.46614114795781414,1,0.6137044625912527
15.32244205727114,48.617545509228655,3,1.0,0,1.6432727717733375,404.60601189499624,0.20890743202292694,0,0.2570371103524093
29.799429839969637,77.52126989487323,2,0.8660254037844386,0,0.47628961469194414,405.94296405015837,0.9476064954049053,1,0.691853889520069
37.24600665874958,78.70657432078379,8,-0.8660254037844384,0,1.9559807808300391,468.3427602262616,0.8822695645195763,1,0.9563837985821713
34.750094813578535,41.814053199639005,7,-0.4999999999999997,0,0.05275273840884947,461.79373722926033,0.2443817463418385,1,0.5317896277286172
23.292457032558335,88.84758467271025,2,0.8660254037844386,0,3.971597115169741,503.04088519800746,0.09559373630269741,1,0.7980945275741499
36.92580909479962,73.61106831341002,6,1.2246467991473532e-16,0,0.2292869422626784,491.82825232345135,0.44065360754910676,1,0.835175274163224
26.18933965761689,85.99391967718691,3,1.0,0,2.975578549236497,691.8313935879628,0.6763969864937396,1,0.8974803736281001
22.303312231055685,44.868083772723274,8,-0.8660254037844384,0,4.725258846748037,192.55990340917202,0.17538858521994405,1,0.7583608849618398
20.092778691672482,44.51263766876842,10,-0.8660254037844386,0,0.4269168912909961,536.7459785375632,0.513212658431748,1,0.5521524828592614
22.580242508094972,62.765460353490546,3,1.0,0,2.193411384004413,510.65144153727204,0.4254154942725167,1,0.7503064444920079
21.89458545167017,72.54176640342791,10,-0.8660254037844386,0,4.529694356930003,479.87144777612065,0.8905511487694656,1,0.7894658035015787
26.3633297790039,91.94541234390445,9,-1.0,0,0.9058844379603264,394.1284362153657,0.4295666328071286,1,0.9394315027521574
26.284591848398918,75.59118370722697,1,0.49999999999999994,1,0.5334946905571757,477.54372729822154,0.5337763937350376,1,0.7697715189759773
25.024368161227315,61.3597808478195,5,0.49999999999999994,0,1.23212247561652,254.97386628506464,0.9552861960018223,1,0.7027777778005315
28.4955053579708,49.60446188501162,3,1.0,0,2.4270156525846653,531.0076838300625,0.2996917658745646,0,0.4404938436509694
34.52517019829073,83.45000859078725,6,1.2246467991473532e-16,0,2.5689725903873266,558.2088752631344,0.28899093194194136,1,0.781191450349121
32.59643308353059,50.52941861373928,10,-0.8660254037844386,0,0.42080956445156337,394.3897260475356,0.7995950799420427,1,0.865767577735771
13.120816252400772,89.42702832158483,2,0.8660254037844386,0,1.8350823293274905,791.1036563177622,0.27753898614396866,0,0.3290277654285998
4.568630920784361,60.73423025590236,9,-1.0,0,0.9370810571464966,481.9333442377263,0.831865870073205,0,0.3848101909988147
32.47455928991419,88.85873108926776,6,1.2246467991473532e-16,1,5.535940609787021,506.61092349400866,0.09553560936164496,1,0.919486781610714
14.064970412676631,75.18396935088917,7,-0.4999999999999997,0,1.128775505862638,700.3672496825234,0.1112612473094684,1,0.6061923640780772
23.20187678485853,62.94506765836313,5,0.49999999999999994,0,5.473552034013895,821.3185204802335,0.9013233741627718,1,0.795805970489624
15.639095791525124,57.2090544226081,9,-1.0,1,1.6788115801790888,331.4990879106234,0.5408122824824353,0,0.41249155585867053
10.584156499359842,59.886381839808806,1,0.49999999999999994,0,3.8903018775038705,413.42562816899886,0.7188142666942388,0,0.35204271453365144
29.331701825638305,71.42475038562856,5,0.49999999999999994,0,2.1404184324851783,484.59842465106533,0.2252888918625443,1,0.5124010230246043
31.073241282421176,66.15734744326575,11,-0.5000000000000004,0,2.918286630870819,388.5690965534567,0.1662743683821083,1,0.8332854238445188
20.387916794186246,56.09282887896942,10,-0.8660254037844386,0,1.5093488063777762,626.9168782025758,0.8349542622326401,1,0.5947729469413376
4.271661662840721,62.515528845235515,11,-0.5000000000000004,0,4.385728635769039,372.0525745923249,0.3586234070232488,0,0.3213637552936239
20.630044413980137,66.17865544578724,6,1.2246467991473532e-16,0,1.6611439655202078,689.990474531995,0.45503261912199444,1,0.786866908607072
28.13443204322037,33.06898858377782,7,-0.4999999999999997,0,1.8344894955864601,593.547087396121,0.02797189727535898,1,0.5299520803221869
13.16870744980697,71.87252172183048,12,-2.4492935982947064e-16,0,2.1874341708948903,674.6064779275976,0.3858807341929664,0,0.35859919644533256
26.466879358233246,50.3041816292479,4,0.8660254037844387,1,5.348234798527192,372.72441002324706,0.7704378081249784,1,0.8620887536156413
24.877521206616034,47.700013951913824,12,-2.4492935982947064e-16,0,3.2309539414200827,442.47583761206766,0.8212751772861694,1,0.6300566013475629
29.634331996808708,39.689834793339344,1,0.49999999999999994,0,1.2884761099805055,634.6978321676107,0.6987547888825418,1,0.6801570762518199
25.956642947313227,38.091612531981646,11,-0.5000000000000004,0,3.3288950451863135,607.4889784250871,0.6921797335437422,1,0.6440678054183047
17.215448472947557,44.668287453315656,8,-0.8660254037844384,0,3.0852436432558603,456.97118585704885,0.5062392665971579,0,0.4355006673166857
34.572572013315934,54.36468563554264,10,-0.8660254037844386,1,8.021784521966211,478.3201303470633,0.538329329259823,1,0.9341518477708105
23.73176341578424,94.29888706289853,4,0.8660254037844387,0,5.524420821268331,434.84780782702177,0.7426317468131435,1,0.8964260761418427
24.781563683920545,57.11180486157194,3,1.0,0,3.127662291438095,474.28339632844586,0.24730179882772285,1,0.6030767127038645
17.533856327414433,67.66625159402047,12,-2.4492935982947064e-16,0,1.2534046684872264,355.19891907099225,0.231517068246056,1,0.5211692019078511
21.45374199046792,71.00722079759493,7,-0.4999999999999997,1,4.5366130531973505,330.0173820107509,0.9499248239140546,1,0.9003031443111081
17.921578287784794,66.96597779323773,12,-2.4492935982947064e-16,0,2.5684689945626005,650.8145773420135,0.027689886758775373,0,0.2616388261084137
23.616431520612615,63.8383480891101,2,0.8660254037844386,0,12.653604722082143,469.1893354875017,0.13946546366518153,1,0.7534645416567667
38.69366784113875,47.07059354601133,8,-0.8660254037844384,0,0.8530872800132412,672.6991611321052,0.570332426201248,1,0.7552791513063429
14.02479085654915,86.76391322418817,6,1.2246467991473532e-16,1,0.24902277884119492,589.3977202579118,0.7378348386983485,1,0.861992740506297
12.091508816986071,92.10794965456827,7,-0.4999999999999997,0,0.21736310489254412,546.8015768910074,0.5378910829850118,1,0.6128697019649886
36.769362619948865,39.76011958815971,5,0.49999999999999994,0,3.065206989548649,393.4667389392325,0.35506399616488415,1,0.7151237024931351
23.32541058278507,49.639571136704305,9,-1.0,0,8.403469764248781,318.38303390029944,0.9779761193529676,1,0.8925909143942606
19.647418090720667,60.802844864344905,5,0.49999999999999994,0,0.005801348534693685,431.46369219092804,0.7038526851328458,1,0.551371823207237
33.31923749916861,50.53193307634713,11,-0.5000000000000004,0,3.8813757793939314,729.7876111135326,0.8313908410670791,1,0.9145467683892098
20.155075682105085,72.58948330183797,5,0.49999999999999994,1,3.210644659243883,633.343529430075,0.04024687418820405,1,0.8499502436765951
39.60807770837549,54.0759169639008,3,1.0,1,3.9537119661552182,417.4379019252904,0.23592011047338368,1,0.808318637305767
30.423406970714154,97.47584101709904,11,-0.5000000000000004,1,1.317401092244895,433.1659653893688,0.3741710935915801,1,0.963607315439896
21.09670873483438,82.85822891515394,1,0.49999999999999994,0,5.152680792989791,360.63657791142674,0.18260139808227804,1,0.7416315492277858
42.25846570612403,68.18861045948323,2,0.8660254037844386,0,0.13721132245027773,267.93715811987045,0.0728992727091472,1,0.6926040582963433
20.154280615973292,80.40479394979599,8,-0.8660254037844384,0,4.224774638152856,515.2400019956791,0.22509166459468022,1,0.7517473190898697
30.936762976074455,81.58850636535963,1,0.49999999999999994,0,0.9321231850915569,758.7616114574591,0.5336356312370426,1,0.843991071911766
27.394340643251937,56.54078767912635,7,-0.4999999999999997,0,1.9435910432938377,760.6449050163326,0.6957452483567053,1,0.7532279223919643
35.413930315190385,52.75674133187053,5,0.49999999999999994,0,5.1886580760088705,591.1855939667905,0.774020922965081,1,0.872740302191446
37.49208957381482,66.17214594454471,3,1.0,1,0.9497225159544098,409.59913393263105,0.04293615486771707,1,0.8191850840915189
25.256033192526132,77.92454186746916,12,-2.4492935982947064e-16,0,0.6144654410258618,282.5779686404188,0.42798617221259116,1,0.9012884436861645
18.972657037230533,67.08590597980127,12,-2.4492935982947064e-16,1,3.4306392921052717,657.0593278464067,0.12221158358536732,1,0.6699329356764148
28.679777143512933,41.345052767135044,11,-0.5000000000000004,0,2.286815913358677,567.0825202335653,0.43120038644467185,1,0.5202663627960781
19.57827704198315,52.95763334073737,7,-0.4999999999999997,0,2.1671340186264985,452.56577400342155,0.4339758491202951,1,0.6105980857758578
41.107097980212984,63.89040704608433,9,-1.0,0,0.8902472234374315,427.5061846531591,0.4982116867122437,1,0.8997686345024519
26.0922826486619,63.865015935112545,2,0.8660254037844386,0,0.10650944974574192,590.0654866438763,0.8928306262632394,1,0.8326460448370296
22.07742758950313,94.58813265184712,8,-0.8660254037844384,0,1.5842670384658897,376.0067723229279,0.8050955026240895,1,0.8799597504605214
26.477442446919266,44.21018086401503,9,-1.0,1,0.3380265503757267,535.8848250350063,0.6367208451363918,1,0.7804804422860864
14.222989683762428,72.58383862753811,11,-0.5000000000000004,0,7.093035254240524,317.0267379858735,0.8854073229335307,1,0.8811384468458856
17.22708769191479,87.33669662492434,3,1.0,0,0.12637579106926786,834.2767379657341,0.6784686165046233,1,0.6403853340139768
34.603311263555405,99.07174618134194,2,0.8660254037844386,0,1.695058067310582,396.94289215875574,0.8188549607630752,1,0.9622898168719525
19.744845768228835,58.93403865224058,7,-0.4999999999999997,0,0.1609795944728284,597.2598434411699,0.5637783009841266,1,0.6529499617517345
16.62471213854448,72.37144179080299,5,0.49999999999999994,0,0.30126444691436527,320.296753049757,0.5252182516309006,1,0.7498936492425606
29.293222020218288,73.54640535797971,5,0.49999999999999994,0,3.2264456160834154,475.51202613509247,0.7240972427723847,1,0.8673213719918133
34.48563323730397,67.93222597329937,10,-0.8660254037844386,1,3.1248073758783645,632.6927835145132,0.019689311975751078,1,0.946431135751234
30.751626485320536,63.51732198141041,5,0.49999999999999994,0,0.10083228322808423,665.1433070936013,0.6903775716314234,1,0.6736196513596439
32.96838148644653,71.53963084250069,4,0.8660254037844387,0,0.003396347166319801,614.4932394654377,0.9345182184043647,1,0.9212889270092198
18.945639291444316,27.016308721704718,5,0.49999999999999994,0,0.2462932044273476,479.26335060154094,0.7139420798267541,0,0.23075851960283641
13.62551466606525,75.23104235093948,4,0.8660254037844387,0,4.3190714605600755,400.10735058417094,0.0367937242972185,1,0.5863725419636547
37.010669215643894,66.89266855492951,6,1.2246467991473532e-16,1,2.635370194708087,338.34843222212913,0.3778856407727239,1,0.9406076827424975
22.418561289262914,61.66287654832602,4,0.8660254037844387,0,0.11659125560272121,725.5697881656689,0.8095813022712861,1,0.5579088408254154
22.993335868359623,95.70293293579337,2,0.8660254037844386,1,2.008860468070891,515.5056859982939,0.95860855004442,1,0.951525890879187
35.62555313479246,54.87598971814172,9,-1.0,0,3.7346902147760446,543.2358840632849,0.37016335563637726,1,0.8802425771679373
29.44984007520528,58.95386016402454,2,0.8660254037844386,0,6.096560973045875,674.8054780649163,0.8411940558769081,1,0.9088522083964846
28.64710217665286,94.873299533071,9,-1.0,1,8.155960735883868,588.0096925332555,0.863809875301513,1,0.9899188716934236
42.32001875920867,52.51908042725215,10,-0.8660254037844386,0,1.189994367561556,480.8874120353551,0.12328639932605001,1,0.8223018501167018
19.851854156958858,56.748270755951914,6,1.2246467991473532e-16,0,0.43796574116376463,611.660517257077,0.8457884667186873,1,0.6298029308109088
32.422721024649896,62.79461864853725,9,-1.0,0,0.8112004888101043,406.61804772324194,0.32424989563861506,1,0.8183915664710583
25.456104999176677,77.61101723194324,9,-1.0,0,4.49062532941698,267.3287783777507,0.5932377215654173,1,0.8838125003615669
27.148738230906055,68.1170376102997,3,1.0,0,10.671892460597448,711.7763363026775,0.538962119356421,1,0.8888888856764917
37.22774741130026,45.610619792716065,1,0.49999999999999994,0,1.8842904689511262,419.11947803993314,0.6630538637361206,1,0.7984588649331545
29.06268605031699,57.01747155309216,1,0.49999999999999994,0,1.093055350612341,454.3565055923973,0.7404646509447302,0,0.4039068802557026
29.306368632397064,55.88968350181683,3,1.0,0,1.68209968138783,467.5874862310715,0.4408810976185801,1,0.634890227218814
33.58005869847842,63.84168432165431,5,0.49999999999999994,1,1.0907238387813063,409.6691960423584,0.8883108221491324,1,0.9206921921349592
22.080378163656917,71.38765487944744,3,1.0,0,0.8891091961866319,665.2000792262899,0.8094984215615613,1,0.7753284618216825
18.286322661287947,71.27308633831959,12,-2.4492935982947064e-16,0,2.702365192257348,556.1684290312942,0.7854210926478598,1,0.5819924989430254
16.64152644783173,38.359823689273966,9,-1.0,0,0.047583315872303064,454.43196503038007,0.45824684193429177,0,0.27495994905794563
9.269147284991986,80.95911481341284,9,-1.0,0,0.9015006191788478,308.64966784475837,0.03757288584461016,0,0.48881545736304594
41.44965703952258,68.78853268994935,3,1.0,0,3.2486486415464446,545.5696723041132,0.4922564063789444,1,0.8321819225468381
16.174333074226535,85.7679807139086,3,1.0,0,0.09776388814543577,132.4085483632955,0.8984455341441829,0,0.4662777512676839
23.229971011313825,71.66297490936007,12,-2.4492935982947064e-16,0,0.26060374314461465,534.9119042854169,0.19045015560751888,1,0.5172968099115157
22.785493600888636,81.51984436603644,5,0.49999999999999994,0,1.041855264196334,701.4770667283096,0.9825924720105879,1,0.7638517650039411
27.459253582472805,71.9981796717519,2,0.8660254037844386,0,6.306406504504901,509.6837614323581,0.8076906200131714,1,0.7910122608421227
31.525897700314374,85.19338634304123,6,1.2246467991473532e-16,0,4.3430563719158375,680.9490955589044,0.7098297922820648,1,0.8879497158324328
31.883787906877963,72.83375954026668,7,-0.4999999999999997,0,0.06721732365147087,315.6233641643369,0.6771599579223208,1,0.851666382793653
20.335380491448493,63.53127130335644,9,-1.0,0,2.089736084560088,805.7812092933239,0.5870258819337626,1,0.580870099293375
23.663026289708707,99.08652080670322,6,1.2246467991473532e-16,0,0.9634580226712073,664.5928157812523,0.720670323249132,1,0.7581570268162197
27.260639603906398,78.33555683419839,3,1.0,0,3.137880139186585,571.3948793267335,0.42190555621932047,1,0.7395519258791129
23.010470990531623,73.60616631506619,12,-2.4492935982947064e-16,1,3.835592137909913,410.2408317664604,0.8452881080201297,1,0.9474260833378674
37.858764608159944,45.85543375192496,5,0.49999999999999994,0,5.960315307785021,385.32168447581756,0.6963459560952808,1,0.9046977329415056
28.92779961310601,45.675385738046934,4,0.8660254037844387,0,1.93545049028267,489.36388574069315,0.7712531123795491,1,0.746229611650437
30.879022288398538,69.3907322321278,5,0.49999999999999994,0,15.581919916531284,680.4167343988346,0.7924874221659796,1,0.9363020955708337
30.303050149339303,67.18281796652361,8,-0.8660254037844384,1,11.733985832793856,302.67187536924854,0.09207004570890254,1,0.9268325864338075
34.3877908598826,55.78816152487526,8,-0.8660254037844384,1,6.415453718622404,501.5615764912547,0.05564077268773793,1,0.9162223563861188
26.448172469629654,67.1147404941809,6,1.2246467991473532e-16,0,2.5660772609334783,610.1330407495676,0.8009858684847359,1,0.8691542724775747
14.625344416353228,88.82940392065393,1,0.49999999999999994,0,1.5225255817752723,639.402322590133,0.2593840210382462,1,0.6091096630471161
28.197503614021134,75.43103711825448,8,-0.8660254037844384,0,1.3594929182035944,609.6854751592549,0.5819698075118143,1,0.7652981019138044
19.78914484966537,47.88487235370893,8,-0.8660254037844384,0,0.0365965634321893,287.3609711196932,0.44371085521898623,1,0.6361022695518789
20.771066546001947,63.32736759285584,2,0.8660254037844386,0,0.8597460222052815,669.7666826781428,0.022039203667634233,0,0.3193475623153825
29.690912150040745,52.925502787211585,4,0.8660254037844387,0,3.8061552134997614,510.0790484143546,0.04028125816627148,1,0.6313819584701101
34.90626457146909,59.18450125387158,12,-2.4492935982947064e-16,0,2.7762373750342952,337.16072660405746,0.8271252422787957,1,0.8421726493197409
25.170172613888493,58.79576501555536,2,0.8660254037844386,0,7.445931644358171,496.374768898942,0.6076775614887239,1,0.6031740525640146
27.47066410079171,57.83531626093992,4,0.8660254037844387,0,0.15395020056533848,206.20022850315655,0.5238430787368449,1,0.6397609416654532
38.617719557081905,46.17296942039908,12,-2.4492935982947064e-16,0,0.5062381387529897,586.7447034515403,0.9443520834717503,1,0.8719809293136414
26.926025435908546,63.08517977722715,10,-0.8660254037844386,1,4.671159639804288,480.84358001929246,0.17311502592884487,1,0.77992853039913
45.813464913443156,56.59088544729035,7,-0.4999999999999997,0,1.3318739725769557,309.4826515631254,0.2579708396587985,1,0.8566896919937718
29.524077165052354,21.05826964996598,9,-1.0,0,0.37786450341793676,456.48850904861683,0.7567390782356272,1,0.69029191807027
10.913897926753458,95.79458036752494,8,-0.8660254037844384,0,16.922849901999207,393.8802171434785,0.7752352279579294,1,0.9770605280401502
31.02673296883626,81.33154481325008,12,-2.4492935982947064e-16,0,4.642916802547111,403.4624271576188,0.40489719643916444,1,0.9133502438440108
28.049267079062222,59.35548912612506,9,-1.0,0,1.5765035384213233,160.84506259102483,0.95097843464376,1,0.8375456863819869
35.318022032661965,65.28228574610898,8,-0.8660254037844384,0,5.20071186748382,249.17548699479963,0.9382545777151706,1,0.9788450361721331
30.385450810159668,47.42518479023657,2,0.8660254037844386,0,3.4239694803481995,465.5451512964378,0.012409715060159532,0,0.4733978340610797
23.892352128129808,90.43584316716297,7,-0.4999999999999997,0,4.681582688887824,439.73741074829593,0.17232790234072504,1,0.6456026533196062
15.205614109685074,93.45933042159668,2,0.8660254037844386,0,5.065546893020077,646.0967242720591,0.8202194416838713,1,0.7997577800615049
23.3278139417118,67.35040592369786,12,-2.4492935982947064e-16,1,0.2656042099982672,405.2325531994282,0.3352166848260083,1,0.7560804466569662
18.1958363663256,80.35295966278017,11,-0.5000000000000004,0,2.9263145345197747,420.9528020523096,0.09546267869982838,1,0.6938746034937221
20.35581240156222,67.62930168400885,2,0.8660254037844386,1,0.020426038555147685,427.964012626004,0.7849991744235836,1,0.6120829307988855
29.708627235364876,44.94911841686104,4,0.8660254037844387,0,0.13328624281525753,470.4455411301358,0.45458350557520943,0,0.2461568917320243
38.359236034811246,58.82264946554514,1,0.49999999999999994,0,7.029596610574124,513.7196100535951,0.49241078671537186,1,0.870316988636468
28.15737223858385,66.97891950157936,5,0.49999999999999994,0,2.2495572034715168,439.05085837531107,0.18636938881617127,1,0.5732830453767483
15.432935503718525,58.181784218848335,6,1.2246467991473532e-16,0,3.9943049372649946,585.6832231189363,0.6608950539389278,1,0.5106765448412874
28.556821345761126,61.72020083847446,9,-1.0,0,5.469768807339387,845.0331460442889,0.5512413181226177,1,0.9186458220346806
34.57305189316521,63.62900663736328,10,-0.8660254037844386,0,8.962504770128604,376.1834157733648,0.2066729377890758,1,0.9264502821655578
20.121736765444943,63.78682253201808,8,-0.8660254037844384,0,6.1057652560829645,558.7745015259194,0.3403315084392068,1,0.8777674664226998
23.927862666616658,65.78387735746225,2,0.8660254037844386,0,1.9809450038217775,504.4289369421985,0.596879287336172,1,0.587914252427819
25.117505557833578,49.09092400405099,1,0.49999999999999994,0,1.2282852381152392,657.0551798670127,0.9248722554334101,1,0.756605749208775
18.720813495342078,54.244757763080955,2,0.8660254037844386,1,0.5034573327575637,530.4499854358698,0.9203763503214917,1,0.6175584362739834
30.186243470750874,45.73123601450046,7,-0.4999999999999997,0,1.534084714517379,391.0323214436963,0.287905904397483,1,0.6779446665841371
24.03241481113775,79.667233245293,4,0.8660254037844387,0,1.3694554313188791,325.2419378972489,0.7356209777598849,1,0.6516565003599106
28.356259551256223,33.415295872395134,10,-0.8660254037844386,0,2.4600442509732354,591.5734406138293,0.7755190805238095,1,0.581342031827716
17.9000625775832,82.30385514975389,5,0.49999999999999994,0,3.285439582901112,337.4297007094673,0.8088230999827948,1,0.7460889728887372
21.500333597412716,85.79524095894266,12,-2.4492935982947064e-16,0,11.494853213622573,677.5610729252151,0.57076228475148,1,0.9719809067907934
30.77905086262217,60.46729119526068,7,-0.4999999999999997,0,3.9101220702022452,582.9789031586283,0.0105079980995878,1,0.7101519564501544
22.017334783265863,25.952943682590522,3,1.0,0,3.0963552838479025,513.0063725217652,0.7616762854462485,0,0.2910592143042346
38.81571080986724,59.580341570490646,10,-0.8660254037844386,0,1.2243217406618654,303.16174508607895,0.10659744982935004,1,0.825099262694004
21.80291051508318,64.0372375806677,2,0.8660254037844386,1,0.1053395764140588,601.2984714669108,0.11687138622040183,1,0.6840566560980981
26.797477806015088,49.8410267010663,7,-0.4999999999999997,0,1.0195593773645266,742.5149112220561,0.6056248026461527,1,0.7617288203402739
32.46072665498472,57.27172409287636,5,0.49999999999999994,0,4.3888511362978875,436.23577878971844,0.9835205210253016,1,0.9248880901597375
13.653074136535746,87.95292798295027,1,0.49999999999999994,0,0.6892658602474809,388.7138994009154,0.24253947326579983,0,0.246958770184211
10.913529504153793,74.97390743452611,1,0.49999999999999994,0,3.7363453880856152,486.19613115076606,0.6458108800512076,0,0.4490299588329443
12.794749483439242,51.1315382843285,9,-1.0,0,2.6009295620484574,570.0413407897821,0.303653645737601,0,0.35826162896007313
35.100672827417455,41.03601245606852,5,0.49999999999999994,0,0.5657078307470611,420.3171180500407,0.8987261136105297,1,0.8206129016610606
20.585134832860426,60.094740235853436,1,0.49999999999999994,1,0.9099095730326453,634.8797218985012,0.593516892113864,1,0.706469756204544
45.465594285346015,61.798148309743425,7,-0.4999999999999997,0,2.0573447408676913,786.6076961405547,0.20747732765647087,1,0.9441023336817895
20.486019210740892,72.44298781044975,9,-1.0,0,1.625786585409664,549.5368825276901,0.2621310504454283,0,0.4832069236060945
26.476410425576297,56.97024931148512,11,-0.5000000000000004,0,4.522862945473875,451.2520845472511,0.43248073041812096,1,0.8617373791976651
37.336879620543,72.67249363042792,1,0.49999999999999994,0,3.977344022962866,566.0005662273369,0.1220435620298127,1,0.8797264474804408
41.04874310527298,94.02731060090343,10,-0.8660254037844386,0,2.5639963277809983,676.594934450166,0.07873336826348165,1,0.9278929155926934
41.49202861309118,77.23251533666394,4,0.8660254037844387,0,5.182548731163455,523.9454942828025,0.6800613957479561,1,0.9369273447193032
34.66692984474514,64.27867239003841,3,1.0,0,2.481198509563462,572.7642546654802,0.4071650620891203,1,0.6492397955554996
33.1925002064917,62.25274293420058,5,0.49999999999999994,0,10.005323722079755,605.7149283113439,0.726225791870277,1,0.9306648645318637
29.740215593609463,59.64990298730193,7,-0.4999999999999997,0,0.7347264893051952,368.6831216218855,0.11005820043762149,1,0.707995990459835
31.226888609333102,82.70961368678218,8,-0.8660254037844384,0,3.756675272355172,568.8682012114413,0.6098655479010957,1,0.968012566100104
20.59051426937173,55.59029831073046,2,0.8660254037844386,0,1.3858403527491336,298.7076793736301,0.44330679336974044,0,0.29986766998787123
18.454408932621543,65.67834063499974,7,-0.4999999999999997,0,0.9812077671693371,401.235329285435,0.057998654457028564,0,0.42040144527475537
24.973004340712382,65.76796852821629,1,0.49999999999999994,1,0.5967707462101554,671.8493601929441,0.5448019782759769,1,0.6017333804761259
23.638523019800573,57.47323710782702,7,-0.4999999999999997,0,2.4122595284388613,630.6552852966149,0.08280427471454577,1,0.67034916820769
21.374175605381797,44.41301678173849,8,-0.8660254037844384,0,0.7280092307319556,459.47299846513863,0.8277197477910081,0,0.44769495420350647
30.571099579653723,69.84461755426503,2,0.8660254037844386,0,0.6707466354665137,755.8690150168597,0.6319574653900288,1,0.7418261413399333
32.64244166856409,64.08494042216924,9,-1.0,0,13.97948268730606,303.4714879399861,0.5569675337604484,1,0.9603167119421641
25.70725509033478,72.50360704154855,1,0.49999999999999994,0,4.85464016631084,469.2368460564599,0.13346900446965904,1,0.7094992777756451
36.820240648442095,56.99599540341249,6,1.2246467991473532e-16,0,4.138275864988072,541.2656433968644,0.287457113504083,1,0.9001726956958447
15.86648708693196,83.31231948219572,1,0.49999999999999994,0,4.740520361727422,78.76291614214551,0.49287589713529933,1,0.6377441144708444
23.450724325762256,51.848393281822325,3,1.0,1,10.4138496592517,476.3506138285856,0.633283513639688,1,0.865758133385121
19.26542143517756,90.68060426026838,11,-0.5000000000000004,1,2.554858376441493,331.3252650157532,0.18323071874215557,1,0.7628148635203791
10.06770706341552,38.78545235257607,6,1.2246467991473532e-16,0,0.7463222145746171,334.73944057023294,0.008866278133623395,0,0.12296497084976259
24.338554513258405,71.52155096835337,3,1.0,0,5.94606565432452,459.1655173445213,0.3447601872692956,1,0.5298153765734499
24.026019932933732,72.13146023789935,8,-0.8660254037844384,0,4.0728959918223655,226.15124445484543,0.4828714545562436,1,0.8872822468592216
37.107597945937044,53.06664398088677,5,0.49999999999999994,0,1.6048852743699331,378.8060324660686,0.18443350559680305,1,0.6375920453628016
30.046493476438222,71.36590906791518,2,0.8660254037844386,0,1.9249078716373913,229.6576465992161,0.4921655058552058,1,0.7081889249871165
16.80650540536636,84.19278004640239,4,0.8660254037844387,0,1.5892731225278007,518.5680570167456,0.3384858585692687,1,0.5290839145273537
39.832740530673505,31.74771740968903,9,-1.0,0,7.975302287020163,515.6520847701772,0.4550896661064078,1,0.80187928849343
34.768269564202825,72.54117211236222,4,0.8660254037844387,0,1.2626422138719637,447.71780428109236,0.34745775057859396,1,0.686738102377722
29.656781627748927,27.600937695048835,10,-0.8660254037844386,0,9.93003716813693,649.4667745790001,0.6284678497868001,1,0.8748862690626636
23.188127209201344,50.51502794715188,10,-0.8660254037844386,0,7.23290957305771,455.5756122358902,0.04289701099357168,1,0.7026536972086971
17.324486106212163,89.43749547351418,8,-0.8660254037844384,0,2.986985276293636,496.5379241394083,0.17090528994427356,1,0.9041233505303017
22.022345791431576,56.27326949911919,5,0.49999999999999994,0,2.601228923861679,364.0998870379079,0.4327508691109996,1,0.6767399434343183
33.709988957633485,47.39180053386541,11,-0.5000000000000004,0,1.3865315521073154,154.50882686118905,0.3562967155518567,1,0.7453353057330652
40.07669044747687,62.03093406522977,11,-0.5000000000000004,0,0.05552586502067961,478.1990431034866,0.39163195595381706,1,0.7831470349146761
37.34594822617751,96.01859507245328,10,-0.8660254037844386,0,0.4096014676155545,458.6077609468607,0.8037606948804797,1,0.9560489356445527
21.089204625709808,37.52476629190961,1,0.49999999999999994,0,4.210093572794945,756.486302211156,0.8863316582473657,1,0.6426900207598087
16.04306053368791,49.230351325409835,7,-0.4999999999999997,0,1.9133652059439534,600.1169035974829,0.24866878349757005,0,0.40952563290130334
26.127089975289632,87.4614752476944,3,1.0,0,0.486985551780718,438.0318320785548,0.8363910602863055,1,0.8731143950174128
10.852485075497187,92.86553515306599,10,-0.8660254037844386,0,0.9194159230404861,521.2494537108913,0.4587898652903578,1,0.6921072648271128
27.58534171347825,63.44853163564574,8,-0.8660254037844384,0,8.86013978304399,636.0526945504481,0.2738206192862208,1,0.9054085142217007
23.81917930961065,46.41420946210036,12,-2.4492935982947064e-16,0,1.3724841878124017,577.51325404848,0.9854560710046784,1,0.8173486530004587
21.27170798505406,96.43765252713739,3,1.0,0,7.147546640527322,750.3358751496176,0.8248017914341673,1,0.8332000150915749
12.242375461865636,88.91663587623795,1,0.49999999999999994,0,1.0899587650102207,381.59053711696737,0.994253319086536,1,0.8348524495422045
29.10880085255773,75.18420481643349,5,0.49999999999999994,0,2.3506608330843877,646.2551310430626,0.16819078442825464,1,0.7813369765064713
20.73839328270471,52.8139647659387,2,0.8660254037844386,1,0.06206893683022216,436.5691496998843,0.14384267394785866,1,0.7521541584242188
15.640665314317696,64.26455988742944,11,-0.5000000000000004,0,2.2136499157441807,529.0424742150481,0.5033779529442393,1,0.5036436523314084
2.0219022937468054,62.59459878432754,4,0.8660254037844387,0,3.0395781212762443,416.3484507840242,0.6386437600345539,0,0.41182853195242525
24.77988075959491,69.96276956923367,1,0.49999999999999994,0,0.8009144717748565,478.69877404794096,0.17106009253335164,1,0.5556728897814308
39.17801277335795,86.76502157197004,9,-1.0,0,2.594919693801901,531.7343090418433,0.8604306680885426,1,0.972512573552923
38.29007371638296,78.19125561706105,6,1.2246467991473532e-16,0,3.1252878298792197,588.9880346416714,0.5320134786633633,1,0.9351484232035729
21.343229947309826,48.83935884522863,8,-0.8660254037844384,0,3.4835645634911847,509.2035712065986,0.4109418332206475,1,0.6646139569332087
20.182303517105755,85.64744675029307,11,-0.5000000000000004,0,4.493734184393127,127.07754822946458,0.6020536729270451,1,0.8086209490632581
28.75019404860019,69.69698210019733,4,0.8660254037844387,0,1.1190194976646273,488.4576862550658,0.6349537129722892,1,0.6946375424962296
17.01291648649367,75.30598693788374,9,-1.0,0,2.516440558264581,720.5601143480228,0.042783280983794136,1,0.6687578351049105
27.414335198555726,86.99811288917904,2,0.8660254037844386,0,11.982796729830746,487.2692305295933,0.9998926667050493,1,0.959097062594975
31.12864222707752,48.32629625729673,9,-1.0,1,6.852590710311482,724.772276019007,0.3639195768044755,1,0.935528787321247
34.81546579107446,64.46261631940305,12,-2.4492935982947064e-16,0,9.151543030366248,481.97048835995673,0.06154264690989619,1,0.8826509687234948
24.198767388160377,57.028181729611774,5,0.49999999999999994,0,1.4639475688621866,264.20278688005817,0.8523231747755152,1,0.7043917231008933
23.37060999858427,41.48210861951816,6,1.2246467991473532e-16,0,4.638376917665693,435.05677309028613,0.9930186792123122,1,0.7632081072922489
17.976139305947513,70.2006496640738,3,1.0,0,2.901946542945541,416.2349471874522,0.8163585092160902,1,0.664786659454563
18.38495716768112,102.67334827376635,4,0.8660254037844387,1,0.2590768596148384,465.5700406497767,0.8518824898598457,1,0.731991050739642
23.188168864787787,37.39883383241371,6,1.2246467991473532e-16,1,5.21147959472211,322.2022336396613,0.6259351142194509,1,0.8261242187617672
27.938924054529423,64.51579083425794,7,-0.4999999999999997,0,3.3912496620608508,498.6767799645269,0.9223255782209329,1,0.8324437442727687
32.308677009865995,74.60814402612161,1,0.49999999999999994,0,0.6653734967827223,450.7610238999743,0.03573855172746754,1,0.6508332971269847
18.57456839455724,66.84617302484271,7,-0.4999999999999997,0,0.24929241780748856,693.1792786067887,0.766723862954201,1,0.5928821518358003
36.94150855167617,63.303079212263896,1,0.49999999999999994,0,5.442422574725175,318.4644317132488,0.6707102283340756,1,0.9056210555794528
22.83101119165945,45.51175454831264,5,0.49999999999999994,0,0.24656597157751403,536.8503029951972,0.049584970524002236,0,0.2655651111156704
24.829061645212512,68.49180114410245,6,1.2246467991473532e-16,1,0.28739865429050643,561.6542183926164,0.5439735789764794,1,0.8267194743777749
19.022306566817413,53.6485403447611,2,0.8660254037844386,1,1.6727470817501902,616.2471333511422,0.5150603457578695,1,0.5222737558529768
5.606077917816467,32.1511744253217,10,-0.8660254037844386,1,0.43437622496698963,445.4618184772357,0.6915342250769767,0,0.2779183376503352
32.072363170888394,82.91888330770595,9,-1.0,0,7.348720361219682,533.1201491888804,0.07753141160917254,1,0.864126774364466
30.89475117673947,79.37578729763064,10,-0.8660254037844386,0,1.9062424343654254,552.9917188169424,0.805278785328412,1,0.9516761263005581
22.749379543054292,65.7749146527662,6,1.2246467991473532e-16,0,2.5259926601751754,252.74542992584787,0.13940344201150467,1,0.64523269444388
25.535925737798976,68.43612032308553,7,-0.4999999999999997,0,7.897691134669676,450.8449112816802,0.41866461346187267,1,0.923830744490501
29.127513741632796,81.11477019073342,10,-0.8660254037844386,0,2.266748387150521,495.1002404199516,0.881288007501636,1,0.9242481689749703
12.499633144907659,68.36509485167124,8,-0.8660254037844384,0,1.308969223206124,512.6867330176184,0.5605316054954964,1,0.6298063094637985
20.767578581229643,78.56026332141971,11,-0.5000000000000004,0,4.785940980142219,510.85084884432104,0.3795909137547343,1,0.7530449139948314
31.35411743697462,60.53776698689225,10,-0.8660254037844386,0,1.7547633897818362,565.6281938461948,0.048202242045836785,1,0.6695456132307053
14.965684614646005,84.6797560786092,1,0.49999999999999994,1,1.1502424963970472,790.6407390491244,0.6722735172017217,1,0.6953202363438197
27.348463457333033,69.81178588899026,8,-0.8660254037844384,1,3.853699459500773,410.6857139382521,0.986546765306784,1,0.968872997676324
14.14734556301276,67.9107791540881,4,0.8660254037844387,1,4.8524960895047915,557.1757658829862,0.9117963987583829,1,0.715193141431802
28.73143985946821,45.94908366931952,10,-0.8660254037844386,0,4.70656065165224,695.1954778999067,0.717296077573428,1,0.8388500717074572
24.71486814162013,69.30433781452564,8,-0.8660254037844384,0,11.406065729186595,230.20420700580848,0.10529285825594503,1,0.9204015914644885
12.078945472755924,52.52067623758323,6,1.2246467991473532e-16,0,4.6347021424463755,540.2196619646165,0.23944009340039418,0,0.38630773977902777
34.31791483565737,55.42575910207259,11,-0.5000000000000004,0,4.4081598090326075,247.94310402624305,0.18684901945328702,1,0.8860301836553306
19.123267385615605,52.769365575258185,9,-1.0,1,5.844929406223623,827.8366610693804,0.3554616402556453,1,0.7392745850320346
18.517980503884953,49.006476021511624,11,-0.5000000000000004,1,0.0005556373386271864,578.3076101446823,0.2355172277915355,1,0.5085512053774833
26.604553577847543,96.87157104525443,4,0.8660254037844387,0,1.3502802523298498,558.063598670654,0.2444394459716932,1,0.7915810396979386
34.18909879542972,84.97008592982604,2,0.8660254037844386,0,4.013691062680441,218.99389563942464,0.6167299353754057,1,0.7977366002752155
16.873425448172824,93.80551253216392,2,0.8660254037844386,0,2.7467655188039197,424.32622708157106,0.3187026559613835,1,0.6589254760751456
25.493438798783775,46.65657470666655,5,0.49999999999999994,0,0.5864830241040604,425.0305912137841,0.6771628764724731,1,0.6815170608467603
28.430532002644583,66.06880624866339,10,-0.8660254037844386,1,1.086066598420118,764.9683330878183,0.9478896591461805,1,0.9100832327648949
30.54484485810515,45.597385621938564,9,-1.0,0,1.232002601734366,609.3801855283648,0.638477916613239,1,0.6725986969579875
26.4115324422178,54.56457684204404,12,-2.4492935982947064e-16,0,2.516795637212273,252.06099538756658,0.7516566772103712,1,0.7795221569139594
22.063777287333423,51.22809524875137,3,1.0,0,5.3442091832383545,570.425337852795,0.7515804152828379,1,0.6445611683721184
18.379278234810243,83.59376009662343,8,-0.8660254037844384,0,8.086517722340867,274.56435746416474,0.330702788399311,1,0.9417069979316232
25.689151064370996,59.0565548284736,4,0.8660254037844387,0,4.1599922426171165,255.60001885335626,0.014957994593435497,1,0.5633080068763584
16.422887904115143,81.02569000541024,6,1.2246467991473532e-16,1,5.553580612235893,568.0133125540365,0.05504796299421444,1,0.6619335795870867
1.6291961320431412,74.06181334382777,10,-0.8660254037844386,0,1.9051780275308157,611.7153696479662,0.28206025088455844,0,0.25257564709722274
28.492478433261343,99.55458128157184,6,1.2246467991473532e-16,0,1.4817841834290368,568.8130385048355,0.689543183657598,1,0.9396680412353408
32.23147872868956,42.80833665290414,3,1.0,0,1.4962392764532744,781.9373873121975,0.9066831386482925,1,0.7013385296127893
6.096540515665293,83.88849859680198,5,0.49999999999999994,0,2.871639196940589,555.3128804491568,0.9587982621907463,1,0.5760483727413325
16.922154362320498,82.19661305601092,12,-2.4492935982947064e-16,0,0.39797830914371246,525.5141313159605,0.02584866384007345,0,0.49914499730360057
29.953234088041583,50.39931742959448,3,1.0,0,2.5988908969035878,317.59858424873744,0.9900872456327712,1,0.7697933154093032
41.459963757693586,80.10700004709739,11,-0.5000000000000004,0,3.282064270158131,628.6420517979122,0.32249721835669376,1,0.9541621461066119
25.166349661403263,70.04217444539343,11,-0.5000000000000004,0,1.733615139780492,252.28336244537144,0.8429562282351153,1,0.7075313337999198
19.175976470166923,61.587856100698886,1,0.49999999999999994,0,9.183512912540431,803.0553610726874,0.18029546069678037,1,0.7914922369642148
23.53682847116128,52.64096769542,7,-0.4999999999999997,0,2.81111294832002,630.619691338982,0.06289825760685919,1,0.7008031940154821
35.99901135318548,54.21335822826221,4,0.8660254037844387,0,0.7453820480370518,918.4696029941593,0.3783554240626875,1,0.8240754631997612
19.832286567003717,95.74718143678889,7,-0.4999999999999997,0,1.957261214535624,558.3992162861908,0.858925388530693,1,0.9442545924836654
18.606463946797973,65.01024228436223,3,1.0,0,3.3755258806293478,638.0249091636003,0.22082491587781605,1,0.6038220482750497
21.13805182254374,76.73195002297189,12,-2.4492935982947064e-16,0,1.1730411633163198,458.4243335025992,0.15395732575184218,1,0.5524227710344155
17.373371133930302,53.13650927498671,11,-0.5000000000000004,0,0.24897637924716196,493.50806181677996,0.9098043289501905,1,0.625687810126375
25.981362527958364,53.30220580667542,5,0.49999999999999994,0,2.6271428724174157,342.2699136765042,0.938337202621459,1,0.822174605120526
37.99742766775648,81.22977213874913,5,0.49999999999999994,1,8.862053744421026,282.8437027148496,0.012548199188908926,1,0.8975852319682363
27.584634184928234,44.756356826727014,2,0.8660254037844386,0,1.9911844976423922,528.424671036998,0.7274357374154816,1,0.5445589426562437
22.9811719829897,58.77179348142093,11,-0.5000000000000004,0,7.096864808851378,492.62262407392524,0.30920773652932665,1,0.6069575169569674
22.665509848675647,65.51041116608349,10,-0.8660254037844386,1,5.405858325389206,338.60394258522626,0.3747043699671896,1,0.8920862606645659
12.494473530426744,66.67058902760078,12,-2.4492935982947064e-16,0,0.47843930540917323,365.19023865175296,0.4691029749514899,1,0.5664223232760255
32.064878217177274,62.313600724757656,2,0.8660254037844386,0,3.694750710575452,504.8704986061964,0.4267909701745195,1,0.7459915057393585
24.377302423897582,70.93729671643885,4,0.8660254037844387,0,1.7152614769194507,336.0317375327626,0.5149737849821052,1,0.5587120347800284
23.556160691274997,75.39283633726717,4,0.8660254037844387,0,0.8640316802455539,553.4967619212712,0.5823617157400163,1,0.6644718286163753
50.54486054275888,76.01956318188995,4,0.8660254037844387,0,3.4840654832451055,340.68662493196393,0.4655955048379242,1,0.9600254981611532
27.39002326692549,50.2129428699826,6,1.2246467991473532e-16,0,4.072079711589435,538.3781719889223,0.7015635404895175,1,0.8008717556001129
18.985671599238525,60.73767353106804,2,0.8660254037844386,0,0.5949735184485099,327.393183190983,0.718601662842142,0,0.32127240241216826
21.589139230355652,82.92144292815406,6,1.2246467991473532e-16,1,7.3757763562645255,328.022663476214,0.4403591974261951,1,0.9221062411384887
34.18756567357404,78.41970781360808,7,-0.4999999999999997,0,4.17268169579707,145.66532602397115,0.14246314808710858,1,0.9026074984733539
25.906163284302117,44.407108227784036,11,-0.5000000000000004,0,8.126048665008316,475.9581515023835,0.6406389213201227,1,0.8924992467771011
13.493776173461066,70.27219850528303,10,-0.8660254037844386,0,1.1441028805849616,718.1097150955236,0.772956712350709,1,0.6641938456132128
32.35383147660163,35.326621259377845,3,1.0,0,8.40716583895574,709.5996220874399,0.6381095212039497,1,0.8967869951923533
19.65484731568805,65.70402353090554,11,-0.5000000000000004,0,1.3790558979655452,548.610125519137,0.5880547658468156,1,0.6785683352365256
39.98638220974036,93.46650525118966,12,-2.4492935982947064e-16,0,0.16644223732988103,199.84782764096855,0.22941199123460632,1,0.8873672600951754
33.64038452571719,50.78160924096521,8,-0.8660254037844384,0,4.31869795386702,626.5812789850886,0.6451370408192583,1,0.8275130489254031
21.42142483472999,52.48515431762627,2,0.8660254037844386,0,3.6472065850076882,533.8499410281421,0.33485621457621195,0,0.3887037919201607
35.248130893880905,76.4604467235929,11,-0.5000000000000004,0,2.7332454077727895,439.02452604629906,0.919558862813285,1,0.9225585331667047
25.542844084219226,41.85797727185531,8,-0.8660254037844384,0,2.019408691859033,681.1049191870492,0.6537200927599808,1,0.6773334993033852
31.822189400977756,55.50867455172441,11,-0.5000000000000004,0,0.09808182025981939,592.3167030212771,0.2781796767083027,1,0.83928618540613
28.8778625383558,73.9466170637263,5,0.49999999999999994,0,2.93926750015953,794.2323564178832,0.4729269093639301,1,0.6358450593643492
18.22914676007301,55.48571228465895,2,0.8660254037844386,0,1.6178533619932582,289.15417490779487,0.8465812758850444,0,0.3216769353895497
19.851601341460302,61.46045019183543,7,-0.4999999999999997,0,2.4643697420213986,300.8854539148025,0.3354639511826475,1,0.583421760251872
33.23968654064929,76.16278565472552,2,0.8660254037844386,0,1.6827869947864438,326.1530823901312,0.5254405701523811,1,0.6709602319154927
22.321797343147672,71.32319125304842,6,1.2246467991473532e-16,0,10.149141247172096,457.24677339631336,0.6796699732515226,1,0.8547616443821696
21.770812294064026,69.00227594443103,10,-0.8660254037844386,0,2.7798483253622077,738.2258382194615,0.7545293388267417,1,0.8502723027851455
17.359019365205178,59.91316581094942,3,1.0,0,4.149733018733825,406.4611211969343,0.17389217506474486,0,0.37541512633339275
28.38879252474769,70.55091672903433,9,-1.0,0,8.262923991281532,409.66937291626493,0.565152304677289,1,0.9536690754820675
41.50019935394516,63.14400979850365,3,1.0,0,2.686519604401772,562.5937900271933,0.9121999004962014,1,0.9246647490965226
16.459736685965815,71.86708414888678,11,-0.5000000000000004,0,0.03640758115359401,626.4733171691756,0.9683597815096939,1,0.8265801418518259
25.193755653382066,57.54601962323033,12,-2.4492935982947064e-16,0,0.10468030435459565,164.48126085280074,0.6561450425593582,1,0.6757862535986088
36.29776444332343,62.26146538430688,12,-2.4492935982947064e-16,0,3.635394368283267,655.9572314282876,0.9836608041599857,1,0.9568868761175238
24.36286887003428,50.15063311171979,3,1.0,0,0.9817026879687294,401.71755410975436,0.5707352489761408,0,0.4598922227630082
28.618974369997872,64.47488584990646,5,0.49999999999999994,0,2.598074452536458,484.6362929059809,0.4426050297809333,1,0.7483472146910808
16.500851774824962,52.83498704556733,7,-0.4999999999999997,0,0.6779822597868866,712.7396199106306,0.5515874589482459,1,0.5268442461042364
28.426456777661187,48.2893032475701,8,-0.8660254037844384,0,0.9451551831294787,467.5334601058291,0.11571239426352209,1,0.6407717876795428
23.50284587996361,68.87991721783082,12,-2.4492935982947064e-16,0,2.1074179191036753,270.21942197211376,0.4017159196853878,1,0.7000707353095321
32.885839965438905,68.1910966378649,11,-0.5000000000000004,0,11.135764282075996,278.9142048603582,0.4584050530305287,1,0.9830024548502194
34.499088412518006,76.74310602422858,7,-0.4999999999999997,0,2.873452120746621,495.633217830596,0.8486277987209782,1,0.9573294883253729
45.716509136148915,58.53311645637351,9,-1.0,1,8.253567031147004,449.8452897252869,0.7586485927424472,1,0.9871062359194187
29.637065385708606,71.12079270255134,5,0.49999999999999994,1,9.61047341422149,508.9209761254301,0.6014265852248007,1,0.9835296244178547
27.60637053265733,73.26196358410495,10,-0.8660254037844386,0,0.6999983435470976,439.80830284555435,0.34727723487626994,1,0.7636123367066204
26.555074412618687,71.67160711747393,11,-0.5000000000000004,0,1.1183851139240284,686.2140275427307,0.18703458569265707,1,0.7138464068450536
22.174669657514492,52.61519475796787,3,1.0,0,4.408927232110156,503.71508597226045,0.3477650209146279,0,0.38125404321730494
27.70787074769353,67.24045223406783,6,1.2246467991473532e-16,0,6.046899912958925,235.5533514460942,0.6798040709591319,1,0.9101280451162
22.636788718887765,70.46210444081991,5,0.49999999999999994,0,2.1970785649874705,622.4799487795111,0.2630377990850331,1,0.7622638195808065
26.347687810156913,65.10767700361913,12,-2.4492935982947064e-16,0,14.984020370430756,785.9406416240267,0.42688669570916593,1,0.8884821329710432
35.54078028486368,33.70283512443373,4,0.8660254037844387,1,0.03491903321773561,523.2396471782292,0.38677023488168205,1,0.5626715256393077
16.94765947776287,67.4073443596022,12,-2.4492935982947064e-16,1,1.0682795777889431,534.8825545160488,0.7655900637910602,1,0.8198438524148476
34.11902848903236,98.18796559095864,2,0.8660254037844386,0,2.9278177158899426,383.0172481905937,0.8837870622601444,1,0.9013403620085635
35.536920538718924,59.59941096864526,7,-0.4999999999999997,0,1.9006181354119773,463.63238908143524,0.6993709568109769,1,0.9082510653279464
24.05545178407137,54.07884353217018,5,0.49999999999999994,0,0.37194161337960385,575.4305014239876,0.34160226093303414,0,0.2914804048872569
8.025160807931243,70.60022839567097,4,0.8660254037844387,0,1.3755871545227862,669.7685098968387,0.43317704897588727,0,0.32237533393355167
20.13742410324454,69.68567315699858,12,-2.4492935982947064e-16,0,0.0773295650552003,566.9000418395607,0.14335015405372142,0,0.48103223663565464
35.37595637248887,82.89102748124621,8,-0.8660254037844384,0,3.0879251836934682,772.7061317808461,0.16809744776660984,1,0.9832673185790747
24.817055501608944,46.13197766136668,9,-1.0,0,6.697569583258616,514.7705471076628,0.164292567526515,1,0.8089720128765953
17.005582141640716,75.97070378862489,9,-1.0,0,6.48518752030256,331.74567447222046,0.1305863575613102,1,0.545582492639701
20.96180063017426,73.85633091877196,3,1.0,0,3.607366605538886,336.04169138168334,0.17958122850913016,1,0.5279367096577338
31.724960212036425,62.867801945891806,3,1.0,1,1.880787561253543,685.1617597816553,0.20268820257835762,1,0.7960070960020315
29.373868545611035,70.08030976882534,5,0.49999999999999994,0,2.1525140028861056,651.0652961931648,0.11184594379763291,1,0.6113124049319313
23.088543206642445,80.44186222397536,5,0.49999999999999994,0,0.4417395892346057,253.3093897479673,0.640260721884227,1,0.6494512149866095
22.0654047054825,78.08473070042676,10,-0.8660254037844386,0,1.2511730483442942,468.5737714346154,0.9904015345821996,1,0.8472343760083065
21.865934807649424,47.85471031889407,2,0.8660254037844386,0,0.623760337469289,474.0209287066232,0.8791867446522561,1,0.5434082499033969
17.62071852401198,77.30237280133227,1,0.49999999999999994,0,5.164465660642099,387.27007125532106,0.04560272382608621,0,0.4207943882271798
37.923005515755534,64.02967092451222,8,-0.8660254037844384,0,7.386638782082462,288.4440418327191,0.4230588091967248,1,0.9383498290663688
22.42143624630928,66.09311147023273,3,1.0,1,2.3095874896692647,383.9593751602581,0.8593105792327723,1,0.841657017930129
34.73726816660397,66.09795486502541,1,0.49999999999999994,0,3.903258271892944,356.9977158027565,0.13467481799199643,1,0.7340929535015144
37.17052841537961,62.7463551680261,1,0.49999999999999994,0,0.38849781223277624,292.0297303665314,0.8476451466520427,1,0.8034548470016867
32.986487185183684,82.87561245660598,11,-0.5000000000000004,0,2.813574768125837,624.359798024866,0.5927006378378993,1,0.8606004432568196
21.547037498255612,63.74423060226182,2,0.8660254037844386,1,3.6399592676632624,542.4419856113612,0.9312985525961118,1,0.8441697505425956
28.229840722692877,48.20680807425247,6,1.2246467991473532e-16,0,1.8086480145536195,430.38160078820704,0.8760391142644252,1,0.7755388336165335
24.80643514887267,59.09705216045407,6,1.2246467991473532e-16,0,0.8362585088912693,189.4147232254548,0.6770343220587175,1,0.765215343417444
17.770385114158977,67.68042075215713,3,1.0,0,6.295861353438545,455.13858359977695,0.6578226598726955,1,0.6523405119324827
27.594874253772822,83.43822176445576,12,-2.4492935982947064e-16,0,4.074972245608141,578.1583436870834,0.21316420239190814,1,0.8501363063139412
15.56768167072158,74.0464202742325,4,0.8660254037844387,0,6.903476786824729,389.59340318465456,0.11675296715800854,1,0.5897916813260284
34.50143510769251,52.24197081879434,12,-2.4492935982947064e-16,0,5.117890174961168,327.50513290803326,0.41539342996879836,1,0.7070367602078197
21.283061621612855,102.27784875018338,2,0.8660254037844386,0,13.929996408091808,481.5466974048987,0.18658003949312474,1,0.9787118316688476
26.609277246982714,68.97162966466969,2,0.8660254037844386,0,0.6402210661371761,550.2603242129676,0.10241671767775895,1,0.6160559205863684
27.266302972369136,84.13086106998523,7,-0.4999999999999997,0,0.2722295072294129,200.01037013419773,0.3023267332728935,1,0.8019229623512542
22.928760210367383,62.72428349634156,1,0.49999999999999994,0,1.2329534969007445,703.1013706829826,0.8604899427966485,1,0.6390982648786254
29.6935504118022,73.00038867058174,7,-0.4999999999999997,0,0.4143542865264406,312.63094141447823,0.017148154018361228,1,0.8263825907487021
21.200770747019803,77.59202756777607,12,-2.4492935982947064e-16,0,2.2215347960746024,436.5825919029322,0.29263768172217564,1,0.680523749138599
31.97037837965795,83.27292067631384,12,-2.4492935982947064e-16,0,3.0074165860752053,677.1906548303674,0.4240521852144923,1,0.9221988167493291
14.232162558026012,80.86052458067337,1,0.49999999999999994,0,2.5903023634184033,518.8038583426837,0.5105697496152866,1,0.5066512556655774
26.011036636371294,78.08295500109466,6,1.2246467991473532e-16,1,0.9002363266813846,664.4137151239913,0.18157750838298925,1,0.6981650920302646
40.51143199246628,60.27369903208837,3,1.0,1,7.184891742264856,733.051844066854,0.9642201998380311,1,0.9609490958395933
16.997349403155404,56.42380937065908,8,-0.8660254037844384,0,0.06419913890674993,281.0485947263473,0.5788730435721895,1,0.5486162226366359
19.57804023580119,69.98911265486296,6,1.2246467991473532e-16,0,1.2831935954927358,635.3065858074297,0.5221105470570441,1,0.667453297837459
29.11126279727132,78.99692108511604,11,-0.5000000000000004,0,3.8081214961922116,698.823028127722,0.008822588930341158,1,0.9058567414371419
26.436654255516785,61.6591894883509,2,0.8660254037844386,1,4.369235504408194,443.6291678259824,0.48571537939600706,1,0.8612791503269558
27.805040794188475,80.9775794857158,8,-0.8660254037844384,0,1.6141719113982713,455.5678960174663,0.8376706294551841,1,0.9522603995064134
28.91349704118131,86.78925118229269,5,0.49999999999999994,0,0.051163249831269825,213.043427681793,0.2196445430512427,1,0.6391554688910542
30.077771748494158,51.2551862138987,8,-0.8660254037844384,0,2.887347060507322,617.16191776246,0.351207568386413,1,0.7472457449781421
33.877598735649784,52.4461894430558,8,-0.8660254037844384,1,0.1955191470097039,119.76975269728393,0.02057146468769555,1,0.8525342827712908
28.2785492554281,62.894374116419954,6,1.2246467991473532e-16,0,0.3423824206360052,645.321172109505,0.9769275142337952,1,0.8787087986611752
23.06993876305166,69.61419002283795,2,0.8660254037844386,0,3.1516161691210507,287.349589795145,0.06665179712804081,1,0.6045974954813753
30.38058960962185,57.131494793494234,8,-0.8660254037844384,0,1.124029408289173,708.6033052393165,0.8982211239095694,1,0.8238302957265591
40.19905547916173,85.28304018300716,11,-0.5000000000000004,0,1.2832708938298085,559.4410152536514,0.3129877141804547,1,0.8881202567719485
23.93893002893941,71.36100292277676,6,1.2246467991473532e-16,0,2.00131030874558,651.3451546423537,0.5875564019858786,1,0.7645335630131068
17.203765562634867,65.5917057236111,6,1.2246467991473532e-16,0,11.530065840698914,378.0834543754219,0.6793155399660034,1,0.8089000142008119
33.85664535429578,43.46135714197209,8,-0.8660254037844384,0,10.095367783790152,299.98196072108806,0.1408291674311145,1,0.9136473966780339
24.036950688371213,45.262762753587396,1,0.49999999999999994,1,1.6149039382902186,235.4566754265063,0.4437593777803355,1,0.7172636001249768
7.618643631887711,69.2151387542271,2,0.8660254037844386,0,0.9256926529039315,663.6804518338812,0.32546610024664235,0,0.24543498319231785
31.779373417203374,33.01106560767745,12,-2.4492935982947064e-16,0,1.0811546775896925,599.441010359582,0.056602465605465335,0,0.2910816365000485
20.717374512368618,80.18956114466107,12,-2.4492935982947064e-16,0,0.9391280467704403,604.7619569111405,0.8331936543931807,1,0.7209402744796181
24.275733741566714,62.627692334415194,9,-1.0,0,2.2794370499428593,543.7163556618261,0.04516775649747773,1,0.759391800744804
27.655842644552116,113.64639454392099,11,-0.5000000000000004,0,2.800767022711797,581.580737388259,0.6532579594838668,1,0.9648668358164789
26.52399743823253,99.61874375924165,12,-2.4492935982947064e-16,0,2.012862169101459,456.2502427149807,0.314077376419847,1,0.8875793698241683
30.675614537112317,62.27826396128725,8,-0.8660254037844384,0,1.5727173627420137,555.5450950766643,0.1921293272018666,1,0.8915192227328321
21.516109035441254,63.40494496203028,12,-2.4492935982947064e-16,1,0.7120508632654319,371.47445907203144,0.6670860513355453,1,0.769463188602746
29.104846385408663,79.93372271003045,7,-0.4999999999999997,1,1.976269675512302,448.59003516909684,0.5745377145262058,1,0.9322039054100948
22.923626579328662,90.54758914877057,7,-0.4999999999999997,1,1.2515628592716843,956.4994243249106,0.3152562573748299,1,0.9084369298971251
30.910483847100025,40.42956413845975,5,0.49999999999999994,0,2.3400096471636513,505.83820203989507,0.5129607482592392,0,0.4540547339892821
29.92293987210443,38.204368019679706,2,0.8660254037844386,0,3.3735392505451935,204.25687057157546,0.24623710120620945,0,0.4221176626346841
17.516490383643237,55.66947791668428,11,-0.5000000000000004,0,3.009733213340237,438.7114991594075,0.8636964590026922,1,0.6082724294833114
33.687856929400255,73.74106374760797,6,1.2246467991473532e-16,0,1.8624249178418442,341.3716428659796,0.3138187803271616,1,0.8688311938903064
20.712292439087616,72.45310385761395,10,-0.8660254037844386,0,2.4361463886709718,523.8827772073824,0.2451530295515314,1,0.6138781924990278
31.46446238624916,81.04657182475775,3,1.0,0,1.0058146232692315,366.5961330764504,0.7518337110596511,1,0.8561101223253422
27.938298507210725,47.00453707452038,4,0.8660254037844387,0,0.07361666971277549,468.22529351658585,0.017592487993914885,0,0.296495117934903
39.70546941436098,30.257842055466853,10,-0.8660254037844386,0,2.9426433964171075,389.02399755927627,0.2680117320860753,1,0.7506567725845315
23.21227214102518,77.87021292953219,12,-2.4492935982947064e-16,0,0.873338087500768,529.5776177295525,0.37539522065117314,1,0.7739020038414164
22.20546563105442,52.57705590552148,11,-0.5000000000000004,0,3.3164911939399992,405.89017613252963,0.8822379617913818,1,0.6210072473690326
24.84464315289814,34.72268203417043,2,0.8660254037844386,0,4.123198158191546,553.5320108748556,0.9504418025483442,1,0.5276984077685332
22.574561737325798,67.17595618939072,2,0.8660254037844386,0,7.42823605331378,792.2872188573081,0.7164779669139498,1,0.9441175341232712
31.3995352155364,76.89763532328016,12,-2.4492935982947064e-16,0,9.519040934878939,326.83816751555355,0.4925317810096598,1,0.9773125679790494
12.069515132507297,63.16914301818084,8,-0.8660254037844384,0,0.031745510951987084,608.5782820427704,0.6406215490576886,0,0.3015239190850411
16.570540646829166,58.13227420726266,8,-0.8660254037844384,1,13.929927771627789,132.0755356059671,0.41400105168133305,1,0.9117455028734028
16.457576627366457,62.6095665178114,10,-0.8660254037844386,0,3.4467338814672557,465.0842844026567,0.29882583184866784,1,0.6306286280544081
32.602460735788604,59.44125856398826,6,1.2246467991473532e-16,1,3.0944664373798227,534.3357163925862,0.9506880681396285,1,0.8570286153473177
38.6849069806554,44.779293320897494,5,0.49999999999999994,0,0.04599000454451919,387.7980974242397,0.1153902290099238,1,0.7929095740944146
24.16440625170023,54.279789845143526,8,-0.8660254037844384,0,5.92488593859642,231.89107654904757,0.346393568050109,1,0.7881407716413974
23.649426214479917,72.81919857520722,4,0.8660254037844387,0,0.47168630221322033,494.29403318451955,0.8990889599605931,1,0.6682357106781008
25.56041730490545,69.82517812064751,11,-0.5000000000000004,0,5.4480978494835295,729.817309472943,0.7231414305874169,1,0.905945584677761
34.295026420865526,67.5208970895023,4,0.8660254037844387,0,0.04705474173054541,478.03259649749396,0.02910145132297659,1,0.6366287029826452
17.581174926475406,50.07277277219931,5,0.49999999999999994,0,3.1150722526548407,583.7860585900412,0.023099673424247125,0,0.21865534480363943
26.90695186187828,62.27745256796499,1,0.49999999999999994,0,1.71173502555515,669.0320962642045,0.5165124626245746,1,0.7866916016121365
32.801581038259435,32.34402430335718,1,0.49999999999999994,0,0.6723072666245196,870.7211818258909,0.4842530562300217,1,0.5268279447639121
29.008753359518764,67.67714995828085,2,0.8660254037844386,0,0.34139266197490176,342.15685455397636,0.44299153865631824,1,0.7604547163855785
26.516652932789945,86.4328656172035,8,-0.8660254037844384,0,1.7401396524079313,357.63340406710023,0.3023437618390089,1,0.815077319225342
33.00836874053713,42.88801801936842,7,-0.4999999999999997,0,0.39479112659217086,456.16481935732327,0.986638719813639,1,0.6277392499501582
3.3741416560061026,56.21108490023367,10,-0.8660254037844386,0,1.9992038567250798,592.3154957531474,0.27198732298338146,0,0.43393538360880995
30.423002556247262,69.93660168065195,9,-1.0,0,2.944224731006235,151.8947624801478,0.4900402064405619,1,0.9192216611643489
19.76739453498061,83.79263951641225,5,0.49999999999999994,0,5.270060779058815,598.0638392001085,0.4048930968230663,1,0.8462724728893553
10.354936825148345,58.276630755497756,2,0.8660254037844386,0,3.4056679672548444,522.2396081072138,0.17024942596174208,0,0.3713795031349106
29.089620796199846,54.616245061011554,7,-0.4999999999999997,0,0.2022672802558313,419.90834659975786,0.20261881912527857,1,0.6221730765946895
35.98926836130366,35.46615286375875,8,-0.8660254037844384,1,1.1020488592276192,563.826492467793,0.9183027420097729,1,0.8765268322741134
23.900411882978464,66.5515719396216,12,-2.4492935982947064e-16,0,1.0189419689486443,633.4473848546542,0.8582797228559551,1,0.7399133158251642
32.62299637762351,95.63114060215617,7,-0.4999999999999997,0,7.396456643593086,654.2032663832199,0.19904430582035237,1,0.9661966957982586
37.89822606390916,69.16037692947013,7,-0.4999999999999997,0,6.0699106177503594,502.21450715797334,0.8756626239095135,1,0.9694235159148025
35.51931562867238,64.6658153122443,12,-2.4492935982947064e-16,0,1.3868108345900885,548.904949431348,0.20918613008084253,1,0.5807795214605206
38.11971623497114,69.83123466150478,5,0.49999999999999994,0,0.22144102693328777,543.2482728773608,0.6265463217476971,1,0.8348415061257531
30.93701992857514,64.83361994077097,2,0.8660254037844386,0,6.735987389537337,684.6795920969794,0.0812805233206938,1,0.8583728538431005
25.603469111212743,52.80478441609805,6,1.2246467991473532e-16,0,6.572861568440063,557.182432191474,0.8803696262591182,1,0.8421266926820037
12.184273504822652,77.34919873516557,4,0.8660254037844387,0,5.787816761603546,596.783492378435,0.05150029946546697,1,0.7118627733609272
23.03150009496041,68.38642284667631,10,-0.8660254037844386,0,5.594570987649637,633.8990824195532,0.5549428892511367,1,0.7944112868611835
18.254027237470467,65.26419877900486,2,0.8660254037844386,0,1.9632451511133149,793.784610043559,0.779711525180385,1,0.596196449666045
42.367541739982514,50.369509590826254,12,-2.4492935982947064e-16,0,0.5859711066784329,412.12777104960264,0.1168347364106812,1,0.6538295304382695
23.592913500541307,84.55261897902139,9,-1.0,0,1.947322276428947,743.8563040770835,0.4044802675001885,1,0.7813752186102394
25.985638454275886,74.97054117999664,7,-0.4999999999999997,1,2.047202019047218,870.6649669371466,0.0419501514900501,1,0.7334601036258931
29.41188300832374,56.70618743949047,6,1.2246467991473532e-16,0,2.0196322351486327,421.69358513885095,0.6827525773399592,1,0.9073100499017216
25.34881957097963,80.02737280522906,12,-2.4492935982947064e-16,0,2.321592156040727,467.4814784124774,0.30744959496135194,1,0.7349400767960125
38.560408323446026,57.536437424221894,5,0.49999999999999994,0,0.8938317283381152,435.7323558366243,0.55939524463847,1,0.733988858751542
20.018805106124383,53.26994761233445,3,1.0,1,1.368260426407621,598.5332610783596,0.9327322704203617,1,0.6277944532478071
26.55685964189794,53.604453237795695,12,-2.4492935982947064e-16,0,1.708472768733912,220.7485045871082,0.30585810799484237,1,0.5608902371202529
19.060235314415614,38.43397170367864,10,-0.8660254037844386,0,0.4216549351566852,425.07528147572395,0.0486274716352777,0,0.4105184740634377
14.439819910234354,72.07313570627309,10,-0.8660254037844386,0,1.8229135332955626,458.9536734361284,0.6756277676987004,0,0.4538684955565863
20.105847272757718,37.53282682492475,4,0.8660254037844387,0,4.989617805674672,445.83584651962013,0.7868411345141675,0,0.38149320447991564
24.703705623612702,46.573342531013566,3,1.0,0,5.2818211223456055,444.3256294219201,0.957868559877576,1,0.7752966971331918
21.565582203861922,33.866179863822,12,-2.4492935982947064e-16,0,1.5908601648652239,426.611063259237,0.1578008770256658,0,0.2544358850663481
19.46063216100915,63.7089546081366,11,-0.5000000000000004,1,2.1944687060671866,616.6078499729001,0.3921399251161498,1,0.654839765417729
13.74946029062533,62.74519309592192,8,-0.8660254037844384,0,0.10268860575390171,580.7366328350442,0.8441404600254748,1,0.510959859124519
24.33515541897044,60.09955680220454,3,1.0,0,3.3665569170215033,755.510141757318,0.8068713932688795,1,0.747410846324945
12.962237007751982,49.36133457994136,7,-0.4999999999999997,0,1.5555951333373939,616.9900037848887,0.6247957073338625,1,0.5227082920313031
31.08044770951682,47.416493698450395,7,-0.4999999999999997,0,1.7689446782474307,335.3616333342238,0.26936854520269393,1,0.7731746514932816
25.659518023476025,71.96554795319861,7,-0.4999999999999997,1,6.206638008353178,474.49443957061777,0.2840352906507776,1,0.8391904515788293
13.339588004280555,56.74172102437268,7,-0.4999999999999997,0,1.8587670711328428,458.56522574432665,0.12400299462414255,0,0.23796415286021538
22.526327383601092,69.74537482304217,2,0.8660254037844386,0,0.06426007719763754,538.285735764465,0.9218536737859097,1,0.7587782680343308
18.982748755275335,51.72126970813666,10,-0.8660254037844386,0,0.774334435573499,663.9874459366067,0.17293151463944534,0,0.48238246231989146
27.553396083353444,67.71594114156623,3,1.0,0,1.9366195144210643,527.8752587493159,0.5728866011799064,1,0.6012638492929937
35.723603568185155,84.54917055974096,10,-0.8660254037844386,0,1.6570075899495507,528.2737734449553,0.5843514169821129,1,0.9369421774216169
9.998620242834043,73.79248700589176,9,-1.0,1,5.906280585605295,501.50628248745187,0.36960544119526884,1,0.6739195457550006
25.92020863317934,58.813792726752794,3,1.0,1,2.343559135825064,621.5875985118913,0.35251846100545514,1,0.5860801750605716
23.718937635466876,68.85798455533892,2,0.8660254037844386,0,3.510025935676591,414.66422465661697,0.6685884185582797,1,0.7188287407546747
30.370720611603726,61.3900223820468,9,-1.0,0,1.9008068664547,281.4485331371436,0.38829777794853904,1,0.845491975428461
26.705573025901515,65.11820277042092,10,-0.8660254037844386,0,1.7376117705966032,596.6868464316847,0.2551153933380007,1,0.7400194020595565
18.98424534608945,60.115834217772445,9,-1.0,1,1.7733245348375122,556.275072226321,0.39913170240003093,1,0.725581453959667
22.447568514667054,62.53497191171913,4,0.8660254037844387,0,1.5875878373424301,698.512741272197,0.807662077665546,1,0.6927064994429561
18.63179314557209,68.18140029611263,12,-2.4492935982947064e-16,0,2.320361777317297,135.81316741807177,0.9664784551311856,1,0.7297048670659065
33.608057108788785,50.09961950627074,9,-1.0,0,0.8648203488567933,484.9475900217818,0.6359502304538448,1,0.7959122428079451
25.170493189375538,49.761817595150326,3,1.0,0,6.6507416715618035,516.0070329243763,0.7821012254841064,1,0.636794497258317
40.20952548602406,44.171861692531834,7,-0.4999999999999997,1,1.215280497912237,273.36830623760864,0.5328248613126102,1,0.7737840129264647
24.514713489483032,40.99593343244435,7,-0.4999999999999997,0,0.47883008458376775,487.01054706194964,0.6248231420934378,1,0.6428204388865473
19.332745864716298,46.74075961669281,11,-0.5000000000000004,0,0.3046051217070671,678.0384002353155,0.9880866567365598,1,0.7617013205539063
12.890284859097383,67.39193760206194,8,-0.8660254037844384,0,0.040541450416489225,812.9172061598144,0.4384188647019115,0,0.4024955299146616
10.57488258995244,51.60818726762174,10,-0.8660254037844386,0,1.648990839049907,647.3610349037994,0.06625469695419994,0,0.18528795002006246
12.326912455956082,72.70421696346645,4,0.8660254037844387,0,0.6233279261871796,451.329292825985,0.9570069178193547,0,0.4169788309251226
27.13701320809187,65.52070623128843,3,1.0,0,0.06565696780118815,689.2272770706879,0.7930617209035477,1,0.6777327597363567
29.06980018583947,35.47243679842919,3,1.0,0,2.202029692037545,636.7103924149044,0.3983103678635713,0,0.36479413759731155
12.350474383742933,74.82463376332535,12,-2.4492935982947064e-16,0,3.418101749906312,427.341414778574,0.9823950536227688,1,0.659938562614609
32.160306512608926,77.16197968387564,5,0.49999999999999994,0,0.268957114296687,412.7305971049491,0.34553575034862616,1,0.7410069388589146
21.135511586532484,50.0920598774772,11,-0.5000000000000004,0,1.8536781895729137,474.72469392071764,0.3721201960080287,1,0.5544341760932887
26.174344095884393,71.30287314342488,1,0.49999999999999994,0,4.083385233625099,342.3726463224682,0.6097313531899208,1,0.8192604816512213
37.897765026043395,52.15252643886201,10,-0.8660254037844386,0,12.764981347461703,453.3812133416913,0.2743473861553567,1,0.9579444060739654
32.174714526924255,66.46505565122503,3,1.0,0,3.300553673890898,573.0129382344802,0.6985714851307327,1,0.7764018144336041
22.851754816753342,46.03252389567552,6,1.2246467991473532e-16,0,0.842475110481751,655.7760899256891,0.15285030395050592,0,0.19122264397589764
17.8704621966777,38.103403211981345,3,1.0,0,3.7821971378568766,443.1721848981515,0.10802531935815352,0,0.3181128105354827
7.7854767893655605,59.257742155805474,5,0.49999999999999994,0,2.7333829517897104,708.2631302870606,0.5348780075641556,0,0.3381870403055568
19.24677344606064,63.14406580587746,9,-1.0,1,0.7140075349062873,597.5158200253264,0.5554936823944011,1,0.8768884890537223
23.310958089378445,59.03480459578094,2,0.8660254037844386,0,5.713659142277926,604.3479528389557,0.10665506962969062,1,0.6090923147959635
17.10256378279053,47.239541626661605,11,-0.5000000000000004,0,1.6727268544383846,362.1482369013378,0.9641762611311511,1,0.6002516099502289
23.949944263261564,59.00151406803295,2,0.8660254037844386,0,9.808743776301347,771.1640331160352,0.5732866576070837,1,0.6613411488649003
25.614815063670147,69.03942128871101,12,-2.4492935982947064e-16,0,3.850141388408643,583.0046678032386,0.1510349924969261,1,0.5155573445592849
23.20115214553537,64.32660454816194,6,1.2246467991473532e-16,1,3.1032230870410125,450.0998955655494,0.311442524332299,1,0.8387935696331051
19.799979353412322,67.7375154589882,6,1.2246467991473532e-16,0,3.9097537541369314,423.6324143384931,0.8002342139331626,1,0.8090180277986109
26.34923737573382,54.94827199318651,11,-0.5000000000000004,1,1.9508207045357833,453.4321785950266,0.5232315278655318,1,0.8965613515467977
28.535525196555273,82.57576872074239,11,-0.5000000000000004,0,2.110965456075372,347.24936826833994,0.1881483485465556,1,0.8826908308892345
16.27680738045723,47.35739995167829,8,-0.8660254037844384,1,5.715605373540409,648.2450816524238,0.10284897206180477,1,0.6108944381719981
36.28745903797016,72.31340445630077,12,-2.4492935982947064e-16,1,3.4270205346767755,362.61168645943894,0.4307744122374848,1,0.8105118108012432
24.211294941725907,82.72836639439942,11,-0.5000000000000004,1,6.826174398231557,543.4737258312288,0.3374147086864342,1,0.9478384531171529
25.15079698355878,72.21362139123343,2,0.8660254037844386,0,6.64445772536742,432.5124130697923,0.6559173524819735,1,0.7352022495274793
30.665715386052458,61.96213659402755,9,-1.0,0,11.250992593519378,600.619470337752,0.9252469869511654,1,0.9711932457545108
26.865729050108012,57.07554430005531,2,0.8660254037844386,0,3.6140657697713494,621.0057224392872,0.2477302857741588,1,0.6163191000952575
32.62509307130596,80.54131476569384,1,0.49999999999999994,0,2.0932837329677505,403.4142406371317,0.8552339332828451,1,0.8582946348664938
27.296993321614593,43.65537612107491,10,-0.8660254037844386,1,0.54568706321986,494.9189501363027,0.9204619784452005,1,0.7685705813481639
20.1005010028765,50.44813609430535,2,0.8660254037844386,0,3.6662123644617743,283.49128076083923,0.9020025994699015,1,0.5417073115005502
27.892028201648813,59.03663351762418,12,-2.4492935982947064e-16,1,1.03414475351057,755.0814762970722,0.9520773299454354,1,0.6850300320568952
15.850190341434706,83.56480636267997,7,-0.4999999999999997,0,0.9978189425715264,660.2004660394763,0.8421086221292753,1,0.6611263999524795
25.868477646212185,70.69651454061344,8,-0.8660254037844384,0,0.816559362022264,290.6691650453678,0.5934860053966702,1,0.7178826080854932
24.734160074844315,50.47931362234632,5,0.49999999999999994,0,6.2412554326137375,369.9643691976979,0.4098460987102419,1,0.634875808095164
23.335065141819683,60.34538441922645,6,1.2246467991473532e-16,0,6.0740521480355465,479.7772519702489,0.4916877860337713,1,0.669233667561755
23.971699908488553,55.78515283855558,12,-2.4492935982947064e-16,0,2.990635628837895,505.8141080092223,0.8726121748775852,1,0.6961667074598901
9.945207636018887,54.353165116496974,1,0.49999999999999994,0,1.9215559278341134,397.09230492101756,0.30139837741718245,0,0.19839447088584666
20.610200738072308,79.68334337835168,6,1.2246467991473532e-16,1,3.345272085647551,328.260800344209,0.15926169434109438,1,0.9085505391707602
25.742759209128916,44.42385306104742,12,-2.4492935982947064e-16,0,2.80358904184205,559.2546966299234,0.14081921813379517,1,0.5905992926966861
26.278851135979203,89.1317128360156,8,-0.8660254037844384,0,1.6121980362567498,760.9226705778033,0.8269946099050004,1,0.9155452692132242
16.778598872592333,77.42344535276933,3,1.0,0,1.4323218092556664,508.199812760692,0.7614856863300977,1,0.6267177517244313
35.125662726917604,81.36292505905547,11,-0.5000000000000004,0,1.4476588094307647,456.24316937283174,0.4976453410463415,1,0.9413441794493886
18.070601214283993,58.05590731962113,1,0.49999999999999994,0,2.6684600971865273,440.47408804912004,0.27487142809215315,0,0.4529706237332003
32.755657604213894,62.75088921381336,11,-0.5000000000000004,0,3.129555645226324,335.4914524034238,0.6776131755426114,1,0.8203327971688613
28.417554894973478,43.502722782129325,4,0.8660254037844387,0,1.8030265509892773,399.2022872763985,0.03843309743246981,0,0.35286766622756566
19.830181521249575,57.130063893997956,1,0.49999999999999994,0,10.39159218781069,670.4166620545494,0.5682278156666614,1,0.690612099528256
39.202487140876094,72.40482271464727,8,-0.8660254037844384,0,0.2627114950939667,189.37249881008142,0.39842516873946365,1,0.8903512228383879
15.45090534594816,84.44094592672094,5,0.49999999999999994,1,1.2787505026262347,510.51549854709526,0.9778596338119685,1,0.7866940831830456
32.353233388880014,48.392647747963224,1,0.49999999999999994,0,1.6293992183312582,504.1932000289034,0.507560249110526,1,0.763110689378051
33.004658544343826,59.517410945221016,8,-0.8660254037844384,0,0.05119843564539431,517.7599000234467,0.5522677524502678,1,0.7562536493095152
19.63503832738684,62.73051169651217,9,-1.0,0,1.3621885841016526,609.1126562635277,0.7123626634428192,1,0.6398621335326994
36.13972240051463,44.06316196711272,10,-0.8660254037844386,0,0.959417342515866,509.17418953534616,0.4845384811256467,1,0.7336023940767092
22.999627883208376,73.87023862637601,2,0.8660254037844386,0,2.115879558008474,431.9060851518478,0.22456861927675142,0,0.4763740886781861
27.309549034238856,54.14014502386087,9,-1.0,0,1.2302748440368196,401.50658627168235,0.537277846548448,1,0.7269412311768362
27.082574710169766,62.06914473234464,8,-0.8660254037844384,0,3.8858763591131353,694.7515644722347,0.9442688708907204,1,0.9123249436673799
23.925530068235616,58.22075942132184,7,-0.4999999999999997,0,2.1396363986757954,656.1577966333706,0.4099109881684718,1,0.5819904600649146
31.486466185278257,53.159922414204885,3,1.0,0,0.4169664295195723,931.6456279416936,0.679640954999673,1,0.6339674115078947
31.347909764417704,64.89432521779167,2,0.8660254037844386,0,4.159619063362217,457.85173569761014,0.9780341888856849,1,0.8679392442290536
11.011744214094554,61.76585632147967,7,-0.4999999999999997,0,0.3135123010672903,404.26804890430526,0.8299223129834905,1,0.5753435272369223
35.434721943025224,59.42213176582002,5,0.49999999999999994,0,5.4799690573094875,567.9750344450752,0.6590341330833237,1,0.8670231588538669
11.700064095714605,54.07307567479486,6,1.2246467991473532e-16,0,8.039358976652148,564.3524737794583,0.7359964883305143,1,0.743328180714379
33.26036963473326,69.79287006174434,4,0.8660254037844387,0,1.167794930981723,595.4532618324174,0.936483248017075,1,0.8587647052875551
34.01364109462067,89.80425902738428,2,0.8660254037844386,0,7.8168585668320825,627.0696316034547,0.9597521044003566,1,0.9697788964696261
16.272268558278412,67.09830849258691,9,-1.0,0,4.7252277076335325,594.001041815501,0.9689681303219958,1,0.8039130104037869
21.71348569636332,79.94177322366693,3,1.0,0,7.6699405854291065,661.2547408974806,0.625641628202522,1,0.8420917482061525
16.154362652112514,44.14667112269806,12,-2.4492935982947064e-16,1,3.2922702192938753,681.200796587823,0.38471164986523654,1,0.5617795945408088
23.280631757690117,67.36642158940654,7,-0.4999999999999997,0,0.8061650440007003,683.8767074797189,0.13315312895629994,1,0.5288073097840026
22.53572572651407,48.539475215434,8,-0.8660254037844384,0,6.7477938162181115,160.79930746727064,0.3855480013404029,1,0.8537127871965263
31.23728425815472,42.846126087021474,2,0.8660254037844386,0,0.6109974751233367,534.8571353856411,0.942955454735619,1,0.8683334189617219
35.48246996895686,53.909428888114455,6,1.2246467991473532e-16,0,0.7188119176676067,361.51847171831815,0.8897970805923896,1,0.7863215184497541
36.16547048631965,82.87849001620359,11,-0.5000000000000004,0,0.9485038708047606,658.3171648553049,0.5236596620628786,1,0.8970775720361643
20.502655787373584,79.25023743004468,8,-0.8660254037844384,0,1.0882787312930327,157.65474573510642,0.537007286593924,1,0.738052396467966
23.32622501004378,68.645070830816,7,-0.4999999999999997,0,2.167602181112762,720.3837916599864,0.3089203495949695,1,0.5539179274804308
11.532494462232398,42.009491601651035,11,-0.5000000000000004,1,3.749603774102296,370.2950428448521,0.4545078900704814,0,0.4019345483329095
18.55303946803049,62.05579022918095,3,1.0,0,7.819521953242284,335.92045400276993,0.7144484939393951,1,0.7866412600809394
32.71881306477966,69.52550013352604,1,0.49999999999999994,0,0.27778564418602264,553.4373981046363,0.4024307256477919,1,0.718462527948266
37.92466258838586,67.63304344367897,6,1.2246467991473532e-16,0,9.261527721339057,444.00938640037214,0.18798387207603384,1,0.9743513813451367
15.125209024960624,37.343096247788814,8,-0.8660254037844384,0,7.627211991339129,766.9083961406363,0.5408595788250777,1,0.6016113453113425
20.260285926776845,51.64523227970192,6,1.2246467991473532e-16,0,0.16653588512260636,704.4549720691393,0.225336911454328,0,0.41915088355925956
24.788753944328583,64.03883353776925,5,0.49999999999999994,0,1.3403670186120489,423.37479462828856,0.9742875560126001,1,0.6392979896326423
27.241289270556855,73.04436364275784,11,-0.5000000000000004,0,5.032241247924863,656.3727440308705,0.3903399140119541,1,0.8567785544553117
18.52317184062683,32.05808268350081,12,-2.4492935982947064e-16,0,2.836977470544178,418.20696495458714,0.9096649716091162,1,0.5011628408271286
28.392488355712718,62.56814036780212,8,-0.8660254037844384,0,4.530053253039842,416.9128061875982,0.2255539966036243,1,0.617650246139903
21.209285223432673,67.14573154818429,2,0.8660254037844386,0,3.80855778020237,607.1277137094393,0.18920900530577645,0,0.416770581853076
24.884381832973766,77.7441798277432,12,-2.4492935982947064e-16,1,2.060124545199523,718.3761635703729,0.6169011290397374,1,0.8993787878464633
29.370273984029595,75.39286376356155,1,0.49999999999999994,0,0.12627479397638236,433.8391223281776,0.7793790783033206,1,0.8329857867611824
25.051378158487502,73.73856978213207,1,0.49999999999999994,0,2.633144829423397,445.26068397467856,0.5667645638523757,1,0.6028055848162168
21.508912875787452,53.000892399470985,4,0.8660254037844387,0,0.14935693562569782,545.1807078637581,0.22979568360525937,0,0.268038860506632
24.123121568593355,36.37996794315039,6,1.2246467991473532e-16,0,2.776953595522916,365.9014288295603,0.03789436288399606,0,0.15426398361976665
24.29309632635732,59.10420864407899,9,-1.0,0,4.834483013690039,734.8115584739379,0.6182888211910051,1,0.8431658069183531
22.039911760942978,80.0244773781284,1,0.49999999999999994,0,2.63837062890935,364.46710871575465,0.1310372253655483,1,0.7497121112522007
22.92963149866318,85.90181791286648,12,-2.4492935982947064e-16,0,17.44931315851609,405.0209351696007,0.3431763870323312,1,0.9835758939243221
37.789177364037734,75.65823653446678,1,0.49999999999999994,0,1.8256819744582917,765.0858606559304,0.6757847536712315,1,0.9405712720711898
29.48735558352991,71.44011234202601,5,0.49999999999999994,0,4.144845539996164,532.1882643332754,0.09802344058293189,1,0.7781695004008606
22.636157455766718,70.69459472578949,10,-0.8660254037844386,0,3.3007605298829987,791.537514322941,0.1272514797839558,1,0.8308497057363203
30.575635236085887,56.658218798588294,5,0.49999999999999994,0,14.279054841585586,467.1083718973301,0.06166620730740413,1,0.8825729005242814
22.32944408195192,63.0490955966957,5,0.49999999999999994,0,3.7471093152347414,877.9278229808533,0.9960791289068266,1,0.7159081781129498
34.38499710069313,90.03604288739497,10,-0.8660254037844386,1,0.537490280075976,592.3474970744222,0.38707676860158124,1,0.9706967883791552
27.95713753758475,50.86162991312186,6,1.2246467991473532e-16,0,9.337992198025843,387.13460710821255,0.9057951677346345,1,0.9163918238536074
24.14158284796617,89.22168186064778,8,-0.8660254037844384,1,3.305848591221578,384.8243571987963,0.2935856384242821,1,0.8163109630415546
28.58173540648222,60.16957768261912,3,1.0,0,0.18351492490886592,281.4188133798367,0.7532025651404958,1,0.7560760422515004
12.432990783452006,84.88148163642617,9,-1.0,0,3.215049222351076,297.82775809858913,0.2190666163123789,1,0.6629114705386336
15.985860248721558,43.89777485753693,1,0.49999999999999994,0,6.4398073055708505,401.07026233259575,0.49832470964825026,0,0.3956077931976301
15.448599948807557,73.78856301746974,4,0.8660254037844387,0,2.5814462080457865,351.2602340625322,0.8246157392957796,1,0.7073897522509041
26.143544758109655,53.94844796078567,9,-1.0,0,1.3109585252758955,113.31032115882624,0.8163343988950826,1,0.859145964955086
38.86011999588074,43.77099212113718,8,-0.8660254037844384,0,5.159594288804055,626.2281487821397,0.7942807173626745,1,0.8912514051657373
42.85040116954106,68.27801063616418,10,-0.8660254037844386,0,4.576834920357836,616.3006581359081,0.8237344130385529,1,0.9708536983194592
30.104408811526056,80.14207682893954,9,-1.0,1,2.3569860309213526,546.2565315463676,0.21147228130587925,1,0.8771501297633676
29.006755799555656,52.325878421097556,1,0.49999999999999994,0,0.5029909044706563,329.7550374570864,0.48221627256038646,0,0.46342858207256105
10.591538126778088,42.51476059312398,9,-1.0,0,0.8669947568023757,747.0188163132968,0.4848714745971586,0,0.1032413465576657
20.658609602127825,63.62232853497567,3,1.0,0,4.023779116572274,473.2747864555141,0.8905024873479125,1,0.5563921741080996
18.69772998473409,63.68847006834228,11,-0.5000000000000004,0,4.9209622277933125,375.01507917728543,0.2968918293994288,1,0.6604529548441601
20.03321921399107,73.22479441331748,12,-2.4492935982947064e-16,0,0.9824524203270664,534.8879198514987,0.9314958933890483,0,0.41287795797675675
23.654849451321684,79.24391857046733,10,-0.8660254037844386,0,1.3765268192034479,526.2858757323063,0.45079573630609904,1,0.682270517609368
21.223275378422983,64.10877228091259,9,-1.0,0,0.24243263498507595,124.58744251431034,0.6697870031774188,1,0.7798444909557001
9.165601516993698,92.83254972191395,1,0.49999999999999994,0,3.749651808515525,495.3581937719164,0.26888311227933437,0,0.3652105220477039
30.98328204894027,68.36352116802938,1,0.49999999999999994,0,0.010751877949720552,518.080853820456,0.4102981068313073,1,0.6670610314708599
16.418055794081546,59.803602409896506,9,-1.0,1,0.14297820300948333,443.1888238933775,0.7098009320691404,1,0.5384434594570306
26.913974912889195,40.82648961345758,11,-0.5000000000000004,0,0.013060591984231268,301.78177085282266,0.5127471418510093,1,0.6106123948154887
41.59266135799979,61.06010719525749,6,1.2246467991473532e-16,0,3.1096143891456958,306.2008087491698,0.9307080116883338,1,0.9295390981331904
17.644923267308613,59.95419581883296,4,0.8660254037844387,0,1.620697020377352,577.1098146228469,0.7371249658974774,0,0.3649425478431482
4.757699818029362,79.40457194422206,7,-0.4999999999999997,1,1.0595293325385724,614.2401474410291,0.5644029255105999,0,0.27422647333255845
22.711966224959113,71.93725436100281,5,0.49999999999999994,0,7.315249168786272,432.79857576541536,0.8866697566522082,1,0.8083668692045383
33.807677079988565,47.30946317551074,10,-0.8660254037844386,1,0.6425618164044444,557.3476598064133,0.6655563887887443,1,0.9075712117620229
40.66677963376475,67.58381579616557,7,-0.4999999999999997,1,1.4797824287627823,431.31226173592313,0.6473204734204323,1,0.9782177804329477
15.163603244380665,75.0729675759358,8,-0.8660254037844384,1,8.455862845813703,372.01414958852996,0.24637133314762727,1,0.8644421870049824
28.973593785892174,87.92047039081748,8,-0.8660254037844384,0,1.6711666593006478,532.1745329132984,0.3948569655282109,1,0.8872522910298356
21.277516345759572,78.31255951121089,1,0.49999999999999994,0,2.426978660272173,327.63574966197217,0.6833036526040215,1,0.6563019540305214
24.152413165566916,76.41269981467217,8,-0.8660254037844384,0,0.2512435059192054,784.0676134748073,0.8917917114831578,1,0.9152944746575514
46.15474677613628,65.90128991922745,6,1.2246467991473532e-16,0,4.6843211425655875,284.3729430752942,0.3155474736449152,1,0.9327922581328395
12.976237372838774,70.82468008135174,4,0.8660254037844387,0,1.6484851075997213,542.5741046343894,0.2154856219429847,0,0.4212964890865874
27.029917291956586,83.74257351059238,12,-2.4492935982947064e-16,0,4.83605057414958,522.5358998839474,0.5936959788158558,1,0.903489951789781
28.741545374123465,45.00833903780526,8,-0.8660254037844384,0,0.8782753768033412,509.22135210835506,0.06719709810271313,1,0.5881728087077452
33.68629059951478,59.75841009174566,3,1.0,0,1.647030125095412,722.5090094035144,0.7145417014500052,1,0.6415348578086594
25.783865227767162,53.41146876865639,4,0.8660254037844387,0,4.633043048180041,97.06830986811406,0.7031385432874808,1,0.8405144209620109
27.46440431603282,70.68729678089186,6,1.2246467991473532e-16,0,10.934905469557881,561.7598158233362,0.3549660309861551,1,0.9575858420663343
21.86681146062567,83.45333263476181,11,-0.5000000000000004,0,0.18443131421472678,458.9933753933449,0.8926776533449017,1,0.9392845686249556
27.153015529960857,56.045385699183896,7,-0.4999999999999997,0,5.02122822134258,587.596369327081,0.5021811415391275,1,0.7129407016326037
22.254461796020717,29.145434487958433,4,0.8660254037844387,0,1.0729794332569473,508.2023413727389,0.6457649506929368,0,0.32950767322931573
29.972575118848408,58.81668882463295,4,0.8660254037844387,1,2.4004823914500175,488.74694303802977,0.20957848193833784,1,0.6092601809533006
22.043117311650928,78.7021059802611,7,-0.4999999999999997,0,1.0278608040778425,318.9028001417428,0.41734033516,1,0.7775301607765228
28.01680315121749,73.0644485442482,6,1.2246467991473532e-16,0,2.8514470226233164,399.02937493841637,0.8624175402697681,1,0.8851375188149576
24.765897490520175,71.42279371715864,11,-0.5000000000000004,0,1.309951818140934,969.7264822929117,0.2129395476323428,1,0.6499871253626028
34.00840200617735,60.8001004718828,8,-0.8660254037844384,0,1.2176626013515515,588.9653143914041,0.3905743775924688,1,0.8197591585028468
24.58885021129211,45.8145389567032,1,0.49999999999999994,0,0.11603011981515796,657.8889761558069,0.31807654442812994,1,0.6308871633524828
10.815740254344949,72.72941482436701,10,-0.8660254037844386,0,0.4768479453132678,447.21547645652646,0.15111018486478012,0,0.4171115024697452
35.09537200571194,52.485772849480625,11,-0.5000000000000004,0,7.469571810894907,371.6585947135161,0.28971791812753556,1,0.7308642602204545
17.75414159309905,97.76145100070684,7,-0.4999999999999997,0,19.091811789551237,616.4641661671978,0.23277228357521673,1,0.9700610246990706
19.769869290809442,73.55760812531774,12,-2.4492935982947064e-16,0,4.5494903717568365,214.44225962783736,0.9235936304613274,1,0.7371909377196817
20.234709647652064,56.29027546169073,7,-0.4999999999999997,0,1.0140332842173718,402.3892250932921,0.741078804542796,1,0.5346944097237326
35.99550474536654,55.829221289170576,11,-0.5000000000000004,0,1.5447275426612537,446.8136817894048,0.3161015817828243,1,0.8544852584192205
7.914606288170436,63.60583690079618,7,-0.4999999999999997,0,4.035497041415975,641.7483655052981,0.7633390532427098,1,0.6809479016220794
50.10198826927995,61.407471169673755,7,-0.4999999999999997,0,10.3745946091014,562.0569070431964,0.022139953033871396,1,0.963088299924524
33.44845447252841,81.75250663294932,10,-0.8660254037844386,0,1.8235031750755337,429.06504070510863,0.5265247107711399,1,0.8994815295858849
26.785911313033278,67.7962425461607,10,-0.8660254037844386,0,5.3074543766047295,555.3459518153518,0.2503345637346731,1,0.7953063786593314
24.560847995069707,54.02552391637208,8,-0.8660254037844384,1,11.074920495964236,454.5272241534986,0.11432207180851417,1,0.9558970242593554
27.284432598861255,93.35661027733674,9,-1.0,0,6.2019027203637815,660.5056638401486,0.8837585283384886,1,0.9808223908307585
29.168979427034706,65.73962497280334,9,-1.0,0,0.7730099121846241,535.4235083115624,0.1993405342625726,1,0.8174756605191754
30.161724687600454,76.53259513953346,2,0.8660254037844386,1,0.024192879166534176,760.466420714944,0.8223910929462823,1,0.7773643730872164
29.444835728027588,55.87660238832861,7,-0.4999999999999997,0,2.0323040451544303,458.33085090043403,0.4132226774917712,1,0.5567464767576025
25.71664545004199,70.44673441616786,7,-0.4999999999999997,0,2.273766511811962,683.809284928951,0.01429077004070034,1,0.8012597071474958
23.42129263754139,69.66664986714792,4,0.8660254037844387,1,0.6741231890777608,513.5620990542783,0.7325328293010253,1,0.8776440250563923
23.789813730771908,36.655260618557705,9,-1.0,0,1.0050523322123572,395.4134523661501,0.5963597582193679,0,0.3754157098851373
23.440733757178553,95.2291266569096,8,-0.8660254037844384,0,4.346465176829737,890.2361773226028,0.3441718831678193,1,0.9661331378856474
34.07016077493652,84.35966691383821,12,-2.4492935982947064e-16,0,1.9066010768873056,696.456323654501,0.28154593392626337,1,0.8614328515814419
29.748453778246894,59.04207025781019,1,0.49999999999999994,0,1.1453369335548793,535.1484939769871,0.07369125237043472,1,0.5610576715428995
1.476890922685758,48.465953893162165,2,0.8660254037844386,0,2.923555840046465,614.8994524715595,0.9414255948352722,0,0.12438099299381691
30.247206212238087,70.21342420705328,2,0.8660254037844386,1,3.173215178117996,337.69719525455116,0.4939848846920857,1,0.6845046153817694
26.557889557750197,66.30046549121595,12,-2.4492935982947064e-16,0,4.401157072584719,342.97827310233674,0.08552451757610802,0,0.4364817073859281
24.850329948432822,70.33503422844844,12,-2.4492935982947064e-16,0,0.5113306066253047,667.1135430241318,0.8686797177444705,1,0.8497451797057234
21.891852375288913,67.87366094291134,11,-0.5000000000000004,1,4.058778982211915,500.71960681251807,0.2788331728178167,1,0.808393693928984
33.992901759888106,72.5936148395889,8,-0.8660254037844384,0,2.744588196681588,476.62736671981787,0.20360271573465483,1,0.9017352840482245
32.580211696982865,86.7095854908771,1,0.49999999999999994,0,0.1778868366757931,456.8093457559014,0.28093743834221874,1,0.8685354225100685
18.816978657411127,73.52154807692969,4,0.8660254037844387,0,4.507751519484878,522.810115320367,0.5645714586071113,1,0.6419276949536413
28.25641829699628,49.25516751635088,10,-0.8660254037844386,0,1.449049137466385,461.86258826730614,0.0740564844970365,1,0.7895374651863718
17.226746123669713,85.43844279068678,12,-2.4492935982947064e-16,0,1.2031388609665954,195.17888346928606,0.48175690912267644,1,0.5713019521677024
13.963054681688556,89.60921845232431,5,0.49999999999999994,0,1.7830301584293835,712.3812900242452,0.8957434451243126,1,0.6657135523534851
19.98626220328028,112.28085101768127,9,-1.0,1,1.274746996999637,483.4159457241821,0.18817159584612386,1,0.8735737692347122
31.89914777906207,48.14758950140603,7,-0.4999999999999997,1,1.2387636729014238,774.7292944457042,0.33118877215224385,1,0.8516187169112502
32.625000363008695,68.64323019725413,8,-0.8660254037844384,0,4.951993524205318,235.67055857386055,0.39612196505165276,1,0.9467095428794329
29.104683360778346,33.768519452165194,11,-0.5000000000000004,0,0.39889838650241916,235.08210161044872,0.5862207115272452,1,0.5320232652036342
30.800766294783976,73.29723734568813,9,-1.0,0,10.58028873815096,458.68796967241417,0.9192542465263115,1,0.9591661592340988
29.129426296919668,56.776995527498414,7,-0.4999999999999997,0,2.428582201394631,646.6290977809447,0.3945392082424255,1,0.8502679302747495
19.86814723821638,93.8516869223743,5,0.49999999999999994,0,0.6060694897817915,317.04991677088356,0.06915284067776362,0,0.4721592402079978
28.455380357391526,53.38077544972127,5,0.49999999999999994,0,0.42198045304568965,311.2282917011885,0.3479508614309924,0,0.4768394154833684
31.40327620182146,39.662254430491075,10,-0.8660254037844386,0,2.6858600983022827,555.7928508065609,0.1900854125998448,1,0.5571234122184526
31.034330638508592,57.9310438894622,11,-0.5000000000000004,0,3.007175746575747,453.06895000719226,0.6517744788191033,1,0.8638465728992951
34.51130697179714,35.36768343174294,6,1.2246467991473532e-16,0,0.1634501985090053,581.6119866642867,0.029262109167332184,0,0.3767387216101656
30.66643077760851,76.26649181760965,5,0.49999999999999994,0,0.8351836623587907,455.7575295128899,0.2919299710730734,1,0.7887831998972141
27.811585660332664,34.02375430615519,12,-2.4492935982947064e-16,0,4.761003349611436,557.7705924207474,0.5451735072326199,1,0.5827610871979491
33.56120190653142,65.42686371774738,11,-0.5000000000000004,0,0.1526947312179261,704.9199858420102,0.2773342060495543,1,0.8208812728487368
24.787829926007518,33.832822702157046,9,-1.0,0,5.794899596408457,317.3679812366006,0.5509952833452542,1,0.6378622978174917
17.945002790178258,60.19553293195037,3,1.0,0,3.22025919710103,677.7180520724189,0.11471232218718319,0,0.4938231432742715
23.695464288449887,89.65067233706802,3,1.0,0,1.7097278657672286,244.37787969900177,0.9428054879896225,1,0.7725966458686834
19.04077884154841,70.40971837153693,7,-0.4999999999999997,0,1.2759299856683368,591.4004860754923,0.2909068073298867,1,0.6156359449769083
