,SRR9000000,SRR9000001,SRR9000002,SRR9000003,SRR9000004,SRR9000005,SRR9000006,SRR9000007,SRR9000008,SRR9000009,SRR9000010,SRR9000011,SRR9000012,SRR9000013,SRR9000014,SRR9000015,SRR9000016,SRR9000017,SRR9000018,SRR9000019,SRR9000020,SRR9000021,SRR9000022,SRR9000023,SRR9000024,SRR9000025,SRR9000026,SRR9000027,SRR9000028,SRR9000029,SRR9000030,SRR9000031,SRR9000032,SRR9000033,SRR9000034,SRR9000035,SRR9000036,SRR9000037,SRR9000038,SRR9000039,SRR9000040,SRR9000041,SRR9000042,SRR9000043,SRR9000044,SRR9000045,SRR9000046,SRR9000047,SRR9000048,SRR9000049,SRR9000050,SRR9000051,SRR9000052,SRR9000053,SRR9000054,SRR9000055,SRR9000056,SRR9000057,SRR9000058,SRR9000059,SRR9000060,SRR9000061,SRR9000062,SRR9000063,SRR9000064,SRR9000065,SRR9000066,SRR9000067,SRR9000068,SRR9000069,SRR9000070,SRR9000071,SRR9000072,SRR9000073,SRR9000074,SRR9000075,SRR9000076,SRR9000077,SRR9000078,SRR9000079,SRR9000080,SRR9000081,SRR9000082,SRR9000083,SRR9000084,SRR9000085,SRR9000086,SRR9000087,SRR9000088,SRR9000089,SRR9000090,SRR9000091,SRR9000092,SRR9000093,SRR9000094,SRR9000095,SRR9000096,SRR9000097,SRR9000098,SRR9000099,SRR9000100,SRR9000101,SRR9000102,SRR9000103,SRR9000104,SRR9000105,SRR9000106,SRR9000107,SRR9000108,SRR9000109,SRR9000110,SRR9000111,SRR9000112,SRR9000113,SRR9000114,SRR9000115,SRR9000116,SRR9000117,SRR9000118,SRR9000119
SRR9000000,0.0,0.7161144081522152,0.7424439986191246,0.6175168410706705,0.7538382369046239,0.6308822889435134,0.5501245794106087,0.6381671617083209,0.7349152728994296,0.621323441799414,0.7470970505155201,0.7206705528467872,0.6680592727338774,0.7202998612919236,0.7733721441495357,0.7113052903941833,0.5901833735290886,0.5861379667954228,0.8052455517446814,0.6773456559787585,0.6275418547256357,0.7337247966135718,0.7250473671284875,0.7824231344463444,0.7360044948370339,0.6705944539625464,0.6704538732884944,0.7578681557390838,0.7373994233011892,0.5485840316296572,0.7216865416181083,0.7401022643711976,0.7946962740384949,0.7536703054574352,0.7584878207649788,0.7592677908368222,0.7107678057298714,0.7183042807111618,0.6483664825070702,0.8303667755471678,0.7206121406928223,0.7326407219136648,0.7852318796817853,0.8205952628602219,0.649840754315371,0.6919069481463533,0.725556216668647,0.8007661216810184,0.7496113703719756,0.7603691991608271,0.7118816887505806,0.725432510961701,0.6296888990795059,0.7674726850490985,0.6749184313057272,0.7557690065362435,0.7647937526058105,0.6995735135953935,0.5663264262862338,0.7563388383256551,0.7309416796731282,0.7263858954192296,0.6874215385062546,0.7045442975929971,0.7258500472858537,0.6712701663471446,0.676339267776947,0.688331233454526,0.6181000690992411,0.7192215020650062,0.5865227761267032,0.6453706046208282,0.746910506191009,0.6774284999428237,0.7591269039473368,0.6873858371397752,0.6877701325373126,0.787352229489168,0.7641982900825723,0.6597087996701932,0.6652624262496637,0.6514561050267063,0.7981430346173289,0.6761060113898005,0.7220554363929029,0.8247529954586117,0.8055825195850183,0.7695389077166106,0.6511538594135143,0.7469914866736614,0.7652127290260851,0.7982412662442918,0.7550118133049682,0.7547539287737579,0.7105253103678505,0.8061752561494789,0.8295096252036313,0.8440177006997395,0.8258511741199472,0.7629513520766945,0.7797744442824485,0.6850783074967843,0.8061188620182801,0.6480783267743715,0.6808296167941844,0.7709480681537977,0.762754979102374,0.7557817567902901,0.7605253008382937,0.7630461308898405,0.6180382991334425,0.641878553943666,0.7986230949415973,0.7448674796220423,0.751618891742098,0.8070485957771404,0.7296040330519659,0.7830594352590138,0.6825697971574861,0.795361182572673
SRR9000001,0.7161144081522152,0.0,0.5725294765501753,0.6869263326198751,0.7123518344793044,0.5150496826195938,0.6779116231087321,0.7321766098105631,0.6447784381706044,0.6942519494884324,0.5640772123377382,0.6226697737985222,0.741563903262171,0.7557639601491528,0.7572880202707312,0.7455305048390011,0.7094174806271348,0.670937373844099,0.7279364157396886,0.7159821100503645,0.7874182782033918,0.6612480214379686,0.6798655299556364,0.7051866974471384,0.6634835613635346,0.6973194140454012,0.5774310474035311,0.7235674777972145,0.5544027588695172,0.6770227569680026,0.5176765510458775,0.7547756709721114,0.6396310554323976,0.6715306124094266,0.7107814187008665,0.7686288568176589,0.6992390584235515,0.6653374936863291,0.6205286782675955,0.7405760114198437,0.6885035081129773,0.6452343008636273,0.7141806890211247,0.6281176256383758,0.7054522394593958,0.6238289307593345,0.5296569437229828,0.6615876260139584,0.7122192754381471,0.6513026056306309,0.7480878627592626,0.6821885498448748,0.724260881033359,0.6954749822601837,0.6530452495898363,0.6631556515278747,0.6578788446393987,0.6371183443734738,0.738810744581327,0.7566865658052075,0.6357147941495748,0.6815510180649912,0.724772832489304,0.6137270767578152,0.6858300726198654,0.7454027922584894,0.6442383448777516,0.6638252495764055,0.6574913039149846,0.6731467301632015,0.7724858212249963,0.6122072061350228,0.7563331330065508,0.7041593844474581,0.6796154213401681,0.6801557696508239,0.6247085668303839,0.6933044237105878,0.6784342691738653,0.748890434412425,0.6655005476260312,0.7289525060072315,0.8058966484492552,0.7198583067695878,0.7201995101235191,0.7376132251322146,0.7066194698319527,0.685200588574274,0.6648538508228449,0.753669268785904,0.7862061851924661,0.7233793981214418,0.7054811475914055,0.7098594104990901,0.6719780408724231,0.6862084495857991,0.7574733155756211,0.6946570186606187,0.6121304154830978,0.7357795507090029,0.6968373464578997,0.8100865664856511,0.6540886941243392,0.7954853986020886,0.6549242668819866,0.725088528902076,0.7878432121842771,0.5696586454620469,0.715295980167845,0.646397202101629,0.7136608588815825,0.6429836421021969,0.7085580165822882,0.7011131597788172,0.6424433300438875,0.6731559760929123,0.6484010131860978,0.6537397030495162,0.6488266689059259,0.7110528909854593
SRR9000002,0.7424439986191246,0.5725294765501753,0.0,0.6577469303216028,0.7121993067896452,0.5697421652201953,0.6749671626545468,0.6786235327196543,0.5802768436581733,0.6488114244976074,0.5665827842901265,0.5954359976318984,0.6774722002994032,0.64723583691082,0.6634090886783244,0.627379707303842,0.7103616230662669,0.6393793866170828,0.660070115333985,0.5634143935886148,0.7056526362301143,0.6811637614482082,0.6387330658861199,0.741522681334474,0.5952400855123267,0.6551085917172098,0.5948993995641136,0.667333202054145,0.6308096344001612,0.6802690366371505,0.609862574601373,0.7388906689015478,0.5672443870413173,0.6963900737582698,0.5859361703729317,0.7336250513903413,0.568333371195701,0.7015194658720061,0.6513344548047845,0.7386980916318173,0.7082158747125878,0.6039666633483053,0.6749086619020433,0.6914120455356939,0.6326283460359435,0.681891694568349,0.6337878423028981,0.6831693078744275,0.6701707705329532,0.5898342506320834,0.6542966613594573,0.7231299563152687,0.7274967591186501,0.7090707434593692,0.6723770836157295,0.6126855694193767,0.5681631979515016,0.6255412207675948,0.753558157388706,0.656721523543932,0.6764592539915857,0.613313700010429,0.711454834098334,0.6462672757992329,0.687975367009908,0.5814443615433056,0.6101833626283786,0.5351857051429317,0.6778115912032099,0.6950250480867516,0.7171061779172484,0.5179875544618004,0.661343803276919,0.6257836612553408,0.7381099665111436,0.667027619159798,0.6834267918520146,0.6782057288436087,0.5963767445501114,0.642147807359735,0.6817186353980692,0.7602935952749482,0.6753907520932046,0.6738705278820422,0.6936719297936186,0.6085201792029785,0.5455090819530362,0.6370146402022157,0.5492977510594969,0.7546627025588939,0.6383275953297061,0.705194889657993,0.6584660421330182,0.6050445068996945,0.684192911173866,0.6334560579924412,0.6873395195818475,0.569917570902998,0.6138408264474867,0.6162321584910209,0.6177204800902255,0.7132503522588313,0.6405228362899607,0.600164094457581,0.6151108366048814,0.5927400784481106,0.5935079411885444,0.543044385115929,0.7730783270322708,0.5950874015956102,0.6346523198580825,0.5932692117350873,0.669128215001436,0.6234232618535022,0.6933785501925973,0.6399185607465304,0.6738640937049005,0.5378320058524352,0.6889729816668216,0.6081192160944431
SRR9000003,0.6175168410706705,0.6869263326198751,0.6577469303216028,0.0,0.8029985636438572,0.7218323280292968,0.6055361291689976,0.7216047183429783,0.6374667527578243,0.6002040783505341,0.6202753002312965,0.6876263312721153,0.6998776182377937,0.7376932592754191,0.7103084036728072,0.7491459697152028,0.7655167143927409,0.6859955222528945,0.6666505135596699,0.7242100668474799,0.7147402805889238,0.7417090956321731,0.6157796734212518,0.6434891756642318,0.7040549410364049,0.6241630102762848,0.7080758209176972,0.7220976632009563,0.6771962655002427,0.7109984009348335,0.6483664063503183,0.7251833534261413,0.8079665990973728,0.7647900066402402,0.7827671057432336,0.815409348236378,0.6505909167997407,0.7460575322886738,0.6081287917355866,0.7071616977595783,0.7275397857005603,0.6052978880485038,0.5637010651459974,0.763089608537452,0.5402169030932378,0.8032000219176822,0.7100893443185468,0.8195351988625428,0.773606321600052,0.7326801919706748,0.799077463792765,0.7832573896477679,0.7042304063172583,0.6858749281689801,0.7153947458287796,0.7220248243153531,0.7235126148039999,0.5763824566700609,0.6716058839309942,0.7202922800500517,0.6657760139725794,0.7595403678313581,0.7512592510541081,0.7495466605254926,0.7149435607083368,0.7683533477903298,0.7093917920169145,0.7657554241417136,0.744080999014328,0.7684691648424118,0.7200750668100501,0.5968779315857244,0.7504548478517334,0.5926031877580876,0.7869273169326017,0.7500321836997166,0.7292199278332677,0.7303815294835776,0.7457113732645241,0.7137433642246467,0.6507976602607638,0.6711930933705047,0.6898435096785583,0.6918704014670294,0.7808334732335561,0.6716013632036857,0.7644473677297203,0.7941555390748933,0.6991864078429633,0.8162205411621942,0.6437410077070521,0.7903241521211553,0.6772197865459259,0.6323894823949869,0.7258191197071251,0.6864722800797219,0.7674202968242562,0.7655543567893224,0.7728340735876076,0.7718699647875087,0.729123191329778,0.762368237300242,0.7726679097037282,0.7556219057564959,0.7130314255129769,0.7514690678228002,0.7287681774193925,0.6837360488995345,0.6954261339061806,0.7466029375056129,0.7236990784510156,0.6095478607674103,0.738708692581755,0.7193493502061622,0.6564500855638936,0.8499415957290984,0.7166670809670621,0.7312213917658871,0.7273940705549456,0.7102551264753104
SRR9000004,0.7538382369046239,0.7123518344793044,0.7121993067896452,0.8029985636438572,0.0,0.7698340780900585,0.7528272693018584,0.7044645074930825,0.8336095989434638,0.7158459865760222,0.61091044838929,0.7533958278165745,0.78960688965292,0.7507564936738532,0.7531407492872049,0.7004084503430409,0.7224728150110703,0.6976931570811464,0.6626324544271629,0.7029036171610251,0.701630558446467,0.5720308803468103,0.7306562588241932,0.702054923929519,0.7913702970114834,0.6607946885300008,0.7205690984009191,0.8143810451097346,0.7258998585111256,0.6872530446463577,0.544902007033919,0.661660995526123,0.6859508245842719,0.77336581638628,0.7100154734736016,0.8040365733371354,0.7309353009018426,0.5658804634122733,0.6297199720703474,0.7245893768068322,0.7255139516043263,0.709560773522761,0.7777999051193457,0.5999045166900809,0.8012548082127317,0.6698355617216322,0.7261773381889494,0.7363112999905153,0.8127208248772887,0.6701617024713864,0.6230683124327965,0.5733339438914585,0.7419838584398215,0.7403474196862083,0.7295987946190746,0.7364580544630034,0.717540399291084,0.6295407717106695,0.7973760278887085,0.7100037708918028,0.6633560046905894,0.5890318474021852,0.6957544423832757,0.7165552377366928,0.6763823713732411,0.6873435517403262,0.7211732605487697,0.6850863065269248,0.6207118435991364,0.6532436339198706,0.7753729271312556,0.6572305856003455,0.7265692550577993,0.5798288805815551,0.6354114441190405,0.7430237533146571,0.631064379267453,0.6938211157833211,0.797675758267632,0.6199746113936759,0.7529955401951036,0.6983514431890526,0.6421113740963245,0.6435034183345246,0.6947196361126486,0.64925559601147,0.7581356928625089,0.6533596645502825,0.7111388939226196,0.7091745566478089,0.6951783543936215,0.778191292001645,0.759723250067028,0.6899372573134347,0.688038297033431,0.7033633508934529,0.7378790891587823,0.7115175581001403,0.7086287251225181,0.5430102399262318,0.6820566487905086,0.7492015087821537,0.7237568036334939,0.7817158236132272,0.6957458809758204,0.6525421760105462,0.6920506670385725,0.6430991601679723,0.7181981096064357,0.7428729817122098,0.5932095108428326,0.7357460977217404,0.7180917312700676,0.606376413059069,0.7651347237321048,0.6475881240378154,0.7172738182831921,0.7142022126993891,0.6828202716814137,0.7160284181615064
SRR9000005,0.6308822889435134,0.5150496826195938,0.5697421652201953,0.7218323280292968,0.7698340780900585,0.0,0.6863972321079348,0.7688027929548787,0.6835869077317456,0.6646725510833205,0.6826378934178131,0.6721969426957397,0.6868978773998878,0.7164774632861626,0.651020077098977,0.7013733240041982,0.580920365468961,0.7174617823984701,0.7703608934553199,0.6532835484790027,0.7260826250412762,0.7124189202424949,0.7231939439901682,0.7522129227899669,0.6314345262156179,0.6885608599724802,0.62480807377619,0.6061221873870466,0.5124108288109139,0.6750023516958664,0.6383724473576644,0.7791194017535717,0.6666406778172005,0.7437569229410891,0.7052512087861232,0.6582489827916311,0.6042089374690361,0.6744195365827214,0.5676496439482271,0.7796976563670907,0.7817661919105376,0.6924964959732113,0.7130836538582561,0.6770971910684718,0.7690370853008632,0.6389579155253021,0.5649729983437131,0.6680519121421878,0.6388520032314239,0.6854597059628454,0.7625364910625205,0.7557370973963548,0.7458873777737155,0.6948303803487725,0.6653879181561188,0.6764996882680757,0.7153652092160159,0.7893572704021012,0.7164269036347584,0.8239320762641326,0.7341027583204093,0.6336366775046314,0.6546595089920296,0.7002077533732156,0.7160612643191792,0.6326113727445892,0.5685336129112815,0.6602740009542118,0.6321970635804015,0.6523834117469298,0.7390415274897546,0.5213088127115558,0.767424150434543,0.6824392585203118,0.6586304196713847,0.7355571683608769,0.695530894711679,0.7672970619022318,0.6604002515458748,0.6583291932659759,0.7318454884115381,0.7299637156889917,0.8359123667303979,0.811635423107364,0.7329416739558191,0.7452093927264678,0.7397315942789828,0.8015063511563205,0.7742409738165488,0.7573749671383784,0.6911403228244701,0.6280476619357032,0.7411014488489437,0.6624865044919819,0.7405287811635352,0.7194657238547804,0.6249534158466983,0.7150166068967466,0.650281267481297,0.7746643071752355,0.6829991969421465,0.6742246360563908,0.6846869387469391,0.662028328185201,0.6017412701698996,0.7619610080870076,0.7155763858718671,0.5680361928955556,0.660647896940952,0.7215096393736583,0.5487090714286702,0.6636011429374383,0.7096733315013677,0.7188866806692237,0.6867776389698876,0.6950549957179217,0.632488878491245,0.6422026723221385,0.6200464140362139,0.7959177471176924
SRR9000006,0.5501245794106087,0.6779116231087321,0.6749671626545468,0.6055361291689976,0.7528272693018584,0.6863972321079348,0.0,0.7996692082913803,0.7108542344067126,0.7246206800171762,0.688611588507981,0.6726382857353448,0.7709763733362476,0.793339348014899,0.711276647328633,0.6972500636128749,0.726608191871086,0.6796956552711143,0.7190674128981915,0.66946406285143,0.6707573640113217,0.7227105331926629,0.7691083172706467,0.7454269989909055,0.6393179028611095,0.7750889827756974,0.5769634815966763,0.746843812458581,0.6593376526036695,0.6054407147173033,0.6907228414760967,0.7434712770296946,0.6948010680047747,0.7960083527168372,0.7863378810707387,0.8223449221558801,0.6965491815688215,0.7304095946229618,0.6802474645577922,0.7894990315936133,0.7455349548267856,0.64144380606164,0.7102651620997323,0.6905016357657924,0.7096959505334876,0.6771848689468637,0.6882552231480543,0.6546375695276065,0.7833974466723778,0.8002026396548241,0.7190824028770346,0.7641529471447136,0.5885851881167414,0.753374216546999,0.7093849774743559,0.7819068142467567,0.7603019772128701,0.65010231951074,0.6765429172374974,0.7354314506503644,0.7749636474681741,0.7263441103983884,0.6583866770949529,0.7670964973755062,0.7322126271544204,0.8189108044146076,0.786236877867867,0.5819457389372223,0.6690242295019109,0.8082482880138743,0.6456912207347782,0.7591244644310972,0.7401760683075028,0.6807573756700518,0.665289132688762,0.6526826453240918,0.6997809287223627,0.8118774677536659,0.765124773335959,0.7258981285714917,0.7125317279567667,0.6863649677324795,0.7972229515943721,0.6704178066842233,0.7549409881716886,0.7914282702679246,0.757110545263058,0.7830044632031012,0.6235730396425186,0.6899359789799536,0.7450064203303594,0.8008365921216061,0.6621418647045729,0.753498367810677,0.7589639605481554,0.6771558270456034,0.7470842402022284,0.8607425351236656,0.7464888009621449,0.784459507070852,0.7223855204686671,0.7803293941910779,0.6743052888152634,0.751329313490464,0.6642673968459041,0.7886831650420154,0.7470872858250375,0.7911918410957834,0.7203882765712728,0.8158904616926367,0.7237523876990055,0.6118045190426536,0.7690767924197213,0.7943301021582843,0.697729937376498,0.7510205704712669,0.7855687837801976,0.7360593094291634,0.72859358423116,0.8176268273917064
SRR9000007,0.6381671617083209,0.7321766098105631,0.6786235327196543,0.7216047183429783,0.7044645074930825,0.7688027929548787,0.7996692082913803,0.0,0.6592191841066584,0.6824014648473822,0.6427503058198397,0.7629543587108456,0.7504317697169091,0.764308179903721,0.6773570535837105,0.5841605609447442,0.7084779787579157,0.5620736950116857,0.6884445837280118,0.7662124477011718,0.7570262463908274,0.6968898402700731,0.6158136457379335,0.7594100050621468,0.7833277827586249,0.6352761045241955,0.7519412620639137,0.6700018576914591,0.7542861032341399,0.6035922339041453,0.714369738700829,0.6596720725577768,0.7323073579904221,0.8071867778057448,0.6510409039551555,0.7341825369129058,0.7127220853430615,0.7702714373145,0.6645363567530783,0.7853687032720507,0.6810084179309315,0.6548918198832342,0.7619826007504571,0.726132509881263,0.6538410320042809,0.6593965646270262,0.593404592810872,0.7952691645325402,0.7245562420548302,0.6103244076561014,0.7149052213200595,0.6503063492288599,0.7380412121995961,0.6520332349430108,0.7498318719186521,0.6379325980329431,0.6065342575843438,0.7470145924447267,0.7781472198243915,0.6814123723009745,0.7208457831932858,0.7463768167834957,0.7410633663894616,0.6641172351102194,0.7790071324231621,0.7361443956684054,0.7332168446191792,0.7447056698470202,0.7544038477721884,0.7862157106794962,0.7297516448576074,0.6943090013380203,0.7819271339081233,0.6896348141879554,0.7998951278455624,0.6473241744270467,0.7604181206823101,0.7562705210388123,0.703655949323865,0.641030321926058,0.7942467439194183,0.8134910133983594,0.7302007127124694,0.5564576161743173,0.7030989384318292,0.8015350424565645,0.8030006924019699,0.6898769844185575,0.6841501355357047,0.847925995223099,0.740795355947656,0.70370785198899,0.7133991467482627,0.7597919978542598,0.7396285364962133,0.8290845572991415,0.8268605534776582,0.7679844320284057,0.7294586648021254,0.7581327818740857,0.7476352399687257,0.7686714653755851,0.8526610592468998,0.7275236150098874,0.638778825121898,0.8211476743186075,0.7324686565255437,0.6752063041206575,0.863781213628305,0.7280645874460514,0.7126136208034182,0.5581534447706284,0.8059214291553648,0.6273836426107511,0.6609017880830628,0.8137370909581136,0.7951160375071209,0.7438151056831954,0.7277928621861413,0.7871860918907413
SRR9000008,0.7349152728994296,0.6447784381706044,0.5802768436581733,0.6374667527578243,0.8336095989434638,0.6835869077317456,0.7108542344067126,0.6592191841066584,0.0,0.5704729504661934,0.5877978808362738,0.6205595524313215,0.6847785029074993,0.6060243196943605,0.6329102158598411,0.7548376577691984,0.6866722110976934,0.6864008745336891,0.606362779064921,0.5657591368553798,0.6254491765223941,0.595702914529763,0.5607494163238966,0.6845472939567979,0.5696497065957546,0.6840099819959462,0.646056735280031,0.6375364349700231,0.7086704355231408,0.6373144496652482,0.6999196034183228,0.8048488415265879,0.6352520082424307,0.5489900330754405,0.5568104545976089,0.5119620999731515,0.6840068965876807,0.6530863363657341,0.5398521264985311,0.7163683896786843,0.6463501266191944,0.6929151693672769,0.6071224962676333,0.7012063679860914,0.6643343324459771,0.5895420820900631,0.5612966624726324,0.6707357663872577,0.620704904558764,0.6479907510779591,0.6180854405184409,0.566371234935881,0.6946408476268836,0.4871749087264179,0.647042715224402,0.6025143892790453,0.5703970478616767,0.6249604840855216,0.5557539237548955,0.5038586235370118,0.7089552612712249,0.7699596367124286,0.7770898798021356,0.727843091330881,0.7345525966415507,0.5801493197009889,0.6444917090738858,0.7171266859069696,0.7473083141682624,0.7732024482146767,0.7349917169304805,0.7005225799226302,0.543272501926098,0.7490494583324648,0.743728063544879,0.6877260311733037,0.6024449680956797,0.7799640274920361,0.6887302429911027,0.6838324903421038,0.8161982718123665,0.7792467762830888,0.7688545223823502,0.7276468009716197,0.7628851511133621,0.7150669189620295,0.7213896996908105,0.671607530725351,0.5270464807510716,0.7022842361154145,0.7601316433696745,0.6655783994631317,0.6247154597139989,0.6784299175019375,0.722413030029381,0.7148198810418762,0.7266967817261644,0.6895490910822393,0.6605802542056533,0.7273081705374018,0.658096507170183,0.6946821714716624,0.7333900278856756,0.6379541112759858,0.715639276003474,0.7644534340674802,0.7585470183838805,0.692281619977144,0.804878663216569,0.6764061901846654,0.686942512751539,0.6460081813903197,0.7644509015611642,0.5573404508358882,0.7348428877601297,0.7644897903935761,0.6990513342198279,0.6346628832045127,0.7197386921528767,0.7241205261276363
SRR9000009,0.621323441799414,0.6942519494884324,0.6488114244976074,0.6002040783505341,0.7158459865760222,0.6646725510833205,0.7246206800171762,0.6824014648473822,0.5704729504661934,0.0,0.6076116426518242,0.6803567916970547,0.6143432978101547,0.6020739340544872,0.6255578511271993,0.6965836948207726,0.6742039535350288,0.6714506229141999,0.6578819418090647,0.6316456704070074,0.5527780445476519,0.6301407114037135,0.6534612483334667,0.6740262990053068,0.6727501289540394,0.6607478103043155,0.5509600340577326,0.6785952261134219,0.6989357446876758,0.657501878839907,0.6832145756042296,0.7554961294830292,0.7833474124570944,0.5908315064692278,0.6525936629800436,0.7032768352256644,0.702014001857404,0.6762255647777209,0.5992892020464786,0.6371544541856785,0.5657555978938802,0.594566032960377,0.5146312423300284,0.7222305614064961,0.5283548828241044,0.6746011926981804,0.6415177415897804,0.742280349309547,0.7006773485675543,0.6462452680776986,0.7131999101599871,0.5908601262642927,0.6554249122207073,0.6877617639098884,0.668746882289496,0.716092140678644,0.5126107516000835,0.5377255897504357,0.5236418981408122,0.6831366127746034,0.6631031148046824,0.7064685453321219,0.7980455095746668,0.7395228112050738,0.6305915419967985,0.6057998292972144,0.6310067885752256,0.7448336518038826,0.6923607216223012,0.6129671742982744,0.697414477173145,0.6943500271038967,0.6678234346112703,0.7212152137691455,0.7768109392778266,0.741394680727487,0.5607199271581617,0.6781521924627499,0.7067803877111388,0.6857692099261393,0.6378118673693615,0.5981246994616208,0.7385167640597177,0.6833997520304611,0.6319510020557045,0.6742097909438476,0.7023650746198499,0.6779947956157978,0.6949273882764565,0.7360624321540371,0.7745164281924033,0.7608506410377823,0.6590790196159777,0.5659996660676327,0.706752327922913,0.7476408852014869,0.7700323392052364,0.6722094873167176,0.6654413112917625,0.665751785160233,0.6423894030155728,0.7037000450329802,0.6869857163920099,0.6279823939068941,0.6454425887368029,0.6915092435975466,0.7178425745108864,0.6573660648795806,0.7560486881254636,0.6682593410800369,0.6455651696882357,0.5986455379831831,0.7772480453232294,0.7401682453319536,0.7169089245302294,0.7025620236046104,0.6678893371266358,0.5892495063533055,0.7069566852174909,0.6667618466859727
SRR9000010,0.7470970505155201,0.5640772123377382,0.5665827842901265,0.6202753002312965,0.61091044838929,0.6826378934178131,0.688611588507981,0.6427503058198397,0.5877978808362738,0.6076116426518242,0.0,0.626856532684093,0.702929247658145,0.6817429847218444,0.6409263945420998,0.6863484676908834,0.6188938399164128,0.550208024044824,0.4943240562959412,0.5418957285072948,0.6837320373074268,0.5522463522805061,0.5743722230990789,0.6211814669956518,0.741608481574129,0.5387989363284067,0.63789743998825,0.5377932423072121,0.46299679637578534,0.6171864568147039,0.4933072489416428,0.7181106239269006,0.6376833844596649,0.598882838659436,0.6078223792124743,0.6855006366394444,0.6539164012713896,0.6115488792441341,0.6001974336697478,0.6542197706119097,0.562929001025506,0.5337309809547591,0.5723825224699952,0.5412030681169258,0.7204591002775708,0.6546760092293579,0.5757934505106731,0.7137445873629954,0.6834777582840093,0.5276828017920504,0.6629942926103866,0.5417447468375531,0.6997965299790756,0.6044503371137999,0.6542185412366252,0.6436587879276583,0.5688542574954205,0.6306173931951964,0.6915150077585148,0.536682185512305,0.6524681220052422,0.5961791204665854,0.7930068351291985,0.6431822678874355,0.6259661541465106,0.7306559870186203,0.6433635067113299,0.6860946334458423,0.6665912594066817,0.6256270258325868,0.6789096896094219,0.6726624223203282,0.6644502397137911,0.6172329275960372,0.6853186013701893,0.6851643183614068,0.5848877925393657,0.6998778070887469,0.742379110486878,0.6379577190670626,0.6795665390803205,0.6150342547779282,0.7599633392780738,0.662139919326007,0.6268352475478036,0.676591814953079,0.6628417598360772,0.7273989313472693,0.5933871444228543,0.7602038142797682,0.6901820045656047,0.6339594654215077,0.5680536485729963,0.6559606906754567,0.6957545825906317,0.7029359176054752,0.6710059602913082,0.6780454591467586,0.6538992941996463,0.6815823959143901,0.6649512010836945,0.699666919854507,0.6993191959898508,0.6816952232184595,0.5966279286744935,0.6195221031403799,0.6392193026437232,0.6534936770540742,0.7422339999484351,0.6926960605946014,0.6155625538225025,0.592077707654734,0.6904658660919419,0.6020016504342521,0.6059823249429133,0.6667494476377348,0.6924614471472691,0.6601291395429232,0.7060681963044456,0.6524915164700137
SRR9000011,0.7206705528467872,0.6226697737985222,0.5954359976318984,0.6876263312721153,0.7533958278165745,0.6721969426957397,0.6726382857353448,0.7629543587108456,0.6205595524313215,0.6803567916970547,0.626856532684093,0.0,0.661659621250096,0.5389012423147412,0.7260371128755416,0.6807036857330161,0.6262429126445328,0.6228903180261917,0.6452199319150067,0.6293402218118476,0.7003560725401902,0.7086712155017335,0.675214863338875,0.7724351217866634,0.7688808056031485,0.7367508462260396,0.6404142087541204,0.6960689502164482,0.672414674233764,0.6273321905144171,0.6370751713249786,0.6630133719574592,0.6574986357063624,0.6768849697835728,0.6015124065713133,0.8067771745798527,0.573937906289737,0.7306750927088286,0.6785512814152753,0.6479424260180188,0.6368093823663973,0.6375518373963495,0.6525709763244086,0.7048948280148397,0.7254546073189987,0.5988586334598968,0.7346593387287531,0.6535972459063477,0.7334333889001706,0.7706983529848906,0.585239120159233,0.709734787571209,0.514658941446568,0.5805760274255745,0.5168749533804924,0.7483623672759427,0.6774488904802023,0.6730488393632894,0.708221148267241,0.570047793207007,0.7080944856355235,0.6865071980163497,0.6791402462093158,0.7291840835671902,0.7227555245586282,0.7048621514585073,0.7413580399268174,0.7143987008382918,0.7395847254167379,0.7837605522102196,0.6973576903457298,0.7328446635971299,0.7298335840225989,0.674774517855321,0.7442853755362975,0.7811600999933828,0.6216438305967463,0.8307250785179309,0.766409374638426,0.7494689161551796,0.6210385716576895,0.679652194847529,0.7851786311238165,0.7385247335728121,0.7366642300354843,0.6968075716635684,0.6286481440667808,0.7266557491695007,0.6400232506339296,0.7841538197002925,0.7577928793328012,0.7419025278205575,0.7576001123920129,0.7433688436966052,0.658474571429157,0.7479717422000621,0.6291848452533468,0.8112055400041015,0.7606207658176548,0.706413532613924,0.677443894884621,0.770238291920317,0.730081307718016,0.72449381884103,0.7225795064209416,0.6283469707393112,0.7284114851829576,0.6750347531394696,0.6751139119622793,0.7613112319864058,0.6489885488999524,0.649196496875318,0.6827956632185783,0.6899625447297674,0.596741360852621,0.6436579605662974,0.7456314309434611,0.7011827329098254,0.7700467671997158,0.7027583021718871
SRR9000012,0.6680592727338774,0.741563903262171,0.6774722002994032,0.6998776182377937,0.78960688965292,0.6868978773998878,0.7709763733362476,0.7504317697169091,0.6847785029074993,0.6143432978101547,0.702929247658145,0.661659621250096,0.0,0.6461149478116148,0.7104125016451477,0.5345065437220459,0.7145805502708675,0.6515110404548523,0.7165297541940178,0.6983939505863915,0.5843220532212734,0.7143100319678433,0.6661033412795059,0.7440472612067521,0.5563109908445784,0.6470816051809362,0.5608437343800505,0.6782206603017644,0.6376349015820625,0.6879355438567044,0.729073065958543,0.6417109259785918,0.7205540763253178,0.6486283569736647,0.626761418458488,0.6384739635408064,0.6079790931450035,0.6521256365930042,0.7081923487474924,0.6856728308258949,0.6276191601410622,0.6561371740616952,0.630856851630028,0.6178104820751434,0.7154356514366624,0.7608672184716003,0.6961459882348884,0.6508155800723868,0.5446597622347956,0.7722566848505851,0.7045828750647215,0.6824183493171131,0.6656971868944859,0.7579797156989986,0.6380328370817226,0.7780744694447296,0.6393078665245349,0.72286724031984,0.5933702629128881,0.6826597641570087,0.8050438661362825,0.7060039512726761,0.7282835644817418,0.7871581771302651,0.7376773420162116,0.5747484945807081,0.7320038326178776,0.7427236062036626,0.6671352269619774,0.794158236446242,0.7321942787527158,0.6207304539711694,0.6917602624836183,0.6355247643737894,0.7728992730219173,0.7456362720015484,0.6769294418291129,0.6677190878230075,0.6773656902540578,0.7295676979294475,0.7131786338891838,0.6558184408803646,0.7300165937520298,0.6898724091738777,0.7085218513928342,0.807781823129545,0.7099550256318407,0.7492632880427799,0.7285235861081649,0.8059172429491597,0.7717593265715318,0.7419797748849185,0.7870902579411516,0.8320482118330225,0.712948413815963,0.8389380369176805,0.6881824043049901,0.744200427310386,0.6782085452984694,0.7244482627088361,0.7228059064262246,0.73504018732342,0.7104703433155841,0.6410635464607383,0.6691483613674115,0.7496129269439616,0.694059623651128,0.6044225780327106,0.7723266974168841,0.740790636814396,0.6987631905811158,0.6987013648853628,0.6780965390226725,0.7357898403593496,0.7684386940412774,0.7182298629280216,0.7288038195659023,0.7240453640660626,0.6593626884297442,0.7899433106869381
SRR9000013,0.7202998612919236,0.7557639601491528,0.64723583691082,0.7376932592754191,0.7507564936738532,0.7164774632861626,0.793339348014899,0.764308179903721,0.6060243196943605,0.6020739340544872,0.6817429847218444,0.5389012423147412,0.6461149478116148,0.0,0.6833857362631469,0.6609814876957534,0.5358633431505809,0.714503662116524,0.6543333956306792,0.6469642691615978,0.6359460052171678,0.662530747037188,0.6938911416014375,0.8058030514896152,0.7084259087170148,0.656572223473371,0.6049240250521927,0.5878037702900755,0.7418356259495235,0.7237420249326951,0.7589817295135141,0.7715494260959499,0.7666241225191773,0.6377713629389519,0.6373857538620362,0.7516425927405956,0.7082259399052748,0.599468115004156,0.6859702521734592,0.6989489962391482,0.5492939738576753,0.7734519981163038,0.7019551751329399,0.7035203738711693,0.6298372664287141,0.663362337558616,0.7004768895516044,0.7005787152732265,0.7105328972978245,0.6984691223748996,0.6725879374072437,0.6116991770046214,0.5199667497040629,0.6235190944216372,0.7484087518060071,0.7571651656245267,0.633446066128104,0.7030881572122427,0.5344488353393981,0.6822705933111226,0.7356099407971295,0.6939017925441345,0.6508242634847706,0.7111792912475224,0.6362093672825962,0.5410682603151572,0.6588429862986942,0.7207263226779163,0.7730287364904027,0.7080761323124997,0.7762223668214553,0.7128140785374948,0.7327599987881959,0.7243895254097744,0.7180199301633119,0.729054358887841,0.6709546446746734,0.754531034240366,0.7246625031182042,0.641105559243284,0.7265880907100335,0.7567552678039208,0.7972291402651641,0.7667944554856365,0.7153101984123533,0.7682471631381488,0.7195098448196772,0.6969971634623341,0.730849287786474,0.7828780577674342,0.7657124256855641,0.7708993822533265,0.7566628247254283,0.7328968394227146,0.7830099836346079,0.7391977445322842,0.7144909291691663,0.6106370234031031,0.7019773232747649,0.6459043574147997,0.7049099554773998,0.7787998193080974,0.630913834136592,0.6695640341438934,0.688213521651342,0.6608987051344758,0.7740799569829129,0.7283663716224048,0.7996339072783334,0.728059002960971,0.6234411100717177,0.7440135977471277,0.7835793145247183,0.6973199461670262,0.7141264947096075,0.6677052032176048,0.7429760764593594,0.7666260053770158,0.7077894791098027,0.6779853790397267
SRR9000014,0.7733721441495357,0.7572880202707312,0.6634090886783244,0.7103084036728072,0.7531407492872049,0.651020077098977,0.711276647328633,0.6773570535837105,0.6329102158598411,0.6255578511271993,0.6409263945420998,0.7260371128755416,0.7104125016451477,0.6833857362631469,0.0,0.6876970874592367,0.6755813872308547,0.6088651232724246,0.7021215599005846,0.5182279178470599,0.622462169959888,0.7003791285640446,0.6773483713305677,0.7087631970051922,0.737835475209621,0.7047792198003434,0.6761693815754757,0.5269564979293763,0.6371879335803883,0.6995238867132016,0.6943877766863229,0.7595755434770364,0.6807506440410762,0.717987533099268,0.6553764667346587,0.6487253467350859,0.6490939792109456,0.7117595309510791,0.5969660871828252,0.7354912857093243,0.6630040526358438,0.668502050655486,0.6605688299524392,0.78645147388986,0.5420686195033316,0.662891635150338,0.6827843516894689,0.6752606053589439,0.7098815586944809,0.6896130947220743,0.5683884656284601,0.6381245720127521,0.674616061025175,0.6532901459537466,0.6790581602523998,0.6993237294385356,0.7066676690213018,0.548936817448176,0.7038890606737354,0.6644941863492019,0.7961971228055316,0.7086517644926278,0.7246034052913684,0.6672796374827555,0.6197500082746207,0.7153701065646492,0.71313015952398,0.7349985023823639,0.7626778375528264,0.7335798098510277,0.6876190057979209,0.7090644112145381,0.6861804942430377,0.6639507162375641,0.7109526380983411,0.7102983334950386,0.6829158817624923,0.6869688160219176,0.5706855965260139,0.4934377502549086,0.6599505803424296,0.6670462282384838,0.7560062958521969,0.6549752850023854,0.6944277019103678,0.6410884359165268,0.7169306370091927,0.7304926798146222,0.7147435003555367,0.764911199628229,0.7681264817598132,0.45535689754671566,0.7762920242933298,0.6248541303549342,0.6755747012329251,0.6556795638602718,0.6098694557078539,0.6771995480396525,0.6889801254099975,0.6200525478674753,0.6925706902157943,0.7660932541900274,0.7052579025696272,0.7125990512734172,0.5770125369226894,0.7028362247051902,0.7306994828577575,0.647195749624545,0.7973996907984066,0.6888858547999706,0.7046313910844078,0.584783021784216,0.7532326632494845,0.64400476643277,0.7369467032633995,0.6809138573443341,0.6994936333047124,0.7267643428869854,0.6846135164033539,0.6447516160514208
SRR9000015,0.7113052903941833,0.7455305048390011,0.627379707303842,0.7491459697152028,0.7004084503430409,0.7013733240041982,0.6972500636128749,0.5841605609447442,0.7548376577691984,0.6965836948207726,0.6863484676908834,0.6807036857330161,0.5345065437220459,0.6609814876957534,0.6876970874592367,0.0,0.7512392595864916,0.7154575339606277,0.6848390733417238,0.7238833088433043,0.6259525926390145,0.7114173483624734,0.7231476972314668,0.8242575449630706,0.6422728760153781,0.7565175927311882,0.5755975594059396,0.6417925960651627,0.7187730539757712,0.6582031283043167,0.7215779737669984,0.5177677720117102,0.6996370269290237,0.7804147188433156,0.6684577995810873,0.8403370111582454,0.6834241701386131,0.7316059948403243,0.7343204252996041,0.62313150363281,0.6915652346974909,0.7505789309180172,0.6597814451906451,0.5433824416408833,0.6925500751290022,0.7456471467549209,0.6768634057266403,0.6498694391647419,0.6258522525477583,0.6834503332220305,0.6939202546009708,0.7446418827687671,0.6025209443575417,0.7546081474676566,0.7756588916831537,0.7186487941618986,0.6391982560185521,0.7582080845620909,0.7047313567819308,0.8071574607836689,0.7484609930076584,0.7511238666453519,0.7256758980900055,0.8029592766152063,0.7264488021446098,0.7084722129528588,0.7222386401186708,0.752447648927429,0.7404831238238766,0.7283344772332658,0.7630945830609214,0.6619925435848444,0.7360742832559171,0.7056662527833268,0.7543760261770867,0.7138682396618207,0.6898051012293464,0.8232938829408327,0.8132850627180311,0.70776087841775,0.6580950042167372,0.7804130997743968,0.7130938611256387,0.6051577702396308,0.7931350800150915,0.7782136888172614,0.6938037928441976,0.7144357023093734,0.7418061866678706,0.8253238696497693,0.7612241564773833,0.7449371360110713,0.8049426526684411,0.7949664275624317,0.7591011172676246,0.8134373328826067,0.6964399508210617,0.779249321068551,0.6384760459684327,0.7151973154779996,0.778773564842175,0.8202721401228503,0.7537664289320173,0.6679772871047254,0.6196345855837381,0.727240505005575,0.721025107530511,0.722230226513067,0.8024824275390424,0.7188216084021055,0.7357262560995462,0.7447277451950631,0.6984076682963042,0.7401435369326693,0.7015787281295818,0.7184599438935972,0.7615380516949157,0.758492184397473,0.7267169481735555,0.773584532404012
SRR9000016,0.5901833735290886,0.7094174806271348,0.7103616230662669,0.7655167143927409,0.7224728150110703,0.580920365468961,0.726608191871086,0.7084779787579157,0.6866722110976934,0.6742039535350288,0.6188938399164128,0.6262429126445328,0.7145805502708675,0.5358633431505809,0.6755813872308547,0.7512392595864916,0.0,0.6947402637248036,0.7032176754774637,0.5160175321847821,0.6595713048151851,0.6142747061922406,0.6654468504379993,0.679799170741111,0.7514863998829028,0.7172191428935194,0.7055367018042455,0.5253687594105833,0.5943492336040362,0.5612455388475984,0.6667112940287835,0.7946171368941553,0.7227775559517978,0.7046387309830497,0.6828249020262912,0.7031347140251086,0.6646716256094385,0.6602241336091158,0.5916248749664309,0.7134727331503439,0.47232128298585696,0.7589219214543185,0.6936782317878977,0.8147717276497445,0.7368782018550363,0.6261622903315958,0.6694734755293065,0.6748957311970608,0.7074129634205761,0.6892164603970368,0.6316692606470887,0.6183687953680949,0.5702932677073461,0.5980522109533419,0.6974568561261255,0.7473796335188334,0.6964331329748716,0.7075177150506824,0.6051142350423006,0.7082345852821398,0.7204333282660874,0.7024820418941828,0.5510219294937745,0.6381263326551483,0.654990074881474,0.6752801404883381,0.6308890197599295,0.6757528518228718,0.6437525505469834,0.6597468822816156,0.7381903700924222,0.6646326032088737,0.732199410813614,0.7223368932222342,0.7441822223102164,0.7210367246486994,0.6991546889965741,0.7412097451156434,0.6759034416379167,0.6701783446872694,0.7140220367613667,0.7279838220442203,0.8040836368618642,0.753126747358409,0.7590332718282183,0.7160486753810716,0.7858379497621502,0.7890346438455149,0.7401638801563788,0.7128896387267841,0.7685834257348227,0.6792386872394253,0.6496290685339569,0.7170664916510403,0.7266250265440696,0.7879756428000392,0.7180754623398703,0.7072358663405434,0.7402866822298594,0.7499379854255978,0.7123641023347179,0.6218127739134002,0.7375840802670627,0.7350736085547717,0.7805562166898825,0.7406842604056547,0.722743064485142,0.6139531359901348,0.708452682596696,0.7870054550410919,0.5426817264298663,0.7174597784284303,0.6587147245675103,0.7120615042331562,0.6055391371678714,0.7603232415305013,0.7522732717786522,0.747398660448837,0.6728521059331191,0.8027597240336981
SRR9000017,0.5861379667954228,0.670937373844099,0.6393793866170828,0.6859955222528945,0.6976931570811464,0.7174617823984701,0.6796956552711143,0.5620736950116857,0.6864008745336891,0.6714506229141999,0.550208024044824,0.6228903180261917,0.6515110404548523,0.714503662116524,0.6088651232724246,0.7154575339606277,0.6947402637248036,0.0,0.621168009823193,0.6390532918891969,0.6210169045754815,0.7188207769569468,0.590511035004709,0.697469528507112,0.7147895291328661,0.6042845118578106,0.6402538858444132,0.6337584812398724,0.6473282880482661,0.615147744509908,0.6292577957162725,0.7319850252578933,0.6584597666515835,0.6969297758349668,0.6962358210457146,0.6732094692003971,0.650645664597707,0.6651522780210499,0.635614117657875,0.6725639130107555,0.5929555182869539,0.5076779511868997,0.6432881289031201,0.7479056794544345,0.6466844258450639,0.6587951253796875,0.6557147949261524,0.7028426925263092,0.6675673837198716,0.6263007846640735,0.6083435313362879,0.684559244143033,0.6851398338412695,0.6174769841965932,0.6591338316182078,0.7731653560330338,0.6463082983645796,0.7156312820466143,0.6830653229577166,0.6533421540554204,0.6979512852213018,0.5803304721411501,0.7340298828521098,0.5569385949816456,0.677845172901635,0.5905857183411577,0.6544871485285211,0.6042267013770511,0.6397775593336886,0.6921904332276917,0.40743179447182076,0.5844622991776331,0.6152125047299284,0.5848898043956597,0.7000080587353631,0.5864035200706537,0.603409725308464,0.6795547642640408,0.6318455839566661,0.6405750792221243,0.7112279545225488,0.6571197214646194,0.7238387033955063,0.5101038488064585,0.6551249991716809,0.6696154663096928,0.6598660666137989,0.616812813837409,0.5733185910762681,0.6487271605979229,0.6426059759345456,0.6653592121592754,0.7036769317783984,0.7378717473727676,0.49471267142031333,0.7066532081097211,0.7216106855888968,0.7044906736732367,0.6085084871247137,0.6162240165284074,0.6190520368867874,0.6248811890248853,0.6722681061418189,0.6148520823535067,0.491460025716553,0.6160495386231758,0.6858029317914122,0.6079908650519049,0.668968328403658,0.7375606523722399,0.6729529567407012,0.4589951979180333,0.5890559745249803,0.6100009853519449,0.6093180082459878,0.6341798845413381,0.7156869131840448,0.6134437073931527,0.6082180924789564,0.6689905633864772
SRR9000018,0.8052455517446814,0.7279364157396886,0.660070115333985,0.6666505135596699,0.6626324544271629,0.7703608934553199,0.7190674128981915,0.6884445837280118,0.606362779064921,0.6578819418090647,0.4943240562959412,0.6452199319150067,0.7165297541940178,0.6543333956306792,0.7021215599005846,0.6848390733417238,0.7032176754774637,0.621168009823193,0.0,0.6337732043435899,0.6730522091435741,0.6233235377006356,0.5253949645123591,0.6880804431714096,0.7804353354625497,0.6723380502237137,0.7718992170244297,0.669405163151686,0.7925423739345696,0.6861944836566912,0.60437519031031,0.6555523345120062,0.752079682396475,0.7180959920446297,0.6024609052933743,0.6679144248708951,0.6683505214894511,0.6488621753889426,0.5472752833575307,0.46037285769655123,0.6899243691489608,0.6938260962496624,0.6031624983238315,0.5812253844001348,0.7305399089186616,0.6176155546999694,0.6853533423613897,0.630461972884716,0.7308857449926139,0.5959985222600872,0.6448435941355988,0.600521584624426,0.7526003974902838,0.6308246650083289,0.801924964027609,0.5788284821368535,0.6810760971446134,0.6593566173893887,0.7307649178500886,0.6146135449839161,0.7817272322345704,0.5710091133617219,0.722964512654655,0.7325002806143054,0.6523676947710727,0.6631179880338953,0.7398893516086621,0.7540277576528898,0.7196761143697873,0.8221418891696214,0.7698943910367699,0.7270438583696388,0.754743013838672,0.76762003348058,0.7749851253438418,0.7579210964209732,0.6665535739823626,0.8019488609612415,0.7190646879215862,0.6777907062410438,0.6632427639635629,0.7779784358706874,0.765760598147366,0.6863243146729241,0.7051362166911518,0.7966402031041614,0.729448650363007,0.7584292670148103,0.6453628342728558,0.7348839726370671,0.6944540139709756,0.6504008584374147,0.7305122933103985,0.6774299720398822,0.779115322007615,0.6399133537820998,0.6735668501573506,0.6977366570787309,0.7784507427774111,0.6878983097983629,0.7329160931660031,0.7133323375220412,0.6669213498931201,0.7115237685518865,0.7199280306744036,0.7419282510320343,0.7978214293781021,0.7329409558987059,0.661557023547962,0.8034165752876027,0.659149092998532,0.6971014730762287,0.6652650758821108,0.6773645502144562,0.6031129183911036,0.5863710340966101,0.8095810332691479,0.7188119178737263,0.7914122207076959,0.5978966490823958
SRR9000019,0.6773456559787585,0.7159821100503645,0.5634143935886148,0.7242100668474799,0.7029036171610251,0.6532835484790027,0.66946406285143,0.7662124477011718,0.5657591368553798,0.6316456704070074,0.5418957285072948,0.6293402218118476,0.6983939505863915,0.6469642691615978,0.5182279178470599,0.7238833088433043,0.5160175321847821,0.6390532918891969,0.6337732043435899,0.0,0.5487511401472479,0.6168610396323536,0.6598591983843972,0.7821554229307373,0.6946421567923032,0.698943318272791,0.6733151392509945,0.6507404288187442,0.6118364926688074,0.624431230570132,0.6074990189670554,0.7744125875440564,0.68307420050211,0.5879151121431979,0.673413530391359,0.7131163023449802,0.567002214357313,0.6367640980418248,0.6584103157304221,0.6871086109790581,0.6171827190293439,0.7303846091313335,0.5764104317702078,0.8050099580805067,0.6571709529537801,0.7312299745387257,0.7346873639004612,0.6549911927324429,0.675148925442929,0.685789420032127,0.525483473404017,0.6216533654155694,0.6639245464279815,0.662829961710198,0.6502824960655571,0.7202639147594039,0.6522723360041222,0.5461696685149896,0.5578282474577311,0.5467734515624587,0.7088754306268713,0.6862265368565684,0.7154036923582591,0.6327454564426483,0.6465555791928184,0.6507716748681134,0.675285304458382,0.6533773005615139,0.6747917003806697,0.6627194457727229,0.7484083401115339,0.6600443278713566,0.6005677248954976,0.6381394334496318,0.7663701358860433,0.6453465015610926,0.6672067732575093,0.7217691866736449,0.6656524645018608,0.6122292806929363,0.7094074015355102,0.6774907985051761,0.7787166127372596,0.7651401085689922,0.6781141816798144,0.68096568172055,0.6085178668551103,0.6978426351251913,0.6412792103348867,0.7160148903949112,0.695454507810129,0.5327783988715303,0.6521764062022007,0.742431938775592,0.728685230579866,0.6045096245350936,0.5543335354777297,0.699713293133837,0.6461026667922956,0.682158030613126,0.6689970495925432,0.6428786248285004,0.7146343357036347,0.6763431642028918,0.6910890626425804,0.5912982968103891,0.6673721687979675,0.6805321024091722,0.7838989697051265,0.6770979297505842,0.5846117872691932,0.6400042754090416,0.644434291844116,0.7279823272290399,0.5960365949562979,0.7134501883853935,0.5824563800886056,0.6336126173949896,0.6633441446189025,0.6528376431555597
SRR9000020,0.6275418547256357,0.7874182782033918,0.7056526362301143,0.7147402805889238,0.701630558446467,0.7260826250412762,0.6707573640113217,0.7570262463908274,0.6254491765223941,0.5527780445476519,0.6837320373074268,0.7003560725401902,0.5843220532212734,0.6359460052171678,0.622462169959888,0.6259525926390145,0.6595713048151851,0.6210169045754815,0.6730522091435741,0.5487511401472479,0.0,0.662206803036891,0.6280611905226631,0.7276095196438576,0.6242528660436586,0.7267225298333306,0.5614539425581081,0.6266358669903209,0.7007809267122656,0.5535887848074307,0.6270636628056114,0.7437874784308157,0.6816142240740707,0.6095531344457163,0.7051469281531656,0.6749802866414558,0.6904316543243131,0.5634108901409687,0.593815666119577,0.6599111261285872,0.5371090176572793,0.680776995035433,0.6160261225098211,0.6756790403298625,0.6025593468119378,0.7550658922634021,0.7263210565730781,0.5868460902906731,0.6147881402119324,0.706578623300825,0.6007708278753281,0.7256364554011336,0.6426961698689144,0.7216955787724945,0.6419033604368218,0.7671283887934179,0.6302991849957104,0.6629192979108265,0.500394377971856,0.7238099353843218,0.748655123380711,0.6436423099038789,0.7633661441033914,0.6411110170472999,0.6515648118123173,0.5854071993660773,0.7553021356083482,0.5595988722166184,0.6074802689546096,0.7763754438767324,0.6445500026202705,0.6870969951339404,0.6443551184651357,0.6887560560814412,0.7188772911952185,0.6263620441362577,0.501877627262795,0.7325556103020328,0.6727234999512799,0.6478998442786889,0.7183750865847643,0.6162468273677787,0.7814126675603952,0.6768525978243751,0.7376014390505005,0.772858644026523,0.7355132192671143,0.7013425470752733,0.6961969590829674,0.7388190466774994,0.7283722738013668,0.6827724394223176,0.7550626465979337,0.7452907643160842,0.7193431604530978,0.7498301109058463,0.6696438861677694,0.77137780975232,0.6717727394773493,0.6942922292688786,0.7563963830097513,0.6819227595038256,0.6479402309299315,0.6100479601492037,0.607210542028594,0.6648157513542138,0.6822764369600315,0.6779382470503973,0.7554368217506678,0.7536114979403676,0.6737862754159116,0.69472825782748,0.7224322312569568,0.6971818291731325,0.793485023174665,0.7303220984108618,0.5947096841197849,0.7211408416826489,0.6656728980396889,0.8038508142304204
SRR9000021,0.7337247966135718,0.6612480214379686,0.6811637614482082,0.7417090956321731,0.5720308803468103,0.7124189202424949,0.7227105331926629,0.6968898402700731,0.595702914529763,0.6301407114037135,0.5522463522805061,0.7086712155017335,0.7143100319678433,0.662530747037188,0.7003791285640446,0.7114173483624734,0.6142747061922406,0.7188207769569468,0.6233235377006356,0.6168610396323536,0.662206803036891,0.0,0.5869210299399024,0.7523181327431644,0.7001679920396066,0.6126417065561655,0.6713863740103434,0.7697594063451156,0.5674146131600052,0.6620051829168584,0.6710342948687336,0.7285573601349433,0.6480743363268086,0.520485053417587,0.6839563063113365,0.7342708603794792,0.6381650195326407,0.579372792778743,0.690937042811238,0.7480441207747366,0.6183474946570562,0.7112651476632311,0.6313788113757098,0.6693652018366797,0.6812759362243868,0.6155491984928556,0.691912100637808,0.6542732046524825,0.6081398182832649,0.7267016017261374,0.6356534278263093,0.5510647285671174,0.6892572893560591,0.7330173179226387,0.6615571147431839,0.6648216501831501,0.71033096247765,0.7344405621463698,0.712040808164452,0.572664580661113,0.7627194699675189,0.5006447935062893,0.7559495930293132,0.6570902624290088,0.6083768172042431,0.6024987093572433,0.6757147563355215,0.7150603434140894,0.6462069459810807,0.7359137016707038,0.7074863394033514,0.7340113264443491,0.6048331651537961,0.7235436092852133,0.5998922112514993,0.6419292005792018,0.5708683556499464,0.7313568494086012,0.7265959094765795,0.6277026526837679,0.7521704968416305,0.5628112123049804,0.689557052423437,0.6993111404647127,0.7185939186860364,0.7218383046275502,0.7647573343336282,0.7238069111541319,0.7260076765169718,0.6132679615772623,0.7035906095818656,0.7001955934026011,0.5068186336463378,0.6768018309554114,0.7122651575398276,0.6591391158839017,0.6422867801065192,0.6006136961524445,0.7778123881961884,0.6187436699439218,0.6233588437640549,0.7237877102729554,0.6096656723711025,0.6705850649971304,0.7148471431014535,0.7160033383213863,0.7066562205543372,0.6824201316879948,0.723482292687826,0.7139549819692662,0.6330357278169072,0.7012112794538778,0.7272423359730843,0.710644363155831,0.7154305874846516,0.7308703159993797,0.7067741661278466,0.6748180338687632,0.6535415030992633,0.6401511663590536
SRR9000022,0.7250473671284875,0.6798655299556364,0.6387330658861199,0.6157796734212518,0.7306562588241932,0.7231939439901682,0.7691083172706467,0.6158136457379335,0.5607494163238966,0.6534612483334667,0.5743722230990789,0.675214863338875,0.6661033412795059,0.6938911416014375,0.6773483713305677,0.7231476972314668,0.6654468504379993,0.590511035004709,0.5253949645123591,0.6598591983843972,0.6280611905226631,0.5869210299399024,0.0,0.6533509068908159,0.6811708508006569,0.6773199604170883,0.658297972065222,0.6330472090511822,0.7288199694480523,0.601766528700916,0.6002695310950724,0.8112704903593011,0.5418485126499943,0.6026385473705698,0.6021902764789466,0.6538024470570355,0.5971692213385925,0.6892722679230313,0.5562713867013073,0.6617303092850683,0.6121778490465802,0.6623346925779222,0.5046394620117416,0.6511990729832435,0.673226468960782,0.6417302703321224,0.6157816013202356,0.6875061964133895,0.6940169020901009,0.5324514340535429,0.5780719739367152,0.6563093798703095,0.7323299103253166,0.5094752491986769,0.6940600098065965,0.5604082026881644,0.6345304258076905,0.6950050175131954,0.6854408000228739,0.5395901180858091,0.7032259292489405,0.6792690985121074,0.7342539690614243,0.7243804428922896,0.6873926070084541,0.6498381335022287,0.6418442801057576,0.7094224913464668,0.7293413783156485,0.7607644666687806,0.6704169822772318,0.6536511993956484,0.6639859797333407,0.7449888903591709,0.7963532204777796,0.6976703912437183,0.640344833798346,0.7790193001586881,0.5916404070946866,0.7445666166435941,0.7533830183547524,0.7129562749169807,0.7228714986559431,0.6585329178679465,0.7802770663972834,0.7108806670726664,0.5797466538217756,0.7532997761984269,0.7117575043350401,0.7877636821327821,0.6008148264049689,0.555028791546312,0.791636711796508,0.800011070341597,0.7172742051059277,0.7302109291915352,0.7508811036935896,0.6916507473921488,0.7771320493774859,0.680862964364542,0.7717014470643226,0.7774436233408336,0.7162104486518351,0.6595276557306573,0.742279861731338,0.6722183235175998,0.6664249616402446,0.6065662634932669,0.6443773473325681,0.6874656580405453,0.7187481365411509,0.699256504001778,0.7018718306576994,0.5712439744999263,0.7582544818797535,0.7314246044932816,0.6911895976287993,0.7058696014637932,0.6514092329580913,0.7595758301165391
SRR9000023,0.7824231344463444,0.7051866974471384,0.741522681334474,0.6434891756642318,0.702054923929519,0.7522129227899669,0.7454269989909055,0.7594100050621468,0.6845472939567979,0.6740262990053068,0.6211814669956518,0.7724351217866634,0.7440472612067521,0.8058030514896152,0.7087631970051922,0.8242575449630706,0.679799170741111,0.697469528507112,0.6880804431714096,0.7821554229307373,0.7276095196438576,0.7523181327431644,0.6533509068908159,0.0,0.7514669944294244,0.7342715363528275,0.7720065060063511,0.5525355638203747,0.7131842703455572,0.6701442392366606,0.6094211147812941,0.7715348790955635,0.6276024837337922,0.7127592856104752,0.7084493761454853,0.6624528216775135,0.7334956886663621,0.6312526686669638,0.6198163517381374,0.6943379744092182,0.6976827783825778,0.6905797774804506,0.7062303493888916,0.718546447498449,0.642507862509331,0.6870242032850273,0.6893069978667108,0.7725772692034776,0.7437993156400446,0.5131864559558178,0.6875058738405112,0.6077959307770726,0.7448089069415388,0.6331724412066186,0.7434455194642671,0.6985276291524726,0.7188937094961919,0.7016492815205932,0.7147652215766371,0.786551422502276,0.5402958739376633,0.7127326162975306,0.775491301340623,0.792511197475112,0.6499753882406978,0.7691819131774486,0.7533109272629079,0.7855455231268188,0.7870853507140951,0.6653859404059442,0.6782003626020433,0.6458726268798506,0.7173147956009888,0.7936197860059933,0.7274429243011433,0.7554700498724888,0.6265856757931678,0.7554004766632324,0.7192752460222299,0.7297794914009372,0.7109515586778778,0.7298407984868107,0.6210640570289728,0.7377446473208115,0.7859983483396586,0.6077319736084306,0.8137432288182258,0.7514072319040177,0.7490518502778939,0.684385415785374,0.7786652503264688,0.7453372789037515,0.7276940185330171,0.6316660714080253,0.6732377710232594,0.755163163284759,0.7648236894373697,0.727150279403365,0.7774921328674397,0.7319647545452427,0.6931508675707264,0.6663877943829448,0.7055297649538479,0.7339749178596471,0.706274543542367,0.8016457009904294,0.7346790579096407,0.6040523010413795,0.7479414163339939,0.7872691494284642,0.7463350281301936,0.6784916157963038,0.7137852543277339,0.650813597526812,0.8391971175219979,0.7369839992919127,0.7620880981378625,0.772982750351382,0.6981904841618927,0.7941470946120702
SRR9000024,0.7360044948370339,0.6634835613635346,0.5952400855123267,0.7040549410364049,0.7913702970114834,0.6314345262156179,0.6393179028611095,0.7833277827586249,0.5696497065957546,0.6727501289540394,0.741608481574129,0.7688808056031485,0.5563109908445784,0.7084259087170148,0.737835475209621,0.6422728760153781,0.7514863998829028,0.7147895291328661,0.7804353354625497,0.6946421567923032,0.6242528660436586,0.7001679920396066,0.6811708508006569,0.7514669944294244,0.0,0.6531575975990663,0.4704465654702943,0.7034921207075946,0.7173657661168569,0.6400236793325039,0.718299325517542,0.6927795318855562,0.6070513855670997,0.7223335994733536,0.67158015859245,0.7708923952389086,0.6458315456023822,0.5991384866661377,0.6919192878975414,0.7378214984164927,0.6680125340838706,0.597297422784913,0.6511415089971887,0.623188037671442,0.703631022528799,0.7952017549351335,0.5442773844191577,0.6444841836365577,0.5872808696391886,0.7514581958217602,0.6626620908132602,0.7478402700752512,0.7691265777988965,0.7401864263740645,0.7266329158296637,0.7379790037954754,0.6707441508910461,0.7249695323007669,0.6123977903564936,0.7727935888622466,0.7812221555920206,0.6794587571358135,0.6753015862689509,0.7986051157050976,0.7439871175875671,0.5359339456834711,0.721974947181602,0.5675968605754815,0.7183274776033077,0.7992868885781057,0.6991559471985478,0.6232783803423299,0.6044207274948512,0.735339457725964,0.7158704788905748,0.6825180834086424,0.7078471291721806,0.6825993226664878,0.7484909056633791,0.7095849376651409,0.7909792975744775,0.7480795020743648,0.6926209563536021,0.68043953189236,0.7763767918311457,0.7410861697679612,0.7757004315503434,0.7900033915406679,0.6123521353666252,0.7963820218808626,0.7471846754758238,0.7800046351723313,0.7532726286222796,0.7428327175398736,0.717840208013596,0.6945663168245005,0.7715206448367312,0.7738987000225839,0.5637247144419912,0.7265722367226347,0.7395552471109824,0.7464341134077372,0.6276078224271532,0.6388574203644879,0.6000231053431668,0.7984501179945805,0.6852029190773201,0.7103216779645508,0.7994191127629021,0.6478156748931945,0.7195711840347975,0.6591968335777906,0.5988646138385307,0.7623103011279294,0.7365095922353062,0.7147701448055914,0.661324373925743,0.6273012667044011,0.645106776133053,0.7890037582137827
SRR9000025,0.6705944539625464,0.6973194140454012,0.6551085917172098,0.6241630102762848,0.6607946885300008,0.6885608599724802,0.7750889827756974,0.6352761045241955,0.6840099819959462,0.6607478103043155,0.5387989363284067,0.7367508462260396,0.6470816051809362,0.656572223473371,0.7047792198003434,0.7565175927311882,0.7172191428935194,0.6042845118578106,0.6723380502237137,0.698943318272791,0.7267225298333306,0.6126417065561655,0.6773199604170883,0.7342715363528275,0.6531575975990663,0.0,0.7207245927009678,0.7142986206585847,0.6152197660295928,0.6038183924995751,0.6521850779780005,0.6391052125719563,0.6944372746772145,0.6460536525533566,0.5739424978934099,0.6880662569792281,0.6514030969875021,0.5654886789555869,0.7702977590210071,0.7088330679335917,0.6732611258472505,0.5437446792920534,0.6755743977329922,0.6563317016306776,0.7458456671353135,0.619561915541711,0.6032586795523573,0.7623999730032964,0.7101876975113637,0.6684261687081825,0.6285638916219908,0.578193071167754,0.6414595984531621,0.7407212178952084,0.6237809086213264,0.7098301590844406,0.6651933750577393,0.712693272989478,0.6532784172234148,0.6813879221122182,0.7366297009759413,0.5459100819426239,0.7526616878794791,0.6427373131723261,0.5543068177968015,0.5222380924151293,0.6651507319200667,0.7295966329206156,0.6440250370477467,0.7648458923213939,0.7016923436089277,0.6041302591261446,0.6374750923567607,0.6566076322283152,0.5951994243534288,0.47482576831947315,0.738829760211507,0.695013595386114,0.6918113048499793,0.5853212687618822,0.7115493110906717,0.6239298648921069,0.7581105447725807,0.6831669807465781,0.6459638259323102,0.748050976502837,0.7174948216331238,0.6770683773183208,0.6802461511715417,0.7510180756346262,0.7045226241669564,0.6975952154346273,0.701088493656187,0.6792599480109914,0.6977903578124167,0.7176585375696238,0.6981367081206468,0.6768157677710908,0.6651841176524054,0.6155727626820624,0.6660593012583271,0.6422358684241425,0.694629439540931,0.707326447256802,0.6199886486708461,0.6854515692676278,0.566285454982713,0.6431897322898157,0.7849804423319885,0.6475834439986596,0.6556263374802738,0.5685440019464744,0.7733812095556846,0.6895998299669099,0.6940216348244116,0.7040209432109155,0.5991745574124845,0.6574468081014436,0.7446644268359758,0.5815687763903902
SRR9000026,0.6704538732884944,0.5774310474035311,0.5948993995641136,0.7080758209176972,0.7205690984009191,0.62480807377619,0.5769634815966763,0.7519412620639137,0.646056735280031,0.5509600340577326,0.63789743998825,0.6404142087541204,0.5608437343800505,0.6049240250521927,0.6761693815754757,0.5755975594059396,0.7055367018042455,0.6402538858444132,0.7718992170244297,0.6733151392509945,0.5614539425581081,0.6713863740103434,0.658297972065222,0.7720065060063511,0.4704465654702943,0.7207245927009678,0.0,0.6040793141051224,0.5800400214605966,0.6007725756160569,0.5964270973557635,0.796225544714435,0.6494472539127831,0.6512935909729796,0.6889942837997701,0.7697383102443998,0.6699425814829639,0.6044837486921469,0.6692267888108292,0.7168699370710544,0.569107930076918,0.5785019062521427,0.6242550945326124,0.5259077278259899,0.602557568233731,0.6591831210184887,0.6015953578079487,0.6142923283278562,0.6294305476493018,0.7053589773200095,0.6643385923241862,0.6869325938779122,0.6501585890078646,0.6812722688040411,0.6276950363817461,0.7032719357366386,0.5817067819622135,0.7178203313880761,0.6439482556559217,0.6792537345995343,0.6640926795880072,0.7172773087358097,0.6850492925701105,0.6756117389330795,0.6400469135367826,0.673140494269624,0.6565914846569569,0.5732173524736199,0.6649467172494289,0.6334419043142171,0.6756984142870615,0.6920759160924881,0.6284171518482824,0.6329394382030087,0.6044795391559022,0.6167533121264908,0.5138580631228887,0.65686544622192,0.6835787680892151,0.745639888511696,0.7003302377655443,0.6813486052642048,0.7277993228169751,0.7384224834132974,0.6535327364272305,0.6573172666160381,0.6809688840983522,0.683462492858552,0.6621654587916626,0.724827060737465,0.6957124375789534,0.7640091459222752,0.7169432714980272,0.7154882808987595,0.7056858239909779,0.6844144570070994,0.6995094676684261,0.6931003666380333,0.5932422287819612,0.6031448831139057,0.6302457105490936,0.8251495761802421,0.5634773937979043,0.6968279843551237,0.6105790560650748,0.6254986116987699,0.6587067199791657,0.673583518697792,0.7575240455685458,0.6554196803835095,0.666637196407334,0.6254098157414159,0.7219126218801437,0.6921530805679077,0.6990914663890082,0.6276760451869363,0.6386023280875052,0.6783975067250508,0.6128419786698244,0.7139906236621767
SRR9000027,0.7578681557390838,0.7235674777972145,0.667333202054145,0.7220976632009563,0.8143810451097346,0.6061221873870466,0.746843812458581,0.6700018576914591,0.6375364349700231,0.6785952261134219,0.5377932423072121,0.6960689502164482,0.6782206603017644,0.5878037702900755,0.5269564979293763,0.6417925960651627,0.5253687594105833,0.6337584812398724,0.669405163151686,0.6507404288187442,0.6266358669903209,0.7697594063451156,0.6330472090511822,0.5525355638203747,0.7034921207075946,0.7142986206585847,0.6040793141051224,0.0,0.6036689988391589,0.6729126380359824,0.5973552206364953,0.8241367818686893,0.6758048860741827,0.6911062188588185,0.6657989556690791,0.6942445800215354,0.737074067503969,0.5908749748628825,0.6661472635359671,0.6680578672827837,0.4796581111728545,0.6660225618665723,0.7052751746409219,0.6168908282063176,0.7037900957929142,0.6951933989601838,0.6428342143570748,0.6712437676146457,0.681370672021967,0.5352438293959586,0.6771667815868202,0.589439119867426,0.6389537382016676,0.5350237488680994,0.6790080152744973,0.7309400032873458,0.6198029062236686,0.771223332772321,0.6357187787601707,0.6382655847134316,0.8102942478914562,0.7535692457071663,0.6909359204293369,0.7254038144356575,0.748244112188308,0.759345535446564,0.6818165267833097,0.7251068119068026,0.7383086633593584,0.6804878900447059,0.7571161978836815,0.6603507775572913,0.7296400425322959,0.7221616646649874,0.7122375802967658,0.7398110033043561,0.6891261064020529,0.7723635668772791,0.6879582432052642,0.6863020278088002,0.72460311601099,0.7383235100632226,0.8049318500506318,0.7397607738996173,0.7825257576032503,0.7856177682394837,0.7723234663572681,0.7866091350611945,0.7353848042154172,0.7615301936283758,0.7972465386539362,0.5803123517037716,0.8081294507768866,0.7922392392540943,0.7881201174777404,0.7827595256464085,0.7215292184362685,0.712900776404669,0.6656551659043276,0.7723590553990418,0.8018238349442616,0.7363151580511328,0.708222374452512,0.7438575043615977,0.5944449372720086,0.746046708784643,0.7167095729047411,0.6107723583804058,0.8280863700256711,0.7503141916062442,0.6875473316385854,0.7020155110952624,0.6813432410675435,0.6654224897442533,0.78768880640023,0.7367548490325184,0.7666577480510165,0.7553911849155175,0.722673120492551,0.7981547699782895
SRR9000028,0.7373994233011892,0.5544027588695172,0.6308096344001612,0.6771962655002427,0.7258998585111256,0.5124108288109139,0.6593376526036695,0.7542861032341399,0.7086704355231408,0.6989357446876758,0.46299679637578534,0.672414674233764,0.6376349015820625,0.7418356259495235,0.6371879335803883,0.7187730539757712,0.5943492336040362,0.6473282880482661,0.7925423739345696,0.6118364926688074,0.7007809267122656,0.5674146131600052,0.7288199694480523,0.7131842703455572,0.7173657661168569,0.6152197660295928,0.5800400214605966,0.6036689988391589,0.0,0.6800975313757662,0.5596870571886604,0.7113102577932328,0.6986935488794258,0.6067552905972541,0.7050577300969122,0.7296574873190229,0.6506029982557301,0.6287675479785344,0.7047433863824066,0.7377832378966978,0.6206865626599019,0.5748109601441926,0.7080873565921254,0.6827401215521284,0.7052108263047108,0.6736616107971335,0.5770903332352642,0.6921390017193942,0.6583419895683921,0.7537729641976169,0.6913311950987991,0.649711691238092,0.6529314980865496,0.7096279224486938,0.5792965382870011,0.8150341341596338,0.652102961837938,0.7576702001360819,0.7195973468865953,0.7004654626344032,0.7549622498288273,0.6047787718653982,0.7322292023736242,0.6550936972389324,0.694584333497703,0.7610941338468847,0.6554052343961959,0.694656984143589,0.6754177731339189,0.6465522905725154,0.6165445576888712,0.6537309974726946,0.6731378523561875,0.5524711804402858,0.629307276513874,0.6856036128850632,0.6077068717719329,0.6314773212712191,0.6861202083039697,0.7365711661815985,0.6185014837386467,0.5965862641903036,0.7818360720007455,0.7795198823345036,0.7206879272809958,0.7768964624807918,0.6853969703092717,0.7312222701052562,0.7364859654477052,0.7039682687455282,0.7625186437592234,0.7091151129985105,0.6336336683177854,0.7441909813147826,0.6383934432709005,0.7739644230961584,0.5225197973264223,0.7053190087841256,0.5755559424816036,0.6603187250123687,0.5718863628976849,0.7308679354196932,0.6462936221920813,0.69150739325183,0.6648869218117782,0.6825651578112419,0.6476379349018484,0.6626902935120838,0.7067146231930046,0.7086360996346179,0.6336029007034517,0.6562108470340453,0.679946261328334,0.7557596625298504,0.6756525710505923,0.7464711105855556,0.6609812538266073,0.7372978992775852,0.571154684989296,0.7354104203498767
SRR9000029,0.5485840316296572,0.6770227569680026,0.6802690366371505,0.7109984009348335,0.6872530446463577,0.6750023516958664,0.6054407147173033,0.6035922339041453,0.6373144496652482,0.657501878839907,0.6171864568147039,0.6273321905144171,0.6879355438567044,0.7237420249326951,0.6995238867132016,0.6582031283043167,0.5612455388475984,0.615147744509908,0.6861944836566912,0.624431230570132,0.5535887848074307,0.6620051829168584,0.601766528700916,0.6701442392366606,0.6400236793325039,0.6038183924995751,0.6007725756160569,0.6729126380359824,0.6800975313757662,0.0,0.6939960941046647,0.6869609092194743,0.5693723784410557,0.6967028857724834,0.5734658135570112,0.7568134497955858,0.6105386300142477,0.6191349041907284,0.6545699837306277,0.7093106781610171,0.6734555661035907,0.6296053240374293,0.6317049844547549,0.6547340037162516,0.6352970367209649,0.6300447591775686,0.4979826740707645,0.7074529519236298,0.6461312466886469,0.6864387746868629,0.5119984661724364,0.666616091714669,0.5893215981308044,0.7183309410991335,0.6611006133940031,0.5816785359240718,0.7090137667209611,0.6057117632048279,0.648407103692759,0.7340631277291694,0.6361761994125944,0.6128608317629671,0.613410395072624,0.596355884209761,0.6343573287979941,0.6394246896215579,0.6966429370068533,0.649515060633749,0.5889976326194312,0.7202677013457892,0.6007313848115596,0.6957712993546247,0.4680538636859645,0.6274557832364627,0.6565963490519242,0.5975184527845985,0.531305810579143,0.6763170214145139,0.6883358799719801,0.659819606262854,0.7146181121552122,0.6696163974971464,0.7603065958479459,0.6625132074845125,0.6561639251066642,0.7304113781896363,0.7167412313573084,0.723948957868025,0.519955434758131,0.6377762107326432,0.7472743988348904,0.6494245190646406,0.676243290276615,0.7313213071283663,0.6283045441336863,0.7291452810323739,0.7005866757995782,0.772037096159816,0.6390355176591956,0.6785376136851478,0.7018956625843766,0.665128657381997,0.6751420326832167,0.647692797362395,0.534746213355103,0.7024049312153572,0.6702310334540827,0.6232348688985992,0.6828758562692296,0.6189992273594129,0.639023103215885,0.5829924809313662,0.6562069675250602,0.6878400734743999,0.7095919259388452,0.6946208350702668,0.6910529589722842,0.6608033582035886,0.7612453457344195,0.6910913269899422
SRR9000030,0.7216865416181083,0.5176765510458775,0.609862574601373,0.6483664063503183,0.544902007033919,0.6383724473576644,0.6907228414760967,0.714369738700829,0.6999196034183228,0.6832145756042296,0.4933072489416428,0.6370751713249786,0.729073065958543,0.7589817295135141,0.6943877766863229,0.7215779737669984,0.6667112940287835,0.6292577957162725,0.60437519031031,0.6074990189670554,0.6270636628056114,0.6710342948687336,0.6002695310950724,0.6094211147812941,0.718299325517542,0.6521850779780005,0.5964270973557635,0.5973552206364953,0.5596870571886604,0.6939960941046647,0.0,0.7070393687141947,0.6010006497201807,0.6561734765507573,0.6767000670709427,0.703205736471437,0.6412058723272808,0.6392870273753307,0.5595020119395849,0.5711864413765129,0.6537457077800478,0.5681696478217244,0.6677023570762955,0.5657636898389699,0.7011325441544283,0.6420300936103183,0.6262218551766863,0.6205455987726655,0.7558620366298112,0.5147946137808522,0.6025404152749783,0.6289164836431679,0.6826260461350888,0.6114090515504739,0.6441790467154652,0.6292049024245447,0.5893989417648272,0.6797436665091044,0.7808534739453938,0.6465278393259319,0.6108726745993117,0.5945509349035805,0.6890031306174406,0.7175382110349219,0.6722805255680767,0.7820118512610632,0.7013712532740314,0.6020853985652902,0.5957980781865324,0.6103107335009763,0.7071083869275983,0.5416855934345338,0.7888577394341374,0.580670220831513,0.6555431260977188,0.6222800605713028,0.6130981513499246,0.6425877918266865,0.6424176882220377,0.6651382899435107,0.601902349953725,0.6842433539227186,0.7338869959506782,0.6695236251720115,0.7140111993617937,0.7114813168163339,0.6562600886828782,0.645948803880565,0.7105360874607911,0.7740610220149367,0.6857446005527321,0.6604083379418374,0.7887945265891465,0.7258959203199149,0.6558959599586642,0.6706791465448249,0.6573872770256113,0.7012421192489885,0.7228328097255302,0.5958716095999979,0.6361926611353549,0.8205447129650041,0.6549310354346166,0.7266267928255026,0.656264273844645,0.5753999548538645,0.6642224899529667,0.6423868519623788,0.6621354598447132,0.6337133125108843,0.6438240988460054,0.7534937877595527,0.6610803089405322,0.5743227289235898,0.7069468775957858,0.6540204832601655,0.6596636133756201,0.761245662718907,0.6712743094255417,0.7369883216856293
SRR9000031,0.7401022643711976,0.7547756709721114,0.7388906689015478,0.7251833534261413,0.661660995526123,0.7791194017535717,0.7434712770296946,0.6596720725577768,0.8048488415265879,0.7554961294830292,0.7181106239269006,0.6630133719574592,0.6417109259785918,0.7715494260959499,0.7595755434770364,0.5177677720117102,0.7946171368941553,0.7319850252578933,0.6555523345120062,0.7744125875440564,0.7437874784308157,0.7285573601349433,0.8112704903593011,0.7715348790955635,0.6927795318855562,0.6391052125719563,0.796225544714435,0.8241367818686893,0.7113102577932328,0.6869609092194743,0.7070393687141947,0.0,0.7459260476045732,0.8094631242778645,0.709325787451091,0.7805633616176654,0.6938592791442829,0.6669392881471051,0.6686678603047573,0.5930616225902221,0.762812310483692,0.6841416578114459,0.7781865834080088,0.8007214335066045,0.6956233403585275,0.8135423738521389,0.7678246781189513,0.7029529414597195,0.7167716964593813,0.7830664416170856,0.7228473095932157,0.7901645180182753,0.6330979513101399,0.7980186304765676,0.7432996183067444,0.7623927993928972,0.7811896519697407,0.7502817238065925,0.6536669786222925,0.8374708346019389,0.7743294725474158,0.7237114114759319,0.8212995529975765,0.7671261209636696,0.6896388025255925,0.7100721611038887,0.797327304024826,0.7222684647771062,0.720106947330959,0.796508411516844,0.7056886045752077,0.6237372165359892,0.8040976118363784,0.6736165595996911,0.7606494007710127,0.6998142543191288,0.7585026088469864,0.7756226477520765,0.8041318858723276,0.662134000543886,0.5541766509896049,0.6375598980174157,0.6506547506983401,0.6588254632112684,0.7656963294711233,0.786330190252467,0.7004352511857366,0.7503723319295514,0.8069653106943505,0.8374267904551012,0.8193447669534375,0.7867470293794563,0.7902615989157032,0.6963780021511076,0.6408637154728399,0.8470088896520194,0.6522427225748302,0.8092381485846113,0.7693082878881798,0.732773932275551,0.7306687090498448,0.8195625158591723,0.7334200337700146,0.6960136799567668,0.6135670196985399,0.7500148301727382,0.757901928877784,0.7148380185550766,0.7559126877946304,0.7607952497220384,0.7467409950139935,0.6931471167114892,0.6837297945661654,0.634954011514584,0.6645939376509311,0.5625188717447693,0.7700570622605416,0.6687241436709989,0.6613198627873063,0.7931017626932654
SRR9000032,0.7946962740384949,0.6396310554323976,0.5672443870413173,0.8079665990973728,0.6859508245842719,0.6666406778172005,0.6948010680047747,0.7323073579904221,0.6352520082424307,0.7833474124570944,0.6376833844596649,0.6574986357063624,0.7205540763253178,0.7666241225191773,0.6807506440410762,0.6996370269290237,0.7227775559517978,0.6584597666515835,0.752079682396475,0.68307420050211,0.6816142240740707,0.6480743363268086,0.5418485126499943,0.6276024837337922,0.6070513855670997,0.6944372746772145,0.6494472539127831,0.6758048860741827,0.6986935488794258,0.5693723784410557,0.6010006497201807,0.7459260476045732,0.0,0.6226639984729434,0.5531822433234896,0.6210584521337239,0.6013320497526734,0.7334900707283144,0.5664179623404125,0.73570300569565,0.7755854138769522,0.5770989360265223,0.709339820699988,0.6353859915686643,0.748565111895723,0.657957523072514,0.5568672683428048,0.5702100231455628,0.6221127628129732,0.6355375511853617,0.5339819368586464,0.6624604606604503,0.6739547651913756,0.5812003775078237,0.6678887912238867,0.646141783401743,0.6834592827747851,0.6973890053732316,0.7727936746108615,0.6178204219087089,0.7391666537351257,0.6590190636624267,0.6414509835544863,0.7450450148719941,0.6962502056752952,0.5836516823563892,0.6471402855313684,0.48560111496966557,0.6961725533162231,0.7801987678389425,0.7497192448170443,0.619874618057496,0.6211785298372041,0.776651978084093,0.6728119791471422,0.687018653080674,0.660648421654348,0.736085452850179,0.6182894297198787,0.6778467838893206,0.6384741158378379,0.6371366246061706,0.756866532020775,0.6870623362146727,0.7978970530848037,0.6581098978019092,0.665732399430913,0.7207350667619997,0.662798396387971,0.7605234121672053,0.683881444641724,0.6368814439407083,0.7402048054797543,0.7215763481135534,0.6300856153944541,0.7413921203511951,0.6923801313762002,0.7296608022102792,0.6386665883118972,0.6922636786521952,0.6903605565656856,0.8164344171288439,0.6820929753958112,0.5938420466974154,0.6049809505268664,0.6775082098706392,0.6910978888714981,0.7173871822620334,0.7619447297004539,0.6322029248813088,0.7011245261065031,0.6579029598538998,0.6973782264421983,0.5632129849101086,0.7410969513951249,0.6809031158058824,0.7004191578772633,0.6351653799144945,0.6645656517667943,0.7840480215389041
SRR9000033,0.7536703054574352,0.6715306124094266,0.6963900737582698,0.7647900066402402,0.77336581638628,0.7437569229410891,0.7960083527168372,0.8071867778057448,0.5489900330754405,0.5908315064692278,0.598882838659436,0.6768849697835728,0.6486283569736647,0.6377713629389519,0.717987533099268,0.7804147188433156,0.7046387309830497,0.6969297758349668,0.7180959920446297,0.5879151121431979,0.6095531344457163,0.520485053417587,0.6026385473705698,0.7127592856104752,0.7223335994733536,0.6460536525533566,0.6512935909729796,0.6911062188588185,0.6067552905972541,0.6967028857724834,0.6561734765507573,0.8094631242778645,0.6226639984729434,0.0,0.7019953248178358,0.6003525341922283,0.6657266676942547,0.6221956247200897,0.7260272833068472,0.7430355189145708,0.5998561045335522,0.6756184009426337,0.5235181613176049,0.7201213554374191,0.7037787115707956,0.7212425610050874,0.6970518083894857,0.6681951337526376,0.6225756613031538,0.7603381808668562,0.6372678313474184,0.6162652812259155,0.6107554041214096,0.726626014092222,0.6330273950502209,0.7805979756318612,0.6672053181673213,0.6593540269178526,0.534595099493471,0.5716497597097644,0.7244140493158957,0.6425389828467402,0.7602921709327136,0.6650672191842429,0.5794068086121221,0.6288472624982683,0.7112894246621136,0.7453610467480647,0.67834871024806,0.7013546287573946,0.6408374778077555,0.6956490667107659,0.5781855801678621,0.8203990449498552,0.6269659563960163,0.6674279628962111,0.45677318267815065,0.692837909117976,0.7912749638030495,0.773715120097901,0.7419988008101315,0.6030441884048939,0.778568815336826,0.7450728463993486,0.7084944935965812,0.7189926399140613,0.6619957107593025,0.6700816032512111,0.6831521072355249,0.6098079522188451,0.6696448252359933,0.7003109180880197,0.6953482599514302,0.6813303168742908,0.6304614794216984,0.7816729529001104,0.6732675558733637,0.6065634214461287,0.7092479705441646,0.6523194482105235,0.5825133562407158,0.691206208832673,0.70204917636787,0.6894586846481251,0.7546008954653829,0.6349299625957784,0.67305521941454,0.7011550500485418,0.7499761808509208,0.6218478861815225,0.7174730566965007,0.697338254382978,0.7099300120736403,0.7141315051746107,0.7944572607066223,0.7882485960475359,0.636174548002912,0.6825734491176545,0.749666457677223,0.7466967953766388
SRR9000034,0.7584878207649788,0.7107814187008665,0.5859361703729317,0.7827671057432336,0.7100154734736016,0.7052512087861232,0.7863378810707387,0.6510409039551555,0.5568104545976089,0.6525936629800436,0.6078223792124743,0.6015124065713133,0.626761418458488,0.6373857538620362,0.6553764667346587,0.6684577995810873,0.6828249020262912,0.6962358210457146,0.6024609052933743,0.673413530391359,0.7051469281531656,0.6839563063113365,0.6021902764789466,0.7084493761454853,0.67158015859245,0.5739424978934099,0.6889942837997701,0.6657989556690791,0.7050577300969122,0.5734658135570112,0.6767000670709427,0.709325787451091,0.5531822433234896,0.7019953248178358,0.0,0.6880094469812317,0.5927711273025942,0.7417522017807924,0.6751364165649222,0.6390432222899026,0.6970986340915547,0.6977650597940593,0.6623462788713733,0.6552325358919597,0.6982158143334348,0.6353812596777768,0.5567416788210182,0.5584917867996771,0.6530019734351191,0.7131803890829707,0.5154944853006145,0.5794106544729859,0.6588800323732433,0.6981254839243041,0.4929976811184423,0.671427837972647,0.5023984668733729,0.6775657611525485,0.7474751968961305,0.6524438651681483,0.7111853026590195,0.7348868893758846,0.7433692676547072,0.7047913901523751,0.6916663208834288,0.5523039745662013,0.7091219557166493,0.6768248552538638,0.734887460577335,0.7308222383916628,0.7864632830232812,0.6956836237760721,0.6466181735372282,0.7139240093847367,0.715824413899375,0.6867662908800809,0.6534861216687602,0.7654934208792323,0.6460807816385452,0.6881746923274753,0.6450148543469996,0.7444210789920093,0.8089650961397808,0.6809366735836571,0.6580021834391852,0.6705909985406343,0.6921178964206904,0.6885781091016067,0.5748657812226606,0.8209249341279182,0.7840487740859516,0.6330836376741419,0.7403602938162986,0.6672496075715548,0.7347885374937412,0.7905066022617983,0.6464042038824331,0.7065104425561145,0.7353108934439524,0.7077879460050664,0.6575662748700473,0.7561649552686628,0.6731360421116303,0.6746061497988733,0.706328942038432,0.6373018018921788,0.6285741739017003,0.6183463168367737,0.7397073945724653,0.6498390906930358,0.6388953808301207,0.7050403050775557,0.7340559803652666,0.6353172084156808,0.6627847926469476,0.6229259900538188,0.7313909017325348,0.7108857475971633,0.7685256434879354,0.731822395933367
SRR9000035,0.7592677908368222,0.7686288568176589,0.7336250513903413,0.815409348236378,0.8040365733371354,0.6582489827916311,0.8223449221558801,0.7341825369129058,0.5119620999731515,0.7032768352256644,0.6855006366394444,0.8067771745798527,0.6384739635408064,0.7516425927405956,0.6487253467350859,0.8403370111582454,0.7031347140251086,0.6732094692003971,0.6679144248708951,0.7131163023449802,0.6749802866414558,0.7342708603794792,0.6538024470570355,0.6624528216775135,0.7708923952389086,0.6880662569792281,0.7697383102443998,0.6942445800215354,0.7296574873190229,0.7568134497955858,0.703205736471437,0.7805633616176654,0.6210584521337239,0.6003525341922283,0.6880094469812317,0.0,0.7073673276059051,0.7389673417937592,0.5793338909126736,0.7907652347289609,0.78596755834151,0.7107343439793993,0.7627152257832935,0.7839126601452201,0.7567895190250239,0.616501466837482,0.7052397728603805,0.6924463967833564,0.688522130969665,0.6135251486236135,0.6985281929541225,0.6255497612048679,0.7526223523704764,0.5659998585079242,0.7325673044139407,0.6475921411562974,0.7217163613019832,0.7932350589896145,0.6580062954676871,0.5484042472199832,0.7847781401662525,0.7286010208861785,0.7607335715073943,0.6751852852711328,0.6887840492234532,0.6579889761281792,0.6866878245012629,0.7579167463408208,0.6425576474452565,0.8525845319384354,0.7357170091864502,0.6294058373976832,0.725020830184901,0.7086727301214926,0.6395844454300575,0.7462174370856447,0.638977234722743,0.679712388354569,0.5859114273408474,0.6429278952532442,0.7562967312731995,0.6878859241186235,0.7743066433117931,0.7209553060652876,0.6997426529756962,0.7411766566445821,0.7078351551414227,0.7392805074666291,0.7651929292207562,0.7041701845618334,0.7097419903919587,0.641904726722661,0.7438510452318778,0.6507812177755936,0.723810357409115,0.7800674232757538,0.7540817167402748,0.6260742750089299,0.7827712052392585,0.7436183873881028,0.7529312817013573,0.7639295209866483,0.7379642619745532,0.6479022360840301,0.6902432468162486,0.8032332999122207,0.7482593864858875,0.6765765986689662,0.8311623909152326,0.7138723161092745,0.6770865098015314,0.7194939483752438,0.7636552300515007,0.49176147170450357,0.8377286488623974,0.7256400913594008,0.7650077619615664,0.7028859117112626,0.6690402196799932,0.7498513410002775
SRR9000036,0.7107678057298714,0.6992390584235515,0.568333371195701,0.6505909167997407,0.7309353009018426,0.6042089374690361,0.6965491815688215,0.7127220853430615,0.6840068965876807,0.702014001857404,0.6539164012713896,0.573937906289737,0.6079790931450035,0.7082259399052748,0.6490939792109456,0.6834241701386131,0.6646716256094385,0.650645664597707,0.6683505214894511,0.567002214357313,0.6904316543243131,0.6381650195326407,0.5971692213385925,0.7334956886663621,0.6458315456023822,0.6514030969875021,0.6699425814829639,0.737074067503969,0.6506029982557301,0.6105386300142477,0.6412058723272808,0.6938592791442829,0.6013320497526734,0.6657266676942547,0.5927711273025942,0.7073673276059051,0.0,0.6940944162772628,0.649874883988784,0.7042810757624712,0.6937247984741785,0.672050118430879,0.5688918285012218,0.7537957864876976,0.6809650337784519,0.6938995848578146,0.6100154217153829,0.6717419163535261,0.6676890963237249,0.639659810635771,0.6435596982429311,0.6776722839697201,0.6285206813643189,0.6315174705655205,0.6095098905891257,0.6562685325627834,0.7341329486523044,0.7410034778401383,0.7382115458013371,0.5682571268480573,0.6405120895379309,0.6717851813166477,0.6026640571902553,0.7431262331888535,0.7184593663551736,0.6204741789799703,0.7498269236542414,0.6516297806775148,0.7517297255231785,0.7142584798559035,0.7199278766501265,0.6076425699387439,0.6778968863604629,0.5982033079054093,0.6682019843636937,0.6984995897678792,0.6365892563078434,0.729885010628253,0.7470686041451572,0.7302833914962223,0.708631630528847,0.6145115762361024,0.7449012868760865,0.7015705920429043,0.6130005522551678,0.7000800087743948,0.570953072862594,0.5848812924261774,0.723037180526062,0.7201266098239867,0.6585742530861733,0.6784917715020151,0.6939856402340523,0.7219399180331121,0.7003090103766018,0.6628136356847775,0.5946975452311221,0.6245948921395419,0.698981802455988,0.687399703361711,0.5923136100573663,0.7195253436640109,0.5990867623189935,0.6915538141710467,0.701758182021046,0.642180493073941,0.5996665383997127,0.5585983242569681,0.6364644316789697,0.7196252268785217,0.5907044384681747,0.6501206514566382,0.5250411118785407,0.7126973979681941,0.5747774372489005,0.7245659078062409,0.6551735687789857,0.6494346969317888,0.7058785166893773,0.6174671167570525
SRR9000037,0.7183042807111618,0.6653374936863291,0.7015194658720061,0.7460575322886738,0.5658804634122733,0.6744195365827214,0.7304095946229618,0.7702714373145,0.6530863363657341,0.6762255647777209,0.6115488792441341,0.7306750927088286,0.6521256365930042,0.599468115004156,0.7117595309510791,0.7316059948403243,0.6602241336091158,0.6651522780210499,0.6488621753889426,0.6367640980418248,0.5634108901409687,0.579372792778743,0.6892722679230313,0.6312526686669638,0.5991384866661377,0.5654886789555869,0.6044837486921469,0.5908749748628825,0.6287675479785344,0.6191349041907284,0.6392870273753307,0.6669392881471051,0.7334900707283144,0.6221956247200897,0.7417522017807924,0.7389673417937592,0.6940944162772628,0.0,0.6960268951460037,0.7097120002227421,0.5353408007299189,0.7654764981705615,0.6869180716280572,0.5617101838685744,0.6882248519148301,0.626649008720321,0.6390617561215663,0.6431865615281817,0.650712630366271,0.6641617980802633,0.6753824150552777,0.6383230433148644,0.7226073678312998,0.640071273332321,0.701018384255405,0.7648399472159354,0.6463234943808439,0.7299959890774635,0.4855990692959064,0.7418619042901382,0.723975253873081,0.5673577887662566,0.7426082426432395,0.7454533056419183,0.6662788611158459,0.5708701837402862,0.650817873774109,0.7327270423264152,0.7024637287189052,0.7385304864791596,0.7472146146875014,0.6833835645716282,0.6803298760769002,0.6745547066712053,0.6818626133482681,0.7065661295234903,0.595472303495196,0.7176758941673002,0.7886634564426421,0.6675326980115435,0.7892144593452002,0.6685030702028473,0.7750091517282458,0.7743100244624979,0.7555242945874487,0.7510199553516121,0.7621931286409143,0.6898929244552303,0.6865941962368735,0.6539074380596055,0.8038354883794977,0.7506471694640175,0.7481221190979129,0.7434840334458304,0.7312737954103602,0.5551628258404281,0.7536734958699519,0.5956459310904012,0.5851703155942671,0.5881902375113114,0.741782267900404,0.7089705047934595,0.6365536489258404,0.7156011955788539,0.6824313835857869,0.7229524923467937,0.7433223067103972,0.5842019346114985,0.7434848139215807,0.7757226221906611,0.6415393486001798,0.670348189280102,0.6595017371805519,0.7317739975972305,0.7149205713999329,0.7008941957052903,0.641356424207202,0.6973013518983873,0.6545779483684561,0.6968186801503109
SRR9000038,0.6483664825070702,0.6205286782675955,0.6513344548047845,0.6081287917355866,0.6297199720703474,0.5676496439482271,0.6802474645577922,0.6645363567530783,0.5398521264985311,0.5992892020464786,0.6001974336697478,0.6785512814152753,0.7081923487474924,0.6859702521734592,0.5969660871828252,0.7343204252996041,0.5916248749664309,0.635614117657875,0.5472752833575307,0.6584103157304221,0.593815666119577,0.690937042811238,0.5562713867013073,0.6198163517381374,0.6919192878975414,0.7702977590210071,0.6692267888108292,0.6661472635359671,0.7047433863824066,0.6545699837306277,0.5595020119395849,0.6686678603047573,0.5664179623404125,0.7260272833068472,0.6751364165649222,0.5793338909126736,0.649874883988784,0.6960268951460037,0.0,0.6703376481686738,0.669724007706919,0.6489340317733776,0.6369278328671163,0.674798200090937,0.6398128544166372,0.6118672029314866,0.6029621281849934,0.7236749515372889,0.6781345299512987,0.587882733575842,0.6700455166129641,0.6135617811185804,0.6806613326687855,0.5175777511249642,0.7144129926991339,0.5491987225008821,0.6658297367978541,0.5663848371613461,0.6480572643117092,0.6801358799399916,0.7099278324536545,0.682162051123312,0.5819736903625288,0.6887595255007758,0.6599628066711809,0.6641473732846042,0.6899579060946289,0.5789418707802975,0.6861285480984104,0.6895711411796114,0.6816575897132325,0.599141316026814,0.7728252462830592,0.7226310309596655,0.8087833753257532,0.7651190183955537,0.6665643520909179,0.7301239514758471,0.6340070174521724,0.5589039046073871,0.6976833205509411,0.6714390302163239,0.7139477724566934,0.6732312282773503,0.7144369742817684,0.7189355519267092,0.7217590384324948,0.8005453061784906,0.6896976371296656,0.7869092284621725,0.6826562664157512,0.6556716089956613,0.7271474619628459,0.5885672403644772,0.6494669779064787,0.775617930461989,0.7376851974329872,0.7066634059924789,0.7377534285551544,0.6955635607778794,0.6688391403058758,0.715545045092198,0.7307925828852888,0.6543102118594528,0.6912402089579825,0.7520232882064644,0.7704403759507712,0.675852969162406,0.6833091595978569,0.703363872474785,0.5552418840166929,0.5849832421012144,0.6718523546264161,0.4508914054668668,0.6311491150793258,0.6380130695934029,0.7372384822228392,0.6402307988814974,0.6255379808807566,0.770769530165074
SRR9000039,0.8303667755471678,0.7405760114198437,0.7386980916318173,0.7071616977595783,0.7245893768068322,0.7796976563670907,0.7894990315936133,0.7853687032720507,0.7163683896786843,0.6371544541856785,0.6542197706119097,0.6479424260180188,0.6856728308258949,0.6989489962391482,0.7354912857093243,0.62313150363281,0.7134727331503439,0.6725639130107555,0.46037285769655123,0.6871086109790581,0.6599111261285872,0.7480441207747366,0.6617303092850683,0.6943379744092182,0.7378214984164927,0.7088330679335917,0.7168699370710544,0.6680578672827837,0.7377832378966978,0.7093106781610171,0.5711864413765129,0.5930616225902221,0.73570300569565,0.7430355189145708,0.6390432222899026,0.7907652347289609,0.7042810757624712,0.7097120002227421,0.6703376481686738,0.0,0.6368279662329269,0.7085919209126968,0.6658656327161749,0.6701135671403651,0.7347007640964892,0.7858353342321324,0.7438188953746481,0.595363289620675,0.7093868852761142,0.6947500913810271,0.6364528932392615,0.6368306302465642,0.696471582349731,0.6618739947071937,0.7147007125297407,0.7494335618720703,0.7068880609757352,0.638344007526585,0.7173679480514629,0.7758586759082011,0.7516699694559795,0.7162746810575558,0.7847720434006212,0.7720376548180221,0.6867134384082434,0.7241450970679606,0.6338429050444712,0.7308300919467907,0.8121386834397706,0.7483124738195661,0.7577434852659424,0.6756079745935413,0.7179838937690464,0.7154953091301596,0.7973233583173043,0.7774001953220807,0.6938261345673246,0.8029733178792762,0.6927505895057138,0.7175101554036527,0.6036820221037811,0.7775229359533018,0.8112646752688223,0.7923799404312777,0.7602351916967164,0.7259035474898777,0.7029682217684146,0.7227818819170271,0.6993855295666376,0.8287607607416928,0.7662875260145713,0.7711156578555711,0.8197061878080671,0.7496672805997594,0.8201186846403054,0.7913107494909495,0.6173748363841323,0.7669727947361087,0.7300633469300869,0.6716817708380355,0.692980353227335,0.8448060124463878,0.728834016723957,0.6144382316347613,0.7254308518237433,0.7180932086692411,0.7645520189618651,0.7776483853027768,0.7209680088356647,0.7150715462504936,0.6917803133711293,0.8217657224506968,0.6814099045391266,0.6849250883859467,0.6887170993133135,0.7032145457696262,0.8490924957216522,0.7505932058506508,0.7716800007579606,0.7080133616742673
SRR9000040,0.7206121406928223,0.6885035081129773,0.7082158747125878,0.7275397857005603,0.7255139516043263,0.7817661919105376,0.7455349548267856,0.6810084179309315,0.6463501266191944,0.5657555978938802,0.562929001025506,0.6368093823663973,0.6276191601410622,0.5492939738576753,0.6630040526358438,0.6915652346974909,0.47232128298585696,0.5929555182869539,0.6899243691489608,0.6171827190293439,0.5371090176572793,0.6183474946570562,0.6121778490465802,0.6976827783825778,0.6680125340838706,0.6732611258472505,0.569107930076918,0.4796581111728545,0.6206865626599019,0.6734555661035907,0.6537457077800478,0.762812310483692,0.7755854138769522,0.5998561045335522,0.6970986340915547,0.78596755834151,0.6937247984741785,0.5353408007299189,0.669724007706919,0.6368279662329269,0.0,0.7136779135401589,0.5525894135958862,0.7198285185239512,0.6729721971510261,0.741822251376425,0.6533637202373411,0.6523827110177489,0.6576115111479696,0.5875241990916211,0.6796841899874705,0.652553760493534,0.5695363777475418,0.5947489615921462,0.648754559080477,0.7792579427982528,0.6233564674734587,0.7175383299920073,0.5511336066232032,0.6234256879776938,0.7412122458409867,0.7344399829821313,0.7374271577845996,0.6832883205265134,0.6805369432681946,0.6753852857756458,0.7815065770293904,0.628893344689949,0.7536148004827782,0.6544861283042579,0.7004817301009435,0.7550635079429678,0.7335379638280077,0.7115164854867776,0.8217426657059554,0.6901963044368511,0.6590167850065962,0.6789230107963111,0.7304576888921716,0.6798112644003311,0.7811921953632477,0.7054737241709648,0.7622378903534608,0.7390271936207687,0.6617364204003064,0.7791834642226761,0.7134490948916206,0.7056055309328761,0.6800689835986998,0.7181992702711847,0.8107665253323285,0.764833463517193,0.6925172068303198,0.7928067479713677,0.7565343998325237,0.8000858192342939,0.8145279287249249,0.693041089767967,0.6717508452061133,0.6778704114439282,0.7159614209251559,0.7055480212298469,0.7356559874251611,0.7169150876938174,0.6851262191601197,0.6966505152994309,0.7105996602594453,0.5683840164475722,0.8021330241602255,0.6777852148627944,0.6614263508500675,0.6325238201715109,0.6277861974014018,0.6827603015742559,0.6505050509834278,0.7508356304663006,0.7811995928331683,0.6414424909854696,0.6819073739167654,0.8030805368055627
SRR9000041,0.7326407219136648,0.6452343008636273,0.6039666633483053,0.6052978880485038,0.709560773522761,0.6924964959732113,0.64144380606164,0.6548918198832342,0.6929151693672769,0.594566032960377,0.5337309809547591,0.6375518373963495,0.6561371740616952,0.7734519981163038,0.668502050655486,0.7505789309180172,0.7589219214543185,0.5076779511868997,0.6938260962496624,0.7303846091313335,0.680776995035433,0.7112651476632311,0.6623346925779222,0.6905797774804506,0.597297422784913,0.5437446792920534,0.5785019062521427,0.6660225618665723,0.5748109601441926,0.6296053240374293,0.5681696478217244,0.6841416578114459,0.5770989360265223,0.6756184009426337,0.6977650597940593,0.7107343439793993,0.672050118430879,0.7654764981705615,0.6489340317733776,0.7085919209126968,0.7136779135401589,0.0,0.6817219989005304,0.5950096978333304,0.673696728991882,0.6725236948100494,0.5996009700885447,0.7370203728086535,0.7622642665875216,0.6383607921054849,0.6707680875746544,0.6149927044310325,0.6519729080348595,0.7167448102385956,0.6147309142334634,0.7067134113657488,0.6048316006372908,0.738133524691276,0.7457607394274508,0.620611732255532,0.7014757595777668,0.5617419947046943,0.6502853042645653,0.6881480662282414,0.6146904222273041,0.6573330709644603,0.7203435085477653,0.49695448062989245,0.5633592413932891,0.7057640695460873,0.5738835723049017,0.5536509716417549,0.5940996377323918,0.6134268091730465,0.5926853993951012,0.5872781074046574,0.6447332243529516,0.7108191882994516,0.7207564243439422,0.6333972271744414,0.707199658720171,0.5976073187217261,0.6156876584103392,0.564928620928503,0.6506221965763208,0.6323051724563525,0.7237864959485588,0.6046202466579914,0.6387603742911349,0.7086577463993026,0.704288188067613,0.69968329762078,0.7007686877700388,0.6806653679366343,0.5894922844191499,0.6792202974324869,0.6989720710117348,0.778710442771262,0.6012941971293465,0.650081700493747,0.5671393090517551,0.6585626278607211,0.5806403229765043,0.7050526981503443,0.5121625462442304,0.6870800868310644,0.6165507929368539,0.6741835539570483,0.7168705977248513,0.6669282150637609,0.6614129572251687,0.5478592163493115,0.6185745360757696,0.6328733619608152,0.6852850412074344,0.633383779635258,0.6648872336481707,0.5595195377252334,0.6905322139088163,0.7010286397938087
SRR9000042,0.7852318796817853,0.7141806890211247,0.6749086619020433,0.5637010651459974,0.7777999051193457,0.7130836538582561,0.7102651620997323,0.7619826007504571,0.6071224962676333,0.5146312423300284,0.5723825224699952,0.6525709763244086,0.630856851630028,0.7019551751329399,0.6605688299524392,0.6597814451906451,0.6936782317878977,0.6432881289031201,0.6031624983238315,0.5764104317702078,0.6160261225098211,0.6313788113757098,0.5046394620117416,0.7062303493888916,0.6511415089971887,0.6755743977329922,0.6242550945326124,0.7052751746409219,0.7080873565921254,0.6317049844547549,0.6677023570762955,0.7781865834080088,0.709339820699988,0.5235181613176049,0.6623462788713733,0.7627152257832935,0.5688918285012218,0.6869180716280572,0.6369278328671163,0.6658656327161749,0.5525894135958862,0.6817219989005304,0.0,0.6570923756724507,0.6241732335469337,0.7196760109675534,0.687513350718105,0.6571257721771986,0.6084201920282983,0.6949680907556144,0.6648725605166226,0.7378272598652319,0.6423079362779858,0.629171376007765,0.6911561919376776,0.6919971105354065,0.6382889064767706,0.6486342269877942,0.6163024651766366,0.6057292836095075,0.6640364751233779,0.6735405402678253,0.78621956796544,0.7566614113097668,0.5695827385466856,0.7252539446251864,0.7573696013497287,0.716851475505671,0.7683922025831089,0.7011314213973773,0.6364511320000945,0.629837393797375,0.6938304248057835,0.7117056325194409,0.7770029711062009,0.6921182368288653,0.6077137108043489,0.6939811249019333,0.7259083986192544,0.7734405692956005,0.7332468668468822,0.6924750578263469,0.7235716537625407,0.7150812042322663,0.5884871693783715,0.6651502211389386,0.6235576776637817,0.74190340255292,0.6489847293587259,0.7505915408616657,0.6689753091928758,0.6687536463491478,0.7466327950512044,0.6151798170892733,0.5718404938542336,0.721418313588525,0.7513493778734198,0.6433639075661716,0.7469761432091854,0.6634707151715458,0.6100408650934397,0.6865653399288484,0.7308363366478775,0.6471616243799718,0.7585719832979353,0.6618990608263146,0.5907156733364706,0.6755099370300217,0.6312762481436204,0.5844475715959189,0.7485596937837358,0.639804324150169,0.6217183611888257,0.7032477981611176,0.6761601043009848,0.7449316193352599,0.6237772985101101,0.5348699124988724,0.6925740897134172,0.7467496297601126
SRR9000043,0.8205952628602219,0.6281176256383758,0.6914120455356939,0.763089608537452,0.5999045166900809,0.6770971910684718,0.6905016357657924,0.726132509881263,0.7012063679860914,0.7222305614064961,0.5412030681169258,0.7048948280148397,0.6178104820751434,0.7035203738711693,0.78645147388986,0.5433824416408833,0.8147717276497445,0.7479056794544345,0.5812253844001348,0.8050099580805067,0.6756790403298625,0.6693652018366797,0.6511990729832435,0.718546447498449,0.623188037671442,0.6563317016306776,0.5259077278259899,0.6168908282063176,0.6827401215521284,0.6547340037162516,0.5657636898389699,0.8007214335066045,0.6353859915686643,0.7201213554374191,0.6552325358919597,0.7839126601452201,0.7537957864876976,0.5617101838685744,0.674798200090937,0.6701135671403651,0.7198285185239512,0.5950096978333304,0.6570923756724507,0.0,0.7792934746918669,0.5939252855487303,0.6546974411583933,0.6959810087127724,0.6471469538117913,0.6710396371101442,0.7008283037020544,0.5936361750746694,0.7460304036586685,0.6500149727993735,0.7327377544136681,0.6447331118717597,0.5889958958656856,0.7806895241538028,0.7507077835498962,0.7380021433011638,0.8159563287341686,0.6008435156317814,0.6951945637918869,0.7955729762969984,0.6908858483804178,0.7250457086874182,0.7316964329410192,0.7159144015698431,0.6835100473843662,0.8166041813286871,0.8408502147823185,0.6886781490429537,0.7362827362651381,0.7440115264839755,0.5423441626139232,0.7669353086644314,0.6827368444553964,0.8067204782451982,0.7766768419794474,0.6914706380768288,0.7857307366990102,0.7860574175758116,0.8285797238436358,0.7733308463626224,0.7847205658159131,0.7558968485341135,0.7812390877256584,0.7316961994922667,0.663856327078509,0.778287906505669,0.7928739710960132,0.730155089709766,0.8443028132149002,0.799687191508224,0.7759906291990917,0.6910712423228461,0.8304725350041502,0.7551637080629636,0.7190542559730301,0.6445361880273771,0.7715071626907862,0.8262998507479479,0.629264622405472,0.7657210636961655,0.7398725329096297,0.7793035010830807,0.7290653889654394,0.7330888388561452,0.7693068789552182,0.7242238996220437,0.6854739170687084,0.7659111389333565,0.7477670958492266,0.7094710767853759,0.8081747322780176,0.7079998793917736,0.8420905737728551,0.7433846249895003,0.8446141230380678,0.7179958441830925
SRR9000044,0.649840754315371,0.7054522394593958,0.6326283460359435,0.5402169030932378,0.8012548082127317,0.7690370853008632,0.7096959505334876,0.6538410320042809,0.6643343324459771,0.5283548828241044,0.7204591002775708,0.7254546073189987,0.7154356514366624,0.6298372664287141,0.5420686195033316,0.6925500751290022,0.7368782018550363,0.6466844258450639,0.7305399089186616,0.6571709529537801,0.6025593468119378,0.6812759362243868,0.673226468960782,0.642507862509331,0.703631022528799,0.7458456671353135,0.602557568233731,0.7037900957929142,0.7052108263047108,0.6352970367209649,0.7011325441544283,0.6956233403585275,0.748565111895723,0.7037787115707956,0.6982158143334348,0.7567895190250239,0.6809650337784519,0.6882248519148301,0.6398128544166372,0.7347007640964892,0.6729721971510261,0.673696728991882,0.6241732335469337,0.7792934746918669,0.0,0.7159640291521225,0.7325026701125652,0.7625704771587433,0.6873766830824457,0.7250576405848339,0.6715894700545882,0.7057530021177976,0.6247502434028345,0.6841377164345043,0.7336959559259588,0.6763544429859281,0.697911040240256,0.6423224019795248,0.5756785536974289,0.7433032114400054,0.5806106974984897,0.6222818258353734,0.7501480584318224,0.6371278809860843,0.5419646561289927,0.6975974093138457,0.7360702615871537,0.6970420141957202,0.7746307698211516,0.693935237040582,0.6435833609439815,0.5561676508419116,0.7019744227270488,0.6642510177040628,0.7519011610276064,0.7045832345100334,0.6281549034657941,0.62113393823068,0.586141261458522,0.565992171150992,0.5954963997137966,0.6716990520919051,0.6343612916739667,0.6409251809413566,0.669458126451706,0.6107919534329339,0.7215111631521031,0.6668977500535636,0.6891408500837618,0.7048644252198951,0.7392458297204313,0.7278589491339406,0.7369538275499481,0.5376367384827779,0.5938671027992587,0.6862700173981319,0.736572515299552,0.6763302281427337,0.7265695861378887,0.4951695295962032,0.6254776211480902,0.7520564996936869,0.6187959069375158,0.6139951426261613,0.6449380583015215,0.741085081950058,0.6873611178590336,0.6672893631389484,0.7898754219041575,0.6620160115675081,0.7022787079447349,0.5945781590461711,0.683023139061513,0.6519397258139599,0.7117178555999234,0.6997451336118643,0.6641898022452715,0.6976705580196376,0.5165907176143852,0.6139590510453936
SRR9000045,0.6919069481463533,0.6238289307593345,0.681891694568349,0.8032000219176822,0.6698355617216322,0.6389579155253021,0.6771848689468637,0.6593965646270262,0.5895420820900631,0.6746011926981804,0.6546760092293579,0.5988586334598968,0.7608672184716003,0.663362337558616,0.662891635150338,0.7456471467549209,0.6261622903315958,0.6587951253796875,0.6176155546999694,0.7312299745387257,0.7550658922634021,0.6155491984928556,0.6417302703321224,0.6870242032850273,0.7952017549351335,0.619561915541711,0.6591831210184887,0.6951933989601838,0.6736616107971335,0.6300447591775686,0.6420300936103183,0.8135423738521389,0.657957523072514,0.7212425610050874,0.6353812596777768,0.616501466837482,0.6938995848578146,0.626649008720321,0.6118672029314866,0.7858353342321324,0.741822251376425,0.6725236948100494,0.7196760109675534,0.5939252855487303,0.7159640291521225,0.0,0.6661756821835548,0.7491258409827889,0.7520445295723259,0.6367177716266661,0.643044391951801,0.5904893318625082,0.6934765757732201,0.5734590300779767,0.605594145968157,0.6205232390368753,0.6477254245670941,0.7500339541694843,0.7712465122039958,0.6231175489897756,0.7217013366619455,0.5963722944469221,0.5999705954811088,0.6832969818013147,0.6387624600518802,0.6915904349846145,0.7111025720557266,0.7309685611718818,0.7264342552396038,0.7697260897219225,0.7057280564508006,0.7222445089723866,0.7447437846125222,0.738120858467802,0.612184003633145,0.736591603428246,0.64170316123952,0.7839316492786641,0.6676074240916194,0.6722422978620045,0.7114857185720197,0.6940401454183698,0.7753876803017039,0.6691111289047134,0.7303017488671413,0.7350172521052086,0.7772206709830318,0.729742577467663,0.6306578519124418,0.6463436185572435,0.8006681711103806,0.6685993460282955,0.7592237211761331,0.6978208936607354,0.6934560226358615,0.6749703286205672,0.7649316454218313,0.668120406568764,0.7779806226802252,0.6181150326527367,0.6745446612302654,0.7569544199845797,0.6412720313376634,0.7647677784156766,0.7924851922292391,0.7911267635854325,0.720004094841292,0.6473539545021659,0.736372391726265,0.7453862826791837,0.6467934909869405,0.6482423990110598,0.763912662955296,0.5676180179455709,0.7393837175987034,0.7018836195908218,0.7470768647741731,0.747363940266572,0.737364813012437,0.670491782360842
SRR9000046,0.725556216668647,0.5296569437229828,0.6337878423028981,0.7100893443185468,0.7261773381889494,0.5649729983437131,0.6882552231480543,0.593404592810872,0.5612966624726324,0.6415177415897804,0.5757934505106731,0.7346593387287531,0.6961459882348884,0.7004768895516044,0.6827843516894689,0.6768634057266403,0.6694734755293065,0.6557147949261524,0.6853533423613897,0.7346873639004612,0.7263210565730781,0.691912100637808,0.6157816013202356,0.6893069978667108,0.5442773844191577,0.6032586795523573,0.6015953578079487,0.6428342143570748,0.5770903332352642,0.4979826740707645,0.6262218551766863,0.7678246781189513,0.5568672683428048,0.6970518083894857,0.5567416788210182,0.7052397728603805,0.6100154217153829,0.6390617561215663,0.6029621281849934,0.7438188953746481,0.6533637202373411,0.5996009700885447,0.687513350718105,0.6546974411583933,0.7325026701125652,0.6661756821835548,0.0,0.6679391617112642,0.6871237678340779,0.5866874288191368,0.584042150241094,0.5902175888574065,0.6884210265309721,0.6266204426576076,0.7170378866154099,0.6199683017568871,0.6132023614449702,0.7002376738364631,0.7263196551942739,0.723761155478873,0.6527679113883386,0.713468518834666,0.6438179937316121,0.7019852035155741,0.7245187741418915,0.6052828121009176,0.6743964293461332,0.6737383146395055,0.6868599437807804,0.6885819029071307,0.7450692577612639,0.723992942614579,0.602799441918946,0.7457049246549725,0.7157504269083199,0.5913004694158303,0.6440910872706291,0.6722915405662722,0.7561801061740822,0.7315483240760623,0.783930413196239,0.7456767477307787,0.7233363540854113,0.65054719823663,0.6950822564315844,0.7383593621706541,0.7657524445134067,0.6893064062356419,0.5705959414059185,0.7784765823742286,0.7284709970648896,0.6902001637464411,0.6897285710485738,0.7126038899317589,0.7417174655627043,0.7559222496814983,0.7191830772597019,0.6968235130307352,0.4525702647430827,0.7649044864806859,0.6704530903485963,0.7851621705982432,0.6855503962980528,0.7738188743567835,0.5517083801006045,0.7085438866666878,0.6578496401188709,0.6305118831915226,0.6925501180907123,0.6356078859468621,0.6457536721561571,0.5573572398659461,0.664524991417594,0.6722186581890193,0.6462391700005539,0.7498706858539773,0.7073583427483429,0.6497208604450174,0.6772594346258367,0.7889437684690283
SRR9000047,0.8007661216810184,0.6615876260139584,0.6831693078744275,0.8195351988625428,0.7363112999905153,0.6680519121421878,0.6546375695276065,0.7952691645325402,0.6707357663872577,0.742280349309547,0.7137445873629954,0.6535972459063477,0.6508155800723868,0.7005787152732265,0.6752606053589439,0.6498694391647419,0.6748957311970608,0.7028426925263092,0.630461972884716,0.6549911927324429,0.5868460902906731,0.6542732046524825,0.6875061964133895,0.7725772692034776,0.6444841836365577,0.7623999730032964,0.6142923283278562,0.6712437676146457,0.6921390017193942,0.7074529519236298,0.6205455987726655,0.7029529414597195,0.5702100231455628,0.6681951337526376,0.5584917867996771,0.6924463967833564,0.6717419163535261,0.6431865615281817,0.7236749515372889,0.595363289620675,0.6523827110177489,0.7370203728086535,0.6571257721771986,0.6959810087127724,0.7625704771587433,0.7491258409827889,0.6679391617112642,0.0,0.5262713098402365,0.7993684480736233,0.6239878185902791,0.6976225051550076,0.6588214521371933,0.7071950070244601,0.678939435854502,0.7906159651646495,0.7150891202212399,0.7316933542412805,0.7104968668720865,0.7027620174602003,0.8212302215609526,0.7038178620507811,0.7472174018445161,0.7076630561638094,0.7074852640704383,0.5972386869378965,0.7160297063861109,0.5245521909745378,0.7193994812888126,0.837535194717635,0.7662298775473388,0.7120416557101331,0.7326440739939947,0.7424232359567635,0.6784568228579462,0.7075197183104325,0.6302326024938855,0.8041761066599196,0.6577870137916504,0.6562391442994548,0.6940529291609089,0.7424874521538172,0.8372680498537726,0.8113633904481375,0.7882978014591792,0.778682491899316,0.7736903321612921,0.6981782677074184,0.7443774791603465,0.7920360437538942,0.8251906561076034,0.746271574813032,0.8262585209062037,0.7319129131791602,0.7044230083716513,0.7562702923746453,0.5965026961561841,0.7550468504943703,0.7166559570873641,0.7737629149937263,0.758175734841192,0.8418734170926617,0.6556032635888152,0.5683888629426985,0.6651210794066073,0.7108224116765556,0.7771664792232975,0.7134880308876255,0.6688585186717758,0.7853697645535684,0.7394207788708969,0.7583409418887183,0.7496733436381272,0.7317211041383326,0.6969322582980623,0.6791893910117148,0.7439949709483743,0.7514259857181084,0.7134893571091706,0.8145775900170367
SRR9000048,0.7496113703719756,0.7122192754381471,0.6701707705329532,0.773606321600052,0.8127208248772887,0.6388520032314239,0.7833974466723778,0.7245562420548302,0.620704904558764,0.7006773485675543,0.6834777582840093,0.7334333889001706,0.5446597622347956,0.7105328972978245,0.7098815586944809,0.6258522525477583,0.7074129634205761,0.6675673837198716,0.7308857449926139,0.675148925442929,0.6147881402119324,0.6081398182832649,0.6940169020901009,0.7437993156400446,0.5872808696391886,0.7101876975113637,0.6294305476493018,0.681370672021967,0.6583419895683921,0.6461312466886469,0.7558620366298112,0.7167716964593813,0.6221127628129732,0.6225756613031538,0.6530019734351191,0.688522130969665,0.6676890963237249,0.650712630366271,0.6781345299512987,0.7093868852761142,0.6576115111479696,0.7622642665875216,0.6084201920282983,0.6471469538117913,0.6873766830824457,0.7520445295723259,0.6871237678340779,0.5262713098402365,0.0,0.7642117115715167,0.7466885005786564,0.7004805718568524,0.7224469344810777,0.7681447657194175,0.7030266519759842,0.7743819587633283,0.6799886426789817,0.7468139393896761,0.5870658142753478,0.7845171751312394,0.6974675763250825,0.6642110296358806,0.786735195193481,0.6895437425317107,0.7575332012303785,0.644164222485222,0.7810466193791042,0.6050612755665056,0.7890490121063302,0.8298732034410963,0.7059462459722026,0.6435277544082084,0.6400912112055958,0.7559799856291721,0.6659963911509991,0.679456059761419,0.5885299683438444,0.7886419341474792,0.721068007209638,0.6451931029723298,0.7824061269044998,0.7143022983783686,0.8244218401238246,0.8040313644394037,0.7827261697304171,0.8219264381484316,0.7940064630188346,0.7086211979090221,0.6916683906132793,0.6560734717622411,0.8073477521223325,0.7200036086163448,0.6799380687428564,0.7312402552833376,0.6936425732232602,0.8391166058919503,0.7025892944652052,0.7523099370318792,0.7021392654625909,0.8006676402264895,0.7071638105438098,0.7492037519439041,0.7549362115749207,0.48206016842110877,0.7151416042591362,0.8186921891123158,0.7556159426060486,0.6968471386013082,0.794932376588922,0.7686920859054062,0.714916852251615,0.6803806707560324,0.7527638843956839,0.6874206584777295,0.7506524426453344,0.7643519629305429,0.7469847372601194,0.7188023471400178,0.7192656778686939,0.8176257355243616
SRR9000049,0.7603691991608271,0.6513026056306309,0.5898342506320834,0.7326801919706748,0.6701617024713864,0.6854597059628454,0.8002026396548241,0.6103244076561014,0.6479907510779591,0.6462452680776986,0.5276828017920504,0.7706983529848906,0.7722566848505851,0.6984691223748996,0.6896130947220743,0.6834503332220305,0.6892164603970368,0.6263007846640735,0.5959985222600872,0.685789420032127,0.706578623300825,0.7267016017261374,0.5324514340535429,0.5131864559558178,0.7514581958217602,0.6684261687081825,0.7053589773200095,0.5352438293959586,0.7537729641976169,0.6864387746868629,0.5147946137808522,0.7830664416170856,0.6355375511853617,0.7603381808668562,0.7131803890829707,0.6135251486236135,0.639659810635771,0.6641617980802633,0.587882733575842,0.6947500913810271,0.5875241990916211,0.6383607921054849,0.6949680907556144,0.6710396371101442,0.7250576405848339,0.6367177716266661,0.5866874288191368,0.7993684480736233,0.7642117115715167,0.0,0.6739977439522111,0.6778934634008504,0.7910212659969008,0.5517762005400505,0.7709939571153894,0.5544994415285153,0.6443513868838325,0.7105682001881769,0.7936206534267907,0.6203789529963084,0.6495780876207264,0.7386253800677988,0.7660846181232308,0.7870740828756674,0.7587675287657161,0.7004678685966512,0.7192847237775538,0.6868925982241452,0.7932933697301613,0.6691737074104656,0.7845600061022707,0.6415084915807918,0.7924968617324516,0.7190832791037614,0.7627741033182778,0.6836024819016215,0.6727236179183363,0.784406812715949,0.7086598423036812,0.6477287514316891,0.7382623321686688,0.7648743731301632,0.742648197432019,0.652496390372253,0.7073379336163637,0.7947247577397144,0.6341898635594387,0.668483199602939,0.7921108890636784,0.7283551872642362,0.7172034980030213,0.5773937742419986,0.8056569357364342,0.7674268639434416,0.7721757995963683,0.6795125378871765,0.7464937365794632,0.6759617638473331,0.7170031833537637,0.7234418800465507,0.7605660123206759,0.6726350895569181,0.6698427773977375,0.7312092793452315,0.617366415227142,0.6874861678672636,0.6930746659792228,0.5667817172517258,0.7816219953298736,0.643952867088811,0.7349441243471022,0.7170441410547664,0.6220030294975774,0.5080258066663692,0.7439282932109286,0.7056968027868465,0.6895354887882051,0.6645165981554556,0.7206034133483492,0.7678401176531315
SRR9000050,0.7118816887505806,0.7480878627592626,0.6542966613594573,0.799077463792765,0.6230683124327965,0.7625364910625205,0.7190824028770346,0.7149052213200595,0.6180854405184409,0.7131999101599871,0.6629942926103866,0.585239120159233,0.7045828750647215,0.6725879374072437,0.5683884656284601,0.6939202546009708,0.6316692606470887,0.6083435313362879,0.6448435941355988,0.525483473404017,0.6007708278753281,0.6356534278263093,0.5780719739367152,0.6875058738405112,0.6626620908132602,0.6285638916219908,0.6643385923241862,0.6771667815868202,0.6913311950987991,0.5119984661724364,0.6025404152749783,0.7228473095932157,0.5339819368586464,0.6372678313474184,0.5154944853006145,0.6985281929541225,0.6435596982429311,0.6753824150552777,0.6700455166129641,0.6364528932392615,0.6796841899874705,0.6707680875746544,0.6648725605166226,0.7008283037020544,0.6715894700545882,0.643044391951801,0.584042150241094,0.6239878185902791,0.7466885005786564,0.6739977439522111,0.0,0.6523887722086864,0.6361387866169337,0.6503375168343165,0.6393052003685809,0.6882032235003152,0.6606285505223825,0.6031214215157629,0.6827397384883158,0.6435969376499552,0.7573185577173214,0.6660953908329497,0.7223918392338389,0.6984766471896431,0.6636786433838616,0.5509370163097551,0.6743576073941435,0.6836447843762211,0.7052564052465211,0.7853208292226025,0.6918511638547575,0.7065438888992935,0.5497181874157373,0.6785751045982111,0.6915610455827355,0.6586266665043999,0.6090846519975803,0.7009254240035105,0.617029014697958,0.6001930029967388,0.6014437438707951,0.6832960112109545,0.7528871509687526,0.7119172911800753,0.7338201398104559,0.6798534051877916,0.6584434985055756,0.6536376380338564,0.5398640579346092,0.7076575964242526,0.7462753573653735,0.5928168640100661,0.7854410470782021,0.7613964320568041,0.6431366365376564,0.6425235430206767,0.5832215146663788,0.7400333711853916,0.6639639146371598,0.5793613417388511,0.6868565829166877,0.7344859832947941,0.7296783057322991,0.6324424325469729,0.655456999079768,0.5790732852726599,0.652616539777611,0.6913250590109038,0.7179967662214687,0.5765882886648066,0.6665307570470859,0.7022160270723585,0.6418576120063957,0.6372133516342403,0.6741094025636284,0.6264456641844507,0.7106973944550679,0.7253948475155699,0.6726754743265766,0.6599073376196309
SRR9000051,0.725432510961701,0.6821885498448748,0.7231299563152687,0.7832573896477679,0.5733339438914585,0.7557370973963548,0.7641529471447136,0.6503063492288599,0.566371234935881,0.5908601262642927,0.5417447468375531,0.709734787571209,0.6824183493171131,0.6116991770046214,0.6381245720127521,0.7446418827687671,0.6183687953680949,0.684559244143033,0.600521584624426,0.6216533654155694,0.7256364554011336,0.5510647285671174,0.6563093798703095,0.6077959307770726,0.7478402700752512,0.578193071167754,0.6869325938779122,0.589439119867426,0.649711691238092,0.666616091714669,0.6289164836431679,0.7901645180182753,0.6624604606604503,0.6162652812259155,0.5794106544729859,0.6255497612048679,0.6776722839697201,0.6383230433148644,0.6135617811185804,0.6368306302465642,0.652553760493534,0.6149927044310325,0.7378272598652319,0.5936361750746694,0.7057530021177976,0.5904893318625082,0.5902175888574065,0.6976225051550076,0.7004805718568524,0.6778934634008504,0.6523887722086864,0.0,0.5474385880945547,0.6133586670020774,0.6556919089446476,0.6793306068255799,0.655537625969046,0.647963455313126,0.6129931531493494,0.4583326054679172,0.6325358218202639,0.6540737808125394,0.6157322292616535,0.7296800344973101,0.600743614278124,0.6928250655673606,0.7140605498233876,0.7471932927652892,0.6697575613344136,0.6326064409037795,0.7433874787213915,0.7243832722902079,0.6020561155507235,0.7356791351693014,0.6344569420578522,0.6484792010120493,0.6179926169562433,0.7035249652551299,0.6834251726714594,0.6344798376856499,0.7999091664474629,0.6853136492015394,0.7044419145697826,0.7208739889965725,0.5539012784959795,0.7249967161630785,0.7960722915449713,0.653246719860067,0.6702084749389813,0.6623579419867024,0.8174324481208545,0.6709213487434175,0.6667986906257538,0.6847264675951862,0.7790000376628962,0.7447734031942087,0.7217213706811663,0.6792338826909885,0.7066054315176755,0.6132989746010431,0.6203335436674967,0.7087569023841009,0.7355213258310914,0.7526078070794829,0.7300937896612668,0.732993172157525,0.7106879982340913,0.648113140783535,0.8056485416948226,0.6981167155890287,0.4949281336570866,0.6788034835487153,0.7742163677765859,0.6562555315100217,0.7170157128554491,0.7205267776240362,0.7287493315433199,0.6695045240501036,0.76405950655626,0.647306981409732
SRR9000052,0.6296888990795059,0.724260881033359,0.7274967591186501,0.7042304063172583,0.7419838584398215,0.7458873777737155,0.5885851881167414,0.7380412121995961,0.6946408476268836,0.6554249122207073,0.6997965299790756,0.514658941446568,0.6656971868944859,0.5199667497040629,0.674616061025175,0.6025209443575417,0.5702932677073461,0.6851398338412695,0.7526003974902838,0.6639245464279815,0.6426961698689144,0.6892572893560591,0.7323299103253166,0.7448089069415388,0.7691265777988965,0.6414595984531621,0.6501585890078646,0.6389537382016676,0.6529314980865496,0.5893215981308044,0.6826260461350888,0.6330979513101399,0.6739547651913756,0.6107554041214096,0.6588800323732433,0.7526223523704764,0.6285206813643189,0.7226073678312998,0.6806613326687855,0.696471582349731,0.5695363777475418,0.6519729080348595,0.6423079362779858,0.7460304036586685,0.6247502434028345,0.6934765757732201,0.6884210265309721,0.6588214521371933,0.7224469344810777,0.7910212659969008,0.6361387866169337,0.5474385880945547,0.0,0.620500315550844,0.7165186417591572,0.7873643216541187,0.7289985405259914,0.727410168358607,0.5316556835060248,0.6163305884966976,0.680993628251647,0.6912679223970277,0.5691500476743736,0.7242830831082817,0.5875060399464144,0.7348171537853735,0.7422328704051727,0.688363650869758,0.6321248545901992,0.6888963550401713,0.5782518156565375,0.6435409734210623,0.6597896924713973,0.6807664133651797,0.6097723143156553,0.523756213064239,0.6700788816186511,0.6419946577649763,0.6772481923101394,0.6634861043629601,0.6221599421789651,0.6543712763694776,0.7078075821350408,0.6486160274777265,0.6184639736695228,0.7461974587115963,0.6709373612784819,0.56689205470496,0.7950769297426782,0.6969421752272879,0.7531285798898468,0.7823446470959783,0.7209588910062791,0.6553062362434723,0.5985102021977965,0.8201354103639914,0.626441778110878,0.7276640796520685,0.71265681272916,0.588722100345739,0.5809244664800529,0.7184294428804444,0.7073759658087537,0.6609814196112627,0.679290003740545,0.5861942550488792,0.6589531596893202,0.7269117692553997,0.6953409789772111,0.677872539395708,0.5985321456436806,0.6036773526522797,0.6716471766191653,0.6466110991882851,0.6812037513057381,0.6607693731716241,0.7244550359723014,0.6677440236814258,0.7505937811197851,0.7316001086530927
SRR9000053,0.7674726850490985,0.6954749822601837,0.7090707434593692,0.6858749281689801,0.7403474196862083,0.6948303803487725,0.753374216546999,0.6520332349430108,0.4871749087264179,0.6877617639098884,0.6044503371137999,0.5805760274255745,0.7579797156989986,0.6235190944216372,0.6532901459537466,0.7546081474676566,0.5980522109533419,0.6174769841965932,0.6308246650083289,0.662829961710198,0.7216955787724945,0.7330173179226387,0.5094752491986769,0.6331724412066186,0.7401864263740645,0.7407212178952084,0.6812722688040411,0.5350237488680994,0.7096279224486938,0.7183309410991335,0.6114090515504739,0.7980186304765676,0.5812003775078237,0.726626014092222,0.6981254839243041,0.5659998585079242,0.6315174705655205,0.640071273332321,0.5175777511249642,0.6618739947071937,0.5947489615921462,0.7167448102385956,0.629171376007765,0.6500149727993735,0.6841377164345043,0.5734590300779767,0.6266204426576076,0.7071950070244601,0.7681447657194175,0.5517762005400505,0.6503375168343165,0.6133586670020774,0.620500315550844,0.0,0.6547550720508889,0.6041512679570396,0.6168793189258032,0.7679985115773559,0.6669786706102455,0.5094081059115586,0.7504898700766048,0.7439293337135795,0.6282372113444811,0.777131259958389,0.7273400062818208,0.7160491730808775,0.5939335743745726,0.7015535841772168,0.7797551195887873,0.7486620880040705,0.7470978949561464,0.6969339911457112,0.7612869263263412,0.7337977392384545,0.8254919326803197,0.7701592847361185,0.696370466105437,0.7993619268163824,0.6360531842900179,0.7014090574431291,0.7310971229430868,0.7618366496030405,0.7377298987760047,0.7398143860653934,0.741699950103993,0.7264731593784115,0.68753147761676,0.7485833058781644,0.7372998724539606,0.7970385393115956,0.6510095973625456,0.67191573688498,0.7268014945179204,0.7147152752695743,0.7171946850469616,0.7627109719679995,0.7814324193534478,0.7317478233969481,0.7245597741088916,0.6610500484727893,0.7774584183448503,0.8172106969503771,0.7774152423754473,0.6561867386254098,0.7030336008661409,0.7643046569809914,0.7194500814802268,0.6828750940097215,0.7161850970346255,0.7677415581834195,0.5999737267756023,0.6594115380944995,0.634855665602107,0.5110796632012687,0.6562161550306094,0.7182939530058229,0.7554434065287452,0.6790697007495983,0.6372684174160248,0.7818375223817972
SRR9000054,0.6749184313057272,0.6530452495898363,0.6723770836157295,0.7153947458287796,0.7295987946190746,0.6653879181561188,0.7093849774743559,0.7498318719186521,0.647042715224402,0.668746882289496,0.6542185412366252,0.5168749533804924,0.6380328370817226,0.7484087518060071,0.6790581602523998,0.7756588916831537,0.6974568561261255,0.6591338316182078,0.801924964027609,0.6502824960655571,0.6419033604368218,0.6615571147431839,0.6940600098065965,0.7434455194642671,0.7266329158296637,0.6237809086213264,0.6276950363817461,0.6790080152744973,0.5792965382870011,0.6611006133940031,0.6441790467154652,0.7432996183067444,0.6678887912238867,0.6330273950502209,0.4929976811184423,0.7325673044139407,0.6095098905891257,0.701018384255405,0.7144129926991339,0.7147007125297407,0.648754559080477,0.6147309142334634,0.6911561919376776,0.7327377544136681,0.7336959559259588,0.605594145968157,0.7170378866154099,0.678939435854502,0.7030266519759842,0.7709939571153894,0.6393052003685809,0.6556919089446476,0.7165186417591572,0.6547550720508889,0.0,0.7146263819038343,0.5075135132331184,0.7279024078437408,0.696739035146469,0.5779020145177037,0.7721175734245126,0.71315246083188,0.713150403031405,0.6935061747859715,0.663804436309002,0.6714439267648423,0.6975193177284069,0.642807068968088,0.6815695275179612,0.7407885721436621,0.6888247357548652,0.7157410590449594,0.7086282891286488,0.6598726177796769,0.7133669145081571,0.7321996389863717,0.5693754126656472,0.8147038582629182,0.7225700064554968,0.7332079233823035,0.6719004421913543,0.5653613820459051,0.7873052682309433,0.7055689548770557,0.70488616736063,0.692517847277271,0.725355096339709,0.7500685360382339,0.632263189255799,0.7368386631045789,0.775856968558198,0.6792683867467725,0.7653688648566828,0.7773704375342184,0.7314573997020303,0.8027847242210727,0.6536134948511876,0.7581909861797251,0.7712332035725785,0.7320693257636642,0.6826463203593339,0.7740600528223259,0.6851796020557865,0.7325131691484229,0.6826891890597501,0.7173974606253414,0.6724201490685832,0.6682994260546373,0.7213825419803328,0.6867003626860055,0.5550357956445098,0.6813153772427407,0.7263168111984964,0.7130793423869737,0.7418534313698825,0.7396638048608636,0.5729794892702373,0.6765720385114576,0.6561940816251234,0.7785154909534249
SRR9000055,0.7557690065362435,0.6631556515278747,0.6126855694193767,0.7220248243153531,0.7364580544630034,0.6764996882680757,0.7819068142467567,0.6379325980329431,0.6025143892790453,0.716092140678644,0.6436587879276583,0.7483623672759427,0.7780744694447296,0.7571651656245267,0.6993237294385356,0.7186487941618986,0.7473796335188334,0.7731653560330338,0.5788284821368535,0.7202639147594039,0.7671283887934179,0.6648216501831501,0.5604082026881644,0.6985276291524726,0.7379790037954754,0.7098301590844406,0.7032719357366386,0.7309400032873458,0.8150341341596338,0.5816785359240718,0.6292049024245447,0.7623927993928972,0.646141783401743,0.7805979756318612,0.671427837972647,0.6475921411562974,0.6562685325627834,0.7648399472159354,0.5491987225008821,0.7494335618720703,0.7792579427982528,0.7067134113657488,0.6919971105354065,0.6447331118717597,0.6763544429859281,0.6205232390368753,0.6199683017568871,0.7906159651646495,0.7743819587633283,0.5544994415285153,0.6882032235003152,0.6793306068255799,0.7873643216541187,0.6041512679570396,0.7146263819038343,0.0,0.7097804256898373,0.7808481678691079,0.7739462563757726,0.6168781256068189,0.7106412360307514,0.6497066626085284,0.6555797385915328,0.7260226895806675,0.6725734481340353,0.747769655388234,0.7271879132328621,0.7291156380277105,0.7115818268774051,0.7947047973479321,0.8118012960800576,0.6567227999535636,0.7270695537250133,0.7531769113346556,0.7918280693569387,0.7987694526989803,0.7389595177168727,0.7793537838618462,0.7067411598592731,0.6810483946408157,0.8022955810472558,0.6939946027984046,0.6796691077715806,0.703637611757355,0.6812305604783019,0.7153225912875147,0.7419063364877062,0.8095671821627207,0.6339112362491124,0.7695438146069506,0.7555677765339144,0.6767062564794748,0.7212829356027577,0.7080018318843206,0.818682451544803,0.739026225021506,0.8009485664670785,0.7088550283342787,0.7775085274855932,0.6900879233593256,0.7524539262005779,0.8352508557621141,0.7553747732459642,0.7759008279050957,0.6614933238765809,0.7706000422520289,0.7483233411505688,0.6340040314150607,0.725041753729718,0.5878075403722776,0.6535601144564155,0.7479138556067395,0.6943114665679473,0.6061918189328721,0.7762528214898419,0.6322410919985029,0.7529562287591031,0.6316904185712234,0.7582204796606148,0.6807138403599855
SRR9000056,0.7647937526058105,0.6578788446393987,0.5681631979515016,0.7235126148039999,0.717540399291084,0.7153652092160159,0.7603019772128701,0.6065342575843438,0.5703970478616767,0.5126107516000835,0.5688542574954205,0.6774488904802023,0.6393078665245349,0.633446066128104,0.7066676690213018,0.6391982560185521,0.6964331329748716,0.6463082983645796,0.6810760971446134,0.6522723360041222,0.6302991849957104,0.71033096247765,0.6345304258076905,0.7188937094961919,0.6707441508910461,0.6651933750577393,0.5817067819622135,0.6198029062236686,0.652102961837938,0.7090137667209611,0.5893989417648272,0.7811896519697407,0.6834592827747851,0.6672053181673213,0.5023984668733729,0.7217163613019832,0.7341329486523044,0.6463234943808439,0.6658297367978541,0.7068880609757352,0.6233564674734587,0.6048316006372908,0.6382889064767706,0.5889958958656856,0.697911040240256,0.6477254245670941,0.6132023614449702,0.7150891202212399,0.6799886426789817,0.6443513868838325,0.6606285505223825,0.655537625969046,0.7289985405259914,0.6168793189258032,0.5075135132331184,0.7097804256898373,0.0,0.7004872581513696,0.6813784875968384,0.6991391679208656,0.6768223619776876,0.7392964486692458,0.7761311402094918,0.7173770255182255,0.7084504439860275,0.6296070991916753,0.6420119883031413,0.6894310485906515,0.6418871899290239,0.7658604228914744,0.7554351621295845,0.7249233446039576,0.7157924503475283,0.7042761399192312,0.7773006779219449,0.6632538835479435,0.6244562273856726,0.7378619667648982,0.7022657843923116,0.6947575656535407,0.6407761948606777,0.8032344665303052,0.7802911249179586,0.7244615896261032,0.7969726285991207,0.7087002555338363,0.6643253051177532,0.5986546976092689,0.621098952448942,0.8220569596708555,0.7951364411548556,0.7054189503689855,0.7105976903041947,0.7524340475366312,0.6675009235647291,0.7931208739166122,0.7501648616988721,0.695110905380349,0.5787008571603038,0.70326409081838,0.7396935884024456,0.7647160986365391,0.7455244962361207,0.6968612407629404,0.6878626903734023,0.6925964556909786,0.7078739123182924,0.6965601619929422,0.8228575936020417,0.7107907083714556,0.6313870071962165,0.6388428270557698,0.78462416603579,0.7121998918734442,0.6941124020939398,0.6870882452419678,0.6358711707908917,0.7161929350140435,0.7305301794116096,0.7305930405927511
SRR9000057,0.6995735135953935,0.6371183443734738,0.6255412207675948,0.5763824566700609,0.6295407717106695,0.7893572704021012,0.65010231951074,0.7470145924447267,0.6249604840855216,0.5377255897504357,0.6306173931951964,0.6730488393632894,0.72286724031984,0.7030881572122427,0.548936817448176,0.7582080845620909,0.7075177150506824,0.7156312820466143,0.6593566173893887,0.5461696685149896,0.6629192979108265,0.7344405621463698,0.6950050175131954,0.7016492815205932,0.7249695323007669,0.712693272989478,0.7178203313880761,0.771223332772321,0.7576702001360819,0.6057117632048279,0.6797436665091044,0.7502817238065925,0.6973890053732316,0.6593540269178526,0.6775657611525485,0.7932350589896145,0.7410034778401383,0.7299959890774635,0.5663848371613461,0.638344007526585,0.7175383299920073,0.738133524691276,0.6486342269877942,0.7806895241538028,0.6423224019795248,0.7500339541694843,0.7002376738364631,0.7316933542412805,0.7468139393896761,0.7105682001881769,0.6031214215157629,0.647963455313126,0.727410168358607,0.7679985115773559,0.7279024078437408,0.7808481678691079,0.7004872581513696,0.0,0.6372820772733943,0.7346253677816742,0.7204823763100946,0.769830838903866,0.7907688517283268,0.7095459299449857,0.6896364716230695,0.6999815982932576,0.7102857330214893,0.7459573743215716,0.7600648395009452,0.7192969458230095,0.7801892267848951,0.7691251858757365,0.6197879990475516,0.6998426106744263,0.7964675603608022,0.7869697369860884,0.6344732710657768,0.7522253051885404,0.6915019286016494,0.6217760945861105,0.6365791794144643,0.6842122874848153,0.8451722018421292,0.7024693304762984,0.7559691000201378,0.7102403392364957,0.6956165117831736,0.7337046431328601,0.6135449429524832,0.7773561170997629,0.7349653563851328,0.6898764388383221,0.6784466228091309,0.6244397350536118,0.6992739714283484,0.6325145039953356,0.7139944381122378,0.756753746694404,0.6978403527678992,0.7148557746559451,0.70180974014103,0.7394210552796372,0.7776828855600935,0.7075573731915201,0.726631334634044,0.7479211215587601,0.7633016287927181,0.7564731438804794,0.8113399547159132,0.5835429247110889,0.7537442568875014,0.6424003597409863,0.7982069438936692,0.6835560108666408,0.7058232565291183,0.7503461611359606,0.7388249273591327,0.7141907398289249,0.8337529085182233,0.6533927456012715
SRR9000058,0.5663264262862338,0.738810744581327,0.753558157388706,0.6716058839309942,0.7973760278887085,0.7164269036347584,0.6765429172374974,0.7781472198243915,0.5557539237548955,0.5236418981408122,0.6915150077585148,0.708221148267241,0.5933702629128881,0.5344488353393981,0.7038890606737354,0.7047313567819308,0.6051142350423006,0.6830653229577166,0.7307649178500886,0.5578282474577311,0.500394377971856,0.712040808164452,0.6854408000228739,0.7147652215766371,0.6123977903564936,0.6532784172234148,0.6439482556559217,0.6357187787601707,0.7195973468865953,0.648407103692759,0.7808534739453938,0.6536669786222925,0.7727936746108615,0.534595099493471,0.7474751968961305,0.6580062954676871,0.7382115458013371,0.4855990692959064,0.6480572643117092,0.7173679480514629,0.5511336066232032,0.7457607394274508,0.6163024651766366,0.7507077835498962,0.5756785536974289,0.7712465122039958,0.7263196551942739,0.7104968668720865,0.5870658142753478,0.7936206534267907,0.6827397384883158,0.6129931531493494,0.5316556835060248,0.6669786706102455,0.696739035146469,0.7739462563757726,0.6813784875968384,0.6372820772733943,0.0,0.6597123803073759,0.7470568997975423,0.682571130926632,0.7146876995786147,0.6877386497157189,0.6729472364239119,0.6090430005434302,0.7158794374408372,0.7549352506775445,0.7122318834419461,0.7327853688671672,0.7085575778770338,0.6857050291311834,0.6119933206498732,0.7449597923941629,0.7652718697319065,0.6918688806642075,0.655545174032761,0.7433407606612445,0.7645712337799659,0.6804377041081944,0.7335195729552364,0.6046158357867417,0.7929587878281279,0.7099420112542789,0.7323124502000169,0.7695126434575965,0.7413732609939119,0.7331947468779675,0.6619274816943567,0.6438795551161788,0.8076677339850276,0.7431495883975376,0.7214057273885238,0.7119812267338768,0.7588516442441499,0.7844514650182178,0.7657580795706082,0.692976553483615,0.6206698534493489,0.7043066973631844,0.7046104333185327,0.6908579763247273,0.7590432127230083,0.6264249978702381,0.6841080591135568,0.7410491115714221,0.7365074328504649,0.687470393456319,0.8164933663964782,0.7004076245071453,0.6234422405934053,0.6509908660782098,0.729774624769893,0.6591054771976249,0.7490331463646347,0.716477508938183,0.6933677445630773,0.6947385177266028,0.6844343527929819,0.7818184084363453
SRR9000059,0.7563388383256551,0.7566865658052075,0.656721523543932,0.7202922800500517,0.7100037708918028,0.8239320762641326,0.7354314506503644,0.6814123723009745,0.5038586235370118,0.6831366127746034,0.536682185512305,0.570047793207007,0.6826597641570087,0.6822705933111226,0.6644941863492019,0.8071574607836689,0.7082345852821398,0.6533421540554204,0.6146135449839161,0.5467734515624587,0.7238099353843218,0.572664580661113,0.5395901180858091,0.786551422502276,0.7727935888622466,0.6813879221122182,0.6792537345995343,0.6382655847134316,0.7004654626344032,0.7340631277291694,0.6465278393259319,0.8374708346019389,0.6178204219087089,0.5716497597097644,0.6524438651681483,0.5484042472199832,0.5682571268480573,0.7418619042901382,0.6801358799399916,0.7758586759082011,0.6234256879776938,0.620611732255532,0.6057292836095075,0.7380021433011638,0.7433032114400054,0.6231175489897756,0.723761155478873,0.7027620174602003,0.7845171751312394,0.6203789529963084,0.6435969376499552,0.4583326054679172,0.6163305884966976,0.5094081059115586,0.5779020145177037,0.6168781256068189,0.6991391679208656,0.7346253677816742,0.6597123803073759,0.0,0.8046434728656676,0.7109337795964374,0.7075443770350512,0.7891977027987809,0.7510672972529921,0.7213625072217151,0.7866681203840854,0.7064208237657666,0.7144634130584947,0.7482281341015872,0.7989735908796918,0.7674134207874661,0.7237853428714606,0.6547863875675003,0.7940793632093104,0.769398313306355,0.7075057137220975,0.7288008016345298,0.7127113909716493,0.7385112012261352,0.8178720992319976,0.6333764776656622,0.6920777821186019,0.7313037538097615,0.5830808837963826,0.7447381453425708,0.6828544082700286,0.7678041077933004,0.6601147006665246,0.746073234620456,0.7777619251337029,0.5791587073305653,0.7102115770499691,0.7512456403382437,0.7747507349464259,0.7646803828018703,0.7353304006164664,0.7403123068024613,0.7753298011188693,0.6910002216384264,0.7201155099783925,0.7720779872455314,0.799225365260014,0.7537315443802387,0.7570065711286907,0.6492391047590026,0.6982781031240052,0.7022895806416096,0.7846528167056906,0.7172250456158996,0.617883475362013,0.6892820004981213,0.7202221571452362,0.5903558728286276,0.7509857861770005,0.7146899143833525,0.719392306334007,0.6435550572203275,0.7500434202651133,0.6966402361508723
SRR9000060,0.7309416796731282,0.6357147941495748,0.6764592539915857,0.6657760139725794,0.6633560046905894,0.7341027583204093,0.7749636474681741,0.7208457831932858,0.7089552612712249,0.6631031148046824,0.6524681220052422,0.7080944856355235,0.8050438661362825,0.7356099407971295,0.7961971228055316,0.7484609930076584,0.7204333282660874,0.6979512852213018,0.7817272322345704,0.7088754306268713,0.748655123380711,0.7627194699675189,0.7032259292489405,0.5402958739376633,0.7812221555920206,0.7366297009759413,0.6640926795880072,0.8102942478914562,0.7549622498288273,0.6361761994125944,0.6108726745993117,0.7743294725474158,0.7391666537351257,0.7244140493158957,0.7111853026590195,0.7847781401662525,0.6405120895379309,0.723975253873081,0.7099278324536545,0.7516699694559795,0.7412122458409867,0.7014757595777668,0.6640364751233779,0.8159563287341686,0.5806106974984897,0.7217013366619455,0.6527679113883386,0.8212302215609526,0.6974675763250825,0.6495780876207264,0.7573185577173214,0.6325358218202639,0.680993628251647,0.7504898700766048,0.7721175734245126,0.7106412360307514,0.6768223619776876,0.7204823763100946,0.7470568997975423,0.8046434728656676,0.0,0.7125666743187606,0.693014877837944,0.7017182343234005,0.6118972392047783,0.771973942680725,0.7544103900527876,0.6901746547700631,0.7048935069243812,0.4994624467614029,0.6454556908813166,0.6598676973165177,0.7026458287402386,0.6839648237884113,0.675894094077907,0.6126016314863313,0.5355209333484604,0.707905738941137,0.78384508287668,0.7406783460351533,0.7446980024774288,0.7841570832140511,0.6994949967658457,0.6755404089487271,0.6241906900157916,0.5658945191293278,0.7116689461324246,0.5602942561744014,0.7151654684016829,0.731822573311038,0.7227029218070892,0.7685899937713857,0.6430971601111622,0.6022807402287081,0.624377736044716,0.750579017020447,0.7438727612227297,0.6735261217220772,0.7434785571617698,0.6659395571609686,0.6058045494572588,0.7464222508389492,0.7082651694666178,0.7680575525797833,0.6836130098600922,0.6533709318532479,0.6600240940850666,0.6225801318360634,0.7530937142614526,0.6970077310474337,0.6856835289860801,0.669547606119957,0.7099116489516293,0.6831437225824858,0.6544622650686991,0.7049703316475074,0.6272104770074459,0.7300437341375355,0.7152390549862152,0.7759812926418898
SRR9000061,0.7263858954192296,0.6815510180649912,0.613313700010429,0.7595403678313581,0.5890318474021852,0.6336366775046314,0.7263441103983884,0.7463768167834957,0.7699596367124286,0.7064685453321219,0.5961791204665854,0.6865071980163497,0.7060039512726761,0.6939017925441345,0.7086517644926278,0.7511238666453519,0.7024820418941828,0.5803304721411501,0.5710091133617219,0.6862265368565684,0.6436423099038789,0.5006447935062893,0.6792690985121074,0.7127326162975306,0.6794587571358135,0.5459100819426239,0.7172773087358097,0.7535692457071663,0.6047787718653982,0.6128608317629671,0.5945509349035805,0.7237114114759319,0.6590190636624267,0.6425389828467402,0.7348868893758846,0.7286010208861785,0.6717851813166477,0.5673577887662566,0.682162051123312,0.7162746810575558,0.7344399829821313,0.5617419947046943,0.6735405402678253,0.6008435156317814,0.6222818258353734,0.5963722944469221,0.713468518834666,0.7038178620507811,0.6642110296358806,0.7386253800677988,0.6660953908329497,0.6540737808125394,0.6912679223970277,0.7439293337135795,0.71315246083188,0.6497066626085284,0.7392964486692458,0.769830838903866,0.682571130926632,0.7109337795964374,0.7125666743187606,0.0,0.6325571080477103,0.647912327738736,0.5257409131305629,0.5890370471593703,0.7186021015926862,0.6261811623988023,0.5345234727019395,0.8023027166480342,0.5628528675938962,0.5500039651252103,0.6737831194463004,0.7420129588791289,0.623777791507398,0.6113975190624487,0.6501412837222648,0.680269514570802,0.6189362764081127,0.5817418556378042,0.6628055611890085,0.5982731036539645,0.719447318490216,0.6899986522166548,0.6868309790246763,0.6757712540331101,0.7902791685652927,0.7480906482788697,0.6654701617141644,0.6726833037569382,0.6387073167203551,0.7312910010515262,0.6927770153716863,0.5679206090296728,0.5940918010378878,0.6392433946295548,0.706885829088085,0.6539295721809365,0.6590385470742911,0.530544939991206,0.6503827732929974,0.6176764827047547,0.553241265982492,0.6083930795302589,0.6060452728692874,0.6878984088863844,0.580018138785678,0.63418042474088,0.6176377719662907,0.7270498196335372,0.5478340547927645,0.6163823224137448,0.6790246675341585,0.6738289434509807,0.7628228071526232,0.6490862211924051,0.6945618933863802,0.7086917777894924,0.6794886177209449,0.602507476354575
SRR9000062,0.6874215385062546,0.724772832489304,0.711454834098334,0.7512592510541081,0.6957544423832757,0.6546595089920296,0.6583866770949529,0.7410633663894616,0.7770898798021356,0.7980455095746668,0.7930068351291985,0.6791402462093158,0.7282835644817418,0.6508242634847706,0.7246034052913684,0.7256758980900055,0.5510219294937745,0.7340298828521098,0.722964512654655,0.7154036923582591,0.7633661441033914,0.7559495930293132,0.7342539690614243,0.775491301340623,0.6753015862689509,0.7526616878794791,0.6850492925701105,0.6909359204293369,0.7322292023736242,0.613410395072624,0.6890031306174406,0.8212995529975765,0.6414509835544863,0.7602921709327136,0.7433692676547072,0.7607335715073943,0.6026640571902553,0.7426082426432395,0.5819736903625288,0.7847720434006212,0.7374271577845996,0.6502853042645653,0.78621956796544,0.6951945637918869,0.7501480584318224,0.5999705954811088,0.6438179937316121,0.7472174018445161,0.786735195193481,0.7660846181232308,0.7223918392338389,0.6157322292616535,0.5691500476743736,0.6282372113444811,0.713150403031405,0.6555797385915328,0.7761311402094918,0.7907688517283268,0.7146876995786147,0.7075443770350512,0.693014877837944,0.6325571080477103,0.0,0.7443386121787869,0.6740751254981291,0.7106210910708197,0.7431896192795384,0.6103442702307396,0.6358398342749599,0.7237981788066398,0.6957074801718051,0.6403534485293371,0.7305589225436612,0.726836353287935,0.6471940067892438,0.6960320945931945,0.7216764631772595,0.6488520877906206,0.7099487576781971,0.6432471999598879,0.7377445575922953,0.7311926515268061,0.7082794432684463,0.6223361154678778,0.6941802654598529,0.708655333959017,0.8318498908303902,0.7250120422113997,0.7281455454971556,0.663192072542548,0.6745131545668287,0.7753721327632123,0.694961082711121,0.7177152446243353,0.735366305682472,0.7571422013023797,0.7492531412822161,0.7104684466446504,0.6953449548454418,0.636045328266205,0.6415392150429156,0.7361773662400558,0.6472202062064234,0.8003156898956367,0.6964177585839023,0.7492386766401076,0.7128569889048862,0.6690427575022421,0.6423555671738882,0.7289317309586081,0.4560057340894368,0.647142995548381,0.5909652583575785,0.6739190606942165,0.61621044633839,0.7490859159678963,0.7961092516449991,0.7497449723619848,0.754395747889357,0.7934073550676171
SRR9000063,0.7045442975929971,0.6137270767578152,0.6462672757992329,0.7495466605254926,0.7165552377366928,0.7002077533732156,0.7670964973755062,0.6641172351102194,0.727843091330881,0.7395228112050738,0.6431822678874355,0.7291840835671902,0.7871581771302651,0.7111792912475224,0.6672796374827555,0.8029592766152063,0.6381263326551483,0.5569385949816456,0.7325002806143054,0.6327454564426483,0.6411110170472999,0.6570902624290088,0.7243804428922896,0.792511197475112,0.7986051157050976,0.6427373131723261,0.6756117389330795,0.7254038144356575,0.6550936972389324,0.596355884209761,0.7175382110349219,0.7671261209636696,0.7450450148719941,0.6650672191842429,0.7047913901523751,0.6751852852711328,0.7431262331888535,0.7454533056419183,0.6887595255007758,0.7720376548180221,0.6832883205265134,0.6881480662282414,0.7566614113097668,0.7955729762969984,0.6371278809860843,0.6832969818013147,0.7019852035155741,0.7076630561638094,0.6895437425317107,0.7870740828756674,0.6984766471896431,0.7296800344973101,0.7242830831082817,0.777131259958389,0.6935061747859715,0.7260226895806675,0.7173770255182255,0.7095459299449857,0.6877386497157189,0.7891977027987809,0.7017182343234005,0.647912327738736,0.7443386121787869,0.0,0.513729187952307,0.6752531688709839,0.5894398712746842,0.6649052538811688,0.5933851579390584,0.6988517155779681,0.5754757867925373,0.69961095623503,0.6212709764652531,0.5823161010785379,0.6040185267169809,0.6028037517717378,0.6211536968132411,0.6045123509847271,0.5646101911787443,0.6271842134902131,0.6881275640000333,0.6822523109323927,0.7859648336999183,0.6732728300287565,0.6735611192839812,0.6169677718913713,0.7120000478431242,0.6822025808007781,0.6144212631580162,0.6802498616574497,0.6447156763680313,0.6835655314514403,0.6537346852466142,0.6366465081050781,0.6223109956686252,0.7934203800515397,0.6383778539940539,0.6224204348637833,0.7182337336581721,0.6887247627489463,0.6614458685363706,0.6733688654219596,0.6482352305488679,0.6824106322120688,0.5899911549094584,0.6454989366411169,0.6858557140032268,0.5903633435912475,0.7423215646781198,0.65776961421542,0.6489184694601884,0.534987670579534,0.685539305588592,0.6540014415336278,0.6965396591614653,0.6695733554064434,0.7259694375603547,0.6705073981147819,0.6358449204938432,0.5794475207230136
SRR9000064,0.7258500472858537,0.6858300726198654,0.687975367009908,0.7149435607083368,0.6763823713732411,0.7160612643191792,0.7322126271544204,0.7790071324231621,0.7345525966415507,0.6305915419967985,0.6259661541465106,0.7227555245586282,0.7376773420162116,0.6362093672825962,0.6197500082746207,0.7264488021446098,0.654990074881474,0.677845172901635,0.6523676947710727,0.6465555791928184,0.6515648118123173,0.6083768172042431,0.6873926070084541,0.6499753882406978,0.7439871175875671,0.5543068177968015,0.6400469135367826,0.748244112188308,0.694584333497703,0.6343573287979941,0.6722805255680767,0.6896388025255925,0.6962502056752952,0.5794068086121221,0.6916663208834288,0.6887840492234532,0.7184593663551736,0.6662788611158459,0.6599628066711809,0.6867134384082434,0.6805369432681946,0.6146904222273041,0.5695827385466856,0.6908858483804178,0.5419646561289927,0.6387624600518802,0.7245187741418915,0.7074852640704383,0.7575332012303785,0.7587675287657161,0.6636786433838616,0.600743614278124,0.5875060399464144,0.7273400062818208,0.663804436309002,0.6725734481340353,0.7084504439860275,0.6896364716230695,0.6729472364239119,0.7510672972529921,0.6118972392047783,0.5257409131305629,0.6740751254981291,0.513729187952307,0.0,0.6433265253422386,0.6203603264771376,0.6248550113201661,0.6178749258149663,0.6247593112030922,0.5761460157412501,0.6260257253560385,0.6425096650285287,0.6739763332017061,0.6134283498499354,0.5616800358962383,0.5947072316080154,0.6956103983007192,0.636047187671413,0.5943097006543827,0.681201497398987,0.6546619230180719,0.6886761516235377,0.6967690361119472,0.5591809666773347,0.47664487063426814,0.6649934142652374,0.631507730097726,0.662848831892965,0.6369388607101295,0.5967125738433956,0.6465978175876326,0.6705705909643154,0.49674656343900375,0.5692642162732665,0.6764563102036418,0.6546699358760162,0.5520645475515504,0.7112610838700927,0.4995270758479669,0.5949249759068613,0.6020020920056801,0.592518251680128,0.6987462269161029,0.6043555365345508,0.6425579062432489,0.6171653476906698,0.6505447457027116,0.6058204069402043,0.6047210006106856,0.603777863612835,0.6181621383481608,0.7314804037252276,0.6430654828821278,0.6867935356967929,0.6063778210490511,0.5715902168952974,0.6370433269083368,0.6233307185528101,0.6168213425953993
SRR9000065,0.6712701663471446,0.7454027922584894,0.5814443615433056,0.7683533477903298,0.6873435517403262,0.6326113727445892,0.8189108044146076,0.7361443956684054,0.5801493197009889,0.6057998292972144,0.7306559870186203,0.7048621514585073,0.5747484945807081,0.5410682603151572,0.7153701065646492,0.7084722129528588,0.6752801404883381,0.5905857183411577,0.6631179880338953,0.6507716748681134,0.5854071993660773,0.6024987093572433,0.6498381335022287,0.7691819131774486,0.5359339456834711,0.5222380924151293,0.673140494269624,0.759345535446564,0.7610941338468847,0.6394246896215579,0.7820118512610632,0.7100721611038887,0.5836516823563892,0.6288472624982683,0.5523039745662013,0.6579889761281792,0.6204741789799703,0.5708701837402862,0.6641473732846042,0.7241450970679606,0.6753852857756458,0.6573330709644603,0.7252539446251864,0.7250457086874182,0.6975974093138457,0.6915904349846145,0.6052828121009176,0.5972386869378965,0.644164222485222,0.7004678685966512,0.5509370163097551,0.6928250655673606,0.7348171537853735,0.7160491730808775,0.6714439267648423,0.747769655388234,0.6296070991916753,0.6999815982932576,0.6090430005434302,0.7213625072217151,0.771973942680725,0.5890370471593703,0.7106210910708197,0.6752531688709839,0.6433265253422386,0.0,0.5704931105156228,0.6596755710065163,0.645609261289911,0.762831185850322,0.6991044881925177,0.5503608796870854,0.5329592086369653,0.6963082034587249,0.6763001354594542,0.6332583105848736,0.6141539445578199,0.70078559046735,0.6718857286999459,0.5227552663395881,0.719748606565998,0.645339045250261,0.7665754051228711,0.7155724220721427,0.7412917051219209,0.6924530204022684,0.734731365429172,0.5797651420355681,0.59482785807678,0.6922230010387195,0.7436069920304302,0.6856341212718073,0.7083469101493074,0.7178871408987653,0.6406184589555158,0.7279972560410264,0.643740268283933,0.6591942551663686,0.5587292034071907,0.601065467355815,0.6929370076702949,0.635729627042968,0.6550030734733783,0.5490567803991104,0.5960162685959289,0.5827687325256827,0.6865301963091891,0.6581675948224425,0.6631122001642812,0.6542661357762253,0.5817845222965053,0.6691216219637351,0.6733966819203714,0.7042842916876036,0.6403050876173534,0.6278828104561296,0.661140786820159,0.5999291833558947,0.680769533343611,0.6816947537097653
SRR9000066,0.676339267776947,0.6442383448777516,0.6101833626283786,0.7093917920169145,0.7211732605487697,0.5685336129112815,0.786236877867867,0.7332168446191792,0.6444917090738858,0.6310067885752256,0.6433635067113299,0.7413580399268174,0.7320038326178776,0.6588429862986942,0.71313015952398,0.7222386401186708,0.6308890197599295,0.6544871485285211,0.7398893516086621,0.675285304458382,0.7553021356083482,0.6757147563355215,0.6418442801057576,0.7533109272629079,0.721974947181602,0.6651507319200667,0.6565914846569569,0.6818165267833097,0.6554052343961959,0.6966429370068533,0.7013712532740314,0.797327304024826,0.6471402855313684,0.7112894246621136,0.7091219557166493,0.6866878245012629,0.7498269236542414,0.650817873774109,0.6899579060946289,0.6338429050444712,0.7815065770293904,0.7203435085477653,0.7573696013497287,0.7316964329410192,0.7360702615871537,0.7111025720557266,0.6743964293461332,0.7160297063861109,0.7810466193791042,0.7192847237775538,0.6743576073941435,0.7140605498233876,0.7422328704051727,0.5939335743745726,0.6975193177284069,0.7271879132328621,0.6420119883031413,0.7102857330214893,0.7158794374408372,0.7866681203840854,0.7544103900527876,0.7186021015926862,0.7431896192795384,0.5894398712746842,0.6203603264771376,0.5704931105156228,0.0,0.7626898862923055,0.6026667630451876,0.6913193515877908,0.6975130102752033,0.6303184674396735,0.6255839140503462,0.5990861520248818,0.6830185324259126,0.7498002230279329,0.6803967435521417,0.6780176081959111,0.5751619933241284,0.6316444460963068,0.6458987814860251,0.7213290311923953,0.8091831657254382,0.6957421277903871,0.7685772984950621,0.5996912531663136,0.6201629392852315,0.6767650618888187,0.7022974928089829,0.7028716562085725,0.6309124824679128,0.7953994235498615,0.6973626018726645,0.6982661962632933,0.7032648445536013,0.6974628293188448,0.6512372355826875,0.5774670786527164,0.6342969544794194,0.6212452925864052,0.7434423420705758,0.6990630588591639,0.7212257597693629,0.5426151791245524,0.6093721270307035,0.7060606772780517,0.748260640679686,0.6594884991082219,0.7235011416586749,0.6264815832706566,0.601506030105501,0.7172928562644143,0.7303838792720787,0.7457113317963175,0.7532879110397958,0.742151177704245,0.6883421868375966,0.6527482044757597,0.6404447461976325,0.6408970422681166
SRR9000067,0.688331233454526,0.6638252495764055,0.5351857051429317,0.7657554241417136,0.6850863065269248,0.6602740009542118,0.5819457389372223,0.7447056698470202,0.7171266859069696,0.7448336518038826,0.6860946334458423,0.7143987008382918,0.7427236062036626,0.7207263226779163,0.7349985023823639,0.752447648927429,0.6757528518228718,0.6042267013770511,0.7540277576528898,0.6533773005615139,0.5595988722166184,0.7150603434140894,0.7094224913464668,0.7855455231268188,0.5675968605754815,0.7295966329206156,0.5732173524736199,0.7251068119068026,0.694656984143589,0.649515060633749,0.6020853985652902,0.7222684647771062,0.48560111496966557,0.7453610467480647,0.6768248552538638,0.7579167463408208,0.6516297806775148,0.7327270423264152,0.5789418707802975,0.7308300919467907,0.628893344689949,0.49695448062989245,0.716851475505671,0.7159144015698431,0.6970420141957202,0.7309685611718818,0.6737383146395055,0.5245521909745378,0.6050612755665056,0.6868925982241452,0.6836447843762211,0.7471932927652892,0.688363650869758,0.7015535841772168,0.642807068968088,0.7291156380277105,0.6894310485906515,0.7459573743215716,0.7549352506775445,0.7064208237657666,0.6901746547700631,0.6261811623988023,0.6103442702307396,0.6649052538811688,0.6248550113201661,0.6596755710065163,0.7626898862923055,0.0,0.6313303161928506,0.7075852260726618,0.6111061093216648,0.6129937273344294,0.6993005066132129,0.6906972032498125,0.6744329018596145,0.5981824232531283,0.6662861071051891,0.7481086262355795,0.6200112363682097,0.6279042582557186,0.7088847752292137,0.7061073580137573,0.7065038389806239,0.7044991843022631,0.6945546865033134,0.698042849962681,0.696880004336897,0.6940328448404529,0.6521893269923532,0.7437057947963513,0.7196187585988957,0.7170639010930681,0.677649126938235,0.6921951187528265,0.6887348395109901,0.7355492369343689,0.7108858793290046,0.7518164323777075,0.6950223485780603,0.6883842964243367,0.6658508555314718,0.7545516236177379,0.5992473173074456,0.5661949138277582,0.541638367329015,0.647771097939978,0.6616013724607164,0.7091625518514607,0.7012146297279075,0.6538822411184966,0.6372697214182425,0.6428603913251995,0.6623283278157406,0.6097760396869566,0.677495902493594,0.6849458917715253,0.6591713445895125,0.5813886243911452,0.6289648071729318,0.7878907951849942
SRR9000068,0.6181000690992411,0.6574913039149846,0.6778115912032099,0.744080999014328,0.6207118435991364,0.6321970635804015,0.6690242295019109,0.7544038477721884,0.7473083141682624,0.6923607216223012,0.6665912594066817,0.7395847254167379,0.6671352269619774,0.7730287364904027,0.7626778375528264,0.7404831238238766,0.6437525505469834,0.6397775593336886,0.7196761143697873,0.6747917003806697,0.6074802689546096,0.6462069459810807,0.7293413783156485,0.7870853507140951,0.7183274776033077,0.6440250370477467,0.6649467172494289,0.7383086633593584,0.6754177731339189,0.5889976326194312,0.5957980781865324,0.720106947330959,0.6961725533162231,0.67834871024806,0.734887460577335,0.6425576474452565,0.7517297255231785,0.7024637287189052,0.6861285480984104,0.8121386834397706,0.7536148004827782,0.5633592413932891,0.7683922025831089,0.6835100473843662,0.7746307698211516,0.7264342552396038,0.6868599437807804,0.7193994812888126,0.7890490121063302,0.7932933697301613,0.7052564052465211,0.6697575613344136,0.6321248545901992,0.7797551195887873,0.6815695275179612,0.7115818268774051,0.6418871899290239,0.7600648395009452,0.7122318834419461,0.7144634130584947,0.7048935069243812,0.5345234727019395,0.6358398342749599,0.5933851579390584,0.6178749258149663,0.645609261289911,0.6026667630451876,0.6313303161928506,0.0,0.7500896146703309,0.6178623606804315,0.6317208910812507,0.6664364018034248,0.6362693364182709,0.5576186460222363,0.5297363608281603,0.6274285521992256,0.640344864776599,0.688157364654543,0.6441514411754967,0.6699250650713243,0.6383371741349345,0.6825941454553375,0.592082293436105,0.6634934355149132,0.6736519562176799,0.7045655332784477,0.6739241225481913,0.7207255701238585,0.7338357182088958,0.6632578927051022,0.7512907788425534,0.6328200144646544,0.6160612610642721,0.6318485397414322,0.7765411802255026,0.7729267604231349,0.717902473290883,0.7121869767682695,0.6578946334213392,0.6940502247056338,0.6624834778497058,0.6692859274426542,0.7107897597592432,0.5651109501289905,0.6269692701149928,0.6432401837822092,0.6984365875433861,0.7376099198602527,0.6714225352503091,0.5025446204547598,0.6320473165381794,0.7241730298815988,0.7264125333497424,0.766118117540634,0.6398695389424496,0.7393786008335991,0.658267740022922,0.7087197442957418,0.7469897687469901
SRR9000069,0.7192215020650062,0.6731467301632015,0.6950250480867516,0.7684691648424118,0.6532436339198706,0.6523834117469298,0.8082482880138743,0.7862157106794962,0.7732024482146767,0.6129671742982744,0.6256270258325868,0.7837605522102196,0.794158236446242,0.7080761323124997,0.7335798098510277,0.7283344772332658,0.6597468822816156,0.6921904332276917,0.8221418891696214,0.6627194457727229,0.7763754438767324,0.7359137016707038,0.7607644666687806,0.6653859404059442,0.7992868885781057,0.7648458923213939,0.6334419043142171,0.6804878900447059,0.6465522905725154,0.7202677013457892,0.6103107335009763,0.796508411516844,0.7801987678389425,0.7013546287573946,0.7308222383916628,0.8525845319384354,0.7142584798559035,0.7385304864791596,0.6895711411796114,0.7483124738195661,0.6544861283042579,0.7057640695460873,0.7011314213973773,0.8166041813286871,0.693935237040582,0.7697260897219225,0.6885819029071307,0.837535194717635,0.8298732034410963,0.6691737074104656,0.7853208292226025,0.6326064409037795,0.6888963550401713,0.7486620880040705,0.7407885721436621,0.7947047973479321,0.7658604228914744,0.7192969458230095,0.7327853688671672,0.7482281341015872,0.4994624467614029,0.8023027166480342,0.7237981788066398,0.6988517155779681,0.6247593112030922,0.762831185850322,0.6913193515877908,0.7075852260726618,0.7500896146703309,0.0,0.7015140551393879,0.6889503218590668,0.7026283488012753,0.6233591671665736,0.75886525154311,0.7190445940961804,0.5992531372077508,0.6450900583384105,0.7910992576946476,0.8069750152074916,0.7418903916324041,0.7127425109301243,0.7283458542587078,0.6446172032277019,0.5414436166299632,0.6280640908912173,0.6872996815942551,0.6684426421588917,0.7020747365997999,0.6334834231666362,0.6851354536496526,0.7137159873709804,0.6873782151042563,0.6465361040555978,0.639146351796143,0.7667091421132499,0.721336693032811,0.6418365037951884,0.728055228420268,0.6408013994983347,0.5349348560786071,0.6388381432755819,0.7061059104409216,0.7682300863323193,0.6542689227690474,0.5046580423523617,0.6870760470262689,0.6723034315671206,0.5834811664621704,0.6755021843044272,0.7168310393239985,0.7302268794539211,0.6335729944219483,0.6797275250925716,0.637597579023177,0.6629804150405929,0.6636047356263494,0.635866231063138,0.6685530374480896,0.8076714432794467
SRR9000070,0.5865227761267032,0.7724858212249963,0.7171061779172484,0.7200750668100501,0.7753729271312556,0.7390415274897546,0.6456912207347782,0.7297516448576074,0.7349917169304805,0.697414477173145,0.6789096896094219,0.6973576903457298,0.7321942787527158,0.7762223668214553,0.6876190057979209,0.7630945830609214,0.7381903700924222,0.40743179447182076,0.7698943910367699,0.7484083401115339,0.6445500026202705,0.7074863394033514,0.6704169822772318,0.6782003626020433,0.6991559471985478,0.7016923436089277,0.6756984142870615,0.7571161978836815,0.6165445576888712,0.6007313848115596,0.7071083869275983,0.7056886045752077,0.7497192448170443,0.6408374778077555,0.7864632830232812,0.7357170091864502,0.7199278766501265,0.7472146146875014,0.6816575897132325,0.7577434852659424,0.7004817301009435,0.5738835723049017,0.6364511320000945,0.8408502147823185,0.6435833609439815,0.7057280564508006,0.7450692577612639,0.7662298775473388,0.7059462459722026,0.7845600061022707,0.6918511638547575,0.7433874787213915,0.5782518156565375,0.7470978949561464,0.6888247357548652,0.8118012960800576,0.7554351621295845,0.7801892267848951,0.7085575778770338,0.7989735908796918,0.6454556908813166,0.5628528675938962,0.6957074801718051,0.5754757867925373,0.5761460157412501,0.6991044881925177,0.6975130102752033,0.6111061093216648,0.6178623606804315,0.7015140551393879,0.0,0.6033754254090183,0.571588544941885,0.6276105387783778,0.6151990720615712,0.5573009471405984,0.5322884024901361,0.6035763313644043,0.639174650158482,0.7014921236397348,0.6371138134581857,0.6667384824878143,0.6814450491210975,0.5313259174857544,0.6955800148209903,0.6654673276570486,0.7297170530230548,0.618402467604648,0.6413480354098721,0.623742934938876,0.6722577509519,0.767060751506961,0.6767971583720936,0.6145428804238803,0.44049015464639163,0.7513764040393709,0.647118756672227,0.7392062700082033,0.7398439305091299,0.6214276300914994,0.5804578008747819,0.6446177370591089,0.569377619498257,0.5815819545467287,0.538621848991372,0.6302491259073415,0.6349773042123892,0.6814421859156171,0.5955512441093141,0.7104393528588865,0.7165687358922641,0.4867272222523275,0.5755416169676086,0.690268885865161,0.7679541267801115,0.6889555721650106,0.6891221490773196,0.6845636365766534,0.6359339662804796,0.7163703256711811
SRR9000071,0.6453706046208282,0.6122072061350228,0.5179875544618004,0.5968779315857244,0.6572305856003455,0.5213088127115558,0.7591244644310972,0.6943090013380203,0.7005225799226302,0.6943500271038967,0.6726624223203282,0.7328446635971299,0.6207304539711694,0.7128140785374948,0.7090644112145381,0.6619925435848444,0.6646326032088737,0.5844622991776331,0.7270438583696388,0.6600443278713566,0.6870969951339404,0.7340113264443491,0.6536511993956484,0.6458726268798506,0.6232783803423299,0.6041302591261446,0.6920759160924881,0.6603507775572913,0.6537309974726946,0.6957712993546247,0.5416855934345338,0.6237372165359892,0.619874618057496,0.6956490667107659,0.6956836237760721,0.6294058373976832,0.6076425699387439,0.6833835645716282,0.599141316026814,0.6756079745935413,0.7550635079429678,0.5536509716417549,0.629837393797375,0.6886781490429537,0.5561676508419116,0.7222445089723866,0.723992942614579,0.7120416557101331,0.6435277544082084,0.6415084915807918,0.7065438888992935,0.7243832722902079,0.6435409734210623,0.6969339911457112,0.7157410590449594,0.6567227999535636,0.7249233446039576,0.7691251858757365,0.6857050291311834,0.7674134207874661,0.6598676973165177,0.5500039651252103,0.6403534485293371,0.69961095623503,0.6260257253560385,0.5503608796870854,0.6303184674396735,0.6129937273344294,0.6317208910812507,0.6889503218590668,0.6033754254090183,0.0,0.6655859705721358,0.627322314429078,0.6128459447278839,0.6442415949664966,0.6625398997996613,0.6419105113343118,0.5757143211001154,0.5767566501129774,0.6845243036965748,0.6735730756165906,0.5834040675000415,0.6434819379033863,0.6935962736206902,0.6138409267210564,0.704052895115406,0.6143800948815049,0.7159930004379756,0.6777336139623453,0.634680472319259,0.69260222418646,0.777351140171273,0.5520877954965198,0.557261229365529,0.6924868552875704,0.7150201958119364,0.6848903098877284,0.6688998770654746,0.5781197498514542,0.6153834078451964,0.6270472350508441,0.6342078675816912,0.5798418073734395,0.6875950527775313,0.669567400099467,0.6276661616829852,0.5753678661875189,0.6601481962611863,0.6448092760941506,0.617453863163428,0.6634366751867375,0.5594533516351755,0.552404780848031,0.7102958388621304,0.6393115628653848,0.6300894656152242,0.5889600620047039,0.5407107057218186,0.6704188236731073
SRR9000072,0.746910506191009,0.7563331330065508,0.661343803276919,0.7504548478517334,0.7265692550577993,0.767424150434543,0.7401760683075028,0.7819271339081233,0.543272501926098,0.6678234346112703,0.6644502397137911,0.7298335840225989,0.6917602624836183,0.7327599987881959,0.6861804942430377,0.7360742832559171,0.732199410813614,0.6152125047299284,0.754743013838672,0.6005677248954976,0.6443551184651357,0.6048331651537961,0.6639859797333407,0.7173147956009888,0.6044207274948512,0.6374750923567607,0.6284171518482824,0.7296400425322959,0.6731378523561875,0.4680538636859645,0.7888577394341374,0.8040976118363784,0.6211785298372041,0.5781855801678621,0.6466181735372282,0.725020830184901,0.6778968863604629,0.6803298760769002,0.7728252462830592,0.7179838937690464,0.7335379638280077,0.5940996377323918,0.6938304248057835,0.7362827362651381,0.7019744227270488,0.7447437846125222,0.602799441918946,0.7326440739939947,0.6400912112055958,0.7924968617324516,0.5497181874157373,0.6020561155507235,0.6597896924713973,0.7612869263263412,0.7086282891286488,0.7270695537250133,0.7157924503475283,0.6197879990475516,0.6119933206498732,0.7237853428714606,0.7026458287402386,0.6737831194463004,0.7305589225436612,0.6212709764652531,0.6425096650285287,0.5329592086369653,0.6255839140503462,0.6993005066132129,0.6664364018034248,0.7026283488012753,0.571588544941885,0.6655859705721358,0.0,0.6453326532734837,0.5641005409914753,0.5721062979258199,0.4955448001893131,0.6383759686605783,0.6811002954168575,0.6589958131195104,0.764194139515604,0.6769356692288783,0.7233051210135584,0.6699049582905184,0.691533908210351,0.6297225974606144,0.7662111943823392,0.5718670001148899,0.5258129568384666,0.4705032744805661,0.7342648278277927,0.677682524014885,0.5869689186948492,0.7472126290357254,0.6422745996871545,0.6897148700634038,0.5715807339678431,0.76121188919441,0.48842309316296845,0.5959971945160584,0.604969023492505,0.6470857176026693,0.7196534797102189,0.6143220156787857,0.6314411556012026,0.6306372467979299,0.6201565828428639,0.691097475216732,0.6610173584113833,0.5356033051530688,0.6484941235082076,0.6878142867902223,0.6543564682888158,0.681239715239756,0.7892488362285189,0.7546065502960476,0.648693321435794,0.6032970725398655,0.7687058502186033,0.6595254087049206
SRR9000073,0.6774284999428237,0.7041593844474581,0.6257836612553408,0.5926031877580876,0.5798288805815551,0.6824392585203118,0.6807573756700518,0.6896348141879554,0.7490494583324648,0.7212152137691455,0.6172329275960372,0.674774517855321,0.6355247643737894,0.7243895254097744,0.6639507162375641,0.7056662527833268,0.7223368932222342,0.5848898043956597,0.76762003348058,0.6381394334496318,0.6887560560814412,0.7235436092852133,0.7449888903591709,0.7936197860059933,0.735339457725964,0.6566076322283152,0.6329394382030087,0.7221616646649874,0.5524711804402858,0.6274557832364627,0.580670220831513,0.6736165595996911,0.776651978084093,0.8203990449498552,0.7139240093847367,0.7086727301214926,0.5982033079054093,0.6745547066712053,0.7226310309596655,0.7154953091301596,0.7115164854867776,0.6134268091730465,0.7117056325194409,0.7440115264839755,0.6642510177040628,0.738120858467802,0.7457049246549725,0.7424232359567635,0.7559799856291721,0.7190832791037614,0.6785751045982111,0.7356791351693014,0.6807664133651797,0.7337977392384545,0.6598726177796769,0.7531769113346556,0.7042761399192312,0.6998426106744263,0.7449597923941629,0.6547863875675003,0.6839648237884113,0.7420129588791289,0.726836353287935,0.5823161010785379,0.6739763332017061,0.6963082034587249,0.5990861520248818,0.6906972032498125,0.6362693364182709,0.6233591671665736,0.6276105387783778,0.627322314429078,0.6453326532734837,0.0,0.6022484747180985,0.6794746136366132,0.637942991532777,0.5026076109972569,0.6138820751395303,0.6311865756040382,0.629639991427512,0.6658944631447238,0.758810322014184,0.5998693449766582,0.5693070459391674,0.6563154815541281,0.6319738219213642,0.5792867272480223,0.657290884302655,0.7078276603364524,0.6448081330755141,0.7148232075966825,0.7088135543190484,0.6961008425847467,0.6443835768392597,0.6901890343615016,0.5408068990034637,0.6822971501551478,0.6893708102133157,0.5694779100702697,0.5675393572412052,0.6570564735390724,0.7141988474890515,0.6393136176933715,0.619537980058117,0.6094490541561561,0.6678644992613937,0.590959957237017,0.6654037460559198,0.6545260664346696,0.6791987382568895,0.6769004370805166,0.6586348659775902,0.6577392456630833,0.6788447229559947,0.665328672731183,0.647237704739853,0.6950698451603852,0.6421638011805146,0.6948823919816023
SRR9000074,0.7591269039473368,0.6796154213401681,0.7381099665111436,0.7869273169326017,0.6354114441190405,0.6586304196713847,0.665289132688762,0.7998951278455624,0.743728063544879,0.7768109392778266,0.6853186013701893,0.7442853755362975,0.7728992730219173,0.7180199301633119,0.7109526380983411,0.7543760261770867,0.7441822223102164,0.7000080587353631,0.7749851253438418,0.7663701358860433,0.7188772911952185,0.5998922112514993,0.7963532204777796,0.7274429243011433,0.7158704788905748,0.5951994243534288,0.6044795391559022,0.7122375802967658,0.629307276513874,0.6565963490519242,0.6555431260977188,0.7606494007710127,0.6728119791471422,0.6269659563960163,0.715824413899375,0.6395844454300575,0.6682019843636937,0.6818626133482681,0.8087833753257532,0.7973233583173043,0.8217426657059554,0.5926853993951012,0.7770029711062009,0.5423441626139232,0.7519011610276064,0.612184003633145,0.7157504269083199,0.6784568228579462,0.6659963911509991,0.7627741033182778,0.6915610455827355,0.6344569420578522,0.6097723143156553,0.8254919326803197,0.7133669145081571,0.7918280693569387,0.7773006779219449,0.7964675603608022,0.7652718697319065,0.7940793632093104,0.675894094077907,0.623777791507398,0.6471940067892438,0.6040185267169809,0.6134283498499354,0.6763001354594542,0.6830185324259126,0.6744329018596145,0.5576186460222363,0.75886525154311,0.6151990720615712,0.6128459447278839,0.5641005409914753,0.6022484747180985,0.0,0.5548201784814859,0.5478568985750437,0.6527988427993522,0.6959505085285836,0.6242439704864708,0.6613282014230943,0.6658147883870297,0.826313760782657,0.7272947275405452,0.7388285017522225,0.6782808966462994,0.7210189282354726,0.5776485295759939,0.7742831412725533,0.5558135975047275,0.7146233396715642,0.7691296820865585,0.6480232231118114,0.6273022772078019,0.6405576417768013,0.6952744298580753,0.6247694682565471,0.6482465099486757,0.7410930868785615,0.5969499314714414,0.595874892620683,0.7526853576437982,0.4825033077112789,0.7268898978965648,0.6768938643544564,0.6742858773573848,0.6223500940762234,0.696296097995789,0.7616609119406872,0.649480419920393,0.7128289265840133,0.6568343885400206,0.7263581725598295,0.7017237201665054,0.7723394684752324,0.7037595577279904,0.7532863945018882,0.7575553544548029,0.7435824328146271,0.6683390388214303
SRR9000075,0.6873858371397752,0.6801557696508239,0.667027619159798,0.7500321836997166,0.7430237533146571,0.7355571683608769,0.6526826453240918,0.6473241744270467,0.6877260311733037,0.741394680727487,0.6851643183614068,0.7811600999933828,0.7456362720015484,0.729054358887841,0.7102983334950386,0.7138682396618207,0.7210367246486994,0.5864035200706537,0.7579210964209732,0.6453465015610926,0.6263620441362577,0.6419292005792018,0.6976703912437183,0.7554700498724888,0.6825180834086424,0.47482576831947315,0.6167533121264908,0.7398110033043561,0.6856036128850632,0.5975184527845985,0.6222800605713028,0.6998142543191288,0.687018653080674,0.6674279628962111,0.6867662908800809,0.7462174370856447,0.6984995897678792,0.7065661295234903,0.7651190183955537,0.7774001953220807,0.6901963044368511,0.5872781074046574,0.6921182368288653,0.7669353086644314,0.7045832345100334,0.736591603428246,0.5913004694158303,0.7075197183104325,0.679456059761419,0.6836024819016215,0.6586266665043999,0.6484792010120493,0.523756213064239,0.7701592847361185,0.7321996389863717,0.7987694526989803,0.6632538835479435,0.7869697369860884,0.6918688806642075,0.769398313306355,0.6126016314863313,0.6113975190624487,0.6960320945931945,0.6028037517717378,0.5616800358962383,0.6332583105848736,0.7498002230279329,0.5981824232531283,0.5297363608281603,0.7190445940961804,0.5573009471405984,0.6442415949664966,0.5721062979258199,0.6794746136366132,0.5548201784814859,0.0,0.5840118725948931,0.6089361243687439,0.5850246385840986,0.6595726675305976,0.7039147856404067,0.7342928668359539,0.7313016452845819,0.6433676940395247,0.610183956042597,0.7063932021357442,0.7105340145245669,0.46426925904366134,0.7348591803440278,0.6694484542758636,0.599257898452478,0.6491228151916377,0.6018807514473481,0.6600928457425935,0.6306867946297823,0.7823223702248808,0.6435407569292142,0.7679128886858382,0.6181707671026713,0.6281353145209678,0.578962659598603,0.6636624588073028,0.6600600135479209,0.6848180075515489,0.5759386306722198,0.5789068663891375,0.5621737995000389,0.6815590856391522,0.7303660854981536,0.7101678645426278,0.6531432521487809,0.5154881121329272,0.7446045906460594,0.672324679493783,0.5820252546426155,0.6091761841329724,0.5776643255937931,0.6525924606010917,0.635117763867128,0.7665146938929286
SRR9000076,0.6877701325373126,0.6247085668303839,0.6834267918520146,0.7292199278332677,0.631064379267453,0.695530894711679,0.6997809287223627,0.7604181206823101,0.6024449680956797,0.5607199271581617,0.5848877925393657,0.6216438305967463,0.6769294418291129,0.6709546446746734,0.6829158817624923,0.6898051012293464,0.6991546889965741,0.603409725308464,0.6665535739823626,0.6672067732575093,0.501877627262795,0.5708683556499464,0.640344833798346,0.6265856757931678,0.7078471291721806,0.738829760211507,0.5138580631228887,0.6891261064020529,0.6077068717719329,0.531305810579143,0.6130981513499246,0.7585026088469864,0.660648421654348,0.45677318267815065,0.6534861216687602,0.638977234722743,0.6365892563078434,0.595472303495196,0.6665643520909179,0.6938261345673246,0.6590167850065962,0.6447332243529516,0.6077137108043489,0.6827368444553964,0.6281549034657941,0.64170316123952,0.6440910872706291,0.6302326024938855,0.5885299683438444,0.6727236179183363,0.6090846519975803,0.6179926169562433,0.6700788816186511,0.696370466105437,0.5693754126656472,0.7389595177168727,0.6244562273856726,0.6344732710657768,0.655545174032761,0.7075057137220975,0.5355209333484604,0.6501412837222648,0.7216764631772595,0.6211536968132411,0.5947072316080154,0.6141539445578199,0.6803967435521417,0.6662861071051891,0.6274285521992256,0.5992531372077508,0.5322884024901361,0.6625398997996613,0.4955448001893131,0.637942991532777,0.5478568985750437,0.5840118725948931,0.0,0.6333272764637911,0.6824758343823281,0.7233348949929955,0.6747888078640629,0.6352797986047191,0.7406251972523552,0.6636637169516693,0.6203761236176433,0.6431417224268376,0.7637407824093553,0.513874591568045,0.5995100695192023,0.563917018210641,0.6034643597804299,0.6585242840948453,0.6471401534034982,0.6112140128182438,0.562052868561129,0.7269729123646608,0.6136881960615193,0.7179446057230247,0.6583692796710192,0.5847514017280897,0.5400045587464112,0.6713043881688374,0.5872973935605309,0.5938646914857533,0.6278458964482756,0.611793924845325,0.6653002887682317,0.6359937714308962,0.638239224875348,0.6704000165855096,0.6251657685649616,0.63609707255122,0.6606735731334673,0.6769070755216786,0.7169692145249436,0.6396841963034366,0.6018074972617845,0.6851308074739548,0.6402584861494767,0.7443471536075079
SRR9000077,0.787352229489168,0.6933044237105878,0.6782057288436087,0.7303815294835776,0.6938211157833211,0.7672970619022318,0.8118774677536659,0.7562705210388123,0.7799640274920361,0.6781521924627499,0.6998778070887469,0.8307250785179309,0.6677190878230075,0.754531034240366,0.6869688160219176,0.8232938829408327,0.7412097451156434,0.6795547642640408,0.8019488609612415,0.7217691866736449,0.7325556103020328,0.7313568494086012,0.7790193001586881,0.7554004766632324,0.6825993226664878,0.695013595386114,0.65686544622192,0.7723635668772791,0.6314773212712191,0.6763170214145139,0.6425877918266865,0.7756226477520765,0.736085452850179,0.692837909117976,0.7654934208792323,0.679712388354569,0.729885010628253,0.7176758941673002,0.7301239514758471,0.8029733178792762,0.6789230107963111,0.7108191882994516,0.6939811249019333,0.8067204782451982,0.62113393823068,0.7839316492786641,0.6722915405662722,0.8041761066599196,0.7886419341474792,0.784406812715949,0.7009254240035105,0.7035249652551299,0.6419946577649763,0.7993619268163824,0.8147038582629182,0.7793537838618462,0.7378619667648982,0.7522253051885404,0.7433407606612445,0.7288008016345298,0.707905738941137,0.680269514570802,0.6488520877906206,0.6045123509847271,0.6956103983007192,0.70078559046735,0.6780176081959111,0.7481086262355795,0.640344864776599,0.6450900583384105,0.6035763313644043,0.6419105113343118,0.6383759686605783,0.5026076109972569,0.6527988427993522,0.6089361243687439,0.6333272764637911,0.0,0.48660076396696444,0.723412029295455,0.5930873108929724,0.7350923614453325,0.6883815129038364,0.6687393161233341,0.5313343995334211,0.7531159758523305,0.6969583418766806,0.5941523389722194,0.7503954641333974,0.6914367088971957,0.7074646195618987,0.7692515940002517,0.6855066001119026,0.6882725968973057,0.601942498260032,0.7600672165708239,0.68697327202462,0.5855197068817207,0.7126735450092642,0.4421601490099662,0.5431353196706716,0.7139218019096033,0.7021801935808291,0.6756557765611657,0.6703749130652209,0.5482297468059432,0.706501655610398,0.6374714212210166,0.7806529222002534,0.5858517343368844,0.6666260702733318,0.5852129981386576,0.6373408252915251,0.7245780525776053,0.7377846521560393,0.7220367072541758,0.7369542303157974,0.6287118067382148,0.6063921196389879,0.6568215009417449
SRR9000078,0.7641982900825723,0.6784342691738653,0.5963767445501114,0.7457113732645241,0.797675758267632,0.6604002515458748,0.765124773335959,0.703655949323865,0.6887302429911027,0.7067803877111388,0.742379110486878,0.766409374638426,0.6773656902540578,0.7246625031182042,0.5706855965260139,0.8132850627180311,0.6759034416379167,0.6318455839566661,0.7190646879215862,0.6656524645018608,0.6727234999512799,0.7265959094765795,0.5916404070946866,0.7192752460222299,0.7484909056633791,0.6918113048499793,0.6835787680892151,0.6879582432052642,0.6861202083039697,0.6883358799719801,0.6424176882220377,0.8041318858723276,0.6182894297198787,0.7912749638030495,0.6460807816385452,0.5859114273408474,0.7470686041451572,0.7886634564426421,0.6340070174521724,0.6927505895057138,0.7304576888921716,0.7207564243439422,0.7259083986192544,0.7766768419794474,0.586141261458522,0.6676074240916194,0.7561801061740822,0.6577870137916504,0.721068007209638,0.7086598423036812,0.617029014697958,0.6834251726714594,0.6772481923101394,0.6360531842900179,0.7225700064554968,0.7067411598592731,0.7022657843923116,0.6915019286016494,0.7645712337799659,0.7127113909716493,0.78384508287668,0.6189362764081127,0.7099487576781971,0.5646101911787443,0.636047187671413,0.6718857286999459,0.5751619933241284,0.6200112363682097,0.688157364654543,0.7910992576946476,0.639174650158482,0.5757143211001154,0.6811002954168575,0.6138820751395303,0.6959505085285836,0.5850246385840986,0.6824758343823281,0.48660076396696444,0.0,0.5723759555695952,0.5892263561765411,0.7709415073124827,0.7751385438665301,0.7401797563421093,0.6530527948933118,0.7372119800393097,0.6697683516970127,0.6780618523448153,0.7040604242637207,0.7725582348679918,0.626149960836635,0.6649801924978773,0.7442912727529071,0.6121321156084197,0.6837669258296042,0.7098244611968255,0.640417898436072,0.6569506467171385,0.7773774402330774,0.5966768053027787,0.6907126057341648,0.7358511517021006,0.6681695112705367,0.5316577943905058,0.7104746853780932,0.7029216065348978,0.7215882008751228,0.624027365187188,0.734331849455873,0.6328989596597241,0.6560002272881872,0.6149253625176435,0.8193509155707984,0.611765219925605,0.795450030414377,0.6795102473337783,0.7300896417997349,0.6814734279906419,0.6006608564663131,0.6264207023376898
SRR9000079,0.6597087996701932,0.748890434412425,0.642147807359735,0.7137433642246467,0.6199746113936759,0.6583291932659759,0.7258981285714917,0.641030321926058,0.6838324903421038,0.6857692099261393,0.6379577190670626,0.7494689161551796,0.7295676979294475,0.641105559243284,0.4934377502549086,0.70776087841775,0.6701783446872694,0.6405750792221243,0.6777907062410438,0.6122292806929363,0.6478998442786889,0.6277026526837679,0.7445666166435941,0.7297794914009372,0.7095849376651409,0.5853212687618822,0.745639888511696,0.6863020278088002,0.7365711661815985,0.659819606262854,0.6651382899435107,0.662134000543886,0.6778467838893206,0.773715120097901,0.6881746923274753,0.6429278952532442,0.7302833914962223,0.6675326980115435,0.5589039046073871,0.7175101554036527,0.6798112644003311,0.6333972271744414,0.7734405692956005,0.6914706380768288,0.565992171150992,0.6722422978620045,0.7315483240760623,0.6562391442994548,0.6451931029723298,0.6477287514316891,0.6001930029967388,0.6344798376856499,0.6634861043629601,0.7014090574431291,0.7332079233823035,0.6810483946408157,0.6947575656535407,0.6217760945861105,0.6804377041081944,0.7385112012261352,0.7406783460351533,0.5817418556378042,0.6432471999598879,0.6271842134902131,0.5943097006543827,0.5227552663395881,0.6316444460963068,0.6279042582557186,0.6441514411754967,0.8069750152074916,0.7014921236397348,0.5767566501129774,0.6589958131195104,0.6311865756040382,0.6242439704864708,0.6595726675305976,0.7233348949929955,0.723412029295455,0.5723759555695952,0.0,0.6935705293794152,0.7088413618602806,0.7413925731692469,0.6819084138030911,0.6970152458979042,0.7497246592310339,0.7890278551527433,0.6683935473690807,0.7273841604339327,0.7147206729479754,0.7952463141266015,0.6564491594199988,0.72304178374446,0.6666476960356622,0.6692403986180692,0.5751153783374842,0.591613282249696,0.6925121106542377,0.6951311963612321,0.5955261814014895,0.7278767326133085,0.7007151657519166,0.6646876661432188,0.5011374954654118,0.5680398783369422,0.7725514302192003,0.7405854972293262,0.7276122149977499,0.7754019238901063,0.5731571358044418,0.5752155588169524,0.6340061759229263,0.7586261980923648,0.5522128029945718,0.7303072775647635,0.6914999347109081,0.7425531662535748,0.6404469860696802,0.6943547294091021,0.6173836997651959
SRR9000080,0.6652624262496637,0.6655005476260312,0.6817186353980692,0.6507976602607638,0.7529955401951036,0.7318454884115381,0.7125317279567667,0.7942467439194183,0.8161982718123665,0.6378118673693615,0.6795665390803205,0.6210385716576895,0.7131786338891838,0.7265880907100335,0.6599505803424296,0.6580950042167372,0.7140220367613667,0.7112279545225488,0.6632427639635629,0.7094074015355102,0.7183750865847643,0.7521704968416305,0.7533830183547524,0.7109515586778778,0.7909792975744775,0.7115493110906717,0.7003302377655443,0.72460311601099,0.6185014837386467,0.7146181121552122,0.601902349953725,0.5541766509896049,0.6384741158378379,0.7419988008101315,0.6450148543469996,0.7562967312731995,0.708631630528847,0.7892144593452002,0.6976833205509411,0.6036820221037811,0.7811921953632477,0.707199658720171,0.7332468668468822,0.7857307366990102,0.5954963997137966,0.7114857185720197,0.783930413196239,0.6940529291609089,0.7824061269044998,0.7382623321686688,0.6014437438707951,0.7999091664474629,0.6221599421789651,0.7310971229430868,0.6719004421913543,0.8022955810472558,0.6407761948606777,0.6365791794144643,0.7335195729552364,0.8178720992319976,0.7446980024774288,0.6628055611890085,0.7377445575922953,0.6881275640000333,0.681201497398987,0.719748606565998,0.6458987814860251,0.7088847752292137,0.6699250650713243,0.7418903916324041,0.6371138134581857,0.6845243036965748,0.764194139515604,0.629639991427512,0.6613282014230943,0.7039147856404067,0.6747888078640629,0.5930873108929724,0.5892263561765411,0.6935705293794152,0.0,0.6251781342576094,0.8233284576310688,0.6827116662400883,0.7987106020788077,0.7167887506625629,0.6324490942729722,0.6872777385085953,0.7709925786413607,0.7673962328422407,0.7700865791982419,0.7750672477754615,0.7421496851904212,0.6872400075163144,0.6378690592740306,0.7574790758296632,0.5885850111878906,0.7284774970028627,0.7548814072368963,0.609655308481623,0.6753681537332874,0.8267732310105598,0.6826639344601574,0.674659880370505,0.662025050965033,0.6165503604329959,0.7218083969366279,0.7301024265054831,0.7344430083071043,0.663823168257645,0.7067126614503297,0.6814924179233715,0.7266042679389982,0.7065399633606158,0.6525998126131913,0.6042587043749333,0.7170936171477041,0.7888703967942903,0.6172424204666573,0.6479724142963333
SRR9000081,0.6514561050267063,0.7289525060072315,0.7602935952749482,0.6711930933705047,0.6983514431890526,0.7299637156889917,0.6863649677324795,0.8134910133983594,0.7792467762830888,0.5981246994616208,0.6150342547779282,0.679652194847529,0.6558184408803646,0.7567552678039208,0.6670462282384838,0.7804130997743968,0.7279838220442203,0.6571197214646194,0.7779784358706874,0.6774907985051761,0.6162468273677787,0.5628112123049804,0.7129562749169807,0.7298407984868107,0.7480795020743648,0.6239298648921069,0.6813486052642048,0.7383235100632226,0.5965862641903036,0.6696163974971464,0.6842433539227186,0.6375598980174157,0.6371366246061706,0.6030441884048939,0.7444210789920093,0.6878859241186235,0.6145115762361024,0.6685030702028473,0.6714390302163239,0.7775229359533018,0.7054737241709648,0.5976073187217261,0.6924750578263469,0.7860574175758116,0.6716990520919051,0.6940401454183698,0.7456767477307787,0.7424874521538172,0.7143022983783686,0.7648743731301632,0.6832960112109545,0.6853136492015394,0.6543712763694776,0.7618366496030405,0.5653613820459051,0.6939946027984046,0.8032344665303052,0.6842122874848153,0.6046158357867417,0.6333764776656622,0.7841570832140511,0.5982731036539645,0.7311926515268061,0.6822523109323927,0.6546619230180719,0.645339045250261,0.7213290311923953,0.7061073580137573,0.6383371741349345,0.7127425109301243,0.6667384824878143,0.6735730756165906,0.6769356692288783,0.6658944631447238,0.6658147883870297,0.7342928668359539,0.6352797986047191,0.7350923614453325,0.7709415073124827,0.7088413618602806,0.6251781342576094,0.0,0.7305486551515268,0.6500709322235374,0.7183792543845366,0.7184777631422307,0.7507775388062702,0.7416779889466337,0.8077558625540814,0.737420289254006,0.7500275581112889,0.6717771057983649,0.6696815204219737,0.6551264288651245,0.6919572352738558,0.7860729358513076,0.6521470314165244,0.7363191193069669,0.7326175959380747,0.684110928075612,0.6930220976120883,0.7767225128153779,0.6736750928719016,0.7271508231358098,0.6342623786294715,0.7009530232232866,0.6940426959244882,0.6653884870473747,0.7231914874011476,0.7130047380629908,0.6405302674086053,0.6692429821653396,0.6660046543768772,0.688706533869825,0.7230035684604805,0.7060328978232192,0.6992932181623756,0.6991237324815586,0.647544001279739,0.7209938046704757
SRR9000082,0.7981430346173289,0.8058966484492552,0.6753907520932046,0.6898435096785583,0.6421113740963245,0.8359123667303979,0.7972229515943721,0.7302007127124694,0.7688545223823502,0.7385167640597177,0.7599633392780738,0.7851786311238165,0.7300165937520298,0.7972291402651641,0.7560062958521969,0.7130938611256387,0.8040836368618642,0.7238387033955063,0.765760598147366,0.7787166127372596,0.7814126675603952,0.689557052423437,0.7228714986559431,0.6210640570289728,0.6926209563536021,0.7581105447725807,0.7277993228169751,0.8049318500506318,0.7818360720007455,0.7603065958479459,0.7338869959506782,0.6506547506983401,0.756866532020775,0.778568815336826,0.8089650961397808,0.7743066433117931,0.7449012868760865,0.7750091517282458,0.7139477724566934,0.8112646752688223,0.7622378903534608,0.6156876584103392,0.7235716537625407,0.8285797238436358,0.6343612916739667,0.7753876803017039,0.7233363540854113,0.8372680498537726,0.8244218401238246,0.742648197432019,0.7528871509687526,0.7044419145697826,0.7078075821350408,0.7377298987760047,0.7873052682309433,0.6796691077715806,0.7802911249179586,0.8451722018421292,0.7929587878281279,0.6920777821186019,0.6994949967658457,0.719447318490216,0.7082794432684463,0.7859648336999183,0.6886761516235377,0.7665754051228711,0.8091831657254382,0.7065038389806239,0.6825941454553375,0.7283458542587078,0.6814450491210975,0.5834040675000415,0.7233051210135584,0.758810322014184,0.826313760782657,0.7313016452845819,0.7406251972523552,0.6883815129038364,0.7751385438665301,0.7413925731692469,0.8233284576310688,0.7305486551515268,0.0,0.616183430107487,0.6692810624089454,0.5950826294721387,0.7937232613061047,0.7712850980526813,0.7573165000571283,0.7590353747773212,0.7616421251964689,0.8259407611930613,0.7729822113323831,0.6482341663538128,0.6274504704320216,0.8210310681802201,0.8005372067717857,0.789764243510545,0.7507088995643801,0.6237928708937227,0.705884492583907,0.7862215930007641,0.7526972823277494,0.7504020116280866,0.6915009840485724,0.7190512661292928,0.722597787578278,0.7241474437081087,0.7703876348140886,0.7682491691945428,0.6987855206394417,0.6908424167113698,0.6546602521361343,0.6477338186113178,0.8158870150883644,0.6878075593778625,0.7606020525397038,0.6341676338074661,0.6725910213720285,0.7661925207767157
SRR9000083,0.6761060113898005,0.7198583067695878,0.6738705278820422,0.6918704014670294,0.6435034183345246,0.811635423107364,0.6704178066842233,0.5564576161743173,0.7276468009716197,0.6833997520304611,0.662139919326007,0.7385247335728121,0.6898724091738777,0.7667944554856365,0.6549752850023854,0.6051577702396308,0.753126747358409,0.5101038488064585,0.6863243146729241,0.7651401085689922,0.6768525978243751,0.6993111404647127,0.6585329178679465,0.7377446473208115,0.68043953189236,0.6831669807465781,0.7384224834132974,0.7397607738996173,0.7795198823345036,0.6625132074845125,0.6695236251720115,0.6588254632112684,0.6870623362146727,0.7450728463993486,0.6809366735836571,0.7209553060652876,0.7015705920429043,0.7743100244624979,0.6732312282773503,0.7923799404312777,0.7390271936207687,0.564928620928503,0.7150812042322663,0.7733308463626224,0.6409251809413566,0.6691111289047134,0.65054719823663,0.8113633904481375,0.8040313644394037,0.652496390372253,0.7119172911800753,0.7208739889965725,0.6486160274777265,0.7398143860653934,0.7055689548770557,0.703637611757355,0.7244615896261032,0.7024693304762984,0.7099420112542789,0.7313037538097615,0.6755404089487271,0.6899986522166548,0.6223361154678778,0.6732728300287565,0.6967690361119472,0.7155724220721427,0.6957421277903871,0.7044991843022631,0.592082293436105,0.6446172032277019,0.5313259174857544,0.6434819379033863,0.6699049582905184,0.5998693449766582,0.7272947275405452,0.6433676940395247,0.6636637169516693,0.6687393161233341,0.7401797563421093,0.6819084138030911,0.6827116662400883,0.6500709322235374,0.616183430107487,0.0,0.6628272003177437,0.6516583000465285,0.743300173649002,0.6875290324298604,0.6848981917693793,0.6739725610352102,0.6488544900112407,0.7366930752828524,0.7144650830004595,0.704512698951687,0.6061078018193347,0.7289760535283627,0.7636474878476915,0.69028448346606,0.7418295590312529,0.6722117649126093,0.6005805223582634,0.6412622493366836,0.640103443660353,0.7169502925534692,0.5801724406411602,0.707664152297021,0.6652895137615021,0.6286112329781662,0.7056041191550393,0.6796079602929757,0.7405874124981683,0.5794183764506222,0.5383097145527481,0.6406892446682769,0.7606855137188031,0.7313096619234906,0.7290770113531413,0.6831086042213089,0.6688818131959765,0.7388557365556877
SRR9000084,0.7220554363929029,0.7201995101235191,0.6936719297936186,0.7808334732335561,0.6947196361126486,0.7329416739558191,0.7549409881716886,0.7030989384318292,0.7628851511133621,0.6319510020557045,0.6268352475478036,0.7366642300354843,0.7085218513928342,0.7153101984123533,0.6944277019103678,0.7931350800150915,0.7590332718282183,0.6551249991716809,0.7051362166911518,0.6781141816798144,0.7376014390505005,0.7185939186860364,0.7802770663972834,0.7859983483396586,0.7763767918311457,0.6459638259323102,0.6535327364272305,0.7825257576032503,0.7206879272809958,0.6561639251066642,0.7140111993617937,0.7656963294711233,0.7978970530848037,0.7084944935965812,0.6580021834391852,0.6997426529756962,0.6130005522551678,0.7555242945874487,0.7144369742817684,0.7602351916967164,0.6617364204003064,0.6506221965763208,0.5884871693783715,0.7847205658159131,0.669458126451706,0.7303017488671413,0.6950822564315844,0.7882978014591792,0.7827261697304171,0.7073379336163637,0.7338201398104559,0.5539012784959795,0.6184639736695228,0.741699950103993,0.70488616736063,0.6812305604783019,0.7969726285991207,0.7559691000201378,0.7323124502000169,0.5830808837963826,0.6241906900157916,0.6868309790246763,0.6941802654598529,0.6735611192839812,0.5591809666773347,0.7412917051219209,0.7685772984950621,0.6945546865033134,0.6634934355149132,0.5414436166299632,0.6955800148209903,0.6935962736206902,0.691533908210351,0.5693070459391674,0.7388285017522225,0.610183956042597,0.6203761236176433,0.5313343995334211,0.6530527948933118,0.6970152458979042,0.7987106020788077,0.7183792543845366,0.6692810624089454,0.6628272003177437,0.0,0.7098962725949517,0.6333971470901187,0.6411412357075866,0.6626710099375289,0.6971675511995117,0.6469825388401396,0.7063478374961611,0.6602597626072898,0.5818030552492186,0.7118996192873143,0.7489925155165283,0.7012639621059364,0.6003367448539795,0.7408581869568747,0.5759297220508892,0.4276509860693747,0.6345646331675695,0.7560623665594377,0.6896052917915291,0.6369021230501682,0.6159445371306478,0.6455569907857829,0.6561338020388854,0.7415839995621778,0.5461178902371424,0.5957392815030845,0.6453095669570401,0.6993150392861942,0.6464056418840687,0.6041793473931809,0.5544069779281193,0.680551035114093,0.45775139482138366,0.6788292780472139,0.7072821824325809
SRR9000085,0.8247529954586117,0.7376132251322146,0.6085201792029785,0.6716013632036857,0.64925559601147,0.7452093927264678,0.7914282702679246,0.8015350424565645,0.7150669189620295,0.6742097909438476,0.676591814953079,0.6968075716635684,0.807781823129545,0.7682471631381488,0.6410884359165268,0.7782136888172614,0.7160486753810716,0.6696154663096928,0.7966402031041614,0.68096568172055,0.772858644026523,0.7218383046275502,0.7108806670726664,0.6077319736084306,0.7410861697679612,0.748050976502837,0.6573172666160381,0.7856177682394837,0.7768964624807918,0.7304113781896363,0.7114813168163339,0.786330190252467,0.6581098978019092,0.7189926399140613,0.6705909985406343,0.7411766566445821,0.7000800087743948,0.7510199553516121,0.7189355519267092,0.7259035474898777,0.7791834642226761,0.6323051724563525,0.6651502211389386,0.7558968485341135,0.6107919534329339,0.7350172521052086,0.7383593621706541,0.778682491899316,0.8219264381484316,0.7947247577397144,0.6798534051877916,0.7249967161630785,0.7461974587115963,0.7264731593784115,0.692517847277271,0.7153225912875147,0.7087002555338363,0.7102403392364957,0.7695126434575965,0.7447381453425708,0.5658945191293278,0.6757712540331101,0.708655333959017,0.6169677718913713,0.47664487063426814,0.6924530204022684,0.5996912531663136,0.698042849962681,0.6736519562176799,0.6280640908912173,0.6654673276570486,0.6138409267210564,0.6297225974606144,0.6563154815541281,0.6782808966462994,0.7063932021357442,0.6431417224268376,0.7531159758523305,0.7372119800393097,0.7497246592310339,0.7167887506625629,0.7184777631422307,0.5950826294721387,0.6516583000465285,0.7098962725949517,0.0,0.7088209014026946,0.6589067707439102,0.6080286404347846,0.6885667005259941,0.6124280495071356,0.7030471505201596,0.6557972399488484,0.4867009300634744,0.5942550796348941,0.7766938805302411,0.7810981729794179,0.6458007327971196,0.6851695298297953,0.6218715590102216,0.6058770850735444,0.712042124489797,0.6953127793873422,0.8090730573370781,0.6962476933741871,0.5664619457102075,0.6218367562716381,0.5858264130397662,0.6410456558306861,0.6581300366515642,0.6812948478813429,0.6438099771881557,0.6657789384445657,0.6731969192161855,0.7036488418341594,0.6156424771747843,0.708379464325391,0.6099156201944965,0.7080190436471818,0.7350449958492005
SRR9000086,0.8055825195850183,0.7066194698319527,0.5455090819530362,0.7644473677297203,0.7581356928625089,0.7397315942789828,0.757110545263058,0.8030006924019699,0.7213896996908105,0.7023650746198499,0.6628417598360772,0.6286481440667808,0.7099550256318407,0.7195098448196772,0.7169306370091927,0.6938037928441976,0.7858379497621502,0.6598660666137989,0.729448650363007,0.6085178668551103,0.7355132192671143,0.7647573343336282,0.5797466538217756,0.8137432288182258,0.7757004315503434,0.7174948216331238,0.6809688840983522,0.7723234663572681,0.6853969703092717,0.7167412313573084,0.6562600886828782,0.7004352511857366,0.665732399430913,0.6619957107593025,0.6921178964206904,0.7078351551414227,0.570953072862594,0.7621931286409143,0.7217590384324948,0.7029682217684146,0.7134490948916206,0.7237864959485588,0.6235576776637817,0.7812390877256584,0.7215111631521031,0.7772206709830318,0.7657524445134067,0.7736903321612921,0.7940064630188346,0.6341898635594387,0.6584434985055756,0.7960722915449713,0.6709373612784819,0.68753147761676,0.725355096339709,0.7419063364877062,0.6643253051177532,0.6956165117831736,0.7413732609939119,0.6828544082700286,0.7116689461324246,0.7902791685652927,0.8318498908303902,0.7120000478431242,0.6649934142652374,0.734731365429172,0.6201629392852315,0.696880004336897,0.7045655332784477,0.6872996815942551,0.7297170530230548,0.704052895115406,0.7662111943823392,0.6319738219213642,0.7210189282354726,0.7105340145245669,0.7637407824093553,0.6969583418766806,0.6697683516970127,0.7890278551527433,0.6324490942729722,0.7507775388062702,0.7937232613061047,0.743300173649002,0.6333971470901187,0.7088209014026946,0.0,0.5983361986297376,0.7011313952595305,0.712936729089559,0.6088794352568858,0.7084116586007437,0.7493315642624211,0.7567307826981192,0.7160448548334633,0.6656099321248155,0.6792344551706446,0.4628116815758034,0.7058556294938767,0.6966697597677114,0.6264881741242606,0.790843835250585,0.6853482660301518,0.674600137743296,0.648182035271014,0.5438778897388291,0.7053033638339454,0.7369906856299627,0.813661543992942,0.5631716280831889,0.7928180135728722,0.7164976617546608,0.6701242621343478,0.6623355273215308,0.7042429058226114,0.5962544082223032,0.7052087023719523,0.585830961577093,0.7202371203372953,0.6029943523273131
SRR9000087,0.7695389077166106,0.685200588574274,0.6370146402022157,0.7941555390748933,0.6533596645502825,0.8015063511563205,0.7830044632031012,0.6898769844185575,0.671607530725351,0.6779947956157978,0.7273989313472693,0.7266557491695007,0.7492632880427799,0.6969971634623341,0.7304926798146222,0.7144357023093734,0.7890346438455149,0.616812813837409,0.7584292670148103,0.6978426351251913,0.7013425470752733,0.7238069111541319,0.7532997761984269,0.7514072319040177,0.7900033915406679,0.6770683773183208,0.683462492858552,0.7866091350611945,0.7312222701052562,0.723948957868025,0.645948803880565,0.7503723319295514,0.7207350667619997,0.6700816032512111,0.6885781091016067,0.7392805074666291,0.5848812924261774,0.6898929244552303,0.8005453061784906,0.7227818819170271,0.7056055309328761,0.6046202466579914,0.74190340255292,0.7316961994922667,0.6668977500535636,0.729742577467663,0.6893064062356419,0.6981782677074184,0.7086211979090221,0.668483199602939,0.6536376380338564,0.653246719860067,0.56689205470496,0.7485833058781644,0.7500685360382339,0.8095671821627207,0.5986546976092689,0.7337046431328601,0.7331947468779675,0.7678041077933004,0.5602942561744014,0.7480906482788697,0.7250120422113997,0.6822025808007781,0.631507730097726,0.5797651420355681,0.6767650618888187,0.6940328448404529,0.6739241225481913,0.6684426421588917,0.618402467604648,0.6143800948815049,0.5718670001148899,0.5792867272480223,0.5776485295759939,0.46426925904366134,0.513874591568045,0.5941523389722194,0.6780618523448153,0.6683935473690807,0.6872777385085953,0.7416779889466337,0.7712850980526813,0.6875290324298604,0.6411412357075866,0.6589067707439102,0.5983361986297376,0.0,0.7153138512310565,0.6175982704640058,0.7182232945244907,0.7550761520727525,0.6656920170530678,0.6916375173167095,0.5965058317734735,0.6528940517282505,0.629835437399523,0.6014195588558555,0.6305214925560825,0.5172350192234086,0.5269696105695503,0.707222613834184,0.653610069734777,0.6757760975239246,0.6306631080618857,0.5643362824244692,0.6978056269306041,0.6704606557357597,0.7056904368698369,0.6597441627815622,0.6676345154953895,0.692454234030484,0.6513338596502121,0.6939984489439206,0.6216451530022599,0.6539550135894968,0.656559535377381,0.6759651747030015,0.7293755270238295,0.6235682479621023
SRR9000088,0.6511538594135143,0.6648538508228449,0.5492977510594969,0.6991864078429633,0.7111388939226196,0.7742409738165488,0.6235730396425186,0.6841501355357047,0.5270464807510716,0.6949273882764565,0.5933871444228543,0.6400232506339296,0.7285235861081649,0.730849287786474,0.7147435003555367,0.7418061866678706,0.7401638801563788,0.5733185910762681,0.6453628342728558,0.6412792103348867,0.6961969590829674,0.7260076765169718,0.7117575043350401,0.7490518502778939,0.6123521353666252,0.6802461511715417,0.6621654587916626,0.7353848042154172,0.7364859654477052,0.519955434758131,0.7105360874607911,0.8069653106943505,0.662798396387971,0.6831521072355249,0.5748657812226606,0.7651929292207562,0.723037180526062,0.6865941962368735,0.6896976371296656,0.6993855295666376,0.6800689835986998,0.6387603742911349,0.6489847293587259,0.663856327078509,0.6891408500837618,0.6306578519124418,0.5705959414059185,0.7443774791603465,0.6916683906132793,0.7921108890636784,0.5398640579346092,0.6702084749389813,0.7950769297426782,0.7372998724539606,0.632263189255799,0.6339112362491124,0.621098952448942,0.6135449429524832,0.6619274816943567,0.6601147006665246,0.7151654684016829,0.6654701617141644,0.7281455454971556,0.6144212631580162,0.662848831892965,0.59482785807678,0.7022974928089829,0.6521893269923532,0.7207255701238585,0.7020747365997999,0.6413480354098721,0.7159930004379756,0.5258129568384666,0.657290884302655,0.7742831412725533,0.7348591803440278,0.5995100695192023,0.7503954641333974,0.7040604242637207,0.7273841604339327,0.7709925786413607,0.8077558625540814,0.7573165000571283,0.6848981917693793,0.6626710099375289,0.6080286404347846,0.7011313952595305,0.7153138512310565,0.0,0.5814876954723014,0.6786420541079479,0.718016036145562,0.6671779518105152,0.6854869410472655,0.6514176736298839,0.6957592145111196,0.7844964154188979,0.7156815774328785,0.5696812693286766,0.6916725064083498,0.6470886085980012,0.6389644705263422,0.8012988845712207,0.6365163219826804,0.6271239580982285,0.6547454132706835,0.685482120643966,0.7266260820472855,0.6861833120569389,0.6203260011205391,0.6755150536465968,0.566278864253949,0.7244090001043277,0.6768683233609731,0.7155691236715481,0.6710833456465175,0.7402709774010389,0.6394763718178194,0.7510849632522721,0.6956506319842413
SRR9000089,0.7469914866736614,0.753669268785904,0.7546627025588939,0.8162205411621942,0.7091745566478089,0.7573749671383784,0.6899359789799536,0.847925995223099,0.7022842361154145,0.7360624321540371,0.7602038142797682,0.7841538197002925,0.8059172429491597,0.7828780577674342,0.764911199628229,0.8253238696497693,0.7128896387267841,0.6487271605979229,0.7348839726370671,0.7160148903949112,0.7388190466774994,0.6132679615772623,0.7877636821327821,0.684385415785374,0.7963820218808626,0.7510180756346262,0.724827060737465,0.7615301936283758,0.7039682687455282,0.6377762107326432,0.7740610220149367,0.8374267904551012,0.7605234121672053,0.6098079522188451,0.8209249341279182,0.7041701845618334,0.7201266098239867,0.6539074380596055,0.7869092284621725,0.8287607607416928,0.7181992702711847,0.7086577463993026,0.7505915408616657,0.778287906505669,0.7048644252198951,0.6463436185572435,0.7784765823742286,0.7920360437538942,0.6560734717622411,0.7283551872642362,0.7076575964242526,0.6623579419867024,0.6969421752272879,0.7970385393115956,0.7368386631045789,0.7695438146069506,0.8220569596708555,0.7773561170997629,0.6438795551161788,0.746073234620456,0.731822573311038,0.6726833037569382,0.663192072542548,0.6802498616574497,0.6369388607101295,0.6922230010387195,0.7028716562085725,0.7437057947963513,0.7338357182088958,0.6334834231666362,0.623742934938876,0.6777336139623453,0.4705032744805661,0.7078276603364524,0.5558135975047275,0.6694484542758636,0.563917018210641,0.6914367088971957,0.7725582348679918,0.7147206729479754,0.7673962328422407,0.737420289254006,0.7590353747773212,0.6739725610352102,0.6971675511995117,0.6885667005259941,0.712936729089559,0.6175982704640058,0.5814876954723014,0.0,0.7560426833019767,0.7601791741179259,0.6157803468522426,0.7545537906751782,0.6607689074385339,0.6996928122721745,0.6803434471137436,0.6893160379732634,0.6823973143433317,0.6403886503397606,0.553647093898016,0.587515707299143,0.6664165930242405,0.70871522684913,0.7400885081229345,0.6435698325025678,0.734108247936286,0.6820924607490321,0.6283876116728203,0.6916135292996002,0.710073932772833,0.7306949893179793,0.5901443352505269,0.7509208585286964,0.7981262142615998,0.7270885936853333,0.7314519778702003,0.6312213206841808,0.7563245346800903,0.697986142750222
SRR9000090,0.7652127290260851,0.7862061851924661,0.6383275953297061,0.6437410077070521,0.6951783543936215,0.6911403228244701,0.7450064203303594,0.740795355947656,0.7601316433696745,0.7745164281924033,0.6901820045656047,0.7577928793328012,0.7717593265715318,0.7657124256855641,0.7681264817598132,0.7612241564773833,0.7685834257348227,0.6426059759345456,0.6944540139709756,0.695454507810129,0.7283722738013668,0.7035906095818656,0.6008148264049689,0.7786652503264688,0.7471846754758238,0.7045226241669564,0.6957124375789534,0.7972465386539362,0.7625186437592234,0.7472743988348904,0.6857446005527321,0.8193447669534375,0.683881444641724,0.6696448252359933,0.7840487740859516,0.7097419903919587,0.6585742530861733,0.8038354883794977,0.6826562664157512,0.7662875260145713,0.8107665253323285,0.704288188067613,0.6689753091928758,0.7928739710960132,0.7392458297204313,0.8006681711103806,0.7284709970648896,0.8251906561076034,0.8073477521223325,0.7172034980030213,0.7462753573653735,0.8174324481208545,0.7531285798898468,0.6510095973625456,0.775856968558198,0.7555677765339144,0.7951364411548556,0.7349653563851328,0.8076677339850276,0.7777619251337029,0.7227029218070892,0.6387073167203551,0.6745131545668287,0.6447156763680313,0.5967125738433956,0.7436069920304302,0.6309124824679128,0.7196187585988957,0.6632578927051022,0.6851354536496526,0.6722577509519,0.634680472319259,0.7342648278277927,0.6448081330755141,0.7146233396715642,0.599257898452478,0.6034643597804299,0.7074646195618987,0.626149960836635,0.7952463141266015,0.7700865791982419,0.7500275581112889,0.7616421251964689,0.6488544900112407,0.6469825388401396,0.6124280495071356,0.6088794352568858,0.7182232945244907,0.6786420541079479,0.7560426833019767,0.0,0.7442227026165078,0.6037096371331856,0.5184419592626074,0.700372649145073,0.725556539340113,0.7244310482425398,0.6963625570917793,0.747198933808868,0.6730238516432082,0.635419182871169,0.6002642090598763,0.7460987448988706,0.6208103318824353,0.6879717332005286,0.730603989734722,0.5820985147847464,0.6605447655439514,0.6753113392392225,0.7631292466662111,0.6665832980151113,0.6531313146270664,0.6529813884922822,0.6383761498962099,0.5800679887267245,0.6922949653757554,0.6909629628290401,0.7570386892660924,0.5736477535926201,0.8214258143092072
SRR9000091,0.7982412662442918,0.7233793981214418,0.705194889657993,0.7903241521211553,0.778191292001645,0.6280476619357032,0.8008365921216061,0.70370785198899,0.6655783994631317,0.7608506410377823,0.6339594654215077,0.7419025278205575,0.7419797748849185,0.7708993822533265,0.45535689754671566,0.7449371360110713,0.6792386872394253,0.6653592121592754,0.6504008584374147,0.5327783988715303,0.6827724394223176,0.7001955934026011,0.555028791546312,0.7453372789037515,0.7800046351723313,0.6975952154346273,0.7640091459222752,0.5803123517037716,0.7091151129985105,0.6494245190646406,0.6604083379418374,0.7867470293794563,0.6368814439407083,0.7003109180880197,0.6330836376741419,0.641904726722661,0.6784917715020151,0.7506471694640175,0.6556716089956613,0.7711156578555711,0.764833463517193,0.69968329762078,0.6687536463491478,0.730155089709766,0.7278589491339406,0.6685993460282955,0.6902001637464411,0.746271574813032,0.7200036086163448,0.5773937742419986,0.5928168640100661,0.6709213487434175,0.7823446470959783,0.67191573688498,0.6792683867467725,0.6767062564794748,0.7054189503689855,0.6898764388383221,0.7431495883975376,0.5791587073305653,0.7685899937713857,0.7312910010515262,0.7753721327632123,0.6835655314514403,0.6465978175876326,0.6856341212718073,0.7953994235498615,0.7170639010930681,0.7512907788425534,0.7137159873709804,0.767060751506961,0.69260222418646,0.677682524014885,0.7148232075966825,0.7691296820865585,0.6491228151916377,0.6585242840948453,0.7692515940002517,0.6649801924978773,0.6564491594199988,0.7750672477754615,0.6717771057983649,0.8259407611930613,0.7366930752828524,0.7063478374961611,0.7030471505201596,0.7084116586007437,0.7550761520727525,0.718016036145562,0.7601791741179259,0.7442227026165078,0.0,0.8044545794138696,0.7952588783852187,0.7625726295841297,0.6715138600595237,0.5689314055778482,0.7147239453910665,0.7380102335684559,0.778230717348298,0.7423060643192456,0.7282152842428659,0.7155865886280391,0.7918366597146975,0.6225607294325594,0.620467866898052,0.7333667732733795,0.650291655124072,0.7241188827841375,0.6732192980526117,0.700330277003172,0.7260904644273191,0.7058488088903819,0.5988788992612022,0.7107202114665384,0.645529305411193,0.6053736113643171,0.7264930768968592,0.7089039260153417,0.7260556252868285
SRR9000092,0.7550118133049682,0.7054811475914055,0.6584660421330182,0.6772197865459259,0.759723250067028,0.7411014488489437,0.6621418647045729,0.7133991467482627,0.6247154597139989,0.6590790196159777,0.5680536485729963,0.7576001123920129,0.7870902579411516,0.7566628247254283,0.7762920242933298,0.8049426526684411,0.6496290685339569,0.7036769317783984,0.7305122933103985,0.6521764062022007,0.7550626465979337,0.5068186336463378,0.791636711796508,0.7276940185330171,0.7532726286222796,0.701088493656187,0.7169432714980272,0.8081294507768866,0.6336336683177854,0.676243290276615,0.7887945265891465,0.7902615989157032,0.7402048054797543,0.6953482599514302,0.7403602938162986,0.7438510452318778,0.6939856402340523,0.7481221190979129,0.7271474619628459,0.8197061878080671,0.6925172068303198,0.7007686877700388,0.7466327950512044,0.8443028132149002,0.7369538275499481,0.7592237211761331,0.6897285710485738,0.8262585209062037,0.6799380687428564,0.8056569357364342,0.7854410470782021,0.6667986906257538,0.7209588910062791,0.7268014945179204,0.7653688648566828,0.7212829356027577,0.7105976903041947,0.6784466228091309,0.7214057273885238,0.7102115770499691,0.6430971601111622,0.6927770153716863,0.694961082711121,0.6537346852466142,0.6705705909643154,0.7083469101493074,0.6973626018726645,0.677649126938235,0.6328200144646544,0.6873782151042563,0.6767971583720936,0.777351140171273,0.5869689186948492,0.7088135543190484,0.6480232231118114,0.6018807514473481,0.6471401534034982,0.6855066001119026,0.7442912727529071,0.72304178374446,0.7421496851904212,0.6696815204219737,0.7729822113323831,0.7144650830004595,0.6602597626072898,0.6557972399488484,0.7493315642624211,0.6656920170530678,0.6671779518105152,0.6157803468522426,0.6037096371331856,0.8044545794138696,0.0,0.5742926892296223,0.7533662012955078,0.735719674508455,0.7227057934949016,0.6934837137028649,0.7448568614149439,0.7063962370429734,0.5980436673027699,0.7058483355647939,0.7417502523213211,0.7424902286522587,0.6729404174137023,0.7630878201142356,0.705156223561322,0.7128247705608278,0.7877134259002564,0.7503776852233417,0.6423373653985373,0.5893761175494507,0.7227831199352388,0.7646076836003305,0.5260905856063747,0.7023858189892402,0.7534899430923274,0.6361607044896488,0.6659124431741924,0.7294564548194049
SRR9000093,0.7547539287737579,0.7098594104990901,0.6050445068996945,0.6323894823949869,0.6899372573134347,0.6624865044919819,0.753498367810677,0.7597919978542598,0.6784299175019375,0.5659996660676327,0.6559606906754567,0.7433688436966052,0.8320482118330225,0.7328968394227146,0.6248541303549342,0.7949664275624317,0.7170664916510403,0.7378717473727676,0.6774299720398822,0.742431938775592,0.7452907643160842,0.6768018309554114,0.800011070341597,0.6316660714080253,0.7428327175398736,0.6792599480109914,0.7154882808987595,0.7922392392540943,0.7441909813147826,0.7313213071283663,0.7258959203199149,0.6963780021511076,0.7215763481135534,0.6813303168742908,0.6672496075715548,0.6507812177755936,0.7219399180331121,0.7434840334458304,0.5885672403644772,0.7496672805997594,0.7928067479713677,0.6806653679366343,0.6151798170892733,0.799687191508224,0.5376367384827779,0.6978208936607354,0.7126038899317589,0.7319129131791602,0.7312402552833376,0.7674268639434416,0.7613964320568041,0.6847264675951862,0.6553062362434723,0.7147152752695743,0.7773704375342184,0.7080018318843206,0.7524340475366312,0.6244397350536118,0.7119812267338768,0.7512456403382437,0.6022807402287081,0.5679206090296728,0.7177152446243353,0.6366465081050781,0.49674656343900375,0.7178871408987653,0.6982661962632933,0.6921951187528265,0.6160612610642721,0.6465361040555978,0.6145428804238803,0.5520877954965198,0.7472126290357254,0.6961008425847467,0.6273022772078019,0.6600928457425935,0.6112140128182438,0.6882725968973057,0.6121321156084197,0.6666476960356622,0.6872400075163144,0.6551264288651245,0.6482341663538128,0.704512698951687,0.5818030552492186,0.4867009300634744,0.7567307826981192,0.6916375173167095,0.6854869410472655,0.7545537906751782,0.5184419592626074,0.7952588783852187,0.5742926892296223,0.0,0.5180488418422055,0.7466961607704565,0.761947534038391,0.6681962735375417,0.7444430836872851,0.5968680861456518,0.5705236187046053,0.6413439105452894,0.6572565529513762,0.6393855682233139,0.685697316078941,0.7290582116679639,0.6151208709003354,0.6855809875542048,0.6854531061310137,0.6956440044409926,0.6705237641705015,0.5437283194281526,0.7343025143507901,0.5547226483087978,0.6494496838577827,0.595088221930547,0.7003807405932765,0.652138675958138,0.6675834285991923,0.6831579545697812
SRR9000094,0.7105253103678505,0.6719780408724231,0.684192911173866,0.7258191197071251,0.688038297033431,0.7405287811635352,0.7589639605481554,0.7396285364962133,0.722413030029381,0.706752327922913,0.6957545825906317,0.658474571429157,0.712948413815963,0.7830099836346079,0.6755747012329251,0.7591011172676246,0.7266250265440696,0.49471267142031333,0.779115322007615,0.728685230579866,0.7193431604530978,0.7122651575398276,0.7172742051059277,0.6732377710232594,0.717840208013596,0.6977903578124167,0.7056858239909779,0.7881201174777404,0.6383934432709005,0.6283045441336863,0.6558959599586642,0.6408637154728399,0.6300856153944541,0.6304614794216984,0.7347885374937412,0.723810357409115,0.7003090103766018,0.7312737954103602,0.6494669779064787,0.8201186846403054,0.7565343998325237,0.5894922844191499,0.5718404938542336,0.7759906291990917,0.5938671027992587,0.6934560226358615,0.7417174655627043,0.7044230083716513,0.6936425732232602,0.7721757995963683,0.6431366365376564,0.7790000376628962,0.5985102021977965,0.7171946850469616,0.7314573997020303,0.818682451544803,0.6675009235647291,0.6992739714283484,0.7588516442441499,0.7747507349464259,0.624377736044716,0.5940918010378878,0.735366305682472,0.6223109956686252,0.5692642162732665,0.6406184589555158,0.7032648445536013,0.6887348395109901,0.6318485397414322,0.639146351796143,0.44049015464639163,0.557261229365529,0.6422745996871545,0.6443835768392597,0.6405576417768013,0.6306867946297823,0.562052868561129,0.601942498260032,0.6837669258296042,0.6692403986180692,0.6378690592740306,0.6919572352738558,0.6274504704320216,0.6061078018193347,0.7118996192873143,0.5942550796348941,0.7160448548334633,0.5965058317734735,0.6514176736298839,0.6607689074385339,0.700372649145073,0.7625726295841297,0.7533662012955078,0.5180488418422055,0.0,0.782411896602713,0.703406904877195,0.7478646146889926,0.7100058495581121,0.5712871726668847,0.613304701691708,0.6042396053508827,0.6809076619980752,0.6092627142058612,0.6589678025975263,0.598751720222562,0.6543740256006915,0.7208547826826552,0.6096560298197718,0.7110040477355781,0.7902149571990115,0.5928412729311745,0.6195620246511083,0.6339653289293775,0.7196984343326642,0.615666687781448,0.6168294116566088,0.635581767797852,0.6524265490163877,0.7532775143102299
SRR9000095,0.8061752561494789,0.6862084495857991,0.6334560579924412,0.6864722800797219,0.7033633508934529,0.7194657238547804,0.6771558270456034,0.8290845572991415,0.7148198810418762,0.7476408852014869,0.7029359176054752,0.7479717422000621,0.8389380369176805,0.7391977445322842,0.6556795638602718,0.8134373328826067,0.7879756428000392,0.7066532081097211,0.6399133537820998,0.6045096245350936,0.7498301109058463,0.6591391158839017,0.7302109291915352,0.755163163284759,0.6945663168245005,0.7176585375696238,0.6844144570070994,0.7827595256464085,0.7739644230961584,0.7291452810323739,0.6706791465448249,0.8470088896520194,0.7413921203511951,0.7816729529001104,0.7905066022617983,0.7800674232757538,0.6628136356847775,0.5551628258404281,0.775617930461989,0.7913107494909495,0.8000858192342939,0.6792202974324869,0.721418313588525,0.6910712423228461,0.6862700173981319,0.6749703286205672,0.7559222496814983,0.7562702923746453,0.8391166058919503,0.6795125378871765,0.6425235430206767,0.7447734031942087,0.8201354103639914,0.7627109719679995,0.8027847242210727,0.739026225021506,0.7931208739166122,0.6325145039953356,0.7844514650182178,0.7646803828018703,0.750579017020447,0.6392433946295548,0.7571422013023797,0.7934203800515397,0.6764563102036418,0.7279972560410264,0.6974628293188448,0.7355492369343689,0.7765411802255026,0.7667091421132499,0.7513764040393709,0.6924868552875704,0.6897148700634038,0.6901890343615016,0.6952744298580753,0.7823223702248808,0.7269729123646608,0.7600672165708239,0.7098244611968255,0.5751153783374842,0.7574790758296632,0.7860729358513076,0.8210310681802201,0.7289760535283627,0.7489925155165283,0.7766938805302411,0.6656099321248155,0.6528940517282505,0.6957592145111196,0.6996928122721745,0.725556539340113,0.6715138600595237,0.735719674508455,0.7466961607704565,0.782411896602713,0.0,0.6693676600537458,0.5325326181994738,0.772286328736475,0.6635757559376392,0.7306897539827691,0.7055488186975447,0.5522984996056461,0.7506547296804746,0.676036770125322,0.8018379800549458,0.7580117123720761,0.7458518982495825,0.7669704084032041,0.6579337063407935,0.7619673433917439,0.7307881493270962,0.7534134291252192,0.763859491948687,0.733007585976676,0.7634048731431603,0.6506572443097542,0.7308888695052921,0.7309015679201524,0.5027795986628416
SRR9000096,0.8295096252036313,0.7574733155756211,0.6873395195818475,0.7674202968242562,0.7378790891587823,0.6249534158466983,0.7470842402022284,0.8268605534776582,0.7266967817261644,0.7700323392052364,0.6710059602913082,0.6291848452533468,0.6881824043049901,0.7144909291691663,0.6098694557078539,0.6964399508210617,0.7180754623398703,0.7216106855888968,0.6735668501573506,0.5543335354777297,0.6696438861677694,0.6422867801065192,0.7508811036935896,0.7648236894373697,0.7715206448367312,0.6981367081206468,0.6995094676684261,0.7215292184362685,0.5225197973264223,0.7005866757995782,0.6573872770256113,0.6522427225748302,0.6923801313762002,0.6732675558733637,0.6464042038824331,0.7540817167402748,0.5946975452311221,0.7536734958699519,0.7376851974329872,0.6173748363841323,0.8145279287249249,0.6989720710117348,0.7513493778734198,0.8304725350041502,0.736572515299552,0.7649316454218313,0.7191830772597019,0.5965026961561841,0.7025892944652052,0.7464937365794632,0.5832215146663788,0.7217213706811663,0.626441778110878,0.7814324193534478,0.6536134948511876,0.8009485664670785,0.7501648616988721,0.7139944381122378,0.7657580795706082,0.7353304006164664,0.7438727612227297,0.706885829088085,0.7492531412822161,0.6383778539940539,0.6546699358760162,0.643740268283933,0.6512372355826875,0.7108858793290046,0.7729267604231349,0.721336693032811,0.647118756672227,0.7150201958119364,0.5715807339678431,0.5408068990034637,0.6247694682565471,0.6435407569292142,0.6136881960615193,0.68697327202462,0.640417898436072,0.591613282249696,0.5885850111878906,0.6521470314165244,0.8005372067717857,0.7636474878476915,0.7012639621059364,0.7810981729794179,0.6792344551706446,0.629835437399523,0.7844964154188979,0.6803434471137436,0.7244310482425398,0.5689314055778482,0.7227057934949016,0.761947534038391,0.703406904877195,0.6693676600537458,0.0,0.6925475756592835,0.634067079212331,0.6642866950313642,0.5925302165056862,0.7290753588415815,0.6393972821826484,0.6060204128265112,0.6070877076561414,0.5737687218996058,0.6986317210984494,0.7318892331783805,0.5837093714616178,0.679280565039697,0.6683739948587998,0.7841927133860459,0.7366006025560786,0.6834417426654048,0.6980896296454774,0.647171243568035,0.593385134024343,0.7927556735477068,0.668776748009009,0.7043602055111636
SRR9000097,0.8440177006997395,0.6946570186606187,0.569917570902998,0.7655543567893224,0.7115175581001403,0.7150166068967466,0.8607425351236656,0.7679844320284057,0.6895490910822393,0.6722094873167176,0.6780454591467586,0.8112055400041015,0.744200427310386,0.6106370234031031,0.6771995480396525,0.779249321068551,0.7072358663405434,0.7044906736732367,0.6977366570787309,0.699713293133837,0.77137780975232,0.6006136961524445,0.6916507473921488,0.727150279403365,0.7738987000225839,0.6768157677710908,0.6931003666380333,0.712900776404669,0.7053190087841256,0.772037096159816,0.7012421192489885,0.8092381485846113,0.7296608022102792,0.6065634214461287,0.7065104425561145,0.6260742750089299,0.6245948921395419,0.5956459310904012,0.7066634059924789,0.7669727947361087,0.693041089767967,0.778710442771262,0.6433639075661716,0.7551637080629636,0.6763302281427337,0.668120406568764,0.6968235130307352,0.7550468504943703,0.7523099370318792,0.6759617638473331,0.7400333711853916,0.6792338826909885,0.7276640796520685,0.7317478233969481,0.7581909861797251,0.7088550283342787,0.695110905380349,0.756753746694404,0.692976553483615,0.7403123068024613,0.6735261217220772,0.6539295721809365,0.7104684466446504,0.6224204348637833,0.5520645475515504,0.6591942551663686,0.5774670786527164,0.7518164323777075,0.717902473290883,0.6418365037951884,0.7392062700082033,0.6848903098877284,0.76121188919441,0.6822971501551478,0.6482465099486757,0.7679128886858382,0.7179446057230247,0.5855197068817207,0.6569506467171385,0.6925121106542377,0.7284774970028627,0.7363191193069669,0.789764243510545,0.69028448346606,0.6003367448539795,0.6458007327971196,0.4628116815758034,0.6014195588558555,0.7156815774328785,0.6893160379732634,0.6963625570917793,0.7147239453910665,0.6934837137028649,0.6681962735375417,0.7478646146889926,0.5325326181994738,0.6925475756592835,0.0,0.7361039263913721,0.6223183239712244,0.5680458093764931,0.7664585531846871,0.5434737844926336,0.7743918957285552,0.629130616070222,0.6613375636948459,0.7228725916586634,0.605436595213094,0.7977143720839773,0.5353547758019984,0.6962310961567724,0.6901149315115667,0.7189318658197282,0.6697248492435671,0.8003475143455853,0.7239509822226585,0.7116546631942172,0.6010182277702029,0.6904285606221089,0.5165152766844495
SRR9000098,0.8258511741199472,0.6121304154830978,0.6138408264474867,0.7728340735876076,0.7086287251225181,0.650281267481297,0.7464888009621449,0.7294586648021254,0.6605802542056533,0.6654413112917625,0.6538992941996463,0.7606207658176548,0.6782085452984694,0.7019773232747649,0.6889801254099975,0.6384760459684327,0.7402866822298594,0.6085084871247137,0.7784507427774111,0.6461026667922956,0.6717727394773493,0.7778123881961884,0.7771320493774859,0.7774921328674397,0.5637247144419912,0.6651841176524054,0.5932422287819612,0.6656551659043276,0.5755559424816036,0.6390355176591956,0.7228328097255302,0.7693082878881798,0.6386665883118972,0.7092479705441646,0.7353108934439524,0.7827712052392585,0.698981802455988,0.5851703155942671,0.7377534285551544,0.7300633469300869,0.6717508452061133,0.6012941971293465,0.7469761432091854,0.7190542559730301,0.7265695861378887,0.7779806226802252,0.4525702647430827,0.7166559570873641,0.7021392654625909,0.7170031833537637,0.6639639146371598,0.7066054315176755,0.71265681272916,0.7245597741088916,0.7712332035725785,0.7775085274855932,0.5787008571603038,0.6978403527678992,0.6206698534493489,0.7753298011188693,0.7434785571617698,0.6590385470742911,0.6953449548454418,0.7182337336581721,0.7112610838700927,0.5587292034071907,0.6342969544794194,0.6950223485780603,0.7121869767682695,0.728055228420268,0.7398439305091299,0.6688998770654746,0.48842309316296845,0.6893708102133157,0.7410930868785615,0.6181707671026713,0.6583692796710192,0.7126735450092642,0.7773774402330774,0.6951311963612321,0.7548814072368963,0.7326175959380747,0.7507088995643801,0.7418295590312529,0.7408581869568747,0.6851695298297953,0.7058556294938767,0.6305214925560825,0.5696812693286766,0.6823973143433317,0.747198933808868,0.7380102335684559,0.7448568614149439,0.7444430836872851,0.7100058495581121,0.772286328736475,0.634067079212331,0.7361039263913721,0.0,0.6545570738596402,0.7200542638946769,0.7918662414228441,0.7622617543391532,0.6929441350343856,0.5269536464743012,0.6472186561826687,0.7173837155114309,0.6577095362781807,0.6986753470377881,0.6799542665471493,0.6801602373179868,0.6132631857977396,0.6917799683954595,0.6953436233160976,0.6385084645156567,0.7088938691361086,0.6555382314449112,0.6578718475066315,0.7120567178288957,0.7422434295601776
SRR9000099,0.7629513520766945,0.7357795507090029,0.6162321584910209,0.7718699647875087,0.5430102399262318,0.7746643071752355,0.784459507070852,0.7581327818740857,0.7273081705374018,0.665751785160233,0.6815823959143901,0.706413532613924,0.7244482627088361,0.6459043574147997,0.6200525478674753,0.7151973154779996,0.7499379854255978,0.6162240165284074,0.6878983097983629,0.682158030613126,0.6942922292688786,0.6187436699439218,0.680862964364542,0.7319647545452427,0.7265722367226347,0.6155727626820624,0.6031448831139057,0.7723590553990418,0.6603187250123687,0.6785376136851478,0.5958716095999979,0.732773932275551,0.6922636786521952,0.6523194482105235,0.7077879460050664,0.7436183873881028,0.687399703361711,0.5881902375113114,0.6955635607778794,0.6716817708380355,0.6778704114439282,0.650081700493747,0.6634707151715458,0.6445361880273771,0.4951695295962032,0.6181150326527367,0.7649044864806859,0.7737629149937263,0.8006676402264895,0.7234418800465507,0.5793613417388511,0.6132989746010431,0.588722100345739,0.6610500484727893,0.7320693257636642,0.6900879233593256,0.70326409081838,0.7148557746559451,0.7043066973631844,0.6910002216384264,0.6659395571609686,0.530544939991206,0.636045328266205,0.6887247627489463,0.4995270758479669,0.601065467355815,0.6212452925864052,0.6883842964243367,0.6578946334213392,0.6408013994983347,0.6214276300914994,0.5781197498514542,0.5959971945160584,0.5694779100702697,0.5969499314714414,0.6281353145209678,0.5847514017280897,0.4421601490099662,0.5966768053027787,0.5955261814014895,0.609655308481623,0.684110928075612,0.6237928708937227,0.6722117649126093,0.5759297220508892,0.6218715590102216,0.6966697597677114,0.5172350192234086,0.6916725064083498,0.6403886503397606,0.6730238516432082,0.778230717348298,0.7063962370429734,0.5968680861456518,0.5712871726668847,0.6635757559376392,0.6642866950313642,0.6223183239712244,0.6545570738596402,0.0,0.5610021270155631,0.6771931345496682,0.6411908356749083,0.6158456085435753,0.6787962373749553,0.560331240245228,0.6228228729419838,0.6708175273806765,0.698321153247251,0.5725278945038825,0.5854993636443836,0.6641414723383733,0.630435664931543,0.5945034754566862,0.7017344241417488,0.6123896802228284,0.6672562811018546,0.6504715951741555,0.5474184799060101,0.5333861414764555
SRR9000100,0.7797744442824485,0.6968373464578997,0.6177204800902255,0.729123191329778,0.6820566487905086,0.6829991969421465,0.7223855204686671,0.7476352399687257,0.658096507170183,0.6423894030155728,0.6649512010836945,0.677443894884621,0.7228059064262246,0.7049099554773998,0.6925706902157943,0.778773564842175,0.7123641023347179,0.6190520368867874,0.7329160931660031,0.6689970495925432,0.7563963830097513,0.6233588437640549,0.7717014470643226,0.6931508675707264,0.7395552471109824,0.6660593012583271,0.6302457105490936,0.8018238349442616,0.5718863628976849,0.7018956625843766,0.6361926611353549,0.7306687090498448,0.6903605565656856,0.5825133562407158,0.6575662748700473,0.7529312817013573,0.5923136100573663,0.741782267900404,0.6688391403058758,0.692980353227335,0.7159614209251559,0.5671393090517551,0.6100408650934397,0.7715071626907862,0.6254776211480902,0.6745446612302654,0.6704530903485963,0.758175734841192,0.7071638105438098,0.7605660123206759,0.6868565829166877,0.6203335436674967,0.5809244664800529,0.7774584183448503,0.6826463203593339,0.7524539262005779,0.7396935884024456,0.70180974014103,0.7046104333185327,0.7201155099783925,0.6058045494572588,0.6503827732929974,0.6415392150429156,0.6614458685363706,0.5949249759068613,0.6929370076702949,0.7434423420705758,0.6658508555314718,0.6940502247056338,0.5349348560786071,0.5804578008747819,0.6153834078451964,0.604969023492505,0.5675393572412052,0.595874892620683,0.578962659598603,0.5400045587464112,0.5431353196706716,0.6907126057341648,0.7278767326133085,0.6753681537332874,0.6930220976120883,0.705884492583907,0.6005805223582634,0.4276509860693747,0.6058770850735444,0.6264881741242606,0.5269696105695503,0.6470886085980012,0.553647093898016,0.635419182871169,0.7423060643192456,0.5980436673027699,0.5705236187046053,0.613304701691708,0.7306897539827691,0.5925302165056862,0.5680458093764931,0.7200542638946769,0.5610021270155631,0.0,0.6041667486398977,0.5710394511099821,0.698235731261077,0.6949426346856539,0.5753207140243941,0.6547956150876376,0.6345059584427212,0.6866487480678246,0.5603532766785869,0.602125163728765,0.5697494645745295,0.6048892681471234,0.6876977598749435,0.624483608531491,0.6206329071499264,0.7145917501136169,0.5060562398822577,0.6698580498259853,0.6878269399370629
SRR9000101,0.6850783074967843,0.8100865664856511,0.7132503522588313,0.762368237300242,0.7492015087821537,0.6742246360563908,0.7803293941910779,0.7686714653755851,0.6946821714716624,0.7037000450329802,0.699666919854507,0.770238291920317,0.73504018732342,0.7787998193080974,0.7660932541900274,0.8202721401228503,0.6218127739134002,0.6248811890248853,0.7133323375220412,0.6428786248285004,0.6819227595038256,0.7237877102729554,0.7774436233408336,0.6663877943829448,0.7464341134077372,0.6422358684241425,0.8251495761802421,0.7363151580511328,0.7308679354196932,0.665128657381997,0.8205447129650041,0.8195625158591723,0.8164344171288439,0.691206208832673,0.7561649552686628,0.7639295209866483,0.7195253436640109,0.7089705047934595,0.715545045092198,0.8448060124463878,0.7055480212298469,0.6585626278607211,0.6865653399288484,0.8262998507479479,0.7520564996936869,0.7569544199845797,0.7851621705982432,0.8418734170926617,0.7492037519439041,0.6726350895569181,0.7344859832947941,0.7087569023841009,0.7184294428804444,0.8172106969503771,0.7740600528223259,0.8352508557621141,0.7647160986365391,0.7394210552796372,0.6908579763247273,0.7720779872455314,0.7464222508389492,0.6176764827047547,0.7361773662400558,0.6733688654219596,0.6020020920056801,0.635729627042968,0.6990630588591639,0.7545516236177379,0.6624834778497058,0.6388381432755819,0.6446177370591089,0.6270472350508441,0.6470857176026693,0.6570564735390724,0.7526853576437982,0.6636624588073028,0.6713043881688374,0.7139218019096033,0.7358511517021006,0.7007151657519166,0.8267732310105598,0.7767225128153779,0.7862215930007641,0.6412622493366836,0.6345646331675695,0.712042124489797,0.790843835250585,0.707222613834184,0.6389644705263422,0.587515707299143,0.6002642090598763,0.7282152842428659,0.7058483355647939,0.6413439105452894,0.6042396053508827,0.7055488186975447,0.7290753588415815,0.7664585531846871,0.7918662414228441,0.6771931345496682,0.6041667486398977,0.0,0.7609962753644282,0.636382145339941,0.7696884678851316,0.7096644735917017,0.6447850776757974,0.6263407524161725,0.6695361780566943,0.7605805919196169,0.6346876089605277,0.6629145627528832,0.6657287897793961,0.7761263166367626,0.7261375256222342,0.7287689634460512,0.6536207561083803,0.6797517336449421,0.7252570753053462,0.7536169837123706
SRR9000102,0.8061188620182801,0.6540886941243392,0.6405228362899607,0.7726679097037282,0.7237568036334939,0.6846869387469391,0.6743052888152634,0.8526610592468998,0.7333900278856756,0.6869857163920099,0.6993191959898508,0.730081307718016,0.7104703433155841,0.630913834136592,0.7052579025696272,0.7537664289320173,0.7375840802670627,0.6722681061418189,0.6669213498931201,0.7146343357036347,0.6479402309299315,0.6096656723711025,0.7162104486518351,0.7055297649538479,0.6276078224271532,0.694629439540931,0.5634773937979043,0.708222374452512,0.6462936221920813,0.6751420326832167,0.6549310354346166,0.7334200337700146,0.6820929753958112,0.70204917636787,0.6731360421116303,0.7379642619745532,0.5990867623189935,0.6365536489258404,0.7307925828852888,0.728834016723957,0.7356559874251611,0.5806403229765043,0.7308363366478775,0.629264622405472,0.6187959069375158,0.6412720313376634,0.6855503962980528,0.6556032635888152,0.7549362115749207,0.6698427773977375,0.7296783057322991,0.7355213258310914,0.7073759658087537,0.7774152423754473,0.6851796020557865,0.7553747732459642,0.7455244962361207,0.7776828855600935,0.7590432127230083,0.799225365260014,0.7082651694666178,0.553241265982492,0.6472202062064234,0.6482352305488679,0.592518251680128,0.6550030734733783,0.7212257597693629,0.5992473173074456,0.6692859274426542,0.7061059104409216,0.569377619498257,0.6342078675816912,0.7196534797102189,0.7141988474890515,0.4825033077112789,0.6600600135479209,0.5872973935605309,0.7021801935808291,0.6681695112705367,0.6646876661432188,0.6826639344601574,0.6736750928719016,0.7526972823277494,0.640103443660353,0.7560623665594377,0.6953127793873422,0.6853482660301518,0.653610069734777,0.8012988845712207,0.6664165930242405,0.7460987448988706,0.7155865886280391,0.7417502523213211,0.6572565529513762,0.6809076619980752,0.5522984996056461,0.6393972821826484,0.5434737844926336,0.7622617543391532,0.6411908356749083,0.5710394511099821,0.7609962753644282,0.0,0.7247923489009829,0.5926485694689787,0.726292086816595,0.7153008869118993,0.6155935200747489,0.7215312094139116,0.7252363054338101,0.7295196602230813,0.6326482606673985,0.5954462946220715,0.753854974019871,0.7760254324207909,0.6400077936621322,0.7135758848530227,0.6948809878820831,0.6642848991701341,0.5563020512175192
SRR9000103,0.6480783267743715,0.7954853986020886,0.600164094457581,0.7556219057564959,0.7817158236132272,0.662028328185201,0.751329313490464,0.7275236150098874,0.6379541112759858,0.6279823939068941,0.6816952232184595,0.72449381884103,0.6410635464607383,0.6695640341438934,0.7125990512734172,0.6679772871047254,0.7350736085547717,0.6148520823535067,0.7115237685518865,0.6763431642028918,0.6100479601492037,0.6705850649971304,0.6595276557306573,0.7339749178596471,0.6388574203644879,0.707326447256802,0.6968279843551237,0.7438575043615977,0.69150739325183,0.647692797362395,0.7266267928255026,0.6960136799567668,0.5938420466974154,0.6894586846481251,0.6746061497988733,0.6479022360840301,0.6915538141710467,0.7156011955788539,0.6543102118594528,0.6144382316347613,0.7169150876938174,0.7050526981503443,0.6471616243799718,0.7657210636961655,0.6139951426261613,0.7647677784156766,0.7738188743567835,0.5683888629426985,0.48206016842110877,0.7312092793452315,0.6324424325469729,0.7526078070794829,0.6609814196112627,0.6561867386254098,0.7325131691484229,0.7759008279050957,0.6968612407629404,0.7075573731915201,0.6264249978702381,0.7537315443802387,0.7680575525797833,0.6083930795302589,0.8003156898956367,0.6824106322120688,0.6987462269161029,0.5490567803991104,0.5426151791245524,0.5661949138277582,0.7107897597592432,0.7682300863323193,0.5815819545467287,0.5798418073734395,0.6143220156787857,0.6393136176933715,0.7268898978965648,0.6848180075515489,0.5938646914857533,0.6756557765611657,0.5316577943905058,0.5011374954654118,0.674659880370505,0.7271508231358098,0.7504020116280866,0.7169502925534692,0.6896052917915291,0.8090730573370781,0.674600137743296,0.6757760975239246,0.6365163219826804,0.70871522684913,0.6208103318824353,0.7918366597146975,0.7424902286522587,0.6393855682233139,0.6092627142058612,0.7506547296804746,0.6060204128265112,0.7743918957285552,0.6929441350343856,0.6158456085435753,0.698235731261077,0.636382145339941,0.7247923489009829,0.0,0.6030218585522857,0.7474523905114562,0.6892063968223747,0.8010151565134934,0.7217135952121684,0.6853171187448307,0.6557404640676232,0.6800007955593271,0.734375242232883,0.6118087823959292,0.7661271922648808,0.7476027392892192,0.7081204256575395,0.7020870361954508,0.6304703152411364,0.7228973739160729
SRR9000104,0.6808296167941844,0.6549242668819866,0.6151108366048814,0.7130314255129769,0.6957458809758204,0.6017412701698996,0.6642673968459041,0.638778825121898,0.715639276003474,0.6454425887368029,0.5966279286744935,0.7225795064209416,0.6691483613674115,0.688213521651342,0.5770125369226894,0.6196345855837381,0.7805562166898825,0.491460025716553,0.7199280306744036,0.6910890626425804,0.607210542028594,0.7148471431014535,0.742279861731338,0.706274543542367,0.6000231053431668,0.6199886486708461,0.6105790560650748,0.5944449372720086,0.6648869218117782,0.534746213355103,0.656264273844645,0.6135670196985399,0.6049809505268664,0.7546008954653829,0.706328942038432,0.6902432468162486,0.701758182021046,0.6824313835857869,0.6912402089579825,0.7254308518237433,0.6851262191601197,0.5121625462442304,0.7585719832979353,0.7398725329096297,0.6449380583015215,0.7924851922292391,0.5517083801006045,0.6651210794066073,0.7151416042591362,0.617366415227142,0.655456999079768,0.7300937896612668,0.679290003740545,0.7030336008661409,0.6826891890597501,0.6614933238765809,0.6878626903734023,0.726631334634044,0.6841080591135568,0.7570065711286907,0.6836130098600922,0.6060452728692874,0.6964177585839023,0.5899911549094584,0.6043555365345508,0.5960162685959289,0.6093721270307035,0.541638367329015,0.5651109501289905,0.6542689227690474,0.538621848991372,0.6875950527775313,0.6314411556012026,0.619537980058117,0.6768938643544564,0.5759386306722198,0.6278458964482756,0.6703749130652209,0.7104746853780932,0.5680398783369422,0.662025050965033,0.6342623786294715,0.6915009840485724,0.5801724406411602,0.6369021230501682,0.6962476933741871,0.648182035271014,0.6306631080618857,0.6271239580982285,0.7400885081229345,0.6879717332005286,0.6225607294325594,0.6729404174137023,0.685697316078941,0.6589678025975263,0.676036770125322,0.6070877076561414,0.629130616070222,0.5269536464743012,0.6787962373749553,0.6949426346856539,0.7696884678851316,0.5926485694689787,0.6030218585522857,0.0,0.6364112872396384,0.6930701112751245,0.6461863476199958,0.7154011926010673,0.6310912541917275,0.6408206344015044,0.5165075081841489,0.6534957611347413,0.6071798911488918,0.6803279339022157,0.6283481326337241,0.6265845105849309,0.5897387038186465,0.6377248953010642,0.6912847698439402
SRR9000105,0.7709480681537977,0.725088528902076,0.5927400784481106,0.7514690678228002,0.6525421760105462,0.7619610080870076,0.7886831650420154,0.8211476743186075,0.7644534340674802,0.6915092435975466,0.6195221031403799,0.6283469707393112,0.7496129269439616,0.6608987051344758,0.7028362247051902,0.727240505005575,0.7406842604056547,0.6160495386231758,0.7419282510320343,0.5912982968103891,0.6648157513542138,0.7160033383213863,0.6722183235175998,0.8016457009904294,0.7984501179945805,0.6854515692676278,0.6254986116987699,0.746046708784643,0.6825651578112419,0.7024049312153572,0.5753999548538645,0.7500148301727382,0.6775082098706392,0.6349299625957784,0.6373018018921788,0.8032332999122207,0.642180493073941,0.7229524923467937,0.7520232882064644,0.7180932086692411,0.6966505152994309,0.6870800868310644,0.6618990608263146,0.7793035010830807,0.741085081950058,0.7911267635854325,0.7085438866666878,0.7108224116765556,0.8186921891123158,0.6874861678672636,0.5790732852726599,0.732993172157525,0.5861942550488792,0.7643046569809914,0.7173974606253414,0.7706000422520289,0.6925964556909786,0.7479211215587601,0.7410491115714221,0.6492391047590026,0.6533709318532479,0.6878984088863844,0.7492386766401076,0.6454989366411169,0.6425579062432489,0.5827687325256827,0.7060606772780517,0.647771097939978,0.6269692701149928,0.5046580423523617,0.6302491259073415,0.669567400099467,0.6306372467979299,0.6094490541561561,0.6742858773573848,0.5789068663891375,0.611793924845325,0.5482297468059432,0.7029216065348978,0.7725514302192003,0.6165503604329959,0.7009530232232866,0.7190512661292928,0.707664152297021,0.6159445371306478,0.5664619457102075,0.5438778897388291,0.5643362824244692,0.6547454132706835,0.6435698325025678,0.730603989734722,0.620467866898052,0.7630878201142356,0.7290582116679639,0.598751720222562,0.8018379800549458,0.5737687218996058,0.6613375636948459,0.6472186561826687,0.560331240245228,0.5753207140243941,0.7096644735917017,0.726292086816595,0.7474523905114562,0.6364112872396384,0.0,0.6176985445082024,0.684964893180605,0.5289788244292863,0.5970600385378472,0.6738596251272405,0.6772013225809396,0.6361890371168222,0.6682471194039191,0.6894671973871951,0.6125274646664675,0.6636155927067905,0.6542860311925157,0.7798683740685561,0.6993277970315961
SRR9000106,0.762754979102374,0.7878432121842771,0.5935079411885444,0.7287681774193925,0.6920506670385725,0.7155763858718671,0.7470872858250375,0.7324686565255437,0.7585470183838805,0.7178425745108864,0.6392193026437232,0.7284114851829576,0.694059623651128,0.7740799569829129,0.7306994828577575,0.721025107530511,0.722743064485142,0.6858029317914122,0.7978214293781021,0.6673721687979675,0.6822764369600315,0.7066562205543372,0.6664249616402446,0.7346790579096407,0.6852029190773201,0.566285454982713,0.6587067199791657,0.7167095729047411,0.6476379349018484,0.6702310334540827,0.6642224899529667,0.757901928877784,0.6910978888714981,0.67305521941454,0.6285741739017003,0.7482593864858875,0.5996665383997127,0.7433223067103972,0.7704403759507712,0.7645520189618651,0.7105996602594453,0.6165507929368539,0.5907156733364706,0.7290653889654394,0.6873611178590336,0.720004094841292,0.6578496401188709,0.7771664792232975,0.7556159426060486,0.6930746659792228,0.652616539777611,0.7106879982340913,0.6589531596893202,0.7194500814802268,0.6724201490685832,0.7483233411505688,0.7078739123182924,0.7633016287927181,0.7365074328504649,0.6982781031240052,0.6600240940850666,0.580018138785678,0.7128569889048862,0.6858557140032268,0.6171653476906698,0.6865301963091891,0.748260640679686,0.6616013724607164,0.6432401837822092,0.6870760470262689,0.6349773042123892,0.6276661616829852,0.6201565828428639,0.6678644992613937,0.6223500940762234,0.5621737995000389,0.6653002887682317,0.706501655610398,0.7215882008751228,0.7405854972293262,0.7218083969366279,0.6940426959244882,0.722597787578278,0.6652895137615021,0.6455569907857829,0.6218367562716381,0.7053033638339454,0.6978056269306041,0.685482120643966,0.734108247936286,0.5820985147847464,0.7333667732733795,0.705156223561322,0.6151208709003354,0.6543740256006915,0.7580117123720761,0.6986317210984494,0.7228725916586634,0.7173837155114309,0.6228228729419838,0.6547956150876376,0.6447850776757974,0.7153008869118993,0.6892063968223747,0.6930701112751245,0.6176985445082024,0.0,0.6285731206884861,0.6991576000836813,0.6120080008726135,0.678561264945731,0.694441632165193,0.6129364121619413,0.5892402419266389,0.7715896691437287,0.7495934715480616,0.6455849423271285,0.648110673244253,0.6859919307305975,0.8141742639619864
SRR9000107,0.7557817567902901,0.5696586454620469,0.543044385115929,0.6837360488995345,0.6430991601679723,0.5680361928955556,0.7911918410957834,0.6752063041206575,0.692281619977144,0.6573660648795806,0.6534936770540742,0.6750347531394696,0.6044225780327106,0.7283663716224048,0.647195749624545,0.722230226513067,0.6139531359901348,0.6079908650519049,0.7329409558987059,0.6805321024091722,0.6779382470503973,0.6824201316879948,0.6065662634932669,0.6040523010413795,0.7103216779645508,0.6431897322898157,0.673583518697792,0.6107723583804058,0.6626902935120838,0.6232348688985992,0.6423868519623788,0.7148380185550766,0.7173871822620334,0.7011550500485418,0.6183463168367737,0.6765765986689662,0.5585983242569681,0.5842019346114985,0.675852969162406,0.7776483853027768,0.5683840164475722,0.6741835539570483,0.6755099370300217,0.7330888388561452,0.6672893631389484,0.6473539545021659,0.6305118831915226,0.7134880308876255,0.6968471386013082,0.5667817172517258,0.6913250590109038,0.648113140783535,0.7269117692553997,0.6828750940097215,0.6682994260546373,0.6340040314150607,0.6965601619929422,0.7564731438804794,0.687470393456319,0.7022895806416096,0.6225801318360634,0.63418042474088,0.6690427575022421,0.5903633435912475,0.6505447457027116,0.6581675948224425,0.6594884991082219,0.7091625518514607,0.6984365875433861,0.6723034315671206,0.6814421859156171,0.5753678661875189,0.691097475216732,0.590959957237017,0.696296097995789,0.6815590856391522,0.6359937714308962,0.6374714212210166,0.624027365187188,0.7276122149977499,0.7301024265054831,0.6653884870473747,0.7241474437081087,0.6286112329781662,0.6561338020388854,0.5858264130397662,0.7369906856299627,0.6704606557357597,0.7266260820472855,0.6820924607490321,0.6605447655439514,0.650291655124072,0.7128247705608278,0.6855809875542048,0.7208547826826552,0.7458518982495825,0.7318892331783805,0.605436595213094,0.6577095362781807,0.6708175273806765,0.6345059584427212,0.6263407524161725,0.6155935200747489,0.8010151565134934,0.6461863476199958,0.684964893180605,0.6285731206884861,0.0,0.6940538552803293,0.7055554079095837,0.6124108664591755,0.6106406933908222,0.5548825545218029,0.6683555076519333,0.6697189550432417,0.6831702770445027,0.6614784916832086,0.6122572252274325,0.6581260840857855,0.7437213661485802
SRR9000108,0.7605253008382937,0.715295980167845,0.7730783270322708,0.6954261339061806,0.7181981096064357,0.660647896940952,0.7203882765712728,0.863781213628305,0.804878663216569,0.7560486881254636,0.7422339999484351,0.6751139119622793,0.7723266974168841,0.7996339072783334,0.7973996907984066,0.8024824275390424,0.708452682596696,0.668968328403658,0.661557023547962,0.7838989697051265,0.7554368217506678,0.723482292687826,0.6443773473325681,0.7479414163339939,0.7994191127629021,0.7849804423319885,0.7575240455685458,0.8280863700256711,0.7067146231930046,0.6828758562692296,0.6621354598447132,0.7559126877946304,0.7619447297004539,0.7499761808509208,0.7397073945724653,0.8311623909152326,0.6364644316789697,0.7434848139215807,0.6833091595978569,0.7209680088356647,0.8021330241602255,0.7168705977248513,0.6312762481436204,0.7693068789552182,0.7898754219041575,0.736372391726265,0.6925501180907123,0.6688585186717758,0.794932376588922,0.7816219953298736,0.7179967662214687,0.8056485416948226,0.6953409789772111,0.7161850970346255,0.7213825419803328,0.725041753729718,0.8228575936020417,0.8113399547159132,0.8164933663964782,0.7846528167056906,0.7530937142614526,0.6176377719662907,0.6423555671738882,0.7423215646781198,0.6058204069402043,0.6631122001642812,0.7235011416586749,0.7012146297279075,0.7376099198602527,0.5834811664621704,0.5955512441093141,0.6601481962611863,0.6610173584113833,0.6654037460559198,0.7616609119406872,0.7303660854981536,0.638239224875348,0.7806529222002534,0.734331849455873,0.7754019238901063,0.7344430083071043,0.7231914874011476,0.7703876348140886,0.7056041191550393,0.7415839995621778,0.6410456558306861,0.813661543992942,0.7056904368698369,0.6861833120569389,0.6283876116728203,0.6753113392392225,0.7241188827841375,0.7877134259002564,0.6854531061310137,0.6096560298197718,0.7669704084032041,0.5837093714616178,0.7977143720839773,0.6986753470377881,0.698321153247251,0.6866487480678246,0.6695361780566943,0.7215312094139116,0.7217135952121684,0.7154011926010673,0.5289788244292863,0.6991576000836813,0.6940538552803293,0.0,0.810613071235986,0.6698676467425762,0.7884045274709277,0.6582597576356365,0.6864092067978317,0.7046257143202729,0.7401198618453808,0.6924011540557625,0.7607884186417314,0.7199141791228351,0.8039279422204912
SRR9000109,0.7630461308898405,0.646397202101629,0.5950874015956102,0.7466029375056129,0.7428729817122098,0.7215096393736583,0.8158904616926367,0.7280645874460514,0.6764061901846654,0.6682593410800369,0.6926960605946014,0.7613112319864058,0.740790636814396,0.728059002960971,0.6888858547999706,0.7188216084021055,0.7870054550410919,0.7375606523722399,0.8034165752876027,0.6770979297505842,0.7536114979403676,0.7139549819692662,0.6874656580405453,0.7872691494284642,0.6478156748931945,0.6475834439986596,0.6554196803835095,0.7503141916062442,0.7086360996346179,0.6189992273594129,0.6337133125108843,0.7607952497220384,0.6322029248813088,0.6218478861815225,0.6498390906930358,0.7138723161092745,0.7196252268785217,0.7757226221906611,0.703363872474785,0.7150715462504936,0.6777852148627944,0.6669282150637609,0.5844475715959189,0.7242238996220437,0.6620160115675081,0.7453862826791837,0.6356078859468621,0.7853697645535684,0.7686920859054062,0.643952867088811,0.5765882886648066,0.6981167155890287,0.677872539395708,0.7677415581834195,0.6867003626860055,0.5878075403722776,0.7107907083714556,0.5835429247110889,0.7004076245071453,0.7172250456158996,0.6970077310474337,0.7270498196335372,0.7289317309586081,0.65776961421542,0.6047210006106856,0.6542661357762253,0.6264815832706566,0.6538822411184966,0.6714225352503091,0.6755021843044272,0.7104393528588865,0.6448092760941506,0.5356033051530688,0.6545260664346696,0.649480419920393,0.7101678645426278,0.6704000165855096,0.5858517343368844,0.6328989596597241,0.5731571358044418,0.663823168257645,0.7130047380629908,0.7682491691945428,0.6796079602929757,0.5461178902371424,0.6581300366515642,0.5631716280831889,0.6597441627815622,0.6203260011205391,0.6916135292996002,0.7631292466662111,0.6732192980526117,0.7503776852233417,0.6956440044409926,0.7110040477355781,0.6579337063407935,0.679280565039697,0.5353547758019984,0.6799542665471493,0.5725278945038825,0.5603532766785869,0.7605805919196169,0.7252363054338101,0.6853171187448307,0.6310912541917275,0.5970600385378472,0.6120080008726135,0.7055554079095837,0.810613071235986,0.0,0.6873302536789021,0.7199566795420206,0.694030336636162,0.626420752191237,0.8077760162925762,0.7114528564225389,0.6983920021394048,0.4983227631010383,0.7599412078555363,0.6329665231643308
SRR9000110,0.6180382991334425,0.7136608588815825,0.6346523198580825,0.7236990784510156,0.5932095108428326,0.5487090714286702,0.7237523876990055,0.7126136208034182,0.686942512751539,0.6455651696882357,0.6155625538225025,0.6489885488999524,0.6987631905811158,0.6234411100717177,0.7046313910844078,0.7357262560995462,0.5426817264298663,0.6729529567407012,0.659149092998532,0.5846117872691932,0.6737862754159116,0.6330357278169072,0.7187481365411509,0.7463350281301936,0.7195711840347975,0.6556263374802738,0.666637196407334,0.6875473316385854,0.6336029007034517,0.639023103215885,0.6438240988460054,0.7467409950139935,0.7011245261065031,0.7174730566965007,0.6388953808301207,0.6770865098015314,0.5907044384681747,0.6415393486001798,0.5552418840166929,0.6917803133711293,0.6614263508500675,0.6614129572251687,0.7485596937837358,0.6854739170687084,0.7022787079447349,0.6467934909869405,0.6457536721561571,0.7394207788708969,0.714916852251615,0.7349441243471022,0.6665307570470859,0.4949281336570866,0.5985321456436806,0.5999737267756023,0.5550357956445098,0.6535601144564155,0.6313870071962165,0.7537442568875014,0.6234422405934053,0.617883475362013,0.6856835289860801,0.5478340547927645,0.4560057340894368,0.6489184694601884,0.603777863612835,0.5817845222965053,0.601506030105501,0.6372697214182425,0.5025446204547598,0.7168310393239985,0.7165687358922641,0.617453863163428,0.6484941235082076,0.6791987382568895,0.7128289265840133,0.6531432521487809,0.6251657685649616,0.6666260702733318,0.6560002272881872,0.5752155588169524,0.7067126614503297,0.6405302674086053,0.6987855206394417,0.7405874124981683,0.5957392815030845,0.6812948478813429,0.7928180135728722,0.6676345154953895,0.6755150536465968,0.710073932772833,0.6665832980151113,0.700330277003172,0.6423373653985373,0.6705237641705015,0.7902149571990115,0.7619673433917439,0.6683739948587998,0.6962310961567724,0.6801602373179868,0.5854993636443836,0.602125163728765,0.6346876089605277,0.7295196602230813,0.6557404640676232,0.6408206344015044,0.6738596251272405,0.678561264945731,0.6124108664591755,0.6698676467425762,0.6873302536789021,0.0,0.6314906102449708,0.6742330774407461,0.6570048661985598,0.619445758366857,0.700463695536857,0.7006215502243169,0.660712648998112,0.6695214695174965,0.6923634688958923
SRR9000111,0.641878553943666,0.6429836421021969,0.5932692117350873,0.6095478607674103,0.7357460977217404,0.6636011429374383,0.6118045190426536,0.5581534447706284,0.6460081813903197,0.5986455379831831,0.592077707654734,0.649196496875318,0.6987013648853628,0.7440135977471277,0.584783021784216,0.7447277451950631,0.7174597784284303,0.4589951979180333,0.6971014730762287,0.6400042754090416,0.69472825782748,0.7012112794538778,0.699256504001778,0.6784916157963038,0.6591968335777906,0.5685440019464744,0.6254098157414159,0.7020155110952624,0.6562108470340453,0.5829924809313662,0.7534937877595527,0.6931471167114892,0.6579029598538998,0.697338254382978,0.7050403050775557,0.7194939483752438,0.6501206514566382,0.670348189280102,0.5849832421012144,0.8217657224506968,0.6325238201715109,0.5478592163493115,0.639804324150169,0.7659111389333565,0.5945781590461711,0.6482423990110598,0.5573572398659461,0.7583409418887183,0.6803806707560324,0.7170441410547664,0.7022160270723585,0.6788034835487153,0.6036773526522797,0.6594115380944995,0.6813153772427407,0.7479138556067395,0.6388428270557698,0.6424003597409863,0.6509908660782098,0.6892820004981213,0.669547606119957,0.6163823224137448,0.647142995548381,0.534987670579534,0.6181621383481608,0.6691216219637351,0.7172928562644143,0.6428603913251995,0.6320473165381794,0.7302268794539211,0.4867272222523275,0.6634366751867375,0.6878142867902223,0.6769004370805166,0.6568343885400206,0.5154881121329272,0.63609707255122,0.5852129981386576,0.6149253625176435,0.6340061759229263,0.6814924179233715,0.6692429821653396,0.6908424167113698,0.5794183764506222,0.6453095669570401,0.6438099771881557,0.7164976617546608,0.692454234030484,0.566278864253949,0.7306949893179793,0.6531313146270664,0.7260904644273191,0.5893761175494507,0.5437283194281526,0.5928412729311745,0.7307881493270962,0.7841927133860459,0.6901149315115667,0.6132631857977396,0.6641414723383733,0.5697494645745295,0.6629145627528832,0.6326482606673985,0.6800007955593271,0.5165075081841489,0.6772013225809396,0.694441632165193,0.6106406933908222,0.7884045274709277,0.7199566795420206,0.6314906102449708,0.0,0.6761894099582003,0.6462181358948121,0.5387865253222991,0.6063032849206177,0.7282975578805506,0.576389437454153,0.6628122821869753,0.6501719839813648
SRR9000112,0.7986230949415973,0.7085580165822882,0.669128215001436,0.738708692581755,0.7180917312700676,0.7096733315013677,0.7690767924197213,0.8059214291553648,0.7644509015611642,0.7772480453232294,0.6904658660919419,0.6827956632185783,0.6780965390226725,0.7835793145247183,0.7532326632494845,0.6984076682963042,0.6587147245675103,0.5890559745249803,0.6652650758821108,0.644434291844116,0.7224322312569568,0.7272423359730843,0.7018718306576994,0.7137852543277339,0.5988646138385307,0.7733812095556846,0.7219126218801437,0.6813432410675435,0.679946261328334,0.6562069675250602,0.6610803089405322,0.6837297945661654,0.6973782264421983,0.7099300120736403,0.7340559803652666,0.7636552300515007,0.5250411118785407,0.6595017371805519,0.6718523546264161,0.6814099045391266,0.6277861974014018,0.6185745360757696,0.6217183611888257,0.7477670958492266,0.683023139061513,0.763912662955296,0.664524991417594,0.7496733436381272,0.7527638843956839,0.6220030294975774,0.6418576120063957,0.7742163677765859,0.6716471766191653,0.634855665602107,0.7263168111984964,0.6943114665679473,0.78462416603579,0.7982069438936692,0.729774624769893,0.7202221571452362,0.7099116489516293,0.6790246675341585,0.5909652583575785,0.685539305588592,0.7314804037252276,0.6733966819203714,0.7303838792720787,0.6623283278157406,0.7241730298815988,0.6335729944219483,0.5755416169676086,0.5594533516351755,0.6543564682888158,0.6586348659775902,0.7263581725598295,0.7446045906460594,0.6606735731334673,0.6373408252915251,0.8193509155707984,0.7586261980923648,0.7266042679389982,0.6660046543768772,0.6546602521361343,0.5383097145527481,0.6993150392861942,0.6657789384445657,0.6701242621343478,0.6513338596502121,0.7244090001043277,0.5901443352505269,0.6529813884922822,0.7058488088903819,0.7227831199352388,0.7343025143507901,0.6195620246511083,0.7534134291252192,0.7366006025560786,0.7189318658197282,0.6917799683954595,0.630435664931543,0.6048892681471234,0.6657287897793961,0.5954462946220715,0.734375242232883,0.6534957611347413,0.6361890371168222,0.6129364121619413,0.5548825545218029,0.6582597576356365,0.694030336636162,0.6742330774407461,0.6761894099582003,0.0,0.6932053569251618,0.5849684524077875,0.6680701565165469,0.758208493118647,0.5538026815265951,0.6461546914541332,0.7259408799049942
SRR9000113,0.7448674796220423,0.7011131597788172,0.6234232618535022,0.7193493502061622,0.606376413059069,0.7188866806692237,0.7943301021582843,0.6273836426107511,0.5573404508358882,0.7401682453319536,0.6020016504342521,0.6899625447297674,0.7357898403593496,0.6973199461670262,0.64400476643277,0.7401435369326693,0.7120615042331562,0.6100009853519449,0.6773645502144562,0.7279823272290399,0.6971818291731325,0.710644363155831,0.5712439744999263,0.650813597526812,0.7623103011279294,0.6895998299669099,0.6921530805679077,0.6654224897442533,0.7557596625298504,0.6878400734743999,0.5743227289235898,0.634954011514584,0.5632129849101086,0.7141315051746107,0.6353172084156808,0.49176147170450357,0.7126973979681941,0.7317739975972305,0.4508914054668668,0.6849250883859467,0.6827603015742559,0.6328733619608152,0.7032477981611176,0.7094710767853759,0.6519397258139599,0.5676180179455709,0.6722186581890193,0.7317211041383326,0.6874206584777295,0.5080258066663692,0.6372133516342403,0.6562555315100217,0.6466110991882851,0.5110796632012687,0.7130793423869737,0.6061918189328721,0.7121998918734442,0.6835560108666408,0.6591054771976249,0.5903558728286276,0.6831437225824858,0.6738289434509807,0.6739190606942165,0.6540014415336278,0.6430654828821278,0.7042842916876036,0.7457113317963175,0.6097760396869566,0.7264125333497424,0.6797275250925716,0.690268885865161,0.552404780848031,0.681239715239756,0.6577392456630833,0.7017237201665054,0.672324679493783,0.6769070755216786,0.7245780525776053,0.611765219925605,0.5522128029945718,0.7065399633606158,0.688706533869825,0.6477338186113178,0.6406892446682769,0.6464056418840687,0.6731969192161855,0.6623355273215308,0.6939984489439206,0.6768683233609731,0.7509208585286964,0.6383761498962099,0.5988788992612022,0.7646076836003305,0.5547226483087978,0.6339653289293775,0.763859491948687,0.6834417426654048,0.6697248492435671,0.6953436233160976,0.5945034754566862,0.6876977598749435,0.7761263166367626,0.753854974019871,0.6118087823959292,0.6071798911488918,0.6682471194039191,0.5892402419266389,0.6683555076519333,0.6864092067978317,0.626420752191237,0.6570048661985598,0.6462181358948121,0.6932053569251618,0.0,0.7293715692609066,0.6181843311626024,0.7186549828865749,0.6880323410370913,0.6462416834366398,0.8028676370284165
SRR9000114,0.751618891742098,0.6424433300438875,0.6933785501925973,0.6564500855638936,0.7651347237321048,0.6867776389698876,0.697729937376498,0.6609017880830628,0.7348428877601297,0.7169089245302294,0.6059823249429133,0.596741360852621,0.7684386940412774,0.7141264947096075,0.7369467032633995,0.7015787281295818,0.6055391371678714,0.6093180082459878,0.6031129183911036,0.5960365949562979,0.793485023174665,0.7154305874846516,0.7582544818797535,0.8391971175219979,0.7365095922353062,0.6940216348244116,0.6990914663890082,0.78768880640023,0.6756525710505923,0.7095919259388452,0.7069468775957858,0.6645939376509311,0.7410969513951249,0.7944572607066223,0.6627847926469476,0.8377286488623974,0.5747774372489005,0.7149205713999329,0.6311491150793258,0.6887170993133135,0.6505050509834278,0.6852850412074344,0.6761601043009848,0.8081747322780176,0.7117178555999234,0.7393837175987034,0.6462391700005539,0.6969322582980623,0.7506524426453344,0.7439282932109286,0.6741094025636284,0.7170157128554491,0.6812037513057381,0.6562161550306094,0.7418534313698825,0.7762528214898419,0.6941124020939398,0.7058232565291183,0.7490331463646347,0.7509857861770005,0.6544622650686991,0.7628228071526232,0.61621044633839,0.6965396591614653,0.6867935356967929,0.6403050876173534,0.7532879110397958,0.677495902493594,0.766118117540634,0.637597579023177,0.7679541267801115,0.7102958388621304,0.7892488362285189,0.6788447229559947,0.7723394684752324,0.5820252546426155,0.7169692145249436,0.7377846521560393,0.795450030414377,0.7303072775647635,0.6525998126131913,0.7230035684604805,0.8158870150883644,0.7606855137188031,0.6041793473931809,0.7036488418341594,0.7042429058226114,0.6216451530022599,0.7155691236715481,0.7981262142615998,0.5800679887267245,0.7107202114665384,0.5260905856063747,0.6494496838577827,0.7196984343326642,0.733007585976676,0.6980896296454774,0.8003475143455853,0.6385084645156567,0.7017344241417488,0.624483608531491,0.7261375256222342,0.7760254324207909,0.7661271922648808,0.6803279339022157,0.6894671973871951,0.7715896691437287,0.6697189550432417,0.7046257143202729,0.8077760162925762,0.619445758366857,0.5387865253222991,0.5849684524077875,0.7293715692609066,0.0,0.5663241716498676,0.7136170634544269,0.6750606968157337,0.6184448132339098,0.7611638381980492
SRR9000115,0.8070485957771404,0.6731559760929123,0.6399185607465304,0.8499415957290984,0.6475881240378154,0.6950549957179217,0.7510205704712669,0.8137370909581136,0.7644897903935761,0.7025620236046104,0.6667494476377348,0.6436579605662974,0.7182298629280216,0.6677052032176048,0.6809138573443341,0.7184599438935972,0.7603232415305013,0.6341798845413381,0.5863710340966101,0.7134501883853935,0.7303220984108618,0.7308703159993797,0.7314246044932816,0.7369839992919127,0.7147701448055914,0.7040209432109155,0.6276760451869363,0.7367548490325184,0.7464711105855556,0.6946208350702668,0.6540204832601655,0.5625188717447693,0.6809031158058824,0.7882485960475359,0.6229259900538188,0.7256400913594008,0.7245659078062409,0.7008941957052903,0.6380130695934029,0.7032145457696262,0.7508356304663006,0.633383779635258,0.7449316193352599,0.7079998793917736,0.6997451336118643,0.7018836195908218,0.7498706858539773,0.6791893910117148,0.7643519629305429,0.7056968027868465,0.6264456641844507,0.7205267776240362,0.6607693731716241,0.7182939530058229,0.7396638048608636,0.6322410919985029,0.6870882452419678,0.7503461611359606,0.716477508938183,0.7146899143833525,0.7049703316475074,0.6490862211924051,0.7490859159678963,0.6695733554064434,0.6063778210490511,0.6278828104561296,0.742151177704245,0.6849458917715253,0.6398695389424496,0.6629804150405929,0.6889555721650106,0.6393115628653848,0.7546065502960476,0.665328672731183,0.7037595577279904,0.6091761841329724,0.6396841963034366,0.7220367072541758,0.6795102473337783,0.6914999347109081,0.6042587043749333,0.7060328978232192,0.6878075593778625,0.7313096619234906,0.5544069779281193,0.6156424771747843,0.5962544082223032,0.6539550135894968,0.6710833456465175,0.7270885936853333,0.6922949653757554,0.645529305411193,0.7023858189892402,0.595088221930547,0.615666687781448,0.7634048731431603,0.647171243568035,0.7239509822226585,0.7088938691361086,0.6123896802228284,0.6206329071499264,0.7287689634460512,0.6400077936621322,0.7476027392892192,0.6283481326337241,0.6125274646664675,0.7495934715480616,0.6831702770445027,0.7401198618453808,0.7114528564225389,0.700463695536857,0.6063032849206177,0.6680701565165469,0.6181843311626024,0.5663241716498676,0.0,0.7107189475988127,0.5692887101107127,0.6565176685155079,0.6840611292717461
SRR9000116,0.7296040330519659,0.6484010131860978,0.6738640937049005,0.7166670809670621,0.7172738182831921,0.632488878491245,0.7855687837801976,0.7951160375071209,0.6990513342198279,0.6678893371266358,0.6924614471472691,0.7456314309434611,0.7288038195659023,0.7429760764593594,0.6994936333047124,0.7615380516949157,0.7522732717786522,0.7156869131840448,0.8095810332691479,0.5824563800886056,0.5947096841197849,0.7067741661278466,0.6911895976287993,0.7620880981378625,0.661324373925743,0.5991745574124845,0.6386023280875052,0.7666577480510165,0.6609812538266073,0.6910529589722842,0.6596636133756201,0.7700570622605416,0.7004191578772633,0.636174548002912,0.7313909017325348,0.7650077619615664,0.6551735687789857,0.641356424207202,0.7372384822228392,0.8490924957216522,0.7811995928331683,0.6648872336481707,0.6237772985101101,0.8420905737728551,0.6641898022452715,0.7470768647741731,0.7073583427483429,0.7439949709483743,0.7469847372601194,0.6895354887882051,0.7106973944550679,0.7287493315433199,0.7244550359723014,0.7554434065287452,0.5729794892702373,0.7529562287591031,0.6358711707908917,0.7388249273591327,0.6933677445630773,0.719392306334007,0.6272104770074459,0.6945618933863802,0.7961092516449991,0.7259694375603547,0.5715902168952974,0.661140786820159,0.6883421868375966,0.6591713445895125,0.7393786008335991,0.6636047356263494,0.6891221490773196,0.6300894656152242,0.648693321435794,0.647237704739853,0.7532863945018882,0.5776643255937931,0.6018074972617845,0.7369542303157974,0.7300896417997349,0.7425531662535748,0.7170936171477041,0.6992932181623756,0.7606020525397038,0.7290770113531413,0.680551035114093,0.708379464325391,0.7052087023719523,0.656559535377381,0.7402709774010389,0.7314519778702003,0.6909629628290401,0.6053736113643171,0.7534899430923274,0.7003807405932765,0.6168294116566088,0.6506572443097542,0.593385134024343,0.7116546631942172,0.6555382314449112,0.6672562811018546,0.7145917501136169,0.6536207561083803,0.7135758848530227,0.7081204256575395,0.6265845105849309,0.6636155927067905,0.6455849423271285,0.6614784916832086,0.6924011540557625,0.6983920021394048,0.7006215502243169,0.7282975578805506,0.758208493118647,0.7186549828865749,0.7136170634544269,0.7107189475988127,0.0,0.6943063948465062,0.6394480750308195,0.7391256300299475
SRR9000117,0.7830594352590138,0.6537397030495162,0.5378320058524352,0.7312213917658871,0.7142022126993891,0.6422026723221385,0.7360593094291634,0.7438151056831954,0.6346628832045127,0.5892495063533055,0.6601291395429232,0.7011827329098254,0.7240453640660626,0.7666260053770158,0.7267643428869854,0.758492184397473,0.747398660448837,0.6134437073931527,0.7188119178737263,0.6336126173949896,0.7211408416826489,0.6748180338687632,0.7058696014637932,0.772982750351382,0.6273012667044011,0.6574468081014436,0.6783975067250508,0.7553911849155175,0.7372978992775852,0.6608033582035886,0.761245662718907,0.6687241436709989,0.6351653799144945,0.6825734491176545,0.7108857475971633,0.7028859117112626,0.6494346969317888,0.6973013518983873,0.6402307988814974,0.7505932058506508,0.6414424909854696,0.5595195377252334,0.5348699124988724,0.7433846249895003,0.6976705580196376,0.747363940266572,0.6497208604450174,0.7514259857181084,0.7188023471400178,0.6645165981554556,0.7253948475155699,0.6695045240501036,0.6677440236814258,0.6790697007495983,0.6765720385114576,0.6316904185712234,0.7161929350140435,0.7141907398289249,0.6947385177266028,0.6435550572203275,0.7300437341375355,0.7086917777894924,0.7497449723619848,0.6705073981147819,0.6370433269083368,0.5999291833558947,0.6527482044757597,0.5813886243911452,0.658267740022922,0.635866231063138,0.6845636365766534,0.5889600620047039,0.6032970725398655,0.6950698451603852,0.7575553544548029,0.6525924606010917,0.6851308074739548,0.6287118067382148,0.6814734279906419,0.6404469860696802,0.7888703967942903,0.6991237324815586,0.6341676338074661,0.6831086042213089,0.45775139482138366,0.6099156201944965,0.585830961577093,0.6759651747030015,0.6394763718178194,0.6312213206841808,0.7570386892660924,0.7264930768968592,0.6361607044896488,0.652138675958138,0.635581767797852,0.7308888695052921,0.7927556735477068,0.6010182277702029,0.6578718475066315,0.6504715951741555,0.5060562398822577,0.6797517336449421,0.6948809878820831,0.7020870361954508,0.5897387038186465,0.6542860311925157,0.648110673244253,0.6122572252274325,0.7607884186417314,0.4983227631010383,0.660712648998112,0.576389437454153,0.5538026815265951,0.6880323410370913,0.6750606968157337,0.5692887101107127,0.6943063948465062,0.0,0.7047354086717096,0.6923651366335661
SRR9000118,0.6825697971574861,0.6488266689059259,0.6889729816668216,0.7273940705549456,0.6828202716814137,0.6200464140362139,0.72859358423116,0.7277928621861413,0.7197386921528767,0.7069566852174909,0.7060681963044456,0.7700467671997158,0.6593626884297442,0.7077894791098027,0.6846135164033539,0.7267169481735555,0.6728521059331191,0.6082180924789564,0.7914122207076959,0.6633441446189025,0.6656728980396889,0.6535415030992633,0.6514092329580913,0.6981904841618927,0.645106776133053,0.7446644268359758,0.6128419786698244,0.722673120492551,0.571154684989296,0.7612453457344195,0.6712743094255417,0.6613198627873063,0.6645656517667943,0.749666457677223,0.7685256434879354,0.6690402196799932,0.7058785166893773,0.6545779483684561,0.6255379808807566,0.7716800007579606,0.6819073739167654,0.6905322139088163,0.6925740897134172,0.8446141230380678,0.5165907176143852,0.737364813012437,0.6772594346258367,0.7134893571091706,0.7192656778686939,0.7206034133483492,0.6726754743265766,0.76405950655626,0.7505937811197851,0.6372684174160248,0.6561940816251234,0.7582204796606148,0.7305301794116096,0.8337529085182233,0.6844343527929819,0.7500434202651133,0.7152390549862152,0.6794886177209449,0.754395747889357,0.6358449204938432,0.6233307185528101,0.680769533343611,0.6404447461976325,0.6289648071729318,0.7087197442957418,0.6685530374480896,0.6359339662804796,0.5407107057218186,0.7687058502186033,0.6421638011805146,0.7435824328146271,0.635117763867128,0.6402584861494767,0.6063921196389879,0.6006608564663131,0.6943547294091021,0.6172424204666573,0.647544001279739,0.6725910213720285,0.6688818131959765,0.6788292780472139,0.7080190436471818,0.7202371203372953,0.7293755270238295,0.7510849632522721,0.7563245346800903,0.5736477535926201,0.7089039260153417,0.6659124431741924,0.6675834285991923,0.6524265490163877,0.7309015679201524,0.668776748009009,0.6904285606221089,0.7120567178288957,0.5474184799060101,0.6698580498259853,0.7252570753053462,0.6642848991701341,0.6304703152411364,0.6377248953010642,0.7798683740685561,0.6859919307305975,0.6581260840857855,0.7199141791228351,0.7599412078555363,0.6695214695174965,0.6628122821869753,0.6461546914541332,0.6462416834366398,0.6184448132339098,0.6565176685155079,0.6394480750308195,0.7047354086717096,0.0,0.7361873268875049
SRR9000119,0.795361182572673,0.7110528909854593,0.6081192160944431,0.7102551264753104,0.7160284181615064,0.7959177471176924,0.8176268273917064,0.7871860918907413,0.7241205261276363,0.6667618466859727,0.6524915164700137,0.7027583021718871,0.7899433106869381,0.6779853790397267,0.6447516160514208,0.773584532404012,0.8027597240336981,0.6689905633864772,0.5978966490823958,0.6528376431555597,0.8038508142304204,0.6401511663590536,0.7595758301165391,0.7941470946120702,0.7890037582137827,0.5815687763903902,0.7139906236621767,0.7981547699782895,0.7354104203498767,0.6910913269899422,0.7369883216856293,0.7931017626932654,0.7840480215389041,0.7466967953766388,0.731822395933367,0.7498513410002775,0.6174671167570525,0.6968186801503109,0.770769530165074,0.7080133616742673,0.8030805368055627,0.7010286397938087,0.7467496297601126,0.7179958441830925,0.6139590510453936,0.670491782360842,0.7889437684690283,0.8145775900170367,0.8176257355243616,0.7678401176531315,0.6599073376196309,0.647306981409732,0.7316001086530927,0.7818375223817972,0.7785154909534249,0.6807138403599855,0.7305930405927511,0.6533927456012715,0.7818184084363453,0.6966402361508723,0.7759812926418898,0.602507476354575,0.7934073550676171,0.5794475207230136,0.6168213425953993,0.6816947537097653,0.6408970422681166,0.7878907951849942,0.7469897687469901,0.8076714432794467,0.7163703256711811,0.6704188236731073,0.6595254087049206,0.6948823919816023,0.6683390388214303,0.7665146938929286,0.7443471536075079,0.6568215009417449,0.6264207023376898,0.6173836997651959,0.6479724142963333,0.7209938046704757,0.7661925207767157,0.7388557365556877,0.7072821824325809,0.7350449958492005,0.6029943523273131,0.6235682479621023,0.6956506319842413,0.697986142750222,0.8214258143092072,0.7260556252868285,0.7294564548194049,0.6831579545697812,0.7532775143102299,0.5027795986628416,0.7043602055111636,0.5165152766844495,0.7422434295601776,0.5333861414764555,0.6878269399370629,0.7536169837123706,0.5563020512175192,0.7228973739160729,0.6912847698439402,0.6993277970315961,0.8141742639619864,0.7437213661485802,0.8039279422204912,0.6329665231643308,0.6923634688958923,0.6501719839813648,0.7259408799049942,0.8028676370284165,0.7611638381980492,0.6840611292717461,0.7391256300299475,0.6923651366335661,0.7361873268875049,0.0
