,Bacteroides_fragilis,Bacteroides_thetaiotaomicron,Bacteroides_uniformis,Faecalibacterium_prausnitzii,Roseburia_intestinalis,Roseburia_hominis,Lachnospiraceae_bacterium,Ruminococcus_gnavus,Ruminococcus_torques,Blautia_obeum,Blautia_wexlerae,Coprococcus_comes,Prevotella_copri,Prevotella_stercorea,Prevotella_bivia,Bifidobacterium_longum,Bifidobacterium_adolescentis,Bifidobacterium_breve,Lactobacillus_rhamnosus,Lactobacillus_gasseri,Akkermansia_muciniphila,Christensenellaceae_bacterium,Eubacterium_rectale,Eubacterium_hallii,Eubacterium_ventriosum,Clostridium_leptum,Clostridium_bolteae,Clostridium_difficile,Enterococcus_faecalis,Enterococcus_faecium,Escherichia_coli,Klebsiella_pneumoniae,Proteus_mirabilis,Streptococcus_salivarius,Streptococcus_vestibularis,Methanobrevibacter_smithii,Phascolarctobacterium_faecium,Dialister_invisus,Alistipes_putredinis,Alistipes_shahii,Parabacteroides_distasonis,Parabacteroides_merdae,Butyrivibrio_crossotus,Anaerostipes_caccae,Coprobacillus_cateniformis,Subdoligranulum_variabile,Dorea_formicigenerans,Dorea_longicatena,Gemmiger_formicilis,Oscillibacter_valericigenes
SRR9000000,0.007220219936929429,0.023674172436891107,0.004190107731900372,0.006431513642069926,0.0020531012806685412,0.00045346096261959096,0.0353271508057386,0.005376415666983898,0.005318516650553094,0.006276951089690604,0.002311059678027489,0.005404262996648815,0.009010696966014198,0.00023640606402638203,0.14755984434511443,0.002146280159943836,0.015816730226029523,0.004851912756161878,0.0017046508737059997,0.004962795456816422,0.004039446037838897,0.009320120819498404,0.16098561801282812,0.09357242993584435,0.010992242125514046,0.0045274698508873746,0.002669313127613967,0.021802740991654856,0.03915093335587366,0.004174253593252503,0.011214351226018946,0.006825183762624142,0.02554256454459427,0.0037248068561887694,0.01795190860973717,0.003458868615468205,0.0487197948477474,0.00670683470681978,0.003004634551882638,0.02130363212268398,0.06542530215187181,0.0028333923180414054,0.025890265298191755,0.027018999976123344,0.0083432535609012,0.0012552965260733617,0.004735613408345657,0.0033381511155117297,0.06518234129329792,0.005963986930536304
SRR9000001,0.004789491144827294,0.001823186418508278,0.08789355997377112,0.0023436431184301037,0.007314519030704755,0.017034219968694884,0.034727564788833036,0.0017223839757761323,0.0024633987057439506,0.03421094358910161,0.004483692683489534,0.004493816600212067,0.0011744572594577173,0.1099199730111063,0.006933411175476736,0.005076582447437304,0.013059947668030225,0.004591834558645017,0.016818410872108835,0.004763095826337666,0.028599299662538814,0.0017931631816617776,0.0189521772241448,0.0024760195739185094,0.0035004373046539985,0.015783692078527322,0.00780406467117065,0.017784209373434796,0.0010675670868487092,0.008042885581059497,0.04515703605900454,0.042823928235721474,0.10044061598954411,0.0018977246954950456,0.08329588268664521,0.006555765493359156,0.034203077409532726,0.009291256366252323,0.001826763038778556,0.0640743405649962,0.005344835985628207,0.020923265621109112,0.0631085186554114,0.002444009972273431,0.0007008028791834791,0.0025530475892161526,0.009661469415805438,0.01610842899515021,0.003346301942985234,0.014801279849256752
SRR9000002,0.012929969009255398,0.0012359680296428247,0.004426797269617121,0.032006240975732216,0.012090867803903216,0.0038374280962335974,0.007888916205311135,0.0043520798018584625,0.004933215610864031,0.07296277845253411,0.05743586918172791,0.00221502338543344,0.009526943927700732,0.10375981982727514,0.0034436240748022054,0.030193577332497556,0.000794348784344028,0.07481189764176936,0.008633583873004717,0.0014215482995263173,0.016821225086643826,0.012236175758932993,0.0018062815184994123,0.022231536408481512,0.03319654929018233,0.009531102728200621,0.021364239560929973,0.044036070602164065,0.04235593758847749,0.017658437894739313,0.02523219493144211,0.012387894601089865,0.010260410756143647,0.0008286003168553915,0.026497296257153698,0.0007996248729196193,0.02407733711571087,0.011731087981962016,0.009962542207384302,0.014611887788674099,0.005881697771244637,0.02265451843051525,0.009910434301939955,0.007442982898569401,0.027570195052086927,0.00537847996608519,0.0036064021410600936,0.009573827309970508,0.012589951101381346,0.0888645801775261
SRR9000003,0.008599493174811382,0.0030822801731329318,0.006690068478896119,0.00597391659434998,0.010955985082012964,0.012495335974537556,0.006923367090875643,0.007695045999977317,0.020369128811432196,0.004817405872465837,0.005230357307529514,0.008957593091515968,0.004858199383909227,0.0027806130621203006,0.09426759292805724,0.005139139656990527,0.009671152196626199,0.09628556897082172,0.1328502909416813,0.0015328381974422961,0.003812502350105776,0.00391038246839578,0.0030979216502000882,0.030611737686527616,0.006793889476738088,0.015301234205241668,0.024763504694416717,0.015698305200681772,0.021578962971034888,0.007492427330441462,0.013641246571642727,0.07946163447176013,0.02410979992423952,0.004344091772905979,0.006259118789336232,0.003713777023981305,0.06979808344072574,0.0033676637183868096,0.10817064716808276,0.012131068194612578,0.018311200700859568,0.014620919720334396,0.0288567329926083,0.003931008163827098,0.006038042562636769,0.007044408621529216,0.004660284408296471,0.0004399586338456507,0.006913916833259756,0.001950155264158744
SRR9000004,0.007199386220317413,0.003056544104662624,0.020554846259001648,0.04567330885277752,0.00479148732725324,0.003023433365189209,0.0031112879565291032,0.0008720244107857501,0.0028085538072879913,0.0027791497254951933,0.0012564969777966307,0.017250227563279468,0.07437474581339144,0.004408078195544974,0.0009367171466856874,0.004266026414421124,0.0039392037213815045,0.013805511887431978,0.005464763110573832,0.08871364638677556,0.005882458883601819,0.0026477601419064713,0.007295872251674274,0.0006608291742811716,0.06045350418546162,0.002956131194223872,0.003752142303505035,0.017953084029661403,0.10082046953445985,0.010651189326080557,0.006563409745445466,0.02415106004907241,0.041797730506340634,0.06519991248563128,0.008327769743445622,0.05262989788580859,0.003834006690395313,0.0017569015931231577,0.005845332301337681,0.0868337828519652,0.020646045322880936,0.005230797817491856,0.01691855063806047,0.01816261044988884,0.01818138963846164,0.02399539084324478,0.0028185747284850816,0.06368391307489525,0.003073395730940589,0.008990647631647333
SRR9000005,0.01722302290973631,0.0134881926481709,0.01840328198557806,0.0021256233181670752,0.02678911117481988,0.002483693004062298,0.04122436046795391,0.000462501931072549,0.005599978083011073,0.006221962438127336,0.11985978514543959,0.01270287759681954,0.0076557026648624215,0.08155490521226091,0.005771512749267305,0.015412616093019207,0.01241060124912335,0.011532654094485754,0.023618833435512614,0.005593969307092812,0.0006654646406065754,0.0012588581051703178,0.002677662692858165,0.11086567292900747,0.004639855568620146,0.0035915386025154525,0.002226013846982942,0.009934905429717047,0.008336251652857646,0.012488301257363098,0.0033790382234860496,0.057253166973612185,0.08947743948497729,0.0030062200561174982,0.056500264250109615,0.0014684546435454263,0.00700526212296081,0.027063327268819937,0.01001659559405171,0.0018546991045613952,0.03742810507427941,0.01916747914933164,0.0012795272375878096,0.01762200957957965,0.003768385560156259,0.0011893377016578505,0.001549728613302527,0.002267219053588904,0.021506404035743495,0.05037762603824888
SRR9000006,0.003197843093144736,0.01613962450588054,0.0069827519198079335,0.0052766399418292444,0.006085505347582455,0.0023241853685236425,0.02472690734228513,0.0017529354064251387,0.0022003174749511355,0.0018216771319570844,0.0030944860301993908,0.003165922702992329,0.005377746789030846,0.0004248907780213539,0.20656862412209134,0.04497095463856504,0.005759615666312872,0.1074286120093191,0.0157360170046366,0.0330038967295307,0.0015267746598341886,0.010674655044382695,0.00354614605326658,0.003938944966591054,0.00021816298463390175,0.010091365369742379,0.006414336150033283,0.02377187187529684,0.003608598437301774,0.035557955367532444,0.029078846273165742,0.013716456929323663,0.04525261642647272,0.0016543401323133242,0.1224335855993413,0.0026475574603446786,0.011271110915240848,0.0004553546145503892,0.0010341418869225993,0.0032390172465939313,0.021218059414507266,0.002924009975431876,0.006151003984586231,0.008639865755861698,0.006708977423951369,0.03038107575149523,0.006266998953142368,0.005801584128441599,0.08256702039279946,0.0031704118238120083
SRR9000007,0.02132270652692892,0.005043845731586691,0.012489401646396848,0.009956324094856068,0.0011345402908871085,0.0024112604987963134,0.0017962054444577264,0.023252145110790115,0.0036394207828685746,0.0015659280584733402,0.0016727409176455212,0.02786592088669198,0.0011050734374766235,0.0232964137990593,0.0235165580806305,0.001572138888452305,0.003102827171782491,0.009785748841493526,0.008107672756113063,0.0020258459048979748,0.002110355194704255,0.003203816945864608,0.08392383611727279,0.016580967428831604,0.01406727784718002,0.006565423304093179,0.08991137949841757,0.029185715404239535,0.25378767180663375,0.0016774954183349587,0.09882469650044205,0.026613323803698474,0.003926151402175631,0.006509770691318765,0.01238277638920141,0.003417319375827452,0.02178087739682604,0.0028708232887417785,0.002228320913717982,0.007567898556605589,0.07384513202314057,0.012377888879631909,0.0061937492237181795,0.0036029456049457794,0.009833805092687088,0.0031611455557059784,0.014909200160714097,0.0005267921583362458,0.001023375988762322,0.0027273491579455213
SRR9000008,0.01137489362146842,0.04017416424464812,0.011093089567734154,0.003026442339546106,0.003058396710118953,0.01832443276187563,0.00688706824525012,0.029586291410421448,0.00677245448458866,0.028639103375593694,0.0019078029888116852,0.00264372176937243,0.0016115565667976126,0.0441099248806757,0.024141756447378645,0.0033462841330383535,0.03507982975481597,0.06005098165511354,0.001840066843463227,0.012350443740775492,0.0047131030095915235,0.0022317357168493614,0.006235383046038264,0.05256406437040814,0.001966176065141629,0.017260795828920497,0.020411708853763255,0.06253045538649453,0.0025199460271044883,0.07047884113127424,0.17597886757007672,0.011905705097863598,0.0216115949201012,0.0007586529965504037,0.007109603895656046,0.004531571224200203,0.0008213628446527609,0.003161632696424817,0.022585204782139053,0.002577089123656997,0.003889350682442615,0.07790130127055377,0.019967495755483962,0.0015468047115525122,0.011755044490862407,0.0014113069245981847,0.00826422424125031,0.0027252530529909957,0.0035081075240794173,0.03105891121779008
SRR9000009,0.0067839965152835455,0.01423491585648464,0.002867176466302717,0.0024333790543453527,0.0027090311240403984,0.0022524215221912925,0.0014981628461134607,0.028170911118649108,0.017894016006637647,0.0023665245030064295,0.024286973918589805,0.0023094709335331545,0.006097196917025991,0.0595362589779819,0.08491057751421205,0.004488741716063705,0.03750191416313173,0.023105364881655082,0.0211113830827566,0.003277442624496384,0.0027754907993361314,0.0155449383172835,0.0013939627542347444,0.053301910995288145,0.020130767780573586,0.060024659032532034,0.08137919908725097,0.07860451327107035,0.0031689827196639915,0.010594614890154078,0.0028934588248846153,0.007553658325850108,0.002160197992367709,0.007072165742456393,0.0024030537635287928,0.04465226526837618,0.013206017044174389,0.036862718623824196,0.03986804600915334,0.07392022632306598,0.02183858034160547,0.004065655888486975,0.03539989581896438,0.017631979969981507,0.0028006691990275037,0.0030654535406420846,0.0029332709345252705,0.002538356621008492,0.00025691984767344596,0.004122510530514523
SRR9000010,0.0050738234929737225,0.00805206663302267,0.09356379158926097,0.005392449563958398,0.03665667032430236,0.00390374567000962,0.005058042240956931,0.00858392694874814,0.023756129627460872,0.01566071658688943,0.05186676789930801,0.0060394873087351066,0.030295505725055814,0.0031536844968232136,0.012153481048977134,0.0030825025803296246,0.004351089794511411,0.0497791645232971,0.0420684558254002,0.01428761811797419,0.0009005108880490515,0.003540552841285766,0.019599579006162462,0.0036141270840255794,0.03855773621893923,0.004617985293900411,0.03846534343235649,0.05505152814755971,0.006254500942442978,0.02612879124687534,0.08511995427082338,0.03910087190536786,0.025894659568221453,0.014924192469838534,0.0028374265945911845,0.047834060896608084,0.031176150581641728,0.001925666237999602,0.0032908127418880416,0.03285265162280226,0.001003679557903519,0.014532699040154109,0.013875386993390406,0.01547482304206041,0.029558693598827367,0.012042255160420871,0.0007774686191479296,0.0014981530541573324,0.0022204876438421724,0.004550131300721817
SRR9000011,0.0018618453140754852,0.21001360437321054,0.0034394911166624295,0.0036360419106230544,0.006228840226716734,0.004467485563905352,0.005705182596136082,0.001081795124626739,0.0035661427740713686,0.01717932967477026,0.004903078500599569,0.009993802948463151,0.004906350204332417,0.0673606104693175,0.007104244551630171,0.023236926389069983,0.05257407593165802,0.054930365893029486,0.030411065824676082,0.029873670649765417,0.0010822963627533046,0.0912709307865035,0.04041877870135829,0.0022224334201712084,0.025866559017264878,0.010111566124671494,0.001074980984576638,0.021474317859204402,0.002314475373760644,0.004135112447555488,0.023428764746787144,0.03125803982155402,0.023224657425483426,0.010348374486360626,0.0019586852568514996,0.0007469196429205683,0.013961727177534163,0.003745625296494669,0.011286660087479814,0.004559993193279042,0.0045829293756183345,0.012023177525020827,0.03455267205106369,0.000988997448963652,0.01612620364930401,0.004362651375679946,0.002766071897395536,0.028167495154042713,0.023595961609430383,0.005868991663576241
SRR9000012,0.0006605412961221022,0.0212916390823109,0.008488999786000234,0.006191752265455857,0.0020789191078749557,0.0018489676284288053,0.04413455912278264,0.0015282820381986681,0.015421953213541706,0.01352085754333571,0.0014682075361710867,0.16715665771732405,0.006134885092409317,0.0023545309803505695,0.004118217755906874,0.04406551293307577,0.019583125246404404,0.006351152418078943,0.0427267260878646,0.011555620246672805,0.003990077942180573,0.06025970155663653,0.0011040275577820764,0.06290137091670063,0.010492036256843335,0.018108986776033825,0.006132538603480942,0.18240243516503263,0.04168344939804583,0.0035076698969256147,0.020800096877027423,0.015043307502442142,0.002834317086213867,0.016143521663234517,0.003902501682954035,0.008434789371276336,0.003815108886141163,0.007019943249672416,0.010121207992636577,0.005620553185850472,0.00601566565771263,0.018819448393259653,0.034705677849265634,0.011619529308318126,0.00200010628279834,0.001736701324619371,0.009885221296929227,0.0015276712638765291,0.004642204719426341,0.004049025238373164
SRR9000013,0.0019619228372794186,0.23296246900176265,0.00885033693087353,0.0010790236426409285,0.003512303410274995,0.0023918429074429298,0.003909015524038073,0.0015861983951047742,0.0009728700529704177,0.013115029359141004,0.03821328362010463,0.01947825200950492,0.08776838765570559,0.014538175974077016,0.0421651282800642,0.001166852818189349,0.01494827798097287,0.0018662538417213838,0.0036568751140754275,0.0032728153117205644,0.0864667370906076,0.03968069717515106,0.008183651424203504,0.04281354408109471,0.0020699727738245975,0.024597503433438268,0.02749749553448628,0.07274593207118255,0.00463993791385335,0.004544006443815282,0.017012529092939002,0.010996235124545154,0.0028177719159528246,0.010744908526224171,0.016057073718151137,0.0024014451354262387,0.006262009131053151,0.005328746480869374,0.005624010993015438,0.008553515394193256,0.009213707792561235,0.031000312305787123,0.0013762539039004079,0.012988753981951035,0.0032891704845096955,0.007287796168953724,0.0015728112169378493,0.008671695315501717,0.003053892039149064,0.02509256866905672
SRR9000014,0.005369335388912179,0.027882109505893454,0.004404127583473659,0.00048667076932405956,0.006895292088130333,0.0043059315374693735,0.013701441755479613,0.14780477915291937,0.03496960839208986,0.004234484613795778,0.12410469430639887,0.03764376537196959,0.001606399759908905,0.01406096238415336,0.04028927132550099,0.004156017083037332,0.028939786153827467,0.0348753198441381,0.013638991032850992,0.012669320297780081,0.008800573104621696,0.004031758319007687,0.0014509332209258633,0.01233293205565184,0.004549143476107166,0.0123483050361659,0.02062923526608887,0.02887703451976399,0.017666529338488515,0.004449972856984756,0.057594223415290864,0.005868294497626993,0.0010088647986780787,0.0013484962904818606,0.002311609383803891,0.0023267425293822244,0.003918908515663223,0.056892518200955845,0.010902265062928164,0.0034893717592985826,0.010987728981761122,0.010705316101601497,0.0016857996757460416,0.003714725072575697,0.007947574094073824,0.02435309581948816,0.021096349000527807,0.08401885889545581,0.004146891578820273,0.008507640784980213
SRR9000015,0.0092509919017166,0.0007009518114552974,0.0066150251499967165,0.006526968521429035,0.0030646053614004497,0.0021344965120417736,0.007315700058865545,0.012931076140186492,0.004496465466001266,0.015654563737178866,0.08036393212921641,0.002862923809871506,0.0013793226374254472,0.004055303318835277,0.04913113204008043,0.029488237431126135,0.0032691705756568794,0.009105234100489168,0.010717751648416127,0.016284033933127273,0.003144034236724344,0.0818307041429265,0.01490569822474941,0.0004697058869989601,0.004222691007612112,0.005444510676119768,0.0012414675216490126,0.19482407791919387,0.1640780100614515,0.007909387584489455,0.021967158180376353,0.033106086927211925,0.012687021739300646,0.0008749794623099063,0.03124403675098215,0.001412325269210983,0.006371065579156749,0.0009767602809675313,0.003264323108563667,0.009571894801426192,0.037030030339446976,0.004425086555592061,0.014446174676878696,0.0010914232693714553,0.007253371442120878,0.00776377130431563,0.03769327787942459,0.0038641711450236446,0.0011277506139286866,0.010411117127959611
SRR9000016,0.0017092045627949697,0.13693376945032662,0.09707550658671106,0.0029913386200980724,0.0011071450150908753,0.0010635135225459105,0.0030501261594432665,0.02250117565936978,0.004874723726404699,0.007875191200036444,0.041504548746686055,0.02227472888820958,0.013563982328959195,0.0061053275320602915,0.0016977634632810079,0.008307681768936754,0.02185535823556462,0.009551014530228625,0.0017743913876314022,0.0005637845356304326,0.0014846744598400637,0.0019550505450742343,0.005577305857178049,0.08955498386495604,0.002864291842063388,0.0032036284323081953,0.007268805745814556,0.04099225277876443,0.007529190865234406,0.01187289537822377,0.009970162274060298,0.021595532204800982,0.0015445501930323022,0.010595967748425443,0.013735335610365638,0.004616516558289751,0.020244444152781874,0.008989683674480073,0.02526075159012085,0.004349456635502293,0.05980369328781867,0.00597917638117979,0.005807228832104639,0.07162158112470782,0.004608491880385354,0.04665184657752233,0.0014484391543790032,0.033161985328015314,0.054458428806270165,0.016873372296290833
SRR9000017,0.0454532579223721,0.02763932484001371,0.004973727015180147,0.08592796683253784,0.002428644828703838,0.0006561999278324527,0.034387717551238366,0.006652109489513011,0.02289004531603995,0.012056860489967116,0.006926530327694556,0.018206618276139577,0.016852323899267014,0.0020371530907602985,0.0041470231354669845,0.029734590980871303,0.0014717549829607404,0.03886922213277697,0.010779601122577144,0.015915511471405023,0.003982116750330929,0.023759425022266804,0.13718034495144113,0.002581047297617958,0.005493342740805162,0.016412637617614745,0.06034168514430624,0.02545159337538972,0.01706669306966501,0.014124659657081635,0.0442889641195549,0.02623077366091558,0.009335689873409068,0.022484607825160634,0.00651108561429852,0.0018073916918009158,0.028387181889393674,0.033143062647359445,0.011494587657259598,0.007162314796021182,0.004503439490915933,0.011180754320713018,0.016563604127640134,0.013504809422967893,0.004689744294702054,0.04080060588354551,0.0137321254660775,0.0025794484600937632,0.0059996811069623415,0.0012003983913707072
SRR9000018,0.0029832486775553993,0.004536521478064453,0.0028705941250592296,0.014725544276180913,0.0031061107409107017,0.0022464906873858872,0.004786450558184801,0.025865221100895425,0.00625691437713108,0.030911727624526892,0.0006176299789642728,0.0020560225121354636,0.07207329392221218,0.0019575371077387676,0.005890876888010891,0.002526837170695015,0.0023909248570781,0.07555414979349824,0.009632960858157402,0.02080016454055107,0.00417629856977295,0.15375892769219243,0.00889488817062983,0.02221112558330735,0.006308631704119687,0.0004970873346686397,0.005939319226694142,0.05713727185815372,0.0029899540862742408,0.001978731981606742,0.09845767482414096,0.09414763953993013,0.006120981975130303,0.005331197848320226,0.0018603878249268025,0.04751453803300923,0.010197439781979891,0.018840619803332168,0.00211849367099603,0.03859149431452132,0.0013351311732749417,0.0018344894871027064,0.0062189425447852125,0.026385589910786895,0.006879107376259376,0.054862703239653116,0.005421268130256929,0.001852424038081336,0.007886454078089009,0.008461964923067429
SRR9000019,0.00432449979798096,0.049203766426930126,0.037366989545742746,0.0017863542081680667,0.0025670248834249515,0.005604673870805378,0.040360958675715417,0.10206355736173821,0.001928728190832179,0.04573764717840402,0.05964415983480096,0.0018733327010276026,0.004122970699779044,0.003420949269399814,0.005795066036949411,0.011279941801799325,0.0433126349933992,0.07310300779041293,0.001581413820055542,0.01792845053048004,0.006215497470745048,0.0010787504306332275,0.0009466854450432292,0.048991060365879066,0.026752626746483262,0.008769691978835849,0.006389603718109136,0.04874045226655511,0.006927947578605816,0.026859968687695607,0.008817765574701583,0.004975789902752336,0.009561143649134617,0.019143085687645833,0.004469918962877536,0.016097299420235144,0.03224697027291927,0.0016662973710644118,0.002428842855810578,0.0015223663307770193,0.028762100714524088,0.004628418589812029,0.0029695841897023497,0.01904775856757721,0.07379202932905947,0.039528521612651406,0.003504731901349369,0.021835608457811642,0.0014782359584685535,0.008845118344694258
SRR9000020,0.014884550083833914,0.026887291284248646,0.0023971002070462284,0.004570138170360654,0.005915559146574224,0.0013654935903857773,0.02926482112937516,0.03381353260531738,0.04568754792080644,0.028997236989347978,0.0015120399691005578,0.003996943771684027,0.008337594304101957,0.004237063446975008,0.05855015546194907,0.016374706837379096,0.05339931887926258,0.002132932676034354,0.014798579458214223,0.04141596943709921,0.0018966077508640077,0.0030736733855154267,0.01611560623091789,0.05225330024254995,0.01133586602170776,0.006705052972600245,0.025997204164801283,0.11348043410186279,0.010716783079052378,0.01015374515529321,0.010759255531412399,0.0030369921055893694,0.011872351654868895,0.10956774459663367,0.026071173307576537,0.001032660722247373,0.0013775427347056354,0.0050721028158913235,0.010853813669017819,0.007895927158620815,0.0003019787681140901,0.0038866366151441615,0.0008057521284290069,0.03206398543643814,0.010935979759338344,0.08550859108566214,0.0034677955108911845,0.002268842737267716,0.014739362605358648,0.008214662582531342
SRR9000021,0.0024660436968378732,0.005890468384124552,0.0928345386061604,0.0029131223532140836,0.012023734242592428,0.002000982575330179,0.0014296505317707296,0.017891247306661546,0.002569772641629497,0.00782226616895614,0.004675178043063602,0.0008209693290260424,0.13177151210169807,0.027197448611925076,0.022198553040685288,0.014954822804294518,0.08223493313531743,0.013337073736283633,0.0028799275199957227,0.004045301691862082,0.007696140301952399,0.0032023769422099423,0.004188160508066196,0.01802828060138627,0.02109042447933935,0.019866372779946444,0.00786025390259636,0.037270843428555814,0.04418027584462509,0.09852294264570609,0.01831460229664166,0.01778599396286192,0.024882137550056062,0.007541946509296634,0.005527677075844263,0.07117045912211954,0.001110774324760021,0.01831042718431257,0.003717468802066219,0.0073236741381700774,0.02018078931605989,0.005789066339171245,0.0076083209541634705,0.001479675072701662,0.002598892228607702,0.03626846328445657,0.006490799327155532,0.009422646903280124,0.0045689208573669905,0.01604364679509504
SRR9000022,0.158715333851527,0.006603257932783595,0.010485727628851164,0.002717373778217167,0.004879184623582549,0.001592065839428956,0.00447451608579007,0.0003822908321476203,0.00445346334299847,0.009715862137766785,0.014941426182184006,0.008314168281389507,0.013819793952689358,0.019470460751487454,0.007708210245179763,0.0010525721160742126,0.07790404384168387,0.00895777086041221,0.0017718963315660403,0.000204166004305544,0.003889425145392432,0.009347359291884197,0.008147249890674887,0.0134897548837847,0.0015956262951828308,0.02742985337446952,0.01534273442453675,0.04823804030697619,0.04420272188599632,0.011705288195040459,0.11159777391427567,0.09013400235165035,0.0013622599952163386,0.008064514575651044,0.017538103721524555,0.0007454425082776184,0.027748268387385908,0.0018437066360659459,0.033945908288834446,0.0033809033683350493,0.003669975394309864,0.0281454547854321,0.026469616673771887,0.025816518225611162,0.01844355110487006,0.04551655210968353,0.001984053984431956,0.0029067292396699946,0.003830269219241943,0.005304757201757081
SRR9000023,0.03402026670338465,0.003535807409477243,0.00968840070196117,0.0006062490423170736,0.005068255992280129,0.0011773135522468354,0.003365347062859873,0.004882746922567066,0.04278337554701288,0.005922444029204226,0.0044109240464434,0.0027046522792459914,0.0031544215986881413,0.007913077019822013,0.015182859738867132,0.011539706789485016,0.0009430468305820807,0.004764040961696726,0.03490699810004618,0.012150025949776187,0.005838165823535644,0.0016160784421353153,0.01058025082507465,0.03234351006739717,0.00736209050555523,0.002737889137643787,0.0025253821659089806,0.019603405309918828,0.003795181966578814,0.039070251193147686,0.07245007330880286,0.016810215958776922,0.0024555732812922694,0.0012354545159010389,0.005357253321787468,0.015752206983021374,0.0026278613045921527,0.018914176114620092,0.1606400096963463,0.1169953292748896,0.003437007113270977,0.029987030331363504,0.004335037107839655,0.12649716900584523,0.010952732923628191,0.0067424018385796244,0.006426898236415351,0.02731797208184284,0.03380306009168737,0.0030703717946372363
SRR9000024,0.007090798357632578,0.004627778739757309,0.013419734817362089,0.0030389844156723917,0.0023577878771657694,0.001331533512996337,0.06027774638778883,0.004046324480663427,0.002164131701022041,0.006289959354640552,0.0026550370525834964,0.0027056798539458575,0.008865242059711094,0.008647996421866486,0.0013078885966901373,0.15472215830012803,0.020689856036663512,0.027229226018985638,0.007313291978453551,0.003999078791462259,0.015147620181650546,0.003064569197851075,0.004232111065966207,0.030875188441643504,0.004259974711552513,0.0035132329543258603,0.01855470963807733,0.13384907858235312,0.02836129830026164,0.007430181739685479,0.0032474533821520704,0.012680975865572292,0.02426865237584631,0.0017932454325966453,0.11411450958319355,0.0043933128603358155,0.002899586198298363,0.017312199647683293,0.03454942367945844,0.005731679082322039,0.0018456373112961744,0.07847396537319908,0.006206886518790658,0.002321799367234324,0.022357657451824955,0.010313428823686162,0.012214521498066986,0.0069262112799969985,0.011034757395033663,0.03524589730485358
SRR9000025,0.008426419177404694,0.004782872781458521,0.004071361355397605,0.000562600914979284,0.07815907199277101,0.011076528521589295,0.0884772864066345,0.01553230065121779,0.012727988105884791,0.005330388698902196,0.0019124920692287213,0.02170657785247327,0.07798640585650399,0.015221246209898521,0.005386654971466065,0.002896368417284253,0.009900256800840637,0.0057410631701544325,0.063555731882142,0.012310759342517442,0.0020924391341531874,0.0047734693080444274,0.009188195998157022,0.009924508929291129,0.027459249704166626,0.00935971100709717,0.060643390642688574,0.034563646209366417,0.026721841205051822,0.009166321801668252,0.0340107134815665,0.005403041301953345,0.009370509910262746,0.0014256701798227272,0.0069938401419956985,0.03479886532754186,0.08635591525854029,0.004266958815383871,0.005489506131177849,0.0009697595582482455,0.04411509001668555,0.04742891577189587,0.019844351908900354,0.0068358583554753915,0.010573825492251164,0.004971485101577213,0.0028771049044117344,0.0046420192632350326,0.006132220059961316,0.023837199900679482
SRR9000026,0.0069409808303883035,0.03175946097187048,0.0015882765150114007,0.002759705158273017,0.0009333727625846361,0.000674919833956133,0.004412647179928015,0.0033464535287458814,0.022140256697755274,0.0026360772482691853,0.03254035754704058,0.008798868769650896,0.008229915775767191,0.03761534040094552,0.005616207574600839,0.03381451902699099,0.02441195251616964,0.011983308766519402,0.002459668046191476,0.02884954561663384,0.06032054026739373,0.001646715757701222,0.004209037367597726,0.006936539244752151,0.0045645845240834745,0.0380867326469613,0.0204256873571694,0.1535518615870807,0.023377506429268093,0.0032146593104963954,0.008778470148763073,0.01186324845618886,0.048329187500790204,0.021809531557495404,0.12232101549076553,0.0049313409112717406,0.03050208965257282,0.026399293038968416,0.009592675872281109,0.03040018308563309,0.011571490830252959,0.002035073828471578,0.021276945423047307,0.004884347542332116,0.019139402308144655,0.004159095227830986,0.00701367989084422,0.002441458078219923,0.01752448050651693,0.007181291389812377
SRR9000027,0.017900693854650374,0.10749537854188157,0.01564052632750668,0.0028527750965514596,0.0027080574273469255,0.009349220265097397,0.002289421046440916,0.00212229555874519,0.026297384959029176,0.001946281118902755,0.15534993324974367,0.02703753688594755,0.001022887147977832,0.00542167890777919,0.012393922609447609,0.0018745713115464824,0.005018854289335948,0.0021188953129784027,0.03903402314340874,0.005389171269415112,0.0011361010116196812,0.005710599836512499,0.00625901537766582,0.02121875179122482,0.01081306707873783,0.0033941678642085984,0.02535943238317749,0.08075350649818404,0.002943881021825178,0.0027613727837643657,0.07926693811443118,0.014128340312668578,0.01698717019531985,0.0009127004114198313,0.03184033820270322,0.0012591165491905136,0.032972036822414175,0.01620933852632455,0.012226427187151978,0.011921670725818434,0.003490866174546928,0.010682521080038762,0.0014686762549289073,0.10734021919496568,0.002699009899622367,0.016304466031033124,0.02535183622549084,0.0034210710786193596,0.003136548041306303,0.004767305001352202
SRR9000028,0.002603272161593486,0.021651788435582593,0.12189596126274743,0.008363413876366847,0.03259013596184095,0.002413678149048359,0.022992164202547048,0.002428700621416515,0.012136141069184089,0.005216407823239996,0.06393987542602349,0.029339155306035068,0.01925951719678628,0.02412021754884518,0.00804330999359295,0.0356387271371753,0.0021761392977044124,0.003354647152669311,0.08769225885292642,0.02646155781142757,0.006545045933099997,0.01313148831181753,0.0016670993708077374,0.01691626576701951,0.037069585828289474,0.010853782189023619,0.007367898041318515,0.03603471435104611,0.003652082019874988,0.04007135433262579,0.015215750535974727,0.011087209428192746,0.10465902875517896,0.005167613173522104,0.009167961186861154,0.0058476973190845615,0.01871689319116718,0.049121482844073784,0.0065924651759843265,0.0013788914057057647,0.004569362633541854,0.004599458718084757,0.02626971970816132,0.008068745515251741,0.003294797216601454,0.0033469164584589662,0.0025334363717439945,0.006629867768260148,0.00671912882837992,0.0013871883340939803
SRR9000029,0.004516478394765782,0.00302556633633379,0.018830229912976202,0.0028464166531023422,0.0029077717242856553,0.006111991484260315,0.00992331989562982,0.05014339476770166,0.007799121190731689,0.002701456099231972,0.003255100069138881,0.005893657765919021,0.006939888450532829,0.01312231162728076,0.020877717751714035,0.038452106649149026,0.04617300374307324,0.0019620421310030294,0.01143816602534616,0.044079359448207456,0.0028232492617029873,0.0053325300788397674,0.07190239248690015,0.0010754791845606806,0.005278544469006277,0.016218425897751295,0.008927081213064764,0.04457191238980533,0.013354598844563775,0.005301679956888483,0.01706585066218315,0.04566918010156897,0.0017886657082018386,0.03229336489241115,0.03028604887372709,0.028557214968892807,0.030265178768982038,0.005905919752853089,0.012714147931562022,0.015245209449096816,0.06440919351547243,0.07528810530083013,0.01474197554186485,0.056730176942136015,0.007938446749631893,0.002663006330176504,0.0024725939482155798,0.003001442881160163,0.06788504771112235,0.009294236066443995
SRR9000030,0.021795844682716288,0.03240283122486919,0.027521232441064535,0.0018163911581104153,0.03247165938133576,0.00315641101177394,0.0011046237179665628,0.00640060733737309,0.0023329868558133312,0.037179515775716585,0.02165048979440398,0.0025455578674080954,0.00791588995292388,0.0062502853048456986,0.007031898902005574,0.002722482780518609,0.00312917761802601,0.0035032971571993987,0.050329483520698215,0.058765027977424576,0.011169630281260372,0.0017909402460766053,0.007687674781595958,0.020543645367407718,0.04626087366082682,0.0016221105645313867,0.005882563668716865,0.003696517352028076,0.02840748052441469,0.0030927881924456752,0.06418698043437426,0.046910839564501455,0.0402496197552786,0.008157133433447556,0.046524494624601224,0.010765813952507813,0.025100345269777564,0.01947424536310497,0.0012672536558724682,0.0826096695075815,0.002826360669516666,0.001321599317165917,0.031564934545979625,0.0050364004422257,0.016131280620209666,0.09241087357450971,0.009692458496724064,0.017460581413550325,0.0030948897155643113,0.01503430654200857
SRR9000031,0.005501399997638939,0.010302472123531515,0.03419398057601461,0.003283746674971199,0.001807671006673692,0.007068571828409074,0.11471570973996426,0.01731031085196382,0.0035536310030690865,0.0013026539029142529,0.010120818042927927,0.005102240863238473,0.003768157011730694,0.0033710330567334225,0.04445521415773666,0.03727697671087356,0.007446480709490172,0.004145929046812786,0.049011255017819146,0.03364520590814918,0.006668043422074901,0.1602710537953065,0.03628145341668111,0.001401256760271811,0.00218595468378643,0.004275919350892641,0.003082138899531456,0.009255399724148908,0.14784179819861654,0.005418588663892429,0.010487150583454083,0.007408733292635677,0.0023760503169122744,0.001947793319660481,0.00034555064198227926,0.038952542059102785,0.005440943140215789,0.004389415497831131,0.0294322432240589,0.010089079634538315,0.004304792562824414,0.0017651079236823523,0.013358936317532004,0.002341005359238495,0.000953765998582696,0.004275410082527321,0.016479312615359534,0.03227380206987177,0.0055494940399542746,0.033763806174170234
SRR9000032,0.07118342741633187,0.009813103140038849,0.029237896612564533,0.007463858901223584,0.00131481300338242,0.004111434011971001,0.011603211190455901,0.0008144368462239281,0.01864785097644428,0.009727378645916251,0.007695514730992061,0.003620871448448749,0.0033991768773703693,0.002530857576999255,0.005832009895529984,0.04485271616982712,0.11054548017420472,0.005805126800055279,0.0043988562865092265,0.01745942672154356,0.011951341840477426,0.0024736474020908444,0.0009745276411545503,0.007365300723725903,0.03631942552331809,0.006122133365255464,0.007538453977329269,0.02348215775050516,0.0010004967123933232,0.00943070657380502,0.08514723156522885,0.02180439210584046,0.01724524411294273,0.03253902068022593,0.04597355557768878,0.002004804603436968,0.00499429355008743,0.014468173062918312,0.011393588478914694,0.00038181617900023384,0.012660545009942221,0.04767848046180209,0.006060974515506285,0.0020989756049792836,0.014790694866585985,0.0026181124686037263,0.04004608884442878,0.03264351174118459,0.022830219678134818,0.10590463795645978
SRR9000033,0.0006656931820972594,0.04149778845782609,0.03655931141453648,0.000712600612781317,0.05350624748142819,0.03070851351024563,0.015783695441533817,0.0031054002208804397,0.12416173920698155,0.02319550112056981,0.0037752221474437134,0.0014657871234056174,0.022147287270444092,0.005908662152859141,0.005782755798447966,0.00980857043803363,0.10135773858563193,0.005999464729667782,0.004744802347801869,0.001939651205224164,0.006192499814647716,0.008569147478595175,0.002389892221192189,0.01852407029689298,0.026535820642103043,0.07307886039340017,0.002522046219836129,0.06532105427851367,0.0037398579745478236,0.06463662804041721,0.014219077842479732,0.008100996808582452,0.002091161293735919,0.004379707913386289,0.005138030638539731,0.008228491700579222,0.009135441420947623,0.013569932352937289,0.011793319713103208,0.0330771383376365,0.00747042499190554,0.02008863059258655,0.038137180003332695,0.018712103873013246,0.01108807324366425,0.0005321785328359374,0.012129558940153638,0.0017998244410449005,0.0031770532805126665,0.012795364271036143
SRR9000034,0.002430024068013063,0.0024823775773857946,0.01013310323227775,0.00439426147950109,0.005570463235462767,0.0011833170099586517,0.0024475050777053764,0.018097075572153915,0.0014750855432536284,0.002352545365611016,0.00721351820875568,0.03251914748886051,0.004980710281312374,0.028391066625023033,0.0020656723280762603,0.006564664150748448,0.037348659292603954,0.00385855055851333,0.03188180294370616,0.004996979569334692,0.034166243446457134,0.08171880590964242,0.0066352688013430455,0.0055877220182597625,0.15663943149776752,0.006534078792463767,0.01707763657877753,0.05420935900514578,0.0030713257247532706,0.009497444919042237,0.07257194994205096,0.010209615432040325,0.014206760565124578,0.008460336040747574,0.0044516849583117225,0.006343987658855818,0.0033120086364026155,0.001213670860341359,0.007891571511487049,0.006810969768780722,0.056627981266158464,0.0666706926298117,0.01605927416817723,0.020303568292917677,0.016222885347021387,0.02088573329438328,0.0033769176654554933,0.006654272464645481,0.00461454556287882,0.06758772763249753
SRR9000035,0.035156332519772834,0.009378466494632575,0.01100597915940867,0.002049082326630782,0.0006471321131281292,0.05124617700894265,0.024008181042124103,0.014966430636361246,0.1024118797646712,0.02404630755302171,0.009835772166469017,0.08648421154852216,0.012640578284645546,0.005675640869797532,0.0038517130492385955,0.002907561691356651,0.022687833380214573,0.001159987537573111,0.0020808615039295845,0.017826255004008588,0.005375422040759859,0.006538258716466685,0.0015694895685805094,0.07901999544075645,0.0015570827064318332,0.011501612288580826,0.008756108132719084,0.000864684852358447,0.004903315946552496,0.011425886046748632,0.19883667901804955,0.006751387610795357,0.012650240162900186,0.004740184048393633,0.003192497640473039,0.03408217553647868,0.004614531187451506,0.030622235730868322,0.004924836480933678,0.00382648537868886,0.002914690392805248,0.00838893141013828,0.0029035933330400763,0.009953948649183298,0.017606190831144477,0.0011924809080200492,0.005351839037803219,0.007071292686314431,0.01617939258676997,0.05261814797534393
SRR9000036,0.001532613305388709,0.005224376572469314,0.015095839305931207,0.005822414185116947,0.015119136453074675,0.0018715695105104237,0.01433476913513921,0.0024555720060184727,0.004721131394950709,0.1664725496664956,0.013926401358919854,0.038687837151324705,0.0054157417224710265,0.003142238560073593,0.0077897044544202754,0.03535388218478939,0.08149109402173998,0.03178296981945119,0.045855195735986905,0.00442326983204916,0.021025786907185894,0.040971038620398845,0.0003328279971240423,0.01564326152629168,0.002914743523366566,0.009249799305348442,0.013373099181329832,0.02917045113388536,0.019886884611726465,0.011452383661568817,0.0039697582060602725,0.0650319431217059,0.02021696154709092,0.004188678531694294,0.002256877061331389,0.008003661560943487,0.0025098232441623726,0.01190568888844982,0.00809892300516851,0.003189878601923991,0.05246801681751832,0.00938526082728297,0.005910723886902212,0.013557589040514188,0.0634906854926547,0.0007664575438018965,0.0009575240606856692,0.01646130643120394,0.028283194248039517,0.014808465038318263
SRR9000037,0.0020107649249199817,0.018811267748751387,0.028114019898531007,0.0042743391763130295,0.0024992013615629913,9.021728198614703e-05,0.09345955194796461,0.0036192327280321884,0.027890161202595562,0.026790128861868164,0.0033122548697538216,0.010923597559332431,0.16237733230500323,0.021905366126657083,0.019902863988726448,0.0069140352858569395,0.0037576190551141487,0.0047564732735491345,0.009996967096089085,0.06319284743205175,0.002870653123598916,0.010110854146068491,0.0052839903342988956,0.019582426880006266,0.002437154206412135,0.0028896332837358403,0.022585410930511297,0.08963300751994067,0.010763318273568804,0.019014801848907324,0.003969491406827742,0.01907775620566267,0.05390730272398033,0.0015633972612583672,0.0011523463071308263,0.014732277850380763,0.005641994459669299,0.0031162193684928273,0.009599160784033509,0.01707816338512813,0.003909392758268901,0.029536381324650675,0.009273329190365387,0.07475193687708953,0.012294798192449777,0.0032522177223273793,0.00974282630712971,0.021299863936497628,0.004244446786132213,0.002087204480816581
SRR9000038,0.0016898604683009853,0.027618854157890463,0.025458536803569257,0.001733795103021253,0.0021427600367412637,0.011376470121387905,0.016909357793302212,0.004879897535515915,0.009977864782063172,0.00622623065501372,0.005822342200155577,0.004406788112822128,0.0055456377909570845,0.026294280445122095,0.06106396368998541,0.022937773207460314,0.0024013578259879306,0.01878797018661466,0.007973591449921956,0.003080820479994235,0.0033934944439302675,0.0009010812830378874,0.014926004652133206,0.07919724331075283,0.00361801248269106,0.014903476869536273,0.006527254629259595,0.013715003639967917,0.008365210756702629,0.0053584578085595245,0.10103623766831883,0.11845104482784495,0.01190994647082042,0.058235893563669386,0.0019374183379694074,0.0028674616907289983,0.01673161479000947,0.015512133010550795,0.024807827392308277,0.05181825116462282,0.0069457646907423246,0.0009561534142619851,0.0023394617537371033,0.007273137450820663,0.00961120226801503,0.017619038738170258,0.00603172988272046,0.05825719682765784,0.019569029572733442,0.05085606376189899
SRR9000039,0.052484006030870625,0.0458628877939135,0.005087749590558956,0.0012912928541361339,0.008426759556570976,0.004725258621168066,0.002079580803103868,0.041442536984993825,0.012432807183876458,0.003770914848928833,0.0039329215884530795,0.004481273932758091,0.001438736985152742,0.010310433976144808,0.008512618829862251,0.0016648144630769786,0.0006404857109814524,0.014529810365925419,0.07836655937884537,0.00906359846249981,0.003518052139313796,0.16396587526468032,0.01133351117248747,0.0063616462145046695,0.0020823742872724295,0.007226993654672773,0.004962079871872232,0.08656729211602507,0.005422547367137032,0.005469523936892604,0.006251027963401557,0.04346633839979874,0.0048940923525938,0.0024925817544154878,0.0008806793266317817,0.025532791743554127,0.007663456596825262,0.003122388388927844,0.00526368734360972,0.07716782735120135,0.0025044650891715013,0.007085882471339523,0.005018666571885378,0.019448820032790387,0.011744831092142773,0.05653186251501653,0.07076983697697485,0.0076555925923549725,0.011195797300737173,0.023854430149947637
SRR9000040,0.0009974467807980876,0.13024678114775096,0.07989707661421885,0.001523626335862552,0.0009188292555571631,0.006953076688438672,0.013606050327500471,0.002012175462354113,0.010386337986737862,0.002016765159138762,0.001943973504679364,0.030767725004329578,0.003060784506039026,0.01381916872777892,0.0266448741248472,0.0077090479878776175,0.002997395696566106,0.01651789549139379,0.007005387004726886,0.011719274028838643,0.004969069784921157,0.003497507836933163,0.009931253033286245,0.01167451830680275,0.0052906593892861585,0.05901810742915096,0.0654481600162597,0.10444921308205782,0.025530311314506025,0.012772545986945582,0.014420210665221561,0.00812598617545841,0.014025737211353558,0.004844968918444328,0.003368816478917331,0.0011242930866713814,0.004931999798487177,0.0036177464794935003,0.00662136023667996,0.023198962695305088,0.00552945050874592,0.0062016267426142834,0.02075527402679234,0.10091615753321516,0.02684723716297478,0.06331179747123164,0.002716188049634605,0.004599635594690808,0.0020603132723890313,0.009457199876094932
SRR9000041,0.0016815903402558612,0.027081185865688875,0.007588862484013402,0.04377412169566621,0.02824532598981477,0.0049986236587416105,0.01867353095144591,0.003422411472083717,0.015115731391894848,0.013525655620110728,0.004810359962138209,0.0037321370172733745,0.01637204780310468,0.01794284544245019,0.001292810757032347,0.053954887568543206,0.021284108725715463,0.030617919528630466,0.09870481083026499,0.004161501281286077,0.0006907359351034876,0.004400387102468458,0.024380866607855167,0.00149212440976629,0.0354556355054369,0.0016186246790121294,0.08692632860473838,0.019650136570912958,0.014247695262877738,0.0027919726522856263,0.0585716027129367,0.0026907495606392573,0.003274192510273533,0.021610328867280836,0.08200804615935288,0.03434880174393622,0.015564241903494626,0.013727989999429096,0.04016290606682731,0.003248108915669605,0.006651275843683722,0.002779761696990326,0.03450659021742787,0.0005659382687224319,0.010060695793604694,0.00469566456786522,0.03289086054456222,0.0038384306089695452,0.013998934527825,0.006169903773897157
SRR9000042,0.010357108678756374,0.0003076476498038836,0.0252936042946812,0.002989539814432375,0.051408707835637474,0.010323191230817923,0.003765109539224543,0.015038848067099153,0.007606866217098955,0.005228930979527763,0.006962377270383612,0.01632651727068196,0.00024251917196852046,0.002961133695189689,0.02717474038149325,0.006099634733758328,0.041076043656543965,0.05198579808110171,0.007951878403762666,0.010126472156185172,0.0025549663942377706,0.017767543129466285,0.0064913710852565676,0.00379371566341762,0.0016882686094265922,0.1116747367172168,0.002181827940809337,0.10640409454117405,0.006388604498757265,0.014105341210839801,0.030557301396615527,0.07463289135894258,0.002556724562443673,0.0009181019962090617,0.00406505734034317,0.004519136748667071,0.006847272193331914,0.027583061146850902,0.07222743238662449,0.008977480835916618,0.010741838218077794,0.011079253836981688,0.03600041723388246,0.0180459018397733,0.0665322374987875,0.037278040720930494,0.0010954938565699368,0.0011142536614484968,0.008645185289475233,0.0003057789593774659
SRR9000043,0.006139923021905028,0.0011416025748342937,0.015349333982362278,0.0033435099241905766,0.01830331539527799,0.0016621885683610177,0.001265416091454107,0.00526105515979617,0.004060040749350448,0.0014184583410181961,0.003054500686774553,0.0025258400227239288,0.0822879726399281,0.03945804781075647,0.0010718970237357825,0.007450659699471443,0.0004906730333281233,0.01165981906931004,0.029166693162563637,0.08081263014251497,0.004525354405559032,0.003658757639832509,0.011568741729190904,0.006361651418952867,0.03564178624527021,0.007308577327491543,0.0013438387082259531,0.208403383079105,0.003088088900967768,0.006918283092900589,0.07651375800491828,0.06984997622161915,0.016686031850674403,0.0010265914935755499,0.08919455109300325,0.019632030792913268,0.005063089349516917,0.003940537842238014,0.007275947245091008,0.013064688753787813,0.00943619396768831,0.00591024419332032,0.0052984422704402115,0.016864349456993846,0.006376680697812161,0.0034028395838678425,0.03741270881753292,0.0011990081475452856,0.00622811444818174,0.0008821761221259704
SRR9000044,0.002515273319094865,0.00943799262728157,0.00253600363430556,0.0012102734541345193,0.0056995547629589615,0.0017324053157702914,0.0036559395629438764,0.06340683275666305,0.01886641154759476,0.04223472967643735,0.0067708918340245415,0.003599337792492523,0.0037835688921838075,0.018399605942879226,0.09218699244445472,0.014353386228408989,0.0037544335012607497,0.0039542587761741375,0.019005757475124365,0.0027187335636908476,0.059668240128036135,0.007113785218107375,0.05373663672671103,0.021752941138944288,0.003788426930432227,0.03299233094592508,0.029651367996616593,0.0410918665439334,0.02428388843481831,0.004906652084552989,0.014685968029131757,0.012304535657653638,0.004642095746335058,0.00643408125462165,0.009064072532106615,0.0024756230820168184,0.007890126487234627,0.12121747617903197,0.1010973059431927,0.006234728299794756,0.008375114280353669,0.007773065895181245,0.005468821390325499,0.010967382570857425,0.021265298855324632,0.009751692966343303,0.023929924837294513,0.021937165105552988,0.004721393592654074,0.000955608039036911
SRR9000045,0.0009209706477466055,0.03425036690530416,0.0041496584439171015,0.011363761346873466,0.004487796104750183,0.0015326240808725808,0.0034166804412884707,0.013719960733992854,0.0012451128225371634,0.0059988386201738795,0.011579850297143498,0.01612627824394325,0.11135052027987238,0.07912065004170774,0.001123060770811893,0.003051328580541174,0.009528823596741275,0.0028885113574764107,0.01543689070286119,0.021723501909160472,0.00920668354382651,0.002965732315624577,0.015427051721202687,0.01072655619311192,0.003524131047577341,0.0080103600593655,0.005038221089357607,0.028941428598825255,0.007052056407641433,0.007950347954230864,0.1360045673309903,0.018567774855829843,0.0050804994019375705,0.009145581884862556,0.015872594021162936,0.005867613817869316,0.0096400530690783,0.03633484599798763,0.00159993081001278,0.002687808939057987,0.03457830626738099,0.011859160131038136,0.04114877421722011,0.0036805239339700317,0.01569195535173325,0.005170001394808677,0.0023007100053023745,0.02489673574368218,0.15732498754891927,0.010689820418676216
SRR9000046,0.004940387631593434,0.005820480657493594,0.0280012077053964,0.0003592564408194546,0.010087532066026788,0.027069109005868886,0.009591097581549317,0.003506196602997966,0.009436869695583655,0.004760433054962305,0.018036087436211535,0.01732196602491421,0.011847189070268223,0.018360277524710686,0.002108550650958531,0.07635672672588409,0.018938476601172583,0.0031453416938694656,0.0083144801099141,0.004166115210283351,0.0012641578040748975,0.009182001870015437,0.0006218751914233675,0.007442832056753287,0.0058681309304469175,0.004993498724710741,0.06411302683788449,0.04685993784079824,0.0062591279395665346,0.00045288124366487796,0.06969178980602593,0.04216642066805862,0.10756326327793304,0.010765954615705536,0.02948059844174388,0.0016001917386661766,0.00954945454958178,0.0047042404492013854,0.015383063078052393,0.034023453265432185,0.05313717560932962,0.13270581463080144,0.0033982554072846307,0.009507513431693197,0.005536503263954554,0.007226136959205713,0.001814866761273315,0.010827677374253077,0.009801535707924209,0.011890839034062047
SRR9000047,0.00468450289549645,0.016772480181231,0.026422724476446058,0.001421064145873953,0.0028402991352664796,0.00626823310071048,0.00942566260085656,0.019610209857047162,0.031430311653403376,0.0049108487461573145,0.006209361344430504,0.04275975206498165,0.0019924135872921587,0.004731133482449641,0.0019474483399601773,0.003067615884383283,0.04419093671027166,0.0015101228022339624,0.0019055774249489385,0.008001818375119148,0.0017566841078850595,0.09133848032437239,0.005410723562970435,0.0107207854645299,0.004656881199193753,0.0015239904252995096,0.004808600944347189,0.08283505123010078,0.006418380244370074,0.03282503460750236,0.021711752879987514,0.016894930331348094,0.05104652171465482,0.004327987163232079,0.07770460683226425,0.007224233528555791,0.002026886899094926,0.001396141456980298,0.002652449881598216,0.005115223966922536,0.0011520956693950864,0.011428458965144583,0.004208173306864487,0.0022003005042327507,0.002105153143107435,0.14286235308542716,0.0019099636985599384,0.030939296543799708,0.0040401122836534785,0.1266562292260453
SRR9000048,0.0023538933606582517,0.004590832653530595,0.023114533326425976,0.003960975484436644,0.0005334755361526008,0.0016336140907657123,0.04440071500233413,0.011421833988752317,0.008598771566886893,0.00657325273012676,0.012148610056851942,0.034223111643607425,0.017187932119471915,0.007444257885536814,0.006099295962736391,0.009559234032945363,0.028653040249492265,0.011875286493638218,0.015171826772520337,0.006411580064102198,0.0007589561183500531,0.001975241119442268,0.05316619162067447,0.018475768263303112,0.0011973517246683112,0.0034948735287062146,0.0018467163295817805,0.16450550402389413,0.01572567908569016,0.143411924437053,0.01429638836010546,0.03650239634719381,0.0024313154692380936,0.004456638626145581,0.009894991688086042,0.0021472888911618407,0.006657544517712304,0.014417950568450192,0.009801823147424569,0.005296848553478749,0.006573503003955353,0.008980468976668972,0.0023283952135884573,0.008104440327581796,0.00620423202590595,0.008290368768856311,0.003909309949496338,0.0034639472491622613,0.0036825852470177473,0.18204528379643392
SRR9000049,0.040891585424360596,0.0010641152653586973,0.0019802638209731604,0.004664298616101783,0.012466929520373699,0.0029870449190300074,0.0006507313187676154,0.0009367084001482971,0.004209529137752721,0.033612277569682304,0.04629331027868822,0.007755391353400169,0.023453967525153427,0.00370542396027496,0.03253784154870918,0.007920448001672378,0.014417835058912793,0.011161505922209599,0.014711947232831408,0.012373803203050333,0.0016102320125307322,0.0020514887000004298,0.003935408216356801,0.011333398809585556,0.005120460590258842,0.0014068253861550398,0.06495805127636833,0.007906359580863165,0.04329301689996961,0.021073999960439925,0.12462876720273512,0.05463875454222883,0.008792276738870558,0.011989881796588284,0.025795342476662767,0.0027892063848442305,0.002762505321167419,0.014162268684464232,0.004371817744457369,0.0663240004841606,0.0055673503363289824,0.006044007164910673,0.0025568042761271678,0.1436380461364909,0.05050639139110855,0.003643673202250584,0.001188886476604577,0.0022731274671284364,0.0036576719531006443,0.024185020709790072
SRR9000050,0.04024458188449803,0.04026531756296239,0.014285237263743509,0.015258049627803699,0.002322542758890552,0.007407597802001265,0.006075172559096841,0.08692391468926963,0.00399666647630768,0.007785905694979396,0.004805697630312198,0.013796371917923484,0.01839875080195688,0.0023765956855376206,0.0036014699766156776,0.0005339801695789623,0.05139311395495902,0.008251059776164912,0.0031186719554034707,0.033336524671609816,0.002765789568986093,0.05262609721317865,0.011479664889764308,0.0047503596131263275,0.04366981346532069,0.0008940818948933226,0.006252185252987325,0.04105479400568839,0.031321247149840824,0.0028198160934271095,0.035418366943659026,0.002490470638816197,0.0126897381500162,0.005157729210482046,0.01699741588317438,0.002828755614785295,0.019506122529089332,0.021382485261173992,0.010948997251016548,0.005418500359645104,0.018485882153292187,0.14753931132604953,0.0019156349380662744,0.0314716871933009,0.01153919874297357,0.01814002397892559,0.002668799016801999,0.041382914971800626,0.019525141876113903,0.012681751953989347
SRR9000051,0.003960903165084328,0.07249550502171302,0.0014951885067266935,0.0018466013412486565,0.0016357245416015731,0.004266449872167314,0.019378541862994852,0.022507904091038096,0.009193498941238165,0.001432489765573139,0.01101773582064756,0.06981747484062586,0.06000056485979798,0.02083821334237861,0.004100185538968387,0.0062916001295909435,0.01582916779741832,0.005506989710647715,0.0021993198956533687,0.0022981866589398495,0.011741484230200619,0.0014614888323648586,0.0005532105868853852,0.006525172467992189,0.033219306053967966,0.014663107672002818,0.017946241185657543,0.05283478275896964,0.001236812830688463,0.05690539301459433,0.08480599605822611,0.0033587256332764776,0.01722339433557656,0.0008380861907965382,0.004121701850726066,0.07009807328906491,0.012648332644021805,0.00863400132323019,0.027342053731098808,0.0946998624233396,0.049837781821564495,0.000816185206315753,0.007796260843541282,0.01390061399189309,0.0034100415935699735,0.003470236151435484,0.034843073100240804,0.01820257077380309,0.003520831035848083,0.007232932665052627
SRR9000052,0.003128955040002776,0.1450062365650789,0.011606926690042579,0.0029722457988845446,0.052821167961853197,0.013050966004162246,0.0019191400954834158,0.003575529630192249,0.0036926354346648784,0.014958484714395922,0.005069181379059495,0.04146676204107012,0.00196361818474947,0.004163736837340465,0.08706010172604467,0.04015199698623702,0.01819019935527438,0.003203404577294889,0.013079400295234727,0.0435233467735029,0.012259372296474162,0.058536469397969706,0.012795176090790467,0.0036876099859308818,0.008023256275835246,0.04715215877013105,0.0023485278817085543,0.01862066329485936,0.003496086911091731,0.0414286016371543,0.018134190861481294,0.007569487804419526,0.01026574830676742,0.001612213534313168,0.019355703395570554,0.02238367742475751,0.03370612963878892,0.0018885108258894757,0.01328110967724944,0.004017456550552977,0.045851603556975075,0.005585300166618986,0.0040532618512490355,0.0062232152940649,0.008626458823137454,0.010894714171397956,0.032183900793030115,0.018184653477573844,0.006815424616001251,0.010415280597646695
SRR9000053,0.08130293945832272,0.12954774970687027,0.01604755534071039,0.007412415783454179,0.0030976214230675134,0.0052932108406194625,0.010962789516130278,0.007149689603418269,0.021936522726443648,0.0012149580994238885,0.002046561787631521,0.005324248475945459,0.004940755613527939,0.02938958614272871,0.021070480625054074,0.001453440357663614,0.005569419854064176,0.005154328644993505,0.0022627859781434723,0.012482343297078705,0.002025637156689954,0.018612193106130874,0.002829417742919663,0.033095156682239786,0.0041782048116731346,0.010378412217634863,0.028178234035105908,0.028326845695779604,0.005998116475302426,0.017512429542045495,0.1715641236439777,0.06723270593756936,0.03586161548442285,0.002354648431014406,0.0018354083406051875,0.011321043980922482,0.00383485593589327,0.011870493525189634,0.01906947088123337,0.0020019102061639856,0.008467499857799857,0.0017288672367348917,0.007848677493435785,0.006588916116261979,0.05902233673730403,0.0005009668785914218,0.016923484299895562,0.03448598398028084,0.0060593529157885705,0.006633587376101235
SRR9000054,0.007623207848990195,0.060898438577695606,0.002658276386061142,0.015439703401309622,0.003525998213177209,0.0030390078864955127,0.04068665596607999,0.019388563387686866,0.02696079783326813,0.004885519353783156,0.010019367677604075,0.0251625393554867,0.004659695911715071,0.050623276013636,0.017718976832059464,0.01582768624266541,0.057588672544851005,0.012722453187638405,0.05681273518658108,0.00384494992396412,0.005608439558160519,0.002219659562133083,0.009111729721908398,0.0016209109162298244,0.1645596116347594,0.001587073630774122,0.008094039489443703,0.027891561151830765,0.012987534225571069,0.006872955153833068,0.02339424267382749,0.01070303100081683,0.03422434938193348,0.011287311136931247,0.004061035185320964,0.0032197412289441886,0.0025987213806085794,0.004554817605260122,0.004425389250617814,0.0026409508694934898,0.006058527040058494,0.002993342635308597,0.1143586179096996,0.0040950524407936395,0.02513485511605509,0.002599382044653637,0.000828034085605822,0.0048102288794936625,0.04440273139254423,0.012969601966640291
SRR9000055,0.0006829576977624774,0.006683883409057594,0.000625669452563807,0.003316683409220712,0.004802903798709431,0.0006715720112309162,0.0022288132625347457,0.05579504867697971,0.012923098500395205,0.026067833073347757,0.02457706273706335,0.009570132148553052,0.006227712288255151,0.04115428536735423,0.008675559615779383,0.0045688425946868085,0.005860795369883661,0.0015113731411669229,0.013594277732301107,0.0038881141216799524,0.0065896777910214544,0.0012445286027210855,0.012114447193327419,0.023821620119109387,0.0027224522299690553,0.02029801667197024,0.004886477213451474,0.0018935859670203817,0.053089387683161474,0.001575920595159349,0.09566434498184954,0.10787288656885179,0.0024180710261037697,0.0013879846500843896,0.03560185932355125,0.14739145078161106,0.0029288821870100323,0.002585778490035624,0.006782198642539451,0.01707896461313435,0.016119368098248054,0.04897720089204065,0.0016603561206864556,0.00659455287175794,0.057651190291767546,0.0029126357968731254,0.004344301769435322,0.0034990067203853,0.058314282696678155,0.01855195100191884
SRR9000056,0.026058029460260132,0.0050875983197340114,0.015202881756438037,0.006957949739033735,0.001932633429501594,0.005736012311684176,0.002277323160356244,0.005594885892976705,0.006093824273322261,0.012899154401104588,0.033359872848111954,0.007514378168726371,0.0008790411143283715,0.03600698300175729,0.001971408985804479,0.003584897408378031,0.0013479971365101327,0.010581550212871446,0.002091088477912932,0.03518057956454722,0.014820841938409966,0.024025130907170997,0.004028980896832805,0.0417022239113198,0.144327728029206,0.001703611712130111,0.11206250167337647,0.10141281318312001,0.0030190436454418062,0.02124031227229897,0.06778040703040024,0.01730961581863995,0.0037026869018646777,0.0035738106542943147,0.013317902681722369,0.005464951810875757,0.013986855575735996,0.002257923198512267,0.018549915781696118,0.011016542359492771,0.0078546894888881,0.0039532583634190035,0.10360592893629922,0.0017322844056863605,0.009255531602860963,0.0021629456009882356,0.002690954653695016,0.004938375325380872,0.0008983285383218193,0.01724581343855953
SRR9000057,0.006926694368103432,0.0008222383160832799,0.012602130681899826,0.003297611374059954,0.002302260634500798,0.021344095658897368,0.007560775436136397,0.08284122923749909,0.0008350422622974172,0.004359803290954337,0.009419284084163619,0.010074289420434174,0.00452370925699176,0.015126990693456136,0.0737542537842265,0.008196728582294349,0.017061121230267335,0.1259250808137752,0.008276549099615959,0.0026780824678514325,0.0013144707499703047,0.009898476484933383,0.006289193920462889,0.003732297816120906,0.018744946099624356,0.006913258378217915,0.005262836945978411,0.04668479728839362,0.0015889611890461514,0.007272495117836112,0.01037833513299011,0.01772959716909488,0.00670634182483732,0.03949829207603585,0.005752583960917088,0.0023434591025608027,0.023176532069722106,0.0014707347952217695,0.00969702596155315,0.08706652218609502,0.005315009015157876,0.016478270088790284,0.042581593453906184,0.025000025527544375,0.005589237157005256,0.0006994055453240406,0.014875108485498405,0.12474109764570379,0.002867593663520962,0.03240353045442811
SRR9000058,0.004993904109998784,0.07293128129009625,0.0160639505388757,0.0014531634498871683,0.0005542886635401143,0.04336710344908359,0.10324160065058391,0.017475887347778614,0.01711457136267508,0.021212211807953837,0.010023160214910924,0.009732974203467432,0.013700789104703438,0.005857610508633978,0.1269505443367894,0.003950726667289445,0.019659924462048322,0.005578419237338294,0.003107608398045211,0.007640044405922808,0.007580715679907168,0.0025428841691518965,0.0279179766783462,0.06107644384533843,0.0029542860661325087,0.045273795775087784,0.008651651882698206,0.11013012926585489,0.0069300547238031135,0.03315584508512664,0.007483427654328564,0.00539972606680506,0.006781536299993716,0.012922745697749642,0.005959226710291362,0.01745953901219573,0.006803861752922589,0.005074088624487438,0.013868893848900783,0.0020614088205249768,0.0028460888097660126,0.028016430182148847,0.006765311495137714,0.02782488392475428,0.0015889652681961592,0.005099652496326646,0.0013755064540605633,0.02343829484156227,0.004685211219822152,0.0037216534389563284
SRR9000059,0.001975078175813783,0.08194096797030409,0.006851024966753138,0.00763088062097692,0.011539232731402583,0.004302459352051224,0.0017668900585545103,0.007597189554938593,0.0030054116326923164,0.02467756938296673,0.013005869020258265,0.08052171000171277,0.010899394761234036,0.00351247496229097,0.00995190439721234,0.0012162225610965393,0.09909802135670379,0.059110801076892115,0.0014961398297240983,0.0035173630874229286,0.0034304383497711557,0.00857892364237972,0.0032007084584986982,0.0071786482945055815,0.0342526437357449,0.03774178769649972,0.012919486708367314,0.0266335834830718,0.01695564495439226,0.0175302861443067,0.14116186639223716,0.008824033770685158,0.03025041042868413,0.007400662508895435,0.007649642725214971,0.06888770473141596,0.01800294890004385,0.001327733053600474,0.003179201180415404,0.004330635657924103,0.001391072305680911,0.0003353092956868013,0.010448600825501005,0.004430704616890055,0.06165394835724019,0.006135913968841551,0.0007983308550722556,0.008177106109134386,0.0067046004367610715,0.006870816911535607
SRR9000060,0.01081920075120333,0.005012869296205066,0.010568848362205584,0.018549217330172913,0.01437851635218536,0.005466961265393826,0.006437482023521548,0.004649808807463452,0.016058516782448344,0.034014822459493686,0.024159933395015085,0.003915440429787487,0.003286184135520265,0.0024984565944135085,0.006287635978191143,0.008830216364476354,0.006467529108651811,0.008087356180535299,0.002355405835750476,0.03393118587754663,0.053923665676968074,0.004652559053543803,0.038661302667853,0.0028208827903336304,0.006105107948713625,0.013602470251316686,0.02646123754106616,0.0035877927226714147,0.0011170825994404592,0.05706786800244908,0.003105958172471689,0.03284479028955041,0.0028329172354745356,0.00350895374266584,0.013653014428865117,0.00046921749602815867,0.0008313365800027489,0.0024151631402414457,0.09602328836968035,0.19886257497724621,0.06401792874048944,0.016079436684302416,0.0338277086576805,0.003239139833087189,0.04209098847353844,0.013195854547166342,0.004174906814663521,0.0036908686112660494,0.02175344214472411,0.009606954476318236
SRR9000061,0.0026651411615463637,0.003057398176268475,0.002928168745016509,0.03189038064561518,0.06977119094328309,0.006332796306749253,0.02688334523345165,0.0011341948319471536,0.013548545648490704,0.020968636125521748,0.008459806898426826,0.0013122076399421237,0.12481661889059428,0.011888985264321007,0.004863958082731694,0.02842517436092635,0.005488298817361674,0.011462029761144167,0.02372264696954533,0.0036883705543815978,0.0029539149069605767,0.0011124089273239785,0.050290139039425925,0.030465176152117163,0.039047221785355246,0.002488009796777383,0.0022705853901911982,0.03677932633261234,0.009613282938731545,0.01215547429756222,0.0004359357625215454,0.04477060343283232,0.004308616911027554,0.0164951453290197,0.03600996590290515,0.0816514580737799,0.0055897323604000276,0.0601166251560011,0.00151963868215467,0.004972812347154724,0.006123439259500478,0.018935962420356233,0.004621269225492073,0.006315968298010916,0.011653491308188638,0.05216360159167296,0.0025624731391150923,0.02807587229082655,0.017015983599209066,0.006177970285508384
SRR9000062,0.0038549987656755266,0.08059250866750933,0.0018548622016779678,0.026471180500331436,0.002901487221486268,0.013717131124814996,0.0022593540042294496,0.005767317510514916,0.005140388855444268,0.012599240490737355,0.012339722895859561,0.037091565924938695,0.03829664271677064,0.009645254198694688,0.006749872200143782,0.09500167479455796,0.002403743350419374,0.005167799462997776,0.006723384024470537,0.008756442359009915,0.02492409721645413,0.003491957960525936,0.0008614432924139889,0.0362458653873293,0.01796451510693875,0.010803480718565888,0.008282781594600276,0.007825586215692005,0.004012823240853479,0.004310237063141791,0.008238025693526609,0.11993589273868586,0.011575140169259436,0.004867601562988846,0.05552650949344198,0.0075046554602994624,0.002839568011969214,0.004971898099633593,0.010116620569755782,0.0038055074473641436,0.06244427854358814,0.006174424884835154,0.007522907822712897,0.009578456175329616,0.012694211795969785,0.0027290385106186563,0.025441548329026717,0.05618863021995805,0.0859828394834842,0.005804885920751848
SRR9000063,0.001401093250029158,0.003016692509170942,0.05802580375763533,0.04599301987450113,0.0007199944240153724,0.04039875023908918,0.01415640866764704,0.04692223836599336,0.07199027000304124,0.0055078137786816065,0.021804840097494033,0.023853189291057883,0.02574473759176714,0.056009210041738915,0.006789815618096498,0.015433814924728754,0.006886404143015192,0.0020418930229031775,0.009539406111728075,0.0020509878492025783,0.03304282721128484,0.005449692172174528,0.07587411412686608,0.020651972428952406,0.003048006773490375,0.006365414722689605,0.009095736249037456,0.0137958820123383,0.007628416440593688,0.016952259060908723,0.020629871388876106,0.004619349859275945,0.0034867216376743763,0.030598966684592527,0.014663491935837126,0.0017893191803307644,0.1432727780392358,0.0016259502209720132,0.003712839462380432,0.006096699245358479,0.01892447402799614,0.006359778998929146,0.011257320571798667,0.0015933943746576009,0.0033132991419275275,0.04540447678320564,0.0012654220077673712,0.005986998660444195,0.011630998823838536,0.013577144195028859
SRR9000064,0.006665461892356995,0.003872487526181059,0.009125366571644561,0.004345544099987078,0.08121422526063779,0.013754170831233906,0.030162415015849035,0.04521022367383961,0.06082113914661696,0.0045513014681249865,0.03157130549462343,0.005919234235839584,0.06173489287827447,0.00843196767864317,0.00932702256092688,0.014561966270208768,0.006356348329067066,0.016914184667636,0.0097297808904973,0.0040706105785306085,0.05165074502692038,0.01572119803996197,0.01715769315426958,0.01125893092287391,0.014026683755373385,0.04177608482082762,0.0034087048344332467,0.016111762653545515,0.0011267209519894592,0.005596743591414092,0.02060091700459948,0.004610538184066429,0.0073857639055314,0.0026494934503349596,0.0008285677070382405,0.03678777243177628,0.0021426163220269606,0.015533382844580902,0.0667080608405245,0.012350309096875888,0.017689378134905828,0.00014707526558823544,0.023363161061924105,0.005388944044125654,0.010023785766448447,0.046459179169886754,0.030943483155860402,0.0399199509883682,0.0364884810382187,0.013804222764990317
SRR9000065,0.006830597123977235,0.010897675015401915,0.005405633132205733,0.0794986490675892,0.0024731892787901795,0.010093769310909658,0.04758387776592235,0.018374059242215728,0.01774832879800156,0.004293255150420959,0.0035648936146634325,0.003181611876938258,0.0784391844630143,0.011586541367561216,0.004614262317552391,0.01506753772910887,0.07766469075089763,0.00869071948853709,0.004245063701720555,0.0033020422356657853,0.016674694832886056,0.04821021378033939,0.003202347050160436,0.09264845644907321,0.0037616841873065804,0.000997792351339842,0.06757664883481436,0.06770745853381559,0.028108230328046976,0.011649311663208886,0.008796632308398316,0.00214968558634931,0.007735344561115453,0.005328885954444391,0.018194734181182986,0.0017588725090746842,0.002553144361275258,0.002865463385756634,0.003727201046476646,0.0006797557593925831,0.003919088751000146,0.06370267396636524,0.016544116896406977,0.006957562686197264,0.011358908751565658,0.0018238049569018005,0.003456707646501227,0.02667496145572302,0.0023117724768405767,0.05536826331694666
SRR9000066,0.09723472041537762,0.0007796788338422576,0.024456418663430853,0.033407312407825775,0.0018865519727394946,0.0055829557305716575,0.011684401686721548,0.02447790162596372,0.024315698037792145,0.0041223137022147055,0.04613848113791726,0.0007921966465795911,0.037468237034298406,0.045808418911574895,0.010768420543935302,0.001692693941026712,0.013609151523680633,0.008123272655818076,0.006593251952232915,0.003274595125149107,0.006526062497234832,0.022016473831820305,0.0022000045943070426,0.09080536902472985,0.005020006677367878,0.004337734074116133,0.014615504273093594,0.019663082789083842,0.005342247128548659,0.002486984630089527,0.0017260620018811124,0.015107223859844232,0.049211333613587475,0.0018598871068615523,0.003966157874720068,0.013898886083605112,0.03407726806773142,0.015557994437193324,0.006892474508494879,0.00876489028499142,0.018628969679683055,0.032433887528669866,0.023712130767470203,0.007602290917880912,0.002146471171284092,0.010540196249839467,0.13393539278111044,0.003292258203979212,0.005746501273701904,0.035669581518385944
SRR9000067,0.011770712304261558,0.024580585437891402,0.018372128755297413,0.016428027717632316,0.005297726123168097,0.0017560006294590918,0.020568007749509468,0.002475925517535637,0.006928546188560601,0.01776953448297907,0.003139188274866728,0.007589898228231546,0.0017750060488687487,0.0010154782581395293,0.0164994307268843,0.048422752284015616,0.005775032942243229,0.016690164574005715,0.0029646392375688585,0.0033664281105228477,0.029238638978704396,0.014900450173566098,0.017156652565961023,0.01097938276900991,0.039771380228294975,0.0032985734807780926,0.04650225223608749,0.01722368701647141,0.00963298151972249,0.0026095173187545076,0.011601806076414244,0.0022073893109094958,0.01859665813420797,0.05125496516076436,0.09378186994835372,0.006863676636993559,0.0063011140815459185,0.009116343410918087,0.021115054206703423,0.004594694453615411,0.00279685327882218,0.0021233711690051907,0.007436166085194852,0.0008564474624899012,0.034007258347276796,0.06606958736544387,0.014596602115249215,0.00821865611194497,0.0556537276965163,0.15830902906863845
SRR9000068,0.011950463316794679,0.00618961050843665,0.007747125933888007,0.04230441297142813,0.0006152458526797361,0.027385117837970936,0.0242874043494939,0.010732240620363124,0.04144891318503975,0.011465441480777784,0.008722849025756239,0.002344824421338889,0.012198765880954218,0.0024851989957178078,0.014005103624468994,0.04219989354330725,0.00884990421288471,0.003173580662518107,0.009164613723253251,0.07177206748818746,0.007186416512035074,0.007800076787575541,0.011675456326881693,0.14623208291385614,0.03466454970752405,0.003673965555608043,0.007865423801195408,0.0010293415981193063,0.002425130062776027,0.003978734518473289,0.019495997545860556,0.008618065835554323,0.006787277278443331,0.008877458836644217,0.05135124532388117,0.08596115040219691,0.03658058440418396,0.0052026813400698445,0.006960624923800906,0.005098636710241791,0.048048885736383495,0.006112640235959425,0.05701698347208992,0.00040271631129541133,0.004029192407186798,0.04320804482787991,0.0008268331978359529,0.008984867564154161,0.00370235223248721,0.007159805994546421
SRR9000069,0.01171744144053466,0.029448921370724548,0.04714469279031293,0.17086037515317853,0.018619689151238697,0.004410031646260287,0.002635771984910438,0.0014532379357987983,0.012250713758958465,0.008764591505201605,0.08598301282982102,0.003518709376442494,0.00200718767379521,0.005477655764004395,0.01656044437758885,0.016830803628521074,0.0007966230828147034,0.005338407726538339,0.021869162975410188,0.005374633887648829,0.0480108734591983,0.007852701590543635,0.003400603064060858,0.006755662284368837,0.004203032555099949,0.04693120974034473,0.0075122433214908964,0.008160764647627024,0.002073226027880794,0.004495340416361314,0.002618422104778565,0.0036105325886768764,0.024924292611701697,0.009578814449615603,0.007092276821028115,0.005793731135602307,0.014280641665857446,0.007773125928136651,0.027932404850021544,0.1191247876025376,0.06919535122487297,0.0020386207570920337,0.02202515791375107,0.024335869991080162,0.02968588896780045,0.0026749521838193326,0.007585022813038779,0.0015513443193119634,0.0019044257757624126,0.005816571128833992
SRR9000070,0.025278435937168536,0.019836159280398363,0.0037068321758786083,0.057923422108637046,0.05304848292824996,0.003072133398223178,0.017417447516032598,0.0007826495717050533,0.038857605605551515,0.0017666501894886906,0.0024360003311266515,0.0081639854040725,0.013170114388080491,0.014718748088892895,0.04306986249041212,0.08162710670743253,0.002435253673866365,0.012997509921128287,0.008021871268199629,0.015359653560107253,0.010114323258286415,0.03251914262783992,0.10366100436599841,0.0038869270070812536,0.0035452455323357035,0.013191733525934984,0.009591848080010252,0.004363205425869478,0.011552408994990077,0.06844730538664358,0.019009980696403656,0.004365138122614602,0.007324266501635577,0.003050228175512453,0.009130750657649829,0.0033899164140620344,0.034610905408150636,0.03957085277220441,0.03593845355941055,0.002358595557890884,0.004725701949459558,0.007173791529560819,0.02803642342264912,0.01104914744231165,0.006507449244006518,0.039247137660370184,0.0005845075505252925,0.0031597997787084636,0.04685551371161113,0.009348371095620485
SRR9000071,0.010077455457791106,0.02164475013421682,0.0025443652225217495,0.06258975980928971,0.03446219231952571,0.007269120864780418,0.03922468729922743,0.0022105872112586195,0.009052718061980729,0.05219512960922462,0.003039317934290968,0.012004800532275388,0.011064557326295495,0.008764837546708582,0.004065358501079612,0.008369061793252211,0.005623312523256101,0.006411579363868117,0.03999659019151496,0.0041441304888746614,0.019311217656697483,0.0045548306720229565,0.00458613322170075,0.06677392665995957,0.0029659652333150115,0.005018524472395254,0.004069908319926061,0.016838550452959858,0.07996245444997549,0.010575498276312668,0.015585639487047612,0.046012312247837084,0.0013952048982949882,0.004406216992405118,0.03925109850569119,0.013001587730522452,0.03379249577912073,0.039632598548453,0.06601739925199517,0.0036550823949737837,0.006763454316518346,0.012870040683559385,0.004304141386164023,0.01295826997642566,0.013062407307663728,0.00999391669735689,0.04262659532696237,0.013669479851325958,0.005614877620092511,0.055975859391091856
SRR9000072,0.007877751265627331,0.0023292316265946184,0.003463193898375155,0.07632474575052851,0.011533687484584063,0.07413578568028288,0.009664504839041426,0.08115552036172374,0.005273257617862464,0.005009138926830791,0.004069036093263346,0.0012655253675602303,0.017248599834626704,0.011867976575770931,0.0018283334029962368,0.04668136744577377,0.04168171960426444,0.006269618817337729,0.0011647730651714954,0.009982386732930056,0.009039438664604126,0.012758971656881599,0.005497946124786127,0.009622107842078755,0.0034204797634965673,0.006719963443990933,0.021383215041737035,0.06261407478200554,0.012269858267034443,0.10814481026090667,0.000586077621513193,0.008263707688027856,0.016265684838396393,0.018152557544157375,0.003858487403246766,0.028749137638232163,0.024724759985257406,0.004311108185269393,0.01203511118626784,0.0003899012430015287,0.009176387698069584,0.07528444997497964,0.025511983783607497,0.0253086341605476,0.006579437834621119,0.0008587080979457705,0.03597027959714966,0.004917660471010207,0.025172979827502287,0.003585924982528947
SRR9000073,0.012476999134697684,0.002902960932687933,0.015325258393753146,0.07290927789375719,0.004002487699983826,0.0083542089831597,0.018516680289172777,0.04180349799282679,0.0016694084753067664,0.005920403099763948,0.03163446675445033,0.09213335319946554,0.016620707264535198,0.002059062611785441,0.03309325037643909,0.011446429329077176,0.003735777992421317,0.03406661030951891,0.09063139442351052,0.0858547647107254,0.02576243604604149,0.0206407389120545,0.029348797066710234,0.025499350967031896,0.0009320537908150059,0.0014508877272733204,0.0015171553291512658,0.0013704869011990093,0.03233843145550249,0.0073768039148250355,0.0010992339631940436,0.01424898483907317,0.05835080837762088,0.024278894885032414,0.0033905052361801256,0.0065837578560636704,0.041286496188556156,0.004161237857202582,0.006282943898595212,0.00588483461843358,0.022625039907826182,0.004278153979326362,0.017330935606541944,0.004511229385469449,0.026497467868346742,0.007104672138961597,0.004449742727508704,0.006599960139855023,0.006196045663108994,0.0034449128854604607
SRR9000074,0.0011453161452968973,0.0014422019952523924,0.010875117903262503,0.02243822724583917,0.008486820821956394,0.05234261618680618,0.003351191418583437,0.003064444406023681,0.054304371085562596,0.0033282886434991186,0.011051872161762849,0.01794053708058575,0.07964169350281743,0.0029268866858938496,0.006913777980244397,0.007876849377940871,0.031328764519453926,0.0025689414657225065,0.04659974769130647,0.0986812066366968,0.014983526772018729,0.0119244213322405,0.008773164963019518,0.002839296452458194,0.008546498420910353,0.007562183054578293,0.0030709164958838304,0.005057483739352061,0.011820325151932454,0.0942628871019124,0.011943697731189034,0.0030719799065758624,0.01149666383543025,0.0020404509146786844,0.09695755321357911,0.00785214393112819,0.03494928235372257,0.048178562436895236,0.004551069956514662,0.007494873399289685,0.0399840460114039,0.004631771850281895,0.004656276924372707,0.00513459505847529,0.0021137522906023586,0.002323732656317825,0.02953478514908563,0.0024134783708525155,0.0236566926001295,0.021865014970661713
SRR9000075,0.020001009750547763,0.004327900074516069,0.00815375475926594,0.02214156226272626,0.07678455449731578,0.025976954918020663,0.06160317485437102,0.018725975801357243,0.005980188691489836,0.009590678293568574,0.017245004165047702,0.0012921770411673675,0.002071086985928368,0.002997097507256308,0.01482424216238439,0.050254963231340856,0.02318105471975992,0.0028192346402873695,0.000742407920699956,0.044135627140117435,0.06148397161981614,0.002002608646866406,0.005075956631112546,0.0017340856517416283,0.0030080054447567174,0.009632610169653224,0.07194508684575703,0.019530004777962226,0.015283986190848003,0.08259199077673927,0.04172304930003597,0.004576388141272365,0.0012005460922318123,0.005940392317474411,0.028998195882237343,0.011391754587952715,0.047394294264869435,0.004688397768014042,0.0028776368312999896,0.01067634018220836,0.055081282703595774,0.00312412969488699,0.0018649886226914296,0.0015593307512404564,0.012623382731274288,0.055281412449298434,0.004899266008685469,0.011653238420144882,0.00682182980331021,0.0024871872748538654
SRR9000076,0.004494859277686902,0.015932383499776284,0.004517121417455058,0.047630874309697514,0.009934076315417314,0.0009422222241035887,0.009607144402248764,0.0246589195733985,0.10154977067620405,0.008319987697018501,0.013344605995468271,0.010241355452150162,0.004199802016687678,0.010091500887241952,0.016885396999560823,0.024010663141135622,0.056314498814871286,0.0025636581188164744,0.0035638719810334504,0.04540415782935536,0.050927703426029876,0.004153747856548629,0.020973952360368302,0.0030969990684943305,0.013193245093975616,0.003168419812462096,0.013233392788207428,0.06353188182645954,0.0034244783308493717,0.06523100621538393,0.010105096334425117,0.03797083026582685,0.035785177453181945,0.007923229383223995,0.005972351168313798,0.009201400185916607,0.0038846172479740787,0.03229471910246442,0.011595003233832621,0.04442828208297493,0.0015268982972222614,0.0040122693984504625,0.04758420261530364,0.034119008471442266,0.002575362221431108,0.0015557044992038887,0.004128450344663591,0.002801410746682428,0.03321590159552542,0.014178387943834
SRR9000077,0.016676256991461677,0.004118493694243417,0.05113391902982243,0.05033122564350343,0.02549344817058319,0.008424495856373884,0.0028417198558149575,0.04214451018604853,0.008364402811649334,0.0013690806474564463,0.004804144283971863,0.09855901163123433,0.00467533298310621,0.004886385960647615,0.0008118864488977985,0.09649422863335033,0.0017225343637165829,0.0017512858952422445,0.0034995600706712333,0.06463539162604962,0.022611125443499636,0.007361813458016335,0.002237114457955073,0.03329335818934405,0.0023655673046828153,0.07237976472767126,0.018741051703679297,0.0024040866028318918,0.012281101501905282,0.006598969325809681,0.008510822928383135,0.002537636672644133,0.0032966796869449773,0.003808624718126438,0.004326664563542145,0.006744603419874481,0.05062149371678089,0.09947543851285692,0.003928678173199743,0.046014997766251585,0.013651155199126606,0.0292255329628108,0.008031739682072029,0.0042810347749921525,0.008129751409297479,0.0038559653110878146,0.010185984995187379,0.006919801538708401,0.006734746177976963,0.006707380290895626
SRR9000078,0.11740837909076468,0.0068665843657092105,0.002244925525120963,0.01861761562129993,0.02804443095978998,0.004683620294285557,0.0158509354230281,0.06716810408542534,0.0028743499055208506,0.0009704832829797224,0.00563075976583769,0.12054163316423278,0.0032804122804255846,0.04641819268470909,0.01967312197867547,0.010187790993734555,0.0024677699584290274,0.0023961089134846175,0.002859834998851132,0.010236640875044216,0.025936321084029778,0.0008857055697401001,0.00121924045225913,0.035960076560965976,0.0036283478579440275,0.006394977014916251,0.0134698771099318,0.02082633600871402,0.010690782711862707,0.0032184170747282443,0.04017074743688599,0.002876500195857009,0.001709209235104199,0.009200362425797588,0.030612038581902423,0.004883930744002817,0.038660970250557834,0.07446311579095279,0.011349298594976883,0.010317939325835057,0.00801640800771375,0.002543552498552277,0.004439609267475506,0.0019451521660729981,0.001605190350183831,0.04778814023059957,0.001765107116690664,0.020993514227304565,0.016460616665900107,0.05954682127519365
SRR9000079,0.007267822226286539,0.005406077459944648,0.012103373311173182,0.0068988559118962536,0.001846946890592788,0.0048181577685033365,0.0008849102235696718,0.13474521897162683,0.0017365890632515268,0.0014041211026552293,0.008442283614183468,0.02756261426039585,0.07076354202671672,0.006617982171886531,0.03205832854799894,0.009311988165403162,0.0030696668695173496,0.004856279404515286,0.022437998623182104,0.011336896655003101,0.0018771413480587224,0.0019205194361349544,0.05210178862812386,0.08092451247877115,0.004923814678383581,0.002443936119140695,0.047004217433144944,0.00974396553400145,0.027590044502731045,0.030338234004517472,0.032814303126711485,0.012009227621307137,0.011666304485917614,0.005983766397319799,0.03171336920124553,0.027420866975079457,0.011856900131314262,0.007718175954196576,0.00780813536951013,0.011215865559708037,0.004586001033305118,0.0026418169258305914,0.0016553964034978126,0.0017025927595747275,0.015243913577790754,0.017178283380398014,0.02471353706945599,0.07402017291833383,0.0026447032312375807,0.06296884044695523
SRR9000080,0.046559077107679016,0.006584713914959115,0.031961479545383205,0.004221760265717779,0.006723389653116881,0.015548592022260343,0.00813001416513993,0.015530368261690172,0.002686836064523531,0.011562680061110582,0.03163895146029295,0.004906043178358395,0.0017576507174901447,0.004472580865252632,0.0764957029608297,0.011098991950691302,0.007386468206356642,0.013274619855584683,0.034204460482931326,0.018561467129286212,0.018558617871177213,0.15370910346571998,0.0016338637139698964,0.018108295855552008,0.05246926495098469,0.0010286585149942137,0.00588788963545254,0.005392403754243811,0.006837472934066972,0.010539502867616625,0.01102540046837585,0.0014777908091398106,0.003433487359937159,0.012510675361731106,0.026538840141994802,0.0009382062201563108,0.050795133627538985,0.09282386844178564,0.005496845933962425,0.01218345539663185,0.007484328600455443,0.007702969911222856,0.052670298098180274,0.0024801707133728164,0.0018818489546969103,0.003799018360922834,0.005014421836150659,0.04257070753686974,0.0225242527010497,0.009177358093392365
SRR9000081,0.008037708851149765,0.021600732107300104,0.04714975945442594,0.015190402338059475,0.008094997989002648,0.013371391191887029,0.03493644787996656,0.0036649900527051665,0.03325103268954782,0.007087711526700224,0.013999558365516519,0.02438396600669028,0.03290973825740105,0.008585772720701167,0.10650649956479948,0.024661942885179058,0.07950478428790009,0.0015918226988466998,0.04124201969957213,0.010816447784577491,0.006615719399234908,0.00811989396195008,0.00045665118268833286,0.0019466620564126003,0.012080954731022457,0.0008398614496990199,0.007978949609849753,0.016631736511825403,0.013972179572608387,0.0008481483094207509,0.001511572823923318,0.013225677075523032,0.0009423362322809572,0.020330023090398962,0.003098897824141267,0.19714832239221367,0.010560745152434934,0.025676754923470192,0.014100833379150733,0.004932129905993581,0.005754322965827463,0.0063554520899662325,0.02595698689421191,0.003389125346858116,0.013397655365706989,0.0021534274486842355,0.004049965909905311,0.020672335421310733,0.01030632425942314,0.010358628361934834
SRR9000082,0.003728545416502031,0.02272757581848819,0.00553333889699958,0.045836952247306495,0.00495073831451082,0.004217402115438405,0.004406182036892613,0.003962888041906046,0.0009712046461605476,0.009609902038475107,0.0010937667147261506,0.0031582683307286013,0.00574315595649301,0.007990007358573317,0.01049836902199535,0.07666083944168588,0.009796327326953848,0.004708109781388295,0.00596323917567264,0.015189977297286335,0.0017709507151816056,0.009736650201551024,0.0020324113912870115,0.015338632103431933,0.0024964825488917614,0.019624615197520314,0.006152877431355397,0.012933136061803073,0.09287853150805338,0.007986214258133208,0.029578264779890923,0.0019792593794248046,0.003074989901436544,0.001813453006971896,0.005019796487014673,0.05931296897882291,0.0074103880278693895,0.01448836371961699,0.3475181135805202,0.012567658135407785,0.01576710969311363,0.001248518043860446,0.003789197141147947,0.0029587101937476566,0.028782258060164122,0.005235920498615983,0.011054526342700181,0.01708915527764178,0.005529232225640451,0.00808482513099991
SRR9000083,0.022777114143310892,0.002787176959780157,0.009975885826527479,0.09608721741805559,0.0022817344276122916,0.0027142510285136302,0.000508125976193222,0.014497215766272343,0.024215047895027483,0.026600826647699645,0.0024281968968762322,0.010205426929349127,0.02581142182503276,0.001331284174864133,0.07504991120156694,0.12516002611354046,0.003532882051887643,0.024203952489040687,0.020291478454983757,0.006245000824074054,0.004215068524252304,0.0031250661208047934,0.02422193557073577,0.0034968938552094385,0.005662418825385923,0.00372853665240797,0.005465119630416753,0.009250625114862507,0.09338817315512617,0.009708273683027086,0.06311390853449048,0.0076013318275554185,0.0009473437458146667,0.025553968273564383,0.0039129373353904255,0.005718781300735472,0.005811283487491321,0.007088342878381314,0.001890750961274317,0.012431884103531243,0.06796880990473163,0.012162250943612346,0.04992808423347564,0.01072617558475472,0.01213265293104961,0.026885386534100723,0.01763227068349581,0.002388798085394977,0.005509947603581679,0.001628802865136563
SRR9000084,0.002687374490966099,0.015723403321062073,0.002727104966265451,0.03562936519274327,0.031166712585935032,0.003920671603176445,0.03533705031590095,0.03851746643498437,0.002681088920135554,0.006387039744994382,0.004034667537001455,0.06800475854997534,0.009639254525414118,0.009290255762261435,0.0052624452297832264,0.019049097493044558,0.006727463755346462,0.026886587330901192,0.025220510759748394,0.014860566254437137,0.07292191458057058,0.014059035542919951,0.02042058889889824,0.00857063224558402,0.002710254657913964,0.1628426352406348,0.013483898856657708,0.013714836321640814,0.0037638918484209135,0.0025936063733239473,0.02687767906991872,0.0005817885684862268,0.016899326142762208,0.011404362500577274,0.00684394886307966,0.052349100110390984,0.002733519408701548,0.00896738742963137,0.0014575136186848582,0.03361379571817551,0.06850858170777883,0.0034194193957099604,0.00560159050224282,0.01578315881356619,0.048496590462214044,0.002325850786089994,0.0032707426377348,0.0021392041027013925,0.00393092043218962,0.0059613403887223484
SRR9000085,0.0017744512095686136,0.0026759267962293116,0.018760457785704267,0.09052116795174948,0.005036051877666184,0.023743381360075914,0.0005394883450992078,0.004094985082817165,0.05306157022400114,0.0011856026021237758,0.03152639051891809,0.01029662924839442,0.001603992364595936,0.04404232632553448,0.006155462033714098,0.005451607776348604,0.02370466951758691,0.03776616182617009,0.003934606236076024,0.0069702758655998155,0.05013765288761712,0.003859682655087129,0.0057903199216401535,0.01068412241871609,0.04132894954150106,0.010544287839683595,0.007674649475508972,0.0009969722721397778,0.02055523455803461,0.0028912321066086027,0.008337520994499067,0.01725920366874496,0.010525541302972508,0.00219632233779853,0.0014148692713705211,0.02173728511472723,0.0014924601208574084,0.0021967548386622017,0.149533627878495,0.0024652198461232243,0.02891945251325959,0.022421287775564087,0.010859307977925383,0.002634619103221747,0.01733644522239449,0.02717345236862123,0.07882603714733763,0.03657075264246817,0.023726884717310305,0.0070646465331361446
SRR9000086,0.14722406037465333,0.00555414314871924,0.009812631082942396,0.004475028735797768,0.006263938408823455,0.030947814734187933,0.022717728716103662,0.0008697641367598441,0.006773897906746276,0.11417974447148599,0.0511925171275601,0.00724852826961198,0.0024347594929342723,0.016617054643414026,0.007729658386048022,0.009454027889331909,0.005924649437630589,0.03534172899106535,0.013598519405052129,0.053581721972517954,0.007990746275144692,0.06440585165950317,0.001800547817991694,0.0025496442669069334,0.024721242787789463,0.09125066060814051,0.01133019684233183,0.015658131533697425,0.011451171910176567,0.0011351017504707284,0.01880085854865991,0.006309631689721404,0.002777813170382469,0.024909537648439666,0.0026175118681308735,0.004562694036719423,0.016637939302076427,0.003160511335682625,0.004702390388122428,0.0104831207169754,0.009649571667232622,0.003092170813790386,0.017402972012625934,0.008181652774509534,0.04023618396899029,0.0034302284024400605,0.006243468412341082,0.002379104945966179,0.008479636918830932,0.021707788594823196
SRR9000087,0.02996131027086671,0.014410077212244734,0.008909381285895386,0.06900483051249255,0.020206285363282186,0.012030186859831085,0.008750554347216437,0.03607457766353186,0.003464531190299953,0.11039224844819943,0.009274558568632064,0.035275004942215804,0.004344705200806094,0.0011892323663382463,0.005935395713511714,0.004042249709379527,0.020977686691950697,0.0008672153850688586,0.0009390864060110962,0.08153820187024433,0.04816809593183997,0.040632251288663344,0.011423481505029075,0.0025248747598730797,0.0025051435886306304,0.002623952902915447,0.0981481394539888,0.018580954145396112,0.007335903481925826,0.0726646287733677,0.004532377110101542,0.004749766417494905,0.008782068145517772,0.004733562721835711,0.017693841859411547,0.007136861496020787,0.0026248939706078733,0.0009689139374201126,0.00543129279055573,0.02930203962312217,0.014540652582558107,0.001724193402084853,0.02530053767933966,0.006061756738697518,0.012117431622014247,0.002841901564719051,0.033013167660766264,0.018811443114955872,0.006707586252742498,0.010730965470385039
SRR9000088,0.000293221039116643,0.004221305908947749,0.0028856636855444043,0.07155157950518869,0.003626467512035048,0.029290356469366837,0.014469676758200493,0.029987694572866527,0.01459513056900616,0.0056796013803412536,0.0016405768868212908,0.00426418709208199,0.005256248743708471,0.026338474190299874,0.008815029593109733,0.004514058183929266,0.001712359305346537,0.07919821635567453,0.004629215862949848,0.002880109957717364,0.015312069319961584,0.002671592164804083,0.06912420542215876,0.0023815350394137983,0.037808455389371734,0.006811653011205884,0.006507533481779751,0.08929636171658091,0.005317604257982637,0.0037651716880507348,0.043847841270516684,0.011377722466181552,0.027989141068602057,0.006278387584018932,0.0019374255488678036,0.007738613615816595,0.007901317463124636,0.0033525551181484616,0.009855986876816132,0.020027768270147364,0.004381771960599758,0.1173970000061261,0.011480535148931104,0.008773135166406303,0.023573337532497525,0.010540906761159135,0.004049028513970111,0.005061451005843768,0.10495765845041154,0.014633061108251756
SRR9000089,0.003765728991775839,0.005746985102242893,0.007195715508003259,0.10732152383009808,0.0012342538523648623,0.041227954318592115,0.01090454800341741,0.026000954405545274,0.008820308708405084,0.040061808901824814,0.003433692348088316,0.007665375310712566,0.04425903404397343,0.004654146079559718,0.007505372532290119,0.01728399935041733,0.013473022626364869,0.007316974616248332,0.012656832472883524,0.016627226856408578,0.00279979799265087,0.006303188016071133,0.0040447849395240255,0.005640775209543655,0.010002572365570239,0.0587237605082075,0.005028516798700057,0.010299339490538718,0.0043982642229794715,0.16385453977123726,0.002765859379493063,0.002499803510266616,0.03126436137799524,0.0034488888759690753,0.008643620338570612,0.01285700234034996,0.012642405674240012,0.028797487446132645,0.007521780633646578,0.005025737313800277,0.004993636080018608,0.001173108443783305,0.0028909212320755,0.06489003098833512,0.004967389486732664,0.004601327418953425,0.018188571104230604,0.00612970399571425,0.10059776685143508,0.01784960033401805
SRR9000090,0.13604931297239328,0.01248464599670763,0.010219572441768932,0.051991096049424715,0.0807222593286692,0.025059683632538205,0.0041933585803439295,0.00903983682951461,0.07500944373906158,0.0006497572834235257,0.005517398664820605,0.0016212317016266425,0.0023169482166957665,0.0017292788559951611,0.005075872098159215,0.019608150957794182,0.0032257100591392574,0.07997800341393872,0.008593361962951747,0.001903479971319086,0.08317827116444321,0.0029140594520283,0.0017644287339029722,0.03455910220787044,0.020617568347801405,0.003114123607106709,0.003927920710653615,0.010819250152980023,0.04476645433565485,0.007822624035739505,0.0007492496006187476,0.07506560387743469,0.020775130735585713,0.023476925813629253,0.004095192748003666,0.00543123520618186,0.005722658714779724,0.012420284504255884,0.005376012317792961,0.0018691936511207612,0.04024824548752214,0.0023088713765928633,0.003359660972960099,0.004671149205688501,0.003016957345061756,0.02281091901740435,0.004534590357467059,0.007624910327610878,0.002278080278901473,0.005692922956920598
SRR9000091,0.0030989315686929552,0.0026560889486943275,0.0024366405408439936,0.011404627255567559,0.01527003257708155,0.01932417450029709,0.06982671381217243,0.1394746206558663,0.0036596300852273244,0.003279378585920177,0.11745832782343808,0.02128619718658428,0.0032038961838492894,0.003532858356356852,0.0014967490902083184,0.008678112922621961,0.08388159568381712,0.010351049549892587,0.003414849770883069,0.009607925102359676,0.028176055382497026,0.010056630465859886,0.0035795106631421225,0.0029306136167373126,0.026186342997517664,0.007225635358123199,0.0014505429084169573,0.0015731492226960188,0.007221875465345914,0.004654014912207714,0.1398918334259915,0.04376616746594201,0.003170049940677858,0.01091155443107573,0.005502065453290457,0.0026366216433496253,0.013927051746697552,0.016464139742094576,0.015221025655010136,0.0009371895814699833,0.0007676449090249297,0.00408472528323179,0.003881263791914345,0.0468654256716807,0.00730653246959565,0.036110478404157154,0.010976684331461588,0.008008468255856315,0.0018076201329192492,0.0013666864716400003
SRR9000092,0.015541405364266014,0.003380132566563583,0.15314844429799276,0.012128594991701002,0.0029512859017732473,0.019498886922551143,0.003946079960485243,0.00790401949516508,0.017378644761937446,0.002183394836467871,0.006382781723135086,0.0031184168587320895,0.0022236458719619725,0.017432086060676203,0.014891717010171664,0.020333802631084,0.01206642220885267,0.10692841448916499,0.0010691044705771692,0.004060998981175983,0.03437907023287748,0.010320043423086265,0.00408378570075854,0.04287792094887915,0.011908976147190239,0.012512778342189947,0.040731003149928766,0.001984381056254776,0.005628066316824012,0.1387758948284707,0.003017429884912121,0.00657101768261208,0.006819466194443445,0.012826054505136986,0.007813501429062926,0.06991640788561898,0.0017526318506881665,0.003267561816664,0.004946906434316358,0.009514746857012982,0.044634210722943546,0.019489536882727903,0.009470815794404458,0.006500444590075714,0.0027307375887052183,0.0042596759105455574,0.008568593846983667,0.0044649455785414046,0.0340524725909508,0.009612642402758628
SRR9000093,0.013074739575587031,0.00957001001049418,0.009553765015567768,0.02866704861603896,0.06010743057177273,0.04387315058723938,0.00249622799564907,0.008336568996289054,0.04669981151840368,0.0039866282493837045,0.007453605894101034,0.003516148228138864,0.0012728629737677718,0.03507682773072309,0.03982402812511036,0.0006746697652334919,0.005653654271907262,0.05890254066439451,0.017965866326846023,0.005135894966167282,0.04514998658120893,0.007349807326386652,0.018514684136564354,0.020573768318105704,0.002141252865601435,0.010042475435356307,0.008869481732411992,0.00840347886873219,0.0014060148585096142,0.0035018978560442202,0.002137363372512793,0.01766015865265995,0.0009130475223010429,0.001197617370510738,0.0028439656750489893,0.07826043303531248,0.0021239261429777004,0.0506061968383069,0.10063168502681497,0.03647879390488622,0.046947533294480835,0.0037327486548479807,0.0027331915298922536,0.0020392636049047664,0.002397975868856013,0.005366681745004584,0.0019589215916515786,0.04185183005822537,0.005340440989869567,0.06698389705919872
SRR9000094,0.0010239393008781392,0.011487877643483557,0.04520011659143268,0.09401587171156217,0.07076352370029244,0.004281106940794842,0.0036269752589323154,0.007709176219440448,0.020563757176770378,0.01646903203541613,0.0014995236610620864,0.004729901219034612,0.001222500227755096,0.0020419919334133483,0.012316559170784676,0.03701180252712749,0.04069610852848763,0.010462532169648164,0.0039553462819833796,0.051124045638776296,0.009813400416698054,0.022763433909832344,0.09804356632438078,0.008356401248839605,0.0041622609379018734,0.0015786354865949062,0.005353643485874272,0.00984931992635327,0.0027090943548832114,0.009590521642748803,0.0368376100634969,0.0008128353646971549,0.0058259192045625185,0.004616024881939608,0.00474222447939647,0.0035139293757498265,0.012860152076402245,0.043549436304002195,0.08466944942611804,0.004858225082498386,0.00944648646813739,0.006903845558335033,0.04404198744331328,0.014705614292004909,0.0010837476804926055,0.0011536562696239925,0.013308779521202052,0.053790995484867335,0.0021575260138388484,0.038699589338138295
SRR9000095,0.034102654047055786,0.0046879863534751865,0.0044786804962711636,0.005324141961871745,0.01170699900629699,0.005824665340251333,0.004676168885722524,0.13264561922528176,0.0017884557006880117,0.10791435045921968,0.008939256289183212,0.0020517525969512658,0.17967830944136018,0.004347863432080585,0.009286110608778377,0.003921038238486165,0.003168852906492946,0.08952335790128339,0.008305217520007832,0.011808466287175518,0.0012870999140446192,0.0030541894308368203,0.007499336318878408,0.004491560103491037,0.004977144606268687,0.013497306151305287,0.010454286442229208,0.010832361730875616,0.006374640518010118,0.004108870375823023,0.0007038630113466799,0.0074265261735538,0.04690358226163509,0.008582085548675605,0.06733554966150133,0.004626728358495271,0.0028228481722616873,0.022213517838834084,0.02693162509795093,0.012979321848999989,0.007133704053839139,0.015978354985872075,0.018517737697382228,0.02096461523789111,0.008125903760074465,0.005470504231016247,0.003432957141978042,0.01325315122369269,0.0030202828334009806,0.002820398571901976
SRR9000096,0.017173623491848995,0.0071955795575258255,0.0055768196507634486,0.01519662840525191,0.03895813638176598,0.002285347739928821,0.015787166447379486,0.10594598410309851,0.006190681713198057,0.0034000910269778805,0.056327672272006725,0.021471374260133597,0.02348816341738173,0.009237332963387584,0.009589045378043068,0.030530834561989878,0.0609230214521079,0.004068477957792108,0.05875849655325604,0.012889432690468666,0.01650670788717071,0.11771426420781105,0.00408272974843735,0.027990369725943196,0.00590501701855155,0.006401080648782825,0.003346059310108014,0.0049583309809219595,0.0016962953284111665,0.05887562553508805,0.0015597579639551108,0.013670222739217884,0.06846747496067217,0.0404991098823709,0.004788239830971959,0.004924503018643006,0.009855133583988703,0.003942803047975737,0.0016021130765427802,0.0007458526285254166,0.008952514482530677,0.0027866786567605217,0.003980897230264246,0.003000474661640134,0.001016151811297677,0.02280389896896415,0.0056612959062064035,0.01348604863394824,0.018144523898137817,0.01764191460185442
SRR9000097,0.04214082878658605,0.0049646968461661235,0.02275350669573867,0.01920352984649516,0.0013806556070318822,0.0199192933603156,0.002808926779100099,0.014993945400361398,0.04288488758305409,0.11994169668564242,0.05989332422447536,0.048918173111060545,0.12432043514466211,0.023275517354676027,0.0071719537569200085,0.013637641071343604,0.005176531024084819,0.01585946664104386,0.0029200257839363647,0.006867945043523775,0.023042754822521053,0.0010242879375455271,0.006045444464019879,0.02519939059826589,0.004179366784582792,0.11417164845954504,0.004171659362087262,0.002120717853943272,0.00223844039054819,0.003463869062257046,0.014801691266083238,0.014910840372732426,0.004114949339060778,0.0018337240139910105,0.008007464931864591,0.008157148437818729,0.003221706166948411,0.0028660823609973577,0.016534148346409934,0.023602426410499772,0.010460926373472625,0.02358319215186225,0.012206072965434245,0.006541231820224974,0.006142061845782597,0.015258314244641762,0.0063853188149233945,0.008998960852215953,0.0024207357807175933,0.025262443022784464
SRR9000098,0.006658536777989184,0.008009979980562453,0.0033356753177971126,0.033003154396477954,0.013300473862648378,0.029254409781263636,0.02974816826619618,0.007512520455892917,0.004680330535461205,0.02503416964183176,0.061639898671631374,0.0030275738909998325,0.012882646972385252,0.008380406397413857,0.0005420530894169767,0.04994117833441268,0.004699843731286998,0.0005914779261258862,0.010085308014565222,0.01209874831612351,0.011724884352526475,0.004665646324947582,0.0017717031783576215,0.0023938872366799386,0.0008113663525457694,0.006897075488580518,0.11834515367213731,0.100164095242107,0.00255636960847033,0.009539853952495179,0.0034925039715641504,0.018492643471764672,0.1002218956422939,0.021015171942822555,0.002793066049232963,0.01759902108676773,0.02480763948297171,0.007838622247448222,0.0029408002260566607,0.0024067283033207933,0.002888434665678738,0.09582393186601637,0.0021679094545306076,0.00440079038589594,0.003052249302089413,0.005579400982988128,0.040329833978798385,0.05172496713326661,0.007402845257618126,0.0017249547795442032
SRR9000099,0.0170055360714057,0.031178834845118807,0.0034411343059852295,0.03930742702441182,0.04255221222023926,0.002343682516059959,0.004086446585873921,0.03892643841853236,0.003914828448493942,0.011267835183171909,0.0036108379913153367,0.005829340018405084,0.06245525197191134,0.015648398961649476,0.002228482071483646,0.02460034742033999,0.002351585699414793,0.0027456795143015085,0.001737571806997801,0.0762745052699423,0.04013312180739798,0.022336146619228905,0.004436885326539336,0.01281211234198341,0.006067093159772701,0.02812922064342169,0.008880422424432053,0.025512410252685455,0.035533726139955056,0.011302632705662853,0.00473763587347473,0.005785077027058533,0.003403122651822117,0.002003366758682124,0.003329403038858119,0.02674578800477212,0.005018192617191237,0.13899004472668441,0.008712118583608399,0.020722168115814496,0.012459367678789307,0.020704651584153903,0.027490132226595285,0.002787110011464963,0.03404156690300493,0.011458614612517197,0.035674794949394885,0.03993368047123334,0.005788257705257824,0.003564758693488422
SRR9000100,0.002871154765032686,0.02960211114608519,0.020759422759380197,0.07695778463930468,0.020812164313661667,0.0020833394668001402,0.009408522524165897,0.027417480952950078,0.0065518603104801785,0.022012010397018514,0.005196466925185674,0.009660607732296284,0.010479084675128819,0.02219963927430749,0.0005045063959931259,0.04541050838058463,0.009389571563164707,0.032466506769396504,0.06977004943852329,0.005663725740294846,0.06296454138246402,0.01417008682347046,0.005197839992203008,0.0028634074462379443,0.020835701729607917,0.12147940788324563,0.0023870023972801433,0.005254844969877438,0.004313919445222271,0.06833567742605084,0.014919081778376813,0.010631806417020167,0.004553981234587304,0.011340704648043392,0.018381073352002376,0.00868462010835931,0.004777262451096368,0.03124364874821243,0.008957913570804894,0.03271456397893809,0.04297220275776314,0.006292113289201092,0.0007704372480522789,0.0028837111600056213,0.005042080700778593,0.006008526912827665,0.006268499935890443,0.023749562276037216,0.009122931032193821,0.013666330734394706
SRR9000101,0.004291215722900946,0.007662166376361549,0.017697186610430404,0.12644464219205656,0.07761958770962003,0.006195993180502854,0.027973296612547858,0.03588895999940897,0.006764056780072861,0.007944149538477111,0.005807621566322242,0.00663116135269568,0.02745722751238785,0.0044122821970213,0.008588987898585298,0.014392203712403635,0.011540644518097283,0.05195113459175839,0.008542471048993487,0.0051202961096958955,0.0054642645678969455,0.0013092569192585419,0.023837463360378446,0.07117532323098794,0.016471691161748753,0.0037992509122511137,0.0048345000444437805,0.02272301425946116,0.0007230165555504563,0.023485536866330915,0.0063694446612734155,0.0003610380128142086,0.0020360454155726503,0.006794135332035654,0.0006952569100683423,0.0028078467678992335,0.0015474475433203635,0.010872834122574533,0.023264336935538723,0.0006646287054979892,0.041226013920387966,0.00445207672380441,0.011174478108738034,0.2291136751503868,0.0027168251311820756,0.0021842817653352515,0.004379288213230978,0.0018920146281802335,0.0022096369760422844,0.008490091867468364
SRR9000102,0.005179452898801892,0.0011238722975059564,0.002831472493488059,0.006792757481977096,0.0006845769641884358,0.0035187227966033694,0.003831805522529423,0.003936699188750878,0.03515022924626226,0.08064244166484462,0.0109813393929285,0.004507110046491106,0.09725192383069582,0.03316286786559721,0.018514164733432148,0.08851885014487111,0.027684174922627494,0.007650197421337107,0.06682525656330228,0.0016287285685978332,0.05549271049616639,0.023444130811918398,0.005336048249044574,0.004617606815572921,0.0026077550121062507,0.005833703971541536,0.006828445308033561,0.004539532167445796,0.0025321058041709345,0.022440912988860817,0.010958647294919896,0.014965822834858169,0.008119734233583264,0.01892514398121418,0.07931704821875514,0.011145466403445855,0.004124322735468015,0.050571971428193384,0.013172296801119171,0.01039270021750685,0.0019977203059470144,0.005661138574003556,0.0055279691906549334,0.04800341857668754,0.00765147755207352,0.03954110232893121,0.004662068956981022,0.007563643856637081,0.004109811989995549,0.0194988988493307
SRR9000103,0.10450976083458903,0.0018457567130432816,0.001585611267692895,0.030162436904068685,0.03770059548450536,0.00270676947839993,0.003243165522291394,0.045062068477347894,0.003214249222123734,0.002655935593034197,0.0031456180545895982,0.0010204222885321747,0.0027446625649767886,0.008692714630417316,0.03251008499994707,0.03244508277991708,0.01821269170123097,0.0024099268322485866,0.01748102384460518,0.00917327315124194,0.008004925184839652,0.036225916041163354,0.05234877437797373,0.07075324716854277,0.0010288198765184414,0.011076643538872213,0.004763394760784835,0.0789488579580762,0.017658087128045768,0.0323095037183398,0.004235303922692873,0.0028648916595690765,0.02164720565755995,0.008190526382735434,0.0007730992889821924,0.01935948873919214,0.00873922638424131,0.034085758273508175,0.0016344705198090988,0.0038399939808769134,0.0029915872661481504,0.008828960617929671,0.006746826318248302,0.003940378153736046,0.02213522925793788,0.0004478264126983951,0.004985488402021622,0.007965625645419389,0.005560136902166553,0.157387956116567
SRR9000104,0.029639365669079192,0.004626581050228684,0.008302679301241086,0.023652588793846362,0.005746778018879472,0.008766931648113294,0.03233034402905209,0.02877767034698747,0.03770250268709966,0.009142211579111596,0.10883456636275432,0.005234511969579456,0.0024368652483241597,0.011416790419317265,0.03854768723851421,0.06366749243573859,0.007115295010486339,0.0038899182779960515,0.01850086459928645,0.010417167261609423,0.008956759134640727,0.035503353461658345,0.06431807103763498,0.012313498474685198,0.005226436123923302,0.0020239019198010906,0.059243500817489525,0.0014165260349437217,0.012963344914121072,0.008245225275589897,0.02089081068337949,0.011015344673911697,0.027533128109568768,0.031098768934212966,0.06134018526835402,0.0423000886656778,0.0019142584361619634,0.0050356308335131345,0.01166501279475789,0.02252305606692731,0.0020663650951286703,0.048301338261647654,0.003430703493702825,0.003679443653356086,0.0028901751891233225,0.015408171395991556,0.008690908499928223,0.002471980363750811,0.002172668736809735,0.006612531702363271
SRR9000105,0.0083991305810464,0.02261868814318274,0.004342276942400512,0.13089476998477653,0.03014237414174673,0.031131743184406018,0.005143730237672288,0.0011153508605513374,0.0030204055956118596,0.00841124337514055,0.056692329114099056,0.008567008839648404,0.0016193731197288858,0.004247847706163193,0.007156195355706906,0.017019310406317992,0.06646563371336144,0.0055089084275896,0.002922336775964691,0.060580349219448375,0.02148377599409396,0.06519818123695753,0.0019556208312258667,0.0008485753100923871,0.0451911526285075,0.042997838128202244,0.0257784358789225,0.007336779832098811,0.0054895268230150465,0.0013422777040350683,0.0016374036555730103,0.007403344972549708,0.0040572633535538895,0.0068122872079600435,0.012702955519782143,0.007030925251529228,0.0622067940108559,0.004921772876131713,0.0016193848739422963,0.03498229037617811,0.006089848269507945,0.03262696669909941,0.0041122142948407815,0.004453795434270298,0.04653096502083402,0.039152835457274264,0.00390744588792582,0.01611848192355948,0.0031698120381152954,0.006842042784802092
SRR9000106,0.01563766379558349,0.0015782418598180282,0.014006793471157367,0.02769011310122635,0.15718429495644007,0.1042951844283876,0.0023834873900128945,0.012929662863583153,0.017866137733221273,0.008690494569298499,0.007349627806554719,0.011990616739813904,0.0064186830484174355,0.007795257678017274,0.005202578443619794,0.02700066924359209,0.012784360964106546,0.009279519157616859,0.03422806786929063,0.02155070807246511,0.014479953435002971,0.0021315586895334923,0.004726737116173871,0.007446138721308518,0.03427138744565803,0.006624154922611432,0.011355398360493183,0.057607575781119365,0.02799151204739486,0.005433184455768366,0.006517173131688235,0.010856263516794305,0.0034047740505903953,0.0049634225216930615,0.019906598261547195,0.0051996968087153215,0.0016735987023381949,0.005611587892512172,0.027506695495702334,0.0008616355032703642,0.03710983069594729,0.010128402378814702,0.007528206492594006,0.00660645204194957,0.11569262517525448,0.0177420602125931,0.00422403377950557,0.019694008097970957,0.0123814272004251,0.004461743872806375
SRR9000107,0.0029854939724737466,0.001864365413924633,0.023415687556705467,0.035387269465940174,0.005478724560764411,0.005367410470684114,0.02515081266756598,0.003978161441611421,0.03270510313882201,0.023932909354407776,0.023375172303858393,0.08324022602753134,0.008304936815004023,0.10304270476005412,0.0023708718056109955,0.004063916397602707,0.012554494942929574,0.002254083109973586,0.031597480447909713,0.0048485183897840406,0.025428140301265664,0.00045101390364524685,0.003146720439305719,0.005187283092212822,0.01289636302951947,0.010342039632156642,0.03176653475010664,0.012130830561737457,0.062023032470636945,0.013935834468372736,0.011437171390918606,0.0558824519896033,0.00488253785761157,0.005845493447314935,0.014571189684000504,0.0035413666563555365,0.001481047607722069,0.008935623193866359,0.019053472865337318,0.008809421910516124,0.027890155919720577,0.03420852189238869,0.01565535615086168,0.10755724071623436,0.0033623625201048826,0.03438845395762982,0.0025699289969275813,0.01838164479162459,0.007472288901820029,0.0008481338573238771
SRR9000108,0.005103809382662802,0.008769543978234104,0.0007927773099534496,0.23020876899350515,0.044676899715366786,0.01282910253285179,0.0009202887341916361,0.0020103992945721717,0.0013252588481763897,0.0017353143232988575,0.00599842678345171,0.011377614921407214,0.013607164735939297,0.003340235958893622,0.012233521266125069,0.02242921871844911,0.04593572528956201,0.0013827597271555314,0.020482385289760378,0.0011951818380183442,0.00983576011844175,0.04903008051974636,0.003614635997262088,0.01278683496754999,0.004330415285358832,0.0038387152682673406,0.0030948387711986942,0.0025442116153134926,0.0029483804915248026,0.0016847871006028005,0.0026575053597751638,0.08662801735384927,0.08451885255656236,0.006082294461595718,0.004876713454717611,0.014829386901024597,0.003656282071621636,0.002335041518568012,0.033254604877962717,0.013829195344908852,0.0036641996667317093,0.005988147805242414,0.015922077454025074,0.013422856277121274,0.004753078012509651,0.051620221364098585,0.002428216286767614,0.030997325423994485,0.06527094128659724,0.013201984745484563
SRR9000109,0.018266510288177724,0.005364441675672386,0.011899566769084744,0.01062780680913792,0.014459574877270894,0.05237028290460299,0.001660603853743754,0.07727580604504085,0.0014608763746389183,0.0020820757951609597,0.025006499392617204,0.02398153605080763,0.020401432322846115,0.019686376462490295,0.020161518427726746,0.020804773994333982,0.004226602649879399,0.00118955521149488,0.006376517488726478,0.006893280168007465,0.011580615381485004,0.0018002102504166362,0.012125397858080377,0.0027204090172448735,0.03741767210109026,0.12490831974949579,0.003283648584053029,0.0027191762993516865,0.031879521445294566,0.005623558746521642,0.007152826053287342,0.0026792347817593152,0.003726882339002115,0.004793763191898642,0.03875852897575992,0.0063748958803401526,0.016206784006739004,0.006880956421097095,0.012466164594095113,0.0328962708336325,0.0009301617476773275,0.07289105799454197,0.05136799383690245,0.007795792955149586,0.049353616269923746,0.0023222202590870936,0.05740063588542423,0.006125918668930572,0.0021403946951223784,0.039481733615134275
SRR9000110,0.001705750600435989,0.08097112530851192,0.0046620859768480806,0.026837309420699174,0.0070479039795727115,0.0032675744080633245,0.033210079784673004,0.033607735823509094,0.002339145811499811,0.004003596326486124,0.015467429910453804,0.029188658923357515,0.033568412781158796,0.027829541462665804,0.010125094159587116,0.04488128242478515,0.003552484245059184,0.005475400732378854,0.0012663993808066547,0.003053347446580264,0.01368794426225141,0.006258714046417185,0.012570901514893758,0.13642053072200386,0.08408947115234959,0.007592356394117192,0.021198591850328092,0.020741428232237322,0.0029919130741963137,0.019444444781372423,0.00687258663472269,0.06752503460939539,0.013576455734428486,0.0015805235154166403,0.022678356478264376,0.04592866364761589,0.0038272894585599975,0.0034915439337324804,0.0009978609071432196,0.027401293932762645,0.0287280933133204,0.0022965977736549036,0.003538556536973588,0.0029076006900790883,0.010526113395459155,0.007631934484943921,0.0046229015302455745,0.02274647362869297,0.022443239977698214,0.003622224879590848
SRR9000111,0.006025934698054083,0.004217189555959391,0.025319080274461867,0.01872307215143901,0.00984543250019294,0.0028755134714075546,0.044067937326801886,0.0010352387946672874,0.04078513714983539,0.0010212422354995165,0.004136881951251184,0.013864407253997284,0.0028146092206315066,0.03550125481554759,0.030436169166120967,0.08042095398814905,0.01113526031839597,0.07705674732903778,0.0015470719119994735,0.015927521729951936,0.0020614150441074382,0.0030826583798381204,0.05930635735705908,0.006814647601337758,0.0071615657996688285,0.030784483755453024,0.06876241339347171,0.020775333114954057,0.002269541733633081,0.018484867128277165,0.04057933468925662,0.017858099424694112,0.00440836160417791,0.010839053777919678,0.0014670688103788133,0.0009258060505269522,0.0699288223319465,0.03450811026014321,0.010685055409989992,0.018808443155238976,0.03499765723020985,0.016120307332770995,0.00324677773520135,0.011050978173130346,0.0038933263115580007,0.013101116562549269,0.003166610678930783,0.04219431260220458,0.013980164291455396,0.001980654416514815
SRR9000112,0.003793462492074925,0.03392732070348375,0.05691777345644866,0.072700329487233,0.0028499301718340154,0.022911745454129304,0.010400140513186275,0.012437060468352273,0.019240086389991477,0.042625301245511726,0.0031275517033356828,0.00798516673314104,0.00754482507106364,0.003126527779640125,0.0018793206420369439,0.16290510350256432,0.0030557677189295396,0.012921714447341014,0.02677773190730615,0.0054361760418076294,0.012425821512001656,0.05358214524065575,0.00489694888072006,0.0032917003660878474,0.00591279005387151,0.0017647203267708612,0.005611853670193603,0.008475199183696392,0.028255953463903208,0.008075199907645866,0.0019856952538595263,0.06651062914486358,0.00562517456460135,0.002179876598338918,0.011520840991959002,0.009340209881845913,0.0024250726623473917,0.01959695418654789,0.01975507484429374,0.0011757736508219287,0.006338377576685291,0.0011119402780083681,0.005082878246873818,0.07319974991428375,0.07026825731369558,0.015131597053208433,0.026042697327599684,0.0009629100592421995,0.00788779656446025,0.009003125351505195
SRR9000113,0.04002016334349452,0.03897686552011534,0.001879849920146763,0.024181516019941274,0.022508224607789094,0.07675087047047906,0.007693074130929552,0.0030494520857769275,0.003593464779748417,0.00028210948214026576,0.010581456577549173,0.01606050838925334,0.005858353735371728,0.0022738112932831375,0.02236234349691701,0.011606296886010208,0.007766918567554292,0.003038805743548105,0.02359342554444301,0.01564465659856147,0.018891554409160582,0.0029486543609959313,0.038024052636448355,0.01830037897378255,0.002911861642729513,0.023618603532023722,0.007598102679017833,0.011975358283636611,0.04505790329442951,0.010428304853341206,0.16043449047967026,0.030072822509155047,0.004880177159240325,0.047770419096559394,0.005776122287524129,0.02815265938976158,0.009797019639185566,0.002821617407769965,0.02106820530597919,0.01552215086242896,0.002717825731715651,0.0009666129679295379,0.0011167008386257734,0.005735541695167855,0.014121141037282039,0.011463239658781573,0.0023730796927639987,0.05459782053019124,0.005509348797999097,0.05762606305365028
SRR9000114,0.008333569129787373,0.030326000167756714,0.10301419723460999,0.013859541760790186,0.002130618843736012,0.0032524261887701064,0.046685335751850125,0.01565595254817678,0.006414523526526581,0.0016302854076302895,0.012766099058413303,0.0010158686856507793,0.0013403064615192788,0.006218773910798491,0.005374148041696296,0.013330948414099875,0.0038067211680970223,0.08734330092791705,0.013543636272963958,0.0038505469077105858,0.06130297216802938,0.08891099622010432,0.019490615137188288,0.004292726931462727,0.0028845171929139414,0.00715765947471905,0.09105480097605098,0.015782888520590753,0.0033577341818292823,0.009568512296139593,0.005496974802390327,0.07952875796454387,0.021014214118927572,0.003579812714901012,0.0037818658763467627,0.0031763677232356734,0.015561592042682891,0.015423693116409825,0.003518334232938808,0.001238722686525517,0.08353466000362772,0.0008462534554974872,0.0026681514742837283,0.007363514251107983,0.01698016594696807,0.006418294574582212,0.004280727617061699,0.03796225259425287,0.0033776249745232716,0.0005517963216634616
SRR9000115,0.005343443201212126,0.008183702428610306,0.006661573234346439,0.04953957194232324,0.013660496987628189,0.0009232399166397873,0.06494475417099385,0.0021107546282210276,0.01392778301662731,0.005333437231086063,0.02122403532254326,0.004140907949243383,0.00028512214430341987,0.032864979831221657,0.00249961585808635,0.011227207435298474,0.0017867111378618787,0.027265665981204057,0.011846248948304751,0.042279911723353235,0.1268371141044235,0.1204610744661113,0.01893144933519474,0.007036527436502865,0.004223496340363761,0.022210057042024608,0.002028719396147113,0.008605807289673048,0.0026575483258298805,0.004140985047580928,0.04723535884527486,0.0011912104919107967,0.001899074692588657,0.018758623536902778,0.036333707975476685,0.06322951616000935,0.004752543569254405,0.018832373868741564,0.008098277548371472,0.005928265842990112,0.00012963619840194223,0.0007184479332891068,0.0022689645345784,0.034590608334048666,0.018925408047246406,0.009054895814601813,0.002588382115436235,0.050840520505253284,0.0057921857676937905,0.025650056344969068
SRR9000116,0.004577485720977431,0.008224395339175388,0.004181005361962286,0.00904633338656292,0.0841806172989228,0.0032892672270916972,0.07855400337404296,0.034941443289102085,0.002533108093543079,0.029069721836703314,0.05268016450295263,0.006117646121330185,0.003374714529622448,0.0011576094650200153,0.009313949462510171,0.0015587646401560463,0.04952019875887371,0.004420702242820728,0.0008321046030037878,0.004848169877886024,0.024725034874556896,0.006420496094758213,0.012766533653771452,0.014180768453934314,0.00389437066841163,0.00403426379345244,0.02599170754113742,0.008624032056607993,0.013381304963172852,0.019557009926649677,0.00963688107822282,0.005069065859201252,0.04980291351524527,0.08097560586369464,0.01595779245412965,0.00688866519828932,0.00735573979988705,0.02491074332796107,0.050475809854072975,0.006422123253653656,0.022036737372924903,0.013686458118848804,0.12834924321475075,0.008893349093543088,0.023144892542330944,0.0042590901968537365,0.007266308456373368,0.0019813300645085,0.005961872913394959,0.0009284506634005076
SRR9000117,0.006782972704212866,0.0012345239420766703,0.03016293468034548,0.05693057831466836,0.0038745151001020875,0.008665299068169503,0.03981799155825538,0.019674371608715737,0.003512621002669112,0.010752054540278045,0.0008053502075578702,0.0004120933968214519,0.005971720041802303,0.06998017363543722,0.008950713791598388,0.044834332730689416,0.017665340183546697,0.04368164044488854,0.003589140620214488,0.008625888442632682,0.00405253222795611,0.009850178301514094,0.00227860028296984,0.0046973629255010335,0.004565481297701832,0.1288789314690382,0.04649158646509927,0.0015245077771264568,0.007381488226088615,0.002552605873528577,0.02776947783082411,0.009699427139139056,0.014237889801482119,0.0033720433562888447,0.01611939940416489,0.04678447559786625,0.008650226877516242,0.013235739429184516,0.022757215272301606,0.006064934953812519,0.004542375694751763,0.007448285314983973,0.004101757793803705,0.030955794717384733,0.08263550011457199,0.002278381785505757,0.0350461471566669,0.00941121611354909,0.0062418924969244215,0.050450288288071105
SRR9000118,0.053527468214715,0.024273401431698434,0.05672417410202041,0.01223737215626522,0.002934657578220961,0.005670627191042236,0.04810332131291161,0.00956848108227433,0.021834232754811455,0.0038511249622676714,0.011931726673729168,0.009201363470928547,0.0030946011893725834,0.0021202099816695287,0.006991205254288114,0.025567309999411144,0.004029972908336299,0.009253055714961262,0.004069456261282849,0.003039704126540654,0.06462920625020294,0.016351415674031637,0.009792652335534092,0.054524837560322545,0.003891283662019511,0.0024172774496187184,0.0035221736678079205,0.015490766906970654,0.07127880855829612,0.011207679944332662,0.021121080390060214,0.0021977432266153184,0.07710022404629167,0.01686943431332459,0.006907041234584737,0.0035627445089009492,0.0012900824548189214,0.18295456646495267,0.03966495001289993,0.005024169614770859,0.0031617518665283577,0.0010071313328234536,0.005158347662122416,0.0014432361433869988,0.016097437316981062,0.018785794222538243,0.0034509693219888374,0.0058471182985698955,0.015489989133847588,0.001736620058108976
SRR9000119,0.01214969203304958,0.0036092250330127,0.004396988066725144,0.00984535580606509,0.00349968549398106,0.004162622970897361,0.009681922751833102,0.08215153335935403,0.0036612952373859813,0.13568355598764326,0.018673680377488,0.005845392837612176,0.08577416114335842,0.032329846169439645,0.0038765681397991943,0.009700112686721822,0.001670736814727856,0.03471846548525806,0.0021441135151145456,0.0017240665958217637,0.01101296340524606,0.03793481439427853,0.000771154025186817,0.0031981120980446175,0.006017891451768255,0.004803728742927939,0.002586329350425207,0.017834526143376345,0.0023725653660838404,0.011400180145695195,0.014929480828288304,0.004501949620485599,0.004848755335400156,0.007582258791152125,0.0036964302689613733,0.06222653554614379,0.1388271403130881,0.07225678636131731,0.0028633438235820268,0.02414009470151809,0.0011853662167370263,0.023786594054420428,0.016598934373761594,0.00300422386090995,0.00911271433119034,0.005847127101398225,0.025666975198783016,0.007561333739994498,0.003052318408837193,0.005080351495708933
